DRUG_CHART_ID,PERSON_ID,DOSAGE_DATE,NAME_DRUG,DOSAGE,ADMISSION_ID,WARD_ID,FLAG,REQUEST_DETAIL_ID,CREATED_BY,CREATED_DATE,UPDATED_BY,UPDATED_DATE
70962,1,,Tab - Tab. Paracetamol 500mg x 1000,,38,,,87,4607,5-Oct-23,,
70964,36,,Syr - Artemether/ Lumefantrine (Lonart),,46,,,135,4625,7-Oct-23,,
70968,91,,Tab - Neurovite Forte,,158,,,301,4955,12-Oct-23,,
70969,91,,Tab - Neurovite Forte,,158,,,,4955,12-Oct-23,,
70976,91,,Tab -  Diazepam 5mg,,158,,,299,4724,13-Oct-23,,
70981,144,,Inj -  Diazepam 10mg,,199,,,555,4724,13-Oct-23,4724,13-Oct-23
70982,144,,Tab - Tab. Paracetamol 500mg x 1000,,199,,,624,4978,14-Oct-23,4978,14-Oct-23
70984,178,,Tab - Neuro-vit Forte,,240,,,704,4960,14-Oct-23,,
70993,186,,Tab - Haloperidol 5mg,,259,,,753,4956,16-Oct-23,4955,18-Oct-23
71006,184,,Tab - Trifluoperaxine 5mg,,263,,,742,4956,16-Oct-23,,
71007,178,,Inj - Diazepan 10mg,,264,,,994,4956,17-Oct-23,,
71008,90,,Tab - Zepidone 2mg,,166,,,749,4955,17-Oct-23,5012,17-Oct-23
71015,434,,Tab - Vitamin C 100mg,,572,,,1662,4956,21-Oct-23,5054,23-Oct-23
71017,316,,Tab - Risperidone (Zepidone) 2mg,,660,,,1444,4966,22-Oct-23,,
71019,262,,Tab - Ibuprofen 400mg,,360,,,1762,4955,23-Oct-23,4955,23-Oct-23
71020,262,,Tab - Vitamin C 100mg,,360,,,1761,4955,23-Oct-23,4955,23-Oct-23
71021,262,,Cap - Amplicillin/Cloxacin 500mg,,360,,,1760,4955,23-Oct-23,,
71022,262,,Tab -  Risperidone (Amidirex) 2mg,,360,,,1257,4955,23-Oct-23,,
71023,262,,Tab - Risperidone (Zepidone) 2mg,,360,,,1256,4955,23-Oct-23,4955,23-Oct-23
71030,497,,Tab -  Diazepam 5mg,,669,,,1926,4956,23-Oct-23,4956,23-Oct-23
71037,382,,Tab -  Diazepam 5mg,,794,,,1464,4958,25-Oct-23,,
71040,590,,Tab - Neuro-vit Forte,,869,,,2050,4955,26-Oct-23,,
71044,675,,Tab -  Zopiclone 7.5mg,,944,,,2382,4966,27-Oct-23,,
71049,137,,Tab -  Risperidone (Amidirex) 2mg,,908,,,2474,5063,28-Oct-23,,
71051,778,,Tab -  Diazepam 5mg,,1269,,,2546,4955,30-Oct-23,4955,30-Oct-23
71052,778,,Tab - Neuro-vit Forte,,1269,,,2545,4955,30-Oct-23,4955,30-Oct-23
71067,1093,,Inj - Tetanus Toxoid 0.5mg,,1463,,,3053,4933,1-Nov-23,,
71085,1194,,Tab -  Diazepam 5mg,,1615,,,3369,4966,3-Nov-23,4966,3-Nov-23
71086,1194,,Tab - Trifloperazine    5mg,,1615,,,3364,4966,3-Nov-23,4966,3-Nov-23
71088,1251,,Tab - Haloperidol 5mg,,1686,,,3376,4955,3-Nov-23,4955,3-Nov-23
71127,1630,,Tab -  Diazepam 5mg,,2255,,,4627,4955,10-Nov-23,,
71130,1644,,Tab -  Risperidone (Amidirex) 2mg,,2270,,,4688,4959,10-Nov-23,4959,10-Nov-23
71131,1770,,Tab - Neuro-vit Forte,,2445,,1,4816,4959,10-Nov-23,,
71132,1770,,Tab - Trifloperazine    5mg,,2445,,,4814,4959,10-Nov-23,4959,10-Nov-23
71138,1436,,Tab - Haloperidol 5mg,,2463,,,4869,4955,13-Nov-23,,
71152,518,,Tab - Tab. Ciprofloxacin 500,,1960,,,5083,4991,14-Nov-23,,
71153,518,,Tab - Vitamin C 100mg,,1960,,,5082,4991,14-Nov-23,,
71154,518,,Tab - .Metronidazole 400mg,,1960,,,5081,4991,14-Nov-23,,
71155,518,,Tab - Paracetamol 500mg,,1960,,,5080,4991,14-Nov-23,,
71166,1798,,Tab - Vitamin C 100mg,,2485,,,5409,4955,16-Nov-23,4955,16-Nov-23
71168,2011,,Tab - Risperidone (Zepidone) 2mg,,2791,,,5534,5198,16-Nov-23,,
71186,90,,Tab - Neuro-vit Forte,,166,,,4248,5013,19-Nov-23,,
71189,2127,,Tab - Risperidone (Zepidone) 2mg,,3019,,,5802,4958,19-Nov-23,,
71192,2063,,Tab - Carbamazepine 200mg    (Hovid) 200mg,,3162,,,5611,4959,20-Nov-23,,
71217,2063,,Tab -  Risperidone (Amidirex) 2mg,,3319,,,5608,4956,22-Nov-23,,
71219,2376,,Tab - Neuro-vit Forte,,3335,,,6615,4956,23-Nov-23,4960,26-Nov-23
71221,2389,,Tab - Neuro-vit Forte,,3353,,,6675,4955,24-Nov-23,,
71222,2389,,Tab - Benzhexol 5mg,,3353,,,6674,4955,24-Nov-23,4955,24-Nov-23
71235,2510,,Tab - Risperidone (Zepidone) 2mg,,3695,,,7226,4960,26-Nov-23,4960,26-Nov-23
71246,2607,,Tab -  Diazepam 5mg,,3975,,,7436,4955,29-Nov-23,,
71247,2597,,Tab - Tab. Ciprofloxacin 500,,3976,,,7805,4724,30-Nov-23,,
71250,2063,,Tab - Carbamazepine 200mg,,3319,,,7807,4724,30-Nov-23,,
71274,2833,,Inj -  Haloperidol 5mg,,4189,,,8266,4959,3-Dec-23,4959,3-Dec-23
71276,2833,,Tab -  Zopiclone 7.5mg,,4189,,,8182,4959,3-Dec-23,,
71278,2842,,Tab - Vitamin C 100mg,,4191,,,8270,4959,3-Dec-23,4959,3-Dec-23
71282,2842,,Tab - Paracetamol 500mg,,4191,,,8268,4959,3-Dec-23,,
71290,518,,Tab - Haloperidol 10mg,,1960,,,8655,5063,5-Dec-23,5063,7-Dec-23
71297,2597,,Tab - Ofloxacin 200mg,,4072,,,8676,4724,5-Dec-23,,
71313,3036,,Tab - Neuro-vit Forte,,4501,,,9053,4960,7-Dec-23,4960,7-Dec-23
71323,3058,,Inj -  Fluphenazine Decanote 25mg,,4562,,,9621,5063,9-Dec-23,,
71324,3058,,Tab - Benzhexol 5mg,,4562,,,9624,5063,9-Dec-23,,
71325,3058,,Tab -  Zopiclone 7.5mg,,4562,,,9623,5063,9-Dec-23,5063,9-Dec-23
71327,3192,,Tab -  Diazepam 5mg,,4771,,,9638,4742,9-Dec-23,4742,9-Dec-23
71328,3192,,Inj - Diazepan 10mg,,4771,,,9639,4742,9-Dec-23,,
71329,3192,,Inj -  Haloperidol 5mg,,4771,,,9640,4742,9-Dec-23,,
71330,2254,,Tab - Haloperidol 10mg,,3355,,,9636,4742,9-Dec-23,,
71340,2838,,Tab - Sodium Valporate (Eppilim) 200mg,,4180,,,9632,4960,9-Dec-23,,
71341,3223,,Tab - Amoxiciillin/clavulanate ( Fleming) 625mg,,4817,,1,9664,4960,10-Dec-23,,
71342,2975,,Tab - Paracetamol 500mg,,4554,,,9629,5299,10-Dec-23,,
71343,2975,,Susp - Gestid 100ml,,4554,,,9631,5299,10-Dec-23,5478,12-Mar-24
71360,2873,,Tab - Sodium Valporate (Eppilim) 200mg,,4454,,,10173,4730,12-Dec-23,,
71365,3343,,IVF - 5% Dextrose Saline 500mls,,4998,,1,10420,4959,12-Dec-23,4959,12-Dec-23
71377,1819,,Tab - Benzhexol 5mg,,2518,,,7032,4998,14-Dec-23,,
71379,1819,,Tab - Ibuprofen 400mg,,2518,,,10604,4998,14-Dec-23,,
71388,2842,,Tab -  Risperidone (Amidirex) 2mg,,4191,,1,10825,5063,15-Dec-23,5063,15-Dec-23
71391,1436,,Tab - Vitamin C 100mg,,2463,,,10563,5298,15-Dec-23,,
71392,1436,,Tab - Paracetamol 500mg,,2463,,,10561,5298,15-Dec-23,5298,15-Dec-23
71430,3638,,Tab - Chlorpromazine 100mg,,5538,,1,11472,4956,18-Dec-23,,
71433,2362,,Tab - Haloperidol 10mg,,3354,,,11395,5013,19-Dec-23,,
71434,2120,,Tab - Neuro-vit Forte,,2981,,1,11662,5013,19-Dec-23,,
71438,3723,,Tab -  Risperidone (Amidirex) 2mg,,5698,,,11776,4966,19-Dec-23,,
71448,3438,,Tab - Risperidone (Zepidone) 2mg,,5723,,1,11880,4959,20-Dec-23,4959,20-Dec-23
71449,3223,,Tab - Vitamin B Complex,,4817,,,11820,4959,20-Dec-23,,
71450,3223,,Tab - Ferrous Sulfate 200mg,,4817,,,11819,4959,20-Dec-23,4959,20-Dec-23
71451,3223,,Tab -  Folic Acid 5mg,,4817,,,11818,4959,20-Dec-23,,
71452,2795,,Tab -  Risperidone (Amidirex) 2mg,,4067,,1,11303,5299,21-Dec-23,5299,21-Dec-23
71454,3058,,Tab - Benzhexol 5mg,,4562,,,11541,5063,21-Dec-23,,
71461,3876,,Tab -  Diazepam 5mg,,5971,,,12469,4958,22-Dec-23,,
71472,3777,,Tab - Haloperidol 5mg,,5773,,,12073,4958,22-Dec-23,,
71478,3223,,Tab - Amoxicillin/ Clavulanic Acid 375mg,,4817,,,11816,4724,24-Dec-23,4724,24-Dec-23
71480,1819,,Tab - Benzhexol 5mg,,2518,,,12353,5061,24-Dec-23,5007,24-Dec-23
71484,3962,,Tab - Neuro-vit Forte,,6119,,,12763,5198,24-Dec-23,,
71486,3638,,Tab - Chlorpromazine 100mg,,5538,,,12784,5198,24-Dec-23,,
71488,3440,,Tab -  Risperidone (Amidirex) 2mg,,6114,,,12782,5198,24-Dec-23,5198,24-Dec-23
71502,3455,,Tab - Albendazole 400mg,,5170,,,12546,4991,27-Dec-23,,
71513,4108,,Tab - Haloperidol 5mg,,6375,,,13405,4958,29-Dec-23,,
71514,4108,,Tab - Neuro-vit Forte,,6375,,1,13407,4958,29-Dec-23,,
71515,4108,,Tab - Vitamin C 100mg,,6375,,,13408,4958,29-Dec-23,,
71516,4108,,Tab -  Diazepam 5mg,,6375,,,13409,4958,29-Dec-23,4958,29-Dec-23
71517,2590,,Tab - Neuro-vit Forte,,5930,,1,13127,5013,29-Dec-23,,
71530,4167,,Tab - Carbamazepine 200mg,,6493,,,13541,4959,31-Dec-23,,
71531,4167,,Tab - Haloperidol 5mg,,6493,,,13540,4959,31-Dec-23,,
71532,3824,,Tab - Haloperidol 5mg,,5880,,,12919,5013,31-Dec-23,,
71541,3839,,Tab - Haloperidol 5mg,,6115,,,12986,5317,3-Jan-24,,
71542,3839,,Tab - Chlorpromazine 100mg,,6115,,,12987,5317,3-Jan-24,,
71553,4265,,Tab - Neuro-vit Forte,,6686,,1,14131,4742,4-Jan-24,4742,4-Jan-24
70965,75,,Tab Quartem/Lonart DS,,105,,1,321,4925,12-Oct-23,,
70973,111,,Tab - Neuro-vit Forte,,148,,,448,4957,12-Oct-23,,
70980,144,,Inj -  Haloperidol 5mg,,199,,,556,4724,13-Oct-23,,
70985,178,,Tab -  Diazepam 5mg,,240,,,705,4960,14-Oct-23,,
70990,186,,Tab - Diazepam 5mg,,259,,,754,4959,15-Oct-23,4959,15-Oct-23
70991,186,,Tab - INJ. Haloperidol 5mg,,259,,,771,4959,15-Oct-23,4959,15-Oct-23
70994,91,,Tab - Neuro-vit Forte,,158,,1,748,4955,16-Oct-23,4955,16-Oct-23
71013,262,,Tab - Tab. Risperidone (Amidirex) 1mg,,360,,,1255,4966,20-Oct-23,,
71014,231,,Tab - Benxhezol 5mg,,391,,,1012,4959,20-Oct-23,,
71016,434,,Tab - Haloperidol 5mg,,572,,,1657,4956,21-Oct-23,,
71018,472,,Tab -  Haloperidol 10mg,,661,,,1011,4955,23-Oct-23,4955,23-Oct-23
71033,497,,Inj - INJ. Paracetamol 300mg,,669,,,1925,4955,24-Oct-23,,
71038,498,,Tab -  Risperidone (Amidirex) 2mg,,798,,,1992,4958,25-Oct-23,,
71046,692,,Tab - Tab. Erythromycin 500mg,,1135,,,2573,4956,28-Oct-23,,
71047,715,,Tab - Ibuprofen 400mg,,1102,,,2420,4956,28-Oct-23,,
71050,781,,Tab - Neuro-vit Forte,,1271,,,2536,4955,30-Oct-23,4955,30-Oct-23
71065,887,,Tab - Vitamin C 100mg,,1343,,1,2620,4955,1-Nov-23,,
71066,887,,Tab - Paracetamol 500mg,,1343,,1,2619,4955,1-Nov-23,,
71090,1258,,Inj - INJ. Paracetamol 300mg,,1703,,,3453,4611,3-Nov-23,4611,3-Nov-23
71105,111,,Tab - Neuro-vit Forte,,148,,1,3529,5063,5-Nov-23,,
71107,887,,Tab -  Diazepam 5mg,,1819,,,3736,4742,5-Nov-23,4742,5-Nov-23
71108,887,,Inj -  Haloperidol 5mg,,1819,,,3735,4742,5-Nov-23,,
71109,887,,Tab - Risperidone (Zepidone) 2mg,,1819,,,3734,4742,5-Nov-23,4742,5-Nov-23
71111,498,,Tab - Neuro-vit Forte,,1837,,,3737,4742,6-Nov-23,,
71112,1420,,Tab - Neuro-vit Forte,,1963,,,3896,4955,7-Nov-23,,
71116,1585,,Tab - Carbamazepine 200mg,,2179,,,4212,4955,8-Nov-23,,
71119,887,,Tab -  Risperidone (Amidirex) 2mg,,2210,,,2615,4955,9-Nov-23,,
71134,1798,,Tab - Sodium Valporate 200mg,,2485,,,4836,5196,11-Nov-23,,
71135,90,,Tab - Risperidone 3mg (orally dispersed),,166,,,4252,5013,11-Nov-23,5013,11-Nov-23
71136,1045,,Tab -  Risperidone 2mg,,1407,,,4868,5198,12-Nov-23,5197,17-Nov-23
71167,2011,,Tab -  Diazepam 5mg,,2791,,,5536,5198,16-Nov-23,5198,16-Nov-23
71169,2120,,Tab - Neuro-vit Forte,,2981,,,5789,4724,17-Nov-23,4956,19-Nov-23
71170,111,,Tab - Neuro-vit Forte,,148,,1,5685,5063,17-Nov-23,5063,22-Nov-23
71171,2011,,Tab -  NAT. B,,2791,,,5535,4742,18-Nov-23,4742,18-Nov-23
71172,2080,,Tab - Neuro-vit Forte,,2920,,,5732,4742,18-Nov-23,,
71173,2080,,Tab - Albendazole 400mg,,2920,,,5731,4742,18-Nov-23,4742,18-Nov-23
71174,2110,,Tab -  Diazepam 5mg,,2976,,,5793,4742,18-Nov-23,4742,18-Nov-23
71175,2110,,Tab - Neuro-vit Forte,,2976,,,5790,4742,18-Nov-23,4742,18-Nov-23
71190,1773,,Tab - Trifloperazine    5mg,,3017,,,4824,4955,20-Nov-23,,
71191,1773,,Tab - Neuro-vit Forte,,3017,,,4818,4955,20-Nov-23,,
71199,2254,,Tab - Haloperidol 10mg,,3199,,,6274,4742,21-Nov-23,,
71210,2362,,Tab - Nifedipine 20mg,,3317,,,6531,4955,22-Nov-23,,
71211,2362,,Tab - Benzhexol 5mg,,3317,,,6530,4955,22-Nov-23,,
71214,2362,,Tab - Haloperidol 5mg,,3317,,,6529,4955,22-Nov-23,,
71220,1798,,Tab -  Folic Acid 5mg,,2485,,,4827,5198,23-Nov-23,,
71224,2565,,Others - Disposable Glove,,3637,,,7138,5015,24-Nov-23,,
71225,1819,,Tab - Haloperidol 10mg,,2518,,1,7029,5007,26-Nov-23,,
71232,2256,,Tab - Chlorpromazine 100mg,,3680,,,6245,4960,26-Nov-23,,
71233,2440,,Tab - Neuro-vit Forte,,3682,,,6947,4960,26-Nov-23,,
71236,2510,,Tab -  Diazepam 5mg,,3695,,,7227,4960,26-Nov-23,,
71237,2597,,Tab - Chlorpromazine 100mg,,3689,,,7302,5198,26-Nov-23,5198,26-Nov-23
71239,2440,,Tab - Paracetamol 500mg,,3682,,,7329,5198,26-Nov-23,,
71240,2510,,Tab - Diclofenac sodium 50mg,,3695,,,7330,5198,26-Nov-23,,
71251,2773,,Tab -  Diazepam 5mg,,3988,,,7919,4966,30-Nov-23,4960,1-Dec-23
71262,2782,,Tab - Paracetamol 500mg,,4041,,1,8185,4960,1-Dec-23,4960,1-Dec-23
71263,2836,,Tab - Risperidone (Zepidone) 2mg,,4172,,,8191,4960,1-Dec-23,,
71264,2773,,Tab - Neuro-vit Forte,,4073,,,7917,4960,1-Dec-23,,
71265,2773,,Tab -  Risperidone (Risperdal) 2mg,,4073,,,7916,4960,1-Dec-23,,
71266,2838,,Tab -  Diazepam 5mg,,4180,,,8211,4742,2-Dec-23,,
71287,1798,,Tab - Sodium Valporate 200mg,,2485,,,7005,4700,4-Dec-23,4700,4-Dec-23
71289,2607,,Tab -  Risperidone (Amidirex) 2mg,,4076,,1,7437,5337,5-Dec-23,5337,5-Dec-23
71298,2873,,Tab - Vitamin C 100mg,,4454,,,9009,4735,6-Dec-23,4735,6-Dec-23
71299,2873,,Tab -  Olanzapine 10mg (Ozace) x 30,,4454,,,8524,4729,6-Dec-23,,
71300,2873,,Tab -  Folic Acid 5mg,,4454,,,8523,4729,6-Dec-23,,
71301,2873,,Tab - Tab. Ciprofloxacin 500,,4454,,,9008,4729,6-Dec-23,,
71308,2013,,Tab - Paracetamol 500mg,,4178,,,9073,4958,6-Dec-23,,
71312,3036,,Tab -  Diazepam 5mg,,4501,,,9054,4960,7-Dec-23,4960,7-Dec-23
71314,2376,,Tab - .Metronidazole 400mg,,4070,,,9166,4960,7-Dec-23,4960,7-Dec-23
71315,2376,,Cap -  Amoxicillin 500mg,,4070,,,9165,4960,7-Dec-23,,
71319,3106,,Tab -  Diazepam 5mg,,4639,,,9343,4956,8-Dec-23,,
71320,3106,,Tab -  Risperidone (Amidirex) 2mg,,4639,,1,9342,4956,8-Dec-23,,
71321,3192,,Tab -  Risperidone (Amidirex) 2mg,,4771,,1,9594,4956,8-Dec-23,,
71322,3192,,Inj - .Zuclopenthxol decanoate 200mg,,4771,,,9593,4956,8-Dec-23,,
71331,2254,,Tab - Benzhexol 5mg,,3355,,,9637,4742,9-Dec-23,,
71344,2975,,Tab - Cimetidine 400mg,,4554,,,9630,5299,10-Dec-23,5317,11-Dec-23
71345,1436,,Tab - Benzhexol 5mg,,2463,,,9587,5317,11-Dec-23,5317,11-Dec-23
71346,1436,,Tab - Haloperidol 5mg,,2463,,1,9588,5317,11-Dec-23,5317,11-Dec-23
71348,518,,Tab -  Folic Acid 5mg,,1960,,,7716,4839,11-Dec-23,4839,11-Dec-23
71349,518,,Tab - Vitamin C 100mg,,1960,,,7718,4839,11-Dec-23,4839,11-Dec-23
71350,2795,,Tab - Risperidone (Zepidone) 2mg,,4067,,,9885,5317,11-Dec-23,5317,11-Dec-23
71359,2607,,Tab - Risperidone (Zepidone) 2mg,,4076,,1,10155,4608,12-Dec-23,4608,12-Dec-23
71371,1596,,Tab - Risperidone (Zepidone) 2mg,,2366,,,10202,5063,13-Dec-23,5063,13-Dec-23
71373,3343,,Tab - Fluoxetin 20mg,,4998,,,10422,4957,13-Dec-23,,
71380,1819,,Tab - .Metronidazole 400mg,,2518,,,10603,4998,14-Dec-23,,
71384,3440,,Tab -  Zopiclone 7.5mg,,5343,,,10510,4960,15-Dec-23,,
71387,3458,,Tab -  Diazepam 5mg,,5175,,,10596,4960,15-Dec-23,,
71389,2842,,Tab -  Risperidone 2mg (orally dispersed),,4191,,,10824,5063,15-Dec-23,,
71390,1436,,Cap - Amplicillin/Cloxacin 500mg,,2463,,,10562,5298,15-Dec-23,,
71393,2842,,Tab - Artemether/Lumefantrine 80/480mg,,4191,,,10823,5063,15-Dec-23,5063,15-Dec-23
71394,1436,,Tab - Benzhexol 5mg,,2463,,1,10560,5298,15-Dec-23,,
71395,2842,,Tab - Paracetamol 500mg,,4191,,,10822,5063,15-Dec-23,5063,15-Dec-23
71411,3455,,Tab - Haloperidol 10mg,,5170,,,10909,5063,16-Dec-23,5063,16-Dec-23
71414,3584,,Tab -  Zopiclone 7.5mg,,5418,,,11170,4956,16-Dec-23,4956,16-Dec-23
71415,3584,,Tab - Risperidone (Zepidone) 2mg,,5418,,,11169,4956,16-Dec-23,4956,16-Dec-23
71416,3223,,Tab - Albendazole 400mg,,4817,,,11147,4956,16-Dec-23,,
71417,3223,,Tab - Artemether/Lumefantrine 80/480mg,,4817,,,11146,4956,16-Dec-23,,
71418,3223,,Tab -  Multivite,,4817,,,11145,4956,16-Dec-23,,
71420,3268,,Tab - Tab. Loratidine 10mg,,4897,,,11135,5007,16-Dec-23,,
71425,1311,,Tab -  Diazepam 5mg,,5429,,,11162,4960,17-Dec-23,4960,17-Dec-23
71429,3587,,Tab - Neuro-vit Forte,,5578,,,11195,4955,18-Dec-23,,
71440,3440,,Tab -  Risperidone (Amidirex) 2mg,,5678,,,11073,4959,20-Dec-23,,
71441,3223,,Tab - Vitamin C 100mg,,4817,,,11821,4959,20-Dec-23,,
71453,3058,,Tab - Haloperidol 10mg,,4562,,,11537,5063,21-Dec-23,,
71455,3584,,Tab -  Risperidone (Amidirex) 2mg,,5418,,,11939,4955,21-Dec-23,,
71457,1624,,Tab -  Risperidone (Amidirex) 2mg,,2243,,1,4346,5013,21-Dec-23,5013,21-Dec-23
71458,1624,,Tab - Neuro-vit Forte,,2243,,1,4345,5013,21-Dec-23,,
70970,90,,Tab - Diazepam 10mg,,166,,,310,4960,12-Oct-23,,
70961,1,,Tab - Amoxicillin/ Clavulanic Acid 375mg,,38,,,89,4607,5-Oct-23,,
70971,90,,Tab - Artemeter/Lumefantine 80/480,,166,,,306,4960,12-Oct-23,,
70972,90,,Tab - Tab. Paracetamol 500mg x 1000,,166,,,305,4960,12-Oct-23,,
70975,90,,Tab -  Diazepam 5mg,,166,,,307,4959,13-Oct-23,,
71005,184,,Tab -  Diazepam 5mg,,263,,,744,4956,16-Oct-23,4955,23-Oct-23
71010,129,,Tab - Diclofenac Potassium 50mg,,173,,,1010,4959,18-Oct-23,,
71027,518,,Tab - Haloperidol 5mg,,695,,,1870,4956,23-Oct-23,,
71028,518,,Tab -  Zopiclone 7.5mg,,695,,,1871,4956,23-Oct-23,4956,23-Oct-23
71029,518,,Inj -  Haloperidol 5mg,,695,,,1869,4956,23-Oct-23,,
71034,590,,Tab -  Zopiclone 7.5mg,,783,,,2051,4956,24-Oct-23,,
71045,692,,Tab - Salbutamol 4mg,,1135,,,2574,4956,28-Oct-23,4956,28-Oct-23
71068,316,,Tab -  Risperidone (Amidirex) 2mg,,1467,,,2220,4955,1-Nov-23,,
71110,1045,,Tab -  Risperidone (Amidirex) 2mg,,1407,,,3094,4955,6-Nov-23,,
71114,91,,Tab -  Risperidone 2mg (orally dispersed),,158,,,4253,5013,8-Nov-23,5013,8-Nov-23
71120,1436,,Tab -  Diazepam 5mg,,2209,,,3979,4955,9-Nov-23,,
71121,1436,,Tab - Haloperidol 5mg,,2209,,,3978,4955,9-Nov-23,,
71151,1798,,Tab - Olanzapine (Ozace)10mg x 30,,2485,,,4838,4742,13-Nov-23,,
71188,2110,,Inj -  Haloperidol 5mg,,3018,,,5792,4958,19-Nov-23,,
71193,2294,,Tab - Haloperidol 10mg,,3229,,,6468,4742,21-Nov-23,,
71195,2294,,Tab - Neuro-vit Forte,,3229,,,6470,4742,21-Nov-23,,
71196,2255,,Tab -  Risperidone (Amidirex) 2mg,,3200,,,6406,4742,21-Nov-23,,
71200,2254,,Tab - Benzhexol 5mg,,3199,,,6275,4742,21-Nov-23,,
71212,2362,,Tab - Carbamazepine 200mg,,3317,,,6528,4955,22-Nov-23,,
71213,2362,,Inj -  Fluphenazine Decanote 25mg,,3317,,,6527,4955,22-Nov-23,,
71216,2063,,Tab - Carbamazepine TEGRETOL (Plain) 200mg,,3319,,,5610,4956,22-Nov-23,4956,22-Nov-23
71229,2032,,Tab - Aripiprazole (debixa) 10mg,,3678,,,7336,4960,26-Nov-23,,
71256,2782,,Tab -  Risperidone (Amidirex) 2mg,,4041,,,7958,4960,1-Dec-23,4960,1-Dec-23
71259,2795,,Tab -  Zopiclone 7.5mg,,4067,,,8014,4960,1-Dec-23,,
71260,2795,,Tab - Risperidone (Zepidone) 2mg,,4067,,1,8015,4960,1-Dec-23,,
71286,2782,,Tab - Artemether/Lumefantrine 80/480mg,,4041,,1,8257,4959,4-Dec-23,,
71291,1596,,Inj -  Fluphenazine Decanote 25mg,,2366,,,8719,5063,5-Dec-23,,
71293,2607,,Tab - Neuro-vit Forte,,4076,,,8833,5337,5-Dec-23,,
71295,2931,,Tab - Carbamazepine (Hovid) 200mg,,4340,,,8600,5196,5-Dec-23,,
71296,2931,,Tab -  Quetiapine 300mg,,4340,,,8599,5196,5-Dec-23,,
71302,2873,,Tab - Paracetamol 500mg,,4454,,,9007,4729,6-Dec-23,4729,6-Dec-23
71303,2873,,Tab - Sodium Valporate 200mg,,4454,,,8522,4730,6-Dec-23,,
71307,2836,,Tab - Trifluoperazine 5mg,,4172,,,8739,4955,6-Dec-23,,
71311,2986,,Tab -  Diazepam 5mg,,4519,,,8934,4960,7-Dec-23,4960,7-Dec-23
71316,2376,,Tab - Ibuprofen 400mg,,4070,,,9164,4960,7-Dec-23,,
71337,3223,,Tab - Haloperidol 5mg,,4817,,1,9661,4960,9-Dec-23,,
71338,2986,,Tab -  Risperidone (Amidirex) 2mg,,4812,,,8935,4960,9-Dec-23,4960,9-Dec-23
71339,3036,,Tab - Olanzapine (Ozace)10mg x 30,,4501,,,9052,4960,9-Dec-23,4960,9-Dec-23
71347,518,,Tab - Ferrous Sulfate 200mg,,1960,,,7715,4839,11-Dec-23,4839,11-Dec-23
71363,3407,,Inj - Diazepan 10mg,,5108,,,10410,4959,12-Dec-23,,
71435,2120,,Tab - Risperidone (Zepidone) 2mg,,2981,,1,11661,5013,19-Dec-23,,
71443,3679,,Tab -  Ascorbic Acid (Vit.C) 100mg,,5636,,1,11938,4959,20-Dec-23,,
71445,3679,,Tab - Neuro-vit Forte,,5636,,,11932,4959,20-Dec-23,,
71456,3679,,Tab - Thiamine 100mg,,5636,,1,11931,4955,21-Dec-23,,
71459,3824,,Tab -  Carbamazepine (Tegretol) 200mg CR,,5880,,,12278,5013,21-Dec-23,,
71460,3824,,Tab - Aripiprazole (debixa) 10mg,,5880,,,12277,5013,21-Dec-23,,
71462,3876,,Tab - Haloperidol 5mg,,5971,,,12470,4958,22-Dec-23,,
71463,3839,,Inj -  Haloperidol 5mg,,5972,,,12332,4958,22-Dec-23,,
71464,3839,,Tab -  Ascorbic Acid (Vit.C) 100mg,,5972,,,12666,4958,22-Dec-23,,
71465,3790,,Tab -  Zopiclone 7.5mg,,5799,,,12268,5013,22-Dec-23,,
71466,3839,,Tab - Vitamin B Complex,,5972,,,12665,4958,22-Dec-23,,
71467,3790,,Tab - Neuro-vit Forte,,5799,,,12267,5013,22-Dec-23,,
71468,3839,,Tab - Ferrous Sulfate 200mg,,5972,,,12337,4958,22-Dec-23,,
71469,3839,,Tab -  Folic Acid 5mg,,5972,,,12336,4958,22-Dec-23,,
71470,3839,,Tab - Haloperidol 10mg,,5972,,,12331,4958,22-Dec-23,,
71471,3777,,Tab -  Diazepam 5mg,,5773,,,12074,4958,22-Dec-23,4959,23-Dec-23
71474,3956,,Tab -  Risperidone (Amidirex) 2mg,,6111,,,12719,4959,23-Dec-23,,
71475,3956,,Tab - Neuro-vit Forte,,6111,,,12718,4959,23-Dec-23,,
71476,3584,,Tab - .Metronidazole 400mg,,5418,,,12699,4959,23-Dec-23,4959,23-Dec-23
71477,2811,,Tab - Haloperidol 10mg,,4123,,,12700,5317,24-Dec-23,5317,24-Dec-23
71481,1819,,Tab - Haloperidol 5mg,,2518,,1,12354,5061,24-Dec-23,5007,24-Dec-23
71482,3963,,Tab -  Diazepam 5mg,,6121,,,12775,5198,24-Dec-23,,
71485,3962,,Tab - Risperidone (Zepidone) 2mg,,6119,,,12762,5198,24-Dec-23,,
71491,518,,Tab - Haloperidol 10mg,,1960,,,11506,5063,25-Dec-23,5063,25-Dec-23
71492,518,,Inj -  Fluphenazine Decanote 25mg,,1960,,,11505,5063,25-Dec-23,,
71493,1436,,Tab - Haloperidol 5mg,,2463,,1,10564,5317,26-Dec-23,,
71494,2792,,Tab -  Risperidone (Amidirex) 2mg,,4063,,1,12460,5317,26-Dec-23,,
71501,2842,,Tab - Amitriptyline 25mg,,4191,,1,12751,4991,27-Dec-23,,
71503,4002,,Tab - Haloperidol 5mg,,6191,,,13206,4967,28-Dec-23,,
71504,4002,,Tab - Vitamin C 100mg,,6191,,,13207,4967,28-Dec-23,,
71505,4001,,Tab -  Risperidone (Amidirex) 2mg,,6186,,,13217,4967,28-Dec-23,4967,28-Dec-23
71506,4001,,Tab -  Diazepam 5mg,,6186,,,13216,4967,28-Dec-23,4967,28-Dec-23
71507,3998,,Tab - Mist Mag Trisilicate,,6183,,,13161,4967,28-Dec-23,,
71508,3998,,Tab - Paracetamol 500mg,,6183,,,13160,4967,28-Dec-23,,
71509,3998,,Tab - Ferrous Sulfate 200mg,,6183,,,13159,4967,28-Dec-23,,
71510,3998,,Tab - Neuro-vit Forte,,6183,,,13158,4967,28-Dec-23,,
71511,3998,,Tab -  Diazepam 5mg,,6183,,,13157,4967,28-Dec-23,,
71519,3438,,Tab - Risperidone (Zepidone) 2mg,,5723,,,13128,5007,30-Dec-23,,
71520,3438,,Tab - Benzhexol 5mg,,5723,,1,13129,5007,30-Dec-23,,
71521,3438,,Tab -  Folic Acid 5mg,,5723,,1,13130,5007,30-Dec-23,,
71522,3438,,Tab - Ferrous Sulfate 200mg,,5723,,1,13131,5007,30-Dec-23,,
71523,3438,,Tab - Vitamin B Complex,,5723,,,13132,5007,30-Dec-23,,
71524,3679,,Tab - Vitamin C 100mg,,5636,,,13097,5007,30-Dec-23,5007,30-Dec-23
71526,4174,,Inj - Diclofenac 75mg,,6501,,,13579,4517,30-Dec-23,4517,30-Dec-23
71527,4172,,Tab -  Diazepam 5mg,,6499,,,13560,4959,31-Dec-23,4959,31-Dec-23
71528,4172,,Tab - Carbamazepine 200mg,,6499,,1,13559,4959,31-Dec-23,4959,31-Dec-23
71529,4167,,Tab -  Folic Acid 5mg,,6493,,,13554,4959,31-Dec-23,,
71543,3058,,Tab - Benzhexol 5mg,,4562,,1,13666,5056,3-Jan-24,,
71544,3058,,Tab - Haloperidol 5mg,,4562,,,13665,5056,3-Jan-24,5056,3-Jan-24
71545,414,,Tab - Sodium Valporate 200mg,,6637,,1,13929,5317,3-Jan-24,5317,3-Jan-24
71547,1596,,Tab - Risperidone (Zepidone) 2mg,,2366,,1,13728,5056,3-Jan-24,,
71548,1596,,Inj -  Fluphenazine Decanote 25mg,,2366,,,13727,5056,3-Jan-24,,
71549,2792,,Inj -  Haloperidol 5mg,,4063,,1,13144,5297,4-Jan-24,,
71550,4025,,Tab -  Diazepam 5mg,,6255,,,13898,5317,4-Jan-24,5317,4-Jan-24
71555,2842,,Tab - Amitriptyline 25mg,,4191,,,13248,4991,4-Jan-24,,
71557,4379,,Tab - Trifloperazine    5mg,,6902,,1,14492,4835,5-Jan-24,,
71558,3679,,Tab - Vitamin B Complex,,5636,,1,14332,5013,5-Jan-24,,
71559,3679,,Tab - Thiamine 100mg,,5636,,1,14331,5013,5-Jan-24,,
71574,2590,,Tab - Trifluoperazine 5mg,,5930,,1,14307,5013,7-Jan-24,,
71575,3584,,Tab -  Risperidone (Amidirex) 1mg,,5418,,,14180,5317,7-Jan-24,,
70963,1,,Tab -  Vitamin B.Co,,38,,1,88,4607,5-Oct-23,,
70967,90,,Tab - Neurovite Forte,,166,,,309,4960,12-Oct-23,,
70974,91,,Tab - Zepidone 0.5mg,,158,,,300,4966,13-Oct-23,,
70977,129,,Tab -  Diazepam 5mg,,173,,,467,4724,13-Oct-23,4724,13-Oct-23
70978,129,,Tab - Neuro-vit Forte,,173,,,466,4724,13-Oct-23,,
70979,129,,Tab - Haloperidol 5mg,,173,,,465,4724,13-Oct-23,4724,13-Oct-23
70987,137,,Tab -  Zopiclone 7.5mg,,251,,1,496,4960,14-Oct-23,,
70995,91,,Tab - Diazepam 5mg,,158,,,298,4955,16-Oct-23,,
71009,91,,Tab - Haloperidol 5mg,,158,,1,1024,5012,17-Oct-23,5012,18-Oct-23
71012,220,,tab diazepam 5mg,,625,,,1005,4966,20-Oct-23,4966,20-Oct-23
71025,434,,Tab -  Diazepam 5mg,,662,,,1658,5054,23-Oct-23,,
71032,497,,Tab - Artemether/Lumefantrine 80/480mg,,669,,,1949,4955,24-Oct-23,,
71039,656,,Inj - Ciprofloxacin 500mg,,872,,,2154,4611,25-Oct-23,4601,26-Oct-23
71041,656,,Tab - Tab. Ciprofloxacin 500,,872,,,2367,4629,26-Oct-23,4961,27-Oct-23
71042,675,,Tab -  Risperidone (Amidirex) 2mg,,944,,,2380,4966,27-Oct-23,4966,27-Oct-23
71043,675,,Tab - Neuro-vit Forte,,944,,,2381,4966,27-Oct-23,,
71053,956,,Tab -  Haloperidol 5mg,,1278,,1,2826,4894,30-Oct-23,,
71089,1045,,Syr - Cough Syrup Adult,,1407,,,3095,4955,3-Nov-23,,
71091,715,,Tab - Neuro-vit Forte,,1629,,,2419,4955,3-Nov-23,,
71106,1358,,Inj - Diclofenac 75mg,,1845,,,3749,4611,5-Nov-23,,
71113,90,,Tab -  Risperidone 2mg (orally dispersed),,166,,,4251,5013,8-Nov-23,,
71118,887,,Tab -  Zopiclone 7.5mg,,2210,,1,2616,4955,9-Nov-23,,
71125,1045,,Tab - Risperidone (Zepidone) 2mg,,1407,,,4275,4742,10-Nov-23,4742,10-Nov-23
71128,111,,Tab - .Metronidazole 400mg,,148,,,4754,4284,10-Nov-23,4284,10-Nov-23
71129,111,,Tab - Artemether/Lumefantrine 80/480mg,,148,,,4753,5063,10-Nov-23,,
71133,1798,,Tab -  Folic Acid 5mg,,2485,,,4837,5196,11-Nov-23,,
71137,1773,,Tab - Neuro-vit Forte,,2508,,,4825,5198,12-Nov-23,,
71140,1819,,Tab -  Diazepam 5mg,,2518,,,5090,4956,13-Nov-23,,
71144,1809,,Cap -  Amoxicillin 500mg,,2607,,,4885,4956,13-Nov-23,,
71146,1809,,Tab - Haloperidol 5mg,,2607,,,4875,4956,13-Nov-23,,
71147,1809,,Inj -  Diazepam 10mg,,2607,,,4872,4956,13-Nov-23,,
71148,1773,,Tab -  Diazepam 5mg,,2508,,,4956,4956,13-Nov-23,,
71149,1798,,Tab - Sodium Valporate 200mg,,2485,,,4826,4742,13-Nov-23,,
71150,1773,,Tab - Trifloperazine    5mg,,2508,,,4817,4956,13-Nov-23,,
71165,1798,,Tab - Tab. Loratidine 10mg,,2485,,,5410,4955,16-Nov-23,,
71185,2120,,Tab - Risperidone (Zepidone) 2mg,,2981,,,5788,4956,19-Nov-23,,
71187,91,,Tab - Neuro-vit Forte,,158,,,4254,5013,19-Nov-23,,
71201,2080,,Tab -  Risperidone (Amidirex) 2mg,,3309,,1,5730,4956,21-Nov-23,,
71202,1809,,Tab - Haloperidol 10mg,,2607,,1,6029,4567,22-Nov-23,4567,22-Nov-23
71207,518,,Inj -  Fluphenazine Decanote 25mg,,1960,,,6232,5063,22-Nov-23,,
71209,2362,,Tab - Tab. Moduretic,,3317,,,6532,4955,22-Nov-23,,
71215,1596,,Tab -  Risperidone 2mg (orally dispersed),,2366,,1,6651,4956,22-Nov-23,,
71218,2376,,Tab -  Risperidone (Amidirex) 2mg,,3335,,,6614,4956,23-Nov-23,,
71223,2389,,Inj -  Fluphenazine Decanote 25mg,,3353,,,6672,4955,24-Nov-23,4955,24-Nov-23
71226,1596,,Tab - Risperidone 2mg (Afrab),,2366,,1,6870,4960,26-Nov-23,4960,26-Nov-23
71227,2032,,Tab - Vitamine E,,3678,,,7338,4960,26-Nov-23,,
71228,2032,,Tab - Pyridoxine 50mg,,3678,,,7337,4960,26-Nov-23,,
71230,2063,,Tab - Risperidone 2mg (Afrab),,3319,,,5609,4960,26-Nov-23,4960,26-Nov-23
71238,2440,,Tab - Artemether/Lumefantrine 80/480mg,,3682,,,7328,5198,26-Nov-23,,
71248,2597,,Tab - Paracetamol 500mg,,3976,,,7804,4724,30-Nov-23,,
71249,2597,,Tab - Artemether/Lumefantrine 80/480mg,,3976,,,7803,4724,30-Nov-23,,
71257,2782,,Tab -  Diazepam 5mg,,4041,,,7957,4960,1-Dec-23,4960,1-Dec-23
71258,2792,,Tab - Risperidone (Zepidone) 2mg,,4063,,,7994,4960,1-Dec-23,,
71261,2811,,Tab - Haloperidol 5mg,,4123,,,8158,4960,1-Dec-23,,
71267,2838,,Tab - Sodium Valporate (Eppilim) 200mg,,4180,,1,8210,4742,2-Dec-23,,
71269,2013,,Tab - Neuro-vit Forte,,4178,,,5489,4959,2-Dec-23,,
71271,2013,,Tab - Trifloperazine    5mg,,4178,,,5487,4959,2-Dec-23,,
71272,2840,,Tab - Neuro-vit Forte,,4182,,,8239,4958,3-Dec-23,,
71292,1596,,Tab - Risperidone (Zepidone) 2mg,,2366,,,8693,5063,5-Dec-23,,
71304,2607,,Tab - Paracetamol 500mg,,4076,,,8982,4657,6-Dec-23,5340,6-Dec-23
71305,2607,,Inj - INJ. Paracetamol 300mg,,4076,,,8980,5340,6-Dec-23,5340,6-Dec-23
71306,2607,,Tab - Vitamin B Complex,,4076,,1,8983,5340,6-Dec-23,4685,6-Dec-23
71309,2013,,Tab - Artemether/Lumefantrine 80/480mg,,4178,,,9072,4958,6-Dec-23,,
71317,518,,Tab - Benzhexol 5mg,,1960,,,8656,5063,7-Dec-23,,
71318,1819,,Tab - Haloperidol 10mg,,2518,,,9556,5061,8-Dec-23,5061,8-Dec-23
71326,3058,,Tab - Haloperidol 5mg,,4562,,1,9622,5063,9-Dec-23,,
71333,3223,,Tab - Vitamin B Complex,,4817,,1,9667,4960,9-Dec-23,4960,9-Dec-23
71335,3223,,Tab - Ferrous Sulfate 200mg,,4817,,1,9665,4960,9-Dec-23,,
71336,3223,,Tab - Albendazole 400mg,,4817,,1,9663,4960,9-Dec-23,,
71351,2362,,Tab - Nifedipine 20mg,,3354,,,9824,5013,11-Dec-23,,
71352,2792,,Tab - Risperidone (Zepidone) 2mg,,4063,,,9910,5317,11-Dec-23,,
71354,2362,,Tab - Haloperidol 10mg,,3354,,,9822,5013,11-Dec-23,,
71355,2362,,Tab - Carbamazepine (Hovid) 200mg,,3354,,,9821,5013,11-Dec-23,,
71356,3268,,Tab -  Diazepam 5mg,,4897,,,9987,4839,11-Dec-23,5013,13-Dec-23
71358,3058,,Tab - Haloperidol 5mg,,4562,,,10134,4839,12-Dec-23,5063,12-Dec-23
71361,3407,,Tab - Chlorpromazine 100mg,,5108,,,10408,4959,12-Dec-23,,
71378,1819,,Tab - Vitamin C 100mg,,2518,,,10605,4998,14-Dec-23,4998,14-Dec-23
71381,3433,,Inj - Vitamin B.co,,5182,,,10516,4960,15-Dec-23,,
71382,3433,,Tab -  Risperidone (Amidirex) 2mg,,5182,,,10515,4960,15-Dec-23,,
71383,3434,,Tab - Risperidone (Zepidone) 2mg,,5153,,,10431,4960,15-Dec-23,,
71385,3440,,Tab - Risperidone (Zepidone) 2mg,,5343,,,10509,4960,15-Dec-23,,
71422,3590,,Tab -  Risperidone (Amidirex) 2mg,,5430,,,11217,4960,17-Dec-23,,
71439,3652,,Tab -  Risperidone (Amidirex) 2mg,,5555,,1,11650,4956,19-Dec-23,,
71444,3679,,Tab -  Diazepam 5mg,,5636,,1,11935,4959,20-Dec-23,,
71446,3679,,Tab - Vitamin C 100mg,,5636,,1,11933,4959,20-Dec-23,,
71447,3438,,Tab - Neuro-vit Forte,,5723,,1,11881,4959,20-Dec-23,,
71473,3956,,Tab -  Diazepam 5mg,,6111,,,12720,4959,23-Dec-23,4959,23-Dec-23
71483,3963,,Tab - Haloperidol 5mg,,6121,,,12774,5198,24-Dec-23,,
71487,3440,,Tab - Chlorpromazine 100mg,,6114,,,12783,5198,24-Dec-23,,
71489,518,,Tab -  Folic Acid 5mg,,1960,,,11510,5063,25-Dec-23,,
71490,518,,Tab - Ferrous Sulfate 200mg,,1960,,,11508,5063,25-Dec-23,,
71495,3973,,Tab - Risperidone (Zepidone) 2mg,,6135,,,12834,4724,26-Dec-23,,
71496,3968,,Tab - Chlorpromazine 100mg,,6127,,,12796,4724,26-Dec-23,4724,26-Dec-23
71497,3968,,Tab - Risperidone (Zepidone) 2mg,,6127,,,12795,4724,26-Dec-23,,
71498,3972,,Tab - Chlorpromazine 100mg,,6134,,,12824,4724,26-Dec-23,,
71512,4108,,Inj - Tetanus Toxoid 0.5mg,,6375,,,13434,4955,29-Dec-23,4955,29-Dec-23
71534,4185,,Tab - Neuro-vit Forte,,6514,,,13642,4958,1-Jan-24,,
71535,4185,,Tab -  Risperidone (Amidirex) 2mg,,6514,,,13641,4958,1-Jan-24,,
71536,4185,,Tab -  Diazepam 5mg,,6514,,,13640,4958,1-Jan-24,,
71551,4025,,Tab - Carbamazepine 200mg,,6255,,,13894,5317,4-Jan-24,5317,4-Jan-24
71552,4265,,Tab - Tab. Risperidone 0.5mg (Zepidone),,6686,,1,14132,4742,4-Jan-24,,
71554,3839,,Inj - Diazepan 10mg,,6115,,,14364,4991,4-Jan-24,,
71556,3095,,Tab - Chlorpromazine 100mg,,5169,,,10982,4991,4-Jan-24,4991,4-Jan-24
71597,4509,,Tab - Neuro-vit Forte,,7153,,,15233,4956,9-Jan-24,4583,15-Jan-24
71599,3058,,Inj -  Fluphenazine Decanote 25mg,,4562,,,15607,5056,9-Jan-24,,
71600,3584,,Tab - Risperidone (Zepidone) 2mg,,5418,,1,15556,5056,9-Jan-24,,
70983,91,,Tab - Haloperidol 5mg,,158,,,557,4960,14-Oct-23,,
70986,178,,Tab -  Risperidone (Amidirex) 2mg,,240,,,702,4960,14-Oct-23,,
70988,137,,Tab -  Risperidone (Amidirex) 2mg,,251,,,495,4960,14-Oct-23,,
70989,168,,amoxiclav,,229,,,674,4845,15-Oct-23,,
70992,186,,Tab - Neuro-vit Forte,,259,,,752,4956,16-Oct-23,4955,18-Oct-23
71011,129,,Tab - Vitamin C 100mg,,173,,,1009,4959,18-Oct-23,,
71024,434,,Tab - Neuro-vit Forte,,662,,,1659,5054,23-Oct-23,,
71026,91,,Inj - Haloperidol (Janseen) 5mg,,158,,,317,5042,23-Oct-23,,
71031,497,,Tab - Paracetamol 500mg,,669,,,1950,4955,24-Oct-23,,
71035,382,,Tab - Neuro-vit Forte,,794,,,1466,4958,25-Oct-23,,
71036,382,,Tab -  Risperidone (Amidirex) 2mg,,794,,,1465,4958,25-Oct-23,,
71048,137,,Tab - Tab. Paroxetin (Seroxart) 20mg,,908,,,2475,5036,28-Oct-23,5036,28-Oct-23
71087,1251,,Tab - Neuro-vit Forte,,1686,,,3377,4955,3-Nov-23,,
71115,111,,Tab - Paracetamol 500mg,,148,,,4225,5057,8-Nov-23,,
71117,1512,,Tab -  Risperidone (Amidirex) 2mg,,2219,,,4184,4958,8-Nov-23,4958,8-Nov-23
71122,893,,Inj -  Diazepam 10mg,,1838,,1,4293,5176,9-Nov-23,5176,9-Nov-23
71139,1819,,Tab - Haloperidol 5mg,,2518,,,5091,4956,13-Nov-23,,
71141,1816,,Tab - Haloperidol 5mg,,2513,,,4945,4956,13-Nov-23,,
71142,1821,,Tab -  Risperidone (Amidirex) 2mg,,2521,,,5017,4956,13-Nov-23,,
71143,1821,,Tab -  Diazepam 5mg,,2521,,,5016,4956,13-Nov-23,,
71145,1809,,Tab -  Diazepam 5mg,,2607,,,4884,4956,13-Nov-23,,
70966,90,,Tab - Zepidone 2mg,,166,,1,308,4960,12-Oct-23,,
71194,2294,,Tab - Benzhexol 5mg,,3229,,,6469,4742,21-Nov-23,,
71197,2255,,Tab - Neuro-vit Forte,,3200,,,6407,4742,21-Nov-23,,
71198,2254,,Tab - Chlorpromazine 100mg,,3199,,,6277,4742,21-Nov-23,,
71203,1809,,Tab - Benzhexol 5mg,,2607,,,6028,4567,22-Nov-23,5035,8-Dec-23
71204,1644,,Tab - Trifloperazine    5mg,,2270,,,6068,5274,22-Nov-23,,
71205,1644,,Tab - Benzhexol 5mg,,2270,,,6069,5274,22-Nov-23,,
71206,518,,Tab - Benzhexol 5mg,,1960,,1,6233,5063,22-Nov-23,,
71208,518,,Tab - Haloperidol 15mg,,1960,,,6231,5063,22-Nov-23,5063,22-Nov-23
71231,2063,,Tab -  Risperidone (Amidirex) 2mg,,3319,,,7269,4960,26-Nov-23,4960,26-Nov-23
71234,2440,,Tab - Olanzapine (Olanza) 10mg,,3682,,,6946,4960,26-Nov-23,,
71245,2254,,Tab - Haloperidol 10mg,,3355,,,7808,4955,29-Nov-23,,
71252,2758,,Tab -  Diazepam 5mg,,3958,,,7871,4956,30-Nov-23,4956,30-Nov-23
71253,2758,,Tab - Haloperidol 5mg,,3958,,,7870,4956,30-Nov-23,4956,30-Nov-23
71254,2011,,Tab - Tab. Risperidone (Amidirex) 1mg,,2791,,,5442,4956,30-Nov-23,,
71255,2254,,Tab - Chlorpromazine 100mg,,3355,,,7818,4956,30-Nov-23,4956,1-Dec-23
71268,2597,,Tab -  Zopiclone 7.5mg,,4072,,,7857,4959,2-Dec-23,,
71270,2013,,Tab - Trifluoperazine 5mg,,4178,,,5488,4959,2-Dec-23,4959,2-Dec-23
71273,2833,,Inj -  Diazepam 10mg,,4189,,,8267,4959,3-Dec-23,4959,3-Dec-23
71275,2833,,Tab - Neuro-vit Forte,,4189,,,8183,4959,3-Dec-23,,
71277,2833,,Tab - Carbamazepine 200mg,,4189,,,8181,4959,3-Dec-23,4959,3-Dec-23
71279,2842,,Tab - Amitriptyline 25mg,,4191,,,8256,4959,3-Dec-23,,
71280,2842,,Tab - Risperidone (Zepidone) 2mg,,4191,,,8255,4959,3-Dec-23,,
71281,2842,,Cap - Cap. Amoxycillin 500mg x 100,,4191,,,8269,4959,3-Dec-23,,
71283,2842,,Inj - Tetanus Toxoid 0.5mg,,4191,,,8271,4959,3-Dec-23,,
71284,2840,,Tab -  Diazepam 5mg,,4182,,,8238,4959,3-Dec-23,4959,3-Dec-23
71285,2840,,Tab - Haloperidol 5mg,,4182,,,8237,4959,3-Dec-23,4959,3-Dec-23
71288,1798,,Tab - Olanzapine (Ozace)10mg x 30,,2485,,,7004,4700,4-Dec-23,4700,4-Dec-23
71294,2607,,Tab -  Risperidone (Amidirex) 2mg,,4076,,1,8832,5337,5-Dec-23,,
71310,2607,,Tab - Artemether/Lumefantrine 80/480mg,,4076,,,8984,4659,6-Dec-23,4659,6-Dec-23
71332,2838,,Inj -  Haloperidol 5mg,,4180,,,9635,4958,9-Dec-23,,
71334,3223,,Tab - Vitamin C 100mg,,4817,,1,9666,4960,9-Dec-23,4960,9-Dec-23
71353,2362,,Tab - Benzhexol 5mg,,3354,,,9823,5013,11-Dec-23,,
71357,3312,,Tab -  Risperidone (Amidirex) 2mg,,4961,,,10002,4959,11-Dec-23,,
71362,3407,,Inj -  Haloperidol 5mg,,5108,,,10409,4959,12-Dec-23,,
71364,2773,,Tab - Sodium Valporate 200mg,,4073,,,10096,5035,12-Dec-23,,
71366,3343,,IVF - Normal Saline 0.9%,,4998,,1,10419,4959,12-Dec-23,4959,12-Dec-23
71367,3343,,Inj - Vitamin B.co,,4998,,1,10418,4959,12-Dec-23,,
71368,3343,,Inj -  Diazepam 10mg,,4998,,,10415,4959,12-Dec-23,,
71369,3343,,Inj -  Haloperidol 5mg,,4998,,,10414,4959,12-Dec-23,4959,12-Dec-23
71370,2120,,Tab - Neuro-vit Forte,,2981,,1,8894,5042,13-Dec-23,4998,14-Dec-23
71372,3343,,Tab - Risperidone (Zepidone) 2mg,,4998,,,10423,4957,13-Dec-23,4957,13-Dec-23
71374,2120,,Tab - Risperidone (Zepidone) 2mg,,2981,,1,8893,5013,13-Dec-23,5013,13-Dec-23
71375,2120,,Tab - Neuro-vit Forte,,2981,,1,7646,5013,13-Dec-23,,
71376,3440,,Tab - Paracetamol 500mg,,5154,,,10511,4958,13-Dec-23,,
71386,3458,,Tab - Haloperidol 5mg,,5175,,,10595,4960,15-Dec-23,,
71412,3532,,Tab - Haloperidol 5mg,,5420,,,11059,4956,16-Dec-23,4956,16-Dec-23
71413,3532,,Tab -  Diazepam 5mg,,5420,,,11058,4956,16-Dec-23,,
71419,1819,,Tab - Amoxiciillin/clavulanate ( Fleming) 625mg,,2518,,,10602,5007,16-Dec-23,5007,16-Dec-23
71421,3268,,Tab - Diclofenac sodium 50mg,,4897,,,11134,5007,16-Dec-23,,
71423,3440,,Tab - Chlorpromazine 100mg,,5432,,,11074,4960,17-Dec-23,,
71424,3587,,Tab -  Diazepam 5mg,,5424,,,11193,4742,17-Dec-23,4742,17-Dec-23
71426,3587,,Tab -  Risperidone (Amidirex) 2mg,,5424,,,11194,4742,17-Dec-23,4742,17-Dec-23
71427,1311,,Tab - Risperidone (Zepidone) 2mg,,5429,,,11161,4960,17-Dec-23,4960,17-Dec-23
71428,3593,,Tab - Haloperidol 5mg,,5434,,,11231,4742,17-Dec-23,4742,17-Dec-23
71431,2362,,Tab - Nifedipine 20mg,,3354,,,11397,5013,19-Dec-23,,
71432,2362,,Tab - Carbamazepine 200mg,,3354,,,11396,5013,19-Dec-23,,
71436,2590,,Tab - Neuro-vit Forte,,5632,,1,11953,4956,19-Dec-23,,
71437,2590,,Tab - Trifluoperazine 5mg,,5632,,1,11954,4956,19-Dec-23,,
71442,3223,,Tab - Haloperidol 5mg,,4817,,1,11817,4959,20-Dec-23,,
71479,3223,,Tab -  Fluconaxole 50mg,,4817,,,11815,4724,24-Dec-23,,
71499,3839,,Tab - Chlorpromazine 100mg,,6115,,1,12870,5317,27-Dec-23,,
71500,3839,,Tab - Haloperidol 5mg,,6115,,1,12871,5317,27-Dec-23,,
71518,2590,,Tab - Trifloperazine    5mg,,5930,,1,13126,5013,29-Dec-23,,
71525,3679,,Tab - Thiamine 100mg,,5636,,1,13096,5007,30-Dec-23,5007,30-Dec-23
71533,3679,,Tab -  Risperidone (Amidirex) 2mg,,5636,,1,13095,5013,31-Dec-23,5013,31-Dec-23
71537,2842,,Tab -  Risperidone (Amidirex) 2mg,,4191,,1,13249,4273,2-Jan-24,4273,2-Jan-24
71538,518,,Tab - Vitamin C 100mg,,1960,,,11509,4999,2-Jan-24,,
71539,4192,,Tab -  Risperidone (Amidirex) 2mg,,6524,,,13764,5007,2-Jan-24,5007,2-Jan-24
71540,2120,,Tab - Risperidone (Zepidone) 2mg,,2981,,,13770,5007,2-Jan-24,,
71546,414,,Tab - Fluoxetin 20mg,,6637,,1,13928,5317,3-Jan-24,5317,3-Jan-24
71560,3679,,Tab - Risperidone (Zepidone) 2mg,,5636,,,14330,5013,5-Jan-24,,
71571,2120,,Tab - Neuro-vit Forte,,2981,,,13771,5013,7-Jan-24,,
71572,3268,,Tab - Neuro-vit Forte,,4897,,,9986,5013,7-Jan-24,,
71573,2590,,Tab - Neuro-vit Forte,,5930,,1,14308,5013,7-Jan-24,,
71591,3839,,Tab -  Folic Acid 5mg,,6115,,,15097,5056,8-Jan-24,,
71592,3839,,Tab - Haloperidol 10mg,,6115,,,15096,5056,8-Jan-24,,
71593,3839,,Tab - Carbamazepine (Hovid) 200mg,,6115,,1,15095,5056,8-Jan-24,,
71594,3824,,Tab -  Carbamazepine (Tegretol) 200mg CR,,5880,,,15289,5007,9-Jan-24,,
71595,3824,,Tab - Aripiprazole (debixa) 10mg,,5880,,,15288,5007,9-Jan-24,,
71598,4509,,Tab -  Diazepam 5mg,,7153,,,15232,4956,9-Jan-24,,
71601,3584,,Inj -  Fluphenazine Decanote 25mg,,5418,,1,15555,5056,9-Jan-24,,
71602,4410,,Tab - Carbamazepine 200mg,,7327,,,15549,4956,9-Jan-24,4956,9-Jan-24
71603,1596,,Tab - Benzhexol 5mg,,2366,,,15380,5056,9-Jan-24,,
72447,5175,,Tab - Neuro-vit Forte,,8879,,,24164,4570,2-Mar-24,,
72453,5823,,Tab - Zepidone 3mg,,10037,,1,27776,5063,2-Mar-24,,
72454,4410,,Tab - Benzhexol 5mg,,7541,,1,27861,5063,2-Mar-24,,
72455,4410,,Tab - .Natrixam1.5mg/10mg,,7541,,1,27860,5063,2-Mar-24,,
72457,4410,,Tab - Haloperidol 10mg,,7541,,1,27858,5063,2-Mar-24,,
71614,4687,,Tab - Haloperidol 5mg,,7487,,,15871,4742,11-Jan-24,4742,11-Jan-24
71621,4785,,Inj - Diclofenac 75mg,,7708,,,16170,4724,12-Jan-24,,
71625,4836,,Tab - Benzhexol 5mg,,7822,,,16434,4959,12-Jan-24,4959,12-Jan-24
71626,4836,,Tab - Carbamazepine 200mg,,7822,,,16433,4959,12-Jan-24,,
71629,4792,,Tab - Neuro-vit Forte,,7726,,,16225,5013,12-Jan-24,,
71630,4792,,Tab - Risperidone (Zepidone) 2mg,,7726,,,16224,5013,12-Jan-24,,
71631,3790,,Tab - Neuro-vit Forte,,5799,,,13769,5013,12-Jan-24,,
71670,3455,,Susp - Gestid 100ml,,5170,,,16569,5057,14-Jan-24,,
71672,3839,,Tab - Carbamazepine (Hovid) 200mg,,6115,,,16842,5057,15-Jan-24,,
71674,4410,,Tab -  Risperidone (Risperdal) 3mg,,7541,,1,16887,4284,15-Jan-24,4284,15-Jan-24
71676,2811,,Tab - Haloperidol 10mg,,4123,,1,14741,5317,15-Jan-24,5317,15-Jan-24
71677,4025,,Tab -  Risperidone (Amidirex) 2mg,,6255,,,16665,5317,15-Jan-24,5317,15-Jan-24
71710,5142,,Tab -  Diazepam 5mg,,8518,,,17718,5198,19-Jan-24,5198,19-Jan-24
71712,5047,,Tab - Vitamin C 100mg,,8526,,,17669,5198,19-Jan-24,,
71715,3679,,Tab - Thiamine 100mg,,5636,,1,17498,5061,19-Jan-24,5061,19-Jan-24
71718,3455,,Tab - Benzhexol 5mg,,5170,,1,17934,5034,19-Jan-24,,
71746,4265,,Tab - Neuro-vit Forte,,7229,,,16666,5317,22-Jan-24,,
71753,3839,,Tab - Haloperidol 15mg,,6115,,,18178,5496,23-Jan-24,,
71755,3839,,Tab - Carbamazepine (Carbimi CR) 400mg,,6115,,,18179,5496,23-Jan-24,5496,23-Jan-24
71764,104,,Tab - Paracetamol 500mg,,8861,,,18490,4961,23-Jan-24,,
71766,2256,,Inj - .Fluphenazine Decanoate 50mg,,4165,,1,18499,5317,23-Jan-24,5317,23-Jan-24
71775,5375,,Tab - Aripiprazole (debixa) 10mg,,8993,,,18883,5198,23-Jan-24,,
71780,5349,,Tab - Neuro-vit Forte,,8936,,,18866,5481,24-Jan-24,,
71784,3824,,Tab -  Diazepam 5mg,,5880,,,18608,5013,24-Jan-24,,
71785,4192,,Tab - Benzhexol 5mg,,8082,,,18743,5013,24-Jan-24,,
71787,5141,,Tab - Risperidone (Zepidone) 2mg,,8517,,,17725,5013,24-Jan-24,,
71796,5212,,Inj - Artemether 80mg,,8675,,,18932,5063,25-Jan-24,5063,25-Jan-24
71807,5482,,Tab -  Diazepam 5mg,,9216,,,19294,4742,25-Jan-24,,
71833,5546,,Tab - Trifluoperazine 5mg,,9375,,1,19644,4960,27-Jan-24,,
71837,5543,,Tab -  Zopiclone 7.5mg,,9367,,,19637,4960,27-Jan-24,,
71852,2931,,Inj -  Diazepam 10mg,,5034,,,19664,4608,29-Jan-24,,
71861,5550,,Tab - Ibuprofen 400mg,,9380,,,19672,4724,29-Jan-24,,
71862,5550,,Cap - Cap. Amoxycillin 500mg x 100,,9380,,,19673,4724,29-Jan-24,,
71874,2256,,Tab - Diclofenac Potassium 100mg,,4165,,,18503,5523,30-Jan-24,5043,1-Feb-24
71875,3876,,Tab - Risperidone (Zepidone) 2mg,,5971,,,20264,4998,30-Jan-24,,
71878,4836,,Tab -  Carbamazepine (Tegretol) 400mg CR,,7822,,1,19744,4998,30-Jan-24,,
71879,4836,,Tab - Haloperidol 5mg,,7822,,1,19509,4998,30-Jan-24,,
71882,4874,,Tab - Quetiapine 200mg,,7879,,,17746,4598,31-Jan-24,4598,31-Jan-24
71887,5260,,Tab - Chlorpromazine 100mg,,8776,,1,19607,4598,31-Jan-24,,
71933,2294,,Tab - Neuro-vit Forte,,4802,,,19805,4735,2-Feb-24,,
71934,2294,,Tab - Benzhexol 5mg,,4802,,,19806,4735,2-Feb-24,,
71938,3679,,Tab - Haloperidol 5mg,,5636,,,20601,4735,2-Feb-24,,
71982,5823,,Tab -  Risperidone (Risperdal) 2mg,,10037,,1,21197,4979,3-Feb-24,4979,3-Feb-24
72010,1436,,Tab - Benzhexol 5mg,,2463,,1,20725,5477,6-Feb-24,,
72011,1436,,Susp - Antacids,,2463,,1,20726,5477,6-Feb-24,5477,6-Feb-24
72016,4836,,Tab - Vitamin C 100mg,,7822,,,21362,5013,6-Feb-24,,
72039,3839,,Tab - Chlorpromazine 100mg,,6115,,1,21537,5056,7-Feb-24,5056,7-Feb-24
72042,3102,,Tab - Chlorpromazine 100mg,,8990,,,21848,4735,7-Feb-24,4735,7-Feb-24
72043,3102,,Tab - Sodium Valporate (Eppilim) 500mg,,8990,,1,21849,4735,7-Feb-24,,
72044,3102,,Tab - Olanzapine (Ozace)10mg x 30,,8990,,1,21850,4735,7-Feb-24,,
72045,3102,,Tab - Pyridoxine 50mg,,8990,,1,21851,4735,7-Feb-24,,
72051,5957,,Tab - Haloperidol 5mg,,10400,,1,22138,5198,7-Feb-24,,
72053,5953,,Tab - Neuro-vit Forte,,10391,,,22130,5198,7-Feb-24,,
72065,4025,,Tab - Carbamazepine (Carbimi CR) 400mg,,6255,,1,21739,5477,8-Feb-24,,
72066,4025,,Tab - Risperidone (Zepidone) 2mg,,6255,,1,21738,5477,8-Feb-24,5477,8-Feb-24
72071,414,,Tab - Epilim 200mg,,6637,,1,22430,5477,8-Feb-24,,
72088,5211,,Tab -  Folic Acid 5mg,,8987,,,21946,4730,9-Feb-24,,
72089,5211,,Tab - Olanzapine (Ozace)10mg x 30,,8987,,1,21945,4730,9-Feb-24,4730,9-Feb-24
72092,5823,,Tab -  Risperidone (Amidrex) 2mg,,10037,,1,22918,5063,9-Feb-24,5063,9-Feb-24
72093,5502,,Tab -  Risperidone (Risperdal) 1mg,,9283,,1,22812,5011,9-Feb-24,,
72117,4875,,Inj - Fluphenazine Decanoate 50mg,,7880,,1,23449,4572,13-Feb-24,,
72129,4265,,Tab - Haloperidol 10mg,,7229,,1,23302,5038,14-Feb-24,5038,14-Feb-24
72130,4265,,Tab - Amlodipine 5mg,,7229,,1,23303,5038,14-Feb-24,,
72155,5476,,Tab - .Atorvastatin 20mg,,10025,,1,24532,4284,16-Feb-24,4284,19-Feb-24
72158,5823,,Tab - Risperidone (Zepidone) 2mg,,10037,,1,24485,4284,16-Feb-24,,
72159,1596,,Tab - Benzhexol 5mg,,2366,,,23458,4284,16-Feb-24,,
72160,1596,,Tab - Risperidone (Zepidone) 2mg,,2366,,,23457,4284,16-Feb-24,4284,16-Feb-24
72161,6309,,Tab - Vitamin C 100mg,,11335,,1,24294,4608,16-Feb-24,,
72167,382,,Inj - Fluphenazine Decanoate 50mg,,7801,,,24077,4608,16-Feb-24,,
72180,6309,,Tab - Paracetamol 500mg,,11335,,,24736,4536,17-Feb-24,,
72191,5729,,"Tab - Haloperidol  5mg,10mg",,9807,,1,22673,5496,18-Feb-24,,
72197,5219,,"Tab - Risperdal 1mg,2mg",,8721,,1,22763,5496,18-Feb-24,,
72200,3224,,"Tab - Chlorpromazine 150mg, 200mg",,7793,,,24415,5496,18-Feb-24,,
72201,5304,,"Tab - Risperidone (Zepidone) 2mg,3mg",,9016,,1,24686,5496,18-Feb-24,,
72202,5304,,Tab - Benzhexol 5mg,,9016,,1,24685,5496,18-Feb-24,5496,18-Feb-24
72204,5260,,Tab - Chlorpromazine 100mg,,8776,,1,24370,5496,18-Feb-24,,
72211,4836,,Tab - Benzhexol 5mg,,7822,,1,24528,5013,18-Feb-24,,
72212,4836,,Tab - Carbamazepine TEGRETOL (Plain) 200mg,,7822,,1,24527,5013,18-Feb-24,,
72213,4836,,Tab - Haloperidol 5mg,,7822,,1,24526,5013,18-Feb-24,,
72228,3839,,Tab - Chlorpromazine 100mg,,6115,,1,24926,5034,19-Feb-24,5034,19-Feb-24
72263,2362,,Tab - Haloperidol 10mg,,3354,,,25145,5695,20-Feb-24,5695,20-Feb-24
72306,3455,,Tab - Haloperidol 5mg,,5170,,1,26032,5059,23-Feb-24,,
72307,3455,,Inj -  Fluphenazine Decanote 25mg,,5170,,,26031,5059,23-Feb-24,,
72320,6683,,Inj - INJ. Paracetamol 300mg,,12232,,,26361,4633,24-Feb-24,,
72323,6683,,Inj - Ciprofloxacin 200mg/100mls,,12232,,,26383,4650,24-Feb-24,4650,24-Feb-24
72332,5059,,Tab - Paracetamol 500mg,,8339,,,26391,5064,24-Feb-24,,
72333,5683,,Tab - Quetiapine 50mg,,12158,,1,26212,5316,24-Feb-24,,
72342,3687,,Tab - Benzhexol 5mg,,7800,,,25675,4608,25-Feb-24,4608,25-Feb-24
72346,5550,,Tab - Haloperidol 10mg,,9634,,1,26280,5061,25-Feb-24,,
72351,6539,,Tab -  Lisinopril 5mg,,11872,,1,26508,5341,26-Feb-24,5341,26-Feb-24
72359,6534,,Tab - Benzhexol 5mg,,11867,,1,26476,5341,26-Feb-24,,
72360,6534,,Tab - Carbamazepine 200mg,,11867,,1,26475,5341,26-Feb-24,,
72382,6547,,Tab - Levetiracetam 250mg,,12070,,,26925,5299,27-Feb-24,,
72388,6751,,Tab - Chlorpromazine 100mg,,12420,,,26864,4956,27-Feb-24,4956,27-Feb-24
72389,6752,,Tab -  Zopiclone 7.5mg,,12421,,,26831,4956,27-Feb-24,,
72390,6752,,Tab - Risperidone (Zepidone) 2mg,,12421,,1,26830,4956,27-Feb-24,,
72392,4410,,Tab - Diclofenac sodium 50mg,,7541,,,27186,4284,27-Feb-24,,
72394,4875,,Tab - Haloperidol 10mg,,7880,,,26916,5337,27-Feb-24,,
72396,6681,,Tab - Sodium Valporate (Eppilim) 200mg,,12230,,,26352,4745,27-Feb-24,,
72399,4878,,Tab - Risperidone (Risperdal) 3mg,,7883,,,23430,5527,28-Feb-24,,
72400,2792,,Tab - Tab. Risperidone 0.5mg (Zepidone),,4063,,,26568,5598,28-Feb-24,5598,28-Feb-24
72403,6261,,Tab -  Carbamazepine (Tegretol) 200mg CR,,11181,,1,27126,5598,28-Feb-24,,
72412,6172,,Tab -  Risperidone (Amidrex) 2mg,,11069,,1,26814,5496,29-Feb-24,5496,29-Feb-24
71611,3455,,Tab - Haloperidol 10mg,,5170,,,15812,5063,10-Jan-24,,
71623,4815,,Tab - Neuro-vit Forte,,7765,,,16388,4959,12-Jan-24,4959,12-Jan-24
71628,4792,,Tab -  Diazepam 5mg,,7726,,,16238,5013,12-Jan-24,,
71675,2795,,Tab -  Risperidone (Amidirex) 2mg,,4067,,,16630,5317,15-Jan-24,,
71691,4875,,Tab - Haloperidol 10mg,,7880,,,16930,4570,17-Jan-24,4570,17-Jan-24
71701,382,,Tab - Benzhexol 5mg,,7801,,1,17579,4608,18-Jan-24,,
71702,382,,Tab -  Risperidone (Amidirex) 2mg,,7801,,,17578,4608,18-Jan-24,4608,18-Jan-24
71707,5082,,Tab - Amlodipine 5mg,,8401,,,17662,4961,18-Jan-24,,
71708,5082,,Tab - Amoxiciillin/clavulanate ( Fleming) 625mg,,8401,,,17661,4961,18-Jan-24,,
71709,5047,,Tab - Olanzapine (Ozace)10mg x 30,,8285,,,17427,5196,18-Jan-24,,
71759,5211,,Tab -  Folic Acid 5mg,,8987,,1,18785,4735,23-Jan-24,,
71760,5211,,Tab - Sodium Valporate (Eppilim) 200mg,,8987,,1,18784,4735,23-Jan-24,,
71761,5211,,Tab - Olanzapine (Ozace)10mg x 30,,8987,,1,18783,4735,23-Jan-24,,
71801,1996,,Tab - Risperidone (Zepidone) 2mg,,2782,,,19044,4608,25-Jan-24,4608,25-Jan-24
71806,2842,,Tab - Amitriptyline 25mg,,4191,,1,17909,5496,25-Jan-24,,
71811,3192,,Tab - Risperidone (Zepidone) 2mg,,4771,,,18333,5035,26-Jan-24,4735,2-Feb-24
71835,5543,,Tab - Haloperidol 5mg,,9367,,,19636,4960,27-Jan-24,4960,27-Jan-24
71836,5543,,Tab - Amoxiciillin/clavulanate ( Fleming) 625mg,,9367,,,19638,4960,27-Jan-24,,
71853,5494,,Tab - Haloperidol 10mg,,9236,,1,19713,4608,29-Jan-24,4608,29-Jan-24
71867,3839,,Tab - Haloperidol 10mg,,6115,,1,19914,5034,29-Jan-24,,
71868,3839,,Tab -  Carbamazepine (Tegretol) 200mg CR,,6115,,,19916,5034,29-Jan-24,,
71881,4815,,Tab - Tab. Loratidine 10mg,,7765,,,19409,4543,31-Jan-24,,
71884,5219,,Tab - Chlorpromazine 100mg,,8721,,1,19606,4598,31-Jan-24,,
71885,3224,,Tab - Chlorpromazine 100mg,,7793,,1,16326,4598,31-Jan-24,,
71897,2840,,Tab - Haloperidol 5mg,,4182,,,10234,5497,1-Feb-24,,
71898,382,,Tab - Benzhexol 5mg,,7801,,,20556,4570,1-Feb-24,,
71902,5739,,Tab - Benzhexol 5mg,,9825,,,20736,4598,1-Feb-24,,
71903,5729,,Tab - Haloperidol 10mg,,9807,,1,20784,4724,1-Feb-24,,
71904,4875,,Tab - Haloperidol 10mg,,7880,,1,20046,4608,1-Feb-24,4608,1-Feb-24
71906,4875,,Inj - .Fluphenazine Decanoate 50mg,,7880,,,20038,4608,1-Feb-24,4608,1-Feb-24
71908,5711,,Tab -  Zopiclone 7.5mg,,9786,,,20701,5013,1-Feb-24,,
71909,5711,,Tab - Risperidone (Zepidone) 2mg,,9786,,1,20700,5013,1-Feb-24,,
71910,3824,,Tab - Haloperidol 5mg,,5880,,1,20811,5013,1-Feb-24,,
71912,2590,,Tab - Neuro-vit Forte,,5930,,,20591,5013,1-Feb-24,,
71913,2590,,Tab - Trifloperazine    5mg,,5930,,,20590,5013,1-Feb-24,,
71914,3679,,Tab - Carbamazepine TEGRETOL (Plain) 200mg,,5636,,,20604,4735,2-Feb-24,4735,2-Feb-24
71925,3438,,Tab - Neuro-vit Forte,,5723,,,19002,4735,2-Feb-24,,
71926,3438,,Tab -  Folic Acid 5mg,,5723,,,19003,4735,2-Feb-24,,
71928,3106,,Tab - Olanzapine 5mg,,4639,,1,20455,4735,2-Feb-24,4735,2-Feb-24
71929,3106,,Tab - Olanzapine (Ozace)10mg x 30,,4639,,1,20685,4735,2-Feb-24,,
71930,3036,,Tab - Carbamazepine 200mg,,4501,,1,20687,4735,2-Feb-24,4735,2-Feb-24
71950,4534,,Tab - Ferrous Sulfate 200mg,,7873,,,17793,4720,2-Feb-24,4720,2-Feb-24
71954,2811,,Tab - Haloperidol 10mg,,4123,,1,20020,5299,2-Feb-24,5299,2-Feb-24
71956,5212,,Tab - Amitriptyline 25mg,,8675,,1,20107,5056,2-Feb-24,,
71958,5811,,Inj -  Fluphenazine Decanote 25mg,,10010,,,21165,5198,2-Feb-24,,
71960,5784,,Tab -  Cognium,,9943,,1,21144,5198,2-Feb-24,,
71961,5784,,Tab - Olanzapine (Ozace)10mg x 30,,9943,,1,21143,5198,2-Feb-24,,
71962,414,,Tab - Epilim 200mg,,6637,,1,19124,5299,2-Feb-24,,
71966,3839,,Tab - Carbamazepine TEGRETOL (Plain) 200mg,,6115,,1,21081,5056,2-Feb-24,5063,4-Feb-24
71968,5698,,Tab - Fluoxetin 20mg,,9731,,,20653,5299,2-Feb-24,,
71973,4534,,Cap - Omepraxole 20mg,,7873,,,21157,4708,3-Feb-24,4730,3-Feb-24
71974,4534,,Susp - Antacids,,7873,,,21156,4730,3-Feb-24,4730,3-Feb-24
71975,5142,,Inj -  Haloperidol 5mg,,8676,,1,21176,4572,3-Feb-24,,
71976,3972,,Tab - Sodium Valporate (Eppilim) 200mg,,6134,,,20503,4730,3-Feb-24,,
71984,4874,,Cream - Clotrimaxole Cream,,7879,,,19667,5496,4-Feb-24,,
71987,5219,,Tab - Epilim 200mg,,8721,,1,19325,5496,4-Feb-24,5496,4-Feb-24
71994,4410,,Tab - Artemether/Lumefantrine 80/480mg,,7541,,,21249,4991,4-Feb-24,5063,4-Feb-24
72000,4792,,Tab - Risperidone (Zepidone) 2mg,,7726,,1,20815,5499,5-Feb-24,,
72002,4265,,Tab - Amlodipine 5mg,,7229,,1,21428,5477,5-Feb-24,,
72003,4265,,Tab -  Risperidone (Amidirex) 2mg,,7229,,1,21467,5477,5-Feb-24,,
72004,3223,,Tab - Benzhexol 5mg,,4817,,,18356,5477,5-Feb-24,5477,5-Feb-24
72005,3223,,Tab -  Risperidone (Amidirex) 2mg,,4817,,1,18355,5477,5-Feb-24,,
72012,4785,,Tab - Haloperidol 5mg,,7708,,,21291,4678,6-Feb-24,,
72013,3192,,Tab -  Risperidone (Amidirex) 2mg,,4771,,,21355,4678,6-Feb-24,4678,6-Feb-24
72019,2362,,Tab - Carbamazepine 200mg,,3354,,1,21603,5013,6-Feb-24,,
72034,3407,,Tab - Chlorpromazine 100mg,,5108,,,20470,4640,7-Feb-24,,
72061,5550,,Inj -  Haloperidol 5mg,,9634,,1,21390,5009,7-Feb-24,,
72063,4001,,Tab - Risperidone (Zepidone) 2mg,,6186,,1,19846,4745,8-Feb-24,,
72068,382,,Inj - Fluphenazine Decanoate 50mg,,7801,,,20548,5489,8-Feb-24,,
72111,3343,,Tab - Fluoxetine 20mg,,4998,,,22236,4730,11-Feb-24,,
72114,819,,Tab - Sodium Valporate 200mg,,10768,,1,23088,4579,11-Feb-24,4579,11-Feb-24
72151,1436,,Tab - Risperidone (Zepidone) 2mg,,2463,,,24207,5299,16-Feb-24,5299,16-Feb-24
72166,382,,Inj - Fluphenazine Decanoate 50mg,,7801,,1,24082,4608,16-Feb-24,4608,16-Feb-24
72174,5006,,Tab -  Risperidone (Amidrex) 2mg,,8214,,1,22864,4998,16-Feb-24,4998,16-Feb-24
72175,4792,,Tab - Zepidone 3mg,,7726,,,24451,4998,16-Feb-24,4998,16-Feb-24
72176,5711,,Tab -  Risperidone (Amidrex) 2mg,,9786,,1,24441,4998,16-Feb-24,,
72179,4657,,Tab - Paracetamol 500mg,,7422,,,24681,4739,16-Feb-24,4739,16-Feb-24
72225,3839,,Tab - Carbamazepine 200mg,,6115,,1,24925,4894,19-Feb-24,4894,19-Feb-24
72255,3455,,Tab - Benzhexol 5mg,,5170,,1,24611,4284,19-Feb-24,4284,19-Feb-24
72265,5212,,Tab - Amitriptyline 25mg,,8675,,1,25264,5064,20-Feb-24,5059,23-Feb-24
72268,3223,,Tab -  Risperidone (Amidrex) 2mg,,4817,,1,24839,5299,20-Feb-24,,
72275,4025,,Tab -  Folic Acid 5mg,,6255,,1,25221,5317,20-Feb-24,,
72279,4875,,Tab - Benzhexol 5mg,,7880,,1,25302,4608,20-Feb-24,,
72281,6474,,IVF - 5% Dextrose Saline 500mls,,11735,,,25313,4956,20-Feb-24,,
72287,3824,,Tab - Haloperidol 10mg,,5880,,1,25445,5013,21-Feb-24,,
72289,2362,,Tab - Amiloride/hydroclorothiazide (Moduretic),,3354,,1,25149,5013,21-Feb-24,,
72290,2362,,Tab - Nifedipine 30mg,,3354,,1,25148,5013,21-Feb-24,,
72291,2362,,Tab - Carbamazepine 200mg,,3354,,1,25146,5013,21-Feb-24,5013,21-Feb-24
72292,6399,,Tab - Neuro-vit Forte,,11561,,,24730,5013,21-Feb-24,,
72293,6547,,Inj -  Haloperidol 5mg,,11890,,,25623,4724,21-Feb-24,,
72303,5885,,Tab - Amitriptyline 25mg,,10201,,1,24847,4560,23-Feb-24,4560,23-Feb-24
72315,5349,,Tab - Neuro-vit Forte,,9174,,,24382,4739,24-Feb-24,,
72328,5683,,Tab -  Quetiapine 300mg,,12158,,1,26211,5316,24-Feb-24,,
72341,3687,,Tab - Zepidone 3mg,,7800,,1,25676,4608,25-Feb-24,,
72352,6539,,Tab - Amlodipine 10mg,,11872,,1,26507,5341,26-Feb-24,5341,26-Feb-24
72354,5885,,Tab - Haloperidol 10mg,,10201,,1,26534,5341,26-Feb-24,,
71596,4509,,Tab - Amlodipine 5mg,,7153,,,15234,4956,9-Jan-24,4583,15-Jan-24
71605,3839,,Tab - Chlorpromazine 100mg,,6115,,1,14694,5056,9-Jan-24,,
71615,4687,,Inj -  Fluphenazine Decanote 25mg,,7487,,,15893,4960,11-Jan-24,,
71616,3095,,Tab - Amlodipine 10mg,,5169,,,15806,5063,11-Jan-24,,
71617,3095,,Tab - Carbamazepine TEGRETOL (Plain) 400mg,,5169,,,15804,5063,11-Jan-24,,
71619,3095,,Tab - Zepidone 3mg,,5169,,,15803,5063,11-Jan-24,,
71651,4874,,Tab - Benzhexol 5mg,,7879,,,16513,4967,13-Jan-24,4967,13-Jan-24
71673,3839,,Tab - Ferrous Sulfate 200mg,,6115,,,16620,5057,15-Jan-24,,
71682,3839,,Tab - Salbutamol 2mg,,6115,,,16889,5058,17-Jan-24,,
71684,1596,,Tab - Risperidone (Zepidone) 1mg,,2366,,,15379,5058,17-Jan-24,5056,17-Jan-24
71690,4875,,Tab - Haloperidol 5mg,,7880,,,16929,4570,17-Jan-24,4570,17-Jan-24
71699,3687,,Tab - Zepidone 3mg,,7800,,1,17447,4533,18-Jan-24,,
71700,3679,,Tab - Carbamazepine (Hovid) 200mg,,5636,,1,17422,5013,18-Jan-24,,
71704,3687,,Tab - Benzhexol 5mg,,7800,,,17608,4608,18-Jan-24,4608,18-Jan-24
71705,3687,,Tab - Zepidone 3mg,,7800,,1,17607,4608,18-Jan-24,4608,18-Jan-24
71711,5047,,Tab - Paracetamol 500mg,,8526,,,17696,5198,19-Jan-24,,
71713,5142,,Tab - Neuro-vit Forte,,8518,,,17717,5198,19-Jan-24,,
71719,3455,,Tab - Haloperidol 10mg;15mg,,5170,,1,17933,5034,19-Jan-24,,
71723,4265,,Inj -  Haloperidol 5mg,,7229,,,18064,5317,20-Jan-24,,
71729,5219,,Tab -  Diazepam 5mg,,8685,,,18094,4724,20-Jan-24,,
71730,5219,,Tab - Sodium Valporate 200mg,,8685,,,18092,4724,20-Jan-24,,
71731,5219,,Tab - Chlorpromazine 100mg,,8685,,1,18091,4724,20-Jan-24,,
71734,5229,,Tab - Haloperidol 5mg,,8699,,,18153,4724,21-Jan-24,,
71737,5212,,Tab -  Risperidone (Amidirex) 2mg,,8675,,1,18069,4959,21-Jan-24,,
71738,5175,,Tab - Chlorpromazine 100mg,,8690,,,17983,4724,21-Jan-24,,
71739,5212,,IVF - 5% Dextrose Saline 500mls,,8675,,,18066,4959,21-Jan-24,4959,21-Jan-24
71740,5175,,Tab - Neuro-vit Forte,,8690,,,17984,4724,21-Jan-24,4724,21-Jan-24
71741,5212,,IVF - NORMAL SALINE 500ml,,8675,,,18065,4959,21-Jan-24,,
71744,3998,,Tab - Neuro-vit Forte,,6183,,1,18275,4735,22-Jan-24,,
71747,5260,,Tab -  Diazepam 5mg,,8776,,,18430,4959,22-Jan-24,,
71749,5260,,Tab - Chlorpromazine 100mg,,8776,,1,18428,4959,22-Jan-24,,
71750,5261,,Tab -  Zopiclone 7.5mg,,8780,,,18423,4959,22-Jan-24,,
71767,2256,,Tab - Chlorpromazine 100mg,,4165,,1,18500,5317,23-Jan-24,,
71769,2256,,Tab - Artemether/Lumefantrine 80/480mg,,4165,,,18502,5317,23-Jan-24,,
71771,4025,,Tab - Chlorpromazine 100mg,,6255,,,18567,5317,23-Jan-24,,
71772,5212,,Tab - Risperidone (Zepidone) 2mg,,8675,,,18449,5198,23-Jan-24,,
71774,5321,,Tab -  Risperidone (Amidirex) 2mg,,8885,,1,18824,5198,23-Jan-24,,
71781,5212,,Tab - Neuro-vit Forte,,8675,,,18448,4955,24-Jan-24,,
71782,4410,,Tab - Natrilix 1.5mg,,7541,,1,18896,5034,24-Jan-24,,
71795,5212,,IVF - 5% Dextrose Saline 500mls,,8675,,,18960,5063,25-Jan-24,,
71803,3434,,Tab - Haloperidol 10mg,,5153,,,18977,4608,25-Jan-24,,
71812,2842,,Tab -  Risperidone (Amidirex) 2mg,,4191,,1,19412,5034,26-Jan-24,5034,26-Jan-24
71822,5507,,Tab - Artemether/Lumefantrine 80/480mg,,9295,,,19539,4961,27-Jan-24,,
71823,245,,Tab - Paracetamol 500mg,,9363,,,19598,5483,27-Jan-24,,
71824,245,,Tab - Artemether/Lumefantrine 80/480mg,,9363,,,19597,5483,27-Jan-24,5483,27-Jan-24
71855,3095,,Tab - Natrilix 1.5mg,,5169,,,19468,5498,29-Jan-24,,
71857,3095,,Tab - Amlodipine 10mg,,5169,,,19466,5498,29-Jan-24,,
71859,3095,,Tab - Carbamazepine (Hovid) 600mg,,5169,,1,19461,5498,29-Jan-24,,
71860,5550,,Tab -  Diazepam 5mg,,9380,,,19670,4724,29-Jan-24,,
71869,2773,,Tab - Chlorpromazine 100mg,,4073,,1,18565,5035,30-Jan-24,5035,30-Jan-24
71877,5006,,Tab -  Risperidone (Amidirex) 2mg,,8214,,1,19528,4998,30-Jan-24,,
71890,5546,,Tab - Amlodipine 5mg,,9726,,1,20459,4960,1-Feb-24,,
71895,5141,,Tab -  Risperidone (Amidirex) 2mg,,8517,,1,19491,5009,1-Feb-24,,
71907,2254,,Tab -  Risperidone (Amidirex) 2mg,,3355,,1,16958,4608,1-Feb-24,4608,1-Feb-24
71920,4462,,Tab - Neuro-vit Forte,,7026,,,18969,4735,2-Feb-24,,
71921,4462,,Tab - Carbamazepine (Hovid) 200mg,,7026,,,18965,4735,2-Feb-24,,
71922,4462,,Tab - Risperidone (Zepidone) 2mg,,7026,,,18966,4735,2-Feb-24,4735,2-Feb-24
71923,4785,,Tab - Haloperidol 5mg,,7708,,,18348,4735,2-Feb-24,4735,2-Feb-24
71924,3438,,Tab - Trifluoperazine 5mg,,5723,,,19000,4735,2-Feb-24,,
71927,3438,,Tab - Benzhexol 5mg,,5723,,,19001,4735,2-Feb-24,,
71932,2294,,Tab - Olanzapine10mg,,4802,,,19804,4735,2-Feb-24,,
71969,4410,,Tab - Risperidone (Risperdal) 3mg,,7541,,1,21080,5056,2-Feb-24,,
71970,4265,,Tab - Haloperidol 10mg,,7229,,,19801,5299,2-Feb-24,5299,2-Feb-24
71971,4265,,Tab - Atorvastatin 10mg,,7229,,,19808,5299,2-Feb-24,,
71978,5321,,Tab -  Risperidone (Amidirex) 2mg,,9173,,,20928,4657,3-Feb-24,,
71979,5321,,Tab - Neuro-vit Forte,,9173,,,20929,4657,3-Feb-24,,
71980,5823,,Inj - Diazepan 10mg,,10037,,,21200,4979,3-Feb-24,4979,3-Feb-24
71981,5823,,Inj -  Haloperidol 5mg,,10037,,,21199,4979,3-Feb-24,4979,3-Feb-24
71989,5551,,Tab -  Risperidone (Amidirex) 2mg,,9576,,,19679,5496,4-Feb-24,5496,4-Feb-24
71995,3455,,Tab - Benzhexol 5mg,,5170,,,21075,5063,4-Feb-24,,
71996,3455,,Tab - Haloperidol 10mg,,5170,,,21074,5063,4-Feb-24,5063,4-Feb-24
71997,4410,,Tab - .Natrixam1.5mg/10mg,,7541,,1,21082,5063,4-Feb-24,,
71998,4410,,Tab - Paracetamol 500mg,,7541,,,21251,5063,4-Feb-24,5063,4-Feb-24
72014,1809,,Tab - Risperidone (Zepidone) 2mg,,2607,,1,21315,4678,6-Feb-24,,
72021,2362,,Tab - Benzhexol 5mg,,3354,,,21601,5013,6-Feb-24,,
72023,5550,,Inj -  Diazepam 10mg,,9634,,1,21391,5600,6-Feb-24,,
72036,5212,,Tab - Risperidone (Zepidone) 1mg,,8675,,,21720,5056,7-Feb-24,5056,7-Feb-24
72040,3839,,Tab - Haloperidol 10mg,,6115,,1,21531,5056,7-Feb-24,,
72054,5953,,Tab - Risperidone (Zepidone) 2mg,,10391,,,22129,5198,7-Feb-24,,
72055,358,,Tab - Paracetamol 500mg,,9768,,,22196,4639,7-Feb-24,,
72058,5212,,Tab - Paracetamol 500mg,,8675,,,22195,4639,7-Feb-24,,
72059,5212,,Inj - INJ. Paracetamol 300mg,,8675,,,22198,4639,7-Feb-24,,
72072,6027,,Tab - Risperidone (Zepidone) 2mg,,10570,,,22569,4958,8-Feb-24,4958,8-Feb-24
72073,4874,,Tab - Quetiapine 200mg,,7879,,1,20918,5496,8-Feb-24,4748,9-Feb-24
72074,4874,,Tab -  Quetiapine 300mg,,7879,,1,20919,5496,8-Feb-24,5496,8-Feb-24
72110,4534,,Tab - Risperidone (Zepidone) 2mg,,7873,,1,22859,4730,11-Feb-24,4730,11-Feb-24
72120,6101,,Tab -  Risperidone (Amidrex) 2mg,,10767,,1,23053,5615,14-Feb-24,5615,14-Feb-24
72128,5953,,Tab - Paracetamol 500mg,,11168,,,22984,5495,14-Feb-24,,
72140,5227,,Tab - Amlodipine 5mg,,8697,,1,24251,4749,15-Feb-24,4749,15-Feb-24
72143,5227,,Tab - Tegertol CR 200mg,,8697,,,20596,4749,15-Feb-24,,
72154,2110,,Tab - Neuro-vit Forte,,3018,,,20089,4280,16-Feb-24,,
72156,5476,,Tab - Risperidone (Zepidone) 2mg,,10025,,,24531,4284,16-Feb-24,,
72203,5260,,Tab - Neuro-vit Forte,,8776,,1,24371,5496,18-Feb-24,,
72217,4410,,Tab -  Risperidone (Risperdal) 2mg,,7541,,,24619,5487,18-Feb-24,,
72218,4410,,Tab - Haloperidol 10mg,,7541,,1,24620,5487,18-Feb-24,5063,21-Feb-24
72232,3223,,Tab - Benzhexol 5mg,,4817,,1,23307,5477,19-Feb-24,5477,19-Feb-24
72238,3587,,Tab - Trifluoperazine       5mg,,7799,,1,25176,4570,19-Feb-24,,
72249,6341,,Tab - Dispersible ACT 20/120mg X12,,11394,,,25187,4263,19-Feb-24,,
72250,6341,,Tab - Paracetamol 500mg,,11394,,,25186,4263,19-Feb-24,,
72251,6101,,Tab - Paracetamol 500mg,,10767,,,25188,5337,19-Feb-24,5337,19-Feb-24
72257,6245,,Tab - Vitamin C 100mg,,11158,,,24775,4284,19-Feb-24,,
72267,4025,,Tab - Carbamazepine 200mg,,6255,,1,25220,5299,20-Feb-24,,
72278,2811,,Inj -  Fluphenazine Decanote 25mg,,4123,,,24823,5317,20-Feb-24,5317,20-Feb-24
72308,5823,,Tab -  Risperidone (Amidrex) 2mg,,10037,,,25923,5059,23-Feb-24,5059,23-Feb-24
71618,3095,,Tab - Metformin 1000mg,,5169,,,15805,5063,11-Jan-24,,
71624,4836,,Tab - Artemether/Lumefantrine 80/480mg,,7822,,,16436,4959,12-Jan-24,4959,12-Jan-24
71703,382,,Inj - .Fluphenazine Decanoate 50mg,,7801,,,17577,4608,18-Jan-24,4608,18-Jan-24
71721,4025,,Tab - Carbamazepine 200mg,,6255,,1,17126,5317,20-Jan-24,,
71743,4410,,Inj - Diazepan 10mg,,7541,,,16895,5497,22-Jan-24,,
71793,5212,,Inj -  Haloperidol 5mg,,8675,,,18962,5063,25-Jan-24,,
71794,5212,,Inj - Vitamin B.co,,8675,,,18961,5063,25-Jan-24,5063,25-Jan-24
71799,1996,,Tab - Benzhexol 5mg,,2782,,,19046,4608,25-Jan-24,4608,25-Jan-24
71800,1996,,Inj - .Fluphenazine Decanoate 50mg,,2782,,,19045,4608,25-Jan-24,4608,25-Jan-24
71802,4410,,"Tab - Risperdal 3mg,4mg",,7541,,1,16415,5496,25-Jan-24,5496,25-Jan-24
71838,5543,,Inj -  Fluphenazine Decanote 25mg,,9367,,,19635,4960,27-Jan-24,,
71865,5551,,Tab -  Lamotrigine 50mg,,9381,,,19681,4724,29-Jan-24,,
71880,4815,,Tab -  Ascorbic Acid (Vit.C) 100mg,,7765,,,19410,5064,31-Jan-24,,
71883,4815,,Tab - Vitamin C 100mg,,7765,,,17289,4598,31-Jan-24,,
71888,4874,,Cap - .Fluconazole 150mg,,7879,,,19666,4543,1-Feb-24,4543,1-Feb-24
71889,4874,,Tab - Neuro-vit Forte,,7879,,,16327,4543,1-Feb-24,,
71891,1809,,Tab - Risperidone (Zepidone) 2mg,,2607,,1,18354,4678,1-Feb-24,4678,1-Feb-24
71892,1809,,Tab - Benzhexol 5mg,,2607,,1,18353,4678,1-Feb-24,4678,1-Feb-24
71915,3438,,Tab - Ferrous Sulfate 200mg,,5723,,,19004,5335,2-Feb-24,4735,2-Feb-24
71951,4534,,Tab -  Risperidone (Amidirex) 2mg,,7873,,,17006,4720,2-Feb-24,,
71952,2795,,Tab -  Risperidone (Amidirex) 2mg,,4067,,1,19812,5299,2-Feb-24,,
71957,5811,,Inj - Diazepan 10mg,,10010,,,21166,5198,2-Feb-24,,
71963,414,,Tab - Risperidone (Zepidone) 2mg,,6637,,1,19123,5299,2-Feb-24,,
71965,5698,,Tab -  Zopiclone 7.5mg,,9731,,,20655,5299,2-Feb-24,5299,2-Feb-24
71972,1596,,Tab - Risperidone (Zepidone) 2mg,,2366,,1,20116,5056,2-Feb-24,,
71985,5729,,Cap - Cap. Amoxycillin 500mg x 100,,9807,,1,21187,5496,4-Feb-24,,
71986,5729,,Tab - Paracetamol 500mg,,9807,,1,21186,5496,4-Feb-24,,
71988,3224,,Tab - Benzhexol 5mg,,7793,,,20840,5496,4-Feb-24,,
71991,5502,,Tab - Risperdal 2mg,,9283,,1,20876,5042,4-Feb-24,5042,4-Feb-24
71992,5141,,Tab -  Risperidone (Amidirex) 2mg,,8517,,1,20780,5042,4-Feb-24,5042,4-Feb-24
72025,2055,,Tab - Benzhexol 5mg,,10104,,1,21922,4733,6-Feb-24,4733,6-Feb-24
72026,2055,,Tab - Pyridoxine 50mg,,10104,,1,21921,4733,6-Feb-24,4730,9-Feb-24
72027,2055,,Tab - Chlorpromazine 100mg,,10104,,1,21920,4733,6-Feb-24,,
72037,5212,,Tab - Amitriptyline 75mg,,8675,,,21719,5056,7-Feb-24,,
72038,358,,Tab - Risperidone (Zepidone) 2mg,,9768,,1,21507,5056,7-Feb-24,5056,7-Feb-24
72056,3584,,Tab - Paracetamol 500mg,,5418,,,22197,4639,7-Feb-24,,
72064,5483,,Tab - Chlorpromazine 100mg,,9217,,1,21013,4745,8-Feb-24,,
72069,5953,,Tab - Paracetamol 500mg,,10430,,,22188,4955,8-Feb-24,,
72078,6027,,Tab -  Zopiclone 7.5mg,,10570,,,22566,4958,8-Feb-24,,
72079,2607,,Tab - Risperidone (Zepidone) 2mg,,4076,,,21298,4572,8-Feb-24,4572,8-Feb-24
72082,3587,,Tab - Trifluoperazine 5mg,,7799,,1,21417,4572,8-Feb-24,,
72083,5142,,Tab - Neuro-vit Forte,,8676,,,22316,4572,8-Feb-24,,
72084,5142,,Tab - Benzhexol 5mg,,8676,,,22315,4572,8-Feb-24,,
72086,4126,,Tab - Neuro-vit Forte,,7803,,,21536,4572,8-Feb-24,,
72115,819,,Tab - Benzhexol 5mg,,10768,,1,23089,5495,12-Feb-24,,
72135,3268,,Tab - Neuro-vit Forte,,4897,,1,22909,5013,15-Feb-24,,
72136,6103,,Tab - Amlodipine 5mg,,11145,,1,24150,4663,15-Feb-24,4663,15-Feb-24
72137,6103,,Tab - Risperidone (Zepidone) 2mg,,11145,,,24149,4663,15-Feb-24,4608,16-Feb-24
72138,5227,,Tab - Vitamin C 100mg,,8697,,,24254,4749,15-Feb-24,,
72139,5227,,Cap -  Amoxicillin 500mg,,8697,,,24253,4749,15-Feb-24,,
72142,5227,,Tab - Risperidone (Risperdal) 3mg,,8697,,,24209,4749,15-Feb-24,,
72144,5483,,Tab - Chlorpromazine 100mg,,9217,,1,22989,4749,15-Feb-24,,
72145,5482,,Tab - Benzhexol 5mg,,9469,,1,22988,4749,15-Feb-24,,
72146,5482,,Tab - Chlorpromazine 100mg,,9469,,1,22987,4749,15-Feb-24,,
72157,5550,,Tab - Haloperidol 5mg am 10mg ON,,9634,,,24492,5599,16-Feb-24,5599,16-Feb-24
72164,382,,Tab - Zepidone 3mg,,7801,,,24083,4608,16-Feb-24,,
72165,382,,Tab - Benzhexol 5mg,,7801,,,24084,4608,16-Feb-24,,
72169,6101,,"Tab - Tab. Risperidone 1mg, 2mg (Zepidone)",,10767,,1,24188,4608,16-Feb-24,,
72170,1996,,Tab - Benzhexol 5mg,,2782,,,24049,4608,16-Feb-24,,
72171,1996,,Inj - Fluphenazine Decanoate 50mg,,2782,,,24048,4608,16-Feb-24,,
72172,1996,,Tab - Risperidone (Zepidone) 2mg,,2782,,,24047,4608,16-Feb-24,,
72222,6407,,Tab - Benzhexol 5mg,,11574,,,24771,5495,19-Feb-24,,
72223,2013,,Tab - Trifluoperazine       5mg,,4178,,,24085,4570,19-Feb-24,,
72230,6259,,Tab - Metformin 500mg,,11179,,,24199,5477,19-Feb-24,5477,19-Feb-24
72237,3587,,Tab - Neuro-vit Forte,,7799,,1,25177,4570,19-Feb-24,,
72246,6309,,Tab - Risperidone (Zepidone) 2mg,,11335,,,25118,4570,19-Feb-24,,
72254,358,,Tab - Risperidone (Zepidone) 2mg,,9768,,1,24854,4284,19-Feb-24,,
72259,6245,,Tab -  Diazepam 5mg,,11158,,,24666,4284,19-Feb-24,,
72260,6341,,Tab - Risperidone (Zepidone) 2mg,,11394,,,25166,4280,20-Feb-24,,
72266,5212,,Tab - Risperidone (Zepidone) 2mg,,8675,,1,25265,5064,20-Feb-24,5059,23-Feb-24
72309,4410,,Tab - Carbamazepine TEGRETOL (Plain) 200mg,,7541,,1,25956,5059,23-Feb-24,,
72314,5483,,Tab - Chlorpromazine 100mg,,9217,,1,24514,4739,24-Feb-24,,
72335,6683,,Tab - Paracetamol 500mg,,12232,,,26387,5655,25-Feb-24,,
72358,178,,Tab - Trifluoperazine 5mg,,7798,,,26458,5341,26-Feb-24,,
72361,6534,,Tab -  Risperidone (Risperdal) 2mg,,11867,,1,26474,5341,26-Feb-24,5341,26-Feb-24
72363,4265,,Tab - Artovastatin 10mg,,7229,,,26653,5477,26-Feb-24,,
72401,2607,,Tab -  Risperidone (Amidrex) 2mg,,4076,,1,26866,4746,28-Feb-24,,
72404,6261,,Tab -  Folic Acid 5mg,,11181,,1,27127,5598,28-Feb-24,,
72405,758,,Tab - Nifedipine 30mg,,8578,,1,26937,5061,28-Feb-24,,
72407,6259,,Tab - Benzhexol 5mg,,11179,,1,24198,5598,28-Feb-24,,
72408,6259,,Tab - Haloperidol 5mg,,11179,,1,24197,5598,28-Feb-24,5598,28-Feb-24
72411,706,,Tab - Paracetamol 500mg,,12578,,,27232,4933,28-Feb-24,4933,28-Feb-24
72420,5698,,Tab - Neuro-vit Forte,,9731,,1,26834,5156,29-Feb-24,,
72421,5261,,Tab - Zepidone 3mg,,8780,,1,27309,4640,29-Feb-24,,
72423,1436,,Tab - Zepidone 3mg,,2463,,,27339,5156,29-Feb-24,5156,29-Feb-24
72425,6331,,Tab - Neuro-vit Forte,,11409,,1,27422,5156,29-Feb-24,5156,29-Feb-24
72426,6106,,Tab - Artemether/Lumefantrine 80/480mg,,11114,,,27599,4598,29-Feb-24,4598,29-Feb-24
72427,6106,,Tab - Paracetamol 500mg,,11114,,,27598,4598,29-Feb-24,4748,1-Mar-24
72428,6106,,Cap -  Amoxicillin 500mg,,11114,,,27597,4598,29-Feb-24,,
72429,5175,,Tab - Benzhexol 5mg,,8879,,1,27365,4536,29-Feb-24,4536,29-Feb-24
72430,5175,,Tab - Chlorpromazine 100mg,,8879,,1,27364,4536,29-Feb-24,4536,29-Feb-24
72434,5321,,Tab - Risperidone (Zepidone) 2mg,,9173,,,27899,4608,1-Mar-24,,
72435,6901,,Tab - Neuro-vit Forte,,12795,,1,27604,4955,1-Mar-24,,
72436,2110,,Tab - Neuro-vit Forte,,3018,,,26999,4746,1-Mar-24,,
72437,1596,,Tab - Benzhexol 5mg,,2366,,1,27015,5487,1-Mar-24,,
72438,5476,,Tab -  Risperidone (Amidrex) 2mg,,10025,,1,27895,5487,1-Mar-24,,
72439,5551,,Tab - Risperidone (Zepidone) 2mg,,9576,,1,26818,5496,1-Mar-24,,
72440,3962,,Tab - Risperidone (Zepidone) 2mg,,6119,,1,27630,5496,1-Mar-24,5496,1-Mar-24
72441,4874,,Tab - Sodium Valporate (Eppilim) 500mg,,7879,,1,27644,5496,1-Mar-24,,
72442,6772,,Tab - Risperidone (Zepidone) 2mg,,12891,,1,27957,5496,1-Mar-24,,
72443,6772,,Tab - Neuro-vit Forte,,12891,,,27958,5496,1-Mar-24,,
72444,5683,,Tab - Carbamazepine 200mg,,12158,,1,26642,5477,2-Mar-24,,
72446,5683,,Tab -  Quetiapine 300mg,,12158,,,26640,5477,2-Mar-24,,
71612,2842,,Tab - Amitriptyline 25mg,,4191,,1,15811,5063,10-Jan-24,,
71613,2842,,Tab -  Risperidone 2mg (orally dispersed),,4191,,1,15810,5063,10-Jan-24,,
71620,4785,,Inj - Tetanus Toxoid 0.5mg,,7708,,,16171,4724,12-Jan-24,,
71656,4462,,Tab - Carbamazepine 200mg,,7026,,1,16007,5296,14-Jan-24,,
71657,2795,,tab haloperidol,,4067,,1,14860,4554,14-Jan-24,4554,14-Jan-24
71659,1436,,Tab - Benzhexol 5mg,,2463,,,13005,4554,14-Jan-24,,
71663,4025,,Tab - Chlopromazine 200mg,,6255,,,13893,4554,14-Jan-24,,
71666,3839,,Inj -  Haloperidol 5mg,,6115,,,15863,5056,14-Jan-24,,
71678,3058,,Tab - Haloperidol 5mg,,4562,,,16943,4991,16-Jan-24,,
71679,3058,,Tab - Benzhexol 5mg,,4562,,,16944,4991,16-Jan-24,,
71693,5006,,Tab -  Diazepam 5mg,,8214,,,17296,4958,17-Jan-24,,
71724,4792,,Tab -  Risperidone (Amidirex) 2mg,,7726,,1,18014,5007,20-Jan-24,5007,20-Jan-24
71748,5260,,Tab - Neuro-vit Forte,,8776,,1,18429,4959,22-Jan-24,,
71751,5261,,Tab -  Risperidone (Amidirex) 2mg,,8780,,,18422,4959,22-Jan-24,,
71765,104,,Tab - Vitamin C 100mg,,8861,,,18489,4961,23-Jan-24,,
71768,2256,,Tab - Amlodipine 5mg,,4165,,1,18501,5317,23-Jan-24,,
71770,4025,,Tab - Carbamazepine 200mg,,6255,,,18566,5317,23-Jan-24,,
71777,5304,,Tab -  Diazepam 5mg,,8855,,,18667,5198,23-Jan-24,,
71779,5321,,Tab - Neuro-vit Forte,,8885,,1,18825,5481,24-Jan-24,5481,24-Jan-24
71797,5142,,Tab - Thiamine 100mg,,8676,,,19038,4608,25-Jan-24,,
71841,4534,,Tab - Ferrous Sulfate 200mg,,7873,,,19455,4733,28-Jan-24,4733,28-Jan-24
71870,3839,,Tab - Chlorpromazine 100mg,,6115,,1,19915,5496,30-Jan-24,5496,30-Jan-24
71893,4702,,Tab - Neuro-vit Forte,,8275,,1,19827,5009,1-Feb-24,,
71918,4108,,Tab - Neuro-vit Forte,,6375,,,20642,4735,2-Feb-24,,
71919,4108,,Tab - Haloperidol 5mg,,6375,,1,20641,4735,2-Feb-24,,
71936,3679,,Tab - Vitamin B Complex,,5636,,,20603,4735,2-Feb-24,4735,2-Feb-24
71939,2255,,Tab - Risperidone (Zepidone) 2mg,,3356,,1,19733,4735,2-Feb-24,4735,2-Feb-24
71942,4185,,Tab - Benzhexol 5mg,,6827,,1,18540,4735,2-Feb-24,,
71943,1,,Tab - Amlodipine 5mg,,9930,,,19548,1,2-Feb-24,,
71946,5260,,Tab - Neuro-vit Forte,,8776,,1,19608,5496,2-Feb-24,5496,2-Feb-24
71977,3972,,Tab - Chlorpromazine 100mg,,6134,,,20504,4730,3-Feb-24,4730,3-Feb-24
71990,5502,,Tab - Cognium,,9283,,1,20877,5042,4-Feb-24,,
72006,5059,,Tab - Haloperidol 5mg,,8339,,,19945,5477,5-Feb-24,,
72007,5047,,Tab - Olanzapine (Ozace)10mg x 30,,8526,,1,21595,5477,5-Feb-24,,
72009,5059,,Tab - Benzhexol 5mg,,8339,,,21678,5477,6-Feb-24,,
72015,1809,,Tab - Benzhexol 5mg,,2607,,,21316,4678,6-Feb-24,,
72022,2362,,Tab - Haloperidol 10mg,,3354,,,21600,5013,6-Feb-24,,
72041,3839,,Tab - Carbamazepine (Carbimi CR) 400mg,,6115,,1,21530,5056,7-Feb-24,,
72091,4167,,Tab - Benzhexol 5mg,,7473,,,22238,4730,9-Feb-24,4730,9-Feb-24
72101,5550,,Tab - Paracetamol 500mg,,9634,,,23054,5013,10-Feb-24,,
72103,5550,,Tab - Neuro-vit Forte,,9634,,1,22856,5013,10-Feb-24,,
72116,4875,,Tab - Haloperidol 10mg,,7880,,1,23450,4572,13-Feb-24,4572,13-Feb-24
72121,6172,,Tab -  Risperidone (Amidrex) 2mg,,11069,,1,23605,5615,14-Feb-24,5615,14-Feb-24
72131,4265,,Tab - Atorvastatin 10mg,,7229,,1,23304,5038,14-Feb-24,,
72132,2055,,Tab - Pyridoxine 50mg,,10104,,1,23515,4730,15-Feb-24,4730,15-Feb-24
72152,2792,,Tab -  Risperidone (Amidrex) 2mg,,4063,,1,21509,5299,16-Feb-24,,
72163,6309,,Inj -  Diazepam 10mg,,11335,,,24249,4608,16-Feb-24,,
72173,6367,,Cap - Omepraxole 20mg,,11493,,,24626,4629,16-Feb-24,,
72177,3790,,Cap -  Amoxicillin 500mg,,5799,,,23670,4998,16-Feb-24,,
72181,5321,,Tab -  Risperidone (Amidrex) 2mg,,9173,,,24480,4536,17-Feb-24,,
72182,5321,,Tab - Neuro-vit Forte,,9173,,,24481,4536,17-Feb-24,,
72195,6106,,Inj -  Haloperidol 5mg,,11114,,,23909,5496,18-Feb-24,,
72196,5219,,"Tab - Sodium Valporate (Eppilim) 500mg,1000mg",,8721,,1,22762,5496,18-Feb-24,,
72198,5219,,Tab - Benzhexol 5mg,,8721,,,19326,5496,18-Feb-24,5496,18-Feb-24
72205,5885,,"Tab - Haloperidol 5mg,10mg",,10201,,1,23160,5496,18-Feb-24,,
72206,5885,,Tab - Benzhexol 5mg,,10201,,1,23162,5496,18-Feb-24,,
72207,5885,,Tab - Amitriptyline 25mg,,10201,,1,23161,5496,18-Feb-24,,
72208,5551,,"Tab - Sodium Valporate (Eppilim) 400mg, 400mg",,9576,,1,23686,5496,18-Feb-24,,
72224,2013,,Tab - Benzhexol 5mg,,4178,,,17467,4570,19-Feb-24,,
72229,3687,,Tab - Zepidone 3mg,,7800,,1,24015,4570,19-Feb-24,,
72234,4265,,Tab - Atorvastatin 10mg,,7229,,1,24860,5477,19-Feb-24,,
72235,4265,,Tab - Amlodipine 5mg,,7229,,1,24861,5477,19-Feb-24,5477,19-Feb-24
72236,4265,,Tab - Benzhexol 5mg,,7229,,1,24880,5477,19-Feb-24,,
72240,5494,,Tab - Haloperidol 10mg,,9236,,1,24972,4570,19-Feb-24,,
72243,6259,,Inj -  Haloperidol 5mg,,11179,,,24776,5317,19-Feb-24,,
72247,6293,,Tab - Paracetamol 500mg,,11282,,,24715,4638,19-Feb-24,,
72248,6293,,Tab - Aspirin 75mg,,11282,,,24761,4638,19-Feb-24,,
72252,6412,,Tab -  Risperidone (Amidrex) 2mg,,11584,,,24955,4623,19-Feb-24,,
72256,5047,,Tab - Olanzapine (Ozace)10mg x 30,,8526,,,24808,4284,19-Feb-24,,
72282,6474,,Others - Infusion Paracetamol 500mg,,11735,,,25551,4956,20-Feb-24,4956,20-Feb-24
72285,758,,Tab -  Lisinopril 10mg,,8578,,,24973,5013,21-Feb-24,,
72298,414,,Tab - Risperidone (Zepidone) 2mg,,6637,,1,25628,5477,22-Feb-24,,
72299,414,,Tab - Epilim 200mg,,6637,,1,25627,5477,22-Feb-24,,
72300,5142,,"Tab - Risperidone (Zepidone) 2mg,3mg",,8676,,,25662,5529,22-Feb-24,,
72301,5142,,Inj - Fluphenazine Decanoate 50mg,,8676,,,25661,5529,22-Feb-24,,
72302,5550,,Inj -  Haloperidol 5mg,,9634,,1,25167,5013,22-Feb-24,,
72304,2013,,Tab - Trifluoperazine       5mg,,4178,,,17466,4533,23-Feb-24,4533,23-Feb-24
72310,4410,,Tab - .Natrixam1.5mg/10mg,,7541,,1,25953,5059,23-Feb-24,,
72311,3585,,Tab - Artemether/Lumefantrine 80/480mg,,11953,,,25917,4601,24-Feb-24,,
72319,6683,,Inj - Metoclopramide 10MG/2ml,,12232,,,26362,4633,24-Feb-24,4607,24-Feb-24
72322,6668,,Tab -  Diazepam 5mg,,12205,,,26297,4739,24-Feb-24,4739,24-Feb-24
72324,6245,,Tab - Vitamin C 100mg,,11158,,,26293,5064,24-Feb-24,,
72334,6259,,Inj - Ceftriaxone 1g (Biophin),,11179,,,25475,4908,25-Feb-24,,
72343,3587,,Tab - Benzhexol 5mg,,7799,,1,21419,4608,25-Feb-24,4608,25-Feb-24
72356,178,,Tab - Neuro-vit Forte,,7798,,,26460,5341,26-Feb-24,,
72357,178,,Tab - Benzhexol 5mg,,7798,,,26459,5341,26-Feb-24,5341,26-Feb-24
72362,4265,,Tab - Amlodipine 5mg,,7229,,,26654,5477,26-Feb-24,5477,26-Feb-24
72371,5059,,Tab - Carbamazepine 200mg,,8339,,,26694,5056,26-Feb-24,,
72372,5059,,Tab - Risperidone (Zepidone) 2mg,,8339,,,26695,5056,26-Feb-24,5056,26-Feb-24
72373,5047,,Tab - Olanzapine (Ozace)10mg x 30,,8526,,1,26689,5056,26-Feb-24,5056,26-Feb-24
72375,6739,,Tab - Neuro-vit Forte,,12392,,,26796,5198,27-Feb-24,4749,27-Feb-24
72387,6739,,Tab -  Risperidone (Amidrex) 2mg,,12392,,,26795,4749,27-Feb-24,4749,27-Feb-24
72391,6245,,Tab -  Folic Acid 5mg,,11158,,,27086,4991,27-Feb-24,5487,20-Mar-24
72395,6681,,Tab -  Risperidone (Amidrex) 2mg,,12230,,,26353,4745,27-Feb-24,,
72406,6259,,Tab - Amlodipine 10mg,,11179,,,24200,5598,28-Feb-24,,
72409,497,,Inj - Fluphenazine Decanoate 50mg,,11864,,,26637,4746,28-Feb-24,,
72416,4025,,Tab - Risperidone (Zepidone) 2mg,,6255,,1,25218,5156,29-Feb-24,5156,29-Feb-24
72417,3223,,Tab - Risperidone (Zepidone) 2mg,,4817,,1,26664,5156,29-Feb-24,,
72419,5698,,Tab - Fluoxetine 20mg,,9731,,1,26832,5156,29-Feb-24,,
72424,6331,,Tab - Risperidone (Zepidone) 2mg,,11409,,1,27421,5156,29-Feb-24,5156,29-Feb-24
72449,6259,,Tab -  Folic Acid 5mg,,11179,,1,27965,5299,2-Mar-24,5299,2-Mar-24
72451,6259,,Tab - Haloperidol 5mg,,11179,,1,27531,5299,2-Mar-24,,
72452,6259,,Tab - Benzhexol 5mg,,11179,,1,27530,5299,2-Mar-24,,
72458,6680,,Tab - Nitrazepam (swidon) 5mg,,12226,,,27963,5063,2-Mar-24,,
72459,6955,,Tab -  Olanzapine 5mg (Ozace) x 30,,12960,,,28071,4958,3-Mar-24,,
71604,4534,,Tab - Risperidone (Zepidone) 2mg,,7186,,,15265,4956,9-Jan-24,,
71609,3839,,Tab - Chlorpromazine 100mg,,6115,,,15802,4999,10-Jan-24,,
71610,3839,,Tab - Carbamazepine 200mg,,6115,,,15793,5063,10-Jan-24,,
71622,4815,,Tab Neurovite,,7765,,,16390,4959,12-Jan-24,4959,12-Jan-24
71627,4836,,Inj - INJ. Paracetamol 300mg,,7822,,,16431,4959,12-Jan-24,,
71632,4836,,Inj -  Ceftriazone,,7822,,,16435,4959,12-Jan-24,,
71654,3058,,Tab - Benzhexol 5mg,,4562,,1,15497,5056,14-Jan-24,5056,14-Jan-24
71658,1436,,Tab - Haloperidol 5mg,,2463,,,14146,4554,14-Jan-24,4554,14-Jan-24
71662,4025,,Tab - Benzhexol 5mg,,6255,,,13895,4554,14-Jan-24,4554,14-Jan-24
71664,2792,,Tab -  Risperidone (Amidirex) 2mg,,4063,,1,14850,4554,14-Jan-24,,
71667,4878,,Tab - Olanzapine (olanza) 5mg,,7883,,,16518,4742,14-Jan-24,,
71668,4875,,Tab - Tab. Risperidone (Amidirex) 1mg,,7880,,,16531,4742,14-Jan-24,,
71669,3455,,Tab - Avomine(Promethazine theocoate),,5170,,,16570,5057,14-Jan-24,5057,14-Jan-24
71680,3455,,Cap - Omepraxole 20mg,,5170,,,17330,4999,17-Jan-24,,
71681,4025,,Tab - Chlorpromazine 100mg,,6255,,1,17125,5317,17-Jan-24,,
71685,4410,,Tab - Risperidone (Risperdal) 3mg,,7541,,1,16886,5058,17-Jan-24,,
71687,3095,,Tab -  Lisinopril 10mg,,5169,,,15807,5058,17-Jan-24,,
71694,3455,,Tab -  Carbamazepine (Tegretol) 600mg CR,,5170,,1,16885,5496,17-Jan-24,,
71697,2842,,Tab - Amitriptyline 25mg,,4191,,,16377,5056,17-Jan-24,5056,17-Jan-24
71698,3455,,Inj -  Promethazine,,5170,,,17328,4273,17-Jan-24,,
71706,1596,,Inj -  Fluphenazine Decanote 25mg,,2366,,,15378,5063,18-Jan-24,,
71716,3679,,Tab - Haloperidol 5mg,,5636,,1,17497,5061,19-Jan-24,,
71717,3679,,Tab - Tegertol CR 200mg,,5636,,1,17496,5061,19-Jan-24,,
71726,5006,,Tab -  Risperidone (Amidirex) 2mg,,8214,,1,18016,5007,20-Jan-24,5007,20-Jan-24
71727,2590,,Tab - Neuro-vit Forte,,5930,,,17526,5007,20-Jan-24,,
71735,5229,,Tab - Neuro-vit Forte,,8699,,,18154,4724,21-Jan-24,,
71763,5229,,Tab - Chlorpromazine 100mg,,8878,,,18616,5480,23-Jan-24,,
71783,4410,,Tab - Amlodipine 10mg,,7541,,1,18895,5034,24-Jan-24,,
71798,5142,,Tab -  Risperidone 2mg (orally dispersed),,8676,,1,19037,4608,25-Jan-24,,
71804,3434,,Tab - Benzhexol 5mg,,5153,,,18976,4608,25-Jan-24,,
71817,4869,,Tab -  Folic Acid 5mg,,8297,,,18170,4643,26-Jan-24,,
71818,4869,,Tab - Ferrous Sulfate 200mg,,8297,,,18169,4643,26-Jan-24,,
71821,5507,,Tab - Amitriptyline 25mg,,9295,,,19540,4961,27-Jan-24,,
71825,5507,,Tab - Paracetamol 500mg,,9295,,,19538,4961,27-Jan-24,,
71851,382,,Inj -  Haloperidol 5mg,,7801,,,19665,4608,29-Jan-24,4536,5-Feb-24
71854,3095,,Tab - Metformin 500mg,,5169,,,19469,5498,29-Jan-24,,
71858,3095,,Tab -  Risperidone (Amidirex) 3mg,,5169,,1,19465,5498,29-Jan-24,,
71864,5551,,Tab - Neuro-vit Forte,,9381,,,19682,4724,29-Jan-24,,
71899,382,,Tab - Risperidone (Zepidone) 2mg,,7801,,,20549,4570,1-Feb-24,4570,1-Feb-24
71901,5739,,Tab - Risperidone (Zepidone) 2mg,,9825,,,20735,4598,1-Feb-24,4598,1-Feb-24
71905,4875,,Tab - Benzhexol 5mg,,7880,,,20039,4608,1-Feb-24,4608,1-Feb-24
71911,3824,,Tab - Carbamazepine (Hovid) 200mg,,5880,,,20810,5013,1-Feb-24,,
71916,5711,,Tab -  Risperidone (Amidirex) 2mg,,9786,,1,20972,4623,2-Feb-24,,
71917,5444,,Tab - Vitamin C 100mg,,9927,,,20904,4735,2-Feb-24,4735,2-Feb-24
71931,3036,,Tab - Neuro-vit Forte,,4501,,1,20686,4735,2-Feb-24,,
71944,1,,Tab - Paracetamol 500mg,,9930,,,3163,1,2-Feb-24,,
71945,1,,Tab - Propranolol 40mg,,9930,,,3162,1,2-Feb-24,,
71953,2795,,Tab - Haloperidol 10mg,,4067,,1,16905,5299,2-Feb-24,,
71959,5811,,Tab - Haloperidol 5mg,,10010,,,21162,5198,2-Feb-24,,
71964,2792,,Tab -  Risperidone (Amidirex) 2mg,,4063,,1,18363,5299,2-Feb-24,,
71967,5698,,Tab - Neuro-vit Forte,,9731,,,20654,5299,2-Feb-24,,
72008,5059,,Tab - Neuro-vit Forte,,8339,,,19946,5477,6-Feb-24,,
72031,3824,,Tab - Carbamazepine TEGRETOL (Plain) 200mg,,5880,,,18605,5013,7-Feb-24,,
72032,3824,,Tab - Haloperidol 5mg,,5880,,,18604,5013,7-Feb-24,,
72057,3584,,Tab - Risperidone (Zepidone) 2mg,,5418,,,21767,4639,7-Feb-24,4639,7-Feb-24
72067,236,,Tab - Diclofenac sodium 50mg,,10238,,,22282,4601,8-Feb-24,,
72090,4167,,Tab - Haloperidol 10mg,,7473,,,22243,4730,9-Feb-24,,
72094,5502,,Inj -  Fluphenazine Decanote 25mg,,9283,,,22811,5011,9-Feb-24,,
72097,5141,,Tab -  Risperidone (Amidrex) mg,,8517,,1,22885,5011,9-Feb-24,,
72099,4785,,Tab - Paracetamol 500mg,,7708,,,22956,4544,10-Feb-24,,
72100,3455,,Tab - Haloperidol 5mg,,5170,,1,22623,5063,10-Feb-24,4284,19-Feb-24
72102,5550,,Tab - Haloperidol 5mg,,9634,,1,22855,5013,10-Feb-24,,
72104,4836,,Tab - Carbamazepine TEGRETOL (Plain) 200mg,,7822,,1,22917,5013,10-Feb-24,,
72107,5957,,Tab - Haloperidol 10mg,,10400,,1,22370,4735,10-Feb-24,4735,10-Feb-24
72109,1436,,Tab - Benzhexol 5mg,,2463,,1,17433,5298,10-Feb-24,,
72112,5729,,Tab - Benzhexol 5mg,,9807,,1,22674,4748,11-Feb-24,4748,11-Feb-24
72113,5006,,Tab - Fluoxetine 20mg,,8214,,1,22863,4998,11-Feb-24,5498,19-Feb-24
72141,5227,,Tab - Carbamazepine 200mg,,8697,,,24210,4749,15-Feb-24,,
72162,6309,,Inj -  Haloperidol 5mg,,11335,,,24250,4608,16-Feb-24,,
72178,4657,,Tab - Artemether/Lumefantrine 80/480mg,,7422,,,24682,4739,16-Feb-24,4739,16-Feb-24
72189,5739,,"Tab - Risperidone (Zepidone) 1mg,2mg",,10038,,1,24561,5496,18-Feb-24,,
72194,6106,,"Tab - Haloperidol 5mg,10mg",,11114,,1,24471,5496,18-Feb-24,,
72199,3224,,Tab - Benzhexol 5mg,,7793,,,24416,5496,18-Feb-24,5496,18-Feb-24
72219,2792,,Tab - Tab. Risperidone 0.5mg (Zepidone),,4063,,,24793,5477,19-Feb-24,5598,19-Feb-24
72239,3587,,Inj -  Fluphenazine Decanote 25mg,,7799,,1,25175,4570,19-Feb-24,,
72258,6245,,Tab - Ibuprofen 200mg,,11158,,,24774,4284,19-Feb-24,,
72261,5304,,Tab -  Risperidone (Amidrex) 2mg,,9016,,,22806,4560,20-Feb-24,4560,20-Feb-24
72269,6474,,Inj -  Ceftriazone 1g (Generic),,11735,,,25315,4958,20-Feb-24,,
72276,4025,,Inj -  Fluphenazine Decanote 25mg,,6255,,1,25219,5317,20-Feb-24,,
72280,4875,,Tab - Haloperidol 10mg,,7880,,1,25301,4608,20-Feb-24,,
72284,758,,Tab - Nifedipine 30mg,,8578,,1,24974,5013,21-Feb-24,,
72286,3824,,Tab - Carbamazepine TEGRETOL (Plain) 200mg,,5880,,,25446,5013,21-Feb-24,,
72288,4192,,Tab - Chlorpromazine 100mg,,8082,,,25424,5013,21-Feb-24,5013,21-Feb-24
72294,6331,,Tab - Neuro-vit Forte,,11409,,1,25630,5038,22-Feb-24,,
72295,6331,,Tab - Risperidone (Zepidone) 2mg,,11409,,,25629,5038,22-Feb-24,,
72296,4467,,Tab - Neuro-vit Forte,,7041,,,25488,4746,22-Feb-24,4746,22-Feb-24
72305,3455,,Tab - Benzhexol 5mg,,5170,,1,26033,5059,23-Feb-24,,
72326,6680,,Inj -  Haloperidol 5mg,,12226,,,26394,5064,24-Feb-24,5064,24-Feb-24
72329,5683,,Tab - Trifluoperazine       5mg,,12158,,1,26210,5316,24-Feb-24,,
72330,5059,,Tab - Artemether/Lumefantrine 80/480mg,,8339,,,26392,5064,24-Feb-24,5064,24-Feb-24
72349,4534,,Tab - Risperidone (Zepidone) 2mg,,7873,,1,25986,4710,26-Feb-24,,
72350,2362,,Tab - Benzhexol 5mg,,3354,,1,25147,5498,26-Feb-24,5498,28-Feb-24
72353,6539,,Tab -  Clozapine 100mg,,11872,,1,26506,5341,26-Feb-24,,
72364,4265,,Tab - Haloperidol 5mg,,7229,,,26651,5477,26-Feb-24,5477,26-Feb-24
72366,5885,,Inj -  Haloperidol 5mg,,10201,,,26449,4608,26-Feb-24,,
72367,5885,,Inj -  Diazepam 10mg,,10201,,,26448,4608,26-Feb-24,,
72368,5494,,Tab - Haloperidol 5mg,,9236,,1,26538,4608,26-Feb-24,,
72369,5494,,Tab - Benzhexol 5mg,,9236,,1,26537,4608,26-Feb-24,,
72370,4410,,Tab - Haloperidol 10mg,,7541,,1,25951,5056,26-Feb-24,,
72376,6547,,Tab - Paracetamol 500mg,,12070,,,26932,5299,27-Feb-24,,
72377,6547,,Tab - Chlorpheniramine 4mg,,12070,,,26931,5299,27-Feb-24,,
72385,2607,,Tab - Tab.Azithromycin 500mg,,4076,,,26867,4636,27-Feb-24,,
72386,6800,,Inj - INJ. Paracetamol 300mg,,12566,,,27160,4607,27-Feb-24,,
72393,1596,,Tab - Risperidone (Zepidone) 2mg,,2366,,1,27014,4284,27-Feb-24,4284,27-Feb-24
71607,4657,,Tab -  Diazepam 5mg,,7422,,,15743,4636,10-Jan-24,,
71683,3839,,Tab - Prednisone 5mg,,6115,,,16888,5058,17-Jan-24,,
71686,3058,,Tab - Haloperidol 5mg,,4562,,,15608,5058,17-Jan-24,,
71688,3095,,Tab - Carbamazepine 200mg,,5169,,,10981,5058,17-Jan-24,5058,17-Jan-24
71689,3095,,Tab - Natrilix 1.5mg,,5169,,,15809,5058,17-Jan-24,,
71714,3679,,Tab - Vitamin B Complex,,5636,,1,17499,5061,19-Jan-24,,
71720,1436,,Tab - Trifluoperazine 5mg,,2463,,,17432,5317,20-Jan-24,,
71722,2256,,Tab Chloropromazin 100mg,,4165,,,13885,5317,20-Jan-24,5317,20-Jan-24
71732,5227,,Tab - Carbamazepine 200mg,,8697,,,18133,4724,21-Jan-24,,
71733,5227,,Tab -  Diazepam 5mg,,8697,,,18132,4724,21-Jan-24,,
71752,2011,,Tab - Neuro-vit Forte,,2791,,,8742,5296,23-Jan-24,5296,23-Jan-24
71754,3839,,Tab - Chlorpromazine 200mg,,6115,,,18323,5496,23-Jan-24,5496,23-Jan-24
71805,3434,,Inj - .Fluphenazine Decanoate 50mg,,5153,,,18975,4608,25-Jan-24,,
71810,4467,,Tab - Neuro-vit Forte,,7041,,,18493,4998,26-Jan-24,4998,26-Jan-24
71814,5321,,Tab - Neuro-vit Forte,,9173,,1,19487,4608,26-Jan-24,,
71856,3095,,Tab -  Lisinopril 10mg,,5169,,,19467,5498,29-Jan-24,,
71871,3058,,Tab - Benzhexol 5mg,,4562,,,20104,5496,30-Jan-24,5496,30-Jan-24
71873,5212,,Tab - Neuro-vit Forte,,8675,,1,20110,5496,30-Jan-24,5036,1-Feb-24
71876,4702,,Tab - Risperidone (Zepidone) 2mg,,8275,,1,19826,4998,30-Jan-24,4998,30-Jan-24
71900,2013,,Tab - Trifluoperazine 5mg,,4178,,,20529,4570,1-Feb-24,,
71935,2294,,Tab - Haloperidol 5mg,,4802,,,19748,4735,2-Feb-24,4735,2-Feb-24
71937,3679,,Tab - Thiamine 100mg,,5636,,,20602,4735,2-Feb-24,,
71949,5476,,Tab - Risperidone (Zepidone) 2mg,,10025,,1,21106,5299,2-Feb-24,,
72033,4192,,Tab - Chlorpromazine 100mg,,8082,,1,21956,5013,7-Feb-24,,
72052,5953,,Tab -  Diazepam 5mg,,10391,,,22131,5198,7-Feb-24,,
72060,5502,,Tab - Haloperidol 5mg,,9283,,,21986,5009,7-Feb-24,,
72077,3687,,Tab - Zepidone 3mg,,7800,,1,20494,4572,8-Feb-24,,
72080,4354,,Tab - Neuro-vit Forte,,7805,,,21299,4572,8-Feb-24,,
72081,3587,,Tab - Neuro-vit Forte,,7799,,1,21418,4572,8-Feb-24,4572,8-Feb-24
72085,5142,,Tab - Risperidone (Zepidone) 2mg,,8676,,1,22314,4572,8-Feb-24,,
72087,5211,,Tab - Sodium Valporate 200mg,,8987,,,21944,4730,9-Feb-24,,
72095,5476,,Tab -  Risperidone (Amidrex) 2mg,,10025,,1,22919,5063,9-Feb-24,5063,9-Feb-24
72096,5141,,Inj -  Fluphenazine Decanote 25mg,,8517,,,22884,5011,9-Feb-24,,
72105,5711,,Tab -  Risperidone (Amidrex) 2mg,,9786,,1,22914,5013,10-Feb-24,,
72106,5957,,Tab -  Diazepam 5mg,,10400,,,22372,4735,10-Feb-24,,
72108,3106,,Tab - Olanzapine 5mg,,4639,,,21275,4735,10-Feb-24,,
72118,6103,,Tab - Sodium Valporate 200mg,,11145,,,23096,4536,13-Feb-24,,
72122,5953,,Tab - Amlodipine 5mg,,11168,,,23014,5495,14-Feb-24,5495,14-Feb-24
72123,5953,,Tab - Ferrous Sulfate 200mg,,11168,,,23445,5495,14-Feb-24,,
72124,5953,,Tab -  Folic Acid 5mg,,11168,,,23446,5495,14-Feb-24,5495,14-Feb-24
72125,5953,,Tab - Artemether/Lumefantrine 80/480mg,,11168,,,23327,5495,14-Feb-24,,
72126,5953,,Tab - Indapamide (Natrilix)1.5mg,,11168,,,23190,5495,14-Feb-24,,
72127,5953,,Tab - Amoxicillin/Clavulanic Acid 625mg,,11168,,,23189,5495,14-Feb-24,,
72134,3824,,Tab - Haloperidol 10mg,,5880,,1,23692,5013,15-Feb-24,,
72147,4160,,Tab - Risperidone (Zepidone) 2mg,,9445,,1,21317,4749,15-Feb-24,4749,15-Feb-24
72148,4160,,Tab - Risperidone (Zepidone) 2mg,,9445,,,,4749,15-Feb-24,,
72149,5842,,Tab - Neuro-vit Forte,,10094,,1,23277,4749,15-Feb-24,4739,24-Feb-24
72150,5175,,Tab - Chlorpromazine 100mg,,8879,,,24211,4749,15-Feb-24,4739,24-Feb-24
72183,4534,,Tab - Vitamin C 100mg,,7873,,,22860,4730,18-Feb-24,,
72184,4534,,Tab - Ferrous Sulfate 200mg,,7873,,1,22861,4730,18-Feb-24,,
72185,2055,,Tab - Amlodipine 5mg,,10104,,1,23516,4730,18-Feb-24,,
72186,819,,Tab - Carbamazepine TEGRETOL (Plain) 200mg,,10768,,1,24603,5496,18-Feb-24,5496,18-Feb-24
72187,819,,Tab - Olanzapine (Ozace)10mg x 30,,10768,,1,24604,5496,18-Feb-24,5496,18-Feb-24
72188,5739,,Tab - Benzhexol 5mg,,10038,,1,24562,5496,18-Feb-24,,
72190,5729,,"Tab - Carbamazepine TEGRETOL (Plain) 200mg, 400mg",,9807,,1,22662,5496,18-Feb-24,,
72192,6106,,"Tab - Sodium Valporate 200mg,400mg",,11114,,1,24470,5496,18-Feb-24,,
72193,6106,,Tab -  Diazepam 5mg,,11114,,,24472,5496,18-Feb-24,,
72210,6259,,IVF - 5% Dextrose Saline 500mls,,11179,,1,24201,5598,18-Feb-24,,
72220,2792,,Tab - Tab. Risperidone 0.5mg (Zepidone),,4063,,1,24888,5477,19-Feb-24,5477,19-Feb-24
72226,3839,,Tab - Haloperidol 10mg,,6115,,1,24924,4894,19-Feb-24,,
72227,4875,,Tab - Benzhexol 5mg,,7880,,1,23451,4570,19-Feb-24,,
72241,4354,,Tab - Neuro-vit Forte,,7805,,1,24919,4570,19-Feb-24,,
72242,4354,,Tab - Risperidone (Zepidone) 2mg,,7805,,1,24918,4570,19-Feb-24,4570,19-Feb-24
72244,6309,,Tab - Neuro-vit Forte,,11335,,,25120,4570,19-Feb-24,,
72245,6309,,Tab - Benzhexol 5mg,,11335,,,25119,4570,19-Feb-24,,
72253,6337,,Tab - Risperidone (Zepidone) 2mg,,11390,,1,25052,4284,19-Feb-24,,
72262,5885,,Tab - Haloperidol 10mg,,10201,,1,24846,4560,20-Feb-24,,
72283,6101,,Tab - Diclofenac sodium 50mg,,10767,,,25553,4570,21-Feb-24,,
72297,6259,,Inj -  Haloperidol 5mg,,11179,,1,25638,5156,22-Feb-24,,
72312,5482,,Tab - Chlorpromazine 100mg,,9469,,1,26072,4739,24-Feb-24,,
72313,3963,,Tab - Carbamazepine 200mg,,6121,,,25992,4739,24-Feb-24,,
72316,6678,,Tab - Carbamazepine TEGRETOL (Plain) 200mg,,12222,,1,26314,4956,24-Feb-24,,
72317,6678,,Tab - Chlorpromazine 100mg,,12222,,1,26313,4956,24-Feb-24,,
72318,3585,,Inj - Vitamin B.co,,11953,,,25940,4961,24-Feb-24,,
72321,6668,,Tab -  Risperidone (Amidrex) 2mg,,12205,,,26298,4739,24-Feb-24,4739,24-Feb-24
72325,6245,,Tab - Diclofenac sodium 50mg,,11158,,,26292,5064,24-Feb-24,,
72331,5683,,Tab - Carbamazepine 200mg,,12158,,1,26209,5316,24-Feb-24,,
72336,6683,,Tab - Artemether/Lumefantrine 80/480mg,,12232,,,26423,5655,25-Feb-24,,
72337,5823,,Tab - Paracetamol 500mg,,10037,,,26434,4284,25-Feb-24,4284,25-Feb-24
72338,5823,,Tab - Artemether/Lumefantrine 80/480mg,,10037,,,26433,4284,25-Feb-24,,
72339,2952,,Tab - Nifedipine 20mg,,12229,,,26428,4633,25-Feb-24,,
72340,2952,,Tab - Methyl-Dopa 250mg,,12229,,,26427,4633,25-Feb-24,,
72344,5711,,Tab -  Risperidone (Amidrex) 2mg,,9786,,1,26071,5061,25-Feb-24,,
72345,5502,,Tab -  Risperidone (Risperdal) 1mg,,9283,,1,26112,5061,25-Feb-24,5061,25-Feb-24
72348,6027,,Tab - Risperidone (Zepidone) 2mg,,10967,,1,26044,4710,26-Feb-24,4710,26-Feb-24
72365,3963,,Tab - Benzhexol 5mg,,6121,,,25993,4577,26-Feb-24,5735,7-Mar-24
72379,6547,,Tab -  Folic Acid 5mg,,12070,,,26928,5299,27-Feb-24,,
72380,6547,,Tab - Ferrous Sulfate 200mg,,12070,,,26927,5299,27-Feb-24,,
72383,6547,,Tab - Carbamazepine TEGRETOL (Plain) 200mg,,12070,,,26924,5299,27-Feb-24,5156,11-Mar-24
72402,6261,,Tab - Risperidone (Zepidone) 2mg,,11181,,1,27125,5598,28-Feb-24,5598,28-Feb-24
72413,6172,,Tab -  Lamotrigine 50mg,,11069,,1,26819,5496,29-Feb-24,5496,1-Mar-24
72414,6822,,Tab -  Risperidone (Risperdal) 2mg,,12600,,1,27290,4663,29-Feb-24,4536,29-Feb-24
72415,1436,,Tab - Benzhexol 5mg,,2463,,1,27342,5156,29-Feb-24,5156,29-Feb-24
72448,4410,,Cap - .Fluconazole 150mg,,7541,,,28027,4284,2-Mar-24,4284,2-Mar-24
72450,6259,,Tab - Ferrous Sulfate 200mg,,11179,,1,27964,5299,2-Mar-24,5299,2-Mar-24
72456,4410,,Tab - Carbamazepine TEGRETOL (Plain) 200mg,,7541,,1,27859,5063,2-Mar-24,5063,2-Mar-24
72471,4534,,Tab - Ferrous Sulfate 200mg,,7873,,,27650,4729,4-Mar-24,,
72472,4534,,Tab -  Folic Acid 5mg,,7873,,,27649,4729,4-Mar-24,,
72473,4534,,Tab - Risperidone (Zepidone) 2mg,,7873,,,27648,4729,4-Mar-24,,
72474,6822,,Tab -  Risperidone (Risperdal) 2mg,,12600,,,28183,4533,4-Mar-24,5341,4-Mar-24
72475,2376,,Tab - Carbamazepine 200mg,,4070,,1,27722,4729,4-Mar-24,,
71606,4657,,Tab - Risperidone (Zepidone) 2mg,,7422,,,15744,4636,10-Jan-24,4636,10-Jan-24
71608,3095,,Tab -  .Gliclazide 30mg,,5169,,,10971,5063,10-Jan-24,,
71652,4874,,Tab - Sodium Valporate (Eppilim) 500mg,,7879,,,16512,4967,13-Jan-24,4967,13-Jan-24
71653,4874,,Tab - Quetiapine 100mg,,7879,,,16511,4967,13-Jan-24,4967,13-Jan-24
71655,2842,,Tab - Risperidone 2mg (Afrab),,4191,,,16378,5056,14-Jan-24,5056,14-Jan-24
71660,414,,Tab - Zepidone 3mg,,6637,,1,15894,4554,14-Jan-24,,
71661,414,,Tab - Epilim 200mg,,6637,,1,15895,4554,14-Jan-24,4554,14-Jan-24
71665,4410,,Tab - Tegertol CR 200mg,,7541,,,16414,4554,14-Jan-24,4554,14-Jan-24
71671,3455,,Tab - Paracetamol 500mg,,5170,,,16568,5057,14-Jan-24,,
71692,4875,,Inj -  Fluphenazine Decanote 25mg,,7880,,,16928,4570,17-Jan-24,4570,17-Jan-24
71695,3455,,Inj - Metoclopramide 10MG/2ml,,5170,,,17418,5056,17-Jan-24,,
71696,3839,,Inj - .Dexamethasone 4mg,,6115,,,16748,5056,17-Jan-24,5056,17-Jan-24
71725,4836,,Tab - Carbamazepine TEGRETOL (Plain) 200mg,,7822,,,18017,5007,20-Jan-24,,
71728,2590,,Tab - Trifloperazine    10mg,,5930,,,17525,5007,20-Jan-24,,
71736,5175,,Tab -  Diazepam 5mg,,8690,,,17985,4724,21-Jan-24,,
71742,2842,,Tab -  Risperidone 3mg (orally dispersed),,4191,,1,17910,5497,22-Jan-24,,
71745,4265,,Tab -  Risperidone (Amidirex) 2mg,,7229,,1,18362,5317,22-Jan-24,,
71756,1596,,Tab - Benzhexol 5mg,,2366,,1,18736,4999,23-Jan-24,,
71757,1596,,Tab - Risperidone (Zepidone) 1mg,,2366,,1,18735,4999,23-Jan-24,,
71758,3584,,Tab - Risperidone (Zepidone) 2mg,,5418,,1,18782,4999,23-Jan-24,5496,25-Jan-24
71762,5229,,Tab - Carbamazepine 200mg,,8878,,,18617,5480,23-Jan-24,,
71773,5212,,Tab - Carbamazepine 200mg,,8675,,,18131,5198,23-Jan-24,,
71776,5349,,Tab -  Diazepam 5mg,,8936,,,18865,5198,23-Jan-24,5198,23-Jan-24
71778,5304,,Tab - Risperidone (Zepidone) 2mg,,8855,,,18665,5198,23-Jan-24,,
71786,4192,,Tab - Chlorpromazine 100mg,,8082,,,18742,5013,24-Jan-24,,
71788,2362,,Tab - Nifedipine 30mg,,3354,,,18313,5013,24-Jan-24,,
71789,2362,,Tab - Benzhexol 5mg,,3354,,,18312,5013,24-Jan-24,,
71790,2362,,Tab - Carbamazepine (Carbimi CR) 400mg,,3354,,,18311,5013,24-Jan-24,,
71791,2362,,Tab - Haloperidol 10mg,,3354,,,18310,5013,24-Jan-24,,
71792,4702,,Tab -  Diazepam 5mg,,8275,,,18890,5013,24-Jan-24,5013,24-Jan-24
71808,5482,,Tab - Trifloperazine    5mg,,9216,,,19293,4742,25-Jan-24,,
71809,2362,,Tab - Tab. Moduretic,,3354,,,18314,4998,26-Jan-24,5009,1-Feb-24
71813,2842,,Tab - Amitriptyline 25mg,,4191,,1,19411,5034,26-Jan-24,5034,26-Jan-24
71815,5321,,Tab -  Risperidone (Amidirex) 2mg,,9173,,1,19486,4608,26-Jan-24,4608,26-Jan-24
71816,5016,,Tab - Tab. Ciprofloxacin 500,,8233,,,17332,4650,26-Jan-24,,
71819,3998,,Tab - Tab. Loratidine 10mg,,6183,,,19596,4639,26-Jan-24,4639,26-Jan-24
71820,3998,,Tab - Vitamin C 100mg,,6183,,,19595,4639,26-Jan-24,4639,26-Jan-24
71831,5502,,Tab -  Diazepam 5mg,,9283,,,19567,4959,27-Jan-24,,
71832,5502,,Tab - Risperidone (Risperdal) 3mg,,9283,,,19565,4959,27-Jan-24,,
71834,5502,,Tab -  Cognium,,9283,,,19566,4960,27-Jan-24,,
71839,4534,,Tab - Vitamin B Complex,,7873,,,19457,4733,28-Jan-24,4733,28-Jan-24
71840,4534,,Tab -  Folic Acid 5mg,,7873,,,19456,4733,28-Jan-24,4733,28-Jan-24
71842,4534,,Tab - Risperidone (Zepidone) 2mg,,7873,,,19454,4733,28-Jan-24,4733,28-Jan-24
71863,5550,,Tab - Amlodipine 10mg,,9380,,,19675,4724,29-Jan-24,,
71866,5551,,Tab - Sodium Valporate 200mg,,9381,,,19680,4724,29-Jan-24,4724,29-Jan-24
71872,5212,,Tab - Risperidone (Zepidone) 2mg,,8675,,1,20106,5496,30-Jan-24,5056,2-Feb-24
71886,5304,,Tab - Risperidone (Zepidone) 2mg,,9016,,,19382,4598,31-Jan-24,4598,31-Jan-24
71894,3790,,Tab - Neuro-vit Forte,,5799,,,18512,5009,1-Feb-24,,
71896,3268,,Tab - Neuro-vit Forte,,4897,,1,19519,5009,1-Feb-24,,
71940,2255,,Tab - Sodium Valporate (Eppilim) 200mg,,3356,,1,19732,4735,2-Feb-24,,
71941,4185,,Tab - Haloperidol 5mg,,6827,,,18539,4735,2-Feb-24,,
71947,5550,,Tab - Vitamin C 100mg,,9634,,,20765,4663,2-Feb-24,5499,5-Feb-24
71948,5550,,Tab - Paracetamol 500mg,,9634,,,20764,4663,2-Feb-24,,
71955,1436,,Tab - Risperidone (Zepidone) 2mg,,2463,,1,20724,5299,2-Feb-24,,
71983,4874,,Tab - Sodium Valporate (Eppilim) 500mg,,7879,,1,20917,5496,4-Feb-24,5496,4-Feb-24
71993,4410,,Tab - .Ibuprofen 200mg,,7541,,,21250,4991,4-Feb-24,5063,4-Feb-24
71999,4657,,Tab - Tab. Loratidine 10mg,,7422,,,20404,4689,5-Feb-24,,
72001,4265,,Tab - Haloperidol 10mg,,7229,,1,21426,5477,5-Feb-24,5477,5-Feb-24
72017,4836,,Tab - Haloperidol 5mg,,7822,,1,20827,5013,6-Feb-24,,
72018,4836,,Tab -  Carbamazepine (Tegretol) 200mg CR,,7822,,1,20825,5013,6-Feb-24,,
72020,2362,,Tab - Nifedipine 30mg,,3354,,,21602,5013,6-Feb-24,,
72024,2055,,Tab - Amlodipine 5mg,,10104,,1,21923,4733,6-Feb-24,,
72035,5212,,Tab - Vitamin C 100mg,,8675,,,21730,5056,7-Feb-24,,
72062,4185,,Tab - Haloperidol 10mg,,6827,,1,21877,4678,7-Feb-24,4678,7-Feb-24
72070,414,,Tab - Risperidone (Zepidone) 2mg,,6637,,1,22429,5477,8-Feb-24,,
72075,5885,,Tab - Risperidone (Zepidone) 2mg,,10201,,,21624,5496,8-Feb-24,5496,8-Feb-24
72076,5885,,Tab -  Zopiclone 7.5mg,,10201,,,21625,5496,8-Feb-24,5496,8-Feb-24
72098,2362,,Inj -  Fluphenazine Decanote 25mg,,3354,,,21599,5042,9-Feb-24,5042,9-Feb-24
72119,6103,,Tab - Tab. Risperidone 0.5mg (Zepidone),,11145,,,23095,4536,13-Feb-24,,
72133,3824,,Tab -  Carbamazepine (Tegretol) 400mg CR,,5880,,1,23693,5013,15-Feb-24,,
72153,5698,,Tab - Fluoxetine 20mg,,9731,,1,21702,5299,16-Feb-24,,
72209,2811,,Tab - Benzhexol 5mg,,4123,,1,21774,5598,18-Feb-24,,
72214,6407,,Inj -  Fluphenazine Decanote 25mg,,11574,,,24769,5198,18-Feb-24,,
72215,6407,,Tab -  Risperidone (Amidrex) 2mg,,11574,,,24770,5198,18-Feb-24,,
72216,4410,,aTEGRETOL (Plain) 800mg,,7541,,1,24623,5487,18-Feb-24,,
72221,4265,,Tab - Haloperidol 5mg,,7229,,1,24859,5477,19-Feb-24,,
72231,6259,,IVF - 5% Dextrose Saline 500mls,,11179,,,24779,5477,19-Feb-24,5477,19-Feb-24
72233,3223,,Tab - Haloperidol 10mg,,4817,,1,24858,5477,19-Feb-24,,
72264,6172,,Tab - Risperidone (Zepidone) 2mg,,11069,,1,25273,4668,20-Feb-24,4668,20-Feb-24
72270,6469,,Tab -  Diazepam 5mg,,11728,,,25518,5275,20-Feb-24,5275,20-Feb-24
72271,6469,,Tab - Neuro-vit Forte,,11728,,,25517,5275,20-Feb-24,5275,20-Feb-24
72272,6469,,Tab - Paracetamol 500mg,,11728,,,25217,5275,20-Feb-24,5275,20-Feb-24
72273,6469,,Tab - Artemether/Lumefantrine 80/480mg,,11728,,,25216,5275,20-Feb-24,,
72274,4025,,Tab - Albendazole 400mg,,6255,,,25459,5317,20-Feb-24,,
72277,2811,,Tab - Quetiapine 200mg,,4123,,1,25248,5317,20-Feb-24,5317,20-Feb-24
72327,6680,,Inj -  Diazepam 10mg,,12226,,,26393,5064,24-Feb-24,,
72347,2055,,Tab - Chlorpromazine 100mg,,10104,,1,23512,4710,26-Feb-24,,
72378,6547,,Tab -  Multivitamin,,12070,,,26929,5299,27-Feb-24,,
72381,6547,,Tab - Olanzapine (Ozace)10mg x 30,,12070,,1,26926,5299,27-Feb-24,,
72384,5885,,Tab - Amoxicillin/Clavulanic Acid 625mg,,10201,,,26798,4636,27-Feb-24,,
72398,4878,,Tab -  Risperidone (Amidrex) 2mg,,7883,,,27153,5527,28-Feb-24,5527,28-Feb-24
72422,3687,,Tab - Zepidone 3mg,,7800,,1,27463,4663,29-Feb-24,,
72431,6901,,Inj -  Diazepam 10mg,,12795,,,27606,5198,29-Feb-24,,
72432,6901,,Inj -  Haloperidol 5mg,,12795,,,27605,5198,29-Feb-24,,
72433,6901,,Tab -  Risperidone (Amidrex) 2mg,,12795,,1,27603,5198,29-Feb-24,5198,29-Feb-24
72445,5683,,Tab - Trifluoperazine       5mg,,12158,,1,26641,5477,2-Mar-24,,
73149,2055,,Tab - Benzhexol 5mg,,10104,,,34667,4640,3-Apr-24,,
73152,1809,,Inj -  Fluphenazine Decanote 25mg,,2607,,,34360,4746,3-Apr-24,,
73154,8049,,Inj -  Haloperidol 5mg,,16141,,,34768,4739,3-Apr-24,,
73155,7006,,Tab - Olanzapine (Ozace)10mg x 30,,13211,,1,34224,4736,3-Apr-24,,
73156,7355,,Tab - Carbamazepine 200mg,,14518,,1,34221,4736,3-Apr-24,4736,3-Apr-24
73157,7316,,Tab -  Risperidone (Amidrex) 2mg,,14019,,1,34717,4560,3-Apr-24,,
73158,1106,,Tab - Tab. Risperidone 0.5mg (Zepidone),,15947,,,34463,5477,3-Apr-24,,
72476,4167,,Tab - Haloperidol 5mg,,7473,,1,27337,4729,4-Mar-24,,
72477,4167,,Tab - Sodium Valporate 200mg,,7473,,1,27336,4729,4-Mar-24,,
72478,4167,,Tab - Benzhexol 5mg,,7473,,1,27331,4729,4-Mar-24,,
72482,3652,,Tab - Tab. Artovastatin 20mg,,5555,,1,27711,4729,4-Mar-24,,
72483,3652,,Tab - Benzhexol 5mg,,5555,,1,27710,4729,4-Mar-24,,
72485,2055,,Tab - Chlorpromazine 100mg,,10104,,,26959,4729,4-Mar-24,,
72512,4264,,Inj -  Fluphenazine Decanote 25mg,,13040,,,28307,5495,4-Mar-24,,
72586,6678,,Tab - Carbamazepine 200mg,,12222,,1,28897,5735,7-Mar-24,,
72597,414,,Tab - Risperidone (Zepidone) 2mg,,6637,,1,27409,5317,7-Mar-24,,
72598,4025,,Tab - Carbamazepine 200mg,,6255,,1,28556,5317,7-Mar-24,,
72600,5142,,Tab - Benzhexol 5mg,,8676,,1,29009,4570,7-Mar-24,,
72623,7131,,Tab -  Diazepam 5mg,,13480,,,29319,4603,8-Mar-24,4603,8-Mar-24
72626,7126,,Tab - Neuro-vit Forte,,13462,,1,29189,4603,8-Mar-24,4603,8-Mar-24
72636,819,,Tab - Benzhexol 5mg,,10768,,1,27676,5496,8-Mar-24,,
72653,7221,,Tab -  Diazepam 5mg,,13768,,,29717,5495,9-Mar-24,,
72658,758,,Tab - Benzhexol 5mg,,8578,,,28965,5042,9-Mar-24,,
72659,758,,Tab - Olanzapine (Ozace)10mg x 30,,8578,,,28964,5042,9-Mar-24,,
72660,6913,,Others - Disposable Glove,,12877,,,29389,5197,9-Mar-24,5197,9-Mar-24
72661,6913,,Inj - Diclofenac 75mg,,12877,,1,29387,5197,9-Mar-24,5197,9-Mar-24
72666,5551,,Tab -  Risperidone (Amidrex) 2mg,,9576,,1,29731,5496,10-Mar-24,5496,10-Mar-24
72674,3223,,Tab - Carbamazepine 200mg,,4817,,1,29844,5156,11-Mar-24,5156,11-Mar-24
72691,5494,,Tab - Haloperidol 10mg,,9236,,1,28120,5461,11-Mar-24,,
72697,4875,,Tab - Haloperidol 10mg,,7880,,1,30385,4572,12-Mar-24,,
72700,6539,,Tab -  Lisinopril 5mg,,11872,,1,30548,4572,12-Mar-24,4572,12-Mar-24
72705,1596,,Inj - Flupenthixol (Decanoate 40mg),,2366,,1,30230,5063,12-Mar-24,,
72713,5212,,Tab - Risperidone (Zepidone) 2mg,,8675,,1,28469,4639,12-Mar-24,,
72714,5212,,Tab - Amitriptyline 25mg,,8675,,1,28468,4639,12-Mar-24,,
72716,7303,,Inj - Diclofenac 75mg,,13990,,,30154,4979,12-Mar-24,,
72717,7303,,IVF - Normal Saline 0.9%,,13990,,,30149,4979,12-Mar-24,,
72721,2376,,Tab - Carbamazepine 200mg,,4070,,1,29465,4714,13-Mar-24,,
72722,4167,,Tab - Sodium Valporate 200mg,,7473,,,27329,4714,13-Mar-24,,
72723,4167,,Tab - Haloperidol 5mg,,7473,,,27328,4714,13-Mar-24,,
72724,4167,,Tab - Benzhexol 5mg,,7473,,,25650,4714,13-Mar-24,,
72725,5261,,Tab - Zepidone 3mg,,8780,,1,25644,4714,13-Mar-24,,
72726,1045,,Tab - Indapamide (Natrilix)1.5mg,,1407,,1,30389,4714,13-Mar-24,4714,13-Mar-24
72727,1045,,Tab - Amlodipine 5mg,,1407,,1,30388,4714,13-Mar-24,,
72732,2055,,Tab -  Risperidone (Risperdal) 2mg,,10104,,1,30314,4714,13-Mar-24,,
72736,7078,,Tab - Neuro-vit Forte,,13352,,1,30045,4570,13-Mar-24,,
72808,7510,,Inj - Diclofenac 75mg,,14649,,,31529,4580,17-Mar-24,,
72832,6542,,Tab - Nifedipine 20mg,,14026,,,30268,4706,19-Mar-24,,
72834,6816,,Tab - Amiloride/hydroclorothiazide (Moduretic),,14679,,,30123,4731,19-Mar-24,,
72842,4875,,Tab - Haloperidol 10mg,,7880,,1,32114,4636,19-Mar-24,,
72844,4509,,Tab - Amlodipine 5mg,,7439,,,32107,4280,19-Mar-24,4746,20-Mar-24
72848,5494,,Tab - Benzhexol 5mg,,9236,,1,31617,4636,19-Mar-24,,
72849,5494,,Tab - Haloperidol 10mgg,,9236,,1,31616,4636,19-Mar-24,,
72854,6337,,Tab - Ferrous Sulfate 200mg,,11390,,1,31863,4639,19-Mar-24,,
72855,1596,,Tab - Risperidone (Zepidone) 2mg,,2366,,1,32073,4639,19-Mar-24,4639,19-Mar-24
72856,3839,,Tab - Chlorpromazine 100mg,,6115,,1,31792,4639,19-Mar-24,,
72857,3839,,Tab - Sodium Valporate (Eppilim) 200mg,,6115,,1,31793,4639,19-Mar-24,,
72858,3839,,Tab - Haloperidol 10mg,,6115,,1,31794,4639,19-Mar-24,,
72859,3839,,Tab - Carbamazepine 200mg,,6115,,1,31795,4639,19-Mar-24,,
72860,6341,,Tab - Chlorpromazine 100mg,,13747,,1,31811,4639,19-Mar-24,,
72865,2811,,Tab - Quetiapine 200mg,,4123,,,31448,5760,20-Mar-24,5760,20-Mar-24
72866,2840,,Tab - Haloperidol 2.5mg,,4182,,,32145,4662,20-Mar-24,,
72868,1596,,Tab - Benzhexol 5mg,,2366,,1,32074,5487,20-Mar-24,5487,20-Mar-24
72874,6772,,Tab -  Risperidone (Amidrex) 2mg,,12891,,1,32323,4662,20-Mar-24,,
72875,6021,,Tab - Haloperidol 10mg,,12648,,1,31013,5011,20-Mar-24,,
72876,6021,,Tab - Benzhexol 5mg,,12648,,1,31012,5011,20-Mar-24,5011,20-Mar-24
72879,758,,Tab - Olanzapine (Ozace)10mg x 30,,8578,,,30469,5695,20-Mar-24,,
72880,758,,Tab - Nifedipine 30mg,,8578,,1,30468,5695,20-Mar-24,5695,20-Mar-24
72882,2362,,Tab - Benzhexol 5mg,,3354,,1,31606,5695,20-Mar-24,,
72898,2055,,Tab - Benzhexol 5mg,,10104,,1,32049,5493,21-Mar-24,,
72914,6412,,Tab - Zepidone 3mg,,11584,,1,31552,4998,21-Mar-24,,
72916,6331,,Tab - Zepidone 3mg,,11409,,1,32401,5317,21-Mar-24,,
72918,6399,,Tab - Neuro-vit Forte,,11561,,,31575,4998,21-Mar-24,,
72931,5321,,Tab -  Risperidone (Amidrex) 2mg,,9173,,,32531,4277,21-Mar-24,4277,21-Mar-24
72933,5006,,Tab -  Risperidone (Amidrex) 2mg,,8214,,1,32568,4277,22-Mar-24,5114,26-Mar-24
72949,2362,,Inj - Fluphenazine Decanoate 50mg,,3354,,,28364,5695,22-Mar-24,5695,22-Mar-24
72951,6412,,Inj -  Fluphenazine Decanote 25mg,,11584,,1,31550,5695,22-Mar-24,,
72953,7309,,Tab - Paracetamol 500mg,,14198,,,32253,5695,22-Mar-24,,
72961,7773,,Tab - Aripiprazole (debixa) 10mg,,15339,,,32955,4959,22-Mar-24,,
72964,5476,,Tab -  Risperidone (Amidrex) 2mg,,10025,,1,32788,5063,22-Mar-24,5063,22-Mar-24
72965,5476,,Tab - .Atorvastatin 20mg,,10025,,1,32789,5063,22-Mar-24,,
72971,6901,,Tab -  Risperidone (Amidrex) 2mg,,12795,,1,32876,5056,23-Mar-24,,
72974,6534,,Tab - Carbamazepine 200mg,,15334,,,33024,4536,23-Mar-24,,
72978,4410,,Tab - Carbamazepine 200mg,,7541,,1,33047,5056,24-Mar-24,,
72990,7131,,Tab - Neuro-vit Forte,,13480,,,33100,4670,26-Mar-24,,
72991,7131,,Tab - Carbamazepine 200mg,,13480,,,33099,4670,26-Mar-24,,
72992,7131,,Tab - Haloperidol 5mg,,13480,,,33098,4670,26-Mar-24,,
72993,7126,,Tab - Risperidone (Zepidone) 2mg,,13462,,1,33192,4670,26-Mar-24,,
72994,6871,,Tab - Risperidone (Zepidone) 2mg,,12757,,1,33233,4670,26-Mar-24,,
72995,7461,,Tab - Neuro-vit Forte,,14484,,1,33239,4670,26-Mar-24,,
72998,7355,,Tab - Benzhexol 5mg,,14518,,,32367,4730,26-Mar-24,,
72999,7006,,Tab - Pyridoxine 50mg,,13211,,1,32825,4730,26-Mar-24,,
73000,7848,,Tab - Neuro-vit Forte,,15540,,,33322,4955,26-Mar-24,,
73015,7773,,Tab - Risperidone (Zepidone) 2mg,,15339,,1,33339,4724,26-Mar-24,,
73016,2055,,Tab - Risperdal 2mg,,10104,,,33572,5493,26-Mar-24,,
73018,2792,,Tab - Benzhexol 5mg,,4063,,,31451,5317,26-Mar-24,,
73024,5829,,Tab - Risperidone (Zepidone) 2mg,,12093,,1,33514,5335,27-Mar-24,5335,27-Mar-24
73038,5905,,Tab - Benzhexol 5mg,,14229,,,33794,5492,28-Mar-24,5492,28-Mar-24
73059,7350,,Inj - INJ. Paracetamol 300mg,,15756,,,33823,4633,29-Mar-24,,
73065,7316,,"Tab -  Risperidone (Risperdal) 2mg,3mg",,14019,,,31905,5496,29-Mar-24,5496,29-Mar-24
73078,6331,,Tab - Zepidone 3mg,,11409,,1,33778,5299,30-Mar-24,,
73088,5304,,Tab - Benzhexol 5mg,,9016,,1,34146,5538,31-Mar-24,5538,31-Mar-24
73089,5304,,Tab - Risperidone (Zepidone) 2mg,,9016,,,34145,5538,31-Mar-24,5538,31-Mar-24
73093,8006,,Inj - Tetanus Toxoid 0.5mg,,15988,,,34083,4956,31-Mar-24,,
73095,8006,,Tab - Vitamin C 100mg,,15988,,,34192,5198,1-Apr-24,,
73098,5885,,Tab - Benzhexol 5mg,,10201,,1,33210,5615,1-Apr-24,,
73099,5885,,Tab - Haloperidol 10mg,,10201,,1,33209,5615,1-Apr-24,,
73113,4025,,Tab - Carbamazepine 200mg,,6255,,1,34394,5795,2-Apr-24,5795,2-Apr-24
73115,6547,,Inj - Fluphenazine Decanoate 50mg,,12070,,,34288,5795,2-Apr-24,,
73117,6547,,Tab - Carbamazepine TEGRETOL (Plain) 200mg,,12070,,,34286,5795,2-Apr-24,,
73132,5823,,Tab - Zepidone 3mg,,10037,,1,34089,5064,3-Apr-24,,
73134,6245,,Tab - Olanzapine (Ozace)10mg x 30,,11158,,1,34446,5064,3-Apr-24,,
72492,2792,,Tab - Benzhexol 5mg,,4063,,1,28125,5317,4-Mar-24,5317,4-Mar-24
72496,2795,,Inj - .Zuclopenthxol decanoate 200mg,,4067,,,28177,5317,4-Mar-24,,
72504,3587,,Tab - Neuro-vit Forte,,7799,,,28103,4570,4-Mar-24,,
72551,2362,,Tab - Amiloride/hydroclorothiazide (Moduretic),,3354,,1,28369,5013,5-Mar-24,,
72556,5006,,Tab -  Risperidone (Amidrex) 2mg,,8214,,1,27235,5013,5-Mar-24,,
72562,3824,,Tab - Haloperidol 10mg,,5880,,1,28712,5013,5-Mar-24,,
72565,6823,,Tab - Risperidone (Zepidone) 2mg,,12603,,1,28696,5013,5-Mar-24,,
72567,6468,,Tab - Diclofenac sodium 50mg,,12965,,,28400,5013,5-Mar-24,,
72584,6101,,Tab - Tab. Risperidone 0.5mg (Zepidone),,10767,,,27423,5735,7-Mar-24,,
72585,6678,,Tab - Chlorpromazine 100mg,,12222,,1,28898,5735,7-Mar-24,,
72588,6668,,Tab - Risperidone (Zepidone) 2mg,,12205,,,27838,5735,7-Mar-24,,
72590,6341,,Tab - Dihydroartemisin + Piperaquine,,11394,,,28992,4746,7-Mar-24,,
72591,6341,,Tab - Paracetamol 500mg,,11394,,,28875,4746,7-Mar-24,,
72608,4264,,Tab - Benzhexol 5mg,,13190,,,28309,5496,8-Mar-24,,
72613,4874,,Tab -  Quetiapine 300mg,,7879,,1,27645,5496,8-Mar-24,,
72619,5260,,Tab - Chlorpromazine 100mg,,8776,,,25919,5496,8-Mar-24,,
72632,6106,,"Tab - Carbamazepine TEGRETOL (Plain) 400mg,600mg",,11114,,,29487,5496,8-Mar-24,,
72633,6106,,"Tab - Haloperidol 5mg,10mg",,11114,,1,29488,5496,8-Mar-24,,
72635,819,,Tab - Olanzapine (Ozace)10mg x 30,,10768,,1,27675,5496,8-Mar-24,,
72639,6819,,Tab - Carbamazepine 200mg,,13241,,,29291,4715,8-Mar-24,5490,9-Mar-24
72651,7221,,Tab - Ibuprofen 400mg,,13768,,,29727,5495,9-Mar-24,,
72652,7221,,Cap -  Amoxicillin 500mg,,13768,,,29725,5495,9-Mar-24,,
72654,6901,,Tab - Neuro-vit Forte,,12795,,1,29464,4639,9-Mar-24,,
72655,6901,,Tab -  Risperidone (Amidrex) 2mg,,12795,,1,29463,4639,9-Mar-24,,
72664,358,,Tab -  Folic Acid 5mg,,9768,,,29799,5064,10-Mar-24,5064,10-Mar-24
72665,358,,Tab - Ferrous Sulfate 200mg,,9768,,,29800,5064,10-Mar-24,,
72667,7221,,Tab - Risperidone (Zepidone) 2mg,,13784,,,29718,5198,10-Mar-24,,
72669,3869,,Tab -  Risperidone (Amidrex) 2mg,,13789,,,29817,5198,10-Mar-24,,
72681,7047,,Tab - Haloperidol 10mg,,13280,,1,30015,4572,11-Mar-24,,
72683,7066,,Tab - Haloperidol 5mg,,13314,,1,29839,4664,11-Mar-24,,
72695,6819,,Tab - Amiloride/hydroclorothiazide (Moduretic),,13241,,,29294,4731,12-Mar-24,,
72698,178,,Tab - Trifluoperazine 5mg,,7798,,1,30529,4572,12-Mar-24,4572,12-Mar-24
72715,5047,,Tab - Olanzapine (Ozace)10mg x 30,,8526,,1,29876,4639,12-Mar-24,,
72739,6547,,Tab - Olanzapine (Ozace)10mg x 30,,12070,,1,30714,5477,13-Mar-24,,
72741,5482,,Tab - Benzhexol 5mg,,9469,,,29618,5735,13-Mar-24,,
72762,3587,,Tab - Zepidone 3mg,,7799,,1,30958,5341,15-Mar-24,,
72764,6871,,Tab - Benzhexol 5mg,,12757,,1,28514,5341,15-Mar-24,,
72773,6913,,Tab - Amoxicillin/ Clavulanic Acid 375mg,,12877,,,30716,5317,15-Mar-24,,
72774,819,,Tab - Sodium Valporate (Eppilim) 200mg,,10768,,,31313,4594,15-Mar-24,5496,29-Mar-24
72782,7221,,Tab -  Risperidone (Amidrex) 2mg,,14470,,,31494,5198,16-Mar-24,,
72783,7221,,Tab -  Diazepam 5mg,,14470,,,31495,5198,16-Mar-24,5198,16-Mar-24
72813,3455,,Tab - Benzhexol 5mg,,5170,,1,31415,4284,18-Mar-24,,
72878,758,,Tab - Benzhexol 5mg,,8578,,,30470,5695,20-Mar-24,,
72881,7221,,Tab - Tab. Loratidine 10mg,,14939,,,32209,4955,20-Mar-24,4955,20-Mar-24
72890,1809,,Tab - Aripiprazole (debixa) 10mg,,2607,,,29845,4746,21-Mar-24,,
72891,1809,,Tab - Benzhexol 5mg,,2607,,,29846,4746,21-Mar-24,,
72895,2055,,Tab - Pyridoxine 50mg,,10104,,1,32051,5493,21-Mar-24,5493,21-Mar-24
72911,7642,,Tab - Risperidone (Zepidone) 2mg,,14961,,1,32456,4572,21-Mar-24,4572,21-Mar-24
72915,6331,,Tab - Neuro-vit Forte,,11409,,1,32402,5317,21-Mar-24,,
72917,6412,,Tab - Benzhexol 5mg,,11584,,1,31551,4998,21-Mar-24,4998,21-Mar-24
72924,6468,,Tab - Vitamin C 100mg,,12965,,,30057,4998,21-Mar-24,,
72927,7505,,Tab - Risperidone (Zepidone) 2mg,,14639,,1,31713,4998,21-Mar-24,,
72959,5141,,Inj -  Fluphenazine Decanote 25mg,,8517,,1,32885,5695,22-Mar-24,,
73033,6259,,Tab -  Folic Acid 5mg,,11179,,1,33860,5477,28-Mar-24,,
73034,6259,,Tab - Sodium Valporate 200mg,,11179,,1,33858,5477,28-Mar-24,,
73058,6656,,Tab - Benzhexol 5mg,,12179,,1,33338,4998,29-Mar-24,,
73063,7918,,Tab - Vitamin C 100mg,,15723,,1,34070,5496,29-Mar-24,5496,29-Mar-24
73064,7918,,Tab -  Risperidone (Amidrex) 2mg,,15723,,1,32854,5496,29-Mar-24,,
73066,7316,,Tab - Nifedipine 30mg,,14019,,1,31907,5496,29-Mar-24,,
73072,1436,,Tab - Haloperidol 10mg,,2463,,,33815,5298,29-Mar-24,,
73074,7393,,Tab - .Setraline 50mg,,14267,,,31019,5299,30-Mar-24,,
73076,6547,,Tab - Carbamazepine TEGRETOL (Plain) 200mg,,12070,,1,31892,5299,30-Mar-24,,
73096,8006,,Tab - Diclofenac sodium 50mg,,15988,,,34191,5198,1-Apr-24,,
73101,6309,,Tab - Benzhexol 5mg,,11335,,1,34209,5615,1-Apr-24,,
73102,6309,,Tab - Risperidone (Zepidone) 2mg,,11335,,1,34208,5615,1-Apr-24,,
73119,6547,,Tab -  Folic Acid 5mg,,12070,,,34284,5795,2-Apr-24,,
73131,6261,,Tab - Tab. Risperidone 0.5mg (Zepidone),,11181,,,34441,5478,3-Apr-24,5478,3-Apr-24
73133,5823,,Tab - Benzhexol 5mg,,10037,,1,34090,5064,3-Apr-24,,
73135,6245,,Tab - Chlorpromazine 100mg,,11158,,,34449,5064,3-Apr-24,4639,10-Apr-24
73139,3455,,Tab - Benzhexol 5mg,,5170,,1,34092,5064,3-Apr-24,,
73140,7773,,Inj -  Fluphenazine Decanote 25mg,,15339,,,34321,4724,3-Apr-24,,
73143,5006,,Tab - Vitamin C 100mg,,8214,,,34033,4746,3-Apr-24,,
73144,5006,,Tab - Fluoxetine 20mg,,8214,,,34453,4746,3-Apr-24,,
73145,5006,,Tab -  Risperidone (Amidrex) 2mg,,8214,,,34454,4746,3-Apr-24,,
73146,2055,,Tab -  Risperidone (Risperdal) 2mg,,10104,,,34673,4640,3-Apr-24,,
73150,1809,,Tab - Benzhexol 5mg,,2607,,,34359,4746,3-Apr-24,4746,3-Apr-24
73151,2055,,Tab - Pyridoxine 50mg,,10104,,,34666,4640,3-Apr-24,,
73159,1106,,Tab -  Folic Acid 5mg,,15947,,,34464,5477,3-Apr-24,,
73160,7848,,Tab - Ibuprofen 400mg,,15540,,,34800,4611,3-Apr-24,,
73161,7848,,Tab - Vitamin C 100mg,,15540,,,33766,4611,3-Apr-24,4611,3-Apr-24
73162,7355,,Tab - Nifedipine 20mg,,14518,,,34812,4640,4-Apr-24,,
73163,6259,,Tab -  Folic Acid 5mg,,11179,,,34869,5795,4-Apr-24,,
73164,6259,,Tab - Ferrous Sulfate 200mg,,11179,,,34868,5795,4-Apr-24,,
73165,6259,,Tab - Amlodipine 10mg,,11179,,,34867,5795,4-Apr-24,,
73166,6259,,Tab - Benzhexol 5mg,,11179,,,34866,5795,4-Apr-24,,
73167,6259,,Tab - Sodium Valporate 200mg,,11179,,,34865,5795,4-Apr-24,,
73168,6259,,Tab - Haloperidol 10mg,,11179,,,34864,5795,4-Apr-24,,
73169,7896,,Tab - Risperidone (Risperdal) 3mg,,15965,,,34956,4746,4-Apr-24,,
73170,7896,,Tab - Carbamazepine 200mg,,15965,,,34957,4746,4-Apr-24,4746,4-Apr-24
73172,8006,,Tab - Risperidone (Zepidone) 2mg,,16016,,,35117,4663,4-Apr-24,,
73173,8006,,Tab - Paracetamol 500mg,,16016,,,34811,4663,4-Apr-24,,
73174,7221,,Tab - Risperidone (Zepidone) 2mg,,15008,,,35021,4663,4-Apr-24,,
73175,7221,,Tab - Carbamazepine 200mg,,15008,,,35013,4663,4-Apr-24,,
73176,7642,,Tab - Neuro-vit Forte,,14961,,,34834,4663,4-Apr-24,,
73177,7642,,Tab - Risperidone (Zepidone) 2mg,,14961,,,34833,4663,4-Apr-24,,
73178,3687,,Tab - Zepidone 3mg,,7800,,,34914,4663,4-Apr-24,4663,4-Apr-24
72355,5885,,Tab - Amitriptyline 25mg,,10201,,1,26533,5341,26-Feb-24,5341,26-Feb-24
72374,6739,,Tab -  Diazepam 5mg,,12392,,,26797,5198,27-Feb-24,,
72397,6760,,Tab - Artemether/Lumefantrine 80/480mg,,12433,,,27219,4601,28-Feb-24,4601,28-Feb-24
72410,4509,,Tab - Amlodipine 5mg,,7439,,,26985,4746,28-Feb-24,4746,28-Feb-24
72418,3223,,Tab - Sodium Valporate (Eppilim) 200mg,,4817,,1,26833,5156,29-Feb-24,5156,29-Feb-24
72502,6309,,Tab - Neuro-vit Forte,,11335,,1,28375,5341,4-Mar-24,5341,4-Mar-24
72503,6680,,Inj -  Diazepam 10mg,,12226,,,28077,5487,4-Mar-24,5487,4-Mar-24
72533,2811,,Tab - Quetiapine 200mg,,4123,,1,28571,5477,5-Mar-24,5477,5-Mar-24
72534,2811,,Inj - Fluphenazine Decanoate 50mg,,4123,,,28570,5477,5-Mar-24,,
72541,6955,,Tab -  Risperidone (Risperdal) 2mg,,12960,,1,28710,5013,5-Mar-24,,
72561,6656,,Tab - Haloperidol 10mg,,12179,,,26904,5013,5-Mar-24,,
72563,3824,,Tab -  Carbamazepine (Tegretol) 200mg CR,,5880,,1,28709,5013,5-Mar-24,,
72564,6823,,Tab - Sodium Valporate (Eppilim) 200mg,,12603,,1,28697,5013,5-Mar-24,,
72566,6468,,Tab - Paracetamol 500mg,,12965,,,28401,5013,5-Mar-24,,
72568,6468,,Tab - Risperidone (Zepidone) 2mg,,12965,,1,28399,5013,5-Mar-24,,
72594,7157,,Tab - Risperidone (Zepidone) 2mg,,13552,,1,29271,4570,7-Mar-24,,
72611,5739,,Tab -  Risperidone (Amidrex) 2mg,,10038,,1,27627,5496,8-Mar-24,,
72620,3224,,Tab - Benzhexol 5mg,,7793,,,28250,5496,8-Mar-24,,
72621,3224,,Tab - Chlorpromazine 100mg,,7793,,,28249,5496,8-Mar-24,,
72624,2127,,Tab - Amlodipine 10mg,,3019,,,29539,4608,8-Mar-24,4608,8-Mar-24
72625,2127,,Tab - Benzhexol 5mg,,3019,,,29538,4608,8-Mar-24,,
72628,7126,,Tab - Risperidone (Zepidone) 2mg,,13462,,1,29188,4603,8-Mar-24,4603,8-Mar-24
72637,819,,Tab - Carbamazepine TEGRETOL (Plain) 200mg,,10768,,1,27674,5496,8-Mar-24,,
72644,6820,,Tab - Aspirin 75mg,,13242,,,29311,4715,8-Mar-24,,
72645,6820,,Tab - Amiloride/hydroclorothiazide (Moduretic),,13242,,1,29310,4715,8-Mar-24,,
72647,6820,,Tab - Zepidone 3mg,,13242,,,29307,4715,8-Mar-24,,
72648,6820,,Tab - Olanzapine (Ozace)10mg x 30,,13242,,,29308,4715,8-Mar-24,,
72672,7157,,Tab - Risperidone (Zepidone) 2mg,,13552,,1,29841,4608,11-Mar-24,,
72677,5059,,Tab - Olanzapine (Ozace)10mg x 30,,8339,,1,29848,4284,11-Mar-24,4284,11-Mar-24
72679,3839,,Tab - Carbamazepine 200mg,,6115,,,29962,4284,11-Mar-24,,
72680,3839,,Tab - Chlorpromazine 100mg,,6115,,,29961,4284,11-Mar-24,,
72699,178,,Tab - Benzhexol 5mg,,7798,,1,30530,4572,12-Mar-24,,
72701,6539,,Tab - Amlodipine 10mg,,11872,,1,30547,4572,12-Mar-24,,
72703,1596,,Tab - Risperidone (Zepidone) 2mg,,2366,,1,30228,5063,12-Mar-24,5063,12-Mar-24
72704,1596,,Tab - Benzhexol 5mg,,2366,,1,30229,5063,12-Mar-24,,
72760,6656,,Tab - Haloperidol 5mg,,12179,,,30424,4998,15-Mar-24,,
72769,7461,,Tab - Neuro-vit Forte,,14484,,1,31278,4955,15-Mar-24,4955,15-Mar-24
72780,4264,,Tab - Risperidone (Zepidone) 2mg,,13190,,1,30697,5496,16-Mar-24,,
72784,6681,,Tab - Vitamine E,,12230,,,31111,4577,16-Mar-24,,
72785,6681,,Tab - Risperidone (Zepidone) 2mg,,12230,,,31108,4577,16-Mar-24,,
72797,5550,,Tab - Vitamin C 100mg,,9634,,1,31455,5009,17-Mar-24,,
72799,5550,,Tab - Paracetamol 500mg,,9634,,,31301,5009,17-Mar-24,,
72803,5550,,Tab - Benzhexol 5mg,,9634,,1,31299,5009,17-Mar-24,,
72805,6331,,Tab - Risperidone (Zepidone) 2mg,,11409,,1,30819,5298,17-Mar-24,5298,17-Mar-24
72807,1436,,Tab - Benzhexol 5mg,,2463,,1,30832,5298,17-Mar-24,,
72815,6390,,Tab - Haloperidol 10mg,,14494,,1,31786,5500,18-Mar-24,,
72818,7047,,Tab - Haloperidol 10mg,,13280,,1,31664,5341,18-Mar-24,,
72820,7047,,Tab - Neuro-vit Forte,,13280,,1,31666,5341,18-Mar-24,,
72823,6309,,Tab - Risperidone (Zepidone) 2mg,,11335,,1,31651,4570,18-Mar-24,,
72825,6309,,Tab - Benzhexol 5mg,,11335,,1,31653,4570,18-Mar-24,,
72830,6871,,Tab - Benzhexol 5mg,,12757,,1,31548,4570,18-Mar-24,,
72843,2607,,Tab -  Risperidone (Amidrex) 2mg,,4076,,,32138,4280,19-Mar-24,4280,19-Mar-24
72845,6772,,Tab - Risperidone (Zepidone) 2mg,,12891,,1,30696,4280,19-Mar-24,,
72847,2013,,Tab - Trifluoperazine       5mg,,4178,,,32078,4280,19-Mar-24,4280,19-Mar-24
72850,6542,,Tab - Metronidazole 400mg,,14026,,,32155,4709,19-Mar-24,5761,20-Mar-24
72871,5823,,Tab - Benzhexol 5mg,,10037,,1,32258,5487,20-Mar-24,,
72897,2055,,Tab - Risperidone (Zepidone) 2mg,,10104,,1,32048,5493,21-Mar-24,,
72904,1045,,Tab - Amlodipine 5mg,,1407,,1,32362,5493,21-Mar-24,,
72905,1045,,Tab - Indapamide (Natrilix)1.5mg,,1407,,1,32361,5493,21-Mar-24,,
72919,6399,,Tab - Carbamazepine 200mg,,11561,,1,31574,4998,21-Mar-24,,
72929,6822,,Tab - Prednisone 5mg,,12600,,,32346,4670,21-Mar-24,,
72930,7221,,Tab - Tab. Risperidone (Amidirex) 1mg,,15008,,,32210,4956,21-Mar-24,,
72935,2376,,Tab - Paracetamol 500mg,,4070,,,32638,5493,22-Mar-24,,
72936,3652,,Tab - Tab. Artovastatin 20mg,,5555,,1,31286,5493,22-Mar-24,,
72938,414,,Tab - Epilim 200mg,,6637,,1,30827,5760,22-Mar-24,,
72944,2127,,Tab - Trifluoperazine       5mg,,3019,,,32751,5341,22-Mar-24,,
72960,7773,,Tab - Artovastatin 10mg,,15339,,,32957,4959,22-Mar-24,,
72962,7773,,Inj -  Fluphenazine Decanote 25mg,,15339,,,32954,4959,22-Mar-24,,
72963,7773,,Tab - Benzhexol 5mg,,15339,,,32956,4959,22-Mar-24,,
72969,6390,,Tab - Paracetamol 500mg,,14494,,,33005,5056,23-Mar-24,,
72972,6341,,Tab -  Risperidone (Amidrex) 2mg,,13747,,1,32969,5056,23-Mar-24,5056,23-Mar-24
72976,4410,,Tab - .Natrixam1.5mg/10mg,,7541,,1,33049,5056,24-Mar-24,,
72977,4410,,Tab - Haloperidol 10mg,,7541,,1,33048,5056,24-Mar-24,,
72979,4410,,Tab - Benzhexol 5mg,,7541,,1,33046,5056,24-Mar-24,,
72996,7768,,Tab - Risperidone (Zepidone) 2mg,,15329,,,33191,5335,26-Mar-24,5335,26-Mar-24
73004,6261,,Tab - Diclofenac sodium 50mg,,11181,,,33319,5795,26-Mar-24,,
73008,2055,,Tab - Pyridoxine 50mg,,10104,,,33574,4640,26-Mar-24,,
73025,111,,Tab - Carbamazepine 200mg,,148,,1,33630,5475,27-Mar-24,5475,27-Mar-24
73027,3687,,Tab - Zepidone 3mg,,7800,,1,33771,4572,28-Mar-24,,
73029,5142,,Tab - Benzhexol 5mg,,8676,,,33775,4572,28-Mar-24,,
73044,6539,,Tab -  Clozapine 100mg,,11872,,1,33077,5341,28-Mar-24,5341,28-Mar-24
73049,5729,,"Tab - Haloperidol 10mg,15mg",,9807,,1,32882,5496,28-Mar-24,,
73083,5006,,Tab - Paracetamol 500mg,,8214,,,34032,4280,30-Mar-24,,
73090,8015,,Tab -  Risperidone (Risperdal) 2mg,,15991,,,34167,4956,31-Mar-24,,
73121,1106,,Tab - Carbamazepine 200mg,,15947,,,34510,5795,2-Apr-24,,
73142,5321,,Tab - Risperidone (Zepidone) 2mg,,9173,,,34356,4746,3-Apr-24,4746,3-Apr-24
73153,6261,,Tab - Carbamazepine 200mg,,11181,,1,34440,5538,3-Apr-24,,
73171,7647,,Tab - Risperidone (Zepidone) 2mg,,14969,,,34889,4663,4-Apr-24,,
73187,8098,,Tab - Aripiprazole (debixa) 10mg,,16291,,1,34934,4572,4-Apr-24,4572,4-Apr-24
73188,8125,,Tab - Risperidone (Zepidone) 2mg,,16418,,1,35345,4572,4-Apr-24,4572,4-Apr-24
73189,6261,,Tab - Risperidone (Zepidone) 2mg,,11181,,1,35027,5395,4-Apr-24,5395,4-Apr-24
73190,6739,,Tab - Benzhexol 5mg,,12392,,,32357,4577,5-Apr-24,4577,5-Apr-24
73191,6739,,Tab - Chlorpromazine 100mg,,12392,,,32799,4577,5-Apr-24,,
73192,6681,,Tab - Carbamazepine 200mg,,12230,,,32654,4577,5-Apr-24,4577,5-Apr-24
73193,6681,,Tab - Gingkobiloba,,12230,,,32656,4577,5-Apr-24,4577,5-Apr-24
73194,2835,,Tab -  Quetiapine 300mg,,4170,,,30703,4577,5-Apr-24,,
73211,2127,,Tab - Amlodipine 10mg,,3019,,1,35633,5461,5-Apr-24,,
73212,2127,,Tab - Trifluoperazine       5mg,,3019,,,35632,5461,5-Apr-24,,
73213,1624,,Tab -  Risperidone (Amidrex) 2mg,,2243,,1,35518,5461,5-Apr-24,,
73214,1624,,Tab - Neuro-vit Forte,,2243,,1,35512,5461,5-Apr-24,,
73215,3839,,Tab - Artemether/Lumefantrine 80/480mg,,6115,,,35819,5063,5-Apr-24,,
73216,3839,,Tab - Paracetamol 500mg,,6115,,,35818,5063,5-Apr-24,,
73217,3839,,Tab - Tab. Loratidine 10mg,,6115,,,35817,5063,5-Apr-24,,
73218,3839,,Cap -  Amoxicillin 500mg,,6115,,,35816,5063,5-Apr-24,,
73219,5476,,Tab -  Risperidone (Amidrex) 2mg,,10025,,,35763,5063,5-Apr-24,5063,5-Apr-24
73220,5476,,Tab - .Atorvastatin 20mg,,10025,,,35762,5063,5-Apr-24,,
73221,8137,,Tab - Benzhexol 5mg,,16453,,1,35776,5063,5-Apr-24,,
73222,8137,,Inj -  Fluphenazine Decanote 25mg,,16453,,,35775,5063,5-Apr-24,,
72480,1045,,Tab - Amlodipine 5mg,,1407,,1,27064,4729,4-Mar-24,,
72494,3587,,Tab - Trifluoperazine       5mg,,7799,,,28100,4670,4-Mar-24,4572,5-Mar-24
72500,6309,,Tab - Risperidone (Zepidone) 2mg,,11335,,1,28373,5341,4-Mar-24,,
72501,6309,,Tab - Benzhexol 5mg,,11335,,1,28374,5341,4-Mar-24,,
72505,3587,,Tab - Benzhexol 5mg,,7799,,,28102,4570,4-Mar-24,,
72506,3587,,Inj - Fluphenazine Decanoate 50mg,,7799,,,28101,4570,4-Mar-24,,
72525,6539,,Tab -  Lisinopril 5mg,,11872,,1,28092,4572,5-Mar-24,4572,5-Mar-24
72526,4875,,Tab - Haloperidol 5mg,,7880,,1,28454,4663,5-Mar-24,4572,5-Mar-24
72530,497,,Tab - Benzhexol 5mg,,11864,,,,4265,5-Mar-24,,
72535,2811,,Tab - Olanzapine (Ozace)10mg x 30,,4123,,1,28600,5477,5-Mar-24,,
72537,3455,,Tab - Benzhexol 5mg,,5170,,,27842,4284,5-Mar-24,,
72569,7078,,Tab - Neuro-vit Forte,,13352,,1,28890,4663,6-Mar-24,,
72571,6913,,Tab - Ibuprofen 400mg,,12877,,,28901,5197,6-Mar-24,5197,6-Mar-24
72572,6913,,Tab - Tab. Ciprofloxacin 500,,12877,,,28900,5197,6-Mar-24,,
72576,6739,,Tab - Haloperidol 5mg,,12392,,,27658,5527,7-Mar-24,,
72577,5349,,Tab - Neuro-vit Forte,,9174,,,27635,5735,7-Mar-24,,
72578,6681,,Tab - Benzhexol 5mg,,12230,,,28895,5735,7-Mar-24,,
72579,6681,,Tab - Risperidone (Zepidone) 2mg,,12230,,1,27846,5735,7-Mar-24,,
72581,5483,,Tab - Chlorpromazine 100mg,,9217,,1,27755,5735,7-Mar-24,,
72596,414,,Tab - Epilim 200mg,,6637,,1,27408,5317,7-Mar-24,,
72599,5142,,Tab - Zepidone 3mg,,8676,,1,29008,4570,7-Mar-24,,
72603,5304,,Tab -  Risperidone (Amidrex) 2mg,,9016,,1,27623,5496,8-Mar-24,,
72604,5304,,Tab - Benzhexol 5mg,,9016,,1,27624,5496,8-Mar-24,,
72605,5551,,Tab - Sodium Valporate 400mg,,9576,,1,28568,5496,8-Mar-24,5496,8-Mar-24
72606,5551,,Tab - Risperidone (Zepidone) 2mg,,9576,,1,28569,5496,8-Mar-24,5496,8-Mar-24
72617,5219,,Tab - Sodium Valporate (Eppilim) 500mg,,8721,,1,29440,5496,8-Mar-24,,
72618,5219,,"Tab -  Risperidone (Risperdal) 1mg,2mg",,8721,,,29439,5496,8-Mar-24,5496,8-Mar-24
72622,7131,,Tab - Neuro-vit Forte,,13480,,1,29320,4603,8-Mar-24,,
72634,6106,,Tab - Benzhexol 5mg,,11114,,,29489,5496,8-Mar-24,,
72656,758,,Tab - Vitamin C 100mg,,8578,,,28967,5042,9-Mar-24,,
72657,758,,Tab - Nifedipine 30mg,,8578,,,28966,5042,9-Mar-24,,
72663,7148,,Tab - Risperidone (Zepidone) 2mg,,13769,,,29738,4579,9-Mar-24,4579,9-Mar-24
72671,2811,,Tab - Benzhexol 5mg,,4123,,,21515,5156,11-Mar-24,,
72673,7157,,Tab - Neuro-vit Forte,,13552,,1,29842,4608,11-Mar-24,,
72682,6751,,Tab - Chlorpromazine 100mg,,12420,,1,29613,4583,11-Mar-24,,
72684,7131,,Tab - Carbamazepine 200mg,,13480,,1,29934,4572,11-Mar-24,,
72685,7131,,Tab - Haloperidol 5mg,,13480,,1,29933,4572,11-Mar-24,,
72686,6680,,Tab - Haloperidol 10mg,,12226,,,28637,5500,11-Mar-24,5500,11-Mar-24
72687,7303,,"Others - Plaster 4?,,13990,,,30155,5502,11-MAR-24""",5502,11-Mar-24,,,,,,,
72688,7303,,IVF - 5% Dextrose Saline 500mls,,13990,,,30150,5502,11-Mar-24,,
72693,7126,,Tab - Neuro-vit Forte,,13462,,1,29985,5489,12-Mar-24,,
72694,7126,,Tab - Risperidone (Zepidone) 2mg,,13462,,1,29984,5489,12-Mar-24,,
72712,6680,,Tab - Haloperidol 10mg,,12226,,,30258,4639,12-Mar-24,4639,12-Mar-24
72734,5211,,Tab - Sodium Valporate 200mg,,8987,,,30234,4714,13-Mar-24,,
72735,4875,,Tab - Benzhexol 5mg,,7880,,,26917,4570,13-Mar-24,,
72738,6547,,Tab - Carbamazepine 200mg,,12070,,1,30715,5477,13-Mar-24,,
72740,6547,,Tab - Levetiracetam 250mg,,12070,,1,30713,5477,13-Mar-24,,
72761,3687,,Tab - Zepidone 3mg,,7800,,1,30845,5341,15-Mar-24,,
72765,497,,Tab - Paracetamol 500mg,,11864,,,30799,4746,15-Mar-24,,
72766,2127,,Tab - Amlodipine 10mg,,3019,,1,31329,4670,15-Mar-24,,
72767,2127,,Tab - Benzhexol 5mg,,3019,,1,31328,4670,15-Mar-24,,
72771,5683,,Tab - Quetiapine 200mg,,12158,,1,29857,5317,15-Mar-24,,
72772,5683,,Tab - Carbamazepine 200mg,,12158,,1,29858,5317,15-Mar-24,5317,15-Mar-24
72775,7303,,Tab - Neuro-vit Forte,,14469,,1,30147,4959,16-Mar-24,,
72788,5739,,"Tab - Risperidone (Zepidone) 1mg,2mg",,10038,,,31221,5496,17-Mar-24,,
72790,5551,,Tab -  Lamotrigine 50mg,,9576,,1,30239,5496,17-Mar-24,,
72791,6680,,Tab - Neuro-vit Forte,,12226,,1,31435,5063,17-Mar-24,,
72792,6901,,Tab -  Risperidone (Amidrex) 2mg,,12795,,1,31434,5063,17-Mar-24,,
72804,6331,,Tab - Neuro-vit Forte,,11409,,1,30820,5298,17-Mar-24,5298,17-Mar-24
72814,3455,,Tab - Haloperidol 10mg,,5170,,1,31414,4284,18-Mar-24,,
72831,6390,,Tab - Benzhexol 5mg,,14494,,,31203,5015,19-Mar-24,,
72833,6542,,Tab - Haloperidol 5mg,,14026,,,30267,4706,19-Mar-24,,
72837,7583,,Tab - Neuro-vit Forte,,14825,,,31845,4955,19-Mar-24,,
72863,7647,,Tab -  Diazepam 5mg,,14969,,,32263,5495,19-Mar-24,4579,19-Mar-24
72872,4025,,Tab -  Folic Acid 5mg,,6255,,1,31872,5760,20-Mar-24,5760,20-Mar-24
72889,7650,,Tab - Artemether/Lumefantrine 80/480mg,,14975,,,32369,4580,20-Mar-24,4580,20-Mar-24
72894,6261,,Tab -  Carbamazepine (Tegretol) 200mg CR,,11181,,1,28734,5795,21-Mar-24,,
72896,2055,,Tab - Amlodipine 5mg,,10104,,1,32050,5493,21-Mar-24,,
72900,7352,,Tab - Propranolol 20mg,,14517,,,31627,5493,21-Mar-24,,
72912,7642,,Tab - Neuro-vit Forte,,14961,,1,32444,4572,21-Mar-24,4572,21-Mar-24
72913,7647,,Tab - Risperidone (Zepidone) 2mg,,14969,,1,32480,4572,21-Mar-24,4572,21-Mar-24
72925,6468,,Tab - Risperidone (Zepidone) 2mg,,12965,,1,30056,4998,21-Mar-24,,
72926,4792,,Tab -  Risperidone (Amidrex) 2mg,,7726,,1,31088,4998,21-Mar-24,,
72928,6822,,Tab - Tab. Loratidine 10mg,,12600,,,32347,4670,21-Mar-24,,
72939,414,,Tab - Risperidone (Zepidone) 2mg,,6637,,1,30826,5760,22-Mar-24,5760,22-Mar-24
72942,2127,,Tab - Benzhexol 5mg,,3019,,,32752,5341,22-Mar-24,5341,22-Mar-24
72954,7588,,Inj -  Haloperidol 5mg,,14834,,,32249,5695,22-Mar-24,,
72970,6390,,Inj - Metoclopramide 10MG/2ml,,14494,,,33004,5056,23-Mar-24,,
72975,6534,,Tab -  Risperidone (Risperdal) 4mg,,15334,,,33023,4536,23-Mar-24,,
72983,4792,,Tab - Zepidone 3mg,,7726,,1,32892,4998,25-Mar-24,,
72985,2362,,Tab - Amiloride/hydroclorothiazide (Moduretic),,3354,,1,31607,4998,25-Mar-24,,
72987,7848,,Tab -  Diazepam 5mg,,15540,,,33321,4724,25-Mar-24,,
72988,776,,Tab -  Diazepam 5mg,,15337,,,32938,5013,25-Mar-24,,
72989,7656,,Tab - Neuro-vit Forte,,15360,,,33241,5013,25-Mar-24,,
73011,5006,,Tab - Fluoxetine 20mg,,8214,,1,32567,5114,26-Mar-24,4280,30-Mar-24
73035,7848,,Tab - Artemether/Lumefantrine 80/480mg,,15540,,,33768,5475,28-Mar-24,,
73036,7848,,Tab - Amoxicillin/Clavulanic Acid 625mg,,15540,,,33764,5475,28-Mar-24,,
73047,5494,,Tab - Haloperidol 10mg,,9236,,1,33220,5341,28-Mar-24,5341,28-Mar-24
73050,5219,,Tab - Sodium Valporate (Eppilim) 1000mg,,8721,,,32874,5496,28-Mar-24,,
73052,5260,,Tab - Chlorpromazine 100mg,,8776,,1,31255,5496,28-Mar-24,5496,28-Mar-24
73053,5551,,"Tab - Sodium Valporate 200mg,400mg",,9576,,,33383,5496,28-Mar-24,,
73055,7532,,Inj - Artemether 80mg,,14721,,,34015,4580,28-Mar-24,4580,28-Mar-24
73068,6341,,Tab -  Risperidone (Amidrex) 2mg,,13747,,1,33170,4639,29-Mar-24,,
73069,5683,,Tab - Trifluoperazine       5mg,,12158,,,33087,5298,29-Mar-24,5298,29-Mar-24
73081,5006,,Tab - Dispersible ACT 20/120mg X12,,8214,,,34031,4280,30-Mar-24,,
73082,5006,,Cap -  Amoxicillin 500mg,,8214,,,34030,4280,30-Mar-24,,
73085,5349,,Tab - Paracetamol 500mg,,9174,,,34095,4280,30-Mar-24,,
73092,7773,,Tab - Paracetamol 500mg,,15339,,,34155,4956,31-Mar-24,,
73097,8006,,Tab - Metronidazole 400mg,,15988,,,34190,5198,1-Apr-24,,
73100,6822,,Tab -  Risperidone (Risperdal) 2mg,,12600,,1,33231,5615,1-Apr-24,,
73108,6337,,Inj -  Fluphenazine Decanote 25mg,,11390,,1,31769,5112,1-Apr-24,5112,1-Apr-24
73116,6547,,Tab - Ta. Levetiracetam 500mg SUVITRA,,12070,,,34287,5795,2-Apr-24,,
73122,7393,,Tab -  Multivitamin,,14267,,,34518,5795,2-Apr-24,,
72484,3652,,Tab -  Olanzapine 5mg (Ozace) x 30,,5555,,1,27709,4729,4-Mar-24,,
72487,2055,,Tab - Benzhexol 5mg,,10104,,1,26955,4729,4-Mar-24,,
72488,2055,,Tab - Pyridoxine 50mg,,10104,,1,26954,4729,4-Mar-24,,
72493,2792,,Tab - Zepidone 3mg,,4063,,1,28124,5317,4-Mar-24,,
72495,5885,,Tab - Haloperidol 10mg,,10201,,1,28126,4670,4-Mar-24,5341,4-Mar-24
72497,6021,,Tab - Benzhexol 5mg,,12648,,,27445,5042,4-Mar-24,5042,4-Mar-24
72513,4410,,Tab - Haloperidol 10mg,,7541,,1,28262,5064,4-Mar-24,,
72515,6966,,Tab - Carbamazepine 200mg,,13005,,1,28352,5495,4-Mar-24,,
72516,3839,,Tab - Chlorpromazine 100mg,,6115,,1,28261,5064,4-Mar-24,5064,4-Mar-24
72517,3839,,Tab - Carbamazepine (Carbimi CR) 400mg,,6115,,1,28260,5064,4-Mar-24,,
72518,358,,Tab - Benzhexol 5mg,,9768,,1,28089,5064,4-Mar-24,5064,4-Mar-24
72519,358,,Tab - Risperidone (Zepidone) 2mg,,9768,,1,28088,5064,4-Mar-24,,
72521,6261,,Inj -  Diazepam 10mg,,11181,,,28434,5037,5-Mar-24,,
72531,6966,,Tab - Carbamazepine 200mg,,13189,,,28534,4956,5-Mar-24,4958,7-Mar-24
72532,6245,,Tab - Chlorpromazine 100mg,,11158,,1,28446,5112,5-Mar-24,,
72542,7047,,Tab - Neuro-vit Forte,,13280,,1,28820,5529,5-Mar-24,5529,5-Mar-24
72543,7047,,Tab -  Risperidone (Amidrex) 2mg,,13280,,1,28819,5529,5-Mar-24,5529,5-Mar-24
72544,758,,Tab - Nifedipine 30mg,,8578,,1,28695,5013,5-Mar-24,,
72545,758,,Tab - Vitamin C 100mg,,8578,,1,28694,5013,5-Mar-24,,
72546,758,,Tab - Olanzapine (Ozace)10mg x 30,,8578,,1,28693,5013,5-Mar-24,,
72547,758,,Tab - Benzhexol 5mg,,8578,,1,28692,5013,5-Mar-24,,
72548,4792,,Tab -  Risperidone (Amidrex) 2mg,,7726,,1,27625,5013,5-Mar-24,,
72549,6412,,Tab - Zepidone 3mg,,11584,,1,28325,5013,5-Mar-24,,
72550,5550,,Tab - Haloperidol 10mg,,9634,,1,27618,5013,5-Mar-24,,
72552,2362,,Tab - Nifedipine 30mg,,3354,,1,28368,5013,5-Mar-24,,
72553,2362,,Tab - Benzhexol 5mg,,3354,,1,28367,5013,5-Mar-24,5013,5-Mar-24
72554,2362,,Tab - Carbamazepine (Carbimi CR) 400mg,,3354,,1,28366,5013,5-Mar-24,,
72555,2362,,Tab - Haloperidol 10mg,,3354,,1,28365,5013,5-Mar-24,,
72557,5006,,Tab - Fluoxetine 20mg,,8214,,1,27234,5013,5-Mar-24,,
72558,6399,,Tab - Neuro-vit Forte,,11561,,1,28355,5013,5-Mar-24,,
72559,6399,,Tab - Carbamazepine 200mg,,11561,,1,28354,5013,5-Mar-24,,
72560,6656,,Tab - Neuro-vit Forte,,12179,,,26905,5013,5-Mar-24,,
72574,6955,,Tab -  Diazepam 5mg,,12960,,,28971,5013,6-Mar-24,5013,6-Mar-24
72575,6955,,Tab -  Risperidone (Risperdal) 2mg,,12960,,1,28970,5013,6-Mar-24,,
72580,6681,,Tab - Carbamazepine 200mg,,12230,,1,27845,5735,7-Mar-24,,
72583,3963,,Inj -  Haloperidol 5mg,,6121,,,25994,5735,7-Mar-24,5735,7-Mar-24
72601,6819,,Tab - Benzhexol 5mg,,13241,,,29296,4702,8-Mar-24,4702,8-Mar-24
72602,6819,,Tab - Vasoprin 75mg,,13241,,,29295,4702,8-Mar-24,5490,9-Mar-24
72610,5739,,Tab - Benzhexol 5mg,,10038,,1,27628,5496,8-Mar-24,,
72614,5729,,"Tab - Carbamazepine 200mg,400mg",,9807,,,29435,5496,8-Mar-24,,
72627,2127,,Tab - Trifluoperazine       5mg,,3019,,,29537,4608,8-Mar-24,4608,8-Mar-24
72629,7126,,Tab -  Diazepam 5mg,,13462,,,29185,4603,8-Mar-24,4603,8-Mar-24
72641,6821,,Tab - Haloperidol,,13244,,,29258,4715,8-Mar-24,4715,8-Mar-24
72642,6821,,Tab - Chlorpromazine 100mg,,13244,,,29257,4715,8-Mar-24,4715,8-Mar-24
72643,6821,,Inj - Flupenthixol (Decanoate 40mg),,13244,,,29256,4715,8-Mar-24,4715,8-Mar-24
72675,3223,,Tab - Haloperidol 15mg,,4817,,,29843,5156,11-Mar-24,,
72692,5006,,Tab -  Risperidone (Amidrex) 2mg,,8214,,1,29616,4280,12-Mar-24,4280,19-Mar-24
72696,6819,,Tab - Chlorpromazine 100mg,,13241,,,29292,4731,12-Mar-24,,
72702,6539,,Tab -  Clozapine 100mg,,11872,,1,30546,4572,12-Mar-24,4572,12-Mar-24
72710,4875,,Inj - Fluphenazine Decanoate 50mg,,7880,,,30384,4572,12-Mar-24,,
72759,7303,,Tab -  Diazepam 5mg,,14199,,,30148,4724,14-Mar-24,,
72781,5482,,Tab - Chlorpromazine 100mg,,9469,,,31456,4655,16-Mar-24,,
72809,4025,,Inj -  Fluphenazine Decanote 25mg,,6255,,1,28555,5477,18-Mar-24,,
72810,5885,,Tab - Haloperidol 10mg,,10201,,1,31556,4570,18-Mar-24,,
72816,5047,,Tab - Olanzapine (Ozace)10mg x 30,,8526,,1,31767,4284,18-Mar-24,4639,19-Mar-24
72817,6822,,Tab - Risperdal 2mg,,12600,,1,31584,5341,18-Mar-24,5341,18-Mar-24
72819,7047,,Tab - Benzhexol 5mg,,13280,,,31665,5341,18-Mar-24,,
72822,7461,,Tab - Haloperidol 5mg,,14484,,1,31687,4570,18-Mar-24,,
72824,6309,,Tab - Neuro-vit Forte,,11335,,1,31652,4570,18-Mar-24,,
72826,5375,,Tab - Aripiprazole (debixa) 10mg,,8993,,1,31690,5341,18-Mar-24,5341,18-Mar-24
72827,5047,,Tab - Benzhexol 5mg,,8526,,1,31749,4284,18-Mar-24,,
72828,6871,,Tab - Risperidone (Zepidone) 2mg,,12757,,1,31547,4570,18-Mar-24,,
72829,358,,Tab - Zepidone 3mg,,9768,,1,31747,4284,18-Mar-24,,
72836,6816,,Tab - Chlorpromazine 100mg,,14679,,,30121,4731,19-Mar-24,,
72838,7583,,Tab - Risperidone (Zepidone) 2mg,,14825,,,31844,4955,19-Mar-24,4955,19-Mar-24
72839,7583,,Tab -  Diazepam 5mg,,14825,,,31846,4955,19-Mar-24,4955,19-Mar-24
72852,7470,,Tab -  Folic Acid 5mg,,14523,,,32206,4580,19-Mar-24,4580,19-Mar-24
72885,2362,,Tab - Haloperidol 10mg,,3354,,1,31603,5695,20-Mar-24,,
72909,6027,,Tab - Risperidone (Zepidone) 2mg,,10967,,1,31229,5493,21-Mar-24,,
72923,2362,,Tab - Ferrous Sulfate 200mg,,3354,,,32400,4998,21-Mar-24,,
72932,6557,,Tab -  Risperidone (Amidrex) 2mg,,12181,,,32561,4277,22-Mar-24,4277,22-Mar-24
72934,2376,,Tab - Carbamazepine 200mg,,4070,,1,31256,5493,22-Mar-24,,
72941,2127,,Tab - Amlodipine 10mg,,3019,,,32753,5341,22-Mar-24,5341,22-Mar-24
72943,5711,,Inj -  Haloperidol 5mg,,9786,,,22916,5695,22-Mar-24,,
72945,5711,,Inj -  Diazepam 10mg,,9786,,,22915,5695,22-Mar-24,5695,22-Mar-24
72946,5502,,Inj -  Fluphenazine Decanote 25mg,,9283,,1,29640,5695,22-Mar-24,,
72952,7583,,Tab - Risperidone (Zepidone) 2mg,,14825,,1,32184,5695,22-Mar-24,4998,25-Mar-24
72958,5141,,Tab -  Risperidone (Amidrex) 2mg,,8517,,1,32886,5695,22-Mar-24,4998,25-Mar-24
72966,7461,,Tab -  Diclofenac Sodium 100mg,,14484,,,32958,5461,22-Mar-24,,
72967,6547,,Tab - Olanzapine (Ozace)10mg x 30,,12070,,1,31894,5298,22-Mar-24,,
72981,5349,,Tab - Paracetamol 500mg,,9174,,,32995,4280,25-Mar-24,,
72982,5349,,Tab - Neuro-vit Forte,,9174,,,31517,4280,25-Mar-24,,
73001,5698,,Tab - Neuro-vit Forte,,9731,,,33349,5795,26-Mar-24,,
73012,178,,Tab - Trifluoperazine 5mg,,7798,,,33113,4570,26-Mar-24,4570,26-Mar-24
73014,178,,Tab - Neuro-vit Forte,,7798,,,33115,4570,26-Mar-24,4570,26-Mar-24
73017,2792,,Tab - Zepidone 3mg,,4063,,,31452,5317,26-Mar-24,,
73019,1596,,Tab - Benzhexol 5mg,,2366,,1,33545,4639,27-Mar-24,,
73020,1596,,Tab - Zepidone 3mg,,2366,,1,33544,4639,27-Mar-24,,
73021,3839,,Tab - Haloperidol 10mg,,6115,,1,33150,4639,27-Mar-24,,
73023,3839,,Tab - Sodium Valporate 200mg,,6115,,1,33148,4639,27-Mar-24,4639,27-Mar-24
73030,6259,,Tab - Haloperidol 10mg,,11179,,1,33857,5477,28-Mar-24,,
73032,6259,,Tab - Amlodipine 10mg,,11179,,1,33862,5477,28-Mar-24,,
73037,5905,,Inj -  Fluphenazine Decanote 25mg,,14229,,,33793,5492,28-Mar-24,,
73056,7532,,Tab - Ferrous Sulfate 200mg,,14721,,,34035,4580,28-Mar-24,4580,28-Mar-24
73057,7532,,Tab -  Folic Acid 5mg,,14721,,,34034,4580,28-Mar-24,4580,28-Mar-24
73070,5683,,Tab - Carbamazepine 200mg,,12158,,,33086,5298,29-Mar-24,5298,29-Mar-24
73071,5683,,Tab -  Quetiapine 300mg,,12158,,,33085,5298,29-Mar-24,5298,29-Mar-24
73073,7393,,Tab -  Risperidone (Amidrex) 2mg,,14267,,,31020,5299,30-Mar-24,5299,30-Mar-24
73087,8006,,Tab - Risperidone (Zepidone) 2mg,,15977,,1,34075,4956,30-Mar-24,,
73120,6547,,Tab -  Diazepam 5mg,,12070,,,34285,5795,2-Apr-24,5795,2-Apr-24
73124,3312,,Inj -  Fluphenazine Decanote 25mg,,16207,,,34662,4730,2-Apr-24,,
73125,7946,,Tab -  Diazepam 5mg,,15850,,,34559,5527,2-Apr-24,5527,2-Apr-24
72481,1045,,Tab - Zepidone 3mg,,1407,,1,27063,4729,4-Mar-24,,
72486,2055,,Tab - Amlodipine 5mg,,10104,,1,26956,4729,4-Mar-24,,
72489,6027,,Tab - Risperidone (Zepidone) 2mg,,10967,,1,27810,4729,4-Mar-24,4729,4-Mar-24
72490,5211,,Tab -  Folic Acid 5mg,,8987,,1,27078,4729,4-Mar-24,,
72491,5211,,Tab - Sodium Valporate 200mg,,8987,,1,27076,4729,4-Mar-24,,
72507,6337,,Tab -  Folic Acid 5mg,,11390,,1,28114,5064,4-Mar-24,5064,4-Mar-24
72508,6337,,Tab - Ferrous Sulfate 200mg,,11390,,1,28113,5064,4-Mar-24,,
72509,6337,,Tab - Benzhexol 5mg,,11390,,1,28111,5064,4-Mar-24,5064,4-Mar-24
72522,5842,,Tab - Neuro-vit Forte,,10094,,1,26536,4636,5-Mar-24,,
72527,4875,,Tab - Benzhexol 5mg,,7880,,,28450,4572,5-Mar-24,,
72529,497,,Tab - Benzhexol 5mg,,11864,,,26638,4265,5-Mar-24,4265,5-Mar-24
72570,7078,,Tab -  Diazepam 5mg,,13352,,,28889,4663,6-Mar-24,,
72573,7047,,Tab -  Diazepam 5mg,,13280,,,28941,4636,6-Mar-24,4636,6-Mar-24
72587,6181,,Tab -  Risperidone (Amidrex) 2mg,,10970,,1,27154,5735,7-Mar-24,5735,7-Mar-24
72589,6751,,Tab - Chlorpromazine 100mg,,12420,,1,27891,5735,7-Mar-24,,
72607,5551,,Tab -  Lamotrigine 50mg,,9576,,1,28567,5496,8-Mar-24,,
72609,4264,,Tab - Pyridoxine 50mg,,13190,,,28310,5496,8-Mar-24,,
72640,7217,,Tab - Amitriptyline 25mg,,13753,,1,29700,4908,8-Mar-24,,
72650,7221,,Tab - Vitamin C 100mg,,13768,,,29728,5495,9-Mar-24,,
72668,7148,,Tab - Amitriptyline 25mg,,13769,,,29737,5198,10-Mar-24,,
72670,6681,,Tab - Carbamazepine 200mg,,12230,,1,29802,4664,11-Mar-24,,
72678,3839,,Tab - Haloperidol 10mg,,6115,,,29963,4284,11-Mar-24,,
72689,5494,,Tab - Haloperidol 10mg,,9236,,,23134,5461,11-Mar-24,,
72690,5494,,Tab - Benzhexol 5mg,,9236,,1,28121,5461,11-Mar-24,,
72706,2607,,Tab - Risperidone (Risperdal) 3mg,,4076,,1,28583,4262,12-Mar-24,,
72707,2607,,Tab - Benzhexol 5mg,,4076,,1,28584,4262,12-Mar-24,4262,12-Mar-24
72708,6341,,Tab - Risperidone (Zepidone) 2mg,,13747,,1,29917,4262,12-Mar-24,,
72709,2840,,Tab -  Diclofenac Sodium 100mg,,4182,,,29830,4262,12-Mar-24,,
72711,6542,,Tab - Aspirin 75mg,,14026,,,30269,4706,12-Mar-24,4706,19-Mar-24
72718,7006,,Susp - Antacids,,13211,,,29687,4714,13-Mar-24,,
72729,2055,,Tab - Pyridoxine 50mg,,10104,,1,30316,4714,13-Mar-24,,
72730,2055,,Tab - Benzhexol 5mg,,10104,,1,30315,4714,13-Mar-24,,
72731,2055,,Tab - Amlodipine 5mg,,10104,,1,30317,4714,13-Mar-24,,
72733,5211,,Tab -  Folic Acid 5mg,,8987,,,30236,4714,13-Mar-24,,
72737,6966,,Tab -  Risperidone (Amidrex) 2mg,,13189,,,30358,5495,13-Mar-24,,
72742,5482,,Tab - Chlorpromazine 100mg,,9469,,1,29617,5735,13-Mar-24,,
72751,4025,,Tab - Metronidazole 400mg,,6255,,,30659,5477,14-Mar-24,,
72752,4025,,Tab - Amoxicillin/Clavulanic Acid 625mg,,6255,,,30658,5477,14-Mar-24,,
72753,6259,,Tab - Sodium Valporate 200mg,,11179,,1,31069,5477,14-Mar-24,,
72754,6259,,Tab - Haloperidol 10mg,,11179,,1,31068,5477,14-Mar-24,,
72755,6259,,Tab - Amlodipine 10mg,,11179,,1,30855,5477,14-Mar-24,,
72756,6259,,Tab -  Folic Acid 5mg,,11179,,1,30854,5477,14-Mar-24,,
72757,6259,,Tab - Ferrous Sulfate 200mg,,11179,,1,30853,5477,14-Mar-24,,
72758,6259,,Tab - Benzhexol 5mg,,11179,,1,30852,5477,14-Mar-24,,
72763,5142,,Tab - Benzhexol 5mg,,8676,,1,30959,5341,15-Mar-24,,
72768,2127,,Tab - Trifluoperazine       5mg,,3019,,1,31327,4670,15-Mar-24,4608,15-Mar-24
72776,5261,,Tab - Nifedipine 20mg,,8780,,,31449,4710,16-Mar-24,,
72777,5261,,Tab - Zepidone 3mg,,8780,,,30822,4710,16-Mar-24,,
72778,3839,,Tab - .Atorvastatin 20mg,,6115,,1,31389,5034,16-Mar-24,5063,17-Mar-24
72779,5476,,Tab -  Risperidone (Risperdal) 2mg,,10025,,1,31388,5034,16-Mar-24,,
72786,5375,,Tab - Aripiprazole (debixa) 10mg,,8993,,,21305,4603,17-Mar-24,4603,17-Mar-24
72787,3962,,Tab - Risperidone (Zepidone) 2mg,,13766,,,31176,5496,17-Mar-24,,
72793,5823,,Tab - Zepidone 3mg,,10037,,1,31403,5063,17-Mar-24,,
72794,5823,,Inj -  Fluphenazine Decanote 25mg,,10037,,,31402,5063,17-Mar-24,5063,17-Mar-24
72795,5711,,Tab -  Risperidone (Amidrex) 2mg,,9786,,1,31102,5009,17-Mar-24,5009,17-Mar-24
72796,5502,,Tab -  Risperidone (Risperdal) 2mg,,9283,,1,29641,5009,17-Mar-24,5009,17-Mar-24
72798,5550,,Tab - Diclofenac sodium 50mg,,9634,,,31454,5009,17-Mar-24,,
72800,5550,,Tab - Haloperidol 10mg,,9634,,1,31298,5009,17-Mar-24,,
72801,5550,,Tab - Fluoxetine 20mg,,9634,,1,31302,5009,17-Mar-24,,
72802,5550,,Tab - Amlodipine 5mg,,9634,,1,31300,5009,17-Mar-24,,
72806,1436,,Tab - Risperidone (Risperdal) 3mg,,2463,,1,31450,5298,17-Mar-24,5298,17-Mar-24
72821,7461,,Tab - Neuro-vit Forte,,14484,,1,31688,4570,18-Mar-24,,
72869,4025,,Tab - Carbamazepine TEGRETOL (Plain) 200mg,,6255,,1,31871,5760,20-Mar-24,,
72870,4025,,Tab - Risperidone (Zepidone) 2mg,,6255,,1,31870,5760,20-Mar-24,5760,20-Mar-24
72886,358,,Tab - Pyridoxine 50mg,,9768,,1,31746,4639,20-Mar-24,4639,20-Mar-24
72901,7352,,Tab - Nifedipine 20mg,,14517,,,31626,5493,21-Mar-24,,
72902,7352,,Tab -  Folic Acid 5mg,,14517,,,31654,5493,21-Mar-24,,
72903,1045,,Tab - Zepidone 3mg,,1407,,1,32363,5493,21-Mar-24,,
72906,5905,,Tab -  Risperidone (Amidrex) 2mg,,14229,,1,30931,5493,21-Mar-24,,
72907,5905,,Tab - Benzhexol 5mg,,14229,,1,30938,5493,21-Mar-24,,
72908,3652,,Tab - Benzhexol 5mg,,5555,,1,31287,5493,21-Mar-24,,
72922,6656,,Tab - Neuro-vit Forte,,12179,,1,32186,4998,21-Mar-24,,
72937,7355,,Tab - Olanzapine (Ozace)15mg x 30,,14518,,,32365,5493,22-Mar-24,,
72950,6399,,Tab - Risperidone (Zepidone) 2mg,,11561,,1,31573,5695,22-Mar-24,5695,22-Mar-24
72955,5550,,Tab - Benzhexol 5mg,,9634,,,32900,5695,22-Mar-24,4998,26-Mar-24
72956,5550,,Tab - Fluoxetine 20mg,,9634,,1,32899,5695,22-Mar-24,,
72957,5550,,Tab - Haloperidol 10mg,,9634,,1,32898,5695,22-Mar-24,,
72984,6468,,Tab - Paracetamol 500mg,,12965,,,32965,4998,25-Mar-24,,
72986,7848,,Tab -  Risperidone (Amidrex) 2mg,,15540,,,33323,4724,25-Mar-24,,
73007,2055,,Tab - Amlodipine 5mg,,10104,,,33575,4640,26-Mar-24,,
73009,7588,,Tab - Neuro-vit Forte,,14834,,1,33227,4998,26-Mar-24,,
73010,2055,,Tab - Benzhexol 5mg,,10104,,,33573,4640,26-Mar-24,5479,9-Apr-24
73013,178,,Tab - Benzhexol 5mg,,7798,,,33114,4570,26-Mar-24,4570,26-Mar-24
73022,3839,,Tab - Chlorpromazine 100mg,,6115,,1,33149,4639,27-Mar-24,,
73026,6390,,Tab - Albendazole 400mg,,14494,,,33755,4284,27-Mar-24,,
73031,6259,,Tab - Ferrous Sulfate 200mg,,11179,,1,33861,5477,28-Mar-24,,
73061,4025,,Tab - Vitamin C 100mg,,6255,,,29397,5477,29-Mar-24,5477,29-Mar-24
73067,819,,Tab - Olanzapine (Ozace)10mg x 30,,10768,,,31314,5496,29-Mar-24,5496,29-Mar-24
73075,7393,,Tab - Levetiracetam 250mg,,14267,,1,31893,5299,30-Mar-24,,
73077,6331,,Tab - Neuro-vit Forte,,11409,,1,33779,5299,30-Mar-24,,
73079,1106,,Tab - Carbamazepine 200mg,,15947,,1,34012,5037,30-Mar-24,,
73080,1106,,Tab -  Zopiclone 7.5mg,,15947,,,34011,5037,30-Mar-24,,
73084,5349,,Tab - Artemether/Lumefantrine 80/480mg,,9174,,,34096,4280,30-Mar-24,,
73086,5349,,Tab - Tab. Loratidine 10mg,,9174,,,34094,4280,30-Mar-24,,
73106,5047,,Inj -  Fluphenazine Decanote 25mg,,8526,,1,31768,5112,1-Apr-24,5112,1-Apr-24
73110,5885,,Tab - Haloperidol 10mg,,10201,,1,34199,4536,1-Apr-24,4536,1-Apr-24
73112,6871,,Tab - Benzhexol 5mg,,12757,,1,34203,4570,2-Apr-24,,
73126,6261,,Tab -  Folic Acid 5mg,,11181,,,34442,5538,2-Apr-24,,
73127,5304,,Tab - Artemether/Lumefantrine 80/480mg,,9016,,,34511,5538,2-Apr-24,5538,2-Apr-24
73128,8072,,Tab -  Diazepam 5mg,,16193,,,34611,5595,3-Apr-24,5595,3-Apr-24
73129,8072,,Tab - Neuro-vit Forte,,16193,,,34610,5595,3-Apr-24,,
73130,7393,,Tab - Tab. Risperidone 0.5mg (Zepidone),,14267,,,34476,5795,3-Apr-24,5795,3-Apr-24
73136,6245,,Tab - Carbamazepine TEGRETOL (Plain) 200mg,,11158,,1,34448,5064,3-Apr-24,,
73137,6245,,Tab -  Folic Acid 5mg,,11158,,1,34447,5064,3-Apr-24,,
72479,1045,,Tab - Indapamide (Natrilix)1.5mg,,1407,,1,27065,4729,4-Mar-24,,
72498,6021,,Tab - Risperidone (Zepidone) 2mg,,12648,,,27444,5042,4-Mar-24,5042,4-Mar-24
72499,2013,,Tab - Trifluoperazine 5mg,,4178,,,27310,4570,4-Mar-24,,
72510,6337,,Tab - Zepidone 3mg,,11390,,1,28109,5064,4-Mar-24,5064,4-Mar-24
72511,4264,,Tab - Risperidone (Zepidone) 2mg,,13040,,,28308,5495,4-Mar-24,5495,4-Mar-24
72514,6966,,Tab -  Zopiclone 7.5mg,,13005,,,28353,5495,4-Mar-24,5495,4-Mar-24
72520,6966,,Tab - Risperidone (Zepidone) 2mg,,13005,,,28351,5495,4-Mar-24,4979,4-Mar-24
72523,6539,,Tab -  Clozapine 100mg,,11872,,1,28090,4572,5-Mar-24,,
72524,6539,,Tab - Amlodipine 10mg,,11872,,1,28091,4572,5-Mar-24,4572,5-Mar-24
72528,3102,,Tab - Pyridoxine 50mg,,8990,,1,25400,4886,5-Mar-24,,
72536,3455,,Tab - Haloperidol 10mg,,5170,,,27871,4284,5-Mar-24,,
72538,6913,,Tab - Paracetamol 500mg,,12877,,,28438,5477,5-Mar-24,,
72539,1596,,Tab - Risperidone (Zepidone) 2mg,,2366,,1,28535,4284,5-Mar-24,,
72540,1596,,Tab - Benzhexol 5mg,,2366,,1,28536,4284,5-Mar-24,,
72582,4878,,Tab - Risperidone (Risperdal) 3mg,,7883,,,28487,5735,7-Mar-24,5735,7-Mar-24
72592,6680,,Tab - Benzhexol 5mg,,12226,,,28638,4991,7-Mar-24,,
72593,7157,,Tab - Neuro-vit Forte,,13552,,1,29270,4570,7-Mar-24,,
72595,7157,,Tab -  Diazepam 5mg,,13552,,,29272,4570,7-Mar-24,,
72612,5375,,Tab - Aripiprazole (debixa) 10mg,,8993,,1,28155,5496,8-Mar-24,5496,8-Mar-24
72615,1311,,Tab -  Risperidone (Amidrex) 2mg,,7804,,,29431,4603,8-Mar-24,,
72616,5729,,Tab - Haloperidol 10mg,,9807,,1,29434,5496,8-Mar-24,,
72630,6871,,Tab - Risperidone (Zepidone) 2mg,,12757,,1,28513,4955,8-Mar-24,,
72631,6172,,Tab -  Risperidone (Amidrex) 2mg,,11069,,1,28518,5496,8-Mar-24,,
72638,6819,,Tab - Metformin 500mg,,13241,,,29293,4715,8-Mar-24,,
72646,6820,,Tab - Pyridoxine 50mg,,13242,,,29309,4715,8-Mar-24,,
72649,6820,,Inj - Fluphenazine Decanoate 50mg,,13242,,,29306,4715,8-Mar-24,4715,8-Mar-24
72662,6259,,Tab - Sodium Valporate (Eppilim) 200mg,,11179,,1,29743,5197,9-Mar-24,,
72676,3869,,Tab - Benzhexol 5mg,,13789,,1,29818,4724,11-Mar-24,,
72719,5683,,Tab - Trifluoperazine       5mg,,12158,,1,29859,5795,13-Mar-24,5317,15-Mar-24
72720,6027,,Tab - Risperidone (Zepidone) 2mg,,10967,,1,24353,4714,13-Mar-24,,
72728,1045,,Tab - Zepidone 3mg,,1407,,1,30387,4714,13-Mar-24,,
72770,7461,,Tab -  Diazepam 5mg,,14484,,,31279,4955,15-Mar-24,4955,15-Mar-24
72789,5739,,Tab - Benzhexol 5mg,,10038,,,31222,5496,17-Mar-24,,
72811,5885,,Tab - Benzhexol 5mg,,10201,,1,31555,4570,18-Mar-24,,
72812,5885,,Tab - Paracetamol 500mg,,10201,,,31540,4570,18-Mar-24,,
72835,6816,,Tab - Amlodipine 5mg,,14679,,,30122,4731,19-Mar-24,,
72840,6816,,Tab -  Clozapine 100mg,,14679,,,30120,4731,19-Mar-24,,
72841,6819,,Tab - Carbamazepine TEGRETOL (Plain) 200mg,,13241,,,29290,4731,19-Mar-24,,
72846,4875,,Inj -  Fluphenazine Decanote 25mg,,7880,,,32113,5461,19-Mar-24,,
72851,6245,,Tab - Chlorpromazine 100mg,,11158,,1,32029,4639,19-Mar-24,,
72853,6337,,Tab - Zepidone 3mg,,11390,,1,31862,4639,19-Mar-24,,
72861,7642,,Tab -  Diazepam 5mg,,14961,,,32223,5495,19-Mar-24,,
72862,7642,,Tab - Risperidone (Zepidone) 2mg,,14961,,1,32221,5495,19-Mar-24,,
72864,7647,,Tab - Risperidone (Zepidone) 2mg,,14969,,1,32262,5495,19-Mar-24,,
72867,6337,,Tab -  Folic Acid 5mg,,11390,,1,31864,5487,20-Mar-24,5487,20-Mar-24
72873,358,,Inj - Fluphenazine Decanoate 50mg,,9768,,1,31748,5112,20-Mar-24,5112,20-Mar-24
72877,758,,Tab - Vitamin C 100mg,,8578,,,30471,5695,20-Mar-24,5695,20-Mar-24
72883,2362,,Tab - Carbamazepine 200mg,,3354,,1,31605,5695,20-Mar-24,,
72884,2362,,Tab - Nifedipine 30mg,,3354,,1,31604,5695,20-Mar-24,,
72887,7650,,Inj - Ciprofloxacin 200mg/100mls,,14975,,,32385,4580,20-Mar-24,4580,20-Mar-24
72888,7650,,Tab - Orphensic 35/450mg,,14975,,,32370,4580,20-Mar-24,4580,20-Mar-24
72892,6261,,Tab - Risperidone (Zepidone) 2mg,,11181,,1,28733,5795,21-Mar-24,5795,21-Mar-24
72893,2607,,Tab - Benzhexol 5mg,,4076,,,32139,4746,21-Mar-24,,
72899,7352,,Tab -  Clozapine 100mg,,14517,,,31656,5493,21-Mar-24,5493,22-Mar-24
72910,7355,,Tab - Carbamazepine 200mg,,14518,,,32366,5493,21-Mar-24,,
72920,6656,,Tab - Haloperidol 5mg,,12179,,1,32188,4998,21-Mar-24,,
72921,6656,,Tab - Benzhexol 5mg,,12179,,1,32187,4998,21-Mar-24,,
72940,5698,,Tab - Neuro-vit Forte,,9731,,1,30505,5760,22-Mar-24,,
72947,5502,,Inj -  Fluphenazine Decanote 25mg,,9283,,,26111,5695,22-Mar-24,,
72948,5550,,Inj - Fluphenazine Decanoate 50mg,,9634,,,28403,5695,22-Mar-24,5695,22-Mar-24
72968,776,,Tab -  Risperidone (Amidrex) 2mg,,15337,,,32937,5042,22-Mar-24,,
72973,6534,,Tab - Benzhexol 5mg,,15334,,,33025,4536,23-Mar-24,4536,23-Mar-24
72980,4410,,Tab - Ibuprofen 400mg,,7541,,,32968,5056,24-Mar-24,,
72997,7355,,Tab - Nifedipine 20mg,,14518,,1,33016,4730,26-Mar-24,,
73002,5698,,Tab - Sodium Valporate (Eppilim) 200mg,,9731,,,33348,5795,26-Mar-24,,
73003,5698,,Tab - Fluoxetine 20mg,,9731,,,33347,5795,26-Mar-24,,
73005,6261,,Inj - Diclofenac 75mg,,11181,,,33318,5795,26-Mar-24,,
73006,6261,,Tab -  Folic Acid 5mg,,11181,,,28735,5795,26-Mar-24,,
73028,5142,,Tab - Zepidone 3mg,,8676,,,33774,4572,28-Mar-24,,
73039,5905,,Tab - Risperidone (Zepidone) 2mg,,14229,,,33792,5492,28-Mar-24,,
73040,7848,,Tab - Diclofenac Potassium 50mg,,15540,,,33765,5492,28-Mar-24,,
73041,7848,,Cap - Omepraxole 20mg,,15540,,,33767,5492,28-Mar-24,5492,28-Mar-24
73042,6539,,Tab - Amlodipine 10mg,,11872,,1,33079,5341,28-Mar-24,5341,28-Mar-24
73043,6539,,Tab -  Lisinopril 5mg,,11872,,1,33078,5341,28-Mar-24,5341,28-Mar-24
73045,6341,,Tab - Chlorpromazine 100mg,,13747,,1,33169,5034,28-Mar-24,5034,28-Mar-24
73046,5494,,Tab - Benzhexol 5mg,,9236,,1,33221,5341,28-Mar-24,5341,28-Mar-24
73048,5729,,"Tab - Carbamazepine 200mg,400mg",,9807,,1,32884,5496,28-Mar-24,,
73051,5219,,"Tab - Risperidone 1mg am, 2mg (Afrab)",,8721,,,32875,5496,28-Mar-24,,
73054,5551,,Tab - Zepidone 3mg,,9576,,,33381,5496,28-Mar-24,,
73060,7768,,Tab - Risperidone (Zepidone) 2mg,,15329,,,33185,5296,29-Mar-24,5296,29-Mar-24
73062,5304,,Tab - Risperidone (Zepidone) 2mg,,9016,,1,31085,5538,29-Mar-24,,
73091,7848,,Tab -  Folic Acid 5mg,,15540,,,34166,4714,31-Mar-24,,
73094,1436,,Tab - Benzhexol 5mg,,2463,,,33816,5317,1-Apr-24,,
73103,5842,,Tab - Neuro-vit Forte,,10094,,1,34204,5615,1-Apr-24,,
73104,7047,,Tab - Haloperidol 10mg,,13280,,1,34214,5615,1-Apr-24,,
73105,7461,,Tab - Haloperidol 5mg,,14484,,,34211,5615,1-Apr-24,,
73107,6390,,Inj -  Fluphenazine Decanote 25mg,,14494,,1,31787,5112,1-Apr-24,5112,1-Apr-24
73109,5885,,Tab - Benzhexol 5mg,,10201,,1,34200,4536,1-Apr-24,4536,1-Apr-24
73111,6871,,Tab - Risperidone (Zepidone) 2mg,,12757,,1,34202,4570,2-Apr-24,,
73114,4025,,Tab - Tab. Risperidone 0.5mg (Zepidone),,6255,,1,34391,5795,2-Apr-24,,
73118,6547,,Tab - Olanzapine (Ozace)10mg x 30,,12070,,,34283,5795,2-Apr-24,,
73123,5304,,Tab - Paracetamol 500mg,,9016,,,34512,4966,2-Apr-24,4966,2-Apr-24
73138,3455,,Tab - Haloperidol 10mg,,5170,,1,34091,5064,3-Apr-24,,
73141,7773,,Tab - Risperidone (Zepidone) 2mg,,15339,,,34322,4724,3-Apr-24,,
73147,2055,,Tab - Amlodipine 5mg,,10104,,,34672,4640,3-Apr-24,,
73148,1809,,Tab - Aripiprazole (debixa) 10mg,,2607,,,34358,4746,3-Apr-24,,
73565,30008,,Tab - Amlodipine 5mg,,19533,,,41297,4730,3-Oct-25,,
73585,30639,,Tab - Amlodipine 10mg,,20006,,,41105,4749,4-Oct-25,,
73586,30639,,Tab - Carbamazepine 200mg,,20006,,,41104,4749,4-Oct-25,,
73587,30639,,Tab -  Risperidone (Amidrex) 2mg,,20006,,,41103,4749,4-Oct-25,,
73588,30723,,Tab - Neuro-vit Forte,,20028,,1,41120,4749,4-Oct-25,,
73589,30723,,Tab - Risperidone (Zepidone) 2mg,,20028,,1,41119,4749,4-Oct-25,,
73591,30666,,Tab - Benzhexol 5mg,,20126,,1,41367,4749,4-Oct-25,,
73592,30786,,Tab - Benzhexol 5mg,,20137,,1,41213,4749,4-Oct-25,4749,4-Oct-25
73593,30786,,Tab - Haloperidol 10mg,,20137,,1,41212,4749,4-Oct-25,,
73594,31079,,Tab - Haloperidol 5mg,,22925,,,41350,4749,4-Oct-25,,
73596,31079,,Tab - Vitamine E,,22925,,,41352,4749,4-Oct-25,,
73609,31935,,Tab - Carbamazepine 200mg,,22497,,1,41146,5538,6-Oct-25,,
73610,31388,,Tab - Paracetamol 500mg,,22718,,,41126,5538,6-Oct-25,5538,6-Oct-25
73611,31065,,Tab - Risperidone (Zepidone) 2mg,,20657,,1,41130,5538,6-Oct-25,5538,6-Oct-25
73612,31065,,Tab - Benzhexol 5mg,,20657,,1,41131,5538,6-Oct-25,,
73623,497,,Tab - Carbamazepine TEGRETOL (Plain) 200mg,,21164,,,41528,4658,7-Oct-25,,
73625,497,,Tab - Carbamazepine TEGRETOL (Plain) 200mg,,21164,,,41410,4658,7-Oct-25,,
73626,497,,Tab - Haloperidol 10mg,,21164,,,41409,4658,7-Oct-25,4658,7-Oct-25
73627,30844,,Tab - Chlorpromazine 100mg,,21188,,,41428,4562,7-Oct-25,4562,7-Oct-25
73640,31435,,Tab - Fluoxetine 20mg,,21595,,,41926,4570,8-Oct-25,,
73648,31029,,Tab - Paracetamol 500mg,,22101,,,41571,5538,9-Oct-25,,
73679,32434,,Tab - Neuro-vit Forte,,23668,,1,42374,4570,10-Oct-25,,
73688,30652,,Tab - benhzexol 2mg,,20116,,,42428,4671,11-Oct-25,,
73693,8200,,Tab - Chlorpromazine 100mg,,22106,,,42415,5012,11-Oct-25,,
73694,30844,,Tab - Trifluoperazine 5mg,,21188,,,42417,5012,11-Oct-25,5012,11-Oct-25
73715,30857,,Tab - Vitamin C 100mg,,22108,,,42734,5538,14-Oct-25,,
73719,31054,,Tab - Benzhexol 5mg,,23039,,1,42998,6115,14-Oct-25,,
73720,31054,,Tab - Neuro-vit Forte,,23039,,1,43002,6115,14-Oct-25,,
73722,30958,,Tab - Risperidone (Zepidone) 2mg,,20623,,,42945,6115,14-Oct-25,,
73724,31924,,Tab - Benzhexol 5mg,,22479,,1,42964,6115,14-Oct-25,,
73726,31923,,Tab - Risperidone (Zepidone) 2mg,,22478,,1,42999,6115,14-Oct-25,6115,14-Oct-25
73727,31927,,Tab - Neuro-vit Forte,,22482,,1,42982,6115,14-Oct-25,,
73728,31927,,Tab - Risperidone (Zepidone) 2mg,,22482,,1,42981,6115,14-Oct-25,,
73729,32036,,Tab - Risperidone (Zepidone) 2mg,,23042,,1,42989,6115,14-Oct-25,,
73731,32037,,Tab - Sodium Valporate 200mg,,23043,,1,42994,6115,14-Oct-25,,
73734,31919,,Tab - Risperidone (Zepidone) 2mg,,22468,,1,43000,6115,14-Oct-25,,
73737,32038,,Tab - Benzhexol 5mg,,23044,,1,42892,6115,14-Oct-25,,
73738,32038,,Tab - Risperidone (Zepidone) 2mg,,23044,,1,42891,6115,14-Oct-25,,
73739,31824,,Tab - Neuro-vit Forte,,23038,,1,41875,6115,14-Oct-25,,
73740,31920,,Tab - Benzhexol 5mg,,22474,,1,42929,6115,14-Oct-25,,
73741,31920,,Tab - Carbamazepine 200mg,,22474,,1,42928,6115,14-Oct-25,,
73742,31920,,Tab -  Quetiapine 300mg,,22474,,1,42927,6115,14-Oct-25,,
73743,31916,,Tab - Olanzapine (Ozace)10mg x 30,,22459,,1,43018,6115,14-Oct-25,6115,15-Oct-25
73744,31916,,Tab - Sodium Valproate 500mg,,22459,,1,43017,6115,14-Oct-25,,
73745,32039,,Tab - Nifedipine 30mg,,23041,,1,41895,6115,14-Oct-25,,
73746,32039,,Tab - Indapamide 1.5mg,,23041,,1,41894,6115,14-Oct-25,,
73747,32039,,Tab - Cognium,,23041,,1,41891,6115,14-Oct-25,,
73748,32039,,Tab - Olanzapine 5mg,,23041,,1,41890,6115,14-Oct-25,,
73749,32240,,Tab - Risperidone (Zepidone) 2mg,,23225,,,42956,6115,14-Oct-25,6115,14-Oct-25
73750,8508,,Tab - Neuro-vit Forte,,21166,,1,43022,6115,14-Oct-25,,
73751,8508,,Tab - Chlorpromazine 100mg,,21166,,1,43021,6115,14-Oct-25,,
73752,8508,,Tab - Carbamazepine TEGRETOL (Plain) 200mg,,21166,,1,43020,6115,14-Oct-25,6115,14-Oct-25
73761,31537,,Tab - Risperidone (Zepidone) 2mg,,21646,,,40303,4658,15-Oct-25,4709,25-Oct-25
73767,31972,,Tab - Chlorpromazine 100mg,,22584,,,42690,5341,15-Oct-25,,
73788,30070,,Tab -  Diazepam 5mg,,25082,,,43296,5599,17-Oct-25,,
73789,30070,,Tab - Risperidone (Zepidone) 2mg,,25082,,,43295,5599,17-Oct-25,5599,17-Oct-25
73790,31519,,Tab - Neuro-vit Forte,,21616,,,43303,5599,17-Oct-25,,
73793,31516,,Tab - Risperidone (Zepidone) 2mg,,21610,,,42650,5599,17-Oct-25,,
73796,30866,,Tab - Haloperidol 10mg,,21190,,,42858,5012,17-Oct-25,,
73797,30866,,Tab - Benzhexol 5mg,,21190,,,42859,5012,17-Oct-25,,
73799,33003,,Tab - Loratadine 10mg,,25026,,,43775,4671,18-Oct-25,4671,18-Oct-25
73800,32994,,Tab - Risperidone (Zepidone) 2mg,,25258,,1,43297,4671,18-Oct-25,4671,18-Oct-25
73801,31079,,Tab - Haloperidol 10mg,,22925,,,43563,4671,18-Oct-25,,
73805,30439,,Tab - Risperidone (Zepidone) 2mg,,19813,,,43531,4671,18-Oct-25,,
73808,30310,,Tab - Metformin 500mg,,19982,,,43514,4745,19-Oct-25,4745,19-Oct-25
73839,7866,,Tab - Haloperidol 5mg,,25034,,,42875,4707,21-Oct-25,,
73860,31824,,Tab - Neuro-vit Forte,,23038,,1,44269,4268,21-Oct-25,4268,21-Oct-25
73861,30999,,Tab - Neuro-vit Forte,,20625,,1,44270,4268,21-Oct-25,,
73863,31920,,Tab - Carbamazepine 200mg,,22474,,1,44296,4268,21-Oct-25,,
73865,31916,,Tab - Sodium Valproate 500mg,,22459,,1,44283,4268,21-Oct-25,,
73870,32220,,Tab - Amlodipine 5mg,,25036,,,44412,5493,21-Oct-25,,
73871,32220,,Tab - Chlorpromazine 100mg,,25036,,,42958,5493,21-Oct-25,5493,21-Oct-25
73872,31744,,Tab - Atorvastatin 10mg,,22052,,,43883,5341,21-Oct-25,,
73874,31744,,Tab - Chlorpromazine 100mg,,22052,,,43881,5341,21-Oct-25,,
73875,33312,,Tab - Risperidone (Zepidone) 2mg,,25812,,,43940,4749,21-Oct-25,,
73877,33003,,Tab - Risperidone (Zepidone) 2mg,,25026,,1,44195,4749,21-Oct-25,,
73878,33003,,Tab - Vitamin C 100mg,,25026,,,43777,4749,21-Oct-25,,
73894,30648,,Tab - Risperidone (Zepidone) 2mg,,19871,,1,44173,4268,23-Oct-25,,
73903,32314,,Tab - Chlorpromazine 100mg,,23403,,,44646,5538,23-Oct-25,,
73904,32314,,Tab - Carbamazepine 200mg,,23403,,,44644,5538,23-Oct-25,,
73905,32314,,Tab - Risperidone (Zepidone) 2mg,,23403,,,44643,5538,23-Oct-25,,
73411,1707,,Tab - Pyridoxine 50mg,,18872,,1,38303,4748,9-Sep-25,,
73413,1707,,Tab - Risperidone (Zepidone) 2mg,,18872,,1,38300,4748,9-Sep-25,,
73441,8335,,Inj -  Fluphenazine Decanote 25mg,,20157,,,39295,6123,12-Sep-25,,
73443,8335,,Tab - Benzhexol 5mg,,20157,,,39296,6123,12-Sep-25,6123,12-Sep-25
73446,30426,,Tab - Carbamazepine TEGRETOL (Plain) 200mg,,20068,,,39333,6123,12-Sep-25,,
73450,30273,,Tab - Chlorpromazine 100mg,,20067,,,39354,4748,14-Sep-25,,
73454,30627,,Tab - Risperidone (Zepidone) 2mg,,19796,,,39344,4748,14-Sep-25,,
73488,30666,,Tab - Risperidone (Zepidone) 2mg,,20126,,1,39279,4577,18-Sep-25,,
73492,31065,,Tab - Risperidone (Zepidone) 2mg,,20657,,1,39877,4577,19-Sep-25,,
73496,30639,,Tab - Amlodipine 10mg,,20006,,,39737,4577,19-Sep-25,,
73498,30652,,Tab - Risperidone (Zepidone) 2mg,,20116,,1,39860,4577,19-Sep-25,,
73513,6816,,Tab - Amoxiciillin/clavulanate ( Fleming) 625mg,,15657,,,39879,6107,20-Sep-25,,
73514,497,,Tab - Carbamazepine TEGRETOL (Plain) 200mg,,21164,,,39819,5012,20-Sep-25,,
73515,497,,Tab - Haloperidol 10mg,,21164,,,39818,5012,20-Sep-25,,
73516,8508,,Tab - Neuro-vit Forte,,21166,,1,39966,5012,20-Sep-25,,
73517,8508,,Tab - Carbamazepine TEGRETOL (Plain) 200mg,,21166,,1,39965,5012,20-Sep-25,,
73518,8508,,Tab - Chlorpromazine 100mg,,21166,,1,39964,5012,20-Sep-25,,
73519,6819,,Tab - Vitamin C 100mg,,13241,,,39886,6107,20-Sep-25,6107,20-Sep-25
73520,31218,,Tab - Vitamin C 100mg,,20991,,,39967,5012,20-Sep-25,,
73521,31218,,Tab - Chlorpromazine 100mg,,20991,,,39839,5012,20-Sep-25,,
73533,8200,,Inj - Tetanus Toxoid 0.5mg,,22106,,,40294,4658,23-Sep-25,,
73555,31643,,Tab - Neuro-vit Forte,,21857,,,40483,4577,27-Sep-25,,
73562,30866,,Tab - Benzhexol 5mg,,21190,,,40905,5012,1-Oct-25,,
73567,32431,,Tab - Zepidone 3mg,,23665,,1,41492,4671,3-Oct-25,,
73570,31218,,Tab - Chlorpromazine 100mg,,20991,,,41430,4706,3-Oct-25,,
73577,31052,,Tab - Risperidone (Zepidone) 2mg,,22714,,1,41220,4749,4-Oct-25,,
73578,31643,,Tab - Neuro-vit Forte,,21857,,1,41183,4749,4-Oct-25,,
73581,30790,,Tab -  Risperidone (Risperdal) 2mg,,20145,,,38806,4749,4-Oct-25,,
73582,30310,,Tab - Metformin 500mg,,19982,,1,41327,4749,4-Oct-25,,
73584,30310,,Tab - Risperdal 2mg,,19982,,1,41325,4749,4-Oct-25,,
73595,31079,,Tab - Benzhexol 5mg,,22925,,,41351,4749,4-Oct-25,,
73619,31744,,Tab - Olanzapine (Ozace)10mg x 30,,22052,,,41643,6183,6-Oct-25,6183,6-Oct-25
73620,30283,,Tab - Benzhexol 5mg,,20425,,1,41699,6183,6-Oct-25,,
73621,30283,,Tab - Risperidone (Zepidone) 2mg,,20425,,1,41698,6183,6-Oct-25,,
73641,8162,,Tab - Aripiprazole (debixa) 10mg,,21640,,1,39930,5538,8-Oct-25,,
73651,32314,,Tab - Risperidone (Zepidone) 2mg,,23403,,1,41992,5538,9-Oct-25,,
73689,32209,,Tab - Chlorpromazine 100mg,,24022,,,42471,5012,11-Oct-25,,
73691,32209,,Tab - Chlorpromazine 100mg,,24022,,,42460,5012,11-Oct-25,,
73692,8200,,Tab - Artemether/Lumefantrine 80/480mg by 6,,22106,,,42572,5012,11-Oct-25,,
73698,30833,,Tab - Zepidone 3mg,,21161,,,42469,5012,11-Oct-25,,
73703,31218,,Tab - Chlorpromazine 100mg,,20991,,,42472,5012,11-Oct-25,,
73710,32952,,Tab - Pyridoxine 50mg,,24929,,,42856,6062,14-Oct-25,6062,14-Oct-25
73711,32952,,Tab - Vitamin E 400IU,,24929,,,42857,6062,14-Oct-25,,
73802,30786,,Tab - Haloperidol 10mg,,20137,,1,43446,4671,18-Oct-25,,
73803,30652,,Tab - Risperidone (Zepidone) 2mg,,20116,,,43622,4671,18-Oct-25,,
73804,30310,,Tab - Quetiapine 500mg,,19982,,,43513,4671,18-Oct-25,,
73813,30084,,Tab - Artemether/Lumefantrine 80/480mg by 6,,19580,,,43808,4570,19-Oct-25,,
73814,30196,,Tab - Sodium Valporate 200mg,,19542,,,43146,4570,19-Oct-25,,
73817,31359,,Tab - Benzhexol 5mg,,21278,,,43632,4570,19-Oct-25,,
73818,30675,,Tab - Amitriptyline 25mg,,20922,,,43676,4570,19-Oct-25,,
73820,32271,,Tab - Risperidone (Zepidone) 2mg,,23752,,1,43394,4570,19-Oct-25,,
73822,32271,,Tab - Vitamin C 100mg,,23752,,,43396,4570,19-Oct-25,,
73825,33302,,Tab -  Risperidone (Risperdal) 2mg,,25795,,,43864,6180,20-Oct-25,,
73845,7861,,Tab - Benzhexol 5mg,,15734,,,42985,4707,21-Oct-25,,
73846,7861,,Tab - Haloperidol 5mg,,15734,,,42984,4707,21-Oct-25,,
73847,7861,,Tab - Trifluoperazine       5mg,,15734,,,42983,4707,21-Oct-25,,
73858,31927,,Tab - Risperidone (Zepidone) 2mg,,22482,,,44262,4268,21-Oct-25,4268,21-Oct-25
73896,30841,,Tab - Amlodipine 5mg,,21159,,1,44595,4268,23-Oct-25,,
73906,31388,,Tab - Risperidone (Zepidone) 2mg,,22718,,1,44555,5538,23-Oct-25,,
73907,30857,,Tab - Risperidone (Zepidone) 2mg,,22108,,1,44561,5538,23-Oct-25,,
73909,31935,,Tab - Carbamazepine 200mg,,22497,,1,44509,5538,23-Oct-25,,
73910,31065,,Tab - Risperidone (Zepidone) 2mg,,20657,,1,44620,5538,23-Oct-25,,
73920,30957,,Tab - Haloperidol 5mg,,20432,,,43932,4570,24-Oct-25,4570,24-Oct-25
73925,32434,,Tab - Neuro-vit Forte,,23668,,,43672,4570,24-Oct-25,,
73931,33002,,Tab - Neuro-vit Forte,,25022,,,44601,4671,24-Oct-25,,
73939,32274,,Tab - Neuro-vit Forte,,23277,,,44794,4671,24-Oct-25,,
73955,30310,,Tab - Metformin 500mg,,19982,,,44813,4577,24-Oct-25,,
73957,31100,,Tab - Zepidone 3mg,,20728,,,44630,6105,24-Oct-25,6105,24-Oct-25
73959,33588,,Tab - Epilim 200mg,,26559,,1,44886,4749,25-Oct-25,4689,26-Oct-25
73961,32226,,Tab - Haloperidol 10mg,,25040,,,44786,6107,25-Oct-25,,
73962,33588,,Tab - Trifluoperazine       5mg,,26559,,1,44884,4749,25-Oct-25,,
73964,33297,,Cap - Amplicillin/Cloxacin 500mg,,26701,,,44925,5599,25-Oct-25,,
73968,32208,,Tab - Benzhexol 5mg,,25033,,,44790,6107,25-Oct-25,,
73975,32274,,Tab - Risperidone (Zepidone) 2mg,,23277,,,41173,4689,26-Oct-25,,
73977,31070,,Tab - Risperidone (Zepidone) 2mg,,22924,,,44839,4689,26-Oct-25,,
73980,32209,,Tab - Chlorpromazine 100mg,,24022,,,44865,4731,26-Oct-25,4731,26-Oct-25
73981,8628,,Tab - Olanzapine (Ozace)10mg x 30,,23040,,,44833,4570,26-Oct-25,,
73982,8628,,Tab - Carbamazepine 200mg,,23040,,,44834,4570,26-Oct-25,,
73983,8628,,Tab - Benzhexol 5mg,,23040,,,44835,4570,26-Oct-25,,
73984,6788,,Tab - Chlorpromazine 100mg,,22954,,,44344,4570,26-Oct-25,,
73985,6788,,Tab - Benzhexol 5mg,,22954,,,44345,4570,26-Oct-25,,
73986,6788,,Tab - Amlodipine 5mg,,22954,,,44346,4570,26-Oct-25,,
73987,30196,,Tab - Risperidone (Zepidone) 2mg,,19542,,,44343,4570,26-Oct-25,,
73988,32455,,Tab - Olanzapine (Ozace)10mg x 30,,24762,,,44803,4731,26-Oct-25,4731,26-Oct-25
73989,30229,,Tab - Amitriptyline 25mg,,18966,,,44698,4570,26-Oct-25,,
73990,30229,,Tab - Risperidone (Zepidone) 2mg,,18966,,,44697,4570,26-Oct-25,,
73991,33312,,Tab - Amlodipine 5mg,,25812,,1,44776,4671,27-Oct-25,,
73992,33312,,Tab - Neuro-vit Forte,,25812,,1,44775,4671,27-Oct-25,,
73998,31972,,Tab - Benzhexol 5mg,,22584,,,45011,6132,27-Oct-25,,
74003,33297,,Tab - Risperidone (Zepidone) 2mg,,26701,,,45145,6104,28-Oct-25,,
74007,33302,,Tab - Carbamazepine 200mg,,25795,,1,45467,5012,28-Oct-25,,
74020,31363,,Tab - Risperidone (Zepidone) 2mg,,21284,,1,45414,4265,28-Oct-25,4265,28-Oct-25
74021,30140,,Tab -  Folic Acid 5mg,,19538,,1,45355,4265,28-Oct-25,,
74022,30140,,Tab - Carbamazepine 200mg,,19538,,1,45354,4265,28-Oct-25,,
74023,30841,,Tab - Aripiprazole (debixa) 10mg,,21159,,1,45434,4265,28-Oct-25,,
74024,30841,,Tab - Fluoxetine 20mg,,21159,,1,45435,4265,28-Oct-25,,
74025,30841,,Tab - Sodium Valporate 200mg,,21159,,1,45436,4265,28-Oct-25,,
74026,30841,,Tab - Amlodipine 5mg,,21159,,1,45437,4265,28-Oct-25,,
74027,33742,,Tab - Benzhexol 5mg,,26974,,1,45262,4658,28-Oct-25,4658,28-Oct-25
74029,7861,,Tab - Carbamazepine 200mg,,15734,,,45370,6107,28-Oct-25,,
74030,7861,,Tab - Haloperidol 10mg,,15734,,,45369,6107,28-Oct-25,6107,28-Oct-25
74031,7861,,Tab - Trifluoperazine       5mg,,15734,,,45368,6107,28-Oct-25,,
74032,33755,,Tab - Amoxicillin/Clavulanic Acid 625mg,,27205,,,45687,4748,29-Oct-25,,
74069,31920,,Tab - Carbamazepine 200mg,,22474,,1,45508,4662,30-Oct-25,,
74077,33588,,Tab - Risperidone (Zepidone) 2mg,,26559,,1,45724,4671,30-Oct-25,4671,30-Oct-25
74078,33735,,Tab - Paracetamol 500mg,,26940,,,45986,6132,30-Oct-25,6132,30-Oct-25
74080,32270,,Tab - Haloperidol 10mg,,26326,,1,45778,4671,30-Oct-25,,
74095,8508,,Tab - Neuro-vit Forte,,21166,,,45511,4268,31-Oct-25,,
74096,8508,,Tab - Chlorpromazine 100mg,,21166,,,45512,4268,31-Oct-25,,
74140,33284,,Tab - Olanzapine (Ozace)10mg x 30,,25777,,,46065,5009,3-Nov-25,,
74141,6614,,Tab - Amlodipine 5mg,,24288,,,46048,5009,3-Nov-25,,
74147,32010,,Tab - Chlorpromazine 100mg,,22679,,,46026,5009,3-Nov-25,,
74148,31909,,Tab - Amoxicillin/Clavulanic Acid 625mg,,22572,,,45349,5009,3-Nov-25,,
74149,31909,,Tab - Metronidazole 400mg,,22572,,,45348,5009,3-Nov-25,,
74185,33823,,Tab -  Zopiclone 7.5mg,,27246,,,46417,4663,4-Nov-25,,
74186,33823,,Tab - Benzhexol 5mg,,27246,,,46416,4663,4-Nov-25,,
74187,33823,,Tab - Vitamin C 100mg,,27246,,,45993,4663,4-Nov-25,,
74215,8162,,Tab - Tap. Ramipril,,21640,,1,45844,5395,6-Nov-25,,
74220,33003,,Tab -  Risperidone (Amidrex) 2mg,,25026,,,46573,4671,6-Nov-25,,
74221,32605,,Tab - Olanzapine (Ozace)10mg x 30,,24068,,1,46551,4671,6-Nov-25,,
74239,33300,,Tab -  Multivitamin,,25793,,,46545,5341,7-Nov-25,,
74256,31919,,Tab - Risperidone (Zepidone) 2mg,,22468,,1,45458,5042,10-Nov-25,,
74303,30140,,Tab -  Folic Acid 5mg,,19538,,1,46840,5042,11-Nov-25,,
74304,32038,,Tab -  Risperidone (Amidrex) 2mg,,23044,,1,46846,5042,12-Nov-25,,
74305,32038,,Tab - Benzhexol 5mg,,23044,,1,46845,5042,12-Nov-25,,
73179,6539,,Tab - Ferrous Sulfate 200mg,,11872,,1,35365,4572,4-Apr-24,4572,4-Apr-24
73180,6539,,Tab -  Folic Acid 5mg,,11872,,1,35366,4572,4-Apr-24,,
73181,1420,,Tab - Paracetamol 500mg,,7545,,,35378,5529,4-Apr-24,5529,4-Apr-24
73182,1420,,Tab - Vitamin C 100mg,,7545,,,35379,5529,4-Apr-24,,
73183,8098,,Tab - Neuro-vit Forte,,16291,,1,34930,4572,4-Apr-24,,
73184,8098,,Tab -  Diazepam 5mg,,16291,,,34929,4572,4-Apr-24,,
73185,8098,,Tab - Vitamine E,,16291,,1,34931,4572,4-Apr-24,4572,4-Apr-24
73186,8098,,Tab - Benzhexol 5mg,,16291,,1,34933,4572,4-Apr-24,,
73271,2376,,Tab - Carbamazepine 200mg,,4070,,,35595,5493,8-Apr-24,,
73290,5494,,Inj - Fluphenazine Decanoate 50mg,,9236,,,36026,4603,8-Apr-24,,
73293,8125,,Tab - Benzhexol 5mg,,16418,,,36149,4603,8-Apr-24,,
73309,7126,,Tab - Risperidone (Zepidone) 2mg,,13462,,,36046,4746,9-Apr-24,,
73335,3369,,Tab - Tab. Co-trimozole 480mg (Septrin),,5064,,,35583,4748,9-Apr-24,,
73336,3369,,Tab - Chlorpromazine 100mg,,5064,,1,35580,4748,9-Apr-24,,
73337,3369,,Tab - Vitamin C 100mg,,5064,,,35582,4748,9-Apr-24,,
73352,6337,,Tab - Ferrous Sulfate 200mg,,11390,,,36472,4639,10-Apr-24,,
73354,8221,,Tab - Paracetamol 500mg,,16732,,,36614,4639,10-Apr-24,,
73355,2055,,Tab - Olanzapine (Ozace)10mg x 30,,10104,,,35710,5493,10-Apr-24,5493,11-Apr-24
73356,7355,,Tab - Olanzapine (Ozace)10mg x 30,,14518,,,35670,5493,10-Apr-24,,
73357,111,,Tab - Carbamazepine 200mg,,148,,1,36537,5493,10-Apr-24,5493,10-Apr-24
73359,6337,,Tab - Zepidone 3mg,,11390,,,36471,4639,10-Apr-24,,
73360,1596,,Tab - Zepidone 3mg,,2366,,,36520,4639,10-Apr-24,,
73361,8328,,Tab - Benzhexol 5mg,,17052,,,36590,4979,10-Apr-24,4724,11-Apr-24
73394,4509,,Tab - Amlodipine 5mg,,7439,,,36610,4746,12-Apr-24,,
73399,8137,,Tab - Benzhexol 5mg,,16453,,,36669,5064,12-Apr-24,,
73226,6021,,Tab - Sodium Valporate 200mg,,12648,,,34157,4998,6-Apr-24,,
73227,6021,,Tab - Benzhexol 5mg,,12648,,,33903,4998,6-Apr-24,,
73228,6021,,Tab - Haloperidol 10mg,,12648,,,33902,4998,6-Apr-24,,
73229,6399,,Tab - Tab. Loratidine 10mg,,11561,,,34216,4998,6-Apr-24,,
73230,6656,,Tab - Neuro-vit Forte,,12179,,1,34156,4998,6-Apr-24,,
73231,6656,,Tab - Haloperidol 10mg,,12179,,1,33336,4998,6-Apr-24,,
73232,2362,,Tab - Benzhexol 5mg,,3354,,1,33257,4998,6-Apr-24,,
73233,2362,,Tab - Nifedipine 30mg,,3354,,1,33256,4998,6-Apr-24,,
73235,2362,,Tab - Haloperidol 10mg,,3354,,1,33254,4998,6-Apr-24,,
73237,2362,,Inj - Fluphenazine Decanoate 50mg,,3354,,,33252,4998,6-Apr-24,,
73243,758,,Tab - Vitamin C 100mg,,8578,,,34244,4998,6-Apr-24,,
73245,7583,,Tab - Paracetamol 500mg,,14825,,,34808,4998,6-Apr-24,,
73247,7583,,Tab - Risperidone (Zepidone) 2mg,,14825,,,34295,4998,6-Apr-24,,
73249,7583,,Tab - Neuro-vit Forte,,14825,,,34161,4998,6-Apr-24,,
73250,6468,,Cap - Omepraxole 20mg,,12965,,,34164,4998,6-Apr-24,,
73251,6468,,Tab - Risperidone (Zepidone) 2mg,,12965,,1,34163,4998,6-Apr-24,,
73252,4792,,Tab - Zepidone 3mg,,7726,,1,35421,4998,6-Apr-24,,
73253,7509,,Tab - Risperidone (Zepidone) 2mg,,14940,,1,34162,4998,6-Apr-24,,
73310,7896,,Tab - Tab. Ciprofloxacin 500,,15965,,,35893,4746,9-Apr-24,,
73311,2294,,Tab -  Risperidone (Amidrex) 2mg,,4802,,,35163,4746,9-Apr-24,,
73312,2294,,Tab - Neuro-vit Forte,,4802,,,35166,4746,9-Apr-24,4746,9-Apr-24
73319,7047,,Tab - Haloperidol 10mg,,13280,,,36054,5489,9-Apr-24,5489,9-Apr-24
73329,4264,,Inj -  Fluphenazine Decanote 25mg,,13190,,,35524,4748,9-Apr-24,,
73330,4264,,Tab - Pyridoxine 50mg,,13190,,,35523,4748,9-Apr-24,,
73331,4264,,Tab - Benzhexol 5mg,,13190,,,35522,4748,9-Apr-24,,
73339,6341,,Tab - Ibuprofen 200mg,,13747,,,36476,5063,9-Apr-24,,
73347,6412,,Tab - Zepidone 3mg,,11584,,,36466,4998,10-Apr-24,,
73350,8274,,Tab - Risperidone (Zepidone) 2mg,,16913,,,36534,4668,10-Apr-24,4668,10-Apr-24
73390,8098,,Tab - Vitamine E,,16291,,,36543,5341,12-Apr-24,,
73224,6261,,Tab - Amoxicillin/Clavulanic Acid 625mg,,11181,,,35705,4966,6-Apr-24,,
73225,6261,,Tab - Vitamin C 100mg,,11181,,,35706,4966,6-Apr-24,4966,6-Apr-24
73263,8226,,Tab - Trifluoperazine       5mg,,16738,,,35856,5815,7-Apr-24,,
73264,7815,,Inj -  Haloperidol 5mg,,15461,,,35917,4748,7-Apr-24,,
73265,7815,,Inj -  Diazepam 10mg,,15461,,,35916,4748,7-Apr-24,,
73268,8229,,Tab -  Risperidone (Amidrex) 2mg,,16741,,,35881,4956,7-Apr-24,,
73269,8098,,Tab - Paracetamol 500mg,,16291,,,35897,4663,7-Apr-24,4663,7-Apr-24
73270,8098,,Susp - Antacids 10mls,,16291,,,35894,4663,7-Apr-24,,
73272,7355,,Tab - Benzhexol 5mg,,14518,,,35671,5493,8-Apr-24,,
73273,274,,Tab -  Quetiapine 300mg,,15729,,1,35573,5493,8-Apr-24,,
73282,2013,,Tab - Trifluoperazine       5mg,,4178,,,35153,4746,8-Apr-24,,
73292,8125,,Tab - Risperidone (Zepidone) 2mg,,16418,,,36151,4603,8-Apr-24,4603,8-Apr-24
73295,6539,,Tab -  Lisinopril 5mg,,11872,,,35996,4603,8-Apr-24,,
73299,6539,,Tab -  Clozapine 100mg,,11872,,,35993,4603,8-Apr-24,4603,8-Apr-24
73320,6390,,Tab - Benzhexol 5mg,,14494,,,35951,5063,9-Apr-24,,
73321,6390,,Tab - Haloperidol 10mg,,14494,,,35950,5063,9-Apr-24,,
73322,6822,,Tab -  Risperidone (Risperdal) 2mg,,12600,,,36123,5489,9-Apr-24,5489,9-Apr-24
73327,1624,,Tab -  Risperidone (Amidrex) 2mg,,2243,,,31330,5489,9-Apr-24,5489,9-Apr-24
73338,6341,,Cap -  Amoxicillin 500mg,,13747,,,36477,5063,9-Apr-24,,
73340,6341,,Tab - Chlorpromazine 100mg,,13747,,,36475,5063,9-Apr-24,,
73341,6341,,Tab -  Risperidone (Amidrex) 2mg,,13747,,,36474,5063,9-Apr-24,,
73342,6341,,Tab - Paracetamol 500mg,,13747,,,34172,5063,9-Apr-24,5063,9-Apr-24
73343,8101,,Tab - Paracetamol 500mg,,16312,,,36546,5063,9-Apr-24,,
73344,8101,,Tab - Artemether/Lumefantrine 80/480mg,,16312,,,36545,5063,9-Apr-24,,
73345,8101,,Tab - Benzhexol 5mg,,16312,,,36423,5063,9-Apr-24,,
73346,8101,,Tab - Risperidone (Zepidone) 2mg,,16312,,,36422,5063,9-Apr-24,,
73353,8221,,Tab - Vitamin C 100mg,,16732,,,36615,4639,10-Apr-24,4639,10-Apr-24
73358,5047,,Tab - Olanzapine (Ozace)10mg x 30,,8526,,,36004,4639,10-Apr-24,,
73367,4874,,Tab - Sodium Valporate (Eppilim) 500mg,,7879,,,35724,4748,11-Apr-24,,
73368,4874,,Tab -  Quetiapine 300mg,,7879,,,35719,4748,11-Apr-24,,
73370,819,,Tab - Benzhexol 5mg,,10768,,,31315,4748,11-Apr-24,,
73371,6772,,Tab - Risperidone (Zepidone) 2mg,,12891,,,35631,4748,11-Apr-24,,
73383,5304,,Tab - Benzhexol 5mg,,9016,,,36603,4536,11-Apr-24,4536,11-Apr-24
73395,2840,,Tab - Haloperidol 5mg,,4182,,,36608,4746,12-Apr-24,,
73257,5219,,Tab - Diclofenac sodium 50mg,,8721,,,30175,4598,6-Apr-24,,
73274,274,,Tab - Carbamazepine 200mg,,15729,,,35574,5493,8-Apr-24,,
73283,2013,,Tab - Benzhexol 5mg,,4178,,,35154,4746,8-Apr-24,4746,8-Apr-24
73284,5321,,Tab - Paracetamol 500mg,,9173,,,36034,4746,8-Apr-24,,
73289,5494,,Tab - Haloperidol 10mg,,9236,,,36027,4603,8-Apr-24,,
73294,6539,,Tab - Amlodipine 10mg,,11872,,,35997,4603,8-Apr-24,,
73296,6539,,Tab -  Folic Acid 5mg,,11872,,,35995,4603,8-Apr-24,,
73297,6539,,Tab - Ferrous Sulfate 200mg,,11872,,,35994,4603,8-Apr-24,,
73304,3223,,Tab - Carbamazepine 200mg,,4817,,,36006,5197,8-Apr-24,5197,8-Apr-24
73306,8015,,Tab - Risperdal 2mg,,15991,,,36124,5197,8-Apr-24,,
73308,1809,,Tab -  Ascorbic Acid (Vit.C) 100mg,,2607,,,36502,4746,9-Apr-24,,
73313,2294,,Tab - Neuro-vit Forte,,4802,,,31564,4746,9-Apr-24,,
73314,3839,,Tab - Sodium Valporate (Eppilim) 200mg,,6115,,,36482,5063,9-Apr-24,,
73363,5551,,Tab -  Lamotrigine 50mg,,9576,,,33382,4748,11-Apr-24,4748,11-Apr-24
73366,6537,,Inj - Flupenthixol (Decanoate 40mg),,16173,,,35873,4748,11-Apr-24,,
73388,8098,,IVF - 5% Dextrose Saline 500mls,,16291,,,36598,5341,12-Apr-24,,
73256,5219,,Tab - Benzhexol 5mg,,8721,,,35485,4598,6-Apr-24,,
73266,7815,,Tab - Chlorpromazine 100mg,,15461,,,35467,4748,7-Apr-24,4748,11-Apr-24
73267,8230,,Tab - Risperidone (Zepidone) 2mg,,16747,,,35901,4956,7-Apr-24,,
73278,2607,,Tab -  Risperidone (Amidrex) 2mg,,4076,,,35124,4746,8-Apr-24,,
73332,4410,,Tab - Haloperidol 10mg,,7541,,1,35745,5063,9-Apr-24,,
73348,7461,,Tab - Neuro-vit Forte,,14484,,,36535,4668,10-Apr-24,4668,10-Apr-24
73349,8274,,Tab -  Diazepam 5mg,,16913,,,36536,4668,10-Apr-24,4668,10-Apr-24
73351,8274,,Tab - Nifedipine 20mg,,16913,,,36533,4668,10-Apr-24,,
73364,4264,,Tab - Haloperidol 10mg,,13190,,,35431,4748,11-Apr-24,,
73365,5729,,Tab - Carbamazepine 200mg,,9807,,,35427,4748,11-Apr-24,,
73369,819,,Tab - Sodium Valporate 200mg,,10768,,,35409,4748,11-Apr-24,4748,11-Apr-24
73377,7918,,Tab -  Risperidone (Amidrex) 2mg,,15723,,,34554,4748,11-Apr-24,,
73378,8098,,Cap - Omepraxole 20mg,,16291,,,36561,5489,11-Apr-24,,
73381,5905,,Tab -  Quetiapine 300mg,,14229,,,36538,5493,11-Apr-24,,
73382,6371,,Tab - Tab. Risperidone 0.5mg (Zepidone),,11503,,1,36607,4266,11-Apr-24,,
73389,8098,,Tab - Benzhexol 5mg,,16291,,,36544,5341,12-Apr-24,,
73392,8098,,Tab - Aripiprazole (debixa) 10mg,,16291,,,36541,5341,12-Apr-24,,
73393,8098,,Tab - Zinc 20mg,,16291,,,35896,5341,12-Apr-24,,
73241,5141,,Tab -  Risperidone (Amidrex) 2mg,,8517,,,35474,4998,6-Apr-24,,
73242,758,,Tab - Nifedipine 30mg,,8578,,,34296,4998,6-Apr-24,,
73244,758,,Tab -  Lisinopril 10mg,,8578,,,34243,4998,6-Apr-24,,
73246,7583,,Tab - Artemether/Lumefantrine 80/480mg,,14825,,,34807,4998,6-Apr-24,,
73248,7583,,Tab - Benzhexol 5mg,,14825,,,34294,4998,6-Apr-24,,
73255,5219,,Tab -  Risperidone (Risperdal) 2mg,,8721,,,35484,4598,6-Apr-24,4598,6-Apr-24
73259,6901,,Tab -  Risperidone (Amidrex) 2mg,,12795,,,35695,4284,6-Apr-24,,
73262,7355,,Tab - Carbamazepine (Carbimi CR) 400mg,,14518,,,35811,4730,7-Apr-24,5493,8-Apr-24
73275,274,,Tab - Neuro-vit Forte,,15729,,,35575,5493,8-Apr-24,,
73280,7896,,Tab - Paracetamol 500mg,,15965,,,35892,4746,8-Apr-24,4746,8-Apr-24
73305,3223,,Tab - Haloperidol 10mg,,4817,,,36005,5197,8-Apr-24,5197,8-Apr-24
73333,4410,,Tab - .Natrixam1.5mg/10mg,,7541,,1,35743,5063,9-Apr-24,5063,9-Apr-24
73334,3369,,Tab - Tab. Loratidine 10mg,,5064,,,35584,4748,9-Apr-24,,
73379,8098,,IVF - Normal Saline 0.9%,,16291,,,36599,5341,11-Apr-24,,
73385,8221,,Tab - Amlodipine 5mg,,16732,,,36632,5063,11-Apr-24,,
73387,8221,,Inj - Tetanus Toxoid 0.5mg,,16732,,,36612,5063,11-Apr-24,,
73391,8098,,Tab - Neuro-vit Forte,,16291,,,36542,5341,12-Apr-24,,
73276,2840,,Tab - Haloperidol 5mg,,4182,,1,35167,4746,8-Apr-24,,
73277,6557,,Tab -  Risperidone (Amidrex) 2mg,,12181,,,35119,4746,8-Apr-24,4746,8-Apr-24
73279,4304,,Tab - Diclofenac Potassium 50mg,,13663,,,35730,4746,8-Apr-24,,
73281,7844,,Tab - Amlodipine 5mg,,16210,,,35380,4746,8-Apr-24,,
73288,5494,,Tab - Benzhexol 5mg,,9236,,,36028,4603,8-Apr-24,4603,8-Apr-24
73298,8229,,Inj -  Haloperidol 5mg,,16755,,,35926,5523,8-Apr-24,4956,8-Apr-24
73300,5885,,Tab - Benzhexol 5mg,,10201,,,35970,5461,8-Apr-24,,
73302,7352,,Tab - Amlodipine 5mg,,14517,,,36158,5317,8-Apr-24,,
73307,1809,,Tab - Ibuprofen 400mg,,2607,,,36501,4746,9-Apr-24,,
73315,7006,,Tab - Pyridoxine 50mg,,13211,,,35715,5479,9-Apr-24,,
73316,3839,,Tab - Haloperidol 10mg,,6115,,,36481,5063,9-Apr-24,,
73317,3839,,Tab - Chlorpromazine 100mg,,6115,,,36480,5063,9-Apr-24,,
73318,3839,,Inj - Fluphenazine Decanoate 50mg,,6115,,,36479,5063,9-Apr-24,,
73324,6822,,Tab -  Risperidone (Risperdal) 2mg,,12600,,,34213,5489,9-Apr-24,,
73325,4410,,Tab - Benzhexol 5mg,,7541,,1,35748,5063,9-Apr-24,,
73372,6243,,Tab - Amlodipine 5mg,,12304,,,35510,4748,11-Apr-24,4748,11-Apr-24
73373,6243,,Tab -  Risperidone (Amidrex) 2mg,,12304,,,35490,4748,11-Apr-24,,
73374,5739,,Tab - Benzhexol 5mg,,10038,,,35772,4748,11-Apr-24,4748,11-Apr-24
73375,5885,,Tab - Haloperidol 10mg,,10201,,,35969,5489,11-Apr-24,,
73380,7006,,Tab - Amitriptyline 25mg,,13211,,,35708,5493,11-Apr-24,5493,11-Apr-24
73384,5304,,Tab -  Risperidone (Amidrex) 2mg,,9016,,,36602,4536,11-Apr-24,,
73386,8221,,Cap - Amplicillin/Cloxacin 500mg,,16732,,,36613,5063,11-Apr-24,,
73223,6261,,Tab - Paracetamol 500mg,,11181,,,35704,4966,6-Apr-24,,
73234,2362,,Tab - Amiloride/hydroclorothiazide (Moduretic),,3354,,1,33255,4998,6-Apr-24,,
73236,2362,,Tab - Carbamazepine 200mg,,3354,,1,33253,4998,6-Apr-24,,
73238,6331,,Tab - Tab. Risperidone 0.5mg (Zepidone),,11409,,,24245,5299,6-Apr-24,,
73239,6331,,Tab - Zepidone 3mg,,11409,,,34840,5299,6-Apr-24,,
73240,7908,,Tab -  Risperidone (Amidrex) 2mg,,16604,,1,35599,4998,6-Apr-24,,
73254,4304,,Tab - Paracetamol 500mg,,13663,,,35381,4662,6-Apr-24,4662,6-Apr-24
73258,5260,,Tab - Chlorpromazine 100mg,,8776,,1,35680,4598,6-Apr-24,,
73260,6245,,Cap -  Amoxicillin 500mg,,11158,,,35890,5059,7-Apr-24,5059,7-Apr-24
73261,6245,,Tab - Tab. Loratidine 10mg,,11158,,,35889,5059,7-Apr-24,5059,7-Apr-24
73285,6871,,Tab - Benzhexol 5mg,,12757,,,36077,4603,8-Apr-24,4603,8-Apr-24
73286,6871,,Inj - Flupenthixol (Decanoate 40mg),,12757,,,36074,4603,8-Apr-24,,
73287,6871,,Tab - Risperidone (Zepidone) 2mg,,12757,,,36075,4603,8-Apr-24,4603,8-Apr-24
73291,8125,,Inj - Fluphenazine Decanoate 50mg,,16418,,,36150,4603,8-Apr-24,,
73301,7352,,Tab - Aspirin 75mg,,14517,,,36159,5317,8-Apr-24,,
73303,7352,,Tab - .Atorvastatin 20mg,,14517,,,34720,5317,8-Apr-24,,
73323,6390,,Inj -  Fluphenazine Decanote 25mg,,14494,,,35949,5063,9-Apr-24,,
73326,4410,,Tab - Carbamazepine TEGRETOL (Plain) 200mg,,7541,,1,35747,5063,9-Apr-24,,
73328,4264,,Tab -  Risperidone (Amidrex) 2mg,,13190,,,36528,4748,9-Apr-24,,
73362,8328,,Tab - Haloperidol 5mg,,17052,,,36589,4979,10-Apr-24,,
73376,5739,,Tab - Nifedipine 30mg,,10038,,,34582,4748,11-Apr-24,,
73396,1596,,Tab - Benzhexol 5mg,,2366,,,36521,5064,12-Apr-24,5064,12-Apr-24
73397,6337,,Tab -  Folic Acid 5mg,,11390,,,36473,5064,12-Apr-24,,
73398,6337,,Tab - Benzhexol 5mg,,11390,,,36470,5064,12-Apr-24,,
73416,30273,,Tab - Risperidone (Zepidone) 2mg,,20067,,,38820,4748,9-Sep-25,4748,9-Sep-25
73445,30426,,Tab - Benzhexol 5mg,,20068,,,39249,6123,12-Sep-25,,
73447,30639,,Tab - Paracetamol 500mg,,20006,,,39213,6106,12-Sep-25,,
73456,30627,,Tab - Paracetamol 500mg,,19796,,,39380,4748,14-Sep-25,,
73481,30719,,Tab - Olanzapine (Ozace)10mg x 30,,20103,,1,39383,4603,18-Sep-25,,
73484,30333,,Tab - Risperidone (Zepidone) 2mg,,19194,,,39281,4577,18-Sep-25,,
73494,30310,,Tab - Risperdal 2mg,,19982,,1,39828,4577,19-Sep-25,,
73523,30140,,Tab - Neuro-vit Forte,,19538,,,39953,4730,22-Sep-25,,
73529,31435,,Tab - Fluoxetine 20mg,,21595,,1,40259,4730,23-Sep-25,,
73531,31435,,Tab -  Zopiclone 7.5mg,,21595,,,40261,4730,23-Sep-25,4730,23-Sep-25
73534,8200,,Cap - Amplicillin/Cloxacin 500mg,,22106,,1,40293,4658,23-Sep-25,4658,23-Sep-25
73535,8200,,Tab - Vitamin C 100mg,,22106,,,40292,4658,23-Sep-25,,
73538,30065,,Tab - Benzhexol 5mg,,21862,,1,40296,5063,24-Sep-25,,
73542,8200,,Tab - Metronidazole 400mg,,22106,,,40480,4706,25-Sep-25,,
73544,8200,,Tab -  Risperidone (Amidrex) 2mg,,22106,,,40563,4706,26-Sep-25,5012,5-Oct-25
73545,8200,,Inj -  Fluphenazine Decanote 25mg,,22106,,,40562,4706,26-Sep-25,,
73557,30639,,Tab - Amlodipine 10mg,,20006,,,40452,4577,28-Sep-25,,
73558,30639,,Tab - Carbamazepine 200mg,,20006,,,40451,4577,28-Sep-25,,
73560,31523,,Inj -  Diazepam 10mg,,21623,,,40856,4718,29-Sep-25,,
73573,30949,,Tab - Benzhexol 5mg,,22103,,1,41204,5035,4-Oct-25,5035,4-Oct-25
73574,31935,,Tab - Benzhexol 5mg,,22497,,1,41112,5035,4-Oct-25,5035,4-Oct-25
73575,31071,,Tab - Risperidone (Zepidone) 2mg,,21918,,1,40822,5035,4-Oct-25,5035,4-Oct-25
73597,6819,,Tab - Metronidazole 400mg,,13241,,,41584,6107,5-Oct-25,,
73598,6819,,Tab - Paracetamol 500mg,,13241,,,41490,6107,5-Oct-25,,
73599,6819,,Tab - Artemether/Lumefantrine 80/480mg by 6,,13241,,,41489,6107,5-Oct-25,,
73600,6819,,Tab - Metformin 500mg,,13241,,,41308,6107,5-Oct-25,,
73602,8162,,Tab - Tap. Ramipril,,21640,,1,39934,5538,6-Oct-25,,
73603,8162,,Tab - Amlodipine 5mg,,21640,,1,39932,5538,6-Oct-25,,
73605,32030,,Tab - Neuro-vit Forte,,22715,,,41198,5538,6-Oct-25,,
73617,31744,,Tab - Benzhexol 5mg,,22052,,,41645,6183,6-Oct-25,,
73618,31744,,Tab - Chlorpromazine 100mg,,22052,,,41644,6183,6-Oct-25,6183,6-Oct-25
73629,30844,,Tab - Benzhexol 5mg,,21188,,,41420,4562,7-Oct-25,,
73633,31519,,Tab - Neuro-vit Forte,,21616,,,41855,6104,7-Oct-25,6104,7-Oct-25
73634,31519,,Tab - Haloperidol 10mg,,21616,,,41854,6104,7-Oct-25,,
73653,30310,,Tab - Metformin 500mg,,19982,,,42507,4749,10-Oct-25,,
73654,30310,,Tab - Quetiapine 100mg,,19982,,,42505,4749,10-Oct-25,4749,10-Oct-25
73672,31624,,Tab - Carbamazepine 200mg,,21850,,,42480,4570,10-Oct-25,,
73673,31966,,Tab - Amlodipine 5mg,,22961,,,41279,4570,10-Oct-25,,
73674,31966,,Tab - Neuro-vit Forte,,22961,,,41280,4570,10-Oct-25,,
73675,31966,,Tab - Quetiapine 100mg,,22961,,1,41274,4570,10-Oct-25,,
73676,32275,,Tab - Risperidone (Zepidone) 2mg,,23533,,1,42463,4570,10-Oct-25,,
73697,497,,Tab - Haloperidol 10mg,,21164,,,42475,5012,11-Oct-25,,
73700,30833,,Tab - Risperidone (Zepidone) 2mg,,21161,,,42467,5012,11-Oct-25,,
73702,31218,,Tab - Chlorpromazine 100mg,,20991,,,42473,5012,11-Oct-25,,
73706,32640,,Tab - Chlorpromazine 100mg,,24290,,,42550,5009,12-Oct-25,5009,13-Oct-25
73754,30018,,Tab - Bisoprolol 2.5mg,,21160,,1,43030,6115,15-Oct-25,,
73758,31537,,Tab - Benzhexol 5mg,,21646,,,41858,4658,15-Oct-25,,
73760,31537,,Tab - Benzhexol 5mg,,21646,,,40304,4658,15-Oct-25,4709,25-Oct-25
73762,32274,,Tab - Neuro-vit Forte,,23277,,,42455,4671,15-Oct-25,,
73783,33003,,Tab - Risperidone (Zepidone) 2mg,,25026,,,43036,4749,15-Oct-25,,
73784,33003,,Tab - Neuro-vit Forte,,25026,,,43037,4749,15-Oct-25,4749,15-Oct-25
73785,33002,,Tab -  Diazepam 5mg,,25022,,,43070,4749,15-Oct-25,,
73786,33002,,Tab -  Zopiclone 7.5mg,,25022,,,43008,4749,15-Oct-25,,
73787,33002,,Tab - Neuro-vit Forte,,25022,,,43007,4749,15-Oct-25,,
73824,33044,,Tab - Risperidone (Zepidone) 2mg,,25126,,,43292,4570,19-Oct-25,,
73827,7855,,Tab - Chlorpromazine 100mg,,15733,,,42911,6107,20-Oct-25,,
73828,7855,,Tab - Benzhexol 5mg,,15733,,,42913,6107,20-Oct-25,6107,20-Oct-25
73829,7855,,Tab - Trifluoperazine       5mg,,15733,,,42912,6107,20-Oct-25,,
73840,7870,,Tab - Haloperidol 10mg,,19935,,1,42879,4707,21-Oct-25,,
73843,32208,,Tab - Haloperidol 10mg,,25033,,1,42972,4707,21-Oct-25,,
73888,7869,,Tab - Trifluoperazine       5mg,,19970,,,42883,5493,22-Oct-25,,
73900,8162,,Tab - Carbamazepine TEGRETOL (Plain) 200mg,,21640,,1,44590,5538,23-Oct-25,5538,23-Oct-25
73901,8162,,Tab - Aripiprazole (debixa) 10mg,,21640,,1,44587,5538,23-Oct-25,5538,23-Oct-25
73902,32031,,Tab - Haloperidol 5mg,,22717,,1,44632,5538,23-Oct-25,,
73908,31935,,Tab - Risperidone (Zepidone) 2mg,,22497,,1,44510,5538,23-Oct-25,,
73911,30031,,Tab - Risperidone (Zepidone) 2mg,,22160,,1,44656,5538,23-Oct-25,5538,23-Oct-25
73912,30031,,Tab - Thiamine 100mg,,22160,,1,44658,5538,23-Oct-25,,
73915,8628,,Tab - Carbamazepine 200mg,,23040,,,43658,4570,24-Oct-25,,
73916,8628,,Tab - Olanzapine (Ozace)10mg x 30,,23040,,,43657,4570,24-Oct-25,,
73917,31624,,Tab -  Folic Acid 5mg,,21850,,,43612,4570,24-Oct-25,,
73918,31624,,Tab - Carbamazepine 200mg,,21850,,,43611,4570,24-Oct-25,,
73919,31624,,Tab - Risperidone (Zepidone) 2mg,,21850,,,43610,4570,24-Oct-25,,
73932,32820,,Tab - Carbamazepine 200mg,,24554,,,44497,4671,24-Oct-25,,
73935,33300,,Tab - Paracetamol 500mg,,25793,,,44822,4663,24-Oct-25,,
73937,32431,,Tab - Carbamazepine 200mg,,23665,,,44626,4671,24-Oct-25,4671,24-Oct-25
73938,32274,,Tab - Risperidone (Zepidone) 2mg,,23277,,,44793,4671,24-Oct-25,,
73940,30790,,Tab - Risperidone (Zepidone) 2mg,,20145,,,44550,4671,24-Oct-25,4671,24-Oct-25
73941,30652,,Tab - Risperidone (Zepidone) 3mg,,20116,,,44843,4671,24-Oct-25,,
73952,31919,,Tab - Neuro-vit Forte,,22468,,1,44319,4268,24-Oct-25,,
73958,33573,,Tab -  Diazepam 5mg,,26540,,,44810,6105,24-Oct-25,,
73960,33588,,Tab -  Diazepam 5mg,,26559,,1,44885,4749,25-Oct-25,4689,26-Oct-25
73963,32226,,Tab - Benzhexol 5mg,,25040,,,44787,6107,25-Oct-25,,
73965,33297,,Tab - Vitamin C 100mg,,26701,,,44924,5599,25-Oct-25,5599,25-Oct-25
73966,33297,,Tab - Paracetamol 500mg,,26701,,,44923,5599,25-Oct-25,,
73967,32208,,Tab - Haloperidol 10mg,,25033,,,44789,6107,25-Oct-25,,
73969,33302,,Tab - .Natrixam1.5mg/10mg,,25795,,1,44938,4709,25-Oct-25,4709,25-Oct-25
74004,32044,,Tab - Haloperidol 5mg,,22736,,,45137,6104,28-Oct-25,6104,28-Oct-25
74005,32044,,Tab - Haloperidol 5mg,,22736,,,42786,6104,28-Oct-25,,
74006,32841,,Tab - Neuro-vit Forte,,24653,,,45148,6104,28-Oct-25,,
74028,7861,,Tab - Benzhexol 5mg,,15734,,,45371,6107,28-Oct-25,6107,28-Oct-25
74033,33755,,Cap - Omeprazole 20mg,,27205,,,45686,4748,29-Oct-25,,
74034,33755,,Tab - Diclofenac Potassium 100mg,,27205,,,45685,4748,29-Oct-25,,
74035,33775,,Tab - Amoxicillin/Clavulanic Acid 625mg,,27238,,,45690,4748,29-Oct-25,,
74036,33775,,i.m - Tetanus Toxoid 0.5ml,,27238,,,45689,4748,29-Oct-25,,
74037,33755,,i.m - Tetanus Toxoid 0.5ml,,27205,,,45684,4748,29-Oct-25,,
74038,33743,,Tab - Paracetamol 500mg,,26975,,,45266,4748,29-Oct-25,,
74039,33213,,Tab - Chlorpromazine 100mg,,25585,,,45326,4748,29-Oct-25,,
74040,2988,,Tab - Risperidone (Zepidone) 2mg,,24327,,,43533,4748,29-Oct-25,,
74041,2988,,Tab - Pyridoxine 50mg,,24327,,,43534,4748,29-Oct-25,,
74042,2988,,Tab - Benzhexol 5mg,,24327,,,43535,4748,29-Oct-25,,
74043,32587,,Tab - Benzhexol 5mg,,24283,,,45357,4748,29-Oct-25,,
74044,32587,,Tab - Haloperidol 5mg,,24283,,,45356,4748,29-Oct-25,,
74045,32473,,Tab - Haloperidol 10mg,,24011,,,44330,4748,29-Oct-25,,
74046,32473,,Tab - Benzhexol 5mg,,24011,,,44200,4748,29-Oct-25,,
73418,7869,,Tab - Benzhexol 5mg,,19970,,,38834,5475,10-Sep-25,,
73421,7870,,Tab - Benzhexol 5mg,,19935,,,38830,5475,10-Sep-25,,
73427,6816,,Tab - Haloperidol 10mg,,15657,,,38795,5475,10-Sep-25,,
73428,6820,,Tab - Aspirin 75mg,,13242,,,38860,5475,10-Sep-25,,
73430,6820,,Tab - Amiloride/hydroclorothiazide (Moduretic),,13242,,,38858,5475,10-Sep-25,,
73431,6820,,Tab - Pyridoxine 50mg,,13242,,,38857,5475,10-Sep-25,,
73437,30122,,Tab - Risperidone (Zepidone) 2mg,,19536,,1,38746,4570,11-Sep-25,,
73442,8335,,Tab - Tab. Risperidone 0.5mg (Zepidone),,20157,,,39297,6123,12-Sep-25,,
73452,30283,,Tab - Benzhexol 5mg,,20425,,,39048,4730,14-Sep-25,,
73453,30627,,Tab - Neuro-vit Forte,,19796,,,39345,4748,14-Sep-25,,
73458,30992,,Tab - Haloperidol 5mg,,20503,,1,39387,6118,16-Sep-25,,
73485,30439,,Tab -  Risperidone (Amidrex) 2mg,,19813,,,39244,4577,18-Sep-25,,
73491,30790,,Tab - Risperidone (Zepidone) 2mg,,20145,,,39125,4577,18-Sep-25,,
73499,7870,,Tab - Haloperidol 10mg,,19935,,,39918,6107,20-Sep-25,6107,20-Sep-25
73508,30018,,Tab - Nifedipine 30mg,,21160,,1,39957,5012,20-Sep-25,,
73510,30018,,Tab - Carbamazepine TEGRETOL (Plain) 200mg,,21160,,1,39954,5012,20-Sep-25,,
73511,6816,,Tab - Vitamin C 100mg,,15657,,,39881,6107,20-Sep-25,,
73512,6816,,Tab - Tab. Loratidine 10mg,,15657,,,39880,6107,20-Sep-25,,
73524,30140,,Tab - Carbamazepine TEGRETOL (Plain) 200mg,,19538,,,39952,4730,22-Sep-25,4730,22-Sep-25
73528,7855,,Tab - Vitamin C 100mg,,15733,,,40127,6107,22-Sep-25,,
73532,30122,,Tab - Fluoxetine 20mg,,19536,,1,39430,4730,23-Sep-25,,
73536,8200,,Tab -  Diazepam 5mg,,22106,,,40291,4658,23-Sep-25,4658,23-Sep-25
73546,30723,,Tab - Risperidone (Zepidone) 2mg,,20028,,,39750,4577,27-Sep-25,,
73547,30723,,Tab - Neuro-vit Forte,,20028,,,39751,4577,27-Sep-25,,
73548,30723,,Tab - Sodium Valporate 200mg,,20028,,,39749,4577,27-Sep-25,,
73551,30652,,Tab - Risperidone (Zepidone) 2mg,,20116,,1,40577,4577,27-Sep-25,,
73559,30844,,Tab - Trifluoperazine       5mg,,21188,,,40609,4706,28-Sep-25,,
73576,31052,,Tab - Benzhexol 5mg,,22714,,1,41221,4749,4-Oct-25,,
73579,31643,,Tab - Quetiapine 200mg,,21857,,1,41179,4749,4-Oct-25,,
73580,31030,,Tab - Risperidone (Zepidone) 2mg,,20619,,1,41144,4749,4-Oct-25,,
73583,30310,,Tab - Benzhexol 5mg,,19982,,1,41326,4749,4-Oct-25,,
73590,30723,,Tab - Sodium Valporate 200mg,,20028,,1,41118,4749,4-Oct-25,,
73604,8162,,Tab - Carbamazepine TEGRETOL (Plain) 200mg,,21640,,1,39931,5538,6-Oct-25,,
73615,31094,,Tab - Risperidone (Zepidone) 2mg,,20721,,1,41634,5538,6-Oct-25,,
73616,31744,,Tab - Atorvastatin 10mg,,22052,,,41657,6183,6-Oct-25,6183,6-Oct-25
73630,30844,,Tab - Risperidone (Zepidone) 2mg,,21188,,,40564,4562,7-Oct-25,4562,7-Oct-25
73632,30833,,Tab - Risperidone (Zepidone) 2mg,,21161,,,41432,4562,7-Oct-25,4562,7-Oct-25
73635,32431,,Tab - Benzhexol 5mg,,23665,,1,41494,4749,8-Oct-25,,
73637,30439,,Tab - Risperidone (Zepidone) 2mg,,19813,,,41310,4749,8-Oct-25,,
73638,1918,,Tab - Trifluoperazine       5mg,,17841,,,41928,4570,8-Oct-25,,
73639,31435,,Tab - Chlorpromazine 100mg,,21595,,,41927,4570,8-Oct-25,,
73647,31029,,Tab - Risperidone (Zepidone) 2mg,,22101,,1,41637,5538,9-Oct-25,,
73649,31029,,Tab - Chlorpromazine 100mg,,22101,,1,41995,5538,9-Oct-25,,
73650,32314,,Tab - Carbamazepine 200mg,,23403,,1,41993,5538,9-Oct-25,,
73652,31071,,Tab - Aspirin 75mg,,21918,,,41975,5538,9-Oct-25,,
73695,30844,,Tab - Benzhexol 5mg,,21188,,,42418,5012,11-Oct-25,,
73696,497,,Tab - Carbamazepine 200mg,,21164,,,42476,5012,11-Oct-25,,
73699,30833,,Tab - Benzhexol 5mg,,21161,,,42468,5012,11-Oct-25,,
73701,31218,,Tab - Benzhexol 5mg,,20991,,,42474,5012,11-Oct-25,,
73704,32640,,Tab -  Diazepam 5mg,,24290,,,42552,5007,12-Oct-25,,
73705,32640,,Tab - Neuro-vit Forte,,24290,,,42551,5007,12-Oct-25,,
73707,32841,,Tab - Nifedipine 20mg,,24653,,,42652,4533,13-Oct-25,4533,13-Oct-25
73708,32952,,Tab - Epilim Chrono 500mg,,24929,,,42853,6062,14-Oct-25,,
73709,32952,,Tab - Benzhexol 5mg,,24929,,,42855,6062,14-Oct-25,6062,14-Oct-25
73712,30949,,Tab - Vitamin C 100mg,,22103,,,42644,5538,14-Oct-25,,
73721,31054,,Tab - Haloperidol 10mg,,23039,,1,42997,6115,14-Oct-25,,
73723,31924,,Tab - Carbamazepine 200mg,,22479,,1,42965,6115,14-Oct-25,6115,14-Oct-25
73725,31924,,Tab - Olanzapine 5mg,,22479,,1,42963,6115,14-Oct-25,6115,14-Oct-25
73730,32036,,Tab - Sodium Valporate 200mg,,23042,,1,42990,6115,14-Oct-25,,
73732,32037,,Tab - Olanzapine (Ozace)10mg x 30,,23043,,1,42993,6115,14-Oct-25,,
73733,31919,,Tab - Neuro-vit Forte,,22468,,1,43001,6115,14-Oct-25,,
73735,8762,,Tab - Risperidone (Zepidone) 2mg,,22624,,1,41950,6115,14-Oct-25,,
73736,31251,,Tab - Tab. Risperidone 0.5mg (Zepidone),,22120,,1,41944,6115,14-Oct-25,,
73753,8508,,Tab - Indapamide 1.5mg,,21166,,1,43031,6115,15-Oct-25,,
73755,30018,,Tab - Nifedipine 30mg,,21160,,1,43029,6115,15-Oct-25,,
73756,30018,,Tab - Neuro-vit Forte,,21160,,1,43027,6115,15-Oct-25,,
73757,30018,,Tab - Carbamazepine TEGRETOL (Plain) 200mg,,21160,,1,43026,6115,15-Oct-25,6115,15-Oct-25
73764,30109,,Tab - Risperidone (Zepidone) 2mg,,22695,,,42707,5341,15-Oct-25,,
73769,31493,,Tab - Haloperidol 5mg,,22333,,,41246,5341,15-Oct-25,5341,15-Oct-25
73772,31538,,Tab - Neuro-vit Forte,,21839,,1,42713,5341,15-Oct-25,,
73773,31538,,Tab - Haloperidol 5mg,,21839,,1,42712,5341,15-Oct-25,,
73774,30147,,Tab - Chlorpromazine 100mg,,18797,,,42726,5341,15-Oct-25,,
73775,1918,,Tab - Trifluoperazine       5mg,,17841,,,43153,4570,15-Oct-25,,
73776,6788,,Tab - Amlodipine 10mg,,22954,,,43083,4570,15-Oct-25,,
73777,6788,,Tab - Benzhexol 5mg,,22954,,,43082,4570,15-Oct-25,,
73778,6788,,Tab - Chlorpromazine 100mg,,22954,,,43081,4570,15-Oct-25,,
73791,31493,,Tab - Haloperidol 5mg,,22333,,,43397,5341,17-Oct-25,,
73794,32209,,Tab - Chlorpromazine 100mg,,24022,,,43602,5012,17-Oct-25,,
73795,32209,,Tab - Diclofenac Potassium 50mg,,24022,,,43500,5012,17-Oct-25,,
73819,30675,,Tab - Haloperidol 5mg,,20922,,,43130,4570,19-Oct-25,,
73852,6816,,Tab - Amiloride/hydroclorothiazide (Moduretic),,15657,,,42940,4707,21-Oct-25,,
73853,6816,,Tab - Amlodipine 5mg,,15657,,,42939,4707,21-Oct-25,,
73854,6820,,Tab - Amiloride/hydroclorothiazide (Moduretic),,13242,,,42961,4707,21-Oct-25,,
73857,31519,,Tab - Haloperidol 5mg,,21616,,,43302,6118,21-Oct-25,,
73867,8508,,Tab - Paracetamol 500mg,,21166,,,44217,4268,21-Oct-25,,
73868,8508,,Tab - Carbamazepine TEGRETOL (Plain) 200mg,,21166,,1,44219,4268,21-Oct-25,,
73876,31744,,Tab - Olanzapine (Ozace)10mg x 30,,22052,,,43880,5341,21-Oct-25,,
73879,31079,,Tab - Amlodipine 5mg,,22925,,,44190,4749,21-Oct-25,,
73880,31079,,Tab - Vitamin E 400IU,,22925,,,43565,4749,21-Oct-25,,
73881,31079,,Tab - Benzhexol 5mg,,22925,,,43564,4749,21-Oct-25,,
73882,31070,,Tab - Risperidone (Zepidone) 2mg,,22924,,,44223,4749,21-Oct-25,,
73883,31052,,Tab - Benzhexol 5mg,,22714,,1,43469,4749,21-Oct-25,,
73884,31030,,Tab - Risperidone (Zepidone) 2mg,,20619,,1,44187,4749,21-Oct-25,,
73885,30786,,Tab - Haloperidol 10mg,,20137,,,44193,4749,21-Oct-25,,
73886,30786,,Tab - Benzhexol 5mg,,20137,,,44194,4749,21-Oct-25,,
73887,7863,,Tab - Chlorpromazine 100mg,,19956,,,42867,5493,21-Oct-25,,
73890,7870,,Tab - Chlorpromazine 100mg,,19935,,,42881,5493,22-Oct-25,,
73892,33302,,Tab - Carbamazepine 200mg,,25795,,1,44285,5012,23-Oct-25,,
73913,8628,,Gutt - Aristobet-N (Betamethasone 1mg + Neomycin 5mg),,23040,,,43875,4570,24-Oct-25,,
73914,8628,,Tab - Benzhexol 5mg,,23040,,,43659,4570,24-Oct-25,,
73926,32656,,Tab - Zepidone 3mg,,24183,,,44686,4570,24-Oct-25,,
73927,33044,,Tab - Atorvastatin 10mg,,25126,,1,44712,4570,24-Oct-25,,
73929,33573,,Tab - Neuro-vit Forte,,26540,,,44811,4671,24-Oct-25,,
73934,32820,,Tab - Neuro-vit Forte,,24554,,,43433,4671,24-Oct-25,,
73412,1707,,Tab - Benzhexol 5mg,,18872,,1,38302,4748,9-Sep-25,,
73419,7869,,Tab - Trifluoperazine       5mg,,19970,,,38833,5475,10-Sep-25,,
73420,7870,,Tab - Chlorpromazine 100mg,,19935,,,38831,5475,10-Sep-25,,
73422,7870,,Tab - Haloperidol 10mg,,19935,,,38829,5475,10-Sep-25,,
73423,6816,,Tab -  Clozapine 100mg,,15657,,,38805,5475,10-Sep-25,,
73424,6816,,Tab - Amiloride/hydroclorothiazide (Moduretic),,15657,,,38798,5475,10-Sep-25,,
73425,6816,,Tab - Ibuprofen 400mg,,15657,,,38797,5475,10-Sep-25,,
73426,6816,,Tab - Benzhexol 5mg,,15657,,,38796,5475,10-Sep-25,,
73432,6820,,Tab - Zepidone 3mg,,13242,,,38856,5475,10-Sep-25,5475,10-Sep-25
73435,6819,,Tab - Carbamazepine 200mg,,13241,,,38850,5475,10-Sep-25,,
73436,30122,,Tab - Fluoxetine 20mg,,19536,,1,38747,4570,11-Sep-25,4570,11-Sep-25
73457,31249,,Tab - Vitamin C 100mg,,21043,,,39503,6115,15-Sep-25,6115,15-Sep-25
73471,30426,,Tab -  Diazepam 5mg,,20068,,,39524,4748,17-Sep-25,,
73486,30310,,Tab - Metformin 500mg,,19982,,1,39508,4577,18-Sep-25,,
73490,30786,,Tab - Haloperidol 5mg,,20137,,,39091,4577,18-Sep-25,4577,18-Sep-25
73497,30639,,Tab - Risperidone (Zepidone) 2mg,,20006,,,39736,4577,19-Sep-25,,
73500,30844,,Tab - Trifluoperazine       5mg,,21188,,,39936,5012,20-Sep-25,5012,20-Sep-25
73501,31395,,Tab - Chlorpromazine 100mg,,21337,,,39943,5012,20-Sep-25,,
73502,30841,,Tab - Fluoxetine 20mg,,21159,,,39963,5012,20-Sep-25,,
73503,30841,,Tab - Sodium Valporate (Eppilim) 200mg,,21159,,,39962,5012,20-Sep-25,,
73504,30841,,Tab - Risperidone (Zepidone) 2mg,,21159,,,39961,5012,20-Sep-25,5012,20-Sep-25
73505,30841,,Tab - Amlodipine 5mg,,21159,,,39960,5012,20-Sep-25,,
73506,6816,,Tab - Paracetamol 500mg,,15657,,1,39882,6107,20-Sep-25,6107,20-Sep-25
73507,30018,,Tab - Neuro-vit Forte,,21160,,1,39958,5012,20-Sep-25,,
73509,30018,,Tab - Bisoprolol 2.5mg,,21160,,1,39955,5012,20-Sep-25,,
73537,30866,,Tab - Orphesic 35/450mg,,21190,,,40366,4658,23-Sep-25,4658,23-Sep-25
73539,30065,,Tab - Risperidone (Zepidone) 2mg,,21862,,1,40295,5063,24-Sep-25,,
73543,31842,,Tab -  Diazepam 5mg,,22289,,,40525,6104,25-Sep-25,6104,25-Sep-25
73549,30333,,Tab - Risperidone (Zepidone) 2mg,,19194,,,40608,4577,27-Sep-25,,
73550,30439,,Tab - Risperidone (Zepidone) 2mg,,19813,,1,40550,4577,27-Sep-25,,
73552,30310,,Tab - Metformin 500mg,,19982,,,40559,4577,27-Sep-25,,
73553,6681,,Tab - Benzhexol 5mg,,12230,,,40551,4577,27-Sep-25,,
73554,30790,,Tab - Risperidone (Zepidone) 2mg,,20145,,1,40446,4577,27-Sep-25,,
73556,30666,,Tab - Risperidone (Zepidone) 2mg,,20126,,1,39869,4577,28-Sep-25,,
73563,30866,,Tab - Haloperidol 10mg,,21190,,,40904,5012,1-Oct-25,,
73566,32431,,Tab - Carbamazepine 200mg,,23665,,1,41493,4671,3-Oct-25,,
73568,32274,,Tab -  Risperidone (Amidrex) 2mg,,23277,,1,41387,4671,3-Oct-25,,
73569,30666,,Tab -  Risperidone (Amidrex) 2mg,,20126,,1,41368,4671,3-Oct-25,,
73571,7863,,Tab - Ciprofloxacin 500,,19956,,,41153,4707,4-Oct-25,,
73572,7863,,Tab - Zinc 20mg,,19956,,,41154,4707,4-Oct-25,4707,4-Oct-25
73613,31094,,Tab -  Cognium,,20721,,1,41636,5538,6-Oct-25,,
73614,31094,,Tab - Amlodipine 5mg,,20721,,1,41635,5538,6-Oct-25,,
73624,497,,Tab - Haloperidol 10mg,,21164,,,41527,4658,7-Oct-25,4658,7-Oct-25
73628,30844,,Tab - Trifluoperazine       5mg,,21188,,,41419,4562,7-Oct-25,4562,7-Oct-25
73636,32274,,Tab - Neuro-vit Forte,,23277,,1,41388,4749,8-Oct-25,,
73646,30109,,Tab - Risperidone (Zepidone) 2mg,,22695,,1,42204,6105,9-Oct-25,,
73680,32434,,Tab - Benzhexol 5mg,,23668,,,41588,4570,10-Oct-25,,
73681,32271,,Tab - Risperidone (Zepidone) 2mg,,23752,,1,42298,4570,10-Oct-25,,
73682,32271,,Tab - Vitamin B. Complex,,23752,,,42302,4570,10-Oct-25,,
73683,32271,,Tab - Vitamin C 100mg,,23752,,1,42301,4570,10-Oct-25,,
73684,32271,,Tab - Ferrous Sulfate 200mg,,23752,,1,42299,4570,10-Oct-25,,
73685,32656,,Tab - Zepidone 3mg,,24183,,,42369,4570,10-Oct-25,,
73686,32820,,Tab - Paracetamol 500mg,,24554,,,42558,4671,11-Oct-25,,
73687,32820,,Tab - Vitamin C 100mg,,24554,,,42557,4671,11-Oct-25,,
73690,32209,,Tab - Chlorpromazine 100mg,,24022,,,42470,5012,11-Oct-25,,
73713,30949,,Tab - Paracetamol 500mg,,22103,,,42646,5538,14-Oct-25,,
73716,30857,,Tab - Loratadine 10mg,,22108,,,42733,5538,14-Oct-25,,
73718,30857,,Cap -  Amoxicillin 500mg,,22108,,,42593,5538,14-Oct-25,,
73765,32023,,Tab - Benzhexol 5mg,,22694,,,42677,5341,15-Oct-25,5341,15-Oct-25
73766,32023,,Tab - Haloperidol 10mg,,22694,,,42676,5341,15-Oct-25,,
73768,31493,,Tab - Vitamin C 100mg,,22333,,,41506,5341,15-Oct-25,,
73782,31435,,Tab -  Olanzapine 5mg (Ozace) x 30,,21595,,,43157,4570,15-Oct-25,,
73792,31516,,Tab - Neuro-vit Forte,,21610,,,42651,5599,17-Oct-25,,
73798,33003,,Tab - Amoxicillin/Clavulanic Acid 625mg,,25026,,,43776,4671,18-Oct-25,,
73806,32820,,Tab - Thiamine 100mg,,24554,,,43432,4745,19-Oct-25,,
73807,30639,,Tab - Amlodipine 10mg,,20006,,1,43476,4745,19-Oct-25,,
73826,4126,,Tab - Neuro-vit Forte,,25621,,,43893,4659,20-Oct-25,,
73833,6821,,Tab - Haloperidol 10mg,,13244,,1,42937,6107,20-Oct-25,,
73835,6820,,Tab - Risperidone 3mg x 30,,13242,,,42959,6107,20-Oct-25,,
73837,6819,,Tab - Chlorpromazine 100mg,,13241,,,42909,6107,20-Oct-25,,
73838,7866,,Tab - Benzhexol 5mg,,25034,,,42876,4707,21-Oct-25,,
73841,7870,,Tab - Benzhexol 5mg,,19935,,1,42880,4707,21-Oct-25,,
73842,32208,,Tab - Benzhexol 5mg,,25033,,1,42973,4707,21-Oct-25,,
73856,7863,,Tab - Amiloride/hydroclorothiazide (Moduretic),,19956,,,42865,4707,21-Oct-25,,
73864,31916,,Tab - Olanzapine (Ozace)10mg x 30,,22459,,1,44282,4268,21-Oct-25,6115,22-Oct-25
73889,7869,,Tab - Benzhexol 5mg,,19970,,,42884,5493,22-Oct-25,,
73921,31966,,Tab - Quetiapine 100mg,,22961,,,43671,4570,24-Oct-25,4570,24-Oct-25
73928,33044,,Tab - Risperidone (Zepidone) 2mg,,25126,,1,44710,4570,24-Oct-25,,
73930,33003,,Tab - Risperidone (Zepidone) 2mg,,25026,,,44506,4671,24-Oct-25,,
73933,33300,,Tab - Vitamin C 100mg,,25793,,,44823,4663,24-Oct-25,,
73936,32431,,Tab -  Quetiapine 500mg,,23665,,,44625,4671,24-Oct-25,4671,24-Oct-25
73942,31920,,Tab - Artemether/Lumefantrine 80/480mg by 6,,22474,,,44910,4268,24-Oct-25,,
73943,31920,,Tab - Paracetamol 500mg,,22474,,,44911,4268,24-Oct-25,,
73944,30841,,Tab - Amlodipine 5mg,,21159,,1,44919,4268,24-Oct-25,,
73945,30140,,Tab - Carbamazepine 200mg,,19538,,1,43654,4268,24-Oct-25,,
73946,30140,,Tab -  Folic Acid 5mg,,19538,,1,44920,4268,24-Oct-25,,
73947,31363,,Tab - Risperidone (Zepidone) 2mg,,21284,,1,44336,4268,24-Oct-25,,
73948,31824,,Tab - Neuro-vit Forte,,23038,,1,44918,4268,24-Oct-25,,
73949,31923,,Tab - Risperidone (Zepidone) 2mg,,22478,,1,44309,4268,24-Oct-25,,
73950,32037,,Tab - Olanzapine (Ozace)10mg x 30,,23043,,1,44298,4268,24-Oct-25,,
73951,32037,,Tab - Sodium Valporate 200mg,,23043,,1,44299,4268,24-Oct-25,4268,24-Oct-25
73953,31919,,Tab - Risperidone (Zepidone) 2mg,,22468,,1,44320,4268,24-Oct-25,,
73954,8762,,Tab - Risperidone (Zepidone) 2mg,,22624,,1,44328,4268,24-Oct-25,,
73956,30310,,Tab - Quetiapine 500mg,,19982,,,44812,4577,24-Oct-25,,
73972,32270,,Tab - Haloperidol 5mg,,26326,,1,44523,4689,26-Oct-25,,
73973,33312,,Tab - Risperidone (Zepidone) 2mg,,25812,,1,44774,4689,26-Oct-25,,
73974,32820,,Tab - Olanzapine 5mg,,24554,,,44496,4689,26-Oct-25,,
73976,31079,,Tab - Haloperidol 10mg,,22925,,,44814,4689,26-Oct-25,,
73978,30639,,Tab - Carbamazepine 200mg,,20006,,1,44655,4689,26-Oct-25,,
73979,30639,,Tab - Risperidone (Zepidone) 2mg,,20006,,1,44653,4689,26-Oct-25,,
73993,7870,,Tab - Haloperidol 10mg,,19935,,,45063,6107,27-Oct-25,,
73994,33573,,Tab - Chlorpromazine 100mg,,26540,,,45158,6132,27-Oct-25,,
73995,30109,,Tab - Risperidone (Zepidone) 2mg,,22695,,,44986,6132,27-Oct-25,6132,27-Oct-25
73996,6821,,Tab - Haloperidol 10mg,,13244,,,45067,6107,27-Oct-25,,
73415,30426,,Tab - Risperidone (Zepidone) 2mg,,20068,,,38848,4748,9-Sep-25,,
73438,30229,,Tab - Amitriptyline 25mg,,18966,,,38734,4570,11-Sep-25,,
73439,1918,,Tab - Risperidone (Zepidone) 2mg,,17841,,,38313,4570,11-Sep-25,,
73440,30014,,Tab - Chlorpromazine 100mg,,20064,,,39309,6123,12-Sep-25,6123,12-Sep-25
73444,30426,,Tab - Risperidone (Zepidone) 2mg,,20068,,,39250,6123,12-Sep-25,,
73448,30957,,Tab - Nifedipine 20mg,,20432,,,39219,4730,13-Sep-25,,
73449,30957,,Tab - Amlodipine 10mg,,20432,,,39218,4730,13-Sep-25,,
73455,30627,,Tab - Vitamin C 100mg,,19796,,,39381,4748,14-Sep-25,,
73474,30627,,Tab - Artemether/Lumefantrine 80/480mg,,19796,,,39630,4748,17-Sep-25,,
73477,8335,,Tab - Paracetamol 500mg,,20157,,,39633,4748,17-Sep-25,,
73495,30639,,Tab - Carbamazepine TEGRETOL (Plain) 200mg,,20006,,,39738,4577,19-Sep-25,,
73525,497,,Tab - Tab. Ciprofloxacin 500,,21164,,,40169,4658,22-Sep-25,,
73526,497,,Tab - Paracetamol 500mg,,21164,,,40168,4658,22-Sep-25,4658,22-Sep-25
73527,497,,Tab - Artemether/Lumefantrine 80/480mg,,21164,,,40167,4658,22-Sep-25,,
73564,31842,,Tab - Risperidone 1mg,,22289,,,41143,4701,3-Oct-25,4701,3-Oct-25
73601,6819,,Tab - Ciprofloxacin 500,,13241,,,41585,6107,5-Oct-25,,
73606,32031,,Tab - Benzhexol 5mg,,22717,,1,41216,5538,6-Oct-25,,
73607,30857,,Tab - Benzhexol 5mg,,22108,,1,41206,5538,6-Oct-25,,
73608,30857,,Tab - Risperidone (Zepidone) 2mg,,22108,,1,41205,5538,6-Oct-25,,
73622,6820,,Tab - Zepidone 3mg,,13242,,,37029,6107,6-Oct-25,,
73631,30833,,Tab - Benzhexol 5mg,,21161,,,41433,4562,7-Oct-25,,
73642,32026,,Tab - Risperidone (Zepidone) 2mg,,22708,,,41664,4557,8-Oct-25,,
73643,32031,,Tab - Haloperidol 5mg,,22717,,1,41215,5538,8-Oct-25,,
73644,31935,,Tab - Risperidone (Zepidone) 2mg,,22497,,1,41111,5538,8-Oct-25,,
73645,31388,,Tab - Risperidone (Zepidone) 2mg,,22718,,1,41127,5538,8-Oct-25,,
73655,8628,,Tab - Carbamazepine 200mg,,23040,,,41315,4570,10-Oct-25,,
73656,8628,,Tab - Olanzapine (Ozace)10mg x 30,,23040,,,41314,4570,10-Oct-25,,
73657,8628,,Tab - Benzhexol 5mg,,23040,,,41316,4570,10-Oct-25,,
73658,30008,,Tab -  Risperidone (Amidrex) 2mg,,19533,,,41295,4570,10-Oct-25,,
73659,30084,,Tab - Risperidone (Zepidone) 2mg,,19580,,,42279,4570,10-Oct-25,,
73660,30089,,Tab - Benzhexol 5mg,,19539,,1,40864,4570,10-Oct-25,,
73661,30089,,Tab - Haloperidol 10mg,,19539,,1,40863,4570,10-Oct-25,4570,10-Oct-25
73662,30196,,Tab - Risperidone (Zepidone) 2mg,,19542,,,40943,4570,10-Oct-25,,
73663,30196,,Tab - Sodium Valporate 200mg,,19542,,,40942,4570,10-Oct-25,,
73664,30140,,Tab - Carbamazepine 200mg,,19538,,1,41311,4570,10-Oct-25,,
73665,30229,,Tab - Risperidone (Zepidone) 2mg,,18966,,1,42243,4570,10-Oct-25,,
73666,30229,,Tab - Amitriptyline 25mg,,18966,,,42242,4570,10-Oct-25,,
73667,30957,,Tab - Haloperidol 5mg,,20432,,1,39401,4570,10-Oct-25,,
73668,30957,,Tab - Nifedipine 20mg,,20432,,,39999,4570,10-Oct-25,4570,10-Oct-25
73669,30675,,Tab - Haloperidol 10mg,,20922,,,40930,4570,10-Oct-25,,
73670,31624,,Tab -  Folic Acid 5mg,,21850,,,42482,4570,10-Oct-25,,
73671,31624,,Tab - Risperidone (Zepidone) 2mg,,21850,,,42481,4570,10-Oct-25,,
73677,32275,,Tab - Neuro-vit Forte,,23533,,1,42464,4570,10-Oct-25,,
73678,32434,,Tab - Risperidone (Zepidone) 2mg,,23668,,1,42373,4570,10-Oct-25,,
73714,32314,,Tab - Benzhexol 5mg,,23403,,1,41994,5538,14-Oct-25,,
73717,30857,,Tab - Paracetamol 500mg,,22108,,,42595,5538,14-Oct-25,,
73759,31537,,Tab - Risperidone (Zepidone) 2mg,,21646,,,41857,4658,15-Oct-25,4658,15-Oct-25
73763,32274,,Tab - Risperidone (Zepidone) 2mg,,23277,,,42454,4671,15-Oct-25,,
73770,31538,,Tab - Amlodipine 5mg,,21839,,1,42715,5341,15-Oct-25,,
73771,31538,,Tab - Thiamine 100mg,,21839,,1,42714,5341,15-Oct-25,5341,15-Oct-25
73779,31624,,Tab - Paracetamol 500mg,,21850,,,42654,4570,15-Oct-25,4570,15-Oct-25
73780,31624,,Tab - Artemether/Lumefantrine 80/480mg by 6,,21850,,,42653,4570,15-Oct-25,,
73781,31435,,Tab - Fluoxetine 20mg,,21595,,,43158,4570,15-Oct-25,,
73809,31052,,Tab - Risperidone (Zepidone) 2mg,,22714,,1,43468,4671,19-Oct-25,,
73810,31030,,Tab - Risperidone (Zepidone) 2mg,,20619,,1,43428,4671,19-Oct-25,,
73811,30084,,Tab -  Risperidone (Amidrex) 2mg,,19580,,,43420,4570,19-Oct-25,,
73812,30084,,Tab - Paracetamol 500mg,,19580,,,43809,4570,19-Oct-25,,
73815,30196,,Tab - Zepidone 3mg,,19542,,,43677,4570,19-Oct-25,,
73816,31359,,Tab - Zepidone 3mg,,21278,,,43631,4570,19-Oct-25,,
73821,32271,,Tab - Ferrous Sulfate 200mg,,23752,,,43395,4570,19-Oct-25,,
73823,33044,,Tab - Ofloxacin 200mg,,25126,,,43661,4570,19-Oct-25,,
73830,6816,,Tab -  Clozapine 100mg,,15657,,,42942,6107,20-Oct-25,,
73831,6816,,Tab - Haloperidol 10mg,,15657,,,42943,6107,20-Oct-25,,
73832,6821,,Tab - Chlorpromazine 100mg,,13244,,,42938,6107,20-Oct-25,,
73834,6820,,Tab - Pyridoxine 50mg,,13242,,,42960,6107,20-Oct-25,,
73836,6819,,Tab - Carbamazepine 200mg,,13241,,,42908,6107,20-Oct-25,,
73844,7861,,Tab - Carbamazepine 200mg,,15734,,,42986,4707,21-Oct-25,,
73848,7859,,Tab - Chlorpromazine 100mg,,15736,,,42882,4707,21-Oct-25,,
73849,7855,,Tab - Amlodipine 5mg,,15733,,,42915,4707,21-Oct-25,,
73850,7855,,Tab - Amiloride/hydroclorothiazide (Moduretic),,15733,,,42914,4707,21-Oct-25,,
73851,6816,,Tab - Benzhexol 5mg,,15657,,,42941,4707,21-Oct-25,,
73855,7863,,Tab - Amlodipine 5mg,,19956,,,42866,4707,21-Oct-25,,
73859,31927,,Tab - Neuro-vit Forte,,22482,,,44263,4268,21-Oct-25,,
73862,31920,,Tab - Benzhexol 5mg,,22474,,1,44294,4268,21-Oct-25,,
73866,8508,,Tab - Neuro-vit Forte,,21166,,1,44218,4268,21-Oct-25,,
73869,32716,,Tab - Neuro-vit Forte,,25018,,1,44249,4268,21-Oct-25,,
73873,31744,,Tab - Benzhexol 5mg,,22052,,,43882,5341,21-Oct-25,,
73891,33302,,Tab - Risperdal 2mg,,25795,,1,44286,5012,23-Oct-25,,
73893,30648,,Tab - Carbamazepine 200mg,,19871,,1,44174,4268,23-Oct-25,,
73895,30841,,Tab - Aripiprazole (debixa) 10mg,,21159,,1,44594,4268,23-Oct-25,,
73897,30841,,Tab - Fluoxetine 20mg,,21159,,1,44596,4268,23-Oct-25,,
73898,30841,,Tab - Sodium Valporate 200mg,,21159,,1,44597,4268,23-Oct-25,,
73899,31920,,Tab - Paracetamol 500mg,,22474,,1,43935,4268,23-Oct-25,,
73922,32275,,Tab - Neuro-vit Forte,,23533,,1,43601,4570,24-Oct-25,,
73923,32275,,Tab - Risperidone (Zepidone) 2mg,,23533,,1,43600,4570,24-Oct-25,,
73924,32434,,Tab - Risperidone (Zepidone) 2mg,,23668,,,44706,4570,24-Oct-25,,
73970,33546,,Tab - Neuro-vit Forte,,26437,,1,44809,4709,25-Oct-25,,
73971,33546,,Tab - Risperidone (Zepidone) 2mg,,26437,,1,44808,4709,25-Oct-25,,
73997,31972,,Tab - Chlorpromazine 100mg,,22584,,,45010,6132,27-Oct-25,,
73999,33312,,Tab - Diclofenac Potassium 50mg,,25812,,,44725,4749,27-Oct-25,,
74000,33742,,Tab - Haloperidol 10mg,,26974,,1,45261,4709,28-Oct-25,4658,28-Oct-25
74001,33650,,Tab -  Diazepam 5mg,,26722,,,45157,6104,28-Oct-25,6104,28-Oct-25
74002,33650,,Tab - Haloperidol 10mg,,26722,,,45155,6104,28-Oct-25,,
74008,33302,,Tab - Risperidone (Risperdal) 3mg,,25795,,1,45466,5012,28-Oct-25,,
74009,32226,,Tab - Benzhexol 5mg,,25040,,,45377,5493,28-Oct-25,5493,28-Oct-25
74010,32226,,Tab - Haloperidol 10mg,,25040,,,45376,5493,28-Oct-25,,
74011,32220,,Tab - Chlorpromazine 100mg,,25036,,,45398,5493,28-Oct-25,,
74012,32220,,Tab - Amlodipine 5mg,,25036,,,45397,5493,28-Oct-25,,
74013,32038,,Tab - Benzhexol 5mg,,23044,,1,45438,4265,28-Oct-25,,
74014,31054,,Tab - Neuro-vit Forte,,23039,,,45441,4265,28-Oct-25,,
74015,31054,,Tab - Haloperidol 10mg,,23039,,,45440,4265,28-Oct-25,4265,28-Oct-25
74016,31054,,Tab - Benzhexol 5mg,,23039,,,45439,4265,28-Oct-25,,
74017,31916,,Tab - Olanzapine (Ozace)10mg x 30,,22459,,1,45443,4265,28-Oct-25,4265,28-Oct-25
74018,31916,,Tab - Sodium Valproate 500mg,,22459,,1,45442,4265,28-Oct-25,,
74019,31363,,Tab - Benzhexol 5mg,,21284,,1,45415,4265,28-Oct-25,,
73414,30426,,Tab - Carbamazepine 200mg,,20068,,,38849,4748,9-Sep-25,4748,9-Sep-25
73417,8162,,Tab -  Diazepam 5mg,,20062,,,38853,4748,9-Sep-25,,
73429,6820,,Tab - Olanzapine10mg,,13242,,,38859,5475,10-Sep-25,,
73433,6819,,Tab - Aspirin 75mg,,13241,,,38852,5475,10-Sep-25,,
73434,6819,,Tab - Chlorpromazine 100mg,,13241,,,38851,5475,10-Sep-25,,
73451,30273,,Tab - Neuro-vit Forte,,20067,,,39353,4748,14-Sep-25,,
73472,30426,,Tab - Benzhexol 5mg,,20068,,,39523,4748,17-Sep-25,,
73473,30426,,Tab - Carbamazepine 200mg,,20068,,,39522,4748,17-Sep-25,,
73475,30627,,Tab - Paracetamol 500mg,,19796,,,39631,4748,17-Sep-25,4748,17-Sep-25
73476,30627,,Tab - Tab. Loratidine 10mg,,19796,,,39632,4748,17-Sep-25,,
73478,8335,,Tab - Vitamin C 100mg,,20157,,,39634,4748,17-Sep-25,,
73479,8335,,Tab - Tab. Loratidine 10mg,,20157,,,39635,4748,17-Sep-25,,
73480,31267,,Tab - Zinc 20mg,,21076,,,39638,4748,17-Sep-25,,
73482,6681,,Tab - Vitamine E,,12230,,1,35456,4577,18-Sep-25,4577,18-Sep-25
73483,6681,,Tab - Carbamazepine 200mg,,12230,,1,35447,4577,18-Sep-25,,
73487,30652,,Tab -  Risperidone (Amidrex) 2mg,,20116,,1,39246,4577,18-Sep-25,,
73489,30786,,Tab - Amlodipine 5mg,,20137,,,39092,4577,18-Sep-25,,
73493,30310,,Tab - Benzhexol 5mg,,19982,,1,39829,4577,19-Sep-25,,
73522,31359,,Tab - Risperidone (Zepidone) 2mg,,21278,,,39888,4730,22-Sep-25,,
73530,31435,,Tab - Risperidone (Zepidone) 2mg,,21595,,1,40260,4730,23-Sep-25,,
73540,8200,,Tab - Paracetamol 500mg,,22106,,,40509,4706,25-Sep-25,,
73541,8200,,Cap - Amplicillin/Cloxacin 500mg,,22106,,,40508,4706,25-Sep-25,,
73561,32044,,Tab - Haloperidol 5mg,,22736,,1,40837,5599,30-Sep-25,5599,30-Sep-25
74089,31267,,Tab - Benzhexol 5mg,,21076,,,41391,4268,30-Oct-25,,
74090,31267,,Tab - Haloperidol 5mg,,21076,,,41390,4268,30-Oct-25,,
74091,30018,,Tab - Indapamide 1.5mg,,21160,,1,45455,4268,30-Oct-25,,
74092,30018,,Tab - Bisoprolol 2.5mg,,21160,,1,45454,4268,30-Oct-25,,
74093,30018,,Tab - Nifedipine 30mg,,21160,,1,45453,4268,30-Oct-25,,
74094,30018,,Tab - Neuro-vit Forte,,21160,,1,45451,4268,30-Oct-25,,
74099,30426,,Tab - Chlorpromazine 100mg,,20068,,,46029,4748,31-Oct-25,,
74101,2988,,Tab - Benzhexol 5mg,,24327,,,46019,4748,31-Oct-25,,
74110,2988,,Tab - Amlodipine 10mg,,24327,,,46113,4748,31-Oct-25,,
74111,2988,,Inj - Zuclopenthxol decanoate 200mg (Clopixol),,24327,,,46017,4748,31-Oct-25,,
74117,30310,,Tab - Quetiapine 500mg,,19982,,,46162,4577,1-Nov-25,,
74126,32952,,Tab - Benzhexol 5mg,,24929,,,46213,6062,2-Nov-25,,
74127,32952,,Tab - Vitamin E 400IU,,24929,,,46215,6062,2-Nov-25,,
74128,32952,,Tab - Epilim Chrono 500mg,,24929,,,46212,6062,2-Nov-25,6062,2-Nov-25
74129,32952,,Tab - Olanzapine (Ozace)10mg x 30,,24929,,,46211,6062,2-Nov-25,,
74130,8200,,Tab - Olanzapine (Ozace)10mg x 30,,22106,,1,46171,6062,2-Nov-25,,
74131,31218,,Tab - Olanzapine (Ozace)10mg x 30,,20991,,,46166,6062,2-Nov-25,,
74132,33302,,Tab - Carbamazepine 200mg,,25795,,1,45978,6062,2-Nov-25,6062,2-Nov-25
74133,33302,,Tab - Risperidone (Risperdal) 3mg,,25795,,1,45977,6062,2-Nov-25,,
74137,33431,,Tab - Risperidone (Zepidone) 2mg,,26090,,,45268,5009,3-Nov-25,5009,3-Nov-25
74150,31611,,Tab - Risperidone (Zepidone) 2mg,,21841,,,45305,5009,3-Nov-25,,
74151,31611,,Tab - Carbamazepine 200mg,,21841,,,45304,5009,3-Nov-25,,
74153,32605,,Inj - Zuclopenthxol decanoate 200mg (Clopixol),,24068,,,44516,4745,3-Nov-25,,
74154,31079,,Inj - Fluphenazine Decanoate 50mg,,22925,,,46054,4745,3-Nov-25,,
74164,32473,,Tab - Benzhexol 5mg,,24011,,,46377,4748,4-Nov-25,,
74165,33213,,Tab - Chlorpromazine 100mg,,25585,,,46388,4748,4-Nov-25,,
74168,33833,,Tab - Haloperidol 5mg,,27224,,,46371,4748,4-Nov-25,,
74169,33833,,Tab - Benzhexol 5mg,,27224,,,46372,4748,4-Nov-25,,
74172,32031,,Tab - Haloperidol 5mg,,22717,,1,45852,5538,4-Nov-25,,
74173,31094,,Tab - Risperidone (Zepidone) 2mg,,20721,,1,45823,5538,4-Nov-25,,
74174,30857,,Tab - Risperidone (Zepidone) 2mg,,22108,,1,45860,5538,4-Nov-25,,
74175,31388,,Tab - Risperidone (Zepidone) 2mg,,22718,,1,45827,5538,4-Nov-25,,
74176,31065,,Tab - Risperidone (Zepidone) 2mg,,20657,,1,45869,5538,4-Nov-25,,
74178,8162,,Tab - Carbamazepine TEGRETOL (Plain) 200mg,,21640,,1,45846,5538,4-Nov-25,,
74181,31935,,Tab - Carbamazepine 200mg,,22497,,1,45818,5538,4-Nov-25,,
74182,31935,,Tab - Benzhexol 5mg,,22497,,1,45820,5538,4-Nov-25,,
74183,32036,,Tab - Risperidone (Zepidone) 2mg,,23042,,,44668,5538,4-Nov-25,,
74191,32377,,Tab - Artemether/Lumefantrine 80/480mg by 6,,23529,,,46540,5009,6-Nov-25,,
74192,32377,,Tab - Paracetamol 500mg,,23529,,,46538,5009,6-Nov-25,,
74212,31065,,Tab - Risperidone (Zepidone) 2mg,,20657,,1,46559,5395,6-Nov-25,,
74213,31065,,Tab - Benzhexol 5mg,,20657,,1,46560,5395,6-Nov-25,,
74238,31744,,Tab -  Clozapine 100mg,,22052,,,46311,5341,7-Nov-25,,
74258,31251,,Tab - Tab. Risperidone 0.5mg (Zepidone),,22120,,1,45468,5042,10-Nov-25,,
74265,31363,,Tab - Benzhexol 5mg,,21284,,1,46818,4265,11-Nov-25,,
74266,33302,,Tab - .Natrixam1.5mg/10mg,,25795,,,46358,6180,11-Nov-25,,
74271,32162,,Tab - Benzhexol 5mg,,23045,,,46914,4553,11-Nov-25,,
74273,31267,,Tab - Haloperidol 5mg,,21076,,1,46834,4265,11-Nov-25,,
74350,33586,,Tab - Benzhexol 5mg,,26809,,,46987,4749,19-Nov-25,,
74352,33588,,Tab - Sodium Valproate 500mg,,26559,,1,46961,4749,19-Nov-25,,
74353,32431,,Tab - Carbamazepine 200mg,,23665,,1,46991,4749,19-Nov-25,,
74354,32431,,Tab - Quetiapine 300mg,,23665,,1,46990,4749,19-Nov-25,,
74385,33546,,Tab -  Risperidone (Amidrex) 2mg,,26437,,,46652,4706,25-Nov-25,,
74386,33546,,Tab - Neuro-vit Forte,,26437,,,46160,4706,25-Nov-25,,
74390,32431,,Tab - Quetiapine 500mg,,23665,,,47418,6181,27-Nov-25,4749,6-Dec-25
74395,33742,,Tab - Carbamazepine 200mg,,26974,,,47524,6062,28-Nov-25,,
74397,33742,,Tab - Haloperidol 10mg,,26974,,,47522,6062,28-Nov-25,6062,28-Nov-25
74398,33812,,Tab - Benzhexol 5mg,,27175,,,47370,6062,28-Nov-25,6062,28-Nov-25
74399,33812,,Tab - Risperidone (Zepidone) 2mg,,27175,,,47369,6062,28-Nov-25,,
74400,33302,,Tab - .Natrixam1.5mg/10mg,,25795,,,47350,6062,28-Nov-25,6062,28-Nov-25
74401,33302,,Tab -  Lisinopril 10mg,,25795,,,47349,6062,28-Nov-25,,
74402,33302,,Tab - Carbamazepine 200mg,,25795,,,47348,6062,28-Nov-25,,
74419,32431,,Tab - Carbamazepine 200mg,,23665,,,47419,6181,2-Dec-25,4749,6-Dec-25
74426,31251,,Tab - Carbamazepine 200mg,,22120,,1,47656,4265,2-Dec-25,,
74427,30648,,Tab - Carbamazepine 200mg,,19871,,1,47686,4265,2-Dec-25,,
74431,30018,,Tab - Nifedipine 30mg,,21160,,1,47673,4265,2-Dec-25,,
74437,30140,,Tab - Carbamazepine 200mg,,19538,,1,47690,4265,2-Dec-25,,
74440,33755,,Tab -  Risperidone (Amidrex) 2mg,,27205,,,47605,4748,2-Dec-25,,
74442,33743,,Tab - Benzhexol 5mg,,26975,,,47511,4748,2-Dec-25,,
74443,33743,,Tab - Haloperidol 10mg,,26975,,,47510,4748,2-Dec-25,,
74444,33213,,Tab - Chlorpromazine 100mg,,25585,,,47611,4748,2-Dec-25,,
74448,32605,,Tab - Olanzapine (Ozace)10mg x20mg,,24068,,,47790,6181,4-Dec-25,4749,6-Dec-25
74459,7863,,Tab - Amiloride/hydroclorothiazide (Moduretic),,19956,,,47956,5493,5-Dec-25,,
74464,7861,,Tab - Benzhexol 5mg,,15734,,,47984,5493,5-Dec-25,5475,24-Feb-26
74518,30271,,Susp - Antacids,,22223,,,48037,4268,11-Dec-25,5974,16-Dec-25
74535,8762,,Tab - Risperidone (Zepidone) 2mg,,22624,,1,48066,5974,16-Dec-25,,
74536,8762,,Tab - Artemether/Lumefantrine 80/480mg by 6,,22624,,,48072,5974,16-Dec-25,5974,16-Dec-25
74537,8762,,Tab - Paracetamol 1000,,22624,,,48073,5974,16-Dec-25,,
74539,31363,,Tab - Risperidone (Zepidone) 2mg,,21284,,1,48067,5974,16-Dec-25,,
74540,30018,,Tab - Neuro-vit Forte,,21160,,,48082,5974,16-Dec-25,,
74542,30018,,Tab - Indapamide 1.5mg,,21160,,,48080,5974,16-Dec-25,,
74543,30018,,Tab - Bisoprolol 2.5mg,,21160,,,48079,5974,16-Dec-25,,
74081,33735,,Tab - Neuro-vit Forte,,26940,,,45943,6132,30-Oct-25,6132,30-Oct-25
74083,32994,,Tab - Risperidone (Zepidone) 2mg,,25258,,,45788,4671,30-Oct-25,,
74085,33068,,Tab - Risperidone (Zepidone) 2mg,,26635,,,45921,6132,30-Oct-25,,
74086,31030,,Tab - Risperidone (Zepidone) 2mg,,20619,,,45834,4671,30-Oct-25,,
74100,2988,,Tab - Pyridoxine 50mg,,24327,,,46020,4748,31-Oct-25,,
74102,2988,,Tab - Risperidone (Zepidone) 2mg,,24327,,,46018,4748,31-Oct-25,4748,31-Oct-25
74114,30627,,Tab - Benzhexol 5mg,,19796,,,46016,4748,31-Oct-25,,
74134,33312,,Tab - Amlodipine 5mg,,25812,,1,46121,4749,2-Nov-25,,
74135,33312,,Tab - Neuro-vit Forte,,25812,,1,46120,4749,2-Nov-25,,
74142,6614,,Tab - Carbamazepine 200mg,,24288,,,46047,5009,3-Nov-25,5009,3-Nov-25
74210,31388,,Tab - Risperidone (Zepidone) 2mg,,22718,,1,46552,5395,6-Nov-25,,
74211,31388,,Tab - Neuro-vit Forte,,22718,,1,46553,5395,6-Nov-25,,
74237,30652,,Inj - Fluphenazine Decanoate 50mg,,20116,,,44844,4745,7-Nov-25,4745,7-Nov-25
74240,32010,,Tab - Haloperidol 10mg,,22679,,,46027,5007,8-Nov-25,,
74241,32010,,Tab - Carbamazepine 200mg,,22679,,,46025,5007,8-Nov-25,,
74243,31623,,Tab - Risperidone (Zepidone) 2mg,,21859,,,46300,5007,8-Nov-25,,
74263,33812,,Tab - Benzhexol 5mg,,27175,,,46864,6180,11-Nov-25,6180,11-Nov-25
74264,33812,,Tab -  Risperidone (Amidrex) 2mg,,27175,,,46863,6180,11-Nov-25,6180,11-Nov-25
74267,33302,,Tab - Carbamazepine 200mg,,25795,,,46357,6180,11-Nov-25,6180,11-Nov-25
74296,30271,,Tab - Artemether/Lumefantrine 80/480mg by 6,,22223,,,46831,5042,11-Nov-25,,
74313,33741,,Tab - Vitamin C 100mg,,26972,,1,45911,4570,12-Nov-25,,
74314,33634,,Tab - Aspirin 75mg,,26694,,,46081,4570,12-Nov-25,,
74315,33634,,Tab - Natrixam 1.5mg/5mg,,26694,,,46080,4570,12-Nov-25,,
74322,31485,,Tab - Chlorpromazine 100mg,,26222,,,47092,4748,14-Nov-25,4748,14-Nov-25
74340,31919,,Tab - Risperidone (Zepidone) 2mg,,22468,,1,47214,4268,18-Nov-25,,
74342,8762,,Tab - Risperidone (Zepidone) 2mg,,22624,,1,45465,4268,18-Nov-25,,
74372,31125,,Tab - Chlorpromazine 100mg,,21540,,,47291,5477,24-Nov-25,,
74373,32136,,Tab -  Risperidone (Amidrex) 2mg,,22982,,,47088,5477,24-Nov-25,,
74374,32010,,Tab - Haloperidol 10mg,,22679,,,47067,5477,24-Nov-25,,
74375,32010,,Tab - Chlorpromazine 100mg,,22679,,,47066,5477,24-Nov-25,,
74376,32010,,Tab - Carbamazepine 200mg,,22679,,,47065,5477,24-Nov-25,,
74378,6538,,Tab - Clozapine  150mg,,22178,,,47069,5477,24-Nov-25,,
74389,31519,,Tab - Neuro-vit Forte,,21616,,,45722,4718,26-Nov-25,,
74451,32226,,Tab - Haloperidol 10mg,,25040,,,47986,5493,5-Dec-25,,
74452,32220,,Tab - Chlorpromazine 100mg,,25036,,,47990,5493,5-Dec-25,,
74453,32220,,Tab - Amlodipine 5mg,,25036,,,47989,5493,5-Dec-25,,
74456,7863,,Tab - Chlorpromazine 100mg,,19956,,,47958,5493,5-Dec-25,,
74460,7863,,Tab - Aspirin 75mg,,19956,,,47955,5493,5-Dec-25,5475,24-Feb-26
74461,7870,,Tab - Chlorpromazine 100mg,,19935,,,47964,5493,5-Dec-25,,
74465,7861,,Tab - Carbamazepine 200mg,,15734,,,47983,5493,5-Dec-25,,
74467,7861,,Tab - Trifluoperazine       5mg,,15734,,,47981,5493,5-Dec-25,,
74468,6821,,Tab - Chlorpromazine 100mg,,13244,,,47970,5493,5-Dec-25,,
74470,6820,,Tab - Aspirin 75mg,,13242,,,47976,5493,5-Dec-25,,
74471,6820,,Tab - Amiloride/hydroclorothiazide (Moduretic),,13242,,,47975,5493,5-Dec-25,,
74472,6820,,Tab - Pyridoxine 50mg,,13242,,,47974,5493,5-Dec-25,,
74473,6820,,Tab - Zepidone 3mg,,13242,,,47973,5493,5-Dec-25,,
74474,6819,,Tab - Chlorpromazine 100mg,,13241,,,47968,5493,5-Dec-25,,
74476,6819,,Tab - Carbamazepine 200mg,,13241,,,47966,5493,5-Dec-25,,
74494,31267,,Tab - Haloperidol 5mg,,21076,,1,48031,6035,9-Dec-25,,
74499,31920,,Tab - Carbamazepine 200mg,,22474,,1,48018,4268,10-Dec-25,,
74501,31920,,Tab - Benzhexol 5mg,,22474,,1,48020,4268,10-Dec-25,,
74502,31916,,Tab - Sodium Valproate 500mg,,22459,,1,48022,4268,10-Dec-25,,
74504,32716,,Tab - Neuro-vit Forte,,25018,,1,48016,4268,10-Dec-25,,
74506,30018,,Tab - Bisoprolol 2.5mg,,21160,,,48028,4268,10-Dec-25,,
74510,31916,,Tab - Olanzapine (Ozace)10mg x 30,,22459,,1,48023,4268,10-Dec-25,,
74546,30648,,Tab - Haloperidol 10mg,,19871,,1,48074,5974,16-Dec-25,5974,16-Dec-25
74547,31267,,Tab - Haloperidol 5mg,,21076,,1,48071,5974,16-Dec-25,,
74552,8162,,Tab - Amlodipine 5mg,,21640,,,48090,5395,19-Dec-25,,
74554,32456,,Tab - Carbamazepine 200mg,,27677,,,48118,4570,19-Dec-25,,
74555,32456,,Tab - Risperidone (Zepidone) 2mg,,27677,,,48117,4570,19-Dec-25,,
74612,31916,,Tab - Olanzapine (Ozace)10mg x 30,,22459,,,48183,4265,30-Dec-25,,
74613,31916,,Tab - Sodium Valproate 500mg,,22459,,,48182,4265,30-Dec-25,,
74614,31251,,Tab - Carbamazepine 200mg,,22120,,,48181,4265,30-Dec-25,,
74616,30841,,Tab - Chlorpromazine 100mg,,21159,,,48194,4265,30-Dec-25,,
74617,30841,,Tab - Amlodipine 5mg,,21159,,,48195,4265,30-Dec-25,4265,30-Dec-25
74618,30841,,Tab - Sodium Valproate 200mg,,21159,,,48196,4265,30-Dec-25,,
74619,30841,,Tab - Fluoxetine 20mg,,21159,,,48197,4265,30-Dec-25,,
74621,31920,,Tab - Carbamazepine 200mg,,22474,,,48185,4265,30-Dec-25,,
74622,31920,,Tab - Benzhexol 5mg,,22474,,,48186,4265,30-Dec-25,,
74623,31363,,Tab - Risperidone (Zepidone) 2mg,,21284,,,48202,4265,30-Dec-25,,
74626,31267,,Tab - Benzhexol 5mg,,21076,,,48206,4265,30-Dec-25,,
74627,30018,,Tab - Carbamazepine TEGRETOL (Plain) 200mg,,21160,,,48187,4265,30-Dec-25,,
74629,30018,,Tab - Nifedipine 30mg,,21160,,,48190,4265,30-Dec-25,,
74631,30018,,Tab - Indapamide 1.5mg,,21160,,,48192,4265,30-Dec-25,,
74633,31951,,Tab - Neuro-vit Forte,,22533,,,48205,4265,30-Dec-25,,
74634,30648,,Tab - Carbamazepine 200mg,,19871,,,48201,4265,30-Dec-25,,
74635,30648,,Tab - Haloperidol 10mg,,19871,,,48200,4265,30-Dec-25,,
74636,30140,,Tab - Carbamazepine 200mg,,19538,,,48198,4265,30-Dec-25,,
74691,30140,,Tab - Carbamazepine 200mg,,19538,,,48253,4268,21-Jan-26,,
74692,30140,,Tab -  Folic Acid 5mg,,19538,,,48254,4268,21-Jan-26,,
74732,34504,,Tab -  Risperidone (Amidrex) 2mg,,29500,,,48555,4663,11-Feb-26,,
74733,34595,,Tab - Haloperidol 5mg,,29674,,,48671,4663,12-Feb-26,,
74749,31616,,Tab - Vitamin E 1000Iu,,30711,,1,49798,6091,19-Feb-26,,
74756,34839,,Tab - Risperidone (Zepidone) 2mg,,30235,,,50106,4748,23-Feb-26,,
74765,32220,,Tab - Amlodipine 5mg,,25036,,1,50758,5475,24-Feb-26,,
74768,7866,,Tab - Haloperidol 5mg,,25034,,,50761,5475,24-Feb-26,,
74770,7869,,Tab - Trifluoperazine       5mg,,19970,,,50773,5475,24-Feb-26,,
74772,7863,,Tab - Amlodipine 5mg,,19956,,,50623,5475,24-Feb-26,,
74775,7870,,Tab - Benzhexol 5mg,,19935,,1,50764,5475,24-Feb-26,5475,24-Feb-26
74777,7859,,Tab - Chlorpromazine 100mg,,15736,,,50772,5475,24-Feb-26,,
74800,32377,,Tab -  Risperidone (Amidrex) 2mg,,23529,,,49729,5497,25-Feb-26,5497,25-Feb-26
74806,6726,,Tab -  Carbamazepine (Tegretol) 200mg CR,,29847,,,49435,5063,25-Feb-26,,
74807,6726,,Tab - Quetiapine 200mg,,29847,,,49432,5063,25-Feb-26,5063,25-Feb-26
74809,34689,,Tab - Neuro-vit Forte,,29841,,,50971,4749,26-Feb-26,,
74812,34674,,Tab - Neuro-vit Forte,,29816,,,50082,4749,26-Feb-26,4749,26-Feb-26
74813,35181,,Cap - Omeprazole 20mg,,31142,,,51161,4748,26-Feb-26,,
74814,35181,,Susp - Antacids,,31142,,,51160,4748,26-Feb-26,,
74815,35253,,Tab - Vitamin C 100mg,,31353,,,51163,4748,26-Feb-26,,
74816,35253,,Tab - Amoxicillin/Clavulanic Acid 625mg,,31353,,,51162,4748,26-Feb-26,,
74819,35320,,Tab - Amoxicillin/Clavulanic Acid 625mg,,31535,,,50958,4663,1-Mar-26,,
74820,35320,,Tab - Metronidazole 400mg,,31535,,,50959,4663,1-Mar-26,,
74821,35320,,Tab - Vitamin C 100mg,,31535,,,50960,4663,1-Mar-26,,
74827,35363,,Tab - Haloperidol 10mg,,32038,,1,51533,4745,2-Mar-26,,
74828,35426,,Inj - Ceftriaxone 1g (Biophin),,31947,,,51715,4748,3-Mar-26,,
74831,35152,,Tab - Chlorpromazine 100mg,,31141,,,51235,4749,4-Mar-26,,
74931,31519,,Tab - Risperidone (Zepidone) 2mg,,21616,,,53746,4265,17-Mar-26,4265,17-Mar-26
74932,34932,,Tab - .Setraline 50mg,,32017,,,53755,4265,17-Mar-26,,
74954,35365,,Tab - Trifluoperazine       5mg,,31730,,,53850,4748,19-Mar-26,,
74955,35024,,Tab - Neuro-vit Forte,,30708,,,53862,4748,19-Mar-26,,
74964,34674,,Cream - Ketoconazole 2%,,29816,,,53473,4671,20-Mar-26,,
74965,35912,,Tab - Risperidone (Zepidone) 2mg,,33428,,,54144,4663,21-Mar-26,4663,21-Mar-26
74966,35934,,Tab - Neuro-vit Forte,,33511,,,54149,4663,21-Mar-26,,
74971,35248,,Tab - Neuro-vit Forte,,31336,,,54146,4663,21-Mar-26,,
74972,35248,,Tab - Paracetamol 500mg,,31336,,,54141,4663,21-Mar-26,,
74978,35283,,Tab - Risperidone (Zepidone) 2mg,,31441,,,54656,4663,24-Mar-26,,
74989,36384,,Tab - Quetiapine 100mg,,35020,,,55129,4745,27-Mar-26,4745,27-Mar-26
75000,34932,,Cream - Ketoconazole 2%,,32017,,,54961,5042,29-Mar-26,,
75008,34932,,Tab - .Setraline 50mg,,32017,,,55712,4662,31-Mar-26,,
75011,32377,,Tab - Risperidone (Zepidone) 2mg,,23529,,,55720,4662,31-Mar-26,4263,7-Apr-26
75028,35934,,Tab - Neuro-vit Forte,,33511,,,56151,4663,3-Apr-26,,
75029,35823,,Tab - Neuro-vit Forte,,33115,,,55574,4663,3-Apr-26,,
75030,35823,,Tab - Risperidone (Zepidone) 2mg,,33115,,,55573,4663,3-Apr-26,,
75034,34504,,Tab - Risperidone 2mg (Afrab),,29500,,,56045,4663,3-Apr-26,,
75035,34504,,Tab - Amlodipine 10mg,,29500,,,56044,4663,3-Apr-26,,
75070,36225,,Tab - Chlorpromazine 100mg,,34472,,,55335,4570,6-Apr-26,,
75074,8203,,Tab - Carbamazepine 200mg,,35260,,,56193,4570,6-Apr-26,,
75077,36619,,Tab - Neuro-vit Forte,,35996,,,56265,4745,7-Apr-26,,
74307,6788,,Tab - Amlodipine 10mg,,22954,,,46811,4570,12-Nov-25,,
74308,6788,,Tab - Benzhexol 5mg,,22954,,,46810,4570,12-Nov-25,,
74309,6788,,Tab - Chlorpromazine 100mg,,22954,,,46809,4570,12-Nov-25,,
74310,31966,,Tab - Neuro-vit Forte,,22961,,,45960,4570,12-Nov-25,,
74311,31966,,Tab - Amlodipine 5mg,,22961,,,45959,4570,12-Nov-25,,
74318,32037,,Tab - Olanzapine (Ozace)10mg x 30,,23043,,,45457,6291,13-Nov-25,,
74319,33743,,Tab - Neuro-vit Forte,,26975,,,47129,4748,14-Nov-25,,
74320,33743,,Tab - Haloperidol 10mg,,26975,,,47128,4748,14-Nov-25,,
74326,30273,,Tab - Chlorpromazine 100mg,,20067,,,47085,4748,14-Nov-25,,
74344,31054,,Tab - Haloperidol 10mg,,23039,,1,47205,4268,19-Nov-25,,
74365,32044,,Tab - Haloperidol 5mg,,22736,,,46721,4718,20-Nov-25,,
74377,6538,,Tab -  Clozapine 125mg,,22178,,,47255,5477,24-Nov-25,,
74381,33650,,Tab - Benzhexol 5mg,,26722,,,47326,4718,25-Nov-25,,
74382,33650,,Tab - Haloperidol 10mg,,26722,,,47325,4718,25-Nov-25,,
74383,33297,,Tab -  Risperidone (Amidrex) 2mg,,26701,,,47330,4718,25-Nov-25,,
74394,33742,,Tab - Benzhexol 5mg,,26974,,,47525,6062,28-Nov-25,6062,28-Nov-25
74396,33742,,Tab - Haloperidol 5mg,,26974,,,47523,6062,28-Nov-25,,
74511,31359,,Tab - Propranolol 40mg,,21278,,,47995,4570,11-Dec-25,,
74514,32456,,Tab - Carbamazepine TEGRETOL (Plain) 200mg,,27677,,,47549,4570,11-Dec-25,,
74553,8162,,Tab - Aripiprazole (debixa) 10mg,,21640,,,48089,5395,19-Dec-25,,
74572,30018,,Tab - Neuro-vit Forte,,21160,,,48172,4662,23-Dec-25,,
74573,30018,,Tab - Nifedipine 30mg,,21160,,,48174,4662,23-Dec-25,,
74574,30018,,Tab - Indapamide 1.5mg,,21160,,,48176,4662,23-Dec-25,,
74575,30018,,Tab - Bisoprolol 2.5mg,,21160,,,48175,4662,23-Dec-25,,
74576,8762,,Tab - Risperidone (Zepidone) 2mg,,22624,,1,48150,4662,23-Dec-25,4662,23-Dec-25
74577,31951,,Tab - Chlorpromazine 100mg,,22533,,,48151,4662,23-Dec-25,,
74578,31951,,Tab - Neuro-vit Forte,,22533,,,48152,4662,23-Dec-25,4662,23-Dec-25
74579,31920,,Tab - Benzhexol 5mg,,22474,,1,48155,4662,23-Dec-25,,
74580,31920,,Tab - Carbamazepine 200mg,,22474,,1,48154,4662,23-Dec-25,,
74581,31920,,Tab - Quetiapine 300mg,,22474,,1,48153,4662,23-Dec-25,,
74582,31267,,Tab - Haloperidol 5mg,,21076,,,48169,4662,23-Dec-25,,
74583,31267,,Tab - Benzhexol 5mg,,21076,,,48168,4662,23-Dec-25,,
74584,30841,,Tab - Chlorpromazine 100mg,,21159,,,48164,4662,23-Dec-25,,
74585,30841,,Tab - Amlodipine 5mg,,21159,,,48165,4662,23-Dec-25,,
74586,30841,,Tab - Sodium Valproate 200mg,,21159,,,48166,4662,23-Dec-25,4662,23-Dec-25
74587,30841,,Tab - Fluoxetine 20mg,,21159,,,48167,4662,23-Dec-25,,
74588,31363,,Tab - Risperidone (Zepidone) 2mg,,21284,,,48161,4662,23-Dec-25,,
74589,31363,,Tab - Benzhexol 5mg,,21284,,,48162,4662,23-Dec-25,,
74590,31251,,Tab - Tab. Risperidone 0.5mg (Zepidone),,22120,,1,48159,4662,23-Dec-25,,
74591,31251,,Tab - Carbamazepine 200mg,,22120,,1,48160,4662,23-Dec-25,,
74592,31916,,Tab - Sodium Valproate 500mg,,22459,,1,48157,4662,23-Dec-25,,
74593,31916,,Tab - Olanzapine (Ozace)10mg x 30,,22459,,1,48158,4662,23-Dec-25,,
74594,30648,,Tab - Haloperidol 10mg,,19871,,,48147,4662,23-Dec-25,4662,23-Dec-25
74595,30648,,Tab - Carbamazepine 200mg,,19871,,,48148,4662,23-Dec-25,,
74611,8762,,Tab - Risperidone (Zepidone) 2mg,,22624,,,48179,4265,30-Dec-25,,
74624,31363,,Tab - Benzhexol 5mg,,21284,,,48203,4265,30-Dec-25,,
74628,30018,,Tab - Neuro-vit Forte,,21160,,,48188,4265,30-Dec-25,,
74632,31951,,Tab - Chlorpromazine 100mg,,22533,,,48204,4265,30-Dec-25,,
74731,32377,,Tab -  Risperidone (Amidrex) 2mg,,23529,,,48438,5042,11-Feb-26,,
74735,30841,,Tab - Chlorpromazine 100mg,,21159,,,48447,6035,12-Feb-26,,
74738,32431,,Tab -  Clozapine 100mg,,23665,,,48829,4671,13-Feb-26,,
74748,34504,,Tab -  Risperidone (Amidrex) 2mg,,29500,,,49358,5341,17-Feb-26,,
74755,34738,,Inj - Fluphenazine Decanoate 50mg,,29962,,,50095,5063,20-Feb-26,,
74763,31519,,Tab -  Risperidone (Amidrex) 2mg,,21616,,,49733,4265,24-Feb-26,,
74773,7863,,Tab - Amiloride/hydroclorothiazide (Moduretic),,19956,,,50622,5475,24-Feb-26,5475,24-Feb-26
74778,6821,,Tab - Chlorpromazine 100mg,,13244,,,50636,5475,24-Feb-26,,
74779,6821,,Tab - Haloperidol 10mg,,13244,,,50635,5475,24-Feb-26,,
74801,4453,,Tab - Risperidone (Zepidone) 2mg,,30633,,,50692,5063,25-Feb-26,,
74802,33808,,Tab - Atorvastatin 20mg,,30531,,,50710,5063,25-Feb-26,,
74803,33808,,Tab - Zepidone 3mg,,30531,,,50709,5063,25-Feb-26,,
74804,34904,,Tab - Tab. Risperidone 0.5mg (Zepidone),,30384,,,50621,5063,25-Feb-26,,
74810,34689,,Tab - Risperidone (Zepidone) 2mg,,29841,,1,50969,4749,26-Feb-26,,
74817,35388,,Tab -  Zopiclone 7.5mg,,31764,,,51143,5198,27-Feb-26,5198,27-Feb-26
74824,32226,,Tab - Benzhexol 5mg,,25040,,,51037,6107,2-Mar-26,6107,2-Mar-26
74829,35426,,Inj -  Haloperidol 5mg,,31947,,,51714,4748,3-Mar-26,,
74835,35181,,Tab - Sodium Valproate 500mg (Epilim),,31142,,,51243,4748,5-Mar-26,,
74837,35181,,Tab - Chlorpromazine 100mg,,31142,,,51240,4748,5-Mar-26,,
74840,35552,,Tab - Risperidone (Zepidone) 2mg,,32300,,,52261,4663,5-Mar-26,4663,5-Mar-26
74841,35552,,Cap - Omeprazole 20mg,,32300,,,51799,4663,5-Mar-26,,
74842,35327,,Tab - Chlorpromazine 100mg,,31721,,,52111,4663,5-Mar-26,4663,5-Mar-26
74843,35320,,Tab - Chlorpromazine 100mg,,31535,,,52089,4663,5-Mar-26,,
74844,35283,,Tab - Haloperidol 10mg,,31441,,,52234,4663,5-Mar-26,,
74845,35277,,Cap -  Amoxicillin 500mg,,31421,,,51781,4663,5-Mar-26,,
74846,35248,,Tab - Neuro-vit Forte,,31336,,,52233,4663,5-Mar-26,,
74847,34504,,Tab - Ferrous Sulfate 200mg,,29500,,,51480,4663,5-Mar-26,4663,5-Mar-26
74855,35181,,Tab - Zinc 20mg,,31142,,,52023,4748,8-Mar-26,4748,8-Mar-26
74856,35181,,Tab - Loratadine 10mg,,31142,,,52467,4748,8-Mar-26,,
74863,35699,,Tab -  Risperidone (Amidrex) 2mg,,32728,,,52292,4655,9-Mar-26,,
74866,553,,Tab - Aspirin 75mg,,31204,,,52117,4655,9-Mar-26,,
74867,553,,Tab -  Lisinopril 5mg,,31204,,,52116,4655,9-Mar-26,,
74868,553,,Tab -  Risperidone (Amidrex) 2mg,,31204,,,52115,4655,9-Mar-26,,
74869,34683,,Tab - Risperidone (Zepidone) 2mg,,29829,,,52308,4655,9-Mar-26,,
74056,31267,,Tab - Haloperidol 5mg,,21076,,,43536,4748,29-Oct-25,,
74057,31267,,Tab - Benzhexol 5mg,,21076,,,43537,4748,29-Oct-25,,
74060,31510,,Tab - Olanzapine (Ozace)10mg x 30,,22888,,,44934,4748,29-Oct-25,,
74062,8335,,Tab - Benzhexol 5mg,,20157,,,44779,4748,29-Oct-25,,
74103,33743,,Tab - Benzhexol 5mg,,26975,,,46058,4748,31-Oct-25,4748,3-Nov-25
74104,33743,,Tab - Haloperidol 5mg,,26975,,,46057,4748,31-Oct-25,4748,3-Nov-25
74106,31510,,Tab - Olanzapine (Ozace)10mg x 30,,22888,,,46104,4748,31-Oct-25,,
74107,33743,,Tab - Neuro-vit Forte,,26975,,,46107,4748,31-Oct-25,4748,8-Nov-25
74112,32246,,Tab - Benzhexol 5mg,,23345,,,46087,4748,31-Oct-25,,
74120,32820,,Tab - Vitamin C 100mg,,24554,,,45142,5735,2-Nov-25,,
74152,31125,,Tab - Chlorpromazine 100mg,,21540,,,43886,5009,3-Nov-25,5009,3-Nov-25
74159,33742,,Tab - Carbamazepine 200mg,,26974,,,46151,6180,4-Nov-25,,
74193,30031,,Tab - Risperidone (Zepidone) 2mg,,22160,,1,46574,5395,6-Nov-25,5395,6-Nov-25
74197,30031,,Tab - Thiamine 100mg,,22160,,1,46576,5395,6-Nov-25,,
74205,30857,,Tab - Risperidone (Zepidone) 2mg,,22108,,1,46554,5395,6-Nov-25,5395,6-Nov-25
74208,31935,,Tab - Carbamazepine (Carbimi CR) 400mg,,22497,,1,46557,5395,6-Nov-25,5395,6-Nov-25
74209,31935,,Tab - Benzhexol 5mg,,22497,,1,46558,5395,6-Nov-25,,
74257,31919,,Tab - Neuro-vit Forte,,22468,,1,45459,5042,10-Nov-25,,
74269,33833,,Tab - Benzhexol 5mg,,27224,,,46907,4748,11-Nov-25,,
74270,33833,,Tab - Haloperidol 10mg,,27224,,,46906,4748,11-Nov-25,,
74274,31363,,Tab - Risperidone (Zepidone) 2mg,,21284,,1,46817,4265,11-Nov-25,,
74275,30841,,Tab - Fluoxetine 20mg,,21159,,1,46855,4265,11-Nov-25,,
74278,30841,,Tab - Amlodipine 5mg,,21159,,1,46854,4265,11-Nov-25,4265,11-Nov-25
74280,30841,,Tab - Diclofenac Potassium 50mg,,21159,,1,46852,4265,11-Nov-25,,
74281,33823,,Tab - Vitamin C 100mg,,27246,,,46923,4553,11-Nov-25,,
74282,33823,,Cap -  Amoxicillin 500mg,,27246,,,46922,4553,11-Nov-25,,
74283,33823,,Tab - Benzhexol 5mg,,27246,,,46912,4553,11-Nov-25,,
74284,33823,,Tab - Haloperidol 10mg,,27246,,,46911,4553,11-Nov-25,,
74289,32430,,Tab - Risperidone (Zepidone) 2mg,,23664,,,44239,4748,11-Nov-25,,
74312,32565,,Tab - Benzhexol 5mg,,26386,,,46070,4570,12-Nov-25,,
74317,32037,,Tab - Sodium Valproate 200mg,,23043,,,45456,6291,13-Nov-25,,
74335,31054,,Tab - Benzhexol 5mg,,23039,,1,47206,4268,18-Nov-25,4268,19-Nov-25
74345,32456,,Tab -  Risperidone (Amidrex) 2mg,,27677,,1,46740,4570,19-Nov-25,,
74347,31054,,Tab - Neuro-vit Forte,,23039,,1,45470,4268,19-Nov-25,,
74348,31920,,Tab - Neuro-vit Forte,,22474,,1,45428,4268,19-Nov-25,,
74362,32443,,Tab - Chlorpromazine 100mg,,24279,,,46623,4718,20-Nov-25,,
74366,31842,,Cream - Triple action,,22289,,,45763,4718,20-Nov-25,,
74392,7872,,Tab - Benzhexol 5mg,,25031,,,42967,4707,28-Nov-25,,
74393,7872,,Tab - Chlorpromazine 100mg,,25031,,,42966,4707,28-Nov-25,,
74420,32431,,Tab - Quetiapine 300mg,,23665,,,47417,6181,2-Dec-25,,
74447,31251,,Tab - Haloperidol 5mg,,22120,,,40809,4265,3-Dec-25,,
74449,30018,,Tab - Carbamazepine TEGRETOL (Plain) 200mg,,21160,,1,47670,6115,5-Dec-25,,
74455,32208,,Tab - Haloperidol 10mg,,25033,,,47978,5493,5-Dec-25,5475,24-Feb-26
74458,30109,,Tab - Benzhexol 5mg,,22695,,,46122,4663,5-Dec-25,4663,5-Dec-25
74462,7870,,Tab - Benzhexol 5mg,,19935,,,47963,5493,5-Dec-25,,
74497,31363,,Tab - Risperidone (Zepidone) 2mg,,21284,,1,48014,4268,10-Dec-25,,
74498,31363,,Tab - Benzhexol 5mg,,21284,,1,48015,4268,10-Dec-25,,
74500,31920,,Tab - Quetiapine 300mg,,22474,,1,48019,4268,10-Dec-25,,
74503,31916,,Inj - Zuclopenthxol decanoate 200mg (Clopixol),,22459,,1,48021,4268,10-Dec-25,,
74507,30018,,Tab - Indapamide 1.5mg,,21160,,,48029,4268,10-Dec-25,,
74509,30140,,Tab - Tegertol CR 200mg,,19538,,,48013,4268,10-Dec-25,,
74538,31363,,Tab - Benzhexol 5mg,,21284,,1,48068,5974,16-Dec-25,,
74541,30018,,Tab - Carbamazepine 200mg,,21160,,,48081,5974,16-Dec-25,,
74544,30018,,Tab - Nifedipine 30mg,,21160,,,48078,5974,16-Dec-25,,
74545,30648,,Tab - Carbamazepine 200mg,,19871,,1,48075,5974,16-Dec-25,5974,16-Dec-25
74548,31267,,Tab - Benzhexol 5mg,,21076,,1,48030,5974,16-Dec-25,,
74551,8162,,Tab - Tap. Ramipril,,21640,,,48091,5395,19-Dec-25,,
74630,30018,,Tab - Bisoprolol 2.5mg,,21160,,,48191,4265,30-Dec-25,,
74637,30140,,Tab -  Folic Acid 5mg,,19538,,,48199,4265,30-Dec-25,,
74712,30648,,"Tab - Haloperidol 10mg, 20mg ON",,19871,,,48251,6035,3-Feb-26,,
74739,34583,,Cap -  Amoxicillin 500mg,,29661,,,49003,4663,14-Feb-26,4663,14-Feb-26
74740,34583,,Tab - Diclofenac Potassium 50mg,,29661,,,49002,4663,14-Feb-26,,
74741,34583,,Tab - Neuro-vit Forte,,29661,,,48903,4663,14-Feb-26,,
74752,33068,,Tab - Trifluoperazine       5mg,,26635,,,49949,4659,19-Feb-26,,
74757,32853,,Tab - Carbamazepine 200mg,,30111,,,50200,5064,23-Feb-26,5064,23-Feb-26
74759,32853,,Tab - Aripiprazole (debixa) 10mg,,30111,,,50199,5064,23-Feb-26,,
74762,3102,,Inj - Fluphenazine Decanoate 50mg,,31211,,,50569,6180,23-Feb-26,,
74818,35388,,Tab -  Risperidone (Amidrex) 2mg,,31764,,,51142,5198,27-Feb-26,5198,27-Feb-26
74834,35181,,Tab - Olanzapine (Ozace)10mg x 30,,31142,,,51242,4748,5-Mar-26,,
74871,2040,,Tab - Risperidone (Zepidone) 2mg,,31499,,,51204,6180,9-Mar-26,6180,9-Mar-26
74872,2040,,Tab - Benzhexol 5mg,,31499,,,51205,6180,9-Mar-26,,
74873,34674,,Tab - Neuro-vit Forte,,29816,,,51182,4655,9-Mar-26,,
74874,2040,,Tab - Carbamazepine 200mg,,31499,,,51203,6180,9-Mar-26,6180,9-Mar-26
74879,35552,,General Consumables - Neurogesic Ointment,,32300,,,52732,5489,10-Mar-26,5489,10-Mar-26
74880,31519,,Tab - Risperidone (Zepidone) 2mg,,21616,,,52738,4265,10-Mar-26,4265,10-Mar-26
74881,31108,,Tab - Cognium,,33040,,,52745,4265,10-Mar-26,,
74882,31108,,Tab - Risperidone (Zepidone) 2mg,,33040,,,52744,4265,10-Mar-26,,
74883,34932,,Tab - .Setraline 50mg,,32017,,,52764,4265,10-Mar-26,,
74884,34932,,Tab -  Zopiclone 7.5mg,,32017,,,52765,4265,10-Mar-26,,
74885,34932,,Tab - Paracetamol 500mg,,32017,,,52897,4265,10-Mar-26,,
74886,32377,,Tab - Risperidone (Zepidone) 2mg,,23529,,,52737,4265,10-Mar-26,,
74889,34689,,Tab - Risperidone (Zepidone) 2mg,,29841,,,53159,4701,12-Mar-26,,
74890,34699,,Tab - Risperidone (Zepidone) 2mg,,30774,,,51186,4570,12-Mar-26,,
74891,35930,,Tab - Risperidone (Zepidone) 2mg,,33498,,,53343,5489,13-Mar-26,5735,19-Mar-26
74892,35699,,Tab - Risperidone (Zepidone) 2mg,,32728,,,53318,5735,13-Mar-26,5735,13-Mar-26
74893,35152,,Tab - Chlorpromazine 100mg,,31141,,,53294,5735,13-Mar-26,5735,13-Mar-26
74894,34683,,Tab - Risperidone (Zepidone) 2mg,,29829,,,53280,5735,13-Mar-26,,
74895,35119,,Tab - Risperidone (Zepidone) 2mg,,31560,,1,52413,4570,13-Mar-26,,
74896,7522,,Tab - Haloperidol 10mg,,31070,,,52813,4570,13-Mar-26,,
74897,7522,,Tab - Benzhexol 5mg,,31070,,,52815,4570,13-Mar-26,,
74898,35175,,Tab - Chlorpromazine 100mg,,31131,,,52318,4570,13-Mar-26,,
74899,35699,,Tab - Neuro-vit Forte,,32728,,,53319,4739,14-Mar-26,,
74900,35181,,Tab - Benzhexol 5mg,,31142,,,53341,6062,14-Mar-26,,
74901,35181,,Tab - Sodium Valproate 200mg,,31142,,,53340,6062,14-Mar-26,6062,14-Mar-26
74902,35181,,Tab - Chlorpromazine 100mg,,31142,,,53339,6062,14-Mar-26,,
74903,34473,,Tab -  Olanzapine 5mg (Ozace) x 30,,29453,,,53315,6062,14-Mar-26,,
74904,34473,,Tab - Olanzapine (Ozace)10mg x 30,,29453,,,53314,6062,14-Mar-26,,
74905,35672,,Tab - Chlorpromazine 100mg,,32617,,,52826,5042,14-Mar-26,,
74906,35283,,Tab - Risperidone (Zepidone) 2mg,,31441,,1,53405,4663,15-Mar-26,4663,15-Mar-26
74907,34504,,Tab - Risperidone (Zepidone) 2mg,,29500,,,53170,4663,15-Mar-26,4663,15-Mar-26
74908,35930,,Tab - Ibuprofen 400mg,,33498,,,53483,4671,16-Mar-26,4671,16-Mar-26
74912,35834,,Tab - Risperidone (Zepidone) 2mg,,33166,,,53582,5341,16-Mar-26,,
74075,33588,,Tab - Sodium Valporate 200mg,,26559,,1,45725,4671,30-Oct-25,,
74076,33735,,Tab - Vitamin C 100mg,,26940,,,45987,6132,30-Oct-25,6132,30-Oct-25
74084,33068,,Tab - Neuro-vit Forte,,26635,,,45922,6132,30-Oct-25,6132,30-Oct-25
74097,30426,,Tab - Benzhexol 5mg,,20068,,,46031,4748,31-Oct-25,,
74108,31485,,Tab - Thiamine 100mg,,26222,,,46068,4748,31-Oct-25,4748,11-Nov-25
74109,31485,,Tab - Chlorpromazine 100mg,,26222,,,46067,4748,31-Oct-25,,
74116,30310,,Tab - Metformin 500mg,,19982,,,46163,4577,1-Nov-25,4577,1-Nov-25
74118,30786,,Tab - Benzhexol 5mg,,20137,,,45811,4577,1-Nov-25,,
74138,33401,,Tab - Risperidone (Zepidone) 2mg,,26030,,,45278,5009,3-Nov-25,,
74139,33284,,Tab - Amlodipine 5mg,,25777,,,46066,5009,3-Nov-25,,
74143,6614,,Tab - Risperidone (Zepidone) 2mg,,24288,,,46046,5009,3-Nov-25,5009,3-Nov-25
74144,32377,,Tab - Neuro-vit Forte,,23529,,,45813,5009,3-Nov-25,,
74145,32377,,Tab - Risperidone (Zepidone) 2mg,,23529,,,45812,5009,3-Nov-25,,
74146,32136,,Tab - Risperidone (Zepidone) 2mg,,22982,,,46059,5009,3-Nov-25,,
74156,31070,,Tab - Benzhexol 5mg,,22924,,,44840,4671,4-Nov-25,,
74160,33812,,Tab - Benzhexol 5mg,,27175,,,46360,6180,4-Nov-25,,
74161,33812,,Tab -  Risperidone (Amidrex) 2mg,,27175,,,46359,6180,4-Nov-25,,
74166,33772,,Tab -  Risperidone (Risperdal) 2mg,,27025,,,46365,4748,4-Nov-25,,
74170,33775,,Tab - Haloperidol 5mg,,27238,,,46369,4748,4-Nov-25,4748,4-Nov-25
74171,33775,,Tab - Benzhexol 5mg,,27238,,,46370,4748,4-Nov-25,,
74177,8162,,Tab - Aripiprazole (debixa) 10mg,,21640,,1,45842,5538,4-Nov-25,,
74179,31071,,Tab - Risperidone (Zepidone) 2mg,,21918,,1,45782,5538,4-Nov-25,,
74225,31359,,Tab - Zepidone 3mg,,21278,,,46264,4570,6-Nov-25,,
74226,31359,,Tab - Benzhexol 5mg,,21278,,,46265,4570,6-Nov-25,,
74228,32275,,Tab - Carbamazepine 200mg,,23533,,1,46072,4570,6-Nov-25,,
74229,32275,,Tab - Risperidone (Zepidone) 2mg,,23533,,1,46073,4570,6-Nov-25,,
74231,32456,,Tab -  Risperidone (Amidrex) 2mg,,27677,,1,46332,4570,6-Nov-25,,
74233,32565,,Tab - Risperidone (Zepidone) 2mg,,26386,,,46069,4570,6-Nov-25,,
74234,33634,,Tab - Risperidone (Zepidone) 2mg,,26694,,,46088,4570,6-Nov-25,,
74235,33741,,Tab - Olanzapine (Ozace)10mg x 30,,26972,,1,46337,4570,6-Nov-25,,
74262,33573,,Tab - Chlorpromazine 100mg,,26540,,,46751,5341,11-Nov-25,,
74268,33302,,Tab - Risperidone (Risperdal) 3mg,,25795,,,46356,6180,11-Nov-25,6180,9-Mar-26
74272,31267,,Tab - Benzhexol 5mg,,21076,,1,46835,4265,11-Nov-25,,
74276,30841,,Tab - Sodium Valproate 200mg,,21159,,1,46856,4265,11-Nov-25,,
74277,30841,,Tab - Aripiprazole (debixa) 10mg,,21159,,1,46853,4265,11-Nov-25,,
74279,33823,,Tab - Ibuprofen 400mg,,27246,,,46924,4553,11-Nov-25,4553,11-Nov-25
74306,1918,,Tab -  Clozapine 100mg,,17841,,,46813,4570,12-Nov-25,,
74316,31125,,Gutt - Chloramphenicol Ear Drop,,21540,,,46727,5007,12-Nov-25,,
74334,33546,,Tab - Neuro-vit Forte,,26437,,,45975,6180,18-Nov-25,,
74343,1918,,Tab -  Clozapine 100mg,,17841,,,47203,4570,19-Nov-25,,
74359,33735,,Tab - Benzhexol 5mg,,26940,,,47060,5341,20-Nov-25,,
74370,33068,,Tab - Neuro-vit Forte,,26635,,,47057,4663,20-Nov-25,,
74371,33284,,Tab - Amlodipine 5mg,,25777,,,47258,5477,24-Nov-25,,
74379,33312,,Tab - Artemether/Lumefantrine 80/480mg by 6,,25812,,,47332,4671,24-Nov-25,,
74380,33312,,Tab - Ciprofloxacin 500mg,,25812,,,47331,4671,24-Nov-25,,
74384,30070,,Tab - Risperidone (Zepidone) 2mg,,25082,,,45739,4718,25-Nov-25,,
74423,31951,,Tab - Neuro-vit Forte,,22533,,1,47696,4265,2-Dec-25,,
74424,31363,,Tab - Risperidone (Zepidone) 2mg,,21284,,1,47606,4265,2-Dec-25,,
74428,30648,,Tab - Haloperidol 10mg,,19871,,1,47685,4265,2-Dec-25,4265,2-Dec-25
74429,30018,,Tab - Indapamide 1.5mg,,21160,,1,47675,4265,2-Dec-25,,
74434,30841,,Tab - Amlodipine 5mg,,21159,,1,47635,4265,2-Dec-25,,
74435,30841,,Tab - Sodium Valproate 200mg,,21159,,1,47636,4265,2-Dec-25,,
74436,30841,,Tab - Fluoxetine 20mg,,21159,,1,47637,4265,2-Dec-25,,
74438,30140,,Tab -  Folic Acid 5mg,,19538,,1,47691,4265,2-Dec-25,,
74439,33755,,Tab - Risperidone (Zepidone) 2mg,,27205,,,47660,4748,2-Dec-25,,
74441,33743,,Tab - Neuro-vit Forte,,26975,,,47512,4748,2-Dec-25,,
74457,7863,,Tab - Amlodipine 5mg,,19956,,,47957,5493,5-Dec-25,,
74491,32716,,Tab - Neuro-vit Forte,,25018,,1,47695,4265,8-Dec-25,,
74492,30841,,Tab - Ciprofloxacin 500mg,,21159,,,47996,4265,8-Dec-25,,
74493,30841,,Tab - Paracetamol 500mg,,21159,,,47997,4265,8-Dec-25,4265,8-Dec-25
74495,30018,,Tab - Carbamazepine TEGRETOL (Plain) 200mg,,21160,,,48024,6035,9-Dec-25,,
74496,30018,,Tab - Nifedipine 30mg,,21160,,,48027,6035,9-Dec-25,4268,10-Dec-25
74505,30018,,Tab - Neuro-vit Forte,,21160,,,48025,4268,10-Dec-25,,
74508,30140,,Tab -  Folic Acid 5mg,,19538,,,48012,4268,10-Dec-25,,
74513,31359,,Tab - Zepidone 3mg,,21278,,,47993,4570,11-Dec-25,,
74515,32456,,Tab -  Risperidone (Amidrex) 2mg,,27677,,,47548,4570,11-Dec-25,,
74516,30271,,Tab - Ibuprofen 400mg,,22223,,,48035,4268,11-Dec-25,5974,16-Dec-25
74517,30271,,Cap - Omeprazole 20mg,,22223,,,48036,4268,11-Dec-25,5974,16-Dec-25
74519,30271,,Cap -  Amoxicillin 500mg,,22223,,,48038,4268,11-Dec-25,5974,16-Dec-25
74520,30271,,Tab - Vitamin C 100mg,,22223,,,48039,4268,11-Dec-25,,
74615,31251,,Tab - Tab. Risperidone 0.5mg (Zepidone),,22120,,,48180,4265,30-Dec-25,,
74620,31920,,Tab - Quetiapine 300mg,,22474,,,48184,4265,30-Dec-25,,
74625,31267,,Inj -  Haloperidol 5mg,,21076,,,48207,4265,30-Dec-25,,
74651,30648,,Inj - Fluphenazine Decanoate 50mg,,19871,,,48170,4662,7-Jan-26,,
74742,34595,,Tab - Carbamazepine 200mg,,29674,,1,49348,5341,17-Feb-26,,
74743,34595,,Tab - Haloperidol 10mg,,29674,,1,49347,5341,17-Feb-26,,
74750,33068,,Tab - Neuro-vit Forte,,26635,,,49951,4659,19-Feb-26,,
74769,7872,,Tab - Benzhexol 5mg,,25031,,,50774,5475,24-Feb-26,5475,24-Feb-26
74771,7863,,Tab - Chlorpromazine 100mg,,19956,,,50624,5475,24-Feb-26,,
74776,7870,,Tab - Haloperidol 10mg,,19935,,1,50763,5475,24-Feb-26,,
74780,31744,,Tab - Benzhexol 5mg,,22052,,,50500,5341,24-Feb-26,,
74781,31744,,Tab - Atorvastatin 10mg,,22052,,,50499,5341,24-Feb-26,5341,24-Feb-26
74782,31744,,Tab - Trifluoperazine       5mg,,22052,,,50498,5341,24-Feb-26,,
74783,31744,,Tab -  Clozapine 100mg,,22052,,,50497,5341,24-Feb-26,,
74788,2105,,Tab - Sodium Valproate 200mg,,31350,,,50379,4570,24-Feb-26,,
74790,31616,,Tab - Vitamin E 400IU,,31120,,,50376,4570,24-Feb-26,,
74792,7522,,Tab - Haloperidol 5mg,,31070,,,50776,4570,24-Feb-26,,
74793,7522,,Tab - Benzhexol 5mg,,31070,,,50777,4570,24-Feb-26,,
74794,34593,,Tab - Nifedipine 30mg,,29994,,,50336,4570,24-Feb-26,,
74796,34804,,Tab - Haloperidol 5mg,,30143,,,49961,4570,24-Feb-26,,
74799,34576,,Tab - Quetiapine 200mg,,29654,,,49436,4570,24-Feb-26,,
74823,35069,,Tab - Tab. Risperidone 0.5mg (Zepidone),,30852,,1,50457,4663,1-Mar-26,4663,1-Mar-26
74825,32226,,Tab - Haloperidol 10mg,,25040,,,51036,6107,2-Mar-26,,
74830,34492,,Tab - Haloperidol 5mg,,29473,,,49392,4671,4-Mar-26,,
74848,34504,,Tab - Amlodipine 5mg,,29500,,,51479,4663,5-Mar-26,,
74849,34504,,Tab - Vitamin C 100mg,,29500,,,51478,4663,5-Mar-26,4663,5-Mar-26
74850,34504,,Tab - Vitamin E 400IU,,29500,,,51477,4663,5-Mar-26,,
74851,34504,,Tab - Neuro-vit Forte,,29500,,,51476,4663,5-Mar-26,4663,5-Mar-26
74852,34504,,Tab -  Risperidone (Amidrex) 2mg,,29500,,1,51475,4663,5-Mar-26,,
74858,35253,,Tab - Risperidone (Zepidone) 2mg,,31353,,,52344,4748,8-Mar-26,,
74859,35399,,Tab - Risperidone (Zepidone) 2mg,,31794,,,52350,4748,8-Mar-26,,
74860,35365,,Tab - Amlodipine 10mg,,31730,,,51334,4748,8-Mar-26,,
74861,35417,,Tab - Haloperidol 5mg,,31960,,,52061,4722,8-Mar-26,4722,8-Mar-26
74862,35699,,Tab - Neuro-vit Forte,,32728,,,52293,4655,9-Mar-26,,
74073,31951,,Tab - Chlorpromazine 100mg,,22533,,1,44975,4662,30-Oct-25,4662,30-Oct-25
74155,32270,,Tab - Benzhexol 5mg,,26326,,1,45779,4671,4-Nov-25,,
74194,31623,,Tab - Risperidone (Zepidone) 2mg,,21859,,,44389,5009,6-Nov-25,,
74195,31623,,Tab - Neuro-vit Forte,,21859,,,41920,5009,6-Nov-25,,
74196,30031,,Tab - Neuro-vit Forte,,22160,,1,46575,5395,6-Nov-25,,
74214,8162,,Tab - Carbamazepine 200mg,,21640,,1,46547,5395,6-Nov-25,5395,6-Nov-25
74216,8162,,Tab - Amlodipine 5mg,,21640,,1,45843,5395,6-Nov-25,,
74217,31071,,Tab - Risperidone (Zepidone) 2mg,,21918,,1,46564,5395,6-Nov-25,,
74218,31071,,Tab - Thiamine 100mg,,21918,,1,46566,5395,6-Nov-25,,
74251,32036,,Tab - Sodium Valproate 200mg,,23042,,,46577,5538,10-Nov-25,,
74253,31125,,Tab - Artemether/Lumefantrine 80/480mg by 6,,21540,,,46724,5007,10-Nov-25,,
74259,33300,,Tab - Haloperidol 10mg,,25793,,,46738,5341,11-Nov-25,,
74260,31972,,Tab - Benzhexol 5mg,,22584,,,46749,5341,11-Nov-25,,
74261,31972,,Tab - Chlorpromazine 100mg,,22584,,,46748,5341,11-Nov-25,,
74294,30271,,Tab - Paracetamol 500mg,,22223,,,46833,5042,11-Nov-25,5042,11-Nov-25
74295,30271,,Tab - Loratadine 10mg,,22223,,,46832,5042,11-Nov-25,5042,11-Nov-25
74297,32443,,Tab - Chlorpromazine 100mg,,24279,,,44505,4718,11-Nov-25,,
74298,32443,,Tab - Risperdal 2mg,,24279,,,44504,4718,11-Nov-25,,
74299,31842,,Tab - Risperidone (Zepidone) 2mg,,22289,,,43367,4718,11-Nov-25,,
74300,31916,,Tab - Sodium Valproate 500mg,,22459,,1,46837,5042,11-Nov-25,,
74301,31916,,Tab - Olanzapine (Ozace)10mg x 30,,22459,,1,46836,5042,11-Nov-25,,
74302,30140,,Tab - Carbamazepine 200mg,,19538,,1,46839,5042,11-Nov-25,,
74387,33302,,Tab - Risperdal 3mg,,25795,,,47347,4671,25-Nov-25,4671,25-Nov-25
74388,32209,,Tab - Chlorpromazine 100mg,,24022,,,46645,4671,25-Nov-25,4671,25-Nov-25
74391,7872,,Tab - Pyridoxine 50mg,,25031,,,42968,4707,28-Nov-25,,
74421,8762,,Tab - Risperidone (Zepidone) 2mg,,22624,,1,47619,4265,2-Dec-25,,
74422,31951,,Tab - Chlorpromazine 100mg,,22533,,1,47697,4265,2-Dec-25,4265,2-Dec-25
74425,31363,,Tab - Benzhexol 5mg,,21284,,1,47607,4265,2-Dec-25,,
74430,30018,,Tab - Bisoprolol 2.5mg,,21160,,1,47674,4265,2-Dec-25,,
74432,30018,,Tab - Neuro-vit Forte,,21160,,1,47671,4265,2-Dec-25,,
74433,30841,,Tab - Chlorpromazine 100mg,,21159,,1,47634,4265,2-Dec-25,,
74445,32246,,Tab - Risperidone (Zepidone) 2mg,,23345,,,47661,4748,2-Dec-25,,
74450,32226,,Tab - Benzhexol 5mg,,25040,,,47987,5493,5-Dec-25,5493,5-Dec-25
74454,32208,,Tab - Benzhexol 5mg,,25033,,,47979,5493,5-Dec-25,5475,24-Feb-26
74463,7870,,Tab - Haloperidol 10mg,,19935,,,47962,5493,5-Dec-25,,
74466,7861,,Tab - Haloperidol 10mg,,15734,,,47982,5493,5-Dec-25,5493,5-Dec-25
74469,6821,,Tab - Haloperidol 10mg,,13244,,,47969,5493,5-Dec-25,,
74475,6819,,Tab - Aspirin 75mg,,13241,,1,47967,5493,5-Dec-25,,
74531,31966,,Tab - Quetiapine 300mg,,22961,,,47061,4570,15-Dec-25,,
74532,31966,,Tab - Neuro-vit Forte,,22961,,,47063,4570,15-Dec-25,,
74533,31966,,Tab - Amlodipine 5mg,,22961,,,47062,4570,15-Dec-25,,
74534,8762,,Tab - Hyoscine 10mg,,22624,,,48051,5974,16-Dec-25,,
74671,30841,,Tab - Fluoxetine 20mg,,21159,,,48237,4268,14-Jan-26,,
74672,30841,,Tab - Sodium Valproate 200mg,,21159,,,48238,4268,14-Jan-26,,
74673,30841,,Tab - Amlodipine 5mg,,21159,,,48239,4268,14-Jan-26,,
74674,30841,,Tab - Chlorpromazine 100mg,,21159,,,48240,4268,14-Jan-26,,
74675,30841,,Tab - Artemether/Lumefantrine 80/480mg by 6,,21159,,,48241,4268,14-Jan-26,,
74676,30841,,Tab - Paracetamol 500mg,,21159,,,48242,4268,14-Jan-26,,
74693,30648,,Tab - Carbamazepine 200mg,,19871,,,48252,5042,21-Jan-26,,
74711,31951,,Tab - Chlorpromazine 100mg,,22533,,,48255,6035,3-Feb-26,,
74747,34504,,Tab - Ferrous Sulfate 200mg,,29500,,,49359,5341,17-Feb-26,,
74751,33068,,Tab - Benzhexol 5mg,,26635,,,49950,4659,19-Feb-26,4659,19-Feb-26
74753,34738,,Tab - Risperidone (Zepidone) 2mg,,29962,,,50097,5063,20-Feb-26,,
74754,34738,,Tab - Carbamazepine 200mg,,29962,,,50096,5063,20-Feb-26,5064,23-Feb-26
74758,32853,,Tab - Benzhexol 5mg,,30111,,,50201,5064,23-Feb-26,5064,23-Feb-26
74760,3102,,Tab - Pyridoxine 50mg,,31211,,,50573,6180,23-Feb-26,,
74761,3102,,Tab - Sodium Valproate 500mg,,31211,,,50571,6180,23-Feb-26,,
74764,32220,,Tab - Chlorpromazine 100mg,,25036,,1,50759,5475,24-Feb-26,,
74766,32220,,Tab - Olanzapine (Ozace)10mg x 30,,25036,,,49632,5475,24-Feb-26,,
74767,7866,,Tab - Benzhexol 5mg,,25034,,,50762,5475,24-Feb-26,5475,24-Feb-26
74784,2105,,Tab - Amlodipine 5mg,,31350,,,50869,4570,24-Feb-26,,
74785,35283,,Tab - Haloperidol 5mg,,31441,,,50728,5341,24-Feb-26,,
74786,2105,,Tab - Carbamazepine 200mg,,31350,,,50718,4570,24-Feb-26,4570,24-Feb-26
74787,2105,,Tab - Haloperidol 5mg,,31350,,,50717,4570,24-Feb-26,4570,24-Feb-26
74789,31616,,Tab - Pyridoxine 50mg,,31120,,,50377,4570,24-Feb-26,,
74791,31616,,Tab - Aripiprazole (debixa) 10mg,,31120,,,50375,4570,24-Feb-26,,
74795,34593,,Tab - Risperidone (Zepidone) 2mg,,29994,,,50334,4570,24-Feb-26,,
74797,34699,,Tab - Risperidone (Zepidone) 2mg,,30774,,,50111,4570,24-Feb-26,,
74798,34576,,Tab - Carbamazepine 200mg,,29654,,,49437,4570,24-Feb-26,,
74822,35320,,Tab - Chlorpromazine 100mg,,31535,,1,50925,4663,1-Mar-26,,
74832,34904,,Tab - Tab. Risperidone 0.5mg (Zepidone),,30384,,,51705,5056,5-Mar-26,,
74833,35253,,Tab - Chlorpromazine 100mg,,31353,,,51225,4748,5-Mar-26,,
74836,35181,,Tab -  Diazepam 5mg,,31142,,,51241,4748,5-Mar-26,,
74853,34839,,Tab - Benzhexol 5mg,,30235,,,52352,4748,8-Mar-26,,
74854,34839,,Tab - Risperidone (Zepidone) 2mg,,30235,,,52351,4748,8-Mar-26,,
74857,35253,,Tab - Carbamazepine 200mg,,31353,,,52347,4748,8-Mar-26,,
74870,32431,,Tab -  Clozapine 100mg,,23665,,,49899,4655,9-Mar-26,,
74875,34726,,Tab - Diclofenac Potassium 100mg,,29927,,,52537,4265,9-Mar-26,,
74876,34726,,Tab - Paracetamol 500mg,,29927,,,52538,4265,9-Mar-26,4265,9-Mar-26
74877,34726,,Inj - Diclofenac 75mg,,29927,,,52509,4265,9-Mar-26,4265,9-Mar-26
74878,35552,,Tab - Arthrotec 75mg,,32300,,,52731,5489,10-Mar-26,,
74887,35699,,Tab - Paracetamol 500mg,,32728,,,53039,4749,11-Mar-26,,
74888,34839,,Cream - Ketoconazole 2%,,30235,,,53224,4748,12-Mar-26,,
74909,35834,,Tab - Vitamin C 100mg,,33166,,,53596,5341,16-Mar-26,,
74910,35834,,Tab - Vitamin B. Complex,,33166,,,53595,5341,16-Mar-26,,
74911,35834,,Tab - Ferrous Sulfate 200mg,,33166,,,53594,5341,16-Mar-26,,
74913,35831,,Tab - Carbamazepine TEGRETOL (Plain) 200mg,,33146,,,53504,5341,16-Mar-26,,
74914,35823,,Tab - Risperidone (Zepidone) 2mg,,33115,,,53530,5341,16-Mar-26,,
74915,35388,,Tab - Risperidone (Zepidone) 2mg,,31764,,,53511,5341,16-Mar-26,5341,16-Mar-26
74916,35363,,Tab - Haloperidol 10mg,,32038,,1,53490,4671,16-Mar-26,,
74917,34595,,Tab - Carbamazepine TEGRETOL (Plain) 200mg,,29674,,1,53563,5341,16-Mar-26,,
74918,34595,,Tab - Haloperidol 10mg,,29674,,1,53562,5341,16-Mar-26,,
74919,34504,,Tab - Vitamin C 100mg,,29500,,,53630,5341,16-Mar-26,,
74920,34504,,Tab - Vitamin E 400IU,,29500,,,53629,5341,16-Mar-26,,
74921,34504,,Tab - Neuro-vit Forte,,29500,,,53628,5341,16-Mar-26,,
74922,34504,,Tab - Amlodipine 5mg,,29500,,,53627,5341,16-Mar-26,,
74923,34504,,Tab -  Risperidone (Amidrex) 2mg,,29500,,,53626,5341,16-Mar-26,,
74924,6745,,Tab - Chlorpromazine 100mg,,32851,,,53837,4706,17-Mar-26,,
74925,35849,,Tab - Haloperidol 5mg,,33237,,,53743,4265,17-Mar-26,4265,17-Mar-26
74926,35849,,Tab - Benzhexol 5mg,,33237,,,53745,4265,17-Mar-26,,
74927,35849,,Tab - Cognium,,33237,,,53744,4265,17-Mar-26,,
74928,31108,,Tab - Cognium,,33040,,,53738,4265,17-Mar-26,,
74929,31108,,Tab - Risperidone (Zepidone) 2mg,,33040,,,53737,4265,17-Mar-26,,
74930,32377,,Tab - Risperidone (Zepidone) 2mg,,23529,,,53742,4265,17-Mar-26,4265,17-Mar-26
74068,32208,,Tab - Benzhexol 5mg,,25033,,,45064,5493,30-Oct-25,,
74070,31920,,Tab - Quetiapine 300mg,,22474,,1,45507,4662,30-Oct-25,,
74082,33735,,Tab - Haloperidol 10mg,,26940,,,45942,6132,30-Oct-25,6132,30-Oct-25
74098,30426,,Tab - Carbamazepine 200mg,,20068,,,46030,4748,31-Oct-25,4748,3-Nov-25
74105,31510,,Tab - Benzhexol 5mg,,22888,,,46105,4748,31-Oct-25,,
74113,32246,,Tab - Risperidone (Zepidone) 2mg,,23345,,,46086,4748,31-Oct-25,4748,31-Oct-25
74115,30627,,Tab - Chlorpromazine 100mg,,19796,,,46015,4748,31-Oct-25,,
74119,30786,,Tab - Haloperidol 10mg,,20137,,,45810,4577,1-Nov-25,,
74121,31079,,Tab - Amlodipine 5mg,,22925,,,46053,5735,2-Nov-25,,
74122,31079,,Tab - Vitamin E 400IU,,22925,,,46052,5735,2-Nov-25,,
74123,31079,,Tab - Benzhexol 5mg,,22925,,,46051,5735,2-Nov-25,,
74124,31079,,Tab - Haloperidol 10mg,,22925,,,46050,5735,2-Nov-25,,
74125,32952,,Tab - Pyridoxine 50mg,,24929,,,46214,6062,2-Nov-25,,
74136,33312,,Tab - Risperidone (Zepidone) 1mg,,25812,,1,46119,4749,2-Nov-25,,
74157,33742,,Tab - Benzhexol 5mg,,26974,,,46153,6180,4-Nov-25,,
74158,33742,,Tab - Haloperidol 5mg,,26974,,,46152,6180,4-Nov-25,,
74162,32162,,Tab -  Risperidone (Amidrex) 2mg,,23045,,,46488,4748,4-Nov-25,,
74163,32473,,Tab - Chlorpromazine 100mg,,24011,,,46376,4748,4-Nov-25,,
74167,33755,,Tab -  Risperidone (Amidrex) 2mg,,27205,,,46366,4748,4-Nov-25,4692,27-Nov-25
74180,31071,,Tab - Thiamine 100mg,,21918,,1,45781,5538,4-Nov-25,,
74184,33823,,Tab - Haloperidol 5mg,,27246,,,46418,4663,4-Nov-25,,
74198,30950,,Tab - Thiamine 100mg,,22107,,1,45847,5395,6-Nov-25,,
74199,30950,,Tab - Vitamin C 100mg,,22107,,,44804,5395,6-Nov-25,,
74200,32031,,Tab - Benzhexol 5mg,,22717,,1,46549,5395,6-Nov-25,,
74201,32031,,Tab - Haloperidol 5mg,,22717,,1,46548,5395,6-Nov-25,5395,6-Nov-25
74202,31094,,Tab - Risperidone (Zepidone) 2mg,,20721,,1,46570,5395,6-Nov-25,,
74203,31094,,Tab - Amlodipine 5mg,,20721,,1,46571,5395,6-Nov-25,,
74204,31094,,Tab - Cognium,,20721,,1,46572,5395,6-Nov-25,,
74206,30857,,Tab - Benzhexol 5mg,,22108,,1,46555,5395,6-Nov-25,,
74207,31935,,Tab - Risperidone (Zepidone) 2mg,,22497,,1,46556,5395,6-Nov-25,5395,6-Nov-25
74219,32270,,Tab - Olanzapine (Ozace)10mg x 30,,26326,,,46546,4671,6-Nov-25,4671,6-Nov-25
74222,6788,,Tab - Amlodipine 10mg,,22954,,,45276,4570,6-Nov-25,,
74223,6788,,Tab - Benzhexol 5mg,,22954,,,45275,4570,6-Nov-25,,
74224,6788,,Tab - Chlorpromazine 100mg,,22954,,,45274,4570,6-Nov-25,4570,6-Nov-25
74227,31966,,Tab - Quetiapine 200mg,,22961,,,45958,4570,6-Nov-25,,
74230,32656,,Tab - Zepidone 3mg,,24183,,,46635,4570,6-Nov-25,,
74232,32456,,Tab - Carbamazepine TEGRETOL (Plain) 200mg,,27677,,1,46331,4570,6-Nov-25,,
74236,33634,,Tab - Pyridoxine 50mg,,26694,,,46079,4570,6-Nov-25,,
74242,6538,,Tab - Clozapine  25mg,,22178,,,46640,5007,8-Nov-25,,
74252,31125,,Tab - Amoxicillin/Clavulanic Acid 625mg,,21540,,,46723,5007,10-Nov-25,5007,12-Nov-25
74254,31125,,Tab - Paracetamol 500mg,,21540,,,46725,5007,10-Nov-25,5007,10-Nov-25
74255,31125,,Susp - Antacids,,21540,,,46726,5007,10-Nov-25,,
74285,33772,,Tab -  Risperidone (Risperdal) 2mg,,27025,,,46897,4748,11-Nov-25,,
74286,33772,,Tab - Sodium Valproate 200mg (Epilim),,27025,,,46896,4748,11-Nov-25,,
74287,32039,,Tab - Cognium,,23041,,,46850,4265,11-Nov-25,,
74288,32039,,Tab - Escitalopram 10mg,,23041,,,46848,4265,11-Nov-25,,
74290,32039,,Tab -  Olanzapine 5mg (Ozace) x 30,,23041,,,46847,4265,11-Nov-25,,
74291,32039,,Tab - Nifedipine 30mg,,23041,,,45495,4265,11-Nov-25,,
74292,32039,,Tab - Indapamide 1.5mg,,23041,,,45494,4265,11-Nov-25,,
74293,32162,,Tab - Risperidone 2mg (Afrab),,23045,,,46915,4748,11-Nov-25,,
74321,33743,,Tab - Benzhexol 5mg,,26975,,,47127,4748,14-Nov-25,,
74323,31510,,Tab - Olanzapine (Ozace)10mg x 30,,22888,,,47118,4748,14-Nov-25,,
74324,31510,,Tab - Benzhexol 5mg,,22888,,,47119,4748,14-Nov-25,,
74325,30273,,Tab - Benzhexol 5mg,,20067,,,47086,4748,14-Nov-25,,
74327,32246,,Tab - Benzhexol 5mg,,23345,,,47105,4748,14-Nov-25,,
74331,33742,,Tab - Benzhexol 5mg,,26974,,,45973,6180,18-Nov-25,6180,18-Nov-25
74332,33742,,Tab - Haloperidol 5mg,,26974,,,45974,6180,18-Nov-25,6180,18-Nov-25
74333,33546,,Tab - Risperidone (Zepidone) 2mg,,26437,,,46159,6180,18-Nov-25,,
74336,31054,,Tab - Neuro-vit Forte,,23039,,1,47204,4268,18-Nov-25,,
74337,32039,,Tab - Escitalopram 10mg,,23041,,,47212,4268,18-Nov-25,,
74338,32039,,Tab -  Olanzapine 5mg (Ozace) x 30,,23041,,,47211,4268,18-Nov-25,,
74339,32039,,Tab - Benzhexol 5mg,,23041,,,47210,4268,18-Nov-25,,
74341,31919,,Tab - Neuro-vit Forte,,22468,,1,47213,4268,18-Nov-25,,
74346,32456,,Tab - Carbamazepine 200mg,,27677,,1,46739,4570,19-Nov-25,,
74349,33586,,Tab -  Risperidone (Amidrex) 2mg,,26809,,,46986,4749,19-Nov-25,,
74351,33588,,Tab -  Risperidone (Amidrex) 2mg,,26559,,1,46962,4749,19-Nov-25,,
74355,33302,,Tab - Risperdal 3mg,,25795,,,47168,4658,19-Nov-25,,
74356,33302,,Tab - Carbamazepine 200mg,,25795,,,47167,4658,19-Nov-25,,
74357,33302,,Tab - .Natrixam1.5mg/10mg,,25795,,,47166,4658,19-Nov-25,,
74358,33735,,Tab - Haloperidol 10mg,,26940,,,47059,5341,20-Nov-25,,
74360,30109,,Tab -  Risperidone (Amidrex) 2mg,,22695,,,47056,5341,20-Nov-25,4663,20-Nov-25
74361,33650,,Tab - Benzhexol 5mg,,26722,,,45156,4718,20-Nov-25,,
74363,32443,,Tab -  Risperidone (Risperdal) 2mg,,24279,,,46622,4718,20-Nov-25,,
74364,32443,,Inj - Fluphenazine Decanoate 50mg,,24279,,,46621,4718,20-Nov-25,,
74367,31842,,Tab - Risperidone (Zepidone) 2mg,,22289,,,45762,4718,20-Nov-25,,
74368,31519,,Tab - Haloperidol 10mg,,21616,,,47031,4718,20-Nov-25,,
74369,33068,,Tab - Risperidone 2mg (Afrab),,26635,,,47055,4663,20-Nov-25,,
74411,33588,,Tab - Sodium Valproate 500mg,,26559,,,47414,4671,30-Nov-25,,
74412,33588,,Tab -  Risperidone (Amidrex) 1mg,,26559,,,47415,4671,30-Nov-25,4671,30-Nov-25
74413,31966,,Tab - Amlodipine 5mg,,22961,,,47437,4570,30-Nov-25,,
74414,31966,,Tab - Quetiapine 200mg,,22961,,,47436,4570,30-Nov-25,,
74415,31966,,Tab - Neuro-vit Forte,,22961,,,47438,4570,30-Nov-25,,
74416,32275,,Tab - Neuro-vit Forte,,23533,,1,46745,4570,30-Nov-25,,
74417,32275,,Tab - Risperidone 2mg (Afrab),,23533,,1,46744,4570,30-Nov-25,,
74418,32275,,Tab - Carbamazepine 200mg,,23533,,1,46743,4570,30-Nov-25,,
74446,31251,,Tab - Tab. Risperidone 0.5mg (Zepidone),,22120,,1,47652,4265,3-Dec-25,,
74512,31359,,Tab - Benzhexol 5mg,,21278,,,47994,4570,11-Dec-25,,
74549,31951,,Tab - Neuro-vit Forte,,22533,,1,48070,5974,16-Dec-25,,
74550,31951,,Tab - Chlorpromazine 100mg,,22533,,1,48069,5974,16-Dec-25,,
74571,30018,,Tab - Carbamazepine TEGRETOL (Plain) 200mg,,21160,,,48171,4662,23-Dec-25,,
74734,34583,,Tab - Haloperidol 10mg,,29661,,,48651,4663,12-Feb-26,,
74736,30841,,Tab - Encorate chrono 200mg,,21159,,,48445,6035,12-Feb-26,,
74737,31519,,Tab -  Risperidone (Amidrex) 2mg,,21616,,,48440,6035,12-Feb-26,,
74744,34583,,Tab - Haloperidol 10mg,,29661,,,49370,5341,17-Feb-26,,
74745,34504,,Tab - Vitamin B. Complex,,29500,,,49361,5341,17-Feb-26,,
74746,34504,,Tab - Vitamin C 100mg,,29500,,,49360,5341,17-Feb-26,,
74774,7870,,Tab - Chlorpromazine 100mg,,19935,,1,50765,5475,24-Feb-26,,
74805,6726,,Tab -  Carbamazepine (Tegretol) 400mg CR,,29847,,1,49439,5063,25-Feb-26,,
74808,553,,Tab - Risperidone (Zepidone) 2mg,,31204,,,50386,4749,26-Feb-26,,
74811,34683,,Tab - Risperidone (Zepidone) 2mg,,29829,,,50080,4749,26-Feb-26,,
74826,30455,,Tab - Pyridoxine 50mg,,23029,,,51089,4955,2-Mar-26,4955,2-Mar-26
74838,35106,,Tab - Amitriptyline 25mg,,30986,,,51179,4748,5-Mar-26,,
74839,35106,,Tab - Risperidone (Zepidone) 2mg,,30986,,,51178,4748,5-Mar-26,,
74864,35699,,Tab -  Diazepam 5mg,,32728,,,52291,4655,9-Mar-26,,
74865,35308,,Tab - Haloperidol 5mg,,31922,,,52058,4655,9-Mar-26,,
74047,32473,,Tab - Chlorpromazine 100mg,,24011,,1,44199,4748,29-Oct-25,,
74048,32246,,Tab - Risperidone (Zepidone) 2mg,,23345,,,43543,4748,29-Oct-25,,
74049,4185,,Tab - Benzhexol 5mg,,23247,,,45346,4748,29-Oct-25,,
74050,4185,,Tab - Haloperidol 5mg,,23247,,,45345,4748,29-Oct-25,,
74051,32069,,Tab - Benzhexol 5mg,,23218,,,45411,4748,29-Oct-25,,
74052,32069,,Tab - Zepidone 3mg,,23218,,,45410,4748,29-Oct-25,,
74053,32069,,Tab - Carbamazepine 200mg,,23218,,,45409,4748,29-Oct-25,,
74054,32162,,Tab - Risperidone (Zepidone) 2mg,,23045,,,45433,4748,29-Oct-25,4748,29-Oct-25
74055,32246,,Tab - Benzhexol 5mg,,23345,,,43544,4748,29-Oct-25,,
74058,31485,,Tab - Thiamine 100mg,,26222,,,44772,4748,29-Oct-25,,
74059,31485,,Tab - Chlorpromazine 100mg,,26222,,,44771,4748,29-Oct-25,,
74061,31510,,Tab - Benzhexol 5mg,,22888,,,44935,4748,29-Oct-25,,
74063,8335,,Tab - Risperidone (Zepidone) 2mg,,20157,,,44778,4748,29-Oct-25,,
74064,30273,,Tab - Chlorpromazine 100mg,,20067,,,43555,4748,29-Oct-25,,
74065,30273,,Tab - Benzhexol 5mg,,20067,,,43556,4748,29-Oct-25,,
74066,30627,,Tab - Benzhexol 5mg,,19796,,,43539,4748,29-Oct-25,,
74067,30627,,Tab - Chlorpromazine 100mg,,19796,,,43538,4748,29-Oct-25,,
74071,31920,,Tab - Benzhexol 5mg,,22474,,1,45506,4662,30-Oct-25,4662,30-Oct-25
74072,31951,,Tab - Neuro-vit Forte,,22533,,1,44976,4662,30-Oct-25,,
74074,33586,,Tab - Risperidone (Zepidone) 2mg,,26809,,,45746,4671,30-Oct-25,4671,30-Oct-25
74079,33735,,Cap -  Amoxicillin 500mg,,26940,,,45985,6132,30-Oct-25,,
74087,30648,,Tab - Carbamazepine 200mg,,19871,,1,40886,4268,30-Oct-25,,
74088,30648,,Tab - Risperidone (Zepidone) 2mg,,19871,,1,40885,4268,30-Oct-25,,
75088,5181,,Tab - Chlorpromazine 100mg,,34528,,,55084,4570,7-Apr-26,,
75123,5755,,Tab - Carbamazepine (Carbimi CR) 400mg,,31752,,,57159,4706,11-Apr-26,,
75199,36014,,Tab - Carbamazepine 200mg,,36873,,,57950,5963,14-Apr-26,6035,14-Apr-26
75207,36619,,Tab - Neuro-vit Forte,,35996,,,57109,4671,15-Apr-26,,
74957,35308,,Tab - Haloperidol 5mg,,31922,,,54061,5735,19-Mar-26,,
74958,35327,,Tab - Chlorpromazine 100mg,,31721,,,54060,5735,19-Mar-26,,
74967,35934,,Tab - Haloperidol 5mg,,33511,,,54147,4663,21-Mar-26,,
74975,31519,,Tab - Risperidone (Zepidone) 2mg,,21616,,,54345,4265,24-Mar-26,,
75003,35849,,Tab - Cognium,,33237,,,55723,4662,31-Mar-26,,
75009,35106,,Tab - Risperidone (Zepidone) 2mg,,30986,,,55725,4662,31-Mar-26,4662,31-Mar-26
75025,33068,,Tab - Trifluoperazine       5mg,,26635,,,55060,5341,2-Apr-26,5341,2-Apr-26
75086,35106,,Tab -  Risperidone (Amidrex) 2mg,,30986,,,56398,4268,7-Apr-26,,
75158,36743,,Tab - Benzhexol 5mg,,36460,,,57622,6105,13-Apr-26,,
75167,34583,,Tab - Haloperidol 10mg,,29661,,,55611,6105,13-Apr-26,,
75211,35179,,Tab - Benzhexol 5mg,,31137,,,56926,4671,15-Apr-26,,
74981,35849,,Tab - Cognium,,33237,,,54618,5042,25-Mar-26,,
74982,35849,,Tab - Trifluoperazine       5mg,,33237,,,54617,5042,25-Mar-26,5042,25-Mar-26
74983,32377,,Tab - Risperidone (Zepidone) 2mg,,23529,,,54622,5042,25-Mar-26,5042,25-Mar-26
74992,35699,,Tab - Risperidone (Zepidone) 2mg,,32728,,,55163,4745,27-Mar-26,,
74995,35152,,Tab - Chlorpromazine 100mg,,31141,,,55225,4745,27-Mar-26,,
74996,34576,,Tab - Quetiapine 200mg,,29654,,,54267,4570,27-Mar-26,4570,27-Mar-26
74999,31616,,Tab - Pyridoxine 50mg,,31120,,,54240,4570,27-Mar-26,,
75002,35849,,Tab - Benzhexol 5mg,,33237,,,55724,4662,31-Mar-26,,
75007,34932,,Tab - Quetiapine 100mg,,32017,,,55713,4662,31-Mar-26,,
75041,31776,,Tab - Neuro-vit Forte,,34847,,,55488,4663,3-Apr-26,,
75045,36495,,Tab - Risperidone (Zepidone) 2mg,,35480,,,56074,4663,3-Apr-26,,
75050,35363,,Tab - Haloperidol 10mg,,32038,,,55486,5735,5-Apr-26,,
75053,35930,,Tab - Benzhexol 2.5mg,,33498,,,55253,4749,6-Apr-26,,
75069,32325,,Tab - Carbamazepine 200mg,,34421,,,55331,4570,6-Apr-26,,
75078,36491,,Tab - Vitamin C 100mg,,35472,,,56350,4745,7-Apr-26,,
75087,30838,,Tab - Haloperidol 10mg,,30777,,,55082,4570,7-Apr-26,,
75090,36298,,Tab - Carbamazepine 200mg,,35258,,1,56402,4570,7-Apr-26,,
75137,33302,,Tab - Indapamide 1.5mg,,25795,,,55731,4731,11-Apr-26,,
75153,34932,,Tab - .Setraline 50mg,,32017,,,56873,4268,13-Apr-26,,
75170,36308,,Tab - Amlodipine 5mg,,34737,,,56771,5735,14-Apr-26,,
75183,31519,,Tab - Risperidone (Zepidone) 2mg,,21616,,,57991,5963,14-Apr-26,,
75185,32377,,Tab - Neuro-vit Forte,,23529,,,57987,5963,14-Apr-26,,
75189,34932,,Tab - Paracetamol 500mg,,32017,,,57424,5963,14-Apr-26,,
75195,35849,,Tab - Trifluoperazine       5mg,,33237,,,57995,5963,14-Apr-26,,
75197,34629,,Tab - Risperidone (Zepidone) 2mg,,36246,,,57952,5963,14-Apr-26,6035,14-Apr-26
75198,34629,,Tab - Neuro-vit Forte,,36246,,,57953,5963,14-Apr-26,,
74951,35106,,Tab - Risperidone (Zepidone) 2mg,,30986,,,53337,4265,18-Mar-26,,
74953,35365,,Tab - Amlodipine 10mg,,31730,,,53852,4748,19-Mar-26,,
74974,35934,,Tab - Paracetamol 500mg,,33511,,,54184,5341,21-Mar-26,,
74980,35849,,Tab - Benzhexol 5mg,,33237,,,54619,5042,25-Mar-26,,
74984,34583,,Tab - Haloperidol 10mg,,29661,,,54210,5341,25-Mar-26,,
74986,34583,,Tab - Benzhexol 5mg,,29661,,,54868,5341,25-Mar-26,5341,25-Mar-26
74987,35308,,Tab - Haloperidol 5mg,,31922,,,54908,4671,26-Mar-26,,
75023,33068,,Tab - Neuro-vit Forte,,26635,,,55062,5341,2-Apr-26,,
75024,33068,,Tab - Benzhexol 5mg,,26635,,,55061,5341,2-Apr-26,,
75048,35106,,Tab - Amitriptyline 25mg,,30986,,,56090,6035,4-Apr-26,,
75051,36619,,Tab - Haloperidol 5mg,,35996,,,56264,4749,6-Apr-26,,
75052,36172,,Tab - Amlodipine 10mg,,34300,,,55632,4749,6-Apr-26,,
75055,34699,,Tab - Risperidone (Zepidone) 2mg,,30774,,,53304,4570,6-Apr-26,,
75081,35849,,Tab - Benzhexol 5mg,,33237,,,56420,4263,7-Apr-26,4268,7-Apr-26
75091,36298,,Tab - Haloperidol 5mg,,35258,,,55813,4570,7-Apr-26,,
75119,36008,,Tab -  Risperidone (Amidrex) 2mg,,33990,,,57155,4706,11-Apr-26,,
75122,36008,,Tab - Risperidone 2mg (Milton),,33990,,,55369,4706,11-Apr-26,4709,11-Apr-26
75125,2040,,Tab - Benzhexol 5mg,,31499,,,53267,4706,11-Apr-26,,
75126,2040,,Tab - Carbamazepine 200mg,,31499,,,53266,4706,11-Apr-26,,
75127,2040,,Tab - Risperidone (Zepidone) 2mg,,31499,,,53265,4706,11-Apr-26,,
75128,35985,,Tab - Benzhexol 5mg,,34529,,,56820,4570,11-Apr-26,4570,11-Apr-26
75129,31616,,Tab - Vitamin E 400IU (ENAT),,31120,,,52573,4570,11-Apr-26,,
75130,428,,Tab -  Risperidone (Amidrex) 2mg,,31961,,,55078,4570,11-Apr-26,,
75131,428,,Tab - Nifedipine 30mg,,31961,,,56000,4570,11-Apr-26,4570,11-Apr-26
75132,35435,,Tab - Risperidone (Zepidone) 2mg,,31964,,,57105,4570,11-Apr-26,,
75156,31519,,Tab -  Risperidone (Amidrex) 2mg,,21616,,,56086,5497,13-Apr-26,,
75157,34932,,Tab - clopidogrel 75mg,,32017,,,56872,5497,13-Apr-26,,
75159,36743,,Tab - Risperidone (Zepidone) 2mg,,36460,,,57621,6105,13-Apr-26,6105,13-Apr-26
75160,36486,,Tab - Haloperidol 5mg,,35459,,,56939,6105,13-Apr-26,,
75165,34595,,Tab - Haloperidol 10mg,,29674,,,57625,6105,13-Apr-26,,
75168,35277,,Tab - Chlorpromazine 100mg,,31421,,1,56013,6105,13-Apr-26,,
75169,35912,,Tab -  Zopiclone 7.5mg,,33428,,,56839,6105,13-Apr-26,,
75176,35363,,Tab - Haloperidol 10mg,,32038,,,56770,5735,14-Apr-26,5735,14-Apr-26
75184,32377,,Tab - Risperidone (Zepidone) 2mg,,23529,,,57986,5963,14-Apr-26,,
75186,34736,,Tab - Risperidone (Zepidone) 2mg,,29964,,,57981,5963,14-Apr-26,,
75187,35106,,Tab - Risperidone (Zepidone) 2mg,,30986,,,57962,5963,14-Apr-26,,
75188,35106,,Tab - Amitriptyline 25mg,,30986,,,57963,5963,14-Apr-26,,
75193,31108,,Tab - Risperidone (Zepidone) 2mg,,33040,,,57942,5963,14-Apr-26,,
75200,34583,,Tab - Benzhexol 5mg,,29661,,,57604,4663,14-Apr-26,,
75202,36491,,Others - Liquid Paraffin,,35472,,,57485,5599,14-Apr-26,,
75204,36304,,Tab - Vitamin E 400IU (ENAT),,34731,,,57729,4663,14-Apr-26,,
75205,36304,,Tab - Amlodipine 10mg,,34731,,,54975,4663,14-Apr-26,4663,14-Apr-26
75206,36374,,Tab - Quetiapine 200mg,,34956,,,57620,4663,14-Apr-26,4663,14-Apr-26
75212,31611,,Tab - Risperidone (Zepidone) 2mg,,36277,,,58084,5009,16-Apr-26,5009,16-Apr-26
75213,31611,,Tab - Carbamazepine (Carbimi CR) 400mg,,36277,,,58083,5009,16-Apr-26,,
74952,35106,,Tab - Amitriptyline 25mg,,30986,,,53338,4265,18-Mar-26,,
74968,34583,,Tab - Haloperidol 10mg,,29661,,,54150,4663,21-Mar-26,,
74969,34583,,Tab - Benzhexol 5mg,,29661,,,54151,4663,21-Mar-26,,
74970,34583,,Tab - Neuro-vit Forte,,29661,,,54152,4663,21-Mar-26,,
74976,31108,,Tab - Cognium,,33040,,,54504,4265,24-Mar-26,,
74979,35552,,Tab - Risperidone (Zepidone) 2mg,,32300,,,54655,4663,24-Mar-26,,
74985,34583,,Tab - Neuro-vit Forte,,29661,,,54212,5341,25-Mar-26,,
74994,30838,,Tab - Zepidone 3mg,,30777,,,53634,4570,27-Mar-26,,
74997,34576,,Tab - Carbamazepine 200mg,,29654,,,53565,4570,27-Mar-26,,
74998,35119,,Tab - Risperidone (Zepidone) 2mg,,31560,,,55217,4570,27-Mar-26,,
75004,35849,,Tab - Trifluoperazine       5mg,,33237,,,55722,4662,31-Mar-26,4662,31-Mar-26
75015,36407,,Tab - Neuro-vit Forte,,35113,,,55206,4748,31-Mar-26,,
75027,35934,,Tab - Haloperidol 5mg,,33511,,,56150,4663,3-Apr-26,,
75031,35831,,Tab - Carbamazepine 200mg,,33146,,,55601,4663,3-Apr-26,,
75032,35320,,Tab - Chlorpromazine 100mg,,31535,,,54910,4663,3-Apr-26,,
75036,34504,,Tab - Amlodipine 5mg,,29500,,,55525,4663,3-Apr-26,,
75038,34595,,Tab - Carbamazepine TEGRETOL (Plain) 200mg,,29674,,,55484,4663,3-Apr-26,,
75039,36304,,Tab - Olanzapine (Ozace)10mg x 30,,34731,,,56166,4663,3-Apr-26,,
75043,36374,,Tab - Benzhexol 5mg,,34956,,,55608,4663,3-Apr-26,,
75049,34736,,Tab - Risperdal 2mg,,29964,,,53696,6035,4-Apr-26,,
75063,31616,,Tab - Pyridoxine 50mg,,31120,,,52491,4570,6-Apr-26,,
75068,32325,,Tab - Quetiapine 300mg,,34421,,,55332,4570,6-Apr-26,,
75073,5900,,Tab - Risperidone (Zepidone) 2mg,,35041,,,56188,4570,6-Apr-26,,
75083,35849,,Tab - Trifluoperazine       5mg,,33237,,,56418,4263,7-Apr-26,,
75084,34726,,Cap - Omeprazole 20mg,,29927,,,56429,4268,7-Apr-26,,
75085,34726,,Tab - Paracetamol 500mg,,29927,,,56428,4268,7-Apr-26,4268,7-Apr-26
75089,36029,,Tab - Amitriptyline 25mg,,33897,,,55292,4570,7-Apr-26,4570,7-Apr-26
75111,36636,,Tab - Fluoxetin 20mg,,36044,,,57152,4706,11-Apr-26,,
75112,36636,,Tab - Chlorpromazine 100mg,,36044,,,57151,4706,11-Apr-26,,
75113,36636,,Tab -  Zopiclone 7.5mg,,36044,,,57150,4706,11-Apr-26,,
75116,36617,,Tab -  Zopiclone 7.5mg,,35998,,,57278,4706,11-Apr-26,4709,11-Apr-26
75133,36225,,Tab - Carbamazepine TEGRETOL (Plain) 200mg,,34472,,,57263,4570,11-Apr-26,,
75134,36225,,Tab - Chlorpromazine 100mg,,34472,,,57262,4570,11-Apr-26,,
75135,36225,,Tab -  Folic Acid 5mg,,34472,,,55336,4570,11-Apr-26,,
75136,36225,,Tab - Benzhexol 5mg,,34472,,,55337,4570,11-Apr-26,,
75138,33302,,Tab -  Lisinopril 10mg,,25795,,,55730,4731,11-Apr-26,4731,11-Apr-26
75142,3102,,Tab - Chlorpromazine 100mg,,31211,,,55842,4709,11-Apr-26,,
75146,3102,,Tab - Chlorpromazine 100mg,,31211,,,52857,4709,11-Apr-26,,
75149,3102,,Tab - Pyridoxine 50mg,,31211,,,33459,5602,13-Apr-26,5602,13-Apr-26
75152,34736,,Tab - Risperidone (Zepidone) 2mg,,29964,,,56868,4268,13-Apr-26,,
75154,31108,,Tab - Risperidone (Zepidone) 2mg,,33040,,,56877,5497,13-Apr-26,,
75155,31108,,Tab - Cognium,,33040,,,56878,5497,13-Apr-26,,
75175,35363,,Tab - Haloperidol 10mg,,32038,,,57650,5735,14-Apr-26,,
75177,553,,Tab - Risperidone (Zepidone) 2mg,,31204,,,56942,5735,14-Apr-26,,
75178,553,,Tab -  Lisinopril 5mg,,31204,,,56943,5735,14-Apr-26,,
75179,553,,Tab - Aspirin 75mg,,31204,,,56944,5735,14-Apr-26,,
75180,553,,Tab - Benzhexol 5mg,,31204,,,56945,5735,14-Apr-26,,
75181,35152,,Tab - Chlorpromazine 100mg,,31141,,,57272,5735,14-Apr-26,,
75182,35179,,Tab - Olanzapine (Ozace)10mg x 30,,31137,,,56925,5735,14-Apr-26,,
75190,34932,,Tab - Quetiapine 100mg,,32017,,,57972,5963,14-Apr-26,,
75192,34932,,Tab - .Setraline 50mg,,32017,,,57974,5963,14-Apr-26,,
75194,31108,,Tab - Cognium,,33040,,,57943,5963,14-Apr-26,,
75208,36384,,Tab - Gingkobiloba,,35020,,,57238,4671,15-Apr-26,,
75209,36384,,Tab - Vitamin E 400IU (ENAT),,35020,,,57237,4671,15-Apr-26,,
75210,36384,,Tab - Quetiapine 100mg,,35020,,,57236,4671,15-Apr-26,,
74959,553,,Tab - Aspirin 75mg,,31204,,1,54064,5735,19-Mar-26,4671,20-Mar-26
74961,553,,Tab -  Risperidone (Amidrex) 2mg,,31204,,,54062,5735,19-Mar-26,,
74962,35840,,Tab - Chlorpromazine 100mg,,33994,,,53961,4724,19-Mar-26,,
74963,35840,,Tab - Paracetamol 500mg,,33994,,,53950,4724,19-Mar-26,,
74973,35934,,Tab - Vitamin C 100mg,,33511,,,54183,5341,21-Mar-26,,
74988,553,,Tab -  Risperidone (Amidrex) 2mg,,31204,,1,55002,4671,26-Mar-26,4671,26-Mar-26
75005,31108,,Tab - Cognium,,33040,,,55711,4662,31-Mar-26,,
75006,31108,,Tab - Risperidone (Zepidone) 2mg,,33040,,,55710,4662,31-Mar-26,4662,31-Mar-26
75012,36458,,Tab -  Folic Acid 5mg,,35340,,,55649,4748,31-Mar-26,,
75014,36407,,Tab - Neuro-vit Forte,,35113,,,55587,4748,31-Mar-26,,
75054,36308,,Tab - Nifedipine 20mg,,34737,,,56329,4745,6-Apr-26,,
75071,36225,,Tab - Carbamazepine 200mg,,34472,,,55334,4570,6-Apr-26,,
75080,35849,,Tab - Cognium,,33237,,,56421,4263,7-Apr-26,5963,13-Apr-26
75114,36636,,Tab - Cefuroxime 500mg,,36044,,,57149,4706,11-Apr-26,,
75115,36617,,Tab - Neuro-vit Forte,,35998,,,57306,4706,11-Apr-26,,
75117,36180,,Tab - Vitamin B. Complex,,34318,,,56844,4706,11-Apr-26,,
75118,36180,,Tab - Chlorpromazine 100mg,,34318,,1,56843,4706,11-Apr-26,4709,11-Apr-26
75120,36008,,Tab - Neuro-vit Forte,,33990,,,57154,4706,11-Apr-26,,
75121,36008,,Tab - Neuro-vit Forte,,33990,,,55370,4706,11-Apr-26,,
75124,5755,,Tab - Haloperidol 5mg,,31752,,,57158,4706,11-Apr-26,,
75139,33302,,Tab - Carbamazepine 200mg,,25795,,,55728,4709,11-Apr-26,4709,11-Apr-26
75140,33302,,Tab - Amlodipine 10mg,,25795,,,55729,4709,11-Apr-26,5602,13-Apr-26
75141,33302,,Tab - Risperidone (Risperdal) 3mg,,25795,,,55726,4709,11-Apr-26,,
75143,3102,,Tab - Risperidone (Risperdal) 3mg,,31211,,,55840,4709,11-Apr-26,,
75144,3102,,Tab - Benzhexol 5mg,,31211,,,55841,4709,11-Apr-26,4709,11-Apr-26
75145,3102,,Tab - Sodium Valproate 200mg (Epilim),,31211,,,55839,4709,11-Apr-26,,
75147,3102,,Tab - Sodium Valproate 500mg (Epilim),,31211,,,52855,4709,11-Apr-26,4709,11-Apr-26
75148,34972,,Tab - Clozapine  25mg,,32544,,,54673,5477,12-Apr-26,5477,12-Apr-26
75150,36309,,Tab - Ferrous Sulfate 200mg,,34738,,,55112,5602,13-Apr-26,,
75163,33068,,Tab - Trifluoperazine       5mg,,26635,,,56855,6105,13-Apr-26,6105,13-Apr-26
75164,33068,,Tab - Benzhexol 5mg,,26635,,,56857,6105,13-Apr-26,,
75166,34583,,Tab - Haloperidol 10mg,,29661,,,57603,6105,13-Apr-26,6105,13-Apr-26
75174,35930,,Tab - Benzhexol 5mg,,33498,,,57222,5735,14-Apr-26,,
75191,34932,,Tab - clopidogrel 75mg,,32017,,,57973,5963,14-Apr-26,,
75196,35849,,Tab - Cognium,,33237,,,57996,5963,14-Apr-26,,
75201,32377,,Tab - Risperidone (Zepidone) 2mg,,23529,,,56867,6035,14-Apr-26,,
74960,553,,Tab -  Lisinopril 5mg,,31204,,,54063,5735,19-Mar-26,,
74990,36209,,Tab - Risperidone (Zepidone) 2mg,,34403,,,55132,4745,27-Mar-26,4745,27-Mar-26
74991,35930,,Tab - Risperidone (Zepidone) 2mg,,33498,,,55250,4745,27-Mar-26,,
74993,34699,,Tab - Risperidone (Zepidone) 2mg,,30774,,,55199,4570,27-Mar-26,,
75001,35834,,Tab - Risperidone (Zepidone) 2mg,,33166,,,55595,4663,30-Mar-26,4663,3-Apr-26
75010,31519,,Tab - Risperidone (Zepidone) 2mg,,21616,,,55745,4662,31-Mar-26,,
75022,7689,,Tab -  Risperidone (Amidrex) 2mg,,33820,,,55794,5991,1-Apr-26,,
75026,35912,,Tab - Haloperidol 5mg,,33428,,,54944,4663,3-Apr-26,,
75033,35248,,Tab - Neuro-vit Forte,,31336,,1,56003,4663,3-Apr-26,,
75037,34504,,Tab - Haloperidol 10mg,,29500,,,55483,4663,3-Apr-26,4663,3-Apr-26
75040,36304,,Tab - Amlodipine 10mg,,34731,,,56165,4663,3-Apr-26,,
75042,31776,,Tab - Risperidone (Zepidone) 2mg,,34847,,,55487,4663,3-Apr-26,,
75044,36374,,Tab - Quetiapine 200mg,,34956,,,55607,4663,3-Apr-26,,
75056,35539,,Tab -  Risperidone (Amidrex) 2mg,,32243,,,55091,4570,6-Apr-26,,
75057,5181,,Tab - Chlorpromazine 100mg,,34528,,,55998,4570,6-Apr-26,,
75058,5181,,Tab - Haloperidol 10mg,,34528,,,55996,4570,6-Apr-26,,
75059,35985,,Tab - Haloperidol 5mg,,34529,,,56071,4570,6-Apr-26,4570,6-Apr-26
75060,36029,,Tab - Risperidone (Zepidone) 2mg,,33897,,,55291,4570,6-Apr-26,,
75061,35119,,Tab - Risperidone (Zepidone) 2mg,,31560,,,54556,4570,6-Apr-26,,
75062,31616,,Tab - Sodium Valproate 200mg,,31120,,,54239,4570,6-Apr-26,,
75064,428,,Tab -  Risperidone (Amidrex) 2mg,,31961,,,56001,4570,6-Apr-26,,
75065,35435,,Tab - Risperidone (Zepidone) 2mg,,31964,,,55222,4570,6-Apr-26,,
75066,35445,,Tab - Risperidone (Zepidone) 2mg,,31984,,,55145,4570,6-Apr-26,,
75067,7764,,Tab - Haloperidol 10mg,,34255,,,56066,4570,6-Apr-26,,
75079,36491,,Tab - Chlorpromazine 100mg,,35472,,,56182,4745,7-Apr-26,,
75082,35849,,Tab - Trifluoperazine 5mg,,33237,,,56419,4263,7-Apr-26,4263,7-Apr-26
75151,36309,,Tab - Risperidone (Zepidone) 2mg,,34738,,,53262,5602,13-Apr-26,,
75161,36411,,Tab - Carbamazepine 200mg,,35144,,,57639,6105,13-Apr-26,,
75162,36411,,Tab - Risperidone (Zepidone) 2mg,,35144,,,55575,6105,13-Apr-26,6105,13-Apr-26
75203,36908,,Tab - Neuro-vit Forte,,37082,,,57821,4663,14-Apr-26,4663,14-Apr-26
74956,35024,,Tab - Risperidone (Zepidone) 2mg,,30708,,,53861,4748,19-Mar-26,,
74977,31108,,Tab - Risperidone (Zepidone) 2mg,,33040,,,54503,4265,24-Mar-26,,
75013,36458,,Tab - Chlorpromazine 100mg,,35340,,,55647,4748,31-Mar-26,,
75016,36491,,Tab -  Diazepam 5mg,,35472,,1,55747,4749,31-Mar-26,4749,31-Mar-26
75017,36491,,Tab - Chlorpromazine 100mg,,35472,,1,55746,4749,31-Mar-26,,
75018,36198,,Tab - Vitamin C 100mg,,35104,,,55689,4749,31-Mar-26,,
75019,36198,,Cap -  Amoxicillin 500mg,,35104,,,55456,4749,31-Mar-26,,
75020,36198,,Tab - Diclofenac Potassium 50mg,,35104,,,55454,4749,31-Mar-26,,
75021,36148,,Tab - Chlorpromazine 100mg,,35471,,,55789,6425,1-Apr-26,,
75046,553,,Tab - Aspirin 75mg,,31204,,1,55004,5735,4-Apr-26,,
75047,553,,Tab -  Lisinopril 5mg,,31204,,1,55003,5735,4-Apr-26,,
75072,5900,,Tab - Pyridoxine 50mg,,35041,,,56189,4570,6-Apr-26,,
75075,8203,,Tab - Risperidone (Zepidone) 2mg,,35260,,,56192,4570,6-Apr-26,,
75076,36298,,Inj -  Haloperidol 5mg,,35258,,,55815,4570,6-Apr-26,,
75171,36209,,Tab - Risperidone (Zepidone) 2mg,,34403,,,57197,5735,14-Apr-26,,
75172,36172,,Tab - Amlodipine 10mg,,34300,,,56897,5735,14-Apr-26,,
75173,35930,,Tab - Risperidone (Zepidone) 2mg,,33498,,,57221,5735,14-Apr-26,,
