FLUID_ID,I_PERIOD,I_WARD_ID,I_TYPE,I_TUBE,I_ORAL,I_IV,I_TOTAL,I_TOTAL_TUBE,I_TOTAL_ORAL,I_TOTAL_IV,I_TOTAL_IN,I_TOTAL_OUT,I_BALANCE,I_TIME,O_TIME,O_PERIOD,O_URINE,O_TUBE_VOMIT,O_FAECES,O_TYPE,O_OTHERS,O_TOTAL,O_TOTAL_URINE,O_TOTAL_TUBE,O_TOTAL_FAECES,O_TOTAL_OUT,O_TOTAL_SUMMARY,PERSON_ID,IN_OUT,CREATED_BY,CREATED_DATE,UPDATED_BY,UPDATED_DATE,ADMISSION_ID,CASE_FILE_ID,REMARK,,,,,,,,,,,,,,,,,,,,,,,
48098,,9,QWRWQRT,,,,,,,,,,,22-FEB-21 02.00.00.000000 PM,,,20,,,,,,,,,,,75071,,1149,22-Feb-21,1149,22-Feb-21,215183,,,,,,,,,,,,,,,,,,,,,,,,,
48177,,9,IV,,,3,,,,,,,,03-APR-21 01.57.00.000000 PM,,,3,,,,,,,,,,,75451,,1,3-Apr-21,1,3-Apr-21,215500,,,,,,,,,,,,,,,,,,,,,,,,,
48237,,9,,,,500,,,,,,,,20-MAY-21 01.22.00.000000 PM,,,50,,,,,,,,,,,75632,,1,20-May-21,1,20-May-21,215820,,zduhihuybuhbu,,,,,,,,,,,,,,,,,,,,,,,
48277,,4,5 Dextrose Saline 4h,,,500,,,,,,,,25-AUG-21 12.27.00.000000 PM,,,400,,,,,,,,,,,75831,,1,25-Aug-21,1,25-Aug-21,216860,,,,,,,,,,,,,,,,,,,,,,,,,
48359,,3,normal saline,,,1000,,,,,,,,03-SEP-21 12.10.00.000000 PM,,,450,,,,,,,,,,,75891,,1,3-Sep-21,1,3-Sep-21,216923,,,,,,,,,,,,,,,,,,,,,,,,,
48417,,8,normal ,,10,,,,,,,,,10-NOV-21 03.36.00.000000 PM,,,5,12,,,,,,,,,,76285,,1,10-Nov-21,1,10-Nov-21,217740,,,,,,,,,,,,,,,,,,,,,,,,,
48418,,8,normal ,,10,,,,,,,,,10-NOV-21 03.36.00.000000 PM,,,,,,,,,,,,,,76285,,1,10-Nov-21,1,10-Nov-21,217740,,,,,,,,,,,,,,,,,,,,,,,,,
48437,,8,NORMZAL,,10,,,,,,,,,11-NOV-21 11.20.00.000000 AM,,,5,,,,,,,,,,,76311,,1,11-Nov-21,1,11-Nov-21,,,READY,,,,,,,,,,,,,,,,,,,,,,,
48537,,8,Normal Saline  500,0,200,500,,,,,,,,10-JAN-22 03.59.00.000000 PM,,,300,30,0,,,,,,,,,76713,,829,10-Jan-22,829,10-Jan-22,218600,,patient is tolerated well,,,,,,,,,,,,,,,,,,,,,,,
48538,,8,normal saline,1,400,500,,,,,,,,10-JAN-22 01.58.00.000000 PM,,,700,100,50,,,,,,,,,76759,,829,10-Jan-22,829,10-Jan-22,218585,,well cared for,,,,,,,,,,,,,,,,,,,,,,,
48557,,3,normal saline,1,,500,,,,,,,,11-JAN-22 11.27.00.000000 AM,,,200,,,,,,,,,,,76712,,829,11-Jan-22,829,11-Jan-22,218620,,,,,,,,,,,,,,,,,,,,,,,,,
48677,,362,NORMAL SALINE,,,500,,,,,,,,05-JUL-22 12.58.00.000000 PM,,,200,,,,,,,,,,,73931,,1,5-Jul-22,1,5-Jul-22,220980,,,,,,,,,,,,,,,,,,,,,,,,,
48844,,422,chm saline 500ml,100,50,3,,,,,,,,30-OCT-22 01.31.00.000000 PM,,,10,5,,,,,,,,,,78661,,2915,29-Oct-22,2915,29-Oct-22,222726,,Naaaa... this lady is a goner,,,,,,,,,,,,,,,,,,,,,,,
48846,,422,chm saline 500ml,100,50,3,,,,,,,,30-OCT-22 01.31.00.000000 PM,,,10,5,,,,,,,,,,78661,,2915,29-Oct-22,2915,29-Oct-22,222726,,Naaaa... this lady is a goner,,,,,,,,,,,,,,,,,,,,,,,
49029,,422,NORMAL SALINE 400ml,,,,,,,,,,,26-JAN-23 06.02.00.000000 AM,,,200,,,,,,,,,,,79192,,3610,26-Jan-23,3610,26-Jan-23,224192,,,,,,,,,,,,,,,,,,,,,,,,,
49097,,423,Normal Saline,,,500,,,,,,,,20-FEB-23 01.15.00.000000 PM,,,300,,,,,,,,,,,79665,,3950,20-Feb-23,3950,20-Feb-23,224983,,trtugfqwkutdfkutwe,,,,,,,,,,,,,,,,,,,,,,,
49099,,423,Normal Saline,,,3000,,,,,,,,20-FEB-23 01.41.00.000000 PM,,,150,,,,,,,,,,,79472,,3950,20-Feb-23,3950,20-Feb-23,,,erberbrtbrt,,,,,,,,,,,,,,,,,,,,,,,
49139,,425,normal saline,,,500,,,,,,,,21-FEB-23 11.44.00.000000 AM,,,400,,100,,,,,,,,,79551,,3950,21-Feb-23,3950,21-Feb-23,224800,,4 hours,,,,,,,,,,,,,,,,,,,,,,,
49144,,422,normal saline,,,500,,,,,,,,21-FEB-23 11.43.00.000000 AM,,,,,,,,,,,,,,79551,,3950,21-Feb-23,3950,21-Feb-23,224800,,,,,,,,,,,,,,,,,,,,,,,,,
47976,,282,1,,,,,,,,,,,24-JUN-20 09.57.00.000000 AM,,,1,,,,,,,,,,,73890,,1,24-Jun-20,1,24-Jun-20,213217,,,,,,,,,,,,,,,,,,,,,,,,,
48036,,1,5% Glucose,500,40,1000,,,,,,,,08-NOV-20 10.47.00.000000 PM,,,500,500,10,,,,,,,,,73884,,909,8-Nov-20,909,8-Nov-20,214419,,Ok,,,,,,,,,,,,,,,,,,,,,,,
48077,,3,n-saline & Tea,300,50,500,,,,,,,,15-FEB-21 08.30.00.000000 AM,,,20,,,,,,,,,,,74953,,1,15-Feb-21,1,15-Feb-21,214643,,Ok,,,,,,,,,,,,,,,,,,,,,,,
48257,,10,Normal Salin 150ml,30,10,10,,,,,,,,10-AUG-21 02.33.00.000000 PM,,,5,5,,,,,,,,,,75612,,909,10-Aug-21,909,10-Aug-21,216602,,,,,,,,,,,,,,,,,,,,,,,,,
48397,,3,normal saline,,,1000,,,,,,,,04-SEP-21 01.55.00.000000 PM,,,600,,,,,,,,,,,75891,,1,4-Sep-21,1,4-Sep-21,216923,,,,,,,,,,,,,,,,,,,,,,,,,
48617,,322,,,,,,,,,,,,08-FEB-22 10.22.00.000000 AM,,,,,,,,,,,,,,76871,,1,8-Feb-22,1,8-Feb-22,218980,,,,,,,,,,,,,,,,,,,,,,,,,
48757,,423,d/s 500,120,100,1,,,,,,,,23-AUG-22 02.16.00.000000 PM,,,240,,,,,,,,,,,75831,,2249,23-Aug-22,2249,23-Aug-22,221420,,,,,,,,,,,,,,,,,,,,,,,,,
48777,,422,NORMAL SALINE,,,1000,,,,,,,,09-SEP-22 10.52.00.000000 AM,,,300,,,,,,,,,,,77811,,1,9-Sep-22,1,9-Sep-22,221520,,,,,,,,,,,,,,,,,,,,,,,,,
48841,,422,chm saline 500ml,100,50,3,,,,,,,,30-OCT-22 01.31.00.000000 PM,,,10,5,,,,,,,,,,78661,,2915,29-Oct-22,2915,29-Oct-22,222726,,Naaaa... this lady is a goner,,,,,,,,,,,,,,,,,,,,,,,
48842,,422,chm saline 500ml,100,50,3,,,,,,,,30-OCT-22 01.31.00.000000 PM,,,10,5,,,,,,,,,,78661,,2915,29-Oct-22,2915,29-Oct-22,222726,,Naaaa... this lady is a goner,,,,,,,,,,,,,,,,,,,,,,,
48845,,422,chm saline 500ml,100,50,3,,,,,,,,30-OCT-22 01.31.00.000000 PM,,,10,5,,,,,,,,,,78661,,2915,29-Oct-22,2915,29-Oct-22,222726,,Naaaa... this lady is a goner,,,,,,,,,,,,,,,,,,,,,,,
48850,,422,N/S 1000,100,50,3,,,,,,,,30-OCT-22 03.31.00.000000 PM,,,10,5,,,,,,,,,,78661,,2910,29-Oct-22,2910,29-Oct-22,222726,,PATIENTS IS RESPONDING,,,,,,,,,,,,,,,,,,,,,,,
48851,,422,n/s 500ml,100,50,2,,,,,,,,29-OCT-22 01.31.00.000000 PM,,,10,5,4,,,,,,,,,78661,,2912,29-Oct-22,2912,29-Oct-22,222726,,responding to orals,,,,,,,,,,,,,,,,,,,,,,,
48852,,,chm saline 500ml,100,50,3,,,,,,,,29-OCT-22 01.37.00.000000 PM,,,10,5,,,,,,,,,,78661,,2915,29-Oct-22,2915,29-Oct-22,,,Naaaa... this lady is a goner,,,,,,,,,,,,,,,,,,,,,,,
48853,,424,N/S 1000,100,10,2,,,,,,,,29-OCT-22 01.39.00.000000 PM,,,10,50,0,,,,,,,,,78661,,2910,29-Oct-22,2910,29-Oct-22,222726,,PATIENT ISN'T RESOPONSIVE,,,,,,,,,,,,,,,,,,,,,,,
48877,,423,NORMAL SALINE,,,500,,,,,,,,16-NOV-22 02.32.00.000000 PM,,,200,,,,,,,,,,,78771,,1,16-Nov-22,1,16-Nov-22,222980,,,,,,,,,,,,,,,,,,,,,,,,,
48878,,423,normal saline,,,500,,,,,,,,16-NOV-22 02.32.00.000000 PM,,,1000,,,,,,,,,,,78771,,3257,16-Nov-22,3257,16-Nov-22,222980,,,,,,,,,,,,,,,,,,,,,,,,,
48977,,422,DEXTROSE SALINE,,,500,,,,,,,,23-JAN-23 12.03.00.000000 PM,,,350,,,,,,,,,,,79192,,3610,23-Jan-23,3610,23-Jan-23,224066,,,,,,,,,,,,,,,,,,,,,,,,,
48997,,462,DEXTROSE SALINE,,,500,,,,,,,,23-JAN-23 03.45.00.000000 PM,,,300,,,,,,,,,,,79192,,3610,23-Jan-23,3610,23-Jan-23,224100,,,,,,,,,,,,,,,,,,,,,,,,,
48998,,422,normal saline,,,500,,,,,,,,23-JAN-23 03.45.00.000000 PM,,,300,,,,,,,,,,,79192,,3610,23-Jan-23,3610,23-Jan-23,224100,,,,,,,,,,,,,,,,,,,,,,,,,
48999,,423,I.V,,,500,,,,,,,,23-JAN-23 03.47.00.000000 PM,,,300,,,,,,,,,,,79177,,3610,23-Jan-23,3610,23-Jan-23,224084,,CONC.,,,,,,,,,,,,,,,,,,,,,,,
49000,,425,dextrose water,,,500,,,,,,,,23-JAN-23 03.46.00.000000 PM,,,300,,,,,,,,,,,79176,,3610,23-Jan-23,3610,23-Jan-23,224083,,normal,,,,,,,,,,,,,,,,,,,,,,,
49001,,462,normal saline,,300,500,,,,,,,,23-JAN-23 03.47.00.000000 PM,,,300,100,,,,,,,,,,79177,,3610,23-Jan-23,3610,23-Jan-23,224084,,,,,,,,,,,,,,,,,,,,,,,,,
49017,,,normal sal;ine,,,500,,,,,,,,26-JAN-23 02.40.00.000000 AM,,,300,,,,,,,,,,,79199,,3610,26-Jan-23,3610,26-Jan-23,224189,,,,,,,,,,,,,,,,,,,,,,,,,
49021,,,dextrose,,,500,,,,,,,,26-JAN-23 08.06.00.000000 AM,,,300,,,,,,,,,,,79173,,3610,26-Jan-23,3610,26-Jan-23,224193,,satisfactory,,,,,,,,,,,,,,,,,,,,,,,
49030,,423,destros saline,,,500,,,,,,,,26-JAN-23 11.59.00.000000 AM,,,300,,,,,,,,,,,79176,,3610,26-Jan-23,3610,26-Jan-23,224197,,pus in the urine,,,,,,,,,,,,,,,,,,,,,,,
49058,,422,dexstrose,,,500,,,,,,,,26-JAN-23 04.00.00.000000 PM,,,300,,,,,,,,,,,79183,,3610,26-Jan-23,3610,26-Jan-23,224196,,clear,,,,,,,,,,,,,,,,,,,,,,,
49077,,423,IV,,,5,,,,,,,,29-JAN-23 04.53.00.000000 PM,,,2,,,,,,,,,,,79186,,1,29-Jan-23,1,29-Jan-23,224198,,,,,,,,,,,,,,,,,,,,,,,,,
47996,,1,,,,,,,,,,,,14-AUG-20 02.35.00.000000 PM,,,,,,,,,,,,,,74431,,1,14-Aug-20,1,14-Aug-20,213679,,,,,,,,,,,,,,,,,,,,,,,,,
48037,,3,n-saline,40,40,10,,,,,,,,04-DEC-20 11.05.00.000000 AM,,,0,10,,,,,,,,,,74691,,909,4-Dec-20,909,4-Dec-20,214742,,nil,,,,,,,,,,,,,,,,,,,,,,,
48298,,,normal saline,,,1000,,,,,,,,01-SEP-21 12.39.00.000000 PM,,,500,,,,,,,,,,,75891,,1,1-Sep-21,1,1-Sep-21,216921,,,,,,,,,,,,,,,,,,,,,,,,,
48377,,8,Normal Salin 150ml,30,15,10,,,,,,,,03-SEP-21 04.42.00.000000 PM,,,7,5,,,,,,,,,,74031,,1,3-Sep-21,1,3-Sep-21,216922,,ok,,,,,,,,,,,,,,,,,,,,,,,
48517,,10,Normal Seline,,,500,,,,,,,,20-DEC-21 03.53.00.000000 PM,,,200,,,,,,,,,,,75931,,1,20-Dec-21,1,20-Dec-21,217022,,,,,,,,,,,,,,,,,,,,,,,,,
48577,,8,NORMAL SALINE,1,,500,,,,,,,,12-JAN-22 04.07.00.000000 PM,,,,,,,,,,,,,,76812,,1869,12-Jan-22,1869,12-Jan-22,218682,,,,,,,,,,,,,,,,,,,,,,,,,
48597,,342,meh,23,23,23,,,,,,,,01-FEB-22 09.32.00.000000 AM,,,23,23,23,,,,,,,,,76711,,1789,1-Feb-22,1789,1-Feb-22,219120,,meh,,,,,,,,,,,,,,,,,,,,,,,
48637,,362,normal saline,,,500,,,,,,,,11-MAR-22 11.21.00.000000 AM,,,,,,,,,,,,,,77071,,2149,11-Mar-22,2149,11-Mar-22,219900,,,,,,,,,,,,,,,,,,,,,,,,,
48638,,362,,,,,,,,,,,,11-MAR-22 11.25.00.000000 AM,,,400,,,,,,,,,,,77071,,2149,11-Mar-22,2149,11-Mar-22,,,,,,,,,,,,,,,,,,,,,,,,,,
48737,,382,NORMAL SALINE,,,500,,,,,,,,10-AUG-22 04.17.00.000000 PM,,,1000,,,,,,,,,,,77912,,1,10-Aug-22,1,10-Aug-22,221264,,,,,,,,,,,,,,,,,,,,,,,,,
48797,,422,,500,,,,,,,,,,16-SEP-22 04.46.00.000000 PM,,,,5.5,,,,,,,,,,78031,,1,16-Sep-22,1,16-Sep-22,221600,,,,,,,,,,,,,,,,,,,,,,,,,
48798,,422,,50,2,2,,,,,,,,16-SEP-22 11.58.00.000000 PM,,,,,,,,,,,,,,78051,,1,16-Sep-22,1,16-Sep-22,221620,,,,,,,,,,,,,,,,,,,,,,,,,
48938,,422,normal saline,,,500,,,,,,,,12-JAN-23 11.29.00.000000 AM,,,300,,,,,,,,,,,78411,,3250,12-Jan-23,3250,12-Jan-23,222361,,clear,,,,,,,,,,,,,,,,,,,,,,,
48857,,423,DEXTROSE SALINE,,,500,,,,,,,,15-NOV-22 01.43.00.000000 PM,,,350,,,,,,,,,,,78771,,1,15-Nov-22,1,15-Nov-22,222940,,,,,,,,,,,,,,,,,,,,,,,,,
48937,,423,Normal Saline,,,500,,,,,,,,12-JAN-23 11.28.00.000000 AM,,,200,,,,,,,,,,,74031,,3250,12-Jan-23,3250,12-Jan-23,223880,,,,,,,,,,,,,,,,,,,,,,,,,
48957,,422,normal saline,,,500,,,,,,,,17-JAN-23 12.15.00.000000 PM,,,300,,,,,,,,,,,78411,,3250,17-Jan-23,3250,17-Jan-23,222361,,clear,,,,,,,,,,,,,,,,,,,,,,,
48978,,423,0.9% normal saline,,,500,,,,,,,,23-JAN-23 12.03.00.000000 PM,,,400,,,,,,,,,,,79176,,3610,23-Jan-23,3610,23-Jan-23,224083,,,,,,,,,,,,,,,,,,,,,,,,,
48979,,,5% DEXTROSE SALINE,,,,,,,,,,,23-JAN-23 12.06.00.000000 PM,,,535,,,,,,,,,,,79203,,3610,23-Jan-23,3610,23-Jan-23,224060,,,,,,,,,,,,,,,,,,,,,,,,,
48980,,424,normal saline,,,500,,,,,,,,23-JAN-23 01.37.00.000000 PM,,,200,,,,,,,,,,,79192,,3610,23-Jan-23,3610,23-Jan-23,224066,,,,,,,,,,,,,,,,,,,,,,,,,
48983,,425,0.9% normal saline,0,700,500,,,,,,,,23-JAN-23 01.39.00.000000 PM,,,400,0,200,,,,,,,,,79177,,3610,23-Jan-23,3610,23-Jan-23,224084,,urine is clear,,,,,,,,,,,,,,,,,,,,,,,
49022,,462,normal saline,,,500,,,,,,,,26-JAN-23 11.59.00.000000 AM,,,200,,,,,,,,,,,79194,,3610,26-Jan-23,3610,26-Jan-23,224184,,bloody,,,,,,,,,,,,,,,,,,,,,,,
49023,,462,normal saline,,,500,,,,,,,,26-JAN-23 12.00.00.000000 PM,,,200,,,,,,,,,,,79173,,3610,26-Jan-23,3610,26-Jan-23,224193,,blood in fluid,,,,,,,,,,,,,,,,,,,,,,,
49024,,422,normal saline,,200,500,,,,,,,,26-JAN-23 11.59.00.000000 AM,,,299,20,,,,,,,,,,79186,,3610,26-Jan-23,3610,26-Jan-23,224198,,nil,,,,,,,,,,,,,,,,,,,,,,,
49025,,462,dextrose water,,,500,,,,,,,,26-JAN-23 11.59.00.000000 AM,,,300,,,,,,,,,,,79186,,3610,26-Jan-23,3610,26-Jan-23,224198,,normal,,,,,,,,,,,,,,,,,,,,,,,
49026,,,normal saline,,,500,,,,,,,,26-JAN-23 11.59.00.000000 PM,,,300,,,,,,,,,,,75891,,3610,26-Jan-23,3610,26-Jan-23,224199,,n,,,,,,,,,,,,,,,,,,,,,,,
49038,,,normal sal;ine,,,500,,,,,,,,26-JAN-23 03.00.00.000000 PM,,,300,,,,,,,,,,,79176,,3610,26-Jan-23,3610,26-Jan-23,224197,,,,,,,,,,,,,,,,,,,,,,,,,
49042,,423,normal saline,,,500,,,,,,,,26-JAN-23 02.11.00.000000 PM,,,300,,,,,,,,,,,79186,,3610,26-Jan-23,3610,26-Jan-23,224198,,satiusfactory,,,,,,,,,,,,,,,,,,,,,,,
49044,,,dextrose water,,,500,,,,,,,,26-JAN-23 03.15.00.000000 PM,,,,,,,,,,,,,,79192,,3610,26-Jan-23,3610,26-Jan-23,224192,,,,,,,,,,,,,,,,,,,,,,,,,
49157,,,dextrose saline,,,500,,,,,,,,21-FEB-23 01.25.00.000000 PM,,,250,,,,,,,,,,,79551,,3950,21-Feb-23,3950,21-Feb-23,224800,,6 hourly,,,,,,,,,,,,,,,,,,,,,,,
49158,,,DEXTROSE SALINE,,,500,,,,,,,,21-FEB-23 01.25.00.000000 PM,,,,,,,,,,,,,,79551,,3950,21-Feb-23,3950,21-Feb-23,224800,,24HRS,,,,,,,,,,,,,,,,,,,,,,,
49159,,,Dextrose saline,,,500,,,,,,,,21-FEB-23 01.25.00.000000 PM,,,300,100,,,,,,,,,,79551,,3950,21-Feb-23,3950,21-Feb-23,224800,,1 hourly,,,,,,,,,,,,,,,,,,,,,,,
49160,,,Dextrose saline,,,500,,,,,,,,21-FEB-23 01.25.00.000000 AM,,,,,,,,,,,,,,79551,,3950,21-Feb-23,3950,21-Feb-23,224800,,6 hourly,,,,,,,,,,,,,,,,,,,,,,,
49161,,422,normal saline,,,500,,,,,,,,21-FEB-23 01.25.00.000000 PM,,,350,,,,,,,,,,,79551,,3950,21-Feb-23,3950,21-Feb-23,224800,,2hourly,,,,,,,,,,,,,,,,,,,,,,,
49237,,423,normal saline,,,500,,,,,,,,17-MAR-23 11.58.00.000000 AM,,,300,,,,,,,,,,,79877,,4111,17-Mar-23,4111,17-Mar-23,225522,,,,,,,,,,,,,,,,,,,,,,,,,
49238,,425,Dextrose saline ,,,500,,,,,,,,17-MAR-23 12.58.00.000000 AM,,,300,,,,,,,,,,,79874,,4111,17-Mar-23,4111,17-Mar-23,225485,,,,,,,,,,,,,,,,,,,,,,,,,
49239,,425,Normal saline,,,500,,,,,,,,17-MAR-23 11.58.00.000000 AM,,,300,,,,,,,,,,,79877,,4111,17-Mar-23,4111,17-Mar-23,225522,,,,,,,,,,,,,,,,,,,,,,,,,
49240,,425,Dextrose saline,,,500,,,,,,,,17-MAR-23 12.50.00.000000 AM,,,300,,,,,,,,,,,79913,,4111,17-Mar-23,4111,17-Mar-23,225442,,,,,,,,,,,,,,,,,,,,,,,,,
49241,,422,Normal saline ,,,500,,,,,,,,17-MAR-23 12.01.00.000000 PM,,,300,,,,,,,,,,,79871,,4111,17-Mar-23,4111,17-Mar-23,225484,,Amber,,,,,,,,,,,,,,,,,,,,,,,
49242,,423,Normal saline,1,0,500,,,,,,,,17-MAR-23 12.01.00.000000 PM,,,300,,,,,,,,,,,79392,,4111,17-Mar-23,4111,17-Mar-23,224407,,Amber,,,,,,,,,,,,,,,,,,,,,,,
49258,,423,Dextrose saline,,,500,,,,,,,,17-MAR-23 02.06.00.000000 PM,,,300,,,,,,,,,,,79915,,4111,17-Mar-23,4111,17-Mar-23,225521,,,,,,,,,,,,,,,,,,,,,,,,,
49277,,422,n/s 500,100,10,2,,,,,,,,19-MAR-23 09.41.00.000000 PM,,,,,,,,,,,,,,79831,,2249,19-Mar-23,2249,19-Mar-23,225560,,i have taken fluid balance,,,,,,,,,,,,,,,,,,,,,,,
49278,,422,,,,,,,,,,,,19-MAR-23 10.49.00.000000 PM,,,30,5,10,,,,,,,,,79831,,2249,19-Mar-23,2249,19-Mar-23,,,i have taken fluid balance,,,,,,,,,,,,,,,,,,,,,,,
48057,,3,Normal Salin 150ml,30,10,10,,,,,,,,21-DEC-20 01.26.00.000000 PM,,,5,,,,,,,,,,,74691,,909,21-Dec-20,909,21-Dec-20,214780,,,,,,,,,,,,,,,,,,,,,,,,,
48099,,4,WATER,,,,,,,,,,,22-FEB-21 05.29.00.000000 PM,,,30,,,,,,,,,,,75199,,1,22-Feb-21,1,22-Feb-21,215187,,,,,,,,,,,,,,,,,,,,,,,,,
48117,,8,Normal Salin 150ml,30,10,10,,,,,,,,10-MAR-21 04.33.00.000000 PM,,,5,5,,,,,,,,,,74031,,909,10-Mar-21,909,10-Mar-21,215280,,,,,,,,,,,,,,,,,,,,,,,,,
48137,,3,N/S 500ML,100,250,250,,,,,,,,11-MAR-21 12.08.00.000000 PM,,,100,50,20,,,,,,,,,75311,,113,12-Mar-21,113,12-Mar-21,215300,,,,,,,,,,,,,,,,,,,,,,,,,
48197,,3,normal saline ,300,,,,,,,,,,14-APR-21 10.05.00.000000 PM,,,450,,,,,,,,,,,75199,,1,14-Apr-21,1,14-Apr-21,215187,,,,,,,,,,,,,,,,,,,,,,,,,
48217,,8,ns,,,500,,,,,,,,25-APR-21 04.59.00.000000 PM,,,50,,,,,,,,,,,75552,,1,25-Apr-21,1,25-Apr-21,215581,,zduhihuybuhbu,,,,,,,,,,,,,,,,,,,,,,,
48297,,3,Normal Salin 150ml,30,10,10,,,,,,,,01-SEP-21 05.24.00.000000 PM,,,5,5,,,,,,,,,,74031,,909,1-Sep-21,909,1-Sep-21,216920,,ok,,,,,,,,,,,,,,,,,,,,,,,
48318,,8,Normal Salin 150ml,30,10,10,,,,,,,,02-SEP-21 11.59.00.000000 AM,,,5,5,,,,,,,,,,74031,,909,2-Sep-21,909,2-Sep-21,216922,,ok,,,,,,,,,,,,,,,,,,,,,,,
48357,,8,Normal Salin 150ml,30,10,50,,,,,,,,03-SEP-21 12.40.00.000000 PM,,,10,7,,,,,,,,,,74031,,1,3-Sep-21,1,3-Sep-21,216922,,ok,,,,,,,,,,,,,,,,,,,,,,,
48358,,3,normal saline,,,1000,,,,,,,,03-SEP-21 12.07.00.000000 PM,,,500,,,,,,,,,,,74031,,1,3-Sep-21,1,3-Sep-21,216922,,,,,,,,,,,,,,,,,,,,,,,,,
48457,,1,Dextrose Seline,,,500,,,,,,,,30-NOV-21 12.30.00.000000 PM,,,200,,,,,,,,,,,76571,,1,30-Nov-21,1,30-Nov-21,218140,,,,,,,,,,,,,,,,,,,,,,,,,
48497,,4,5%g glucose 500ml,250,50,1,,,,,,,,12-DEC-21 06.18.00.000000 PM,,,20,,,,,,,,,,,74691,,1,12-Dec-21,1,12-Dec-21,218360,,patient is observing changes,,,,,,,,,,,,,,,,,,,,,,,
48657,,362,Nomal Seline,,,500,,,,,,,,01-JUN-22 01.28.00.000000 PM,,,300,,,,,,,,,,,76712,,1,1-Jun-22,1,1-Jun-22,220960,,,,,,,,,,,,,,,,,,,,,,,,,
48717,,362,full strength D/S,,,500,,,,,,,,10-AUG-22 09.18.00.000000 AM,,,200,,,,,,,,,,,77871,,1,10-Aug-22,1,10-Aug-22,221260,,,,,,,,,,,,,,,,,,,,,,,,,
48837,,423,100,,0,30,,,,,,,,29-OCT-22 01.31.00.000000 PM,,,5,20,,,,,,,,,,78661,,2911,29-Oct-22,2911,29-Oct-22,222726,,Patient have probleb passing urine,,,,,,,,,,,,,,,,,,,,,,,
48838,,422,N/SELINE,100,50,1,,,,,,,,29-OCT-22 02.10.00.000000 PM,,,10,5,5,,,,,,,,,78661,,2910,29-Oct-22,2910,29-Oct-22,222726,,patient decline oral drugs,,,,,,,,,,,,,,,,,,,,,,,
48839,,422,chm saline 500ml,100,50,3,,,,,,,,30-OCT-22 01.31.00.000000 PM,,,10,5,,,,,,,,,,78661,,2915,29-Oct-22,2915,29-Oct-22,222726,,Naaaa... this lady is a goner,,,,,,,,,,,,,,,,,,,,,,,
48840,,422,chm saline 500ml,100,50,3,,,,,,,,30-OCT-22 01.31.00.000000 PM,,,10,5,,,,,,,,,,78661,,2915,29-Oct-22,2915,29-Oct-22,222726,,Naaaa... this lady is a goner,,,,,,,,,,,,,,,,,,,,,,,
48843,,423,N/L 500,100,50,3,,,,,,,,11-OCT-22 03.31.00.000000 PM,,,10,50,2,,,,,,,,,78661,,2929,29-Oct-22,2929,29-Oct-22,222726,,"YES,PATIENT IS GOOD",,,,,,,,,,,,,,,,,,,,,,,
48847,,422,chm saline 500ml,100,50,3,,,,,,,,30-OCT-22 01.31.00.000000 PM,,,10,5,,,,,,,,,,78661,,2915,29-Oct-22,2915,29-Oct-22,222726,,Naaaa... this lady is a goner,,,,,,,,,,,,,,,,,,,,,,,
48848,,423,n-saline,1000,50,2,,,,,,,,30-OCT-22 01.31.00.000000 PM,,,10,50,,,,,,,,,,78661,,2913,29-Oct-22,2913,29-Oct-22,222726,,patient urinated frequently,,,,,,,,,,,,,,,,,,,,,,,
48849,,423,N/S 500,100,50,2,,,,,,,,29-OCT-22 01.32.00.000000 PM,,,10,50,,,,,,,,,,78661,,2910,29-Oct-22,2910,29-Oct-22,222726,,PATIENT IS RESPONDING,,,,,,,,,,,,,,,,,,,,,,,
48917,,462,NORMAL SALINE,,,1000,,,,,,,,18-NOV-22 01.52.00.000000 PM,,,600,,,,,,,,,,,78791,,3257,18-Nov-22,3257,18-Nov-22,223060,,,,,,,,,,,,,,,,,,,,,,,,,
48918,,,,,,,,,,,,,,20-NOV-22 01.55.00.000000 PM,,,,,,,,,,,,,,78791,,3289,18-Nov-22,3289,18-Nov-22,223060,,,,,,,,,,,,,,,,,,,,,,,,,
48958,,422,,,,,,,,,,,,17-JAN-23 12.17.00.000000 PM,,,300,,,,,,,,,,,78411,,3250,17-Jan-23,3250,17-Jan-23,,,clear,,,,,,,,,,,,,,,,,,,,,,,
49018,,422,normal saline,,,500,,,,,,,,26-JAN-23 11.59.00.000000 AM,,,300,,,,,,,,,,,79175,,3610,26-Jan-23,3610,26-Jan-23,224195,,clear,,,,,,,,,,,,,,,,,,,,,,,
49019,,423,normal saline,,,500,,,,,,,,13-JAN-23 03.59.00.000000 AM,,,350,,,,,,,,,,,79231,,3610,26-Jan-23,3610,26-Jan-23,224181,,,,,,,,,,,,,,,,,,,,,,,,,
49020,,425,normal saline,,,500,,,,,,,,26-JAN-23 11.59.00.000000 AM,,,200,,,,,,,,,,,79176,,3610,26-Jan-23,3610,26-Jan-23,224197,,,,,,,,,,,,,,,,,,,,,,,,,
49027,,423,,,,500,,,,,,,,26-JAN-23 12.00.00.000000 PM,,,300,,,,,,,,,,,79183,,3610,26-Jan-23,3610,26-Jan-23,224196,,CONC.,,,,,,,,,,,,,,,,,,,,,,,
49028,,,normal saline,,,500,,,,,,,,26-JAN-23 12.40.00.000000 PM,,,200,,,,,,,,,,,79194,,3610,26-Jan-23,3610,26-Jan-23,224184,,normal,,,,,,,,,,,,,,,,,,,,,,,
49031,,423,dextrose saline,,,500,,,,,,,,26-JAN-23 12.03.00.000000 AM,,,500,,,,,,,,,,,79176,,3610,26-Jan-23,3610,26-Jan-23,224197,,amber,,,,,,,,,,,,,,,,,,,,,,,
49037,,425,DEXTROSE SALINE,,,500,,,,,,,,26-JAN-23 02.11.00.000000 PM,,,300,,,,,,,,,,,79176,,3610,26-Jan-23,3610,26-Jan-23,224197,,,,,,,,,,,,,,,,,,,,,,,,,
49039,,423,normal saline,,,500,,,,,,,,26-JAN-23 02.11.00.000000 PM,,,300,,,,,,,,,,,79176,,3610,26-Jan-23,3610,26-Jan-23,224197,,,,,,,,,,,,,,,,,,,,,,,,,
49040,,423,dextrose,,,500,,,,,,,,26-JAN-23 02.11.00.000000 PM,,,200,,,,,,,,,,,79176,,3569,26-Jan-23,3569,26-Jan-23,224197,,,,,,,,,,,,,,,,,,,,,,,,,
49041,,422,normal saline,,,,,,,,,,,26-JAN-23 02.11.00.000000 PM,,,300,,,,,,,,,,,79194,,3610,26-Jan-23,3610,26-Jan-23,224184,,,,,,,,,,,,,,,,,,,,,,,,,
49043,,,normal saline,,,,,,,,,,,26-JAN-23 02.11.00.000000 PM,,,200,,,,,,,,,,,79186,,3610,26-Jan-23,3610,26-Jan-23,224198,,,,,,,,,,,,,,,,,,,,,,,,,
49098,,423,Normal Saline,,,500,,,,,,,,20-FEB-23 01.36.00.000000 PM,,,500,,,,,,,,,,,79472,,3950,20-Feb-23,3950,20-Feb-23,224580,,rhtrhhtyhtyhyth,,,,,,,,,,,,,,,,,,,,,,,
49137,,422,normal saline,,,500,,,,,,,,21-FEB-23 11.43.00.000000 AM,,,500,,,,,,,,,,,79551,,3950,21-Feb-23,3950,21-Feb-23,224800,,8hrs,,,,,,,,,,,,,,,,,,,,,,,
49140,,,normal saliine,,,500,,,,,,,,21-FEB-23 11.44.00.000000 AM,,,,,,,,,,,,,,79551,,3950,21-Feb-23,3950,21-Feb-23,224800,,4,,,,,,,,,,,,,,,,,,,,,,,
49141,,422,normal saline,,,500,,,,,,,,21-FEB-23 11.43.00.000000 AM,,,,,,,,,,,,,,79551,,3950,21-Feb-23,3950,21-Feb-23,224800,,15 d/m,,,,,,,,,,,,,,,,,,,,,,,
49142,,422,,,,500,,,,,,,,21-FEB-23 11.47.00.000000 AM,,,300,,,,,,,,,,,79551,,3950,21-Feb-23,3950,21-Feb-23,224800,,3 hourly,,,,,,,,,,,,,,,,,,,,,,,
49143,,424,normal saline,,,500,,,,,,,,21-FEB-23 11.43.00.000000 AM,,,350,,,,,,,,,,,79551,,3950,21-Feb-23,3950,21-Feb-23,224800,,fgfrbfbj,,,,,,,,,,,,,,,,,,,,,,,
49145,,425,normal saline,,,500,,,,,,,,21-FEB-23 11.44.00.000000 AM,,,1000,,,,,,,,,,,79551,,3950,21-Feb-23,3950,21-Feb-23,224800,,6hrly,,,,,,,,,,,,,,,,,,,,,,,
49177,,423,Normal Saline,,,500,,,,,,,,01-MAR-23 10.49.00.000000 AM,,,300,,,,,,,,,,,79731,,3950,1-Mar-23,3950,1-Mar-23,225160,,3 hourly,,,,,,,,,,,,,,,,,,,,,,,
48016,,3,"Normal Saline, Tea",500,40,1000,,,,,,,,18-OCT-20 01.28.00.000000 PM,,,500,500,,,,,,,,,,74693,,909,18-Oct-20,909,18-Oct-20,214278,,,,,,,,,,,,,,,,,,,,,,,,,
48097,,1,seewwe,,,,,,,,,,,22-FEB-21 12.28.00.000000 PM,,,10,,,,,,,,,,,75251,,1149,22-Feb-21,1149,22-Feb-21,215180,,,,,,,,,,,,,,,,,,,,,,,,,
48157,,1,,,,100,,,,,,,,30-MAR-21 01.16.00.000000 PM,,,50,,,,,,,,,,,75411,,1,30-Mar-21,1,30-Mar-21,215420,,,,,,,,,,,,,,,,,,,,,,,,,
48299,,10,Normal Salin 150ml,30,10,10,,,,,,,,01-SEP-21 03.46.00.000000 PM,,,5,5,,,,,,,,,,74031,,909,1-Sep-21,909,1-Sep-21,216922,,,,,,,,,,,,,,,,,,,,,,,,,
48317,,3,normal saline,,,1000,,,,,,,,02-SEP-21 06.32.00.000000 AM,,,500,,,,,,,,,,,74031,,1,2-Sep-21,1,2-Sep-21,216922,,,,,,,,,,,,,,,,,,,,,,,,,
48337,,3,Normal Salin 150ml,30,10,10,,,,,,,,02-SEP-21 04.28.00.000000 PM,,,7,5,,,,,,,,,,74031,,909,2-Sep-21,909,2-Sep-21,216922,,ok,,,,,,,,,,,,,,,,,,,,,,,
48338,,1,normal saline,,,1000,,,,,,,,02-SEP-21 03.30.00.000000 PM,,,500,,,,,,,,,,,75891,,1,2-Sep-21,1,2-Sep-21,216923,,,,,,,,,,,,,,,,,,,,,,,,,
48477,,1,Normal Seline,,,500,,,,,,,,08-DEC-21 02.22.00.000000 PM,,,200,,,,,,,,,,,76674,,1,8-Dec-21,1,8-Dec-21,218320,,,,,,,,,,,,,,,,,,,,,,,,,
48478,,1,Normal Seline,,,500,,,,,,,,08-DEC-21 02.22.00.000000 PM,,,200,,,,,,,,,,,76674,,1,8-Dec-21,1,8-Dec-21,218320,,,,,,,,,,,,,,,,,,,,,,,,,
48697,,362,NORMAL SALINE/WATER,,,575,,,,,,,,09-AUG-22 03.12.00.000000 PM,,,300,,,,,,,,,,,77811,,1,9-Aug-22,1,9-Aug-22,221241,,,,,,,,,,,,,,,,,,,,,,,,,
48897,,423,5% DEXTROSE SALINE,,,500,,,,,,,,17-NOV-22 01.52.00.000000 PM,,,200,,,,,,,,,,,78771,,3257,17-Nov-22,3257,17-Nov-22,223020,,,,,,,,,,,,,,,,,,,,,,,,,
48898,,423,5% dextrose saline,,,500,,,,,,,,17-NOV-22 01.54.00.000000 PM,,,200,,,,,,,,,,,78813,,3257,17-Nov-22,3257,17-Nov-22,223021,,,,,,,,,,,,,,,,,,,,,,,,,
48981,,423,NORMAL SALINE,,,500,,,,,,,,23-JAN-23 01.30.00.000000 AM,,,200,,,,,,,,,,,79203,,3610,23-Jan-23,3610,23-Jan-23,224060,,,,,,,,,,,,,,,,,,,,,,,,,
48982,,423,dextrose saline,,,500,,,,,,,,23-JAN-23 01.37.00.000000 PM,,,300,,,,,,,,,,,79199,,3610,23-Jan-23,3610,23-Jan-23,224062,,,,,,,,,,,,,,,,,,,,,,,,,
49032,,422,0.9% normal saline,0,,500,,,,,,,,26-JAN-23 02.04.00.000000 PM,,,400,0,200,,,,,,,,,79173,,3610,26-Jan-23,3610,26-Jan-23,224193,,urine is clear,,,,,,,,,,,,,,,,,,,,,,,
49057,,462,DEXTROSE SALINE,,,500,,,,,,,,26-JAN-23 04.00.00.000000 PM,,,100,,,,,,,,,,,79177,,3610,26-Jan-23,3610,26-Jan-23,224188,,,,,,,,,,,,,,,,,,,,,,,,,
49059,,422,normal saline,,,500,,,,,,,,26-JAN-23 04.02.00.000000 PM,,,200,,,,,,,,,,,79192,,3610,26-Jan-23,3610,26-Jan-23,224192,,blood in fluid,,,,,,,,,,,,,,,,,,,,,,,
49117,,423,Normal Saline,,,500,,,,,,,,21-FEB-23 11.07.00.000000 AM,,,450,,,,,,,,,,,79551,,3950,21-Feb-23,3950,21-Feb-23,224800,,,,,,,,,,,,,,,,,,,,,,,,,
49138,,423,normal saline,,,500,,,,,,,,21-FEB-23 11.44.00.000000 AM,,,1200,,,,,,,,,,,79551,,3950,21-Feb-23,3950,21-Feb-23,224800,,5hourly,,,,,,,,,,,,,,,,,,,,,,,
49146,,422,normal saline,,,500,,,,,,,,21-FEB-23 11.44.00.000000 AM,,,700,,,,,,,,,,,79551,,3950,21-Feb-23,3950,21-Feb-23,224800,,4 HOURLY,,,,,,,,,,,,,,,,,,,,,,,
49147,,422,normal saline,,,500,,,,,,,,21-FEB-23 11.44.00.000000 AM,,,400,,,,,,,,,,,79551,,3950,21-Feb-23,3950,21-Feb-23,224800,,4 hourly,,,,,,,,,,,,,,,,,,,,,,,
49197,,422,DEXTROSE SALINE,,,500,,,,,,,,09-MAR-23 03.44.00.000000 PM,,,200,,,,,,,,,,,79851,,1,9-Mar-23,1,9-Mar-23,225302,,,,,,,,,,,,,,,,,,,,,,,,,
49217,,462,DEXTROSE SALINE,,,500,,,,,,,,16-MAR-23 12.08.00.000000 PM,,,300,,,,,,,,,,,79914,,4111,16-Mar-23,4111,16-Mar-23,225441,,,,,,,,,,,,,,,,,,,,,,,,,
49218,,482,10% dextrose water,,,500,,,,,,,,16-MAR-23 12.09.00.000000 PM,,,400,,,,,,,,,,,79871,,4111,16-Mar-23,4111,16-Mar-23,225484,,,,,,,,,,,,,,,,,,,,,,,,,
49219,,425,Dextrose saline ,,,500,,,,,,,,16-MAR-23 12.08.00.000000 PM,,,300,,,,,,,,,,,79911,,4111,16-Mar-23,4111,16-Mar-23,225444,,,,,,,,,,,,,,,,,,,,,,,,,
49220,,462,normal saline,,,500,,,,,,,,16-MAR-23 12.10.00.000000 PM,,,200,,,,,,,,,,,79914,,4111,16-Mar-23,4111,16-Mar-23,,,,,,,,,,,,,,,,,,,,,,,,,,
49221,,423,Normal saline,,,500,,,,,,,,16-MAR-23 12.10.00.000000 PM,,,350,,,,,,,,,,,79877,,4111,16-Mar-23,4111,16-Mar-23,225483,,,,,,,,,,,,,,,,,,,,,,,,,
49222,,423,Water,,500,,,,,,,,,16-MAR-23 12.09.00.000000 PM,,,700,,,,,,,,,,,79392,,4111,16-Mar-23,4111,16-Mar-23,224407,,,,,,,,,,,,,,,,,,,,,,,,,
49223,,,Dextrose Saline,,,500,,,,,,,,16-MAR-23 12.10.00.000000 PM,,,200,,,,,,,,,,,79914,,4111,16-Mar-23,4111,16-Mar-23,225441,,,,,,,,,,,,,,,,,,,,,,,,,
49224,,423,Ivf,,,500,,,,,,,,16-MAR-23 12.09.00.000000 PM,,,500,,,,,,,,,,,79874,,4111,16-Mar-23,4111,16-Mar-23,225485,,,,,,,,,,,,,,,,,,,,,,,,,
49225,,482,Normal sine,,,200,,,,,,,,16-MAR-23 12.09.00.000000 PM,,,40,10,,,,,,,,,,79871,,4111,16-Mar-23,4111,16-Mar-23,225484,,Normal,,,,,,,,,,,,,,,,,,,,,,,
49226,,423,Dextrose saline,,,500,,,,,,,,16-MAR-23 12.14.00.000000 PM,,,200,,,,,,,,,,,79872,,4111,16-Mar-23,4111,16-Mar-23,225480,,,,,,,,,,,,,,,,,,,,,,,,,
49227,,425,Ringer's Lactate,,,500,,,,,,,,16-MAR-23 02.04.00.000000 PM,,,300,,,,,,,,,,,79877,,4111,16-Mar-23,4111,16-Mar-23,225483,,,,,,,,,,,,,,,,,,,,,,,,,
49228,,425,Normal saline,,,500,,,,,,,,16-MAR-23 02.06.00.000000 PM,,,300,,,,,,,,,,,79874,,4111,16-Mar-23,4111,16-Mar-23,225485,,,,,,,,,,,,,,,,,,,,,,,,,
49229,,423,Normal Saline ,,,500,,,,,,,,16-MAR-23 02.04.00.000000 PM,,,300,,,,,,,,,,,79877,,4111,16-Mar-23,4111,16-Mar-23,225483,,,,,,,,,,,,,,,,,,,,,,,,,
49230,,425,normal saline,,,500,,,,,,,,16-MAR-23 03.50.00.000000 PM,,,200,,,,,,,,,,,79872,,4111,16-Mar-23,4111,16-Mar-23,225480,,,,,,,,,,,,,,,,,,,,,,,,,
49231,,423,Normal saline ,,,1000,,,,,,,,16-MAR-23 12.00.00.000000 AM,,,600,,,,,,,,,,,79851,,4111,16-Mar-23,4111,16-Mar-23,225302,,,,,,,,,,,,,,,,,,,,,,,,,
49257,,423,DEXTROSE SALINE,,,500,,,,,,,,17-MAR-23 02.06.00.000000 PM,,,300,,,,,,,,,,,79877,,4111,17-Mar-23,4111,17-Mar-23,225523,,,,,,,,,,,,,,,,,,,,,,,,,
49358,,542,normal saline,,,500,,,,,,,,19-OCT-23 01.30.00.000000 PM,,,400,,,,,,,,,,,297,,4977,19-Oct-23,4977,19-Oct-23,416,,,,,,,,,,,,,,,,,,,,,,,,,
49322,,542,4.3%D/S,,,400,,,,,,,,13-OCT-23 12.00.00.000000 PM,,,200,,,,,,,,,,,138,,4616,13-Oct-23,4616,13-Oct-23,197,,,,,,,,,,,,,,,,,,,,,,,,,
49338,,542,5% dextrose saline,,,500,,,,,,,,16-OCT-23 07.00.00.000000 PM,,,,,,,,,,,,,,193,,4961,16-Oct-23,4961,16-Oct-23,269,,,,,,,,,,,,,,,,,,,,,,,,,
49359,,542,normal saline,,,500,,,,,,,,19-OCT-23 10.00.00.000000 AM,,,100,,,,,,,,,,,297,,4977,19-Oct-23,4977,19-Oct-23,,,,,,,,,,,,,,,,,,,,,,,,,,
49360,,542,normal saline,,,400,,,,,,,,19-OCT-23 12.40.00.000000 PM,,,100,,,,,,,,,,,321,,4933,19-Oct-23,4933,19-Oct-23,450,,,,,,,,,,,,,,,,,,,,,,,,,
49361,,582,4.3% D/Saline,,,500,,,,,,,,20-OCT-23 06.30.00.000000 AM,,,200,,,,,,,,,,,313,,4629,20-Oct-23,4629,20-Oct-23,440,,Over 8 hours,,,,,,,,,,,,,,,,,,,,,,,
49381,,542,Dextrose Saline,,,300,,,,,,,,24-OCT-23 12.00.00.000000 AM,,,100,,50,,,,,,,,,503,,4961,24-Oct-23,4961,24-Oct-23,,,,,,,,,,,,,,,,,,,,,,,,,,
49382,,,normal saline,,,500,,,,,,,,24-OCT-23 03.00.00.000000 AM,,,100,,50,,,,,,,,,503,,4961,24-Oct-23,4961,24-Oct-23,,,,,,,,,,,,,,,,,,,,,,,,,,
49418,,582,5% D/s,,,500,,,,,,,,03-NOV-23 05.15.00.000000 PM,,,,,,,,,,,,,,1343,,4972,3-Nov-23,4972,3-Nov-23,,,,,,,,,,,,,,,,,,,,,,,,,,
49419,,582,5% dexrose water,,,500,,,,,,,,03-NOV-23 06.00.00.000000 PM,,,,,,,,,,,,,,1343,,4574,3-Nov-23,4574,3-Nov-23,1812,,,,,,,,,,,,,,,,,,,,,,,,,
49422,,582,,,,,,,,,,,,04-NOV-23 06.00.00.000000 AM,,,500,,,,,,,,,,,1343,,4574,4-Nov-23,4574,4-Nov-23,1812,,clear,,,,,,,,,,,,,,,,,,,,,,,
49424,,582,water,,200,,,,,,,,,04-NOV-23 09.00.00.000000 AM,,,,,,,,,,,,,,1343,,4595,4-Nov-23,4595,4-Nov-23,,,,,,,,,,,,,,,,,,,,,,,,,,
49426,,,WATER,,150,,,,,,,,,04-NOV-23 01.00.00.000000 PM,,,200,,,,,,,,,,,1343,,4595,4-Nov-23,4595,4-Nov-23,1812,,clear,,,,,,,,,,,,,,,,,,,,,,,
49427,,582,,,200,,,,,,,,,04-NOV-23 04.30.00.000000 PM,,,200,,,,,,,,,,,1343,,4961,4-Nov-23,4961,4-Nov-23,1812,,"urine is clear, and Water is well tolerated",,,,,,,,,,,,,,,,,,,,,,,
49428,,582,5% dexrose water,,,500,,,,,,,,04-NOV-23 05.00.00.000000 PM,,,,,,,,,,,,,,1343,,4961,4-Nov-23,4961,4-Nov-23,,,Over 8 hours,,,,,,,,,,,,,,,,,,,,,,,
49429,,582,5% Dextrose  water,,200,500,,,,,,,,05-NOV-23 05.00.00.000000 AM,,,200,,,,,,,,,,,1343,,4961,5-Nov-23,4961,5-Nov-23,1812,,,,,,,,,,,,,,,,,,,,,,,,,
49430,,582,water,,200,,,,,,,,,05-NOV-23 10.00.00.000000 AM,,,250,,,,,,,,,,,1343,,4633,5-Nov-23,4633,5-Nov-23,1812,,clear,,,,,,,,,,,,,,,,,,,,,,,
49432,,582,,,,,,,,,,,,05-NOV-23 12.00.00.000000 PM,,,,,,,,,,,,,,1343,,4633,5-Nov-23,4633,5-Nov-23,,,IVfluid discontinued,,,,,,,,,,,,,,,,,,,,,,,
49434,,,normal saline,,,500,,,,,,,,07-NOV-23 12.00.00.000000 AM,,,,,,,,,,,,,,1563,,4542,7-Nov-23,4542,7-Nov-23,2150,,,,,,,,,,,,,,,,,,,,,,,,,
49435,,,normal saline,,,500,,,,,,,,07-NOV-23 01.00.00.000000 PM,,,,,,,,,,,,,,1563,,4542,7-Nov-23,4542,7-Nov-23,,,,,,,,,,,,,,,,,,,,,,,,,,
49436,,542,5% D/s,,,500,,,,,,,,07-NOV-23 03.00.00.000000 PM,,,,,,,,,,,,,,1563,,4542,7-Nov-23,4542,7-Nov-23,,,,,,,,,,,,,,,,,,,,,,,,,,
49437,,542,malt,,200,,,,,,,,,07-NOV-23 02.30.00.000000 AM,,,,,,,,,,,,,,1563,,4542,7-Nov-23,4542,7-Nov-23,,,,,,,,,,,,,,,,,,,,,,,,,,
49438,,542,Ringer Lactate,,,500,,,,,,,,07-NOV-23 08.00.00.000000 PM,,,,,,,,,,,,,,1579,,4937,7-Nov-23,4937,7-Nov-23,2168,,,,,,,,,,,,,,,,,,,,,,,,,
49440,,542,5% d/w,,,500,,,,,,,,09-NOV-23 10.00.00.000000 AM,,,,,250,,,,,,,,,1632,,4542,9-Nov-23,4542,9-Nov-23,2258,,feaces is semiformed and offensive,,,,,,,,,,,,,,,,,,,,,,,
49441,,,flagyl,,,100,,,,,,,,09-NOV-23 12.00.00.000000 PM,,,,,,,,,,,,,,1632,,4542,9-Nov-23,4542,9-Nov-23,,,,,,,,,,,,,,,,,,,,,,,,,,
49443,,542,normal saline,,,500,,,,,,,,10-NOV-23 08.45.00.000000 PM,,,250,,,,,,,,,,,1796,,5014,10-Nov-23,5014,10-Nov-23,2482,,,,,,,,,,,,,,,,,,,,,,,,,
49444,,542,normal saline,,,500,,,,,,,,11-NOV-23 06.45.00.000000 PM,,,150,,,,,,,,,,,1805,,5154,11-Nov-23,5154,11-Nov-23,2494,,,,,,,,,,,,,,,,,,,,,,,,,
49478,,542,IVF ringers lactate,,,500,,,,,,,,16-NOV-23 02.30.00.000000 PM,,,300,,,,,,,,,,,2054,,4933,16-Nov-23,4933,16-Nov-23,2869,,,,,,,,,,,,,,,,,,,,,,,,,
49479,,542,ringers lactate,,,500,,,,,,,,16-NOV-23 02.45.00.000000 PM,,,,,,,,,,,,,,2054,,4933,16-Nov-23,4933,16-Nov-23,,,,,,,,,,,,,,,,,,,,,,,,,,
49482,,542,5% dextrose saline,,,300,,,,,,,,17-NOV-23 12.00.00.000000 AM,,,,,,,,,,,,,,1632,,5014,17-Nov-23,5014,17-Nov-23,2439,,,,,,,,,,,,,,,,,,,,,,,,,
49483,,542,iv flagyl,,,100,,,,,,,,17-NOV-23 02.00.00.000000 AM,,,,,,,,,,,,,,1632,,5014,17-Nov-23,5014,17-Nov-23,,,,,,,,,,,,,,,,,,,,,,,,,,
49484,,542,5% dextrose saline,,,500,,,,,,,,17-NOV-23 04.00.00.000000 AM,,,,,,,,,,,,,,1632,,5014,17-Nov-23,5014,17-Nov-23,,,,,,,,,,,,,,,,,,,,,,,,,,
49485,,542,,,,,,,,,,,,17-NOV-23 06.00.00.000000 AM,,,150,,,,,,,,,,,1632,,5014,17-Nov-23,5014,17-Nov-23,,,,,,,,,,,,,,,,,,,,,,,,,,
49486,,542,water,,500,,,,,,,,,17-NOV-23 08.00.00.000000 AM,,,,,,,,,,,,,,1632,,5014,17-Nov-23,5014,17-Nov-23,,,,,,,,,,,,,,,,,,,,,,,,,,
49487,,542,,,,,,,,,,,,17-NOV-23 09.40.00.000000 AM,,,50,,,,,,,,,,,1632,,5014,17-Nov-23,5014,17-Nov-23,,,,,,,,,,,,,,,,,,,,,,,,,,
49488,,542,water,,500,,,,,,,,,17-NOV-23 12.00.00.000000 PM,,,800,,,,,,,,,,,1632,,5014,17-Nov-23,5014,17-Nov-23,,,,,,,,,,,,,,,,,,,,,,,,,,
49489,,542,,,,,,,,,,,,17-NOV-23 01.00.00.000000 PM,,,,,100,,,,,,,,,1632,,5014,17-Nov-23,5014,17-Nov-23,,,,,,,,,,,,,,,,,,,,,,,,,,
49490,,542,water,,500,,,,,,,,,17-NOV-23 04.00.00.000000 PM,,,,,150,,,,,,,,,1632,,5014,17-Nov-23,5014,17-Nov-23,,,,,,,,,,,,,,,,,,,,,,,,,,
49491,,542,,,,,,,,,,,,17-NOV-23 08.05.00.000000 PM,,,400,,,,,,,,,,,1632,,5014,17-Nov-23,5014,17-Nov-23,,,,,,,,,,,,,,,,,,,,,,,,,,
49494,,542,water,,300,,,,,,,,,18-NOV-23 09.00.00.000000 AM,,,,,,,,,,,,,,2130,,4950,18-Nov-23,4950,18-Nov-23,2996,,,,,,,,,,,,,,,,,,,,,,,,,
49495,,542,water,,250,,,,,,,,,18-NOV-23 09.30.00.000000 AM,,,200,,,,,,,,,,,2130,,4950,18-Nov-23,4950,18-Nov-23,,,,,,,,,,,,,,,,,,,,,,,,,,
49496,,542,water,,500,,,,,,,,,18-NOV-23 10.15.00.000000 AM,,,,,,,,,,,,,,2130,,4950,18-Nov-23,4950,18-Nov-23,,,,,,,,,,,,,,,,,,,,,,,,,,
49497,,542,5% dextrose saline,,,500,,,,,,,,18-NOV-23 11.00.00.000000 AM,,,300,,,,,,,,,,,2130,,4950,18-Nov-23,4950,18-Nov-23,,,,,,,,,,,,,,,,,,,,,,,,,,
49498,,542,water,,500,,,,,,,,,18-NOV-23 10.30.00.000000 AM,,,,,,,,,,,,,,2130,,4950,18-Nov-23,4950,18-Nov-23,,,,,,,,,,,,,,,,,,,,,,,,,,
49518,,542,normal saline,,,500,,,,,,,,21-NOV-23 05.00.00.000000 AM,,,300,,,,,,,,,,,296,,4650,21-Nov-23,4650,21-Nov-23,3171,,,,,,,,,,,,,,,,,,,,,,,,,
49539,,542,5%DEXTROSE WATER,,,500,,,,,,,,04-DEC-23 02.45.00.000000 PM,,,,,,,,,,,,,,2856,,4574,4-Dec-23,4574,4-Dec-23,4226,,,,,,,,,,,,,,,,,,,,,,,,,
49559,,542,5% D/s,,,500,,,,,,,,08-DEC-23 10.45.00.000000 AM,,,,,,,,,,,,,,3161,,4643,8-Dec-23,4643,8-Dec-23,4714,,,,,,,,,,,,,,,,,,,,,,,,,
49600,,542,hartman solution,,,500,,,,,,,,16-DEC-23 11.00.00.000000 AM,,,150,,,,,,,,,,,3585,,4542,16-Dec-23,4542,16-Dec-23,,,,,,,,,,,,,,,,,,,,,,,,,,
49599,,542,hartman solution,,,500,,,,,,,,16-DEC-23 09.00.00.000000 AM,,,,200,,,,,,,,,,3585,,4542,16-Dec-23,4542,16-Dec-23,5422,,,,,,,,,,,,,,,,,,,,,,,,,
49642,,542,5% D/s,,,1000,,,,,,,,06-FEB-24 04.24.00.000000 PM,,,50,,,,,,,,,,,236,,4650,6-Feb-24,4650,6-Feb-24,10238,,,,,,,,,,,,,,,,,,,,,,,,,
49643,,542,NORMAL SALINE,,,500,,,,,,,,06-FEB-24 05.00.00.000000 PM,,,,,,,,,,,,,,236,,4650,6-Feb-24,4650,6-Feb-24,,,,,,,,,,,,,,,,,,,,,,,,,,
49644,,542,IV FEBRAMOL,,,100,,,,,,,,06-FEB-24 05.00.00.000000 PM,,,,,,,,,,,,,,236,,4650,6-Feb-24,4650,6-Feb-24,,,,,,,,,,,,,,,,,,,,,,,,,,
49645,,542,IV FLAGYL,,,100,,,,,,,,06-FEB-24 05.30.00.000000 PM,,,,,,,,,,,,,,236,,4650,6-Feb-24,4650,6-Feb-24,,,,,,,,,,,,,,,,,,,,,,,,,,
49660,,,normal saline,,,500,,,,,,,,16-FEB-24 01.00.00.000000 AM,,,,,,,,,,,,,,6342,,4961,16-Feb-24,4961,16-Feb-24,11397,,,,,,,,,,,,,,,,,,,,,,,,,
49661,,542,5% dextrose saline,,,500,,,,,,,,16-FEB-24 07.00.00.000000 AM,,,300,,,,,,,,,,,6342,,4961,16-Feb-24,4961,16-Feb-24,11397,,,,,,,,,,,,,,,,,,,,,,,,,
49662,,542,4.3%dextrose saline,,,500,,,,,,,,16-FEB-24 08.00.00.000000 AM,,,,,,,,,,,,,,6339,,4961,16-Feb-24,4961,16-Feb-24,,,,,,,,,,,,,,,,,,,,,,,,,,
49663,,542,0.9% normal saline,,,500,,,,,,,,16-FEB-24 11.30.00.000000 AM,,,,,,,,,,,,,,6367,,4953,16-Feb-24,4953,16-Feb-24,11493,,,,,,,,,,,,,,,,,,,,,,,,,
49667,,542,normal saline,,300,500,,,,,,,,17-FEB-24 05.00.00.000000 AM,,,200,50,,,,,,,,,,6367,,4651,17-Feb-24,4651,17-Feb-24,,,,,,,,,,,,,,,,,,,,,,,,,,
49671,,,,,,,,,,,,,,17-FEB-24 08.00.00.000000 PM,,,200,,,,,,,,,,,6367,,5154,17-Feb-24,5154,17-Feb-24,11493,,,,,,,,,,,,,,,,,,,,,,,,,
49679,,542,0.9% normal saline,,,500,,,,,,,,19-FEB-24 09.15.00.000000 AM,,,,,,,,,,,,,,6411,,4950,19-Feb-24,4950,19-Feb-24,11581,,,,,,,,,,,,,,,,,,,,,,,,,
49683,,582,0.9%N/saline,,,500,,,,,,,,19-FEB-24 12.00.00.000000 PM,,,,,,,,,,,,,,6411,,4585,19-Feb-24,4585,19-Feb-24,11581,,,,,,,,,,,,,,,,,,,,,,,,,
49684,,582,4.3% dextrose saline,,,500,,,,,,,,19-FEB-24 01.30.00.000000 PM,,,,20,,,,,,,,,,6469,,4950,19-Feb-24,4950,19-Feb-24,11728,,,,,,,,,,,,,,,,,,,,,,,,,
49686,,,,,,,,,,,,,,19-FEB-24 03.30.00.000000 PM,,,300,,,,,,,,,,,6411,,4638,19-Feb-24,4638,19-Feb-24,,,,,,,,,,,,,,,,,,,,,,,,,,
49688,,542,normal saline,,,500,,,,,,,,19-FEB-24 12.00.00.000000 AM,,,,,,,,,,,,,,6411,,4638,19-Feb-24,4580,19-Feb-24,,,,,,,,,,,,,,,,,,,,,,,,,,
49690,,582,5% D/s,,,500,,,,,,,,19-FEB-24 12.00.00.000000 AM,,,,,,,,,,,,,,6469,,4629,19-Feb-24,4629,19-Feb-24,,,,,,,,,,,,,,,,,,,,,,,,,,
49693,,542,normal saline ,,,500,,,,,,,,19-FEB-24 09.15.00.000000 PM,,,,,,,,,,,,,,6411,,4580,19-Feb-24,4580,19-Feb-24,,,,,,,,,,,,,,,,,,,,,,,,,,
49695,,542,normal saline,,,500,,,,,,,,19-FEB-24 10.40.00.000000 PM,,,,,,,,,,,,,,6411,,4580,19-Feb-24,4580,19-Feb-24,11581,,,,,,,,,,,,,,,,,,,,,,,,,
49696,,,,,,,,,,,,,,19-FEB-24 11.45.00.000000 PM,,,200,,,,,,,,,,,6411,,4580,19-Feb-24,4580,19-Feb-24,11581,,,,,,,,,,,,,,,,,,,,,,,,,
49697,,542,normal saline,,,500,,,,,,,,20-FEB-24 12.00.00.000000 AM,,,700,,,,,,,,,,,6411,,4580,19-Feb-24,4580,20-Feb-24,,,,,,,,,,,,,,,,,,,,,,,,,,
49698,,582,5% D/s,,,500,,,,,,,,20-FEB-24 01.00.00.000000 AM,,,,,,,,,,,,,,6469,,4629,20-Feb-24,4629,20-Feb-24,,,,,,,,,,,,,,,,,,,,,,,,,,
49699,,582,,,,,,,,,,,,20-FEB-24 02.00.00.000000 AM,,,600,,,,,,,,,,,6469,,4629,20-Feb-24,4629,20-Feb-24,11728,,,,,,,,,,,,,,,,,,,,,,,,,
49700,,582,,,,,,,,,,,,20-FEB-24 07.00.00.000000 AM,,,300,,,,,,,,,,,6469,,4629,20-Feb-24,4629,20-Feb-24,11728,,,,,,,,,,,,,,,,,,,,,,,,,
49702,,582,normal saline,,,500,,,,,,,,20-FEB-24 08.00.00.000000 AM,,,,,,,,,,,,,,6469,,4629,20-Feb-24,4629,20-Feb-24,,,,,,,,,,,,,,,,,,,,,,,,,,
49703,,582,water,,300,,,,,,,,,20-FEB-24 08.00.00.000000 AM,,,,,,,,,,,,,,6469,,4629,20-Feb-24,4629,20-Feb-24,,,,,,,,,,,,,,,,,,,,,,,,,,
49704,,582,water,,500,,,,,,,,,20-FEB-24 09.15.00.000000 AM,,,200,,,,,,,,,,,6469,,5483,20-Feb-24,5483,20-Feb-24,11728,,,,,,,,,,,,,,,,,,,,,,,,,
49707,,582,,,,,,,,,,,,20-FEB-24 12.15.00.000000 PM,,,300,,,,,,,,,,,6489,,4950,20-Feb-24,4950,20-Feb-24,11770,,,,,,,,,,,,,,,,,,,,,,,,,
49709,,582,water,,500,,,,,,,,,20-FEB-24 02.30.00.000000 PM,,,,,,,,,,,,,,6469,,4950,20-Feb-24,4950,20-Feb-24,11728,,,,,,,,,,,,,,,,,,,,,,,,,
49712,,542,normal saline,,,500,,,,,,,,20-FEB-24 05.45.00.000000 PM,,,,,,,,,,,,,,6411,,4633,20-Feb-24,4633,20-Feb-24,,,,,,,,,,,,,,,,,,,,,,,,,,
49297,,425,N/s 500,10,4,500,,,,,,,,18-APR-23 04.17.00.000000 PM,,,,,,,,,,,,,,79877,,1,18-Apr-23,1,18-Apr-23,225523,,testing all parameter,,,,,,,,,,,,,,,,,,,,,,,
49298,,542,dextrose saline  ,,,500,,,,,,,,05-OCT-23 04.00.00.000000 PM,,,200,,,,,,,,,,,1,,4607,5-Oct-23,4607,5-Oct-23,38,,,,,,,,,,,,,,,,,,,,,,,,,
49299,,542,normal saline,,,500,,,,,,,,05-OCT-23 04.00.00.000000 PM,,,100,,,,,,,,,,,1,,4607,5-Oct-23,4607,5-Oct-23,,,,,,,,,,,,,,,,,,,,,,,,,,
49318,,,5% dextrose saline,,,,,,,,,,,11-OCT-23 06.00.00.000000 PM,,,,,,,,,,,,,,75,,4574,11-Oct-23,4574,11-Oct-23,,,,,,,,,,,,,,,,,,,,,,,,,,
49319,,542,4.3%D/S,,,400,,,,,,,,12-OCT-23 08.15.00.000000 PM,,,,,,,,,,,,,,138,,4542,12-Oct-23,4542,12-Oct-23,185,,,,,,,,,,,,,,,,,,,,,,,,,
49320,,542,4.3%D/S,,50,400,,,,,,,,13-OCT-23 04.30.00.000000 AM,,,100,,,,,,,,,,,138,,4542,13-Oct-23,4542,13-Oct-23,185,,,,,,,,,,,,,,,,,,,,,,,,,
49339,,542,5% D/S Flagyl,,700,2050,,,,,,,,17-OCT-23 12.00.00.000000 AM,,,2050,,,,,,,,,,,193,,4961,17-Oct-23,4961,17-Oct-23,269,,,,,,,,,,,,,,,,,,,,,,,,,
49340,,542,normal saline,,,500,,,,,,,,17-OCT-23 10.00.00.000000 AM,,,400,,,,,,,,,,,185,,4542,17-Oct-23,4542,17-Oct-23,257,,,,,,,,,,,,,,,,,,,,,,,,,
49341,,542,5% dextrose saline,,,500,,,,,,,,17-OCT-23 01.00.00.000000 PM,,,,,,,,,,,,,,185,,4542,17-Oct-23,4542,17-Oct-23,,,,,,,,,,,,,,,,,,,,,,,,,,
49362,,542,I.V Flagyl,,,100,,,,,,,,20-OCT-23 10.00.00.000000 PM,,,,,,,,,,,,,,218,,4542,20-Oct-23,4542,20-Oct-23,301,,,,,,,,,,,,,,,,,,,,,,,,,
49378,,542,normal saline,,,500,,,,,,,,23-OCT-23 01.00.00.000000 PM,,,,,,,,,,,,,,503,,4961,23-Oct-23,4961,23-Oct-23,676,,,,,,,,,,,,,,,,,,,,,,,,,
49379,,,ciprofloxacine,,40,,,,,,,,,23-OCT-23 05.30.00.000000 PM,,,150,,50,,,,,,,,,503,,4961,23-Oct-23,4961,23-Oct-23,,,,,,,,,,,,,,,,,,,,,,,,,,
49380,,,5% dextrose saline,,,500,,,,,,,,23-OCT-23 08.00.00.000000 PM,,,100,,50,,,,,,,,,503,,4961,23-Oct-23,4961,23-Oct-23,676,,,,,,,,,,,,,,,,,,,,,,,,,
49383,,542,5% dextrose saline,,,500,,,,,,,,24-OCT-23 10.00.00.000000 PM,,,300,,,,,,,,,,,503,,4607,24-Oct-23,4607,24-Oct-23,676,,,,,,,,,,,,,,,,,,,,,,,,,
49384,,582,5% D/s,,,500,,,,,,,,25-OCT-23 08.00.00.000000 PM,,,,,,,,,,,,,,656,,4611,25-Oct-23,4611,25-Oct-23,872,,,,,,,,,,,,,,,,,,,,,,,,,
49385,,542,4.3%D/S,,,500,,,,,,,,26-OCT-23 10.00.00.000000 AM,,,150,,,,,,,,,,,660,,5014,26-Oct-23,5014,26-Oct-23,891,,,,,,,,,,,,,,,,,,,,,,,,,
49386,,542,water,,150,,,,,,,,,26-OCT-23 06.00.00.000000 AM,,,,,,,,,,,,,,660,,5014,26-Oct-23,5014,26-Oct-23,,,,,,,,,,,,,,,,,,,,,,,,,,
49387,,542,5% dextrose saline,,,500,,,,,,,,27-OCT-23 10.15.00.000000 AM,,,,,,,,,,,,,,874,,4961,27-Oct-23,4961,27-Oct-23,1163,,,,,,,,,,,,,,,,,,,,,,,,,
49388,,,5% dextrose saline,,,500,,,,,,,,27-OCT-23 02.30.00.000000 PM,,,,,,,,,,,,,,874,,4961,27-Oct-23,4961,27-Oct-23,,,,,,,,,,,,,,,,,,,,,,,,,,
49398,,,normal saline,,,2000,,,,,,,,01-NOV-23 02.00.00.000000 PM,,,600,,,,,,,,,,,1105,,4953,1-Nov-23,4953,1-Nov-23,1488,,,,,,,,,,,,,,,,,,,,,,,,,
49399,,542,normal saline,,,500,,,,,,,,01-NOV-23 08.30.00.000000 PM,,,,,,,,,,,,,,1091,,5014,1-Nov-23,5014,1-Nov-23,1460,,,,,,,,,,,,,,,,,,,,,,,,,
49420,,582,,,,,,,,,,,,03-NOV-23 08.15.00.000000 PM,,,500,,,,,,,,,,,1343,,4574,3-Nov-23,4574,3-Nov-23,1812,,clear,,,,,,,,,,,,,,,,,,,,,,,
49421,,582,4.3% DEXTROSE SALINE,,,500,,,,,,,,04-NOV-23 02.00.00.000000 AM,,,,,,,,,,,,,,1343,,4574,4-Nov-23,4574,4-Nov-23,1812,,Over 8 hours,,,,,,,,,,,,,,,,,,,,,,,
49423,,582,4.3% DEXTROSE SALINE,,,500,,,,,,,,04-NOV-23 09.30.00.000000 AM,,,,,,,,,,,,,,1343,,4595,4-Nov-23,4595,4-Nov-23,1812,,Over 8 hours,,,,,,,,,,,,,,,,,,,,,,,
49425,,582,water,,200,,,,,,,,,04-NOV-23 11.00.00.000000 AM,,,200,,,,,,,,,,,1343,,4595,4-Nov-23,4595,4-Nov-23,1812,,clear,,,,,,,,,,,,,,,,,,,,,,,
49431,,582,water,,200,,,,,,,,,05-NOV-23 11.50.00.000000 AM,,,200,,,,,,,,,,,1343,,4633,5-Nov-23,4633,5-Nov-23,1812,,clear,,,,,,,,,,,,,,,,,,,,,,,
49433,,542,4.3%D/S,,,500,,,,,,,,06-NOV-23 11.45.00.000000 AM,,,,,,,,,,,,,,1367,,5014,6-Nov-23,5014,6-Nov-23,1866,,,,,,,,,,,,,,,,,,,,,,,,,
49439,,542,4.3%D/S,,,210,,,,,,,,08-NOV-23 02.15.00.000000 PM,,,,,,,,,,,,,,1586,,4961,8-Nov-23,4961,8-Nov-23,2182,,wet diaper,,,,,,,,,,,,,,,,,,,,,,,
49442,,542,5% d/w,,,500,,,,,,,,09-NOV-23 11.00.00.000000 AM,,,,,,,,,,,,,,1632,,4542,9-Nov-23,4542,9-Nov-23,,,,,,,,,,,,,,,,,,,,,,,,,,
49458,,542,4.3% DEXTROSE SALINE,,,200,,,,,,,,12-NOV-23 11.00.00.000000 PM,,,,,,,,,,,,,,1815,,4961,12-Nov-23,4961,12-Nov-23,2512,,over 6 hours,,,,,,,,,,,,,,,,,,,,,,,
49480,,542,normal saline,,,500,,,,,,,,16-NOV-23 03.30.00.000000 PM,,,,,,,,,,,,,,2054,,4933,16-Nov-23,4933,16-Nov-23,2869,,,,,,,,,,,,,,,,,,,,,,,,,
49481,,542,IV FLAGYL,100,,100,,,,,,,,17-NOV-23 12.00.00.000000 AM,,,300,,,,,,,,,,,2062,,5079,17-Nov-23,5079,17-Nov-23,2879,,urine is clear.,,,,,,,,,,,,,,,,,,,,,,,
49492,,542,5% dextrose saline,,,180,,,,,,,,17-NOV-23 09.00.00.000000 PM,,,,,,,,,,,,,,1632,,5014,17-Nov-23,5014,17-Nov-23,2439,,,,,,,,,,,,,,,,,,,,,,,,,
49493,,542,,,,,,,,,,,,17-NOV-23 11.59.00.000000 PM,,,150,,,,,,,,,,,1632,,5014,17-Nov-23,5014,17-Nov-23,2439,,,,,,,,,,,,,,,,,,,,,,,,,
49499,,542,0.9% normal saline,,,500,,,,,,,,18-NOV-23 01.30.00.000000 PM,,,,,,,,,,,,,,2130,,4950,18-Nov-23,4950,18-Nov-23,2996,,,,,,,,,,,,,,,,,,,,,,,,,
49538,,,4.3%D/S,,,500,,,,,,,,30-NOV-23 08.30.00.000000 AM,,,,,,,,,,,,,,2751,,4625,30-Nov-23,4625,30-Nov-23,3941,,,,,,,,,,,,,,,,,,,,,,,,,
49540,,,,,,,,,,,,,,05-DEC-23 08.30.00.000000 AM,,,100,,,,,,,,,,,2949,,4625,5-Dec-23,4625,5-Dec-23,4362,,,,,,,,,,,,,,,,,,,,,,,,,
49541,,542,5% dextrose saline,,,500,,,,,,,,05-DEC-23 01.45.00.000000 PM,,,150,,,,,,,,,,,2949,,4542,5-Dec-23,4542,5-Dec-23,4362,,,,,,,,,,,,,,,,,,,,,,,,,
49542,,,WATER,,500100,,,,,,,,,05-DEC-23 10.15.00.000000 AM,,,,,,,,,,,,,,2949,,4542,5-Dec-23,4542,5-Dec-23,4362,,,,,,,,,,,,,,,,,,,,,,,,,
49543,,542,,,,,,,,,,,,05-DEC-23 11.45.00.000000 AM,,,100,,,,,,,,,,,2949,,4542,5-Dec-23,4542,5-Dec-23,,,,,,,,,,,,,,,,,,,,,,,,,,
49544,,542,5% dextrose saline,,,500,,,,,,,,05-DEC-23 11.15.00.000000 AM,,,,,,,,,,,,,,2949,,4542,5-Dec-23,4542,5-Dec-23,,,,,,,,,,,,,,,,,,,,,,,,,,
49545,,542,,,,,,,,,,,,05-DEC-23 12.45.00.000000 PM,,,150,,,,,,,,,,,2949,,4542,5-Dec-23,4542,5-Dec-23,,,,,,,,,,,,,,,,,,,,,,,,,,
49546,,,I.V Flagyl,,,100,,,,,,,,05-DEC-23 02.00.00.000000 PM,,,150,,,,,,,,,,,2949,,4542,5-Dec-23,4542,5-Dec-23,,,,,,,,,,,,,,,,,,,,,,,,,,
49579,,542,Normal saline,,,500,,,,,,,,12-DEC-23 10.00.00.000000 AM,,,,,,,,,,,,,,1617,,4933,12-Dec-23,4933,12-Dec-23,5053,,,,,,,,,,,,,,,,,,,,,,,,,
49619,,542,normal saline,,,500,,,,,,,,18-JAN-24 12.15.00.000000 PM,,,,,,,,,,,,,,5082,,4961,18-Jan-24,4961,18-Jan-24,8401,,,,,,,,,,,,,,,,,,,,,,,,,
49620,,542,,,,,,,,,,,,18-JAN-24 01.00.00.000000 PM,,,200,,,,,,,,,,,5082,,4961,18-Jan-24,4961,18-Jan-24,,,,,,,,,,,,,,,,,,,,,,,,,,
49621,,542,water,,300,,,,,,,,,18-JAN-24 03.00.00.000000 PM,,,,,,,,,,,,,,5082,,4961,18-Jan-24,4961,18-Jan-24,,,,,,,,,,,,,,,,,,,,,,,,,,
49622,,542,normal saline,,,500,,,,,,,,18-JAN-24 08.00.00.000000 PM,,,500,,,,,,,,,,,5082,,4961,18-Jan-24,4961,18-Jan-24,8401,,,,,,,,,,,,,,,,,,,,,,,,,
49623,,542,,,,,,,,,,,,18-JAN-24 06.00.00.000000 AM,,,300,,,,,,,,,,,5082,,4961,18-Jan-24,4961,18-Jan-24,,,,,,,,,,,,,,,,,,,,,,,,,,
49641,,,normal saline,,,500,,,,,,,,06-FEB-24 03.30.00.000000 PM,,,,,,,,,,,,,,5959,,4542,6-Feb-24,4542,6-Feb-24,10402,,6hourly,,,,,,,,,,,,,,,,,,,,,,,
49640,,542,normal saline fast,,,1000,,,,,,,,06-FEB-24 12.00.00.000000 AM,,,,,,,,,,,,,,5920,,4601,6-Feb-24,4601,6-Feb-24,10312,,,,,,,,,,,,,,,,,,,,,,,,,
49659,,542,4.3 %Dextrose Saline,,,500,,,,,,,,15-FEB-24 09.00.00.000000 PM,,,,,,,,,,,,,,6339,,4961,15-Feb-24,4961,15-Feb-24,11391,,,,,,,,,,,,,,,,,,,,,,,,,
49664,,542,4.3%D/saline,,,500,,,,,,,,16-FEB-24 02.00.00.000000 PM,,,100,,,,,,,,,,,6339,,4633,16-Feb-24,4633,16-Feb-24,11391,,,,,,,,,,,,,,,,,,,,,,,,,
49665,,542,,,,,,,,,,,,16-FEB-24 01.45.00.000000 PM,,,200,,,,,,,,,,,6293,,4633,16-Feb-24,4633,16-Feb-24,11282,,,,,,,,,,,,,,,,,,,,,,,,,
49666,,542,5% dextrose saline,,,500,,,,,,,,17-FEB-24 12.00.00.000000 AM,,,,,,,,,,,,,,6367,,4961,17-Feb-24,4961,17-Feb-24,,,given at 9pm of 16/2/24,,,,,,,,,,,,,,,,,,,,,,,
49668,,542,normal saline,,500,200,,,,,,,,17-FEB-24 12.00.00.000000 AM,,,,,,,,,,,,,,6342,,4651,17-Feb-24,4651,17-Feb-24,11397,,this was given at 8pm of 16 feb 2024,,,,,,,,,,,,,,,,,,,,,,,
49669,,542,,,,,,,,,,,,17-FEB-24 06.00.00.000000 AM,,,300,,,,,,,,,,,6342,,4651,17-Feb-24,4651,17-Feb-24,,,,,,,,,,,,,,,,,,,,,,,,,,
49670,,542,ORS,,200,,,,,,,,,17-FEB-24 05.45.00.000000 PM,,,,,,,,,,,,,,6367,,5154,17-Feb-24,5154,17-Feb-24,11493,,,,,,,,,,,,,,,,,,,,,,,,,
49672,,,ciprofloxacine,,,200,,,,,,,,17-FEB-24 08.00.00.000000 PM,,,,,,,,,,,,,,6367,,5154,17-Feb-24,5154,17-Feb-24,,,,,,,,,,,,,,,,,,,,,,,,,,
49673,,,5% dextrose saline,,,500,,,,,,,,17-FEB-24 10.00.00.000000 PM,,,,,,,,,,,,,,6367,,5154,17-Feb-24,5154,17-Feb-24,,,6hourly,,,,,,,,,,,,,,,,,,,,,,,
49674,,,WATER,,200,,,,,,,,,17-FEB-24 10.00.00.000000 PM,,,,,,,,,,,,,,6367,,5154,17-Feb-24,5154,17-Feb-24,,,,,,,,,,,,,,,,,,,,,,,,,,
49680,,542,0.9% normal saline,,,500,,,,,,,,19-FEB-24 09.30.00.000000 AM,,,,,,,,,,,,,,6411,,4950,19-Feb-24,4950,19-Feb-24,11581,,,,,,,,,,,,,,,,,,,,,,,,,
49681,,542,0.9% normal saline,,,500,,,,,,,,19-FEB-24 10.30.00.000000 AM,,,300,,,,,,,,,,,6411,,4950,19-Feb-24,4950,19-Feb-24,11581,,,,,,,,,,,,,,,,,,,,,,,,,
49682,,542,0.9% normal saline,,,500,,,,,,,,19-FEB-24 11.45.00.000000 AM,,,,,,,,,,,,,,6411,,4950,19-Feb-24,4950,19-Feb-24,11581,,,,,,,,,,,,,,,,,,,,,,,,,
49685,,,,,,,,,,,,,,19-FEB-24 02.00.00.000000 PM,,,400,,,,,,,,,,,6411,,4638,19-Feb-24,4638,19-Feb-24,11581,,,,,,,,,,,,,,,,,,,,,,,,,
49687,,542,WATER,,500,,,,,,,,,19-FEB-24 12.00.00.000000 AM,,,,,,,,,,,,,,6411,,4638,19-Feb-24,4638,19-Feb-24,11581,,,,,,,,,,,,,,,,,,,,,,,,,
49689,,582,coke,,750,,,,,,,,,19-FEB-24 12.00.00.000000 AM,,,,,,,,,,,,,,6469,,4629,19-Feb-24,4629,19-Feb-24,11728,,,,,,,,,,,,,,,,,,,,,,,,,
49691,,582,,,750,,,,,,,,,19-FEB-24 08.00.00.000000 PM,,,,,,,,,,,,,,6469,,4629,19-Feb-24,4629,19-Feb-24,11728,,,,,,,,,,,,,,,,,,,,,,,,,
49692,,542,,,200,,,,,,,,,19-FEB-24 08.45.00.000000 PM,,,,200,,,,,,,,,,6411,,4580,19-Feb-24,4580,19-Feb-24,11581,,,,,,,,,,,,,,,,,,,,,,,,,
49694,,542,,,200,,,,,,,,,19-FEB-24 08.45.00.000000 PM,,,,,,,,,,,,,,6411,,4580,19-Feb-24,4580,19-Feb-24,11581,,,,,,,,,,,,,,,,,,,,,,,,,
49701,,542,normal saline,,,500,,,,,,,,20-FEB-24 04.00.00.000000 AM,,,300,,,,,,,,,,,6411,,4580,20-Feb-24,4580,20-Feb-24,,,,,,,,,,,,,,,,,,,,,,,,,,
49705,,582,0.9% normal saline,,,500,,,,,,,,20-FEB-24 11.15.00.000000 AM,,,,,,,,,,,,,,6489,,4950,20-Feb-24,4950,20-Feb-24,11770,,,,,,,,,,,,,,,,,,,,,,,,,
49706,,,0.9% normal saline,,,500,,,,,,,,20-FEB-24 11.30.00.000000 AM,,,,,,,,,,,,,,6489,,4950,20-Feb-24,4950,20-Feb-24,,,,,,,,,,,,,,,,,,,,,,,,,,
49708,,582,0.9% normal saline,,,500,,,,,,,,20-FEB-24 02.15.00.000000 PM,,,,,,,,,,,,,,6489,,4950,20-Feb-24,4950,20-Feb-24,,,,,,,,,,,,,,,,,,,,,,,,,,
49710,,582,5% Dextrose saline,,,500,,,,,,,,20-FEB-24 04.15.00.000000 PM,,,,,,,,,,,,,,6469,,4950,20-Feb-24,4950,20-Feb-24,,,,,,,,,,,,,,,,,,,,,,,,,,
49711,,542,,,,,,,,,,,,20-FEB-24 05.45.00.000000 PM,,,200,,,,,,,,,,,6411,,4633,20-Feb-24,4633,20-Feb-24,11581,,,,,,,,,,,,,,,,,,,,,,,,,
49715,,,WATER,,750,,,,,,,,,20-FEB-24 06.30.00.000000 PM,,,,,,,,,,,,,,6469,,4580,20-Feb-24,4580,20-Feb-24,11728,,,,,,,,,,,,,,,,,,,,,,,,,
49726,,542,,,,,,,,,,,,21-FEB-24 06.00.00.000000 AM,,,400,,,,,,,,,,,6411,,4629,21-Feb-24,4629,21-Feb-24,11581,,,,,,,,,,,,,,,,,,,,,,,,,
49792,,582,5% D/W,,,500,,,,,,,,24-FEB-24 12.00.00.000000 PM,,,,20,,,,,,,,,,6594,,4961,24-Feb-24,4961,24-Feb-24,12028,,,,,,,,,,,,,,,,,,,,,,,,,
49805,,542,IV FLAGYL,,,100,,,,,,,,24-FEB-24 06.10.00.000000 PM,,,,,,,,,,,,,,6683,,4650,24-Feb-24,4650,24-Feb-24,,,,,,,,,,,,,,,,,,,,,,,,,,
49815,,542,,,,,,,,,,,,24-FEB-24 11.35.00.000000 PM,,,200,,,,,,,,,,,3585,,4650,24-Feb-24,4650,24-Feb-24,11953,,,,,,,,,,,,,,,,,,,,,,,,,
49829,,542,,,,,,,,,,,,25-FEB-24 06.00.00.000000 AM,,,200,,,,,,,,,,,3585,,4650,25-Feb-24,4650,25-Feb-24,,,,,,,,,,,,,,,,,,,,,,,,,,
49830,,542,IV FLAGYL,,,100,,,,,,,,25-FEB-24 10.00.00.000000 AM,,,,,,,,,,,,,,6683,,5655,25-Feb-24,5655,25-Feb-24,12232,,,,,,,,,,,,,,,,,,,,,,,,,
49835,,582,FLAGYL,,,50,,,,,,,,25-FEB-24 02.00.00.000000 PM,,,150,,,,,,,,,,,6594,,5079,25-Feb-24,5079,25-Feb-24,,,,,,,,,,,,,,,,,,,,,,,,,,
49855,,542,bf,,,350,,,,,,,,26-FEB-24 12.00.00.000000 AM,,,,,,,,,,,,,,6683,,4595,26-Feb-24,4595,26-Feb-24,12232,,,,,,,,,,,,,,,,,,,,,,,,,
49877,,582,0.9% normal saline,,,500,,,,,,,,27-FEB-24 06.15.00.000000 AM,,,100,,,,,,,,,,,5719,,4595,27-Feb-24,4595,27-Feb-24,12251,,,,,,,,,,,,,,,,,,,,,,,,,
49879,,542,flagyl,,,100,,,,,,,,27-FEB-24 05.00.00.000000 AM,,,,,,,,,,,,,,6746,,4651,27-Feb-24,4651,27-Feb-24,12409,,,,,,,,,,,,,,,,,,,,,,,,,
49880,,542,bf,,,300,,,,,,,,27-FEB-24 12.00.00.000000 AM,,,,,,,,,,,,,,6746,,4651,27-Feb-24,4651,27-Feb-24,,,,,,,,,,,,,,,,,,,,,,,,,,
49881,,542,,,,,,,,,,,,27-FEB-24 08.00.00.000000 AM,,,200,,,,,,,,,,,6746,,4651,27-Feb-24,4651,27-Feb-24,,,,,,,,,,,,,,,,,,,,,,,,,,
49882,,582,,,340,,,,,,,,,27-FEB-24 09.30.00.000000 AM,,,200,,,,,,,,,,,5719,,5154,27-Feb-24,5154,27-Feb-24,12251,,,,,,,,,,,,,,,,,,,,,,,,,
49884,,,normal saline,,,500,,,,,,,,27-FEB-24 11.00.00.000000 AM,,,200,,,,,,,,,,,6760,,4953,27-Feb-24,4953,27-Feb-24,12433,,,,,,,,,,,,,,,,,,,,,,,,,
49885,,,normal saline+Vitbco,,,503,,,,,,,,27-FEB-24 11.15.00.000000 AM,,,,,,,,,,,,,,6762,,4953,27-Feb-24,4953,27-Feb-24,12438,,,,,,,,,,,,,,,,,,,,,,,,,
49888,,582,full strength darrow,,,500,,,,,,,,27-FEB-24 03.00.00.000000 PM,,,200,,,,,,,,,,,6773,,5715,27-Feb-24,5715,27-Feb-24,12496,,,,,,,,,,,,,,,,,,,,,,,,,
49904,,582,WATER,,200,,,,,,,,,27-FEB-24 06.15.00.000000 PM,,,,,,,,,,,,,,6773,,4937,27-Feb-24,4937,27-Feb-24,,,,,,,,,,,,,,,,,,,,,,,,,,
49910,,582,5% dextrose water,,,500,,,,,,,,28-FEB-24 12.15.00.000000 AM,,,,,,,,,,,,,,5719,,4937,28-Feb-24,4937,28-Feb-24,,,,,,,,,,,,,,,,,,,,,,,,,,
49913,,542,5% dexrose water,,,500,,,,,,,,28-FEB-24 12.00.00.000000 AM,,,500,,,,,,,,,,,6760,,4601,28-Feb-24,4601,28-Feb-24,,,intake @12mn 2000ml output 900ml,,,,,,,,,,,,,,,,,,,,,,,
49914,,542, water,,300,,,,,,,,,28-FEB-24 01.00.00.000000 AM,,,200,,,,,,,,,,,6760,,4601,28-Feb-24,4601,28-Feb-24,,,,,,,,,,,,,,,,,,,,,,,,,,
49915,,542,0.9% normal saline,,,500,,,,,,,,28-FEB-24 04.00.00.000000 AM,,,,,,,,,,,,,,6760,,4601,28-Feb-24,4601,28-Feb-24,,,,,,,,,,,,,,,,,,,,,,,,,,
49916,,542,,,,,,,,,,,,28-FEB-24 06.00.00.000000 AM,,,200,,,,,,,,,,,6760,,4601,28-Feb-24,4601,28-Feb-24,,,,,,,,,,,,,,,,,,,,,,,,,,
49917,,542,water,,500,,,,,,,,,28-FEB-24 12.00.00.000000 AM,,,200,,,,,,,,,,,6762,,4601,28-Feb-24,4601,28-Feb-24,,,"total inake @12mn 1200ml, ouput 500ml",,,,,,,,,,,,,,,,,,,,,,,
49922,,542,5% D/s,,,500,,,,,,,,28-FEB-24 10.00.00.000000 AM,,,,,,,,,,,,,,6762,,4542,28-Feb-24,4542,28-Feb-24,12438,,,,,,,,,,,,,,,,,,,,,,,,,
49924,,,normal saline,,,500,,,,,,,,28-FEB-24 10.30.00.000000 AM,,,,,,,,,,,,,,5719,,4638,28-Feb-24,4638,28-Feb-24,12251,,,,,,,,,,,,,,,,,,,,,,,,,
49925,,,,,,,,,,,,,,28-FEB-24 10.30.00.000000 AM,,,400,,,,,,,,,,,5719,,4638,28-Feb-24,4638,28-Feb-24,,,,,,,,,,,,,,,,,,,,,,,,,,
49964,,582,10%d/w +n/saline,,100,500,,,,,,,,01-MAR-24 01.00.00.000000 PM,,,,,,,,,,,,,,6812,,4595,1-Mar-24,4595,1-Mar-24,,,,,,,,,,,,,,,,,,,,,,,,,,
49967,,582,tea,,200,,,,,,,,,01-MAR-24 04.30.00.000000 PM,,,,,,,,,,,,,,6812,,5154,1-Mar-24,5154,1-Mar-24,12798,,well tolerated,,,,,,,,,,,,,,,,,,,,,,,
49968,,582,water and pap,,400,,,,,,,,,01-MAR-24 06.00.00.000000 PM,,,,,,,,,,,,,,6812,,5154,1-Mar-24,5154,1-Mar-24,,,well tolerated,,,,,,,,,,,,,,,,,,,,,,,
49982,,,,,,,,,,,,,,02-MAR-24 06.30.00.000000 PM,,,300,,,,,,,,,,,6812,,4953,2-Mar-24,4953,2-Mar-24,,,,,,,,,,,,,,,,,,,,,,,,,,
50002,,582,pap + water,,150,,,,,,,,,04-MAR-24 12.15.00.000000 PM,,,,,,,,,,,,,,6812,,5655,4-Mar-24,4574,4-Mar-24,12961,,,,,,,,,,,,,,,,,,,,,,,,,
50011,,582, 10% DW + N/S,,,500,,,,,,,,05-MAR-24 05.00.00.000000 PM,,,250,,,,,,,,,,,6812,,4961,5-Mar-24,4961,5-Mar-24,12961,,,,,,,,,,,,,,,,,,,,,,,,,
50034,,582,0.9% normal saline,,,500,,,,,,,,08-MAR-24 08.30.00.000000 PM,,,,,,,,,,,,,,1339,,4595,8-Mar-24,4595,8-Mar-24,13767,,,,,,,,,,,,,,,,,,,,,,,,,
50042,,582,drink and water,,250,,,,,,,,,08-MAR-24 11.30.00.000000 AM,,,250,,,,,,,,,,,6812,,4595,8-Mar-24,4595,8-Mar-24,,,,,,,,,,,,,,,,,,,,,,,,,,
50051,,582,normal saline,,250,500,,,,,,,,09-MAR-24 07.30.00.000000 AM,,,,,,,,,,,,,,4031,,4595,9-Mar-24,4595,9-Mar-24,,,,,,,,,,,,,,,,,,,,,,,,,,
50062,,,flagyl,,,100,,,,,,,,09-MAR-24 02.00.00.000000 PM,,,,,,,,,,,,,,4031,,4953,9-Mar-24,4953,9-Mar-24,13770,,,,,,,,,,,,,,,,,,,,,,,,,
50063,,,flagyl,,,100,,,,,,,,09-MAR-24 02.00.00.000000 PM,,,,,,,,,,,,,,1339,,4953,9-Mar-24,4953,9-Mar-24,13767,,,,,,,,,,,,,,,,,,,,,,,,,
50083,,542,WATER,,300,,,,,,,,,11-MAR-24 07.00.00.000000 PM,,,250,,,,,,,,,,,7310,,4950,11-Mar-24,4950,11-Mar-24,14004,,,,,,,,,,,,,,,,,,,,,,,,,
50084,,542,5%D/W,,,500,,,,,,,,11-MAR-24 10.00.00.000000 PM,,,500,,,,,,,,,,,4393,,4950,11-Mar-24,4950,11-Mar-24,14003,,,,,,,,,,,,,,,,,,,,,,,,,
50085,,542,0.9% normal saline,,,500,,,,,,,,11-MAR-24 11.00.00.000000 PM,,,200,,,,,,,,,,,7310,,5079,11-Mar-24,5079,11-Mar-24,14004,,,,,,,,,,,,,,,,,,,,,,,,,
50100,,,normal saline,,,500,,,,,,,,12-MAR-24 02.30.00.000000 PM,,,,,,,,,,,,,,4393,,4643,12-Mar-24,4643,12-Mar-24,,,,,,,,,,,,,,,,,,,,,,,,,,
50110,,,,,,,,,,,,,,12-MAR-24 09.00.00.000000 PM,,,200,,,,,,,,,,,7371,,4633,12-Mar-24,4633,12-Mar-24,14196,,,,,,,,,,,,,,,,,,,,,,,,,
50112,,,water,,300,,,,,,,,,12-MAR-24 07.00.00.000000 PM,,,,,,,,,,,,,,7371,,4953,12-Mar-24,4953,12-Mar-24,14196,,,,,,,,,,,,,,,,,,,,,,,,,
50114,,,flagyl,,,100,,,,,,,,12-MAR-24 03.30.00.000000 PM,,,,,,,,,,,,,,7228,,4953,12-Mar-24,4953,12-Mar-24,14005,,,,,,,,,,,,,,,,,,,,,,,,,
50156,,,water,,50,,,,,,,,,15-MAR-24 10.00.00.000000 AM,,,,,,,,,,,,,,7470,,5759,15-Mar-24,5759,15-Mar-24,14523,,,,,,,,,,,,,,,,,,,,,,,,,
50161,,582,0.9% normal saline,,,500,,,,,,,,15-MAR-24 09.15.00.000000 PM,,,,,,,,,,,,,,7460,,5483,15-Mar-24,5483,15-Mar-24,14483,,,,,,,,,,,,,,,,,,,,,,,,,
50163,,582,0.9% normal saline,,,500,,,,,,,,15-MAR-24 10.00.00.000000 PM,,,,,,,,,,,,,,7460,,5483,15-Mar-24,5483,15-Mar-24,,,,,,,,,,,,,,,,,,,,,,,,,,
50164,,582,,,,,,,,,,,,15-MAR-24 10.00.00.000000 PM,,,300,,,,,,,,,,,7460,,5483,15-Mar-24,5483,15-Mar-24,,,,,,,,,,,,,,,,,,,,,,,,,,
50165,,582,,,,,,,,,,,,15-MAR-24 11.30.00.000000 PM,,,200,,,,,,,,,,,7460,,5483,15-Mar-24,5483,15-Mar-24,,,,,,,,,,,,,,,,,,,,,,,,,,
50176,,542,iv Ciprofloxacin,,,100,,,,,,,,17-MAR-24 10.00.00.000000 AM,,,200,,,,,,,,,,,497,,4607,17-Mar-24,4607,17-Mar-24,,,,,,,,,,,,,,,,,,,,,,,,,,
50177,,542,,,,,,,,,,,,17-MAR-24 01.00.00.000000 PM,,,100,,,,,,,,,,,497,,4607,17-Mar-24,4607,17-Mar-24,,,,,,,,,,,,,,,,,,,,,,,,,,
50181,,582,,,,,,,,,,,,17-MAR-24 08.30.00.000000 PM,,,400,,,,,,,,,,,7510,,4595,17-Mar-24,4595,17-Mar-24,14649,,,,,,,,,,,,,,,,,,,,,,,,,
50182,,582,water and 4.3% d/s,,500,500,,,,,,,,17-MAR-24 09.00.00.000000 PM,,,,,,,,,,,,,,7510,,4595,17-Mar-24,4595,17-Mar-24,14649,,,,,,,,,,,,,,,,,,,,,,,,,
50183,,,water,,500,,,,,,,,,17-MAR-24 10.00.00.000000 PM,,,,,,,,,,,,,,7510,,4595,17-Mar-24,4595,17-Mar-24,14649,,,,,,,,,,,,,,,,,,,,,,,,,
50211,,,normal saline,,,500,,,,,,,,20-MAR-24 11.00.00.000000 PM,,,500,,,,,,,,,,,7650,,4580,20-Mar-24,4580,20-Mar-24,,,,,,,,,,,,,,,,,,,,,,,,,,
50226,,542,,,,,,,,,,,,21-MAR-24 06.45.00.000000 PM,,,300,,,,,,,,,,,7650,,5655,21-Mar-24,5655,21-Mar-24,14975,,,,,,,,,,,,,,,,,,,,,,,,,
50227,,542,water,,,500,,,,,,,,21-MAR-24 05.00.00.000000 PM,,,,,,,,,,,,,,7650,,5655,21-Mar-24,5655,21-Mar-24,14975,,,,,,,,,,,,,,,,,,,,,,,,,
50255,,542,0.9% normal saline,,,500,,,,,,,,25-MAR-24 03.45.00.000000 PM,,,200,,,,,,,,,,,6548,,4633,25-Mar-24,4633,25-Mar-24,15406,,,,,,,,,,,,,,,,,,,,,,,,,
50259,,,WATER,,500,,,,,,,,,25-MAR-24 07.15.00.000000 PM,,,,,,,,,,,,,,7746,,4638,25-Mar-24,4638,25-Mar-24,,,,,,,,,,,,,,,,,,,,,,,,,,
50260,,,WATER,,500,,,,,,,,,25-MAR-24 09.30.00.000000 PM,,,,,,,,,,,,,,7746,,4638,25-Mar-24,4638,25-Mar-24,15477,,,,,,,,,,,,,,,,,,,,,,,,,
50262,,,,,,,,,,,,,,25-MAR-24 10.15.00.000000 PM,,,400,,,,,,,,,,,7746,,4638,25-Mar-24,4638,25-Mar-24,,,,,,,,,,,,,,,,,,,,,,,,,,
50267,,,,,,,,,,,,,,26-MAR-24 06.00.00.000000 AM,,,300,,,,,,,,,,,1997,,4953,26-Mar-24,4953,26-Mar-24,15433,,,,,,,,,,,,,,,,,,,,,,,,,
50310,,542,,,,,,,,,,,,27-MAR-24 03.30.00.000000 PM,,,500,,,,,,,,,,,6548,,5716,27-Mar-24,5716,27-Mar-24,15406,,,,,,,,,,,,,,,,,,,,,,,,,
50342,,542,water,,300,,,,,,,,,28-MAR-24 05.30.00.000000 PM,,,300,,,,,,,,,,,1003,,4633,28-Mar-24,4633,28-Mar-24,15750,,,,,,,,,,,,,,,,,,,,,,,,,
50343,,542,4.3% d/saline,,,500,,,,,,,,28-MAR-24 12.30.00.000000 PM,,,,,,,,,,,,,,7350,,4580,28-Mar-24,4580,28-Mar-24,15756,,,,,,,,,,,,,,,,,,,,,,,,,
50346,,542,flagyl,,,100,,,,,,,,28-MAR-24 07.45.00.000000 PM,,,,,,,,,,,,,,1003,,4633,28-Mar-24,4633,28-Mar-24,,,,,,,,,,,,,,,,,,,,,,,,,,
50347,,542,pap,,300,,,,,,,,,28-MAR-24 07.45.00.000000 PM,,,,,,,,,,,,,,1003,,4633,28-Mar-24,4633,28-Mar-24,,,,,,,,,,,,,,,,,,,,,,,,,,
50348,,542,5% dextrose saline,,,500,,,,,,,,28-MAR-24 09.30.00.000000 PM,,,,,,,,,,,,,,1003,,4633,28-Mar-24,4633,28-Mar-24,15750,,,,,,,,,,,,,,,,,,,,,,,,,
50349,,542,,,,,,,,,,,,28-MAR-24 09.45.00.000000 PM,,,300,,,,,,,,,,,1003,,4633,28-Mar-24,4633,28-Mar-24,,,,,,,,,,,,,,,,,,,,,,,,,,
50350,,,water,,100,,,,,,,,,28-MAR-24 06.00.00.000000 PM,,,,,,,,,,,,,,7350,,4580,28-Mar-24,4580,28-Mar-24,15756,,,,,,,,,,,,,,,,,,,,,,,,,
50351,,,water,,70,,,,,,,,,28-MAR-24 08.30.00.000000 PM,,,,,,,,,,,,,,7350,,4580,28-Mar-24,4580,28-Mar-24,,,,,,,,,,,,,,,,,,,,,,,,,,
50355,,,water,,500,,,,,,,,,28-MAR-24 08.00.00.000000 PM,,,,,,,,,,,,,,7532,,4580,28-Mar-24,4580,28-Mar-24,,,,,,,,,,,,,,,,,,,,,,,,,,
50357,,542,,,,,,,,,,,,28-MAR-24 11.00.00.000000 PM,,,300,,,,,,,,,,,1003,,4633,28-Mar-24,4633,28-Mar-24,15750,,,,,,,,,,,,,,,,,,,,,,,,,
50358,,542,febramol,,,100,,,,,,,,29-MAR-24 03.30.00.000000 AM,,,300,,,,,,,,,,,1003,,4633,29-Mar-24,4633,29-Mar-24,15750,,,,,,,,,,,,,,,,,,,,,,,,,
50359,,542,flagyl,,,100,,,,,,,,29-MAR-24 03.30.00.000000 AM,,,,,,,,,,,,,,1003,,4633,29-Mar-24,4633,29-Mar-24,,,,,,,,,,,,,,,,,,,,,,,,,,
50360,,542,normal saline,,,500,,,,,,,,29-MAR-24 05.00.00.000000 AM,,,600,,,,,,,,,,,7532,,4580,29-Mar-24,4580,29-Mar-24,,,,,,,,,,,,,,,,,,,,,,,,,,
50361,,,4.3% d/saline,,,500,,,,,,,,29-MAR-24 02.00.00.000000 AM,,,,,,,,,,,,,,7350,,4580,29-Mar-24,4580,29-Mar-24,,,,,,,,,,,,,,,,,,,,,,,,,,
50362,,,water,,50,,,,,,,,,29-MAR-24 04.00.00.000000 AM,,,,,,,,,,,,,,7350,,4580,29-Mar-24,4580,29-Mar-24,,,,,,,,,,,,,,,,,,,,,,,,,,
50363,,,,,100,,,,,,,,,29-MAR-24 08.00.00.000000 AM,,,,,,,,,,,,,,7350,,5154,29-Mar-24,5154,29-Mar-24,15756,,,,,,,,,,,,,,,,,,,,,,,,,
49714,,582,,,,,,,,,,,,20-FEB-24 06.30.00.000000 PM,,,600,,,,,,,,,,,6469,,5275,20-Feb-24,5275,20-Feb-24,11728,,,,,,,,,,,,,,,,,,,,,,,,,
49739,,542,normal saline,,50,500,,,,,,,,22-FEB-24 12.45.00.000000 PM,,,150,10,,,,,,,,,,3585,,4601,22-Feb-24,4595,22-Feb-24,11953,,sputum not vomitus,,,,,,,,,,,,,,,,,,,,,,,
49773,,,,,,,,,,,,,,23-FEB-24 10.15.00.000000 PM,,,300,,,,,,,,,,,3585,,4638,23-Feb-24,4638,23-Feb-24,11953,,,,,,,,,,,,,,,,,,,,,,,,,
49775,,,5% dextrose saline,,,500,,,,,,,,24-FEB-24 03.30.00.000000 AM,,,,,,,,,,,,,,6679,,4638,24-Feb-24,4638,24-Feb-24,,,,,,,,,,,,,,,,,,,,,,,,,,
49837,,542,normal saline,,,500,,,,,,,,25-FEB-24 03.30.00.000000 PM,,,200,,,,,,,,,,,6688,,4607,25-Feb-24,4607,25-Feb-24,12239,,,,,,,,,,,,,,,,,,,,,,,,,
49920,,542,4.3% DEXTROSE SALINE,,,500,,,,,,,,28-FEB-24 12.00.00.000000 AM,,,,,,,,,,,,,,6804,,4601,28-Feb-24,4601,28-Feb-24,12574,,,,,,,,,,,,,,,,,,,,,,,,,
49921,,,flagyl,,,100,,,,,,,,28-FEB-24 08.06.00.000000 AM,,,200,,100,,,,,,,,,5719,,4937,28-Feb-24,4937,28-Feb-24,12251,,,,,,,,,,,,,,,,,,,,,,,,,
49944,,542,normal saline,,,500,,,,,,,,28-FEB-24 11.00.00.000000 PM,,,,,,,,,,,,,,6760,,4601,28-Feb-24,4601,28-Feb-24,12433,,,,,,,,,,,,,,,,,,,,,,,,,
49947,,582,normal saline,,300,500,,,,,,,,28-FEB-24 09.45.00.000000 PM,,,400,,,,,,,,,,,6773,,4937,28-Feb-24,4937,28-Feb-24,12496,,,,,,,,,,,,,,,,,,,,,,,,,
49951,,,ciprofloxacine,,,100,,,,,,,,01-MAR-24 02.00.00.000000 AM,,,200,,,,,,,,,,,5719,,4937,29-Feb-24,4937,29-Feb-24,12251,,,,,,,,,,,,,,,,,,,,,,,,,
49965,,582,I.V Flagyl,,,100,,,,,,,,01-MAR-24 02.00.00.000000 PM,,,,,,,,,,,,,,6812,,4595,1-Mar-24,4595,1-Mar-24,12798,,,,,,,,,,,,,,,,,,,,,,,,,
49983,,,PAP and water,,500,,,,,,,,,02-MAR-24 07.30.00.000000 PM,,,,,,,,,,,,,,6812,,4953,2-Mar-24,4953,2-Mar-24,12798,,,,,,,,,,,,,,,,,,,,,,,,,
49985,,,,,,,,,,,,,,02-MAR-24 10.00.00.000000 PM,,,250,,,,,,,,,,,6812,,4953,2-Mar-24,4953,2-Mar-24,,,,,,,,,,,,,,,,,,,,,,,,,,
50013,,582,,,,,,,,,,,,05-MAR-24 09.45.00.000000 PM,,,200,,,,,,,,,,,6812,,4937,5-Mar-24,4937,5-Mar-24,12961,,,,,,,,,,,,,,,,,,,,,,,,,
50014,,,IV FLAGYL,,,50,,,,,,,,05-MAR-24 10.00.00.000000 PM,,,,,,,,,,,,,,6812,,4937,5-Mar-24,4937,5-Mar-24,,,,,,,,,,,,,,,,,,,,,,,,,,
50015,,,water,,200,,,,,,,,,05-MAR-24 08.00.00.000000 PM,,,,,,,,,,,,,,6812,,4937,5-Mar-24,4937,5-Mar-24,,,,,,,,,,,,,,,,,,,,,,,,,,
50033,,582,flagyl,,,100,,,,,,,,08-MAR-24 07.30.00.000000 PM,,,,,,,,,,,,,,4031,,4595,8-Mar-24,4595,8-Mar-24,13600,,,,,,,,,,,,,,,,,,,,,,,,,
50035,,582,flagyl and cipro,,,200,,,,,,,,08-MAR-24 09.00.00.000000 PM,,,,,,,,,,,,,,1339,,4595,8-Mar-24,4595,8-Mar-24,,,,,,,,,,,,,,,,,,,,,,,,,,
50036,,582,5% dextrose saline,,,500,,,,,,,,08-MAR-24 09.15.00.000000 PM,,,,,,,,,,,,,,1339,,4595,8-Mar-24,4595,8-Mar-24,,,,,,,,,,,,,,,,,,,,,,,,,,
50037,,582,water,,50,,,,,,,,,08-MAR-24 09.30.00.000000 PM,,,,,,,,,,,,,,1339,,4595,8-Mar-24,4595,8-Mar-24,,,,,,,,,,,,,,,,,,,,,,,,,,
50043,,582,flagyl,,,50,,,,,,,,08-MAR-24 02.00.00.000000 PM,,,,,,,,,,,,,,6812,,4595,8-Mar-24,4595,8-Mar-24,,,,,,,,,,,,,,,,,,,,,,,,,,
50045,,,water,,300,,,,,,,,,08-MAR-24 03.00.00.000000 PM,,,350,,,,,,,,,,,6812,,4595,8-Mar-24,4595,8-Mar-24,,,,,,,,,,,,,,,,,,,,,,,,,,
50047,,582,water,,200,,,,,,,,,09-MAR-24 02.30.00.000000 AM,,,300,,,,,,,,,,,1339,,4595,9-Mar-24,4595,9-Mar-24,13767,,,,,,,,,,,,,,,,,,,,,,,,,
50052,,,,,,,,,,,,,,09-MAR-24 08.00.00.000000 AM,,,100,,,,,,,,,,,1339,,4953,9-Mar-24,4953,9-Mar-24,13767,,,,,,,,,,,,,,,,,,,,,,,,,
50053,,,custard,,500,,,,,,,,,09-MAR-24 08.50.00.000000 AM,,,,,,,,,,,,,,1339,,4953,9-Mar-24,4953,9-Mar-24,,,,,,,,,,,,,,,,,,,,,,,,,,
50054,,,water,,500,,,,,,,,,09-MAR-24 09.30.00.000000 AM,,,,,,,,,,,,,,1339,,4953,9-Mar-24,4953,9-Mar-24,,,,,,,,,,,,,,,,,,,,,,,,,,
50079,,,5% dextrose water,,,500,,,,,,,,11-MAR-24 05.15.00.000000 PM,,,,,,,,,,,,,,7310,,4937,11-Mar-24,4937,11-Mar-24,14004,,,,,,,,,,,,,,,,,,,,,,,,,
50086,,542,0.9% normal saline,,,500,,,,,,,,12-MAR-24 12.30.00.000000 AM,,,,,,,,,,,,,,4393,,5079,12-Mar-24,5079,12-Mar-24,14003,,,,,,,,,,,,,,,,,,,,,,,,,
50089,,582,,,,,,,,,,,,12-MAR-24 03.00.00.000000 AM,,,500,,,,,,,,,,,7228,,4611,12-Mar-24,4611,12-Mar-24,14005,,,,,,,,,,,,,,,,,,,,,,,,,
50108,,582,normal saline,,,500,,,,,,,,12-MAR-24 05.00.00.000000 PM,,,200,,,,,,,,,,,7371,,4953,12-Mar-24,4953,12-Mar-24,14196,,,,,,,,,,,,,,,,,,,,,,,,,
50109,,582,,,,,,,,,,,,12-MAR-24 06.15.00.000000 PM,,,300,,,,,,,,,,,7371,,4953,12-Mar-24,4953,12-Mar-24,,,,,,,,,,,,,,,,,,,,,,,,,,
50120,,582,,,,,,,,,,,,13-MAR-24 01.00.00.000000 AM,,,300,,,,,,,,,,,7371,,4633,13-Mar-24,4633,13-Mar-24,14196,,,,,,,,,,,,,,,,,,,,,,,,,
50121,,582,0.9% normal saline,,,500,,,,,,,,13-MAR-24 06.00.00.000000 AM,,,200,,,,,,,,,,,7371,,4633,13-Mar-24,4633,13-Mar-24,,,,,,,,,,,,,,,,,,,,,,,,,,
50167,,582,water,,400,,,,,,,,,16-MAR-24 06.00.00.000000 AM,,,200,,,,,,,,,,,7460,,5483,16-Mar-24,5483,16-Mar-24,,,,,,,,,,,,,,,,,,,,,,,,,,
50173,,542,iv metronidazole,,,100,,,,,,,,17-MAR-24 06.00.00.000000 AM,,,,,,,,,,,,,,497,,5014,17-Mar-24,5014,17-Mar-24,11864,,,,,,,,,,,,,,,,,,,,,,,,,
50184,,,water,,800,,,,,,,,,17-MAR-24 08.00.00.000000 PM,,,,,,,,,,,,,,497,,4595,17-Mar-24,4595,17-Mar-24,11864,,,,,,,,,,,,,,,,,,,,,,,,,
50186,,,water,,100,,,,,,,,,17-MAR-24 11.00.00.000000 PM,,,,,,,,,,,,,,7510,,4595,17-Mar-24,4595,17-Mar-24,14649,,,,,,,,,,,,,,,,,,,,,,,,,
50243,,542,ringers lactate+bco,,,500,,,,,,,,24-MAR-24 07.30.00.000000 PM,,,,,,,,,,,,,,7784,,5154,24-Mar-24,5154,24-Mar-24,,,,,,,,,,,,,,,,,,,,,,,,,,
50277,,,iv pcm,,,100,,,,,,,,26-MAR-24 12.45.00.000000 PM,,,,,,,,,,,,,,1997,,4580,26-Mar-24,4580,26-Mar-24,,,,,,,,,,,,,,,,,,,,,,,,,,
50364,,,,,50,,,,,,,,,29-MAR-24 09.45.00.000000 AM,,,,,,,,,,,,,,7350,,5154,29-Mar-24,5154,29-Mar-24,,,,,,,,,,,,,,,,,,,,,,,,,,
50365,,542,pap,,300,,,,,,,,,30-MAR-24 12.00.00.000000 PM,,,200,,,,,,,,,,,7352,,4629,30-Mar-24,4629,30-Mar-24,14517,,,,,,,,,,,,,,,,,,,,,,,,,
50366,,542,water,,300,,,,,,,,,30-MAR-24 02.00.00.000000 PM,,,,,,,,,,,,,,7352,,4629,30-Mar-24,4629,30-Mar-24,,,,,,,,,,,,,,,,,,,,,,,,,,
50367,,542,0.9% normal saline,,,500,,,,,,,,30-MAR-24 02.45.00.000000 PM,,,,,,,,,,,,,,7352,,4629,30-Mar-24,4629,30-Mar-24,,,,,,,,,,,,,,,,,,,,,,,,,,
50368,,542,0.9% normal saline,,,500,,,,,,,,30-MAR-24 06.00.00.000000 PM,,,,,,,,,,,,,,7352,,5275,30-Mar-24,5275,30-Mar-24,14517,,,,,,,,,,,,,,,,,,,,,,,,,
50369,,542,,,,,,,,,,,,30-MAR-24 06.00.00.000000 PM,,,500,,,,,,,,,,,7352,,5275,30-Mar-24,5275,30-Mar-24,14517,,,,,,,,,,,,,,,,,,,,,,,,,
50370,,542,normal saline,,,500,,,,,,,,31-MAR-24 12.00.00.000000 AM,,,300,,,,,,,,,,,7352,,5482,31-Mar-24,5482,31-Mar-24,14517,,,,,,,,,,,,,,,,,,,,,,,,,
50371,,542,water,,1100,,,,,,,,,31-MAR-24 12.00.00.000000 AM,,,500,,,,,,,,,,,7352,,5482,31-Mar-24,5482,31-Mar-24,,,,,,,,,,,,,,,,,,,,,,,,,,
50372,,542,normal saline,,,500,,,,,,,,31-MAR-24 12.00.00.000000 AM,,,,,,,,,,,,,,7352,,5482,31-Mar-24,5482,31-Mar-24,,,,,,,,,,,,,,,,,,,,,,,,,,
50373,,,normal saline,,,500,,,,,,,,31-MAR-24 08.30.00.000000 AM,,,,,,,,,,,,,,7352,,4953,31-Mar-24,4953,31-Mar-24,14517,,,,,,,,,,,,,,,,,,,,,,,,,
50374,,542,0.9% normal saline,,,500,,,,,,,,31-MAR-24 12.30.00.000000 PM,,,,,,,,,,,,,,7352,,4950,31-Mar-24,4950,31-Mar-24,14517,,,,,,,,,,,,,,,,,,,,,,,,,
50375,,542,water,,,100,,,,,,,,31-MAR-24 09.30.00.000000 AM,,,,,,,,,,,,,,7352,,4950,31-Mar-24,4950,31-Mar-24,,,,,,,,,,,,,,,,,,,,,,,,,,
50376,,542,5% dextrose saline,,200,500,,,,,,,,31-MAR-24 05.30.00.000000 PM,,,,,,,,,,,,,,7352,,4607,31-Mar-24,4607,31-Mar-24,14517,,+vit Bco 5mls,,,,,,,,,,,,,,,,,,,,,,,
50377,,542,water,,200,,,,,,,,,31-MAR-24 07.45.00.000000 PM,,,,,,,,,,,,,,7352,,4643,31-Mar-24,4643,31-Mar-24,14517,,,,,,,,,,,,,,,,,,,,,,,,,
50378,,542,0.9% normal saline,,500,,,,,,,,,31-MAR-24 06.30.00.000000 PM,,,,,,,,,,,,,,2012,,4651,31-Mar-24,4651,31-Mar-24,15987,,,,,,,,,,,,,,,,,,,,,,,,,
50379,,542,0.9% normal saline,,,500,,,,,,,,31-MAR-24 04.15.00.000000 PM,,,,,,,,,,,,,,2012,,4651,31-Mar-24,4651,31-Mar-24,,,,,,,,,,,,,,,,,,,,,,,,,,
50380,,542,,,,,,,,,,,,31-MAR-24 06.00.00.000000 PM,,,300,,,,,,,,,,,2012,,4651,31-Mar-24,4651,31-Mar-24,,,,,,,,,,,,,,,,,,,,,,,,,,
50381,,542,,,,,,,,,,,,31-MAR-24 10.00.00.000000 PM,,,250,,,,,,,,,,,2012,,4651,31-Mar-24,4651,31-Mar-24,,,,,,,,,,,,,,,,,,,,,,,,,,
50382,,542,Tea,,,150,,,,,,,,31-MAR-24 05.30.00.000000 PM,,,,,,,,,,,,,,2012,,4651,31-Mar-24,4651,31-Mar-24,,,,,,,,,,,,,,,,,,,,,,,,,,
50383,,542,Pap,,200,,,,,,,,,31-MAR-24 06.45.00.000000 PM,,,,,,,,,,,,,,2012,,4651,31-Mar-24,4651,31-Mar-24,,,,,,,,,,,,,,,,,,,,,,,,,,
50384,,542,0.9% normal saline,,,500,,,,,,,,01-APR-24 07.45.00.000000 AM,,,,,,,,,,,,,,2893,,4643,1-Apr-24,4643,1-Apr-24,15993,,fast,,,,,,,,,,,,,,,,,,,,,,,
50385,,542,5% D/Saline,,,500,,,,,,,,01-APR-24 09.00.00.000000 AM,,,,,,,,,,,,,,2893,,4633,1-Apr-24,4633,1-Apr-24,15993,,,,,,,,,,,,,,,,,,,,,,,,,
50386,,542,normal saline,,,500,,,,,,,,01-APR-24 09.30.00.000000 AM,,,,,,,,,,,,,,7096,,4633,1-Apr-24,4633,1-Apr-24,15992,,fast,,,,,,,,,,,,,,,,,,,,,,,
50387,,542,5% D/s,,,500,,,,,,,,01-APR-24 09.45.00.000000 AM,,,,,,,,,,,,,,7096,,4633,1-Apr-24,4633,1-Apr-24,,,,,,,,,,,,,,,,,,,,,,,,,,
50388,,542,,,,,,,,,,,,01-APR-24 10.00.00.000000 AM,,,300,,,,,,,,,,,7096,,4633,1-Apr-24,4633,1-Apr-24,15992,,,,,,,,,,,,,,,,,,,,,,,,,
50389,,542,water,,100,,,,,,,,,01-APR-24 01.00.00.000000 PM,,,300,,,,,,,,,,,2893,,4633,1-Apr-24,4633,1-Apr-24,15993,,,,,,,,,,,,,,,,,,,,,,,,,
50390,,542,normal saline,,,500,,,,,,,,01-APR-24 01.00.00.000000 PM,,,,,,,,,,,,,,2893,,4633,1-Apr-24,4633,1-Apr-24,,,,,,,,,,,,,,,,,,,,,,,,,,
50391,,542,normal saline,,,500,,,,,,,,01-APR-24 01.45.00.000000 AM,,,200,,,,,,,,,,,7096,,4633,1-Apr-24,4633,1-Apr-24,15992,,,,,,,,,,,,,,,,,,,,,,,,,
50392,,542,water,,500,,,,,,,,,01-APR-24 12.00.00.000000 PM,,,,,,,,,,,,,,7096,,4633,1-Apr-24,4633,1-Apr-24,,,,,,,,,,,,,,,,,,,,,,,,,,
50393,,542,WATER,,500,,,,,,,,,01-APR-24 12.00.00.000000 PM,,,,,,,,,,,,,,2012,,4585,1-Apr-24,4585,1-Apr-24,15987,,,,,,,,,,,,,,,,,,,,,,,,,
50394,,542,WATER,,500,,,,,,,,,01-APR-24 01.15.00.000000 PM,,,,,,,,,,,,,,2012,,4585,1-Apr-24,4585,1-Apr-24,15987,,,,,,,,,,,,,,,,,,,,,,,,,
50395,,542,WATER,,200,,,,,,,,,01-APR-24 02.00.00.000000 PM,,,,,,,,,,,,,,2012,,4585,1-Apr-24,4585,1-Apr-24,,,,,,,,,,,,,,,,,,,,,,,,,,
50396,,542,WATER,,300,,,,,,,,,01-APR-24 02.30.00.000000 PM,,,,,,,,,,,,,,2012,,4585,1-Apr-24,4585,1-Apr-24,,,,,,,,,,,,,,,,,,,,,,,,,,
50397,,542,,,,,,,,,,,,01-APR-24 11.15.00.000000 PM,,,400,,,,,,,,,,,2012,,4585,1-Apr-24,4585,1-Apr-24,,,,,,,,,,,,,,,,,,,,,,,,,,
50398,,542,,,,,,,,,,,,01-APR-24 01.00.00.000000 PM,,,300,,,,,,,,,,,2012,,4585,1-Apr-24,4585,1-Apr-24,,,,,,,,,,,,,,,,,,,,,,,,,,
50399,,542,,,,,,,,,,,,01-APR-24 03.45.00.000000 PM,,,200,,,,,,,,,,,7096,,4633,1-Apr-24,4633,1-Apr-24,15992,,,,,,,,,,,,,,,,,,,,,,,,,
50400,,542,5% Dextrose saline,,,500,,,,,,,,01-APR-24 04.45.00.000000 PM,,,600,,,,,,,,,,,7096,,4629,1-Apr-24,4629,1-Apr-24,15992,,,,,,,,,,,,,,,,,,,,,,,,,
50401,,542,water,,750,,,,,,,,,01-APR-24 05.45.00.000000 AM,,,,,,,,,,,,,,7096,,4629,1-Apr-24,4629,1-Apr-24,15992,,,,,,,,,,,,,,,,,,,,,,,,,
50402,,542,pap + water,,200,,,,,,,,,01-APR-24 05.00.00.000000 PM,,,,,,,,,,,,,,2893,,4629,1-Apr-24,4629,1-Apr-24,15993,,,,,,,,,,,,,,,,,,,,,,,,,
50403,,542,water,,1000,,,,,,,,,01-APR-24 07.00.00.000000 PM,,,,,,,,,,,,,,7096,,4629,1-Apr-24,4629,1-Apr-24,15992,,,,,,,,,,,,,,,,,,,,,,,,,
50404,,542,water,,1000,,,,,,,,,01-APR-24 08.30.00.000000 PM,,,600,,,,,,,,,,,2893,,4629,1-Apr-24,4629,1-Apr-24,15993,,,,,,,,,,,,,,,,,,,,,,,,,
49713,,582,,,,,,,,,,,,20-FEB-24 06.45.00.000000 PM,,,500,,,,,,,,,,,6489,,4950,20-Feb-24,4950,20-Feb-24,11770,,,,,,,,,,,,,,,,,,,,,,,,,
49718,,582,5% D/s,,,500,,,,,,,,20-FEB-24 07.00.00.000000 PM,,,,,,,,,,,,,,6489,,4580,20-Feb-24,4580,20-Feb-24,,,,,,,,,,,,,,,,,,,,,,,,,,
49719,,582,water,,500,,,,,,,,,20-FEB-24 07.15.00.000000 PM,,,,,,,,,,,,,,6489,,4580,20-Feb-24,4580,20-Feb-24,,,,,,,,,,,,,,,,,,,,,,,,,,
49721,,582,,,,,,,,,,,,20-FEB-24 11.00.00.000000 PM,,,600,,,,,,,,,,,6469,,4580,20-Feb-24,4580,20-Feb-24,,,,,,,,,,,,,,,,,,,,,,,,,,
49722,,582,4.3% d/saline,,,500,,,,,,,,20-FEB-24 11.30.00.000000 PM,,,,,,,,,,,,,,6469,,4580,20-Feb-24,4580,20-Feb-24,,,,,,,,,,,,,,,,,,,,,,,,,,
49723,,582,5% D/s,,,500,,,,,,,,21-FEB-24 02.00.00.000000 AM,,,,,,,,,,,,,,6489,,4580,21-Feb-24,4580,21-Feb-24,,,,,,,,,,,,,,,,,,,,,,,,,,
49742,,,,,,,,,,,,,,22-FEB-24 08.00.00.000000 PM,,,300,,,,,,,,,,,6594,,4953,22-Feb-24,4953,22-Feb-24,12028,,,,,,,,,,,,,,,,,,,,,,,,,
49743,,,febramol,,,500,,,,,,,,22-FEB-24 10.00.00.000000 PM,,,,,,,,,,,,,,6594,,4953,22-Feb-24,4953,22-Feb-24,,,,,,,,,,,,,,,,,,,,,,,,,,
49754,,,0.9% normal saline,,,500,,,,,,,,23-FEB-24 07.00.00.000000 AM,,,200,,,,,,,,,,,3585,,4953,23-Feb-24,4953,23-Feb-24,11953,,,,,,,,,,,,,,,,,,,,,,,,,
49747,,,ORS,,500,,,,,,,,,22-FEB-24 08.35.00.000000 PM,,,200,,,,,,,,,,,3585,,4953,22-Feb-24,4953,22-Feb-24,11953,,,,,,,,,,,,,,,,,,,,,,,,,
49755,,,,,,,,,,,,,,23-FEB-24 05.00.00.000000 AM,,,200,,150,,,,,,,,,3585,,4953,23-Feb-24,4953,23-Feb-24,,,,,,,,,,,,,,,,,,,,,,,,,,
49771,,,iv flagyl,,,100,,,,,,,,23-FEB-24 10.15.00.000000 PM,,,,,,,,,,,,,,6679,,4638,23-Feb-24,4638,23-Feb-24,,,,,,,,,,,,,,,,,,,,,,,,,,
49772,,,0.9% normal saline,,,500,,,,,,,,23-FEB-24 10.45.00.000000 PM,,,,,,,,,,,,,,6679,,4638,23-Feb-24,4638,23-Feb-24,,,,,,,,,,,,,,,,,,,,,,,,,,
49799,,,,,,,,,,,,,,24-FEB-24 01.30.00.000000 PM,,,300,,,,,,,,,,,3585,,5655,24-Feb-24,5655,24-Feb-24,,,,,,,,,,,,,,,,,,,,,,,,,,
49800,,,WATER,,200,,,,,,,,,24-FEB-24 02.00.00.000000 PM,,,,,,,,,,,,,,3585,,5655,24-Feb-24,5655,24-Feb-24,,,,,,,,,,,,,,,,,,,,,,,,,,
49801,,,normal saline,,,500,,,,,,,,24-FEB-24 03.45.00.000000 PM,,,,,,,,,,,,,,3585,,5655,24-Feb-24,5655,24-Feb-24,,,,,,,,,,,,,,,,,,,,,,,,,,
49819,,542,Half strength Darrow,,,500,,,,,,,,25-FEB-24 03.00.00.000000 AM,,,,,,,,,,,,,,6688,,4650,25-Feb-24,4650,25-Feb-24,,,,,,,,,,,,,,,,,,,,,,,,,,
49821,,542,0.9% normal saline,,,500,,,,,,,,25-FEB-24 07.00.00.000000 AM,,,,,,,,,,,,,,6688,,4650,25-Feb-24,4650,25-Feb-24,12239,,,,,,,,,,,,,,,,,,,,,,,,,
49822,,542,0.9% normal saline,,,500,,,,,,,,25-FEB-24 07.00.00.000000 AM,,,300,,,,,,,,,,,6683,,4650,25-Feb-24,4650,25-Feb-24,12232,,,,,,,,,,,,,,,,,,,,,,,,,
49832,,542,full strenght darrow,,,500,,,,,,,,25-FEB-24 12.00.00.000000 PM,,,200,,,,,,,,,,,6683,,5655,25-Feb-24,5655,25-Feb-24,12232,,,,,,,,,,,,,,,,,,,,,,,,,
49860,,,ringers lactate,,,500,,,,,,,,26-FEB-24 08.00.00.000000 PM,,,,,,,,,,,,,,6746,,4651,26-Feb-24,4651,26-Feb-24,,,,,,,,,,,,,,,,,,,,,,,,,,
49861,,,5% D/s,,,500,,,,,,,,26-FEB-24 08.30.00.000000 PM,,,200,,100,,,,,,,,,6746,,4651,26-Feb-24,4651,26-Feb-24,12409,,,,,,,,,,,,,,,,,,,,,,,,,
49862,,,water,,,100,,,,,,,,26-FEB-24 09.00.00.000000 PM,,,,,,,,,,,,,,6746,,4651,26-Feb-24,4651,26-Feb-24,,,,,,,,,,,,,,,,,,,,,,,,,,
49863,,,Flaggyl,,,100,,,,,,,,26-FEB-24 09.15.00.000000 PM,,,,,,,,,,,,,,6746,,4651,26-Feb-24,4651,26-Feb-24,,,,,,,,,,,,,,,,,,,,,,,,,,
49865,,582,blood,,,450,,,,,,,,26-FEB-24 09.15.00.000000 PM,,,,,,,,,,,,,,5719,,4595,26-Feb-24,4595,26-Feb-24,,,,,,,,,,,,,,,,,,,,,,,,,,
49866,,582,,,,,,,,,,,,26-FEB-24 10.00.00.000000 PM,,,500,,,,,,,,,,,5719,,4595,26-Feb-24,4595,26-Feb-24,,,,,,,,,,,,,,,,,,,,,,,,,,
49871,,582,,,,,,,,,,,,27-FEB-24 01.15.00.000000 AM,,,,,100,,,,,,,,,5719,,4595,27-Feb-24,4595,27-Feb-24,,,,,,,,,,,,,,,,,,,,,,,,,,
49878,,582,water,,100,,,,,,,,,27-FEB-24 06.00.00.000000 AM,,,,,,,,,,,,,,5719,,4595,27-Feb-24,4595,27-Feb-24,12251,,,,,,,,,,,,,,,,,,,,,,,,,
49937,,542,,,,,,,,,,,,28-FEB-24 03.15.00.000000 PM,,,,70,,,,,,,,,,6760,,4542,28-Feb-24,4542,28-Feb-24,12433,,,,,,,,,,,,,,,,,,,,,,,,,
49938,,582,I.V Flagyl,,,32,,,,,,,,28-FEB-24 02.00.00.000000 PM,,,,,,,,,,,,,,6812,,4638,28-Feb-24,4638,28-Feb-24,12588,,,,,,,,,,,,,,,,,,,,,,,,,
49939,,582,4.3%dextrose saline,,,500,,,,,,,,28-FEB-24 02.30.00.000000 PM,,,,,,,,,,,,,,6812,,4638,28-Feb-24,4638,28-Feb-24,12588,,,,,,,,,,,,,,,,,,,,,,,,,
49943,,582,250 N/S +250 10% D/W,,,500,,,,,,,,28-FEB-24 09.00.00.000000 PM,,,,,,,,,,,,,,6812,,5655,28-Feb-24,5655,28-Feb-24,12588,,,,,,,,,,,,,,,,,,,,,,,,,
49970,,582,5% d/s +N/S,,,500,,,,,,,,01-MAR-24 09.00.00.000000 PM,,,,,,,,,,,,,,6812,,5154,1-Mar-24,5154,1-Mar-24,12798,,OVER 8hrs,,,,,,,,,,,,,,,,,,,,,,,
49971,,582,tea and water,,70,,,,,,,,,01-MAR-24 09.00.00.000000 PM,,,,,,,,,,,,,,6812,,5154,1-Mar-24,5154,1-Mar-24,,,well tolerated,,,,,,,,,,,,,,,,,,,,,,,
49972,,582,,,,,,,,,,,,01-MAR-24 09.30.00.000000 PM,,,400,,,,,,,,,,,6812,,5154,1-Mar-24,5154,1-Mar-24,,,amber color,,,,,,,,,,,,,,,,,,,,,,,
49973,,582,5% d/w +N/S,,,300,,,,,,,,02-MAR-24 12.00.00.000000 AM,,,,,,,,,,,,,,6812,,5154,2-Mar-24,5154,2-Mar-24,12798,,B/F,,,,,,,,,,,,,,,,,,,,,,,
49978,,582,10%d/w +n/saline,,,500,,,,,,,,02-MAR-24 03.15.00.000000 PM,,,,,,,,,,,,,,6812,,4633,2-Mar-24,4633,2-Mar-24,12798,,,,,,,,,,,,,,,,,,,,,,,,,
49987,,,4.3% d/saline,,,500,,,,,,,,03-MAR-24 12.00.00.000000 AM,,,150,,,,,,,,,,,6812,,4953,3-Mar-24,4953,3-Mar-24,12798,,,,,,,,,,,,,,,,,,,,,,,,,
49988,,,flagyl,,,100,,,,,,,,03-MAR-24 02.00.00.000000 AM,,,,,,,,,,,,,,6812,,4953,3-Mar-24,4953,3-Mar-24,12961,,,,,,,,,,,,,,,,,,,,,,,,,
49990,,582,water,,400,,,,,,,,,03-MAR-24 09.30.00.000000 AM,,,200,50,,,,,,,,,,6812,,5715,3-Mar-24,5715,3-Mar-24,12961,,,,,,,,,,,,,,,,,,,,,,,,,
49992,,582,4.3% d/saline,,,350,,,,,,,,03-MAR-24 10.30.00.000000 AM,,,,,,,,,,,,,,6812,,5715,3-Mar-24,5715,3-Mar-24,12961,,,,,,,,,,,,,,,,,,,,,,,,,
49994,,582,tea,,250,,,,,,,,,03-MAR-24 03.00.00.000000 PM,,,200,,,,,,,,,,,6812,,5715,3-Mar-24,5715,3-Mar-24,12961,,,,,,,,,,,,,,,,,,,,,,,,,
49996,,582,WATER,,500,,,,,,,,,03-MAR-24 06.15.00.000000 PM,,,,,,,,,,,,,,6812,,4585,3-Mar-24,4585,3-Mar-24,,,,,,,,,,,,,,,,,,,,,,,,,,
50001,,582,water,,200,,,,,,,,,04-MAR-24 09.45.00.000000 AM,,,400,,,,,,,,,,,6960,,4625,4-Mar-24,4625,4-Mar-24,12983,,,,,,,,,,,,,,,,,,,,,,,,,
50006,,582,0.9% n/s +10% d/w,,,500,,,,,,,,04-MAR-24 07.00.00.000000 PM,,,,,,,,,,,,,,6812,,4638,4-Mar-24,4638,4-Mar-24,,,,,,,,,,,,,,,,,,,,,,,,,,
50007,,582,,,,,,,,,,,,04-MAR-24 06.55.00.000000 PM,,,250,,,,,,,,,,,6812,,4638,4-Mar-24,4638,4-Mar-24,,,,,,,,,,,,,,,,,,,,,,,,,,
50010,,582,,,,,,,,,,,,05-MAR-24 06.00.00.000000 AM,,,300,,,,,,,,,,,6812,,4638,5-Mar-24,4638,5-Mar-24,12961,,,,,,,,,,,,,,,,,,,,,,,,,
50023,,542,PCM,,,100,,,,,,,,08-MAR-24 06.00.00.000000 AM,,,500,,,,,,,,,,,543,,4542,8-Mar-24,4542,8-Mar-24,,,,,,,,,,,,,,,,,,,,,,,,,,
50024,,542,IV FLAGYL,,,100,,,,,,,,08-MAR-24 06.15.00.000000 AM,,,,,,,,,,,,,,543,,4542,8-Mar-24,4542,8-Mar-24,,,,,,,,,,,,,,,,,,,,,,,,,,
50066,,582,,,,,,,,,,,,10-MAR-24 05.45.00.000000 AM,,,150,,,,,,,,,,,7225,,5275,10-Mar-24,5275,10-Mar-24,,,,,,,,,,,,,,,,,,,,,,,,,,
50071,,582,,,,,,,,,,,,10-MAR-24 12.00.00.000000 PM,,,200,,,,,,,,,,,7225,,5275,10-Mar-24,5275,10-Mar-24,,,,,,,,,,,,,,,,,,,,,,,,,,
50091,,582,,,,,,,,,,,,12-MAR-24 06.30.00.000000 AM,,,100,,,,,,,,,,,7228,,4611,12-Mar-24,4611,12-Mar-24,14005,,open bowel,,,,,,,,,,,,,,,,,,,,,,,
50092,,582,tea and water,,300,,,,,,,,,12-MAR-24 06.45.00.000000 AM,,,,,,,,,,,,,,7228,,4611,12-Mar-24,4611,12-Mar-24,14005,,,,,,,,,,,,,,,,,,,,,,,,,
50093,,582,,,,,,,,,,,,12-MAR-24 07.30.00.000000 AM,,,100,,,,,,,,,,,7228,,4611,12-Mar-24,4611,12-Mar-24,14005,,moved bowel,,,,,,,,,,,,,,,,,,,,,,,
50097,,,5% dextrose water,,,500,,,,,,,,12-MAR-24 09.00.00.000000 AM,,,,,,,,,,,,,,4393,,4643,12-Mar-24,4643,12-Mar-24,14003,,,,,,,,,,,,,,,,,,,,,,,,,
50107,,582,water,,250,,,,,,,,,12-MAR-24 06.15.00.000000 PM,,,,,,,,,,,,,,7228,,4633,12-Mar-24,4633,12-Mar-24,14005,,,,,,,,,,,,,,,,,,,,,,,,,
50115,,,flagyl,,,100,,,,,,,,12-MAR-24 10.00.00.000000 PM,,,,,,,,,,,,,,7228,,4953,12-Mar-24,4953,12-Mar-24,,,,,,,,,,,,,,,,,,,,,,,,,,
50123,,,water,,500,,,,,,,,,13-MAR-24 07.50.00.000000 AM,,,,,,,,,,,,,,7371,,4953,13-Mar-24,4953,13-Mar-24,14196,,,,,,,,,,,,,,,,,,,,,,,,,
50132,,,water,,500,,,,,,,,,14-MAR-24 12.00.00.000000 PM,,,,,,,,,,,,,,7228,,5759,14-Mar-24,5759,14-Mar-24,14005,,,,,,,,,,,,,,,,,,,,,,,,,
50134,,542,0.9% normal saline,,,1000,,,,,,,,14-MAR-24 10.30.00.000000 AM,,,,,,,,,,,,,,6758,,4601,14-Mar-24,4601,14-Mar-24,14251,,fast,,,,,,,,,,,,,,,,,,,,,,,
50136,,,,,,,,,,,,,,14-MAR-24 11.15.00.000000 AM,,,300,,,,,,,,,,,6758,,4601,14-Mar-24,4601,14-Mar-24,,,,,,,,,,,,,,,,,,,,,,,,,,
50137,,542,,,500,,,,,,,,,14-MAR-24 12.00.00.000000 PM,,,,,,,,,,,,,,6758,,4601,14-Mar-24,4601,14-Mar-24,,,,,,,,,,,,,,,,,,,,,,,,,,
50146,,582,flaggyl,,,50,,,,,,,,15-MAR-24 12.00.00.000000 AM,,,,,,,,,,,,,,7390,,5483,15-Mar-24,5483,15-Mar-24,14246,,,,,,,,,,,,,,,,,,,,,,,,,
50158,,,4.3% d/saline,,300,,,,,,,,,15-MAR-24 02.30.00.000000 PM,,,,,,,,,,,,,,7470,,5759,15-Mar-24,5759,15-Mar-24,,,,,,,,,,,,,,,,,,,,,,,,,,
50172,,542,5% dextrose saline,,,500,,,,,,,,17-MAR-24 08.45.00.000000 AM,,,300,,,,,,,,,,,497,,5014,17-Mar-24,4607,17-Mar-24,,,,,,,,,,,,,,,,,,,,,,,,,,
50201,,,,,,,,,,,,,,19-MAR-24 10.20.00.000000 AM,,,,,500,,,,,,,,,7598,,4953,19-Mar-24,4953,19-Mar-24,,,watery,,,,,,,,,,,,,,,,,,,,,,,
50166,,582,0.9% normal saline,,,500,,,,,,,,16-MAR-24 03.00.00.000000 AM,,,300,,,,,,,,,,,7460,,5483,16-Mar-24,5483,16-Mar-24,14483,,,,,,,,,,,,,,,,,,,,,,,,,
50215,,542,Iv ciprofloxacin,,,100,,,,,,,,21-MAR-24 07.45.00.000000 AM,,,,,,,,,,,,,,7650,,5655,21-Mar-24,5655,21-Mar-24,14975,,,,,,,,,,,,,,,,,,,,,,,,,
50216,,,WATER,,100,,,,,,,,,21-MAR-24 09.00.00.000000 AM,,,200,,,,,,,,,,,7650,,4953,21-Mar-24,4953,21-Mar-24,14975,,,,,,,,,,,,,,,,,,,,,,,,,
50228,,542,water,,,500,,,,,,,,21-MAR-24 08.00.00.000000 PM,,,,,,,,,,,,,,7650,,5655,21-Mar-24,5655,21-Mar-24,14975,,,,,,,,,,,,,,,,,,,,,,,,,
50240,,542,,,,,,,,,,,,24-MAR-24 06.00.00.000000 PM,,,50,,50,,,,,,,,,7784,,5154,24-Mar-24,5154,24-Mar-24,15356,,watery stool,,,,,,,,,,,,,,,,,,,,,,,
50242,,,flagyl,,,100,,,,,,,,24-MAR-24 07.00.00.000000 PM,,,70,,50,,,,,,,,,7784,,5154,24-Mar-24,5154,24-Mar-24,,,watery stool,,,,,,,,,,,,,,,,,,,,,,,
50279,,,water,,250,,,,,,,,,26-MAR-24 01.30.00.000000 PM,,,,,,,,,,,,,,6548,,5716,26-Mar-24,5716,26-Mar-24,15406,,,,,,,,,,,,,,,,,,,,,,,,,
50294,,,,,,,,,,,,,,27-MAR-24 06.00.00.000000 AM,,,500,,,,,,,,,,,6548,,4953,27-Mar-24,4953,27-Mar-24,,,,,,,,,,,,,,,,,,,,,,,,,,
50303,,542,,,,,,,,,,,,27-MAR-24 08.00.00.000000 AM,,,500,,,,,,,,,,,6548,,5014,27-Mar-24,5014,27-Mar-24,15406,,,,,,,,,,,,,,,,,,,,,,,,,
50311,,542,water,,300,,,,,,,,,27-MAR-24 02.30.00.000000 PM,,,,,,,,,,,,,,6548,,5716,27-Mar-24,5716,27-Mar-24,,,,,,,,,,,,,,,,,,,,,,,,,,
50352,,,normal saline,,,500,,,,,,,,28-MAR-24 09.00.00.000000 AM,,,,,,,,,,,,,,7532,,4580,28-Mar-24,4580,28-Mar-24,14721,,,,,,,,,,,,,,,,,,,,,,,,,
50353,,,water,,,500,,,,,,,,28-MAR-24 05.30.00.000000 PM,,,,,,,,,,,,,,7532,,4580,28-Mar-24,4580,28-Mar-24,,,,,,,,,,,,,,,,,,,,,,,,,,
50354,,542,iv febramol,,,100,,,,,,,,28-MAR-24 07.00.00.000000 PM,,,,,,,,,,,,,,7532,,4580,28-Mar-24,4580,28-Mar-24,,,,,,,,,,,,,,,,,,,,,,,,,,
50356,,,5% D/W,,,500,,,,,,,,28-MAR-24 09.00.00.000000 PM,,,600,,,,,,,,,,,7532,,4580,28-Mar-24,4580,28-Mar-24,,,,,,,,,,,,,,,,,,,,,,,,,,
49728,,542,0.9% Normal Saline,,,500,,,,,,,,21-FEB-24 08.00.00.000000 AM,,,,,,,,,,,,,,6411,,4629,21-Feb-24,4629,21-Feb-24,11581,,Fluid to run for over 4hours,,,,,,,,,,,,,,,,,,,,,,,
49790,,582,,,,,,,,,,,,24-FEB-24 09.00.00.000000 AM,,,200,100,,,,,,,,,,6594,,4961,24-Feb-24,4961,24-Feb-24,12028,,,,,,,,,,,,,,,,,,,,,,,,,
49769,,,Iv ciprofloxacin,,,100,,,,,,,,23-FEB-24 09.45.00.000000 PM,,,,,,,,,,,,,,6679,,4638,23-Feb-24,4638,23-Feb-24,12225,,,,,,,,,,,,,,,,,,,,,,,,,
49770,,,water,,500,,,,,,,,,23-FEB-24 10.00.00.000000 PM,,,,,,,,,,,,,,6679,,4638,23-Feb-24,4638,23-Feb-24,,,,,,,,,,,,,,,,,,,,,,,,,,
49774,,,Iv ciprofloxacin,,150,100,,,,,,,,24-FEB-24 09.45.00.000000 AM,,,500,,,,,,,,,,,6679,,4638,24-Feb-24,4601,24-Feb-24,12225,,ors,,,,,,,,,,,,,,,,,,,,,,,
49778,,,,,,,,,,,,,,24-FEB-24 01.30.00.000000 AM,,,200,,,,,,,,,,,3585,,4638,24-Feb-24,4638,24-Feb-24,,,,,,,,,,,,,,,,,,,,,,,,,,
49779,,,iv flagyl,,,100,,,,,,,,24-FEB-24 06.00.00.000000 AM,,,,,,,,,,,,,,6679,,4638,24-Feb-24,4638,24-Feb-24,12225,,,,,,,,,,,,,,,,,,,,,,,,,
49788,,582,febramol,,,50,,,,,,,,24-FEB-24 08.00.00.000000 AM,,,,20,,,,,,,,,,6594,,4961,24-Feb-24,4961,24-Feb-24,12028,,,,,,,,,,,,,,,,,,,,,,,,,
49802,,,febramol,,,50,,,,,,,,24-FEB-24 04.00.00.000000 PM,,,,,,,,,,,,,,6594,,4638,24-Feb-24,4638,24-Feb-24,12028,,,,,,,,,,,,,,,,,,,,,,,,,
49814,,542,0.9% normal saline,,,500,,,,,,,,24-FEB-24 11.10.00.000000 PM,,,200,50,,,,,,,,,,6688,,4650,24-Feb-24,4650,24-Feb-24,12239,,,,,,,,,,,,,,,,,,,,,,,,,
49818,,542,IV CIPROFLOXACIN,,,100,,,,,,,,25-FEB-24 06.00.00.000000 AM,,,500,,,,,,,,,,,6683,,4650,25-Feb-24,4650,25-Feb-24,,,,,,,,,,,,,,,,,,,,,,,,,,
49831,,542,Full strength Darrow,,,500,,,,,,,,25-FEB-24 11.00.00.000000 AM,,,150,,,,,,,,,,,6688,,5655,25-Feb-24,4607,25-Feb-24,12239,,,,,,,,,,,,,,,,,,,,,,,,,
49842,,,Half strength Darrow,,,500,,,,,,,,26-FEB-24 08.00.00.000000 PM,,,,,,,,,,,,,,6688,,4595,25-Feb-24,4595,25-Feb-24,,,,,,,,,,,,,,,,,,,,,,,,,,
49843,,542,Full strength Darrow,,,500,,,,,,,,25-FEB-24 08.00.00.000000 PM,,,,,,,,,,,,,,6688,,4595,25-Feb-24,4595,25-Feb-24,,,,,,,,,,,,,,,,,,,,,,,,,,
49845,,542,pap,,100,,,,,,,,,25-FEB-24 05.00.00.000000 PM,,,,,,,,,,,,,,6683,,4595,25-Feb-24,4595,25-Feb-24,,,,,,,,,,,,,,,,,,,,,,,,,,
49846,,542,cipro,,,100,,,,,,,,25-FEB-24 06.00.00.000000 PM,,,,,,,,,,,,,,6683,,4595,25-Feb-24,4595,25-Feb-24,,,,,,,,,,,,,,,,,,,,,,,,,,
49848,,,water,,400,,,,,,,,,25-FEB-24 05.30.00.000000 PM,,,,,,,,,,,,,,6688,,4595,25-Feb-24,4595,25-Feb-24,12239,,,,,,,,,,,,,,,,,,,,,,,,,
49859,,542,ringers lactate,,,500,,,,,,,,26-FEB-24 07.45.00.000000 PM,,,300,,,,,,,,,,,6746,,4651,26-Feb-24,4651,26-Feb-24,12409,,,,,,,,,,,,,,,,,,,,,,,,,
49867,,,ORS,,,100,,,,,,,,26-FEB-24 09.15.00.000000 PM,,,,,,,,,,,,,,6746,,4651,26-Feb-24,4651,26-Feb-24,12409,,,,,,,,,,,,,,,,,,,,,,,,,
49868,,,,,,,,,,,,,,26-FEB-24 11.00.00.000000 PM,,,150,,,,,,,,,,,6746,,4651,26-Feb-24,4651,26-Feb-24,,,,,,,,,,,,,,,,,,,,,,,,,,
49869,,582,,,,,,,,,,,,26-FEB-24 11.00.00.000000 PM,,,200,,,,,,,,,,,5719,,4595,26-Feb-24,4595,26-Feb-24,12251,,,,,,,,,,,,,,,,,,,,,,,,,
49870,,582,normal saline,,,500,,,,,,,,27-FEB-24 05.30.00.000000 AM,,,,,,,,,,,,,,5719,,4595,27-Feb-24,4595,27-Feb-24,12251,,,,,,,,,,,,,,,,,,,,,,,,,
49872,,582,,,,,,,,,,,,27-FEB-24 02.30.00.000000 AM,,,,,150,,,,,,,,,5719,,4595,27-Feb-24,4595,27-Feb-24,,,,,,,,,,,,,,,,,,,,,,,,,,
49873,,582,,,,,,,,,,,,27-FEB-24 03.30.00.000000 AM,,,100,,150,,,,,,,,,5719,,4595,27-Feb-24,4595,27-Feb-24,,,,,,,,,,,,,,,,,,,,,,,,,,
49874,,582,,,,,,,,,,,,27-FEB-24 04.00.00.000000 AM,,,100,,100,,,,,,,,,5719,,4595,27-Feb-24,4595,27-Feb-24,,,,,,,,,,,,,,,,,,,,,,,,,,
49875,,582,0.9% normal saline,,,500,,,,,,,,27-FEB-24 05.45.00.000000 AM,,,,,,,,,,,,,,5719,,4595,27-Feb-24,4595,27-Feb-24,,,,,,,,,,,,,,,,,,,,,,,,,,
49876,,,normal saline,,,500,,,,,,,,27-FEB-24 05.00.00.000000 AM,,,300,,,,,,,,,,,6746,,4651,27-Feb-24,4651,27-Feb-24,12409,,,,,,,,,,,,,,,,,,,,,,,,,
49886,,582,normal saline,,,500,,,,,,,,27-FEB-24 01.45.00.000000 PM,,,,,,,,,,,,,,6773,,5715,27-Feb-24,5715,27-Feb-24,12496,,,,,,,,,,,,,,,,,,,,,,,,,
49889,,582,Ringer Lactate,,,500,,,,,,,,27-FEB-24 03.00.00.000000 PM,,,,,,,,,,,,,,6773,,5715,27-Feb-24,5715,27-Feb-24,12496,,,,,,,,,,,,,,,,,,,,,,,,,
49892,,,,,300,,,,,,,,,27-FEB-24 03.30.00.000000 PM,,,,,,,,,,,,,,6760,,4953,27-Feb-24,4953,27-Feb-24,12433,,,,,,,,,,,,,,,,,,,,,,,,,
49893,,582,I.V Flagyl,,,100,,,,,,,,27-FEB-24 04.15.00.000000 PM,,,50,,,,,,,,,,,5719,,5715,27-Feb-24,5715,27-Feb-24,12251,,,,,,,,,,,,,,,,,,,,,,,,,
49894,,582,WATER,,,200,,,,,,,,27-FEB-24 02.15.00.000000 PM,,,,,,,,,,,,,,5719,,5715,27-Feb-24,5715,27-Feb-24,,,,,,,,,,,,,,,,,,,,,,,,,,
49895,,542,4.3% dextrose saline,,,500,,,,,,,,27-FEB-24 06.00.00.000000 PM,,,,,,,,,,,,,,6804,,4933,27-Feb-24,4933,27-Feb-24,12574,,,,,,,,,,,,,,,,,,,,,,,,,
49902,,582,,,,,,,,,,,,27-FEB-24 06.45.00.000000 PM,,,,,100,,,,,,,,,5719,,4937,27-Feb-24,4937,27-Feb-24,,,,,,,,,,,,,,,,,,,,,,,,,,
49907,,582,full strenght darrow,,,500,,,,,,,,27-FEB-24 11.00.00.000000 PM,,,400,,,,,,,,,,,6773,,4937,27-Feb-24,4937,27-Feb-24,12496,,,,,,,,,,,,,,,,,,,,,,,,,
49927,,,,,,,,,,,,,,28-FEB-24 10.00.00.000000 AM,,,,,200,,,,,,,,,5719,,4638,28-Feb-24,4638,28-Feb-24,,,,,,,,,,,,,,,,,,,,,,,,,,
49928,,,,,,,,,,,,,,28-FEB-24 12.00.00.000000 PM,,,,,100,,,,,,,,,5719,,4638,28-Feb-24,4638,28-Feb-24,,,,,,,,,,,,,,,,,,,,,,,,,,
49955,,582,I.V Flagyl,,,100,,,,,,,,01-MAR-24 07.00.00.000000 AM,,,300,,,,,,,,,,,5719,,4601,29-Feb-24,4601,29-Feb-24,,,,,,,,,,,,,,,,,,,,,,,,,,
49956,,582,I.V Flagyl,,,100,,,,,,,,01-MAR-24 06.00.00.000000 AM,,,300,,,,,,,,,,,5719,,4601,29-Feb-24,4601,29-Feb-24,,,,,,,,,,,,,,,,,,,,,,,,,,
49957,,,I.V Flagyl,,,100,,,,,,,,01-MAR-24 07.00.00.000000 AM,,,300,,,,,,,,,,,5719,,4601,29-Feb-24,4601,29-Feb-24,12251,,,,,,,,,,,,,,,,,,,,,,,,,
49959,,582,tea,,30,,,,,,,,,01-MAR-24 08.00.00.000000 AM,,,,,,,,,,,,,,6812,,4595,1-Mar-24,4595,1-Mar-24,,,,,,,,,,,,,,,,,,,,,,,,,,
49960,,582,10%d/w +n/saline,,,500,,,,,,,,01-MAR-24 04.00.00.000000 AM,,,,,,,,,,,,,,6812,,4580,1-Mar-24,4580,1-Mar-24,12798,,not available,,,,,,,,,,,,,,,,,,,,,,,
49975,,582,I.V Flagyl,,,50,,,,,,,,02-MAR-24 10.30.00.000000 AM,,,,,,,,,,,,,,6812,,4633,2-Mar-24,4633,2-Mar-24,,,,,,,,,,,,,,,,,,,,,,,,,,
49979,,582,WATER,,50,,,,,,,,,02-MAR-24 03.45.00.000000 PM,,,200,,,,,,,,,,,6812,,4633,2-Mar-24,4633,2-Mar-24,12798,,,,,,,,,,,,,,,,,,,,,,,,,
49984,,,WATER,,200,,,,,,,,,02-MAR-24 09.00.00.000000 PM,,,,,,,,,,,,,,6812,,4953,2-Mar-24,4953,2-Mar-24,,,,,,,,,,,,,,,,,,,,,,,,,,
49993,,582,pap + water,,250,,,,,,,,,03-MAR-24 01.00.00.000000 PM,,,150,,,,,,,,,,,6812,,5715,3-Mar-24,5715,3-Mar-24,12961,,,,,,,,,,,,,,,,,,,,,,,,,
50000,,582,WATER,,150,,,,,,,,,04-MAR-24 09.30.00.000000 AM,,,200,,,,,,,,,,,6812,,4625,4-Mar-24,4625,4-Mar-24,12961,,,,,,,,,,,,,,,,,,,,,,,,,
50003,,582,WATER,,250,,,,,,,,,04-MAR-24 12.15.00.000000 PM,,,,,,,,,,,,,,6960,,5655,4-Mar-24,5655,4-Mar-24,12983,,,,,,,,,,,,,,,,,,,,,,,,,
50005,,582,flagyl,,,50,,,,,,,,04-MAR-24 07.00.00.000000 PM,,,,,,,,,,,,,,6812,,4638,4-Mar-24,4638,4-Mar-24,12961,,,,,,,,,,,,,,,,,,,,,,,,,
50016,,,10% D/Water and N/S ,,,500,,,,,,,,06-MAR-24 01.00.00.000000 AM,,,,,,,,,,,,,,6812,,4651,6-Mar-24,4651,6-Mar-24,12961,,,,,,,,,,,,,,,,,,,,,,,,,
50025,,582,5% D/W,,,500,,,,,,,,08-MAR-24 09.30.00.000000 AM,,,,,,,,,,,,,,4031,,4650,8-Mar-24,4650,8-Mar-24,13600,,,,,,,,,,,,,,,,,,,,,,,,,
50102,,,,,,,,,,,,,,12-MAR-24 11.15.00.000000 AM,,,400,,,,,,,,,,,4393,,4643,12-Mar-24,4643,12-Mar-24,,,,,,,,,,,,,,,,,,,,,,,,,,
50103,,582,,,,,,,,,,,,12-MAR-24 03.30.00.000000 PM,,,30,,,,,,,,,,,7228,,4601,12-Mar-24,4601,12-Mar-24,14005,,bloody,,,,,,,,,,,,,,,,,,,,,,,
50104,,582,water,,250,,,,,,,,,12-MAR-24 04.15.00.000000 PM,,,,,,,,,,,,,,7228,,4633,12-Mar-24,4633,12-Mar-24,14005,,,,,,,,,,,,,,,,,,,,,,,,,
50105,,582,water,,250,,,,,,,,,12-MAR-24 05.15.00.000000 PM,,,,,,,,,,,,,,7228,,4633,12-Mar-24,4633,12-Mar-24,14005,,,,,,,,,,,,,,,,,,,,,,,,,
50106,,542,,,,,,,,,,,,12-MAR-24 05.30.00.000000 PM,,,200,,,,,,,,,,,4393,,4512,12-Mar-24,4512,12-Mar-24,14003,,,,,,,,,,,,,,,,,,,,,,,,,
50119,,582,IV FLAGYL,,,,,,,,,,,13-MAR-24 06.00.00.000000 AM,,,500,,,,,,,,,,,7228,,4633,13-Mar-24,4633,13-Mar-24,,,,,,,,,,,,,,,,,,,,,,,,,,
50127,,,4.3 %Dextrose Saline,,,600,,,,,,,,14-MAR-24 12.00.00.000000 AM,,,,,,,,,,,,,,7390,,5501,14-Mar-24,5501,14-Mar-24,14246,,to run for 8hrs,,,,,,,,,,,,,,,,,,,,,,,
50138,,582,,,,,,,,,,,,14-MAR-24 03.00.00.000000 PM,,,300,,,,,,,,,,,7390,,5759,14-Mar-24,5759,14-Mar-24,14246,,,,,,,,,,,,,,,,,,,,,,,,,
50139,,582,4.3% dextrose saline,,,500,,,,,,,,14-MAR-24 05.00.00.000000 PM,,,200,,,,,,,,,,,7390,,5483,14-Mar-24,5483,14-Mar-24,14246,,,,,,,,,,,,,,,,,,,,,,,,,
50141,,542,water,,500,,,,,,,,,14-MAR-24 07.00.00.000000 PM,,,300,,,,,,,,,,,6758,,4977,14-Mar-24,4977,14-Mar-24,14251,,,,,,,,,,,,,,,,,,,,,,,,,
50142,,542,water,,500,,,,,,,,,14-MAR-24 09.00.00.000000 PM,,,,,,,,,,,,,,6758,,4977,14-Mar-24,4977,14-Mar-24,,,,,,,,,,,,,,,,,,,,,,,,,,
50152,,,,,,,,,,,,,,15-MAR-24 09.00.00.000000 AM,,,400,,,,,,,,,,,6758,,4937,15-Mar-24,4937,15-Mar-24,14251,,,,,,,,,,,,,,,,,,,,,,,,,
50155,,,water,,200,,,,,,,,,15-MAR-24 12.00.00.000000 PM,,,,,,,,,,,,,,6758,,4937,15-Mar-24,4937,15-Mar-24,,,,,,,,,,,,,,,,,,,,,,,,,,
50171,,542,normal saline,,,500,,,,,,,,16-MAR-24 11.45.00.000000 PM,,,,,,,,,,,,,,497,,5014,16-Mar-24,5014,16-Mar-24,11864,,,,,,,,,,,,,,,,,,,,,,,,,
50175,,582,4.3% d/saline 8hrly,,,500,,,,,,,,17-MAR-24 01.00.00.000000 PM,,,,,,,,,,,,,,7510,,4611,17-Mar-24,4611,17-Mar-24,,,,,,,,,,,,,,,,,,,,,,,,,,
50202,,,,,,,,,,,,,,19-MAR-24 12.40.00.000000 AM,,,200,,300,,,,,,,,,7598,,4953,19-Mar-24,4953,19-Mar-24,,,watery,,,,,,,,,,,,,,,,,,,,,,,
50204,,,ORS,,100,,,,,,,,,19-MAR-24 11.20.00.000000 AM,,,,,,,,,,,,,,7598,,4953,19-Mar-24,4953,19-Mar-24,,,,,,,,,,,,,,,,,,,,,,,,,,
50206,,542,water,,500,,,,,,,,,20-MAR-24 06.00.00.000000 PM,,,300,,,,,,,,,,,7650,,4580,20-Mar-24,4580,20-Mar-24,14975,,,,,,,,,,,,,,,,,,,,,,,,,
50207,,542,0.9% normal saline,,,500,,,,,,,,20-MAR-24 06.30.00.000000 PM,,,,,,,,,,,,,,7650,,4580,20-Mar-24,4580,20-Mar-24,,,,,,,,,,,,,,,,,,,,,,,,,,
50208,,542,ciprofloxacin,,,100,,,,,,,,20-MAR-24 07.45.00.000000 PM,,,,,,,,,,,,,,7650,,4580,20-Mar-24,4580,20-Mar-24,14975,,,,,,,,,,,,,,,,,,,,,,,,,
50209,,542,,,,,,,,,,,,20-MAR-24 06.30.00.000000 PM,,,,400,,,,,,,,,,7650,,4580,20-Mar-24,4580,20-Mar-24,14975,,RECENTLY INGESTED PAP,,,,,,,,,,,,,,,,,,,,,,,
50225,,542,,,,,,,,,,,,21-MAR-24 05.30.00.000000 PM,,,200,,,,,,,,,,,7650,,5655,21-Mar-24,5655,21-Mar-24,14975,,,,,,,,,,,,,,,,,,,,,,,,,
50244,,,,,,,,,,,,,,24-MAR-24 09.45.00.000000 PM,,,50,,50,,,,,,,,,7784,,5154,24-Mar-24,5154,24-Mar-24,,,watery stool,,,,,,,,,,,,,,,,,,,,,,,
50253,,582,normal saline,,,500,,,,,,,,25-MAR-24 01.30.00.000000 PM,,,,,,,,,,,,,,7746,,4512,25-Mar-24,4512,25-Mar-24,15477,,,,,,,,,,,,,,,,,,,,,,,,,
50275,,542,flagyl,,,100,,,,,,,,26-MAR-24 11.30.00.000000 AM,,,100,,,,,,,,,,,1997,,4580,26-Mar-24,4580,26-Mar-24,,,concentrated urine,,,,,,,,,,,,,,,,,,,,,,,
50276,,542,normal saline,,,500,,,,,,,,26-MAR-24 12.30.00.000000 PM,,,,,,,,,,,,,,1997,,4580,26-Mar-24,4580,26-Mar-24,,,,,,,,,,,,,,,,,,,,,,,,,,
50278,,542,water,,150,,,,,,,,,26-MAR-24 10.45.00.000000 AM,,,200,,,,,,,,,,,6548,,5716,26-Mar-24,5716,26-Mar-24,15406,,,,,,,,,,,,,,,,,,,,,,,,,
50295,,542,5% D/s,,,500,,,,,,,,27-MAR-24 06.00.00.000000 AM,,,,,,,,,,,,,,1003,,4650,27-Mar-24,4650,27-Mar-24,15598,,,,,,,,,,,,,,,,,,,,,,,,,
49740,,542,4.3% DEXTROSE SALINE,,,500,,,,,,,,22-FEB-24 06.40.00.000000 PM,,,200,,,,,,,,,,,6594,,4953,22-Feb-24,4953,22-Feb-24,12028,,,,,,,,,,,,,,,,,,,,,,,,,
49744,,,flagyl,,,250,,,,,,,,22-FEB-24 10.15.00.000000 PM,,,200,,,,,,,,,,,6594,,4953,22-Feb-24,4953,22-Feb-24,,,,,,,,,,,,,,,,,,,,,,,,,,
49751,,582,IV Flagyl,,,50,,,,,,,,23-FEB-24 06.15.00.000000 AM,,,,,,,,,,,,,,6594,,4927,23-Feb-24,4927,23-Feb-24,,,,,,,,,,,,,,,,,,,,,,,,,,
49757,,542,,,200,,,,,,,,,23-FEB-24 12.45.00.000000 PM,,,300,,,,,,,,,,,3585,,4595,23-Feb-24,4595,23-Feb-24,11953,,,,,,,,,,,,,,,,,,,,,,,,,
49795,,582,Metronidazole,,,50,,,,,,,,24-FEB-24 02.00.00.000000 PM,,,,,,,,,,,,,,6594,,4961,24-Feb-24,4961,24-Feb-24,12028,,,,,,,,,,,,,,,,,,,,,,,,,
49804,,542,IV CIPROFLOXACIN,,,100,,,,,,,,24-FEB-24 05.41.00.000000 PM,,,,,,,,,,,,,,6683,,4650,24-Feb-24,4650,24-Feb-24,12232,,,,,,,,,,,,,,,,,,,,,,,,,
49807,,,5% dexrose water,,,500,,,,,,,,24-FEB-24 08.15.00.000000 PM,,,,,,,,,,,,,,6594,,4638,24-Feb-24,4638,24-Feb-24,12028,,,,,,,,,,,,,,,,,,,,,,,,,
49808,,542,0.9% normal saline,,,500,,,,,,,,24-FEB-24 09.00.00.000000 PM,,,,,,,,,,,,,,6683,,4650,24-Feb-24,4650,24-Feb-24,12232,,,,,,,,,,,,,,,,,,,,,,,,,
49853,,542,flagyl and cipro,,,200,,,,,,,,26-FEB-24 06.00.00.000000 AM,,,300,,,,,,,,,,,6683,,4595,26-Feb-24,4595,26-Feb-24,12232,,,,,,,,,,,,,,,,,,,,,,,,,
49854,,582,pap,,300,,,,,,,,,26-FEB-24 07.00.00.000000 AM,,,100,,,,,,,,,,,6594,,5483,26-Feb-24,5483,26-Feb-24,12028,,,,,,,,,,,,,,,,,,,,,,,,,
49890,,542,flagyl,,,100,,,,,,,,27-FEB-24 03.30.00.000000 PM,,,,,,,,,,,,,,6746,,4953,27-Feb-24,4953,27-Feb-24,12409,,,,,,,,,,,,,,,,,,,,,,,,,
49891,,,,,,,,,,,,,,27-FEB-24 03.45.00.000000 PM,,,300,,,,,,,,,,,6746,,4953,27-Feb-24,4953,27-Feb-24,12409,,,,,,,,,,,,,,,,,,,,,,,,,
49991,,582,flagyl,,,250,,,,,,,,03-MAR-24 10.00.00.000000 AM,,,,,,,,,,,,,,6812,,5715,3-Mar-24,5715,3-Mar-24,,,,,,,,,,,,,,,,,,,,,,,,,,
50008,,582,flagyl,,,50,,,,,,,,05-MAR-24 03.00.00.000000 AM,,,,,,,,,,,,,,6812,,4638,5-Mar-24,4638,5-Mar-24,12961,,,,,,,,,,,,,,,,,,,,,,,,,
50017,,,10% D/Water and N/S ,,,500,,,,,,,,06-MAR-24 08.30.00.000000 AM,,,,,,,,,,,,,,6812,,4651,6-Mar-24,4651,6-Mar-24,,,,,,,,,,,,,,,,,,,,,,,,,,
50018,,582,beverages,,150,,,,,,,,,06-MAR-24 10.00.00.000000 AM,,,100,,,,,,,,,,,6812,,4580,6-Mar-24,4580,6-Mar-24,12961,,,,,,,,,,,,,,,,,,,,,,,,,
50019,,,water,,200,,,,,,,,,06-MAR-24 12.00.00.000000 PM,,,100,,,,,,,,,,,6812,,4580,6-Mar-24,4580,6-Mar-24,,,,,,,,,,,,,,,,,,,,,,,,,,
50020,,,water,,200,,,,,,,,,06-MAR-24 02.00.00.000000 PM,,,150,,,,,,,,,,,6812,,4580,6-Mar-24,4580,6-Mar-24,,,,,,,,,,,,,,,,,,,,,,,,,,
50021,,,i/v  flagyl,,,50,,,,,,,,06-MAR-24 02.30.00.000000 PM,,,,,,,,,,,,,,6812,,4580,6-Mar-24,4580,6-Mar-24,,,,,,,,,,,,,,,,,,,,,,,,,,
50048,,582,bf,,,250,,,,,,,,09-MAR-24 12.00.00.000000 AM,,,,,,,,,,,,,,4031,,4595,9-Mar-24,4595,9-Mar-24,13770,,,,,,,,,,,,,,,,,,,,,,,,,
50049,,582,normal saline,,,500,,,,,,,,09-MAR-24 02.30.00.000000 AM,,,200,,,,,,,,,,,4031,,4595,9-Mar-24,4595,9-Mar-24,,,,,,,,,,,,,,,,,,,,,,,,,,
50050,,582,flagyl and febramol,,,200,,,,,,,,09-MAR-24 06.00.00.000000 AM,,,300,,,,,,,,,,,4031,,4595,9-Mar-24,4595,9-Mar-24,,,,,,,,,,,,,,,,,,,,,,,,,,
50060,,,ORS,,500,,,,,,,,,09-MAR-24 10.00.00.000000 AM,,,,,,,,,,,,,,4031,,4953,9-Mar-24,4953,9-Mar-24,,,,,,,,,,,,,,,,,,,,,,,,,,
50061,,,ORS,,200,,,,,,,,,09-MAR-24 12.15.00.000000 PM,,,,,,,,,,,,,,4031,,4953,9-Mar-24,4953,9-Mar-24,,,,,,,,,,,,,,,,,,,,,,,,,,
50074,,582,,,,,,,,,,,,10-MAR-24 04.15.00.000000 PM,,,100,,,,,,,,,,,7225,,5275,10-Mar-24,5275,10-Mar-24,,,,,,,,,,,,,,,,,,,,,,,,,,
50080,,542,5% dextrose water,,,500,,,,,,,,11-MAR-24 04.15.00.000000 PM,,,,,,,,,,,,,,4393,,4950,11-Mar-24,4950,11-Mar-24,14003,,,,,,,,,,,,,,,,,,,,,,,,,
50081,,542,5% dextrose water,,,500,,,,,,,,11-MAR-24 04.30.00.000000 PM,,,,,,,,,,,,,,4393,,4950,11-Mar-24,4950,11-Mar-24,,,,,,,,,,,,,,,,,,,,,,,,,,
50082,,542,0.9% Normal Saline,,,500,,,,,,,,11-MAR-24 04.45.00.000000 PM,,,,,,,,,,,,,,4393,,4950,11-Mar-24,4950,11-Mar-24,,,,,,,,,,,,,,,,,,,,,,,,,,
50087,,582,5% Dextrose saline,,,500,,,,,,,,12-MAR-24 01.30.00.000000 AM,,,,,,,,,,,,,,7228,,4607,12-Mar-24,4607,12-Mar-24,14005,,,,,,,,,,,,,,,,,,,,,,,,,
50098,,,WATER,,300,,,,,,,,,12-MAR-24 10.00.00.000000 AM,,,,,,,,,,,,,,4393,,4643,12-Mar-24,4643,12-Mar-24,,,,,,,,,,,,,,,,,,,,,,,,,,
50099,,,WATER,,300,,,,,,,,,12-MAR-24 12.00.00.000000 PM,,,,,,,,,,,,,,4393,,4643,12-Mar-24,4643,12-Mar-24,,,,,,,,,,,,,,,,,,,,,,,,,,
50101,,,,,,,,,,,,,,12-MAR-24 09.30.00.000000 AM,,,300,,,,,,,,,,,4393,,4643,12-Mar-24,4643,12-Mar-24,,,,,,,,,,,,,,,,,,,,,,,,,,
50125,,582,,,,,,,,,,,,13-MAR-24 12.45.00.000000 PM,,,20,,,,,,,,,,,7228,,4542,13-Mar-24,4542,13-Mar-24,14005,,,,,,,,,,,,,,,,,,,,,,,,,
50128,,,WATER,,100,,,,,,,,,14-MAR-24 08.30.00.000000 AM,,,,,,,,,,,,,,7228,,5501,14-Mar-24,5501,14-Mar-24,14005,,,,,,,,,,,,,,,,,,,,,,,,,
50129,,,,,,,,,,,,,,14-MAR-24 07.00.00.000000 AM,,,600,,,,,,,,,,,7228,,5501,14-Mar-24,5501,14-Mar-24,,,,,,,,,,,,,,,,,,,,,,,,,,
50130,,,,,,,,,,,,,,14-MAR-24 03.15.00.000000 AM,,,900,,,,,,,,,,,7228,,5501,14-Mar-24,5501,14-Mar-24,,,,,,,,,,,,,,,,,,,,,,,,,,
50135,,542,,,,500,,,,,,,,14-MAR-24 11.45.00.000000 AM,,,,,,,,,,,,,,6758,,4601,14-Mar-24,4601,14-Mar-24,,,4hours,,,,,,,,,,,,,,,,,,,,,,,
50144,,542,,,,500,,,,,,,,15-MAR-24 04.00.00.000000 AM,,,,,,,,,,,,,,6758,,4977,15-Mar-24,4977,15-Mar-24,14251,,,,,,,,,,,,,,,,,,,,,,,,,
50145,,542,,,500,,,,,,,,,15-MAR-24 05.00.00.000000 AM,,,300,,,,,,,,,,,6758,,4977,15-Mar-24,4977,15-Mar-24,,,,,,,,,,,,,,,,,,,,,,,,,,
50153,,,water,,200,,,,,,,,,15-MAR-24 10.30.00.000000 AM,,,200,,,,,,,,,,,6758,,4937,15-Mar-24,4937,15-Mar-24,14251,,,,,,,,,,,,,,,,,,,,,,,,,
50162,,582,0.9% normal saline,,,500,,,,,,,,15-MAR-24 09.30.00.000000 PM,,,,,,,,,,,,,,7460,,5483,15-Mar-24,5483,15-Mar-24,,,,,,,,,,,,,,,,,,,,,,,,,,
50174,,582,normal saline fast,,,500,,,,,,,,17-MAR-24 12.00.00.000000 PM,,,,,,,,,,,,,,7510,,4611,17-Mar-24,4611,17-Mar-24,14649,,,,,,,,,,,,,,,,,,,,,,,,,
50187,,,,,,,,,,,,,,18-MAR-24 06.00.00.000000 AM,,,300,,,,,,,,,,,497,,4595,18-Mar-24,4595,18-Mar-24,11864,,,,,,,,,,,,,,,,,,,,,,,,,
50213,,542,0.9% normal saline,,,500,,,,,,,,21-MAR-24 03.30.00.000000 AM,,,500,,,,,,,,,,,7650,,4580,21-Mar-24,4580,21-Mar-24,,,,,,,,,,,,,,,,,,,,,,,,,,
50241,,,ciprofloxacin,,,100,,,,,,,,24-MAR-24 07.00.00.000000 PM,,,,,,,,,,,,,,7784,,5154,24-Mar-24,5154,24-Mar-24,,,,,,,,,,,,,,,,,,,,,,,,,,
50245,,,ORS,,,200,,,,,,,,24-MAR-24 10.00.00.000000 PM,,,,,,,,,,,,,,7784,,5154,24-Mar-24,5154,24-Mar-24,,,,,,,,,,,,,,,,,,,,,,,,,,
50250,,542,flagyl,,,100,,,,,,,,25-MAR-24 04.00.00.000000 AM,,,,,,,,,,,,,,7784,,5154,25-Mar-24,5154,25-Mar-24,,,,,,,,,,,,,,,,,,,,,,,,,,
50251,,542,ringers lactate+bco,,,500,,,,,,,,25-MAR-24 05.00.00.000000 AM,,,,,,,,,,,,,,7784,,5154,25-Mar-24,5154,25-Mar-24,,,,,,,,,,,,,,,,,,,,,,,,,,
50256,,,,,,,,,,,,,,25-MAR-24 04.30.00.000000 PM,,,200,,,,,,,,,,,7746,,4638,25-Mar-24,4638,25-Mar-24,15477,,,,,,,,,,,,,,,,,,,,,,,,,
50263,,582,water,,200,,,,,,,,,25-MAR-24 05.00.00.000000 PM,,,,,,,,,,,,,,6548,,4595,25-Mar-24,4595,25-Mar-24,15406,,,,,,,,,,,,,,,,,,,,,,,,,
50266,,,,,,,,,,,,,,26-MAR-24 12.00.00.000000 AM,,,200,,,,,,,,,,,1997,,4953,26-Mar-24,4953,26-Mar-24,,,,,,,,,,,,,,,,,,,,,,,,,,
50269,,,,,,,,,,,,,,26-MAR-24 07.50.00.000000 AM,,,50,,,,,,,,,,,1997,,4953,26-Mar-24,4953,26-Mar-24,15433,,,,,,,,,,,,,,,,,,,,,,,,,
50270,,,,,,,,,,,,,,26-MAR-24 06.00.00.000000 AM,,,400,,,,,,,,,,,6548,,4595,26-Mar-24,4595,26-Mar-24,15406,,,,,,,,,,,,,,,,,,,,,,,,,
50271,,,,,,,,,,,,,,26-MAR-24 04.15.00.000000 AM,,,400,,,,,,,,,,,7746,,4638,26-Mar-24,4638,26-Mar-24,15477,,,,,,,,,,,,,,,,,,,,,,,,,
50273,,542,normal saline,,,500,,,,,,,,26-MAR-24 09.00.00.000000 AM,,,,,,,,,,,,,,1997,,4580,26-Mar-24,4580,26-Mar-24,15433,,,,,,,,,,,,,,,,,,,,,,,,,
50280,,542,,,,,,,,,,,,26-MAR-24 02.30.00.000000 PM,,,300,,,,,,,,,,,6548,,5716,26-Mar-24,5716,26-Mar-24,15406,,,,,,,,,,,,,,,,,,,,,,,,,
50286,,542,5% D/Saline,,,500,,,,,,,,26-MAR-24 08.30.00.000000 PM,,,,,,,,,,,,,,1997,,4650,26-Mar-24,4650,26-Mar-24,,,,,,,,,,,,,,,,,,,,,,,,,,
50288,,,,,,,,,,,,,,26-MAR-24 08.00.00.000000 PM,,,200,,,,,,,,,,,6548,,4953,26-Mar-24,4953,26-Mar-24,,,,,,,,,,,,,,,,,,,,,,,,,,
50296,,542,5% D/s,,,500,,,,,,,,27-MAR-24 01.00.00.000000 AM,,,,,,,,,,,,,,1997,,4650,27-Mar-24,4650,27-Mar-24,15433,,,,,,,,,,,,,,,,,,,,,,,,,
50297,,542,n/saline+oxytocin20,,,500,,,,,,,,27-MAR-24 01.00.00.000000 AM,,,200,,,,,,,,,,,1997,,4650,27-Mar-24,4937,27-Mar-24,,,,,,,,,,,,,,,,,,,,,,,,,,
50298,,542,iv febramol,,,100,,,,,,,,27-MAR-24 04.00.00.000000 AM,,,,,,,,,,,,,,1997,,4650,27-Mar-24,4650,27-Mar-24,,,,,,,,,,,,,,,,,,,,,,,,,,
50299,,542,flagyl,,,100,,,,,,,,27-MAR-24 05.00.00.000000 AM,,,,,,,,,,,,,,1997,,4650,27-Mar-24,4650,27-Mar-24,,,,,,,,,,,,,,,,,,,,,,,,,,
50300,,542,n/saline+oxytocin20,,,500,,,,,,,,27-MAR-24 06.00.00.000000 AM,,,150,,,,,,,,,,,1997,,4650,27-Mar-24,4650,27-Mar-24,,,,,,,,,,,,,,,,,,,,,,,,,,
50301,,542,5% D/s,,,500,,,,,,,,27-MAR-24 06.00.00.000000 AM,,,,,,,,,,,,,,1997,,4650,27-Mar-24,4650,27-Mar-24,,,,,,,,,,,,,,,,,,,,,,,,,,
50306,,542,normal saline,,,500,,,,,,,,27-MAR-24 11.30.00.000000 AM,,,,,,,,,,,,,,1003,,4607,27-Mar-24,4607,27-Mar-24,15598,,20iu oxytocin added to the fluid |(2nd pint),,,,,,,,,,,,,,,,,,,,,,,
50307,,542,flagyl,,,100,,,,,,,,27-MAR-24 11.15.00.000000 AM,,,,,,,,,,,,,,1003,,4607,27-Mar-24,4607,27-Mar-24,,,,,,,,,,,,,,,,,,,,,,,,,,
50308,,542,febramol,,,100,,,,,,,,27-MAR-24 11.45.00.000000 AM,,,,,,,,,,,,,,1003,,4607,27-Mar-24,4607,27-Mar-24,,,,,,,,,,,,,,,,,,,,,,,,,,
50309,,542,flagyl,,,100,,,,,,,,27-MAR-24 12.00.00.000000 PM,,,200,,,,,,,,,,,1997,,4607,27-Mar-24,4937,27-Mar-24,15433,,,,,,,,,,,,,,,,,,,,,,,,,
50314,,542,,,,,,,,,,,,27-MAR-24 03.45.00.000000 PM,,,400,,,,,,,,,,,1003,,5655,27-Mar-24,5655,27-Mar-24,15598,,,,,,,,,,,,,,,,,,,,,,,,,
50316,,,pap,,50,,,,,,,,,27-MAR-24 04.00.00.000000 PM,,,,,,,,,,,,,,1997,,4937,27-Mar-24,4937,27-Mar-24,15433,,,,,,,,,,,,,,,,,,,,,,,,,
50317,,,0.9% normal saline,,,500,,,,,,,,27-MAR-24 05.00.00.000000 PM,,,400,,,,,,,,,,,1997,,4937,27-Mar-24,4937,27-Mar-24,15433,,,,,,,,,,,,,,,,,,,,,,,,,
50318,,,,,,,,,,,,,,27-MAR-24 06.00.00.000000 PM,,,400,,,,,,,,,,,1003,,4937,27-Mar-24,4937,27-Mar-24,15598,,,,,,,,,,,,,,,,,,,,,,,,,
50319,,,IV FLAGYL ,,,100,,,,,,,,27-MAR-24 07.30.00.000000 PM,,,,,,,,,,,,,,1003,,4937,27-Mar-24,4937,27-Mar-24,,,,,,,,,,,,,,,,,,,,,,,,,,
50327,,,,,,,,,,,,,,27-MAR-24 08.00.00.000000 PM,,,200,,,,,,,,,,,1003,,4937,27-Mar-24,4937,27-Mar-24,15598,,,,,,,,,,,,,,,,,,,,,,,,,
50329,,,N/s + 20 iu 0xytocin,,,500,,,,,,,,28-MAR-24 12.00.00.000000 AM,,,,,,,,,,,,,,1003,,4937,28-Mar-24,4937,28-Mar-24,,,,,,,,,,,,,,,,,,,,,,,,,,
50330,,,IV FLAGYL,,,100,,,,,,,,28-MAR-24 03.30.00.000000 AM,,,300,,,,,,,,,,,1003,,4937,28-Mar-24,4633,28-Mar-24,,,,,,,,,,,,,,,,,,,,,,,,,,
50331,,,febramol,,,100,,,,,,,,28-MAR-24 03.30.00.000000 AM,,,,,,,,,,,,,,1003,,4937,28-Mar-24,4937,28-Mar-24,,,,,,,,,,,,,,,,,,,,,,,,,,
50332,,,,,,,,,,,,,,28-MAR-24 06.00.00.000000 AM,,,300,,,,,,,,,,,1997,,4937,28-Mar-24,4937,28-Mar-24,15433,,,,,,,,,,,,,,,,,,,,,,,,,
50333,,,IV FLAGYL,,,100,,,,,,,,28-MAR-24 07.00.00.000000 AM,,,,,,,,,,,,,,1997,,4937,28-Mar-24,4937,28-Mar-24,,,,,,,,,,,,,,,,,,,,,,,,,,
50334,,,febramol,,,100,,,,,,,,28-MAR-24 07.00.00.000000 AM,,,,,,,,,,,,,,1997,,4937,28-Mar-24,4937,28-Mar-24,,,,,,,,,,,,,,,,,,,,,,,,,,
50335,,,5% dextrose saline,,,500,,,,,,,,28-MAR-24 07.30.00.000000 AM,,,,,,,,,,,,,,1997,,4937,28-Mar-24,4937,28-Mar-24,,,,,,,,,,,,,,,,,,,,,,,,,,
49716,,582,febramol,,,100,,,,,,,,20-FEB-24 07.00.00.000000 PM,,,,,,,,,,,,,,6489,,4580,20-Feb-24,4580,20-Feb-24,11770,,,,,,,,,,,,,,,,,,,,,,,,,
49717,,542,normal saline,,200,500,,,,,,,,20-FEB-24 10.00.00.000000 PM,,,400,,,,,,,,,,,6411,,4629,20-Feb-24,4629,20-Feb-24,11581,,,,,,,,,,,,,,,,,,,,,,,,,
49741,,542,0.9% normal saline,,,500,,,,,,,,22-FEB-24 08.30.00.000000 PM,,,,,,,,,,,,,,3585,,4953,22-Feb-24,4927,22-Feb-24,11953,,,,,,,,,,,,,,,,,,,,,,,,,
49758,,582,4.3% d/saline,,,500,,,,,,,,23-FEB-24 12.30.00.000000 PM,,,100,,,,,,,,,,,6594,,5483,23-Feb-24,5483,23-Feb-24,12028,,,,,,,,,,,,,,,,,,,,,,,,,
49759,,582,Flaggyl,,,50,,,,,,,,23-FEB-24 02.00.00.000000 PM,,,,,,,,,,,,,,6594,,5483,23-Feb-24,5483,23-Feb-24,,,,,,,,,,,,,,,,,,,,,,,,,,
49760,,582,febramol,,,50,,,,,,,,23-FEB-24 02.00.00.000000 PM,,,,,,,,,,,,,,6594,,5483,23-Feb-24,5483,23-Feb-24,,,,,,,,,,,,,,,,,,,,,,,,,,
49765,,,5% dextrose saline,,,500,,,,,,,,23-FEB-24 08.00.00.000000 PM,,,250,,,,,,,,,,,3585,,4638,23-Feb-24,4638,23-Feb-24,11953,,,,,,,,,,,,,,,,,,,,,,,,,
49767,,582,,,,,,,,,,,,23-FEB-24 05.45.00.000000 PM,,,,20,,,,,,,,,,6594,,4950,23-Feb-24,4950,23-Feb-24,12028,,,,,,,,,,,,,,,,,,,,,,,,,
49768,,582,,,,,,,,,,,,23-FEB-24 06.00.00.000000 PM,,,,30,,,,,,,,,,6594,,4950,23-Feb-24,4950,23-Feb-24,12028,,,,,,,,,,,,,,,,,,,,,,,,,
49776,,,ORS,,200,,,,,,,,,24-FEB-24 03.30.00.000000 AM,,,,,,,,,,,,,,6679,,4638,24-Feb-24,4638,24-Feb-24,,,,,,,,,,,,,,,,,,,,,,,,,,
49777,,,,,,,,,,,,,,24-FEB-24 12.00.00.000000 AM,,,300,,,,,,,,,,,3585,,4638,24-Feb-24,4638,24-Feb-24,11953,,,,,,,,,,,,,,,,,,,,,,,,,
49798,,,WATER,,200,,,,,,,,,24-FEB-24 10.15.00.000000 AM,,,,,,,,,,,,,,3585,,5655,24-Feb-24,5655,24-Feb-24,11953,,,,,,,,,,,,,,,,,,,,,,,,,
49809,,,,,,,,,,,,,,24-FEB-24 08.15.00.000000 PM,,,100,,,,,,,,,,,6594,,4638,24-Feb-24,4638,24-Feb-24,12028,,,,,,,,,,,,,,,,,,,,,,,,,
49824,,,,,,,,,,,,,,25-FEB-24 03.00.00.000000 AM,,,100,,,,,,,,,,,6594,,4638,25-Feb-24,4638,25-Feb-24,,,,,,,,,,,,,,,,,,,,,,,,,,
49825,,,I.V Flagyl,,,50,,,,,,,,25-FEB-24 06.00.00.000000 AM,,,,,,,,,,,,,,6594,,4638,25-Feb-24,4638,25-Feb-24,,,,,,,,,,,,,,,,,,,,,,,,,,
49826,,,,,,,,,,,,,,25-FEB-24 06.30.00.000000 AM,,,300,,,,,,,,,,,6594,,4638,25-Feb-24,4638,25-Feb-24,,,,,,,,,,,,,,,,,,,,,,,,,,
49828,,,febramol,,,50,,,,,,,,25-FEB-24 08.00.00.000000 AM,,,,,,,,,,,,,,6594,,4638,25-Feb-24,4638,25-Feb-24,,,,,,,,,,,,,,,,,,,,,,,,,,
49841,,,,,300,,,,,,,,,25-FEB-24 05.15.00.000000 PM,,,200,,,,,,,,,,,6688,,4595,25-Feb-24,4595,25-Feb-24,12239,,,,,,,,,,,,,,,,,,,,,,,,,
49844,,542,,,,,,,,,,,,25-FEB-24 05.00.00.000000 PM,,,,100,,,,,,,,,,6683,,4595,25-Feb-24,4595,25-Feb-24,12232,,,,,,,,,,,,,,,,,,,,,,,,,
49847,,542,flagyl,,,100,,,,,,,,25-FEB-24 10.00.00.000000 PM,,,300,,,,,,,,,,,6683,,4595,25-Feb-24,4595,25-Feb-24,,,,,,,,,,,,,,,,,,,,,,,,,,
49849,,542,,,,,,,,,,,,25-FEB-24 10.00.00.000000 PM,,,300,,,,,,,,,,,6688,,4595,25-Feb-24,4595,25-Feb-24,,,,,,,,,,,,,,,,,,,,,,,,,,
49851,,542,,,,,,,,,,,,26-FEB-24 01.45.00.000000 AM,,,300,,,,,,,,,,,6683,,4595,26-Feb-24,4595,26-Feb-24,,,,,,,,,,,,,,,,,,,,,,,,,,
49864,,,water,,300,,,,,,,,,26-FEB-24 09.00.00.000000 PM,,,,,,,,,,,,,,5719,,4595,26-Feb-24,4595,26-Feb-24,12251,,,,,,,,,,,,,,,,,,,,,,,,,
49883,,,ORS,,200,,,,,,,,,27-FEB-24 09.00.00.000000 AM,,,200,,,,,,,,,,,6746,,4953,27-Feb-24,4953,27-Feb-24,12409,,,,,,,,,,,,,,,,,,,,,,,,,
49887,,582,normal saline,,,500,,,,,,,,27-FEB-24 02.00.00.000000 PM,,,,,,,,,,,,,,6773,,5715,27-Feb-24,5715,27-Feb-24,12496,,,,,,,,,,,,,,,,,,,,,,,,,
49896,,582,,,,,,,,,,,,27-FEB-24 05.00.00.000000 PM,,,150,,100,,,,,,,,,6773,,4937,27-Feb-24,4937,27-Feb-24,12496,,,,,,,,,,,,,,,,,,,,,,,,,
49900,,582,WATER,,300,,,,,,,,,27-FEB-24 05.00.00.000000 PM,,,,,,,,,,,,,,5719,,4937,27-Feb-24,4937,27-Feb-24,12251,,,,,,,,,,,,,,,,,,,,,,,,,
49901,,582,,,,,,,,,,,,27-FEB-24 05.30.00.000000 PM,,,,,200,,,,,,,,,5719,,4937,27-Feb-24,4937,27-Feb-24,,,,,,,,,,,,,,,,,,,,,,,,,,
49906,,582,0.9% normal saline,,,500,,,,,,,,27-FEB-24 10.30.00.000000 PM,,,,,,,,,,,,,,6773,,4937,27-Feb-24,4937,27-Feb-24,12496,,fast,,,,,,,,,,,,,,,,,,,,,,,
49908,,582,,,300,,,,,,,,,27-FEB-24 08.00.00.000000 PM,,,200,,250,,,,,,,,,5719,,4937,27-Feb-24,4937,27-Feb-24,12251,,,,,,,,,,,,,,,,,,,,,,,,,
49954,,,I.V Flagyl,,,100,,,,,,,,01-MAR-24 06.38.00.000000 AM,,,200,,,,,,,,,,,5719,,4601,29-Feb-24,4601,29-Feb-24,,,,,,,,,,,,,,,,,,,,,,,,,,
49919,,582,,,,,,,,,,,,28-FEB-24 06.00.00.000000 AM,,,300,,,,,,,,,,,6773,,4937,28-Feb-24,4937,28-Feb-24,12496,,,,,,,,,,,,,,,,,,,,,,,,,
49923,,542,4.3% d/s+5cc B.co,,,505,,,,,,,,28-FEB-24 12.15.00.000000 PM,,,,,,,,,,,,,,6804,,4542,28-Feb-24,4542,28-Feb-24,12574,,,,,,,,,,,,,,,,,,,,,,,,,
49929,,,,,,,,,,,,,,28-FEB-24 12.30.00.000000 PM,,,,,100,,,,,,,,,5719,,4638,28-Feb-24,4638,28-Feb-24,,,,,,,,,,,,,,,,,,,,,,,,,,
49930,,,,,,,,,,,,,,28-FEB-24 01.00.00.000000 PM,,,,,150,,,,,,,,,5719,,4638,28-Feb-24,4638,28-Feb-24,,,,,,,,,,,,,,,,,,,,,,,,,,
49932,,,WATER,,300,,,,,,,,,28-FEB-24 08.30.00.000000 AM,,,,,,,,,,,,,,6773,,4638,28-Feb-24,4638,28-Feb-24,,,,,,,,,,,,,,,,,,,,,,,,,,
49933,,,WATER,,500,,,,,,,,,28-FEB-24 02.00.00.000000 PM,,,300,,,,,,,,,,,6773,,4638,28-Feb-24,4937,28-Feb-24,,,,,,,,,,,,,,,,,,,,,,,,,,
49934,,,,,,,,,,,,,,28-FEB-24 01.30.00.000000 PM,,,500,,,,,,,,,,,6773,,4638,28-Feb-24,4638,28-Feb-24,,,,,,,,,,,,,,,,,,,,,,,,,,
49935,,,I.V Flagyl,,,100,,,,,,,,28-FEB-24 01.45.00.000000 PM,,,,,,,,,,,,,,6773,,4638,28-Feb-24,4638,28-Feb-24,,,,,,,,,,,,,,,,,,,,,,,,,,
49936,,,ciprofloxacine,,,100,,,,,,,,28-FEB-24 02.00.00.000000 PM,,,,,,,,,,,,,,6773,,4638,28-Feb-24,4638,28-Feb-24,,,,,,,,,,,,,,,,,,,,,,,,,,
49940,,582,flagly,,,100,,,,,,,,28-FEB-24 04.30.00.000000 PM,,,,,,,,,,,,,,5719,,4937,28-Feb-24,4937,28-Feb-24,12251,,,,,,,,,,,,,,,,,,,,,,,,,
49953,,,I.V Flagyl,,,100,,,,,,,,01-MAR-24 06.00.00.000000 AM,,,300,,,,,,,,,,,5719,,4601,29-Feb-24,4601,29-Feb-24,12251,,,,,,,,,,,,,,,,,,,,,,,,,
49980,,,WATER,,100,,,,,,,,,02-MAR-24 05.00.00.000000 PM,,,,,,,,,,,,,,6812,,4953,2-Mar-24,4953,2-Mar-24,12798,,,,,,,,,,,,,,,,,,,,,,,,,
49998,,582,10%d/w +n/saline,,,500,,,,,,,,04-MAR-24 03.30.00.000000 AM,,,,,,,,,,,,,,6812,,5482,4-Mar-24,5482,4-Mar-24,12961,,,,,,,,,,,,,,,,,,,,,,,,,
49999,,582,,,,,,,,,,,,04-MAR-24 05.00.00.000000 AM,,,300,,,,,,,,,,,6812,,5482,4-Mar-24,5482,4-Mar-24,,,,,,,,,,,,,,,,,,,,,,,,,,
50004,,582,5% dextrose saline,,,500,,,,,,,,04-MAR-24 12.45.00.000000 PM,,,,,,,,,,,,,,6960,,5655,4-Mar-24,5655,4-Mar-24,12983,,,,,,,,,,,,,,,,,,,,,,,,,
50009,,582,0.9% n/s +10% d/w,,,500,,,,,,,,05-MAR-24 03.00.00.000000 AM,,,,,,,,,,,,,,6812,,4638,5-Mar-24,4638,5-Mar-24,,,,,,,,,,,,,,,,,,,,,,,,,,
50022,,542,5%D/W,,,500,,,,,,,,08-MAR-24 03.30.00.000000 PM,,,,,,,,,,,,,,543,,4542,8-Mar-24,4542,8-Mar-24,13603,,,,,,,,,,,,,,,,,,,,,,,,,
50027,,,ORS,,100,,,,,,,,,08-MAR-24 05.30.00.000000 PM,,,,,,,,,,,,,,4031,,4595,8-Mar-24,4595,8-Mar-24,,,,,,,,,,,,,,,,,,,,,,,,,,
50028,,,water,,200,,,,,,,,,08-MAR-24 06.00.00.000000 PM,,,,,,,,,,,,,,4031,,4595,8-Mar-24,4595,8-Mar-24,,,,,,,,,,,,,,,,,,,,,,,,,,
50029,,582,,,,,,,,,,,,08-MAR-24 06.30.00.000000 PM,,,300,,,,,,,,,,,4031,,4595,8-Mar-24,4595,8-Mar-24,,,,,,,,,,,,,,,,,,,,,,,,,,
50030,,,coke,,120,,,,,,,,,08-MAR-24 05.15.00.000000 AM,,,200,,,,,,,,,,,6812,,4651,8-Mar-24,4651,8-Mar-24,12961,,,,,,,,,,,,,,,,,,,,,,,,,
50031,,,tea,,250,,,,,,,,,08-MAR-24 06.45.00.000000 PM,,,,,,,,,,,,,,6812,,4651,8-Mar-24,4651,8-Mar-24,,,,,,,,,,,,,,,,,,,,,,,,,,
50038,,582,"water, flagyl",,100,50,,,,,,,,08-MAR-24 10.00.00.000000 PM,,,300,,,,,,,,,,,6812,,4595,8-Mar-24,4595,8-Mar-24,12961,,,,,,,,,,,,,,,,,,,,,,,,,
50039,,582,flagyl,,,50,,,,,,,,08-MAR-24 06.00.00.000000 AM,,,100,,,,,,,,,,,6812,,4595,8-Mar-24,4595,8-Mar-24,,,,,,,,,,,,,,,,,,,,,,,,,,
50040,,582,water,,200,,,,,,,,,08-MAR-24 08.30.00.000000 PM,,,,,,,,,,,,,,6812,,4595,8-Mar-24,4595,8-Mar-24,,,,,,,,,,,,,,,,,,,,,,,,,,
50044,,,,,,250,,,,,,,,08-MAR-24 02.00.00.000000 PM,,,,,,,,,,,,,,6812,,4595,8-Mar-24,4595,8-Mar-24,,,,,,,,,,,,,,,,,,,,,,,,,,
50046,,,bf,,,250,,,,,,,,09-MAR-24 12.00.00.000000 AM,,,,,,,,,,,,,,1339,,4595,9-Mar-24,4595,9-Mar-24,,,,,,,,,,,,,,,,,,,,,,,,,,
50140,,582,febramol,,,50,,,,,,,,14-MAR-24 06.00.00.000000 PM,,,,,,,,,,,,,,7390,,5483,14-Mar-24,5483,14-Mar-24,,,,,,,,,,,,,,,,,,,,,,,,,,
50096,,542,5% dexrose water,,,500,,,,,,,,12-MAR-24 12.00.00.000000 AM,,,,,,,,,,,,,,7310,,5079,12-Mar-24,5079,12-Mar-24,,,,,,,,,,,,,,,,,,,,,,,,,,
50133,,582,,,,,,,,,,,,14-MAR-24 01.30.00.000000 PM,,,600,,,,,,,,,,,7228,,5759,14-Mar-24,5759,14-Mar-24,,,,,,,,,,,,,,,,,,,,,,,,,,
50147,,582,4.3% dextrose saline,,,500,,,,,,,,15-MAR-24 02.00.00.000000 AM,,,,,,,,,,,,,,7390,,5483,15-Mar-24,5483,15-Mar-24,,,,,,,,,,,,,,,,,,,,,,,,,,
50148,,582,febramol,,,50,,,,,,,,15-MAR-24 03.00.00.000000 AM,,,300,,,,,,,,,,,7390,,5483,15-Mar-24,5483,15-Mar-24,,,,,,,,,,,,,,,,,,,,,,,,,,
50149,,582,flaggyl,,,50,,,,,,,,15-MAR-24 12.00.00.000000 AM,,,,,,,,,,,,,,7390,,5483,15-Mar-24,5483,15-Mar-24,,,,,,,,,,,,,,,,,,,,,,,,,,
50150,,582,flaggyl,,,50,,,,,,,,15-MAR-24 08.00.00.000000 AM,,,200,,,,,,,,,,,7390,,5483,15-Mar-24,5483,15-Mar-24,,,,,,,,,,,,,,,,,,,,,,,,,,
50151,,542,,,,,,,,,,,,15-MAR-24 07.45.00.000000 AM,,,300,,,,,,,,,,,6758,,4977,15-Mar-24,4977,15-Mar-24,14251,,,,,,,,,,,,,,,,,,,,,,,,,
50168,,582,ciprofloxacin,,,100,,,,,,,,16-MAR-24 02.00.00.000000 PM,,,,,,,,,,,,,,497,,5755,16-Mar-24,5755,16-Mar-24,11864,,,,,,,,,,,,,,,,,,,,,,,,,
50169,,582,flagyl,,,100,,,,,,,,16-MAR-24 03.00.00.000000 PM,,,,,,,,,,,,,,497,,5755,16-Mar-24,5755,16-Mar-24,,,,,,,,,,,,,,,,,,,,,,,,,,
50170,,582,0.9%n/saline,,,500,,,,,,,,16-MAR-24 03.45.00.000000 PM,,,,,,,,,,,,,,497,,5755,16-Mar-24,5755,16-Mar-24,,,,,,,,,,,,,,,,,,,,,,,,,,
50179,,542,normal saline,,,500,,,,,,,,17-MAR-24 03.30.00.000000 PM,,,150,,,,,,,,,,,497,,4607,17-Mar-24,4607,17-Mar-24,11864,,,,,,,,,,,,,,,,,,,,,,,,,
50214,,542,water,,,400,,,,,,,,21-MAR-24 06.00.00.000000 AM,,,300,,,,,,,,,,,7650,,4580,21-Mar-24,4580,21-Mar-24,,,,,,,,,,,,,,,,,,,,,,,,,,
50222,,542,WATER,,500,,,,,,,,,21-MAR-24 10.15.00.000000 AM,,,300,,,,,,,,,,,7650,,4625,21-Mar-24,4625,21-Mar-24,14975,,,,,,,,,,,,,,,,,,,,,,,,,
50223,,542,5% dextrose saline,,700,500,,,,,,,,21-MAR-24 02.15.00.000000 PM,,,500,,,,,,,,,,,7650,,4625,21-Mar-24,4625,21-Mar-24,,,,,,,,,,,,,,,,,,,,,,,,,,
50224,,542,,,,,,,,,,,,21-MAR-24 04.30.00.000000 PM,,,200,,,,,,,,,,,7650,,4633,21-Mar-24,4633,21-Mar-24,14975,,,,,,,,,,,,,,,,,,,,,,,,,
50239,,542,5% D/s,,,500,,,,,,,,23-MAR-24 10.30.00.000000 AM,,,,,,,,,,,,,,7774,,5275,23-Mar-24,5275,23-Mar-24,15340,,,,,,,,,,,,,,,,,,,,,,,,,
50249,,542,0.9% normal saline,,,500,,,,,,,,25-MAR-24 12.00.00.000000 AM,,,,,,,,,,,,,,7784,,5154,25-Mar-24,5154,25-Mar-24,,,,,,,,,,,,,,,,,,,,,,,,,,
50252,,,ciprofloxacin,,,100,,,,,,,,25-MAR-24 06.00.00.000000 AM,,,300,,,,,,,,,,,7784,,5154,25-Mar-24,5154,25-Mar-24,,,,,,,,,,,,,,,,,,,,,,,,,,
50257,,,normal saline,,,500,,,,,,,,25-MAR-24 05.45.00.000000 PM,,,,,,,,,,,,,,7746,,4638,25-Mar-24,4638,25-Mar-24,15477,,,,,,,,,,,,,,,,,,,,,,,,,
50283,,542,n/saline+oxytocin20,,,500,,,,,,,,26-MAR-24 05.00.00.000000 PM,,,,,,,,,,,,,,1997,,4650,26-Mar-24,4650,26-Mar-24,,,,,,,,,,,,,,,,,,,,,,,,,,
50284,,542,IV Flagyl,,,100,,,,,,,,26-MAR-24 07.35.00.000000 PM,,,,,,,,,,,,,,1997,,4650,26-Mar-24,4650,26-Mar-24,,,,,,,,,,,,,,,,,,,,,,,,,,
50289,,542,n/saline+oxytocin20,,,500,,,,,,,,26-MAR-24 08.45.00.000000 PM,,,,,,,,,,,,,,1997,,4650,26-Mar-24,4650,26-Mar-24,,,,,,,,,,,,,,,,,,,,,,,,,,
50302,,542,,,,,,,,,,,,27-MAR-24 07.30.00.000000 AM,,,50,,,,,,,,,,,1003,,4650,27-Mar-24,4650,27-Mar-24,15598,,,,,,,,,,,,,,,,,,,,,,,,,
49783,,,0.9% normal saline,,,500,,,,,,,,24-FEB-24 07.30.00.000000 AM,,,,,,,,,,,,,,6679,,4638,24-Feb-24,4638,24-Feb-24,12225,,,,,,,,,,,,,,,,,,,,,,,,,
49748,,,water,,200,,,,,,,,,22-FEB-24 09.30.00.000000 PM,,,,,,,,,,,,,,3585,,4953,22-Feb-24,4953,22-Feb-24,,,,,,,,,,,,,,,,,,,,,,,,,,
49761,,582,,,,,,,,,,,,23-FEB-24 03.00.00.000000 PM,,,100,,,,,,,,,,,6594,,5483,23-Feb-24,5483,23-Feb-24,12028,,,,,,,,,,,,,,,,,,,,,,,,,
49784,,,water,,150,,,,,,,,,24-FEB-24 07.45.00.000000 AM,,,,,,,,,,,,,,3585,,4638,24-Feb-24,4638,24-Feb-24,11953,,,,,,,,,,,,,,,,,,,,,,,,,
49785,,,5% dextrose saline+5,,,500,,,,,,,,24-FEB-24 07.45.00.000000 AM,,,,,,,,,,,,,,3585,,4638,24-Feb-24,4638,24-Feb-24,,,,,,,,,,,,,,,,,,,,,,,,,,
49786,,,,,,,,,,,,,,24-FEB-24 06.45.00.000000 AM,,,300,,,,,,,,,,,3585,,4638,24-Feb-24,4638,24-Feb-24,,,,,,,,,,,,,,,,,,,,,,,,,,
49794,,542,0.9% normal saline,,,500,,,,,,,,24-FEB-24 01.30.00.000000 PM,,,,,,,,,,,,,,6683,,4633,24-Feb-24,4633,24-Feb-24,,,,,,,,,,,,,,,,,,,,,,,,,,
49833,,582,WATER,,100,,,,,,,,,25-FEB-24 10.00.00.000000 AM,,,200,,,,,,,,,,,6594,,5079,25-Feb-24,5079,25-Feb-24,12028,,,,,,,,,,,,,,,,,,,,,,,,,
49834,,582,water,,50,,,,,,,,,25-FEB-24 12.30.00.000000 PM,,,150,,,,,,,,,,,6594,,5079,25-Feb-24,5079,25-Feb-24,,,,,,,,,,,,,,,,,,,,,,,,,,
49850,,542,half strength darrow,,,500,,,,,,,,25-FEB-24 11.00.00.000000 PM,,,,,,,,,,,,,,6683,,4595,25-Feb-24,4595,25-Feb-24,12232,,,,,,,,,,,,,,,,,,,,,,,,,
49897,,582,,,,,,,,,,,,27-FEB-24 05.30.00.000000 PM,,,,,100,,,,,,,,,6773,,4937,27-Feb-24,4937,27-Feb-24,,,,,,,,,,,,,,,,,,,,,,,,,,
49898,,582,,,,,,,,,,,,27-FEB-24 06.00.00.000000 PM,,,100,,100,,,,,,,,,6773,,4937,27-Feb-24,4937,27-Feb-24,,,,,,,,,,,,,,,,,,,,,,,,,,
49899,,582,5% dextrose saline,,,500,,,,,,,,27-FEB-24 06.45.00.000000 PM,,,,,,,,,,,,,,6773,,4937,27-Feb-24,4937,27-Feb-24,,,,,,,,,,,,,,,,,,,,,,,,,,
49905,,582,,,,,,,,,,,,27-FEB-24 07.00.00.000000 PM,,,200,,100,,,,,,,,,6773,,4937,27-Feb-24,4937,27-Feb-24,,,,,,,,,,,,,,,,,,,,,,,,,,
49909,,582,normal saline,,,500,,,,,,,,27-FEB-24 11.30.00.000000 PM,,,200,,250,,,,,,,,,5719,,4937,27-Feb-24,4937,27-Feb-24,,,,,,,,,,,,,,,,,,,,,,,,,,
49941,,542,5% D/s,,,500,,,,,,,,28-FEB-24 07.00.00.000000 PM,,,,,,,,,,,,,,6760,,4542,28-Feb-24,4542,28-Feb-24,12433,,,,,,,,,,,,,,,,,,,,,,,,,
49912,,582,flagyl,,,100,,,,,,,,28-FEB-24 12.00.00.000000 AM,,,,,,,,,,,,,,5719,,4937,28-Feb-24,4937,28-Feb-24,,,,,,,,,,,,,,,,,,,,,,,,,,
49931,,,full strength darrow,,,500,,,,,,,,28-FEB-24 01.00.00.000000 PM,,,,,,,,,,,,,,6773,,4638,28-Feb-24,4638,28-Feb-24,12496,,,,,,,,,,,,,,,,,,,,,,,,,
49942,,542,,,,,,,,,,,,28-FEB-24 08.00.00.000000 PM,,,300,,,,,,,,,,,6760,,4542,28-Feb-24,4542,28-Feb-24,,,,,,,,,,,,,,,,,,,,,,,,,,
49945,,542,,,,,,,,,,,,28-FEB-24 11.15.00.000000 PM,,,200,,,,,,,,,,,6760,,4601,28-Feb-24,4601,28-Feb-24,,,,,,,,,,,,,,,,,,,,,,,,,,
49946,,542,,,750,,,,,,,,,28-FEB-24 10.00.00.000000 PM,,,,,,,,,,,,,,6760,,4601,28-Feb-24,4601,28-Feb-24,,,,,,,,,,,,,,,,,,,,,,,,,,
49948,,582,I.V Flagyl,,,100,,,,,,,,28-FEB-24 10.00.00.000000 PM,,,300,,,,,,,,,,,6773,,4937,28-Feb-24,4937,28-Feb-24,,,,,,,,,,,,,,,,,,,,,,,,,,
49949,,,I.V Flagyl,,,50,,,,,,,,28-FEB-24 10.00.00.000000 PM,,,,,,,,,,,,,,6812,,4937,28-Feb-24,4937,28-Feb-24,12588,,,,,,,,,,,,,,,,,,,,,,,,,
49950,,,I.V Flagyl,,300,100,,,,,,,,28-FEB-24 10.30.00.000000 PM,,,,,,,,,,,,,,5719,,4937,28-Feb-24,4937,28-Feb-24,12251,,,,,,,,,,,,,,,,,,,,,,,,,
49952,,,250 N/S +250 10% D/W,,,500,,,,,,,,01-MAR-24 12.00.00.000000 AM,,,,,,,,,,,,,,6812,,4937,29-Feb-24,4937,29-Feb-24,12588,,,,,,,,,,,,,,,,,,,,,,,,,
49958,,,250 N/S +250 10% D/W,,,500,,,,,,,,01-MAR-24 03.00.00.000000 AM,,,300,,,,,,,,,,,6812,,4953,29-Feb-24,4953,29-Feb-24,12588,,,,,,,,,,,,,,,,,,,,,,,,,
49969,,582,tea,,300,,,,,,,,,01-MAR-24 07.00.00.000000 PM,,,500,,,,,,,,,,,6812,,5154,1-Mar-24,5154,1-Mar-24,12798,,amder,,,,,,,,,,,,,,,,,,,,,,,
49977,,582,,,,,,,,,,,,02-MAR-24 11.30.00.000000 AM,,,300,,,,,,,,,,,6812,,4633,2-Mar-24,4633,2-Mar-24,,,,,,,,,,,,,,,,,,,,,,,,,,
50012,,582,,,,,,,,,,,,05-MAR-24 07.00.00.000000 PM,,,200,,,,,,,,,,,6812,,4937,5-Mar-24,4937,5-Mar-24,12961,,,,,,,,,,,,,,,,,,,,,,,,,
50026,,582,normal saline,,,500,,,,,,,,08-MAR-24 05.30.00.000000 PM,,,250,,,,,,,,,,,4031,,4595,8-Mar-24,4595,8-Mar-24,,,,,,,,,,,,,,,,,,,,,,,,,,
50032,,582,tea,,150,,,,,,,,,08-MAR-24 07.00.00.000000 PM,,,,,,,,,,,,,,6812,,4651,8-Mar-24,4651,8-Mar-24,,,,,,,,,,,,,,,,,,,,,,,,,,
50055,,,,,,,,,,,,,,09-MAR-24 09.50.00.000000 AM,,,300,,,,,,,,,,,1339,,4953,9-Mar-24,4953,9-Mar-24,,,,,,,,,,,,,,,,,,,,,,,,,,
50057,,,water,,100,,,,,,,,,09-MAR-24 09.00.00.000000 AM,,,200,,,,,,,,,,,6812,,4953,9-Mar-24,4953,9-Mar-24,,,,,,,,,,,,,,,,,,,,,,,,,,
50064,,,5% D/s,,,500,,,,,,,,09-MAR-24 02.30.00.000000 PM,,,,,,,,,,,,,,1339,,4953,9-Mar-24,4953,9-Mar-24,,,,,,,,,,,,,,,,,,,,,,,,,,
50065,,582,0.9% normal saline,,,500,,,,,,,,10-MAR-24 07.30.00.000000 AM,,,,,,,,,,,,,,7225,,5275,10-Mar-24,5275,10-Mar-24,13782,,,,,,,,,,,,,,,,,,,,,,,,,
50067,,582,,,,,,,,,,,,10-MAR-24 06.30.00.000000 AM,,,150,,,,,,,,,,,7225,,5275,10-Mar-24,5275,10-Mar-24,,,,,,,,,,,,,,,,,,,,,,,,,,
50068,,,,,,,,,,,,,,10-MAR-24 07.30.00.000000 AM,,,100,,,,,,,,,,,7225,,5275,10-Mar-24,5275,10-Mar-24,,,,,,,,,,,,,,,,,,,,,,,,,,
50069,,582,,,,,,,,,,,,10-MAR-24 08.30.00.000000 AM,,,100,,,,,,,,,,,7225,,5275,10-Mar-24,5275,10-Mar-24,,,,,,,,,,,,,,,,,,,,,,,,,,
50070,,582,,,,,,,,,,,,10-MAR-24 10.00.00.000000 AM,,,150,,,,,,,,,,,7225,,5275,10-Mar-24,5275,10-Mar-24,,,,,,,,,,,,,,,,,,,,,,,,,,
50072,,582,5%D/W,,,500,,,,,,,,10-MAR-24 01.30.00.000000 PM,,,,,,,,,,,,,,7225,,5275,10-Mar-24,5275,10-Mar-24,,,,,,,,,,,,,,,,,,,,,,,,,,
50075,,582,,,300,,,,,,,,,10-MAR-24 12.00.00.000000 PM,,,,,,,,,,,,,,7225,,5275,10-Mar-24,5275,10-Mar-24,,,,,,,,,,,,,,,,,,,,,,,,,,
50076,,582,,,250,,,,,,,,,10-MAR-24 01.00.00.000000 PM,,,,,,,,,,,,,,7225,,5275,10-Mar-24,5275,10-Mar-24,,,,,,,,,,,,,,,,,,,,,,,,,,
50111,,,,,,,,,,,,,,12-MAR-24 09.00.00.000000 PM,,,500,,,,,,,,,,,7228,,4953,12-Mar-24,4953,12-Mar-24,14005,,bloody,,,,,,,,,,,,,,,,,,,,,,,
50113,,,water,,500,,,,,,,,,12-MAR-24 08.00.00.000000 PM,,,,,,,,,,,,,,7371,,4953,12-Mar-24,4953,12-Mar-24,,,,,,,,,,,,,,,,,,,,,,,,,,
50116,,582,water,,300,,,,,,,,,12-MAR-24 11.30.00.000000 PM,,,300,,,,,,,,,,,7371,,4953,12-Mar-24,4953,12-Mar-24,14196,,,,,,,,,,,,,,,,,,,,,,,,,
50117,,582,water,,200,,,,,,,,,12-MAR-24 11.00.00.000000 PM,,,,,,,,,,,,,,7228,,4953,12-Mar-24,4953,12-Mar-24,14005,,,,,,,,,,,,,,,,,,,,,,,,,
50118,,582,,,,,,,,,,,,13-MAR-24 02.00.00.000000 AM,,,500,,,,,,,,,,,7228,,4633,13-Mar-24,4633,13-Mar-24,14005,,,,,,,,,,,,,,,,,,,,,,,,,
50157,,,normal saline,,160,,,,,,,,,15-MAR-24 11.30.00.000000 AM,,,,,,,,,,,,,,7470,,5759,15-Mar-24,5759,15-Mar-24,,,,,,,,,,,,,,,,,,,,,,,,,,
50124,,582,tea,,100,,,,,,,,,13-MAR-24 08.45.00.000000 AM,,,50,,,,,,,,,,,7228,,4953,13-Mar-24,4953,13-Mar-24,14005,,,,,,,,,,,,,,,,,,,,,,,,,
50154,,,0.9% normal saline,,300,500,,,,,,,,15-MAR-24 11.00.00.000000 AM,,,,,,,,,,,,,,6758,,4937,15-Mar-24,4937,15-Mar-24,,,,,,,,,,,,,,,,,,,,,,,,,,
50200,,,,,,,,,,,,,,19-MAR-24 10.00.00.000000 AM,,,,,200,,,,,,,,,7598,,4953,19-Mar-24,4953,19-Mar-24,,,watery,,,,,,,,,,,,,,,,,,,,,,,
50188,,,,,,,,,,,,,,18-MAR-24 06.00.00.000000 AM,,,300,,,,,,,,,,,7510,,4595,18-Mar-24,4595,18-Mar-24,14649,,,,,,,,,,,,,,,,,,,,,,,,,
50199,,,0.9% normal saline,,,500,,,,,,,,19-MAR-24 10.30.00.000000 PM,,,,,,,,,,,,,,7598,,4953,19-Mar-24,4953,19-Mar-24,14854,,,,,,,,,,,,,,,,,,,,,,,,,
50203,,,,,,,,,,,,,,19-MAR-24 11.10.00.000000 AM,,,,,100,,,,,,,,,7598,,4953,19-Mar-24,4953,19-Mar-24,,,mucoid,,,,,,,,,,,,,,,,,,,,,,,
50210,,542,water,,500,,,,,,,,,20-MAR-24 08.00.00.000000 PM,,,,,,,,,,,,,,7650,,4580,20-Mar-24,4580,20-Mar-24,14975,,,,,,,,,,,,,,,,,,,,,,,,,
50217,,,WATER,,500,,,,,,,,,21-MAR-24 08.00.00.000000 AM,,,,,,,,,,,,,,7648,,4950,21-Mar-24,4950,21-Mar-24,,,,,,,,,,,,,,,,,,,,,,,,,,
50218,,,WATER,,200,,,,,,,,,21-MAR-24 10.00.00.000000 AM,,,200,,,,,,,,,,,7648,,4950,21-Mar-24,4950,21-Mar-24,,,,,,,,,,,,,,,,,,,,,,,,,,
50221,,,i.v febramol,,,100,,,,,,,,21-MAR-24 02.30.00.000000 PM,,,,,,,,,,,,,,7648,,4950,21-Mar-24,4950,21-Mar-24,,,,,,,,,,,,,,,,,,,,,,,,,,
50229,,542,,,,,,,,,,,,21-MAR-24 10.00.00.000000 PM,,,300,,,,,,,,,,,7650,,5655,21-Mar-24,5655,21-Mar-24,14975,,,,,,,,,,,,,,,,,,,,,,,,,
50247,,542,ORS,,,100,,,,,,,,24-MAR-24 11.00.00.000000 PM,,,100,,100,,,,,,,,,7784,,5154,24-Mar-24,5154,24-Mar-24,15356,,watery stool,,,,,,,,,,,,,,,,,,,,,,,
50248,,542,,,,,,,,,,,,24-MAR-24 11.15.00.000000 PM,,,,50,,,,,,,,,,7784,,5154,24-Mar-24,5154,24-Mar-24,,,,,,,,,,,,,,,,,,,,,,,,,,
50254,,582,5% dextrose saline,,,500,,,,,,,,25-MAR-24 01.45.00.000000 PM,,,,,,,,,,,,,,7746,,4512,25-Mar-24,4512,25-Mar-24,,,,,,,,,,,,,,,,,,,,,,,,,,
50268,,,,,,,,,,,,,,26-MAR-24 07.00.00.000000 AM,,,100,,,,,,,,,,,1997,,4953,26-Mar-24,4953,26-Mar-24,15433,,,,,,,,,,,,,,,,,,,,,,,,,
50281,,542,,,,,,,,,,,,26-MAR-24 03.45.00.000000 PM,,,600,,,,,,,,,,,1997,,4580,26-Mar-24,4580,26-Mar-24,15433,,concentrated urine,,,,,,,,,,,,,,,,,,,,,,,
50282,,542,5% D/s,,,500,,,,,,,,26-MAR-24 04.20.00.000000 PM,,,900,,,,,,,,,,,1997,,4650,26-Mar-24,4650,26-Mar-24,15433,,,,,,,,,,,,,,,,,,,,,,,,,
50285,,542,5% D/s,,,1000,,,,,,,,26-MAR-24 08.00.00.000000 PM,,,,,,,,,,,,,,1997,,4650,26-Mar-24,4650,26-Mar-24,,,,,,,,,,,,,,,,,,,,,,,,,,
50291,,542,,,,,,,,,,,,26-MAR-24 11.30.00.000000 PM,,,400,,,,,,,,,,,1997,,4650,26-Mar-24,4650,26-Mar-24,15433,,,,,,,,,,,,,,,,,,,,,,,,,
50292,,,water,,300,,,,,,,,,27-MAR-24 12.00.00.000000 AM,,,,,,,,,,,,,,6548,,4937,27-Mar-24,4937,27-Mar-24,15406,,,,,,,,,,,,,,,,,,,,,,,,,
50293,,,,,,,,,,,,,,27-MAR-24 12.50.00.000000 AM,,,100,,,,,,,,,,,6548,,4937,27-Mar-24,4937,27-Mar-24,,,,,,,,,,,,,,,,,,,,,,,,,,
50304,,542,water,,,,,,,,,,,27-MAR-24 10.15.00.000000 AM,,,385,,,,,,,,,,,6548,,5014,27-Mar-24,5014,27-Mar-24,15406,,,,,,,,,,,,,,,,,,,,,,,,,
50305,,542,water,,300,,,,,,,,,27-MAR-24 09.45.00.000000 AM,,,,,,,,,,,,,,6548,,5014,27-Mar-24,5014,27-Mar-24,,,,,,,,,,,,,,,,,,,,,,,,,,
50320,,,febramol,,,100,,,,,,,,27-MAR-24 07.30.00.000000 PM,,,,,,,,,,,,,,1003,,4937,27-Mar-24,4937,27-Mar-24,,,,,,,,,,,,,,,,,,,,,,,,,,
50321,,,n/saline + oxytocin ,,,500,,,,,,,,27-MAR-24 07.00.00.000000 PM,,,,,,,,,,,,,,1003,,4937,27-Mar-24,4937,27-Mar-24,,,,,,,,,,,,,,,,,,,,,,,,,,
50322,,,custard,,100,,,,,,,,,27-MAR-24 08.00.00.000000 PM,,,,,,,,,,,,,,1997,,4937,27-Mar-24,4937,27-Mar-24,15433,,,,,,,,,,,,,,,,,,,,,,,,,
50324,,,febramol,,,100,,,,,,,,27-MAR-24 10.00.00.000000 PM,,,200,,,,,,,,,,,1997,,4937,27-Mar-24,4937,27-Mar-24,,,,,,,,,,,,,,,,,,,,,,,,,,
50325,,,water,,50,,,,,,,,,27-MAR-24 09.00.00.000000 PM,,,200,,,,,,,,,,,1997,,4937,27-Mar-24,4937,27-Mar-24,,,,,,,,,,,,,,,,,,,,,,,,,,
50328,,,,,,,,,,,,,,27-MAR-24 11.00.00.000000 PM,,,150,,,,,,,,,,,1003,,4937,27-Mar-24,4937,27-Mar-24,,,,,,,,,,,,,,,,,,,,,,,,,,
50336,,542,5% dextrose saline,,,500,,,,,,,,28-MAR-24 09.30.00.000000 AM,,,400,,,,,,,,,,,1003,,4651,28-Mar-24,4633,28-Mar-24,15750,,,,,,,,,,,,,,,,,,,,,,,,,
50337,,,5% dextrose saline,,,500,,,,,,,,28-MAR-24 01.30.00.000000 PM,,,,,,,,,,,,,,1003,,4651,28-Mar-24,4651,28-Mar-24,15750,,,,,,,,,,,,,,,,,,,,,,,,,
50338,,542,water,,,250,,,,,,,,28-MAR-24 01.45.00.000000 PM,,,,,,,,,,,,,,1003,,4651,28-Mar-24,4651,28-Mar-24,,,,,,,,,,,,,,,,,,,,,,,,,,
50339,,,water,,,100,,,,,,,,28-MAR-24 10.30.00.000000 AM,,,,,,,,,,,,,,1003,,4651,28-Mar-24,4651,28-Mar-24,,,,,,,,,,,,,,,,,,,,,,,,,,
50344,,542,water,,200,,,,,,,,,28-MAR-24 07.30.00.000000 PM,,,,,,,,,,,,,,1003,,4633,28-Mar-24,4633,28-Mar-24,15750,,,,,,,,,,,,,,,,,,,,,,,,,
50345,,542,febramol,,,100,,,,,,,,28-MAR-24 07.30.00.000000 PM,,,,,,,,,,,,,,1003,,4633,28-Mar-24,4633,28-Mar-24,,,,,,,,,,,,,,,,,,,,,,,,,,
49720,,582,,,,,,,,,,,,20-FEB-24 10.00.00.000000 PM,,,500,,,,,,,,,,,6489,,4580,20-Feb-24,4580,20-Feb-24,,,,,,,,,,,,,,,,,,,,,,,,,,
49724,,582,febramol,,,100,,,,,,,,21-FEB-24 03.00.00.000000 AM,,,,,,,,,,,,,,6489,,4580,21-Feb-24,4580,21-Feb-24,,,,,,,,,,,,,,,,,,,,,,,,,,
49725,,582,5% D/s,,,500,,,,,,,,21-FEB-24 06.00.00.000000 AM,,,,,,,,,,,,,,6489,,4580,21-Feb-24,4580,21-Feb-24,,,,,,,,,,,,,,,,,,,,,,,,,,
49727,,542,WATER,,500,,,,,,,,,21-FEB-24 07.00.00.000000 AM,,,,,,,,,,,,,,6411,,4629,21-Feb-24,4629,21-Feb-24,11581,,,,,,,,,,,,,,,,,,,,,,,,,
49749,,582,febramol,,,50,,,,,,,,23-FEB-24 06.15.00.000000 AM,,,,,,,,,,,,,,6594,,4927,23-Feb-24,4927,23-Feb-24,12028,,concentrated,,,,,,,,,,,,,,,,,,,,,,,
49750,,582,,,,,,,,,,,,23-FEB-24 02.00.00.000000 AM,,,150,,,,,,,,,,,6594,,4927,23-Feb-24,4927,23-Feb-24,,,concentrated,,,,,,,,,,,,,,,,,,,,,,,
49752,,582,,,,,,,,,,,,23-FEB-24 06.00.00.000000 AM,,,200,,,,,,,,,,,6594,,4927,23-Feb-24,4927,23-Feb-24,,,concentrated,,,,,,,,,,,,,,,,,,,,,,,
49753,,582,4.3% d/saline,,,500,,,,,,,,23-FEB-24 06.00.00.000000 AM,,,,,,,,,,,,,,6594,,4927,23-Feb-24,4927,23-Feb-24,,,,,,,,,,,,,,,,,,,,,,,,,,
49756,,582,,,,,,,,,,,,23-FEB-24 10.00.00.000000 AM,,,150,,,,,,,,,,,6594,,5483,23-Feb-24,5483,23-Feb-24,12028,,,,,,,,,,,,,,,,,,,,,,,,,
49762,,,,,300,,,,,,,,,23-FEB-24 05.30.00.000000 PM,,,200,,,,,,,,,,,3585,,4638,23-Feb-24,4638,23-Feb-24,11953,,,,,,,,,,,,,,,,,,,,,,,,,
49763,,582,,,,,,,,,,,,23-FEB-24 05.15.00.000000 PM,,,,50,,,,,,,,,,6594,,4950,23-Feb-24,4950,23-Feb-24,12028,,,,,,,,,,,,,,,,,,,,,,,,,
49764,,582,5% dextrose water,,,500,,,,,,,,23-FEB-24 07.30.00.000000 PM,,,,,,,,,,,,,,6594,,4950,23-Feb-24,4950,23-Feb-24,12028,,,,,,,,,,,,,,,,,,,,,,,,,
49780,,,,,,,,,,,,,,24-FEB-24 06.00.00.000000 AM,,,200,,,,,,,,,,,6679,,4638,24-Feb-24,4638,24-Feb-24,,,,,,,,,,,,,,,,,,,,,,,,,,
49781,,582,0.9% normal saline,,,500,,,,,,,,24-FEB-24 03.30.00.000000 AM,,,200,,,,,,,,,,,6594,,4950,24-Feb-24,4950,24-Feb-24,12028,,,,,,,,,,,,,,,,,,,,,,,,,
49782,,582,,,,,,,,,,,,24-FEB-24 04.00.00.000000 AM,,,,50,,,,,,,,,,6594,,4950,24-Feb-24,4950,24-Feb-24,,,,,,,,,,,,,,,,,,,,,,,,,,
49789,,542,5% dextrose saline,,,500,,,,,,,,24-FEB-24 09.40.00.000000 AM,,,,,,,,,,,,,,6679,,4601,24-Feb-24,4601,24-Feb-24,12225,,,,,,,,,,,,,,,,,,,,,,,,,
49791,,582,,,,,,,,,,,,24-FEB-24 11.30.00.000000 AM,,,500,50,,,,,,,,,,6594,,4961,24-Feb-24,4961,24-Feb-24,12028,,,,,,,,,,,,,,,,,,,,,,,,,
49793,,542,0.9% normal saline,,,500,,,,,,,,24-FEB-24 12.30.00.000000 PM,,,200,100,,,,,,,,,,6683,,4633,24-Feb-24,4633,24-Feb-24,12232,,,,,,,,,,,,,,,,,,,,,,,,,
49796,,,WATER,,200,,,,,,,,,24-FEB-24 01.15.00.000000 PM,,,150,,,,,,,,,,,6679,,5655,24-Feb-24,5655,24-Feb-24,12225,,,,,,,,,,,,,,,,,,,,,,,,,
49797,,542,WATER,,200,,,,,,,,,24-FEB-24 03.15.00.000000 PM,,,,,,,,,,,,,,6679,,5655,24-Feb-24,5655,24-Feb-24,,,,,,,,,,,,,,,,,,,,,,,,,,
49803,,542,Full strength Darrow,,,500,,,,,,,,24-FEB-24 05.20.00.000000 PM,,,300,,,,,,,,,,,6683,,4950,24-Feb-24,4650,24-Feb-24,12232,,,,,,,,,,,,,,,,,,,,,,,,,
49806,,542,,,,,,,,,,,,24-FEB-24 06.50.00.000000 PM,,,,150,,,,,,,,,,6683,,4650,24-Feb-24,4650,24-Feb-24,12232,,,,,,,,,,,,,,,,,,,,,,,,,
49810,,,,,,,,,,,,,,24-FEB-24 09.00.00.000000 PM,,,50,,,,,,,,,,,6594,,4638,24-Feb-24,4638,24-Feb-24,12028,,,,,,,,,,,,,,,,,,,,,,,,,
49811,,,,,,,,,,,,,,24-FEB-24 09.45.00.000000 PM,,,50,,,,,,,,,,,6594,,4638,24-Feb-24,4638,24-Feb-24,12028,,,,,,,,,,,,,,,,,,,,,,,,,
49812,,,I.V Flagyl,,,100,,,,,,,,24-FEB-24 10.00.00.000000 PM,,,,,,,,,,,,,,6594,,4638,24-Feb-24,4638,24-Feb-24,,,,,,,,,,,,,,,,,,,,,,,,,,
49817,,542,IV FLAGYL,,,100,,,,,,,,25-FEB-24 02.00.00.000000 AM,,,,,,,,,,,,,,6683,,4650,25-Feb-24,4650,25-Feb-24,,,,,,,,,,,,,,,,,,,,,,,,,,
49816,,542,Full strength Darrow,,,500,,,,,,,,25-FEB-24 02.00.00.000000 AM,,,,,,,,,,,,,,6683,,4650,25-Feb-24,4650,25-Feb-24,,,,,,,,,,,,,,,,,,,,,,,,,,
49820,,542,5% dextrose saline,,,500,,,,,,,,25-FEB-24 03.00.00.000000 AM,,,,,,,,,,,,,,3585,,4650,25-Feb-24,4650,25-Feb-24,,,,,,,,,,,,,,,,,,,,,,,,,,
49823,,,febramol,,,50,,,,,,,,25-FEB-24 12.00.00.000000 AM,,,,,,,,,,,,,,6594,,4638,25-Feb-24,4638,25-Feb-24,12028,,,,,,,,,,,,,,,,,,,,,,,,,
49827,,,5%DEXTROSE WATER,,,500,,,,,,,,25-FEB-24 07.30.00.000000 AM,,,,,,,,,,,,,,6594,,4638,25-Feb-24,4638,25-Feb-24,12028,,,,,,,,,,,,,,,,,,,,,,,,,
49836,,582,PAP,,200,,,,,,,,,25-FEB-24 12.00.00.000000 AM,,,200,,,,,,,,,,,6594,,5079,25-Feb-24,5079,25-Feb-24,12028,,,,,,,,,,,,,,,,,,,,,,,,,
49838,,,,,,,,,,,,,,25-FEB-24 02.00.00.000000 PM,,,200,,,,,,,,,,,6683,,4607,25-Feb-24,4607,25-Feb-24,12232,,,,,,,,,,,,,,,,,,,,,,,,,
49839,,542,0.9% normal saline,,,500,,,,,,,,25-FEB-24 05.15.00.000000 PM,,,200,,,,,,,,,,,6683,,5483,25-Feb-24,5483,25-Feb-24,12232,,,,,,,,,,,,,,,,,,,,,,,,,
49840,,582,water,,100,,,,,,,,,25-FEB-24 06.00.00.000000 PM,,,100,,,,,,,,,,,6594,,5483,25-Feb-24,5483,25-Feb-24,12028,,,,,,,,,,,,,,,,,,,,,,,,,
49852,,542,normal saline,,,500,,,,,,,,26-FEB-24 04.15.00.000000 AM,,,,,,,,,,,,,,6683,,4595,26-Feb-24,4595,26-Feb-24,,,,,,,,,,,,,,,,,,,,,,,,,,
49903,,582,WATER,,300,,,,,,,,,27-FEB-24 06.30.00.000000 PM,,,200,,,,,,,,,,,6773,,4937,27-Feb-24,4937,27-Feb-24,12496,,,,,,,,,,,,,,,,,,,,,,,,,
49926,,,,,,,,,,,,,,28-FEB-24 08.30.00.000000 AM,,,,,100,,,,,,,,,5719,,4638,28-Feb-24,4638,28-Feb-24,,,,,,,,,,,,,,,,,,,,,,,,,,
49961,,582,5%DEXTROSE WATER,,,500,,,,,,,,01-MAR-24 06.00.00.000000 AM,,,,,,,,,,,,,,5719,,4580,1-Mar-24,4580,1-Mar-24,12251,,,,,,,,,,,,,,,,,,,,,,,,,
49962,,582,PAP,,200,,,,,,,,,01-MAR-24 11.00.00.000000 AM,,,,,,,,,,,,,,6812,,4595,1-Mar-24,4595,1-Mar-24,12798,,,,,,,,,,,,,,,,,,,,,,,,,
49963,,582,WATER,,100,,,,,,,,,01-MAR-24 12.00.00.000000 PM,,,,,,,,,,,,,,6812,,4595,1-Mar-24,4595,1-Mar-24,,,,,,,,,,,,,,,,,,,,,,,,,,
49966,,582,PAP and water,,500,,,,,,,,,01-MAR-24 03.45.00.000000 PM,,,,,,,,,,,,,,6812,,4595,1-Mar-24,4595,1-Mar-24,12798,,,,,,,,,,,,,,,,,,,,,,,,,
49974,,582,tea,,100,,,,,,,,,02-MAR-24 10.00.00.000000 AM,,,250,,,,,,,,,,,6812,,4633,2-Mar-24,4633,2-Mar-24,12798,,,,,,,,,,,,,,,,,,,,,,,,,
49976,,582,tea,,150,,,,,,,,,02-MAR-24 11.00.00.000000 AM,,,250,,,,,,,,,,,6812,,4633,2-Mar-24,4633,2-Mar-24,12798,,,,,,,,,,,,,,,,,,,,,,,,,
49981,,,I.V Flagyl,,,50,,,,,,,,02-MAR-24 06.00.00.000000 PM,,,,,,,,,,,,,,6812,,4953,2-Mar-24,4953,2-Mar-24,,,,,,,,,,,,,,,,,,,,,,,,,,
49986,,,water,,100,,,,,,,,,02-MAR-24 11.00.00.000000 PM,,,50,,,,,,,,,,,6812,,4953,2-Mar-24,4953,2-Mar-24,12798,,,,,,,,,,,,,,,,,,,,,,,,,
49989,,582,pap + water,,500,,,,,,,,,03-MAR-24 07.00.00.000000 AM,,,300,,,,,,,,,,,6812,,4953,3-Mar-24,4953,3-Mar-24,,,,,,,,,,,,,,,,,,,,,,,,,,
49995,,582,10%d/w +n/saline,,,500,,,,,,,,03-MAR-24 07.30.00.000000 PM,,,,,,,,,,,,,,6812,,4585,3-Mar-24,4585,3-Mar-24,12961,,,,,,,,,,,,,,,,,,,,,,,,,
49997,,582,,,,,,,,,,,,03-MAR-24 05.00.00.000000 PM,,,200,,,,,,,,,,,6812,,4585,3-Mar-24,4585,3-Mar-24,,,clear,,,,,,,,,,,,,,,,,,,,,,,
50041,,582,water,,250,,,,,,,,,08-MAR-24 10.00.00.000000 PM,,,,,,,,,,,,,,6812,,4595,8-Mar-24,4595,8-Mar-24,,,,,,,,,,,,,,,,,,,,,,,,,,
50056,,,iv cipro,,,200,,,,,,,,09-MAR-24 09.00.00.000000 AM,,,,,,,,,,,,,,1339,,4953,9-Mar-24,4953,9-Mar-24,13767,,,,,,,,,,,,,,,,,,,,,,,,,
50058,,,water,,300,,,,,,,,,09-MAR-24 09.00.00.000000 AM,,,200,,,,,,,,,,,4031,,4953,9-Mar-24,4953,9-Mar-24,13770,,,,,,,,,,,,,,,,,,,,,,,,,
50059,,,water,,200,,,,,,,,,09-MAR-24 12.00.00.000000 PM,,,200,,,,,,,,,,,4031,,4953,9-Mar-24,4953,9-Mar-24,,,,,,,,,,,,,,,,,,,,,,,,,,
50073,,582,,,,,,,,,,,,10-MAR-24 02.30.00.000000 PM,,,150,,,,,,,,,,,7225,,5275,10-Mar-24,5275,10-Mar-24,,,,,,,,,,,,,,,,,,,,,,,,,,
50088,,582,,,,,,,,,,,,12-MAR-24 02.15.00.000000 AM,,,500,,,,,,,,,,,7228,,4607,12-Mar-24,4607,12-Mar-24,14005,,,,,,,,,,,,,,,,,,,,,,,,,
50090,,582,,,,,,,,,,,,12-MAR-24 06.00.00.000000 AM,,,600,,,,,,,,,,,7228,,4611,12-Mar-24,4611,12-Mar-24,,,,,,,,,,,,,,,,,,,,,,,,,,
50094,,542,normal saline,,,500,,,,,,,,12-MAR-24 09.00.00.000000 AM,,,,,,,,,,,,,,7228,,4601,12-Mar-24,4601,12-Mar-24,14005,,,,,,,,,,,,,,,,,,,,,,,,,
50126,,582,5% dextrose saline,,,500,,,,,,,,13-MAR-24 01.30.00.000000 PM,,,,,,,,,,,,,,7377,,4542,13-Mar-24,4542,13-Mar-24,14222,,,,,,,,,,,,,,,,,,,,,,,,,
50131,,582,water,,200,,,,,,,,,14-MAR-24 10.15.00.000000 AM,,,,,,,,,,,,,,7228,,4595,14-Mar-24,4595,14-Mar-24,14005,,,,,,,,,,,,,,,,,,,,,,,,,
50143,,542,,,,,,,,,,,,15-MAR-24 01.15.00.000000 AM,,,300,,,,,,,,,,,6758,,4977,15-Mar-24,4977,15-Mar-24,14251,,,,,,,,,,,,,,,,,,,,,,,,,
50180,,582,water,,200,,,,,,,,,17-MAR-24 05.30.00.000000 PM,,,,,,,,,,,,,,497,,4595,17-Mar-24,4595,17-Mar-24,11864,,,,,,,,,,,,,,,,,,,,,,,,,
50185,,,5% D/s,,500,,,,,,,,,17-MAR-24 11.00.00.000000 PM,,,300,,,,,,,,,,,497,,4595,17-Mar-24,4595,17-Mar-24,,,,,,,,,,,,,,,,,,,,,,,,,,
50205,,542,Normal Saline,,100,500,,,,,,,,20-MAR-24 10.30.00.000000 AM,,,,,,,,,,,,,,7650,,4933,20-Mar-24,4933,20-Mar-24,14975,,,,,,,,,,,,,,,,,,,,,,,,,
50212,,,water,,750,,,,,,,,,21-MAR-24 03.00.00.000000 AM,,,,,,,,,,,,,,7650,,4580,21-Mar-24,4580,21-Mar-24,14975,,,,,,,,,,,,,,,,,,,,,,,,,
50219,,,WATER,,200,,,,,,,,,21-MAR-24 12.00.00.000000 PM,,,,,,,,,,,,,,7648,,4950,21-Mar-24,4950,21-Mar-24,,,,,,,,,,,,,,,,,,,,,,,,,,
50220,,,I.V Flagyl,,,100,,,,,,,,21-MAR-24 02.00.00.000000 PM,,,,,,,,,,,,,,7648,,4950,21-Mar-24,4950,21-Mar-24,,,,,,,,,,,,,,,,,,,,,,,,,,
50246,,,water,,,20,,,,,,,,24-MAR-24 10.00.00.000000 PM,,,,,,,,,,,,,,7784,,5154,24-Mar-24,5154,24-Mar-24,,,,,,,,,,,,,,,,,,,,,,,,,,
50258,,,WATER,,500,,,,,,,,,25-MAR-24 04.15.00.000000 PM,,,,,,,,,,,,,,7746,,4638,25-Mar-24,4638,25-Mar-24,15477,,,,,,,,,,,,,,,,,,,,,,,,,
50261,,,5% dextrose saline,,,500,,,,,,,,25-MAR-24 10.45.00.000000 PM,,,,,,,,,,,,,,7746,,4638,25-Mar-24,4638,25-Mar-24,,,,,,,,,,,,,,,,,,,,,,,,,,
50264,,582,water,,200,,,,,,,,,25-MAR-24 09.00.00.000000 PM,,,100,,,,,,,,,,,6548,,4595,25-Mar-24,4595,25-Mar-24,,,,,,,,,,,,,,,,,,,,,,,,,,
50265,,542,,,,,,,,,,,,25-MAR-24 11.30.00.000000 PM,,,100,,,,,,,,,,,6548,,4595,25-Mar-24,4595,25-Mar-24,,,,,,,,,,,,,,,,,,,,,,,,,,
50272,,,,,,,,,,,,,,26-MAR-24 06.15.00.000000 AM,,,300,,,,,,,,,,,7746,,4638,26-Mar-24,4638,26-Mar-24,,,,,,,,,,,,,,,,,,,,,,,,,,
50274,,542,normal saline,,,1500,,,,,,,,26-MAR-24 10.15.00.000000 AM,,,,,,,,,,,,,,1997,,4580,26-Mar-24,4580,26-Mar-24,,,,,,,,,,,,,,,,,,,,,,,,,,
50287,,,water,,200,,,,,,,,,26-MAR-24 06.00.00.000000 PM,,,,,,,,,,,,,,6548,,4953,26-Mar-24,4953,26-Mar-24,15406,,,,,,,,,,,,,,,,,,,,,,,,,
50290,,542,febramol,,,100,,,,,,,,26-MAR-24 09.00.00.000000 PM,,,,,,,,,,,,,,1997,,4650,26-Mar-24,4650,26-Mar-24,,,,,,,,,,,,,,,,,,,,,,,,,,
50312,,542,,,,,,,,,,,,27-MAR-24 03.45.00.000000 PM,,,400,,,,,,,,,,,1003,,4607,27-Mar-24,4607,27-Mar-24,15598,,conc,,,,,,,,,,,,,,,,,,,,,,,
50313,,542,0.9% normal saline,,,500,,,,,,,,27-MAR-24 03.45.00.000000 PM,,,,,,,,,,,,,,1003,,5655,27-Mar-24,5655,27-Mar-24,,,20i.u oxytocin added to the fluid,,,,,,,,,,,,,,,,,,,,,,,
50315,,542,febramol,,,100,,,,,,,,27-MAR-24 03.30.00.000000 PM,,,200,,,,,,,,,,,1997,,5655,27-Mar-24,4937,27-Mar-24,15433,,,,,,,,,,,,,,,,,,,,,,,,,
50323,,,IV FLAGYL,,100,,,,,,,,,27-MAR-24 10.00.00.000000 PM,,,,,,,,,,,,,,1997,,4937,27-Mar-24,4937,27-Mar-24,,,,,,,,,,,,,,,,,,,,,,,,,,
50326,,,5% dextrose saline,,,500,,,,,,,,27-MAR-24 11.00.00.000000 PM,,,200,,,,,,,,,,,1997,,4937,27-Mar-24,4937,27-Mar-24,,,,,,,,,,,,,,,,,,,,,,,,,,
50340,,542,flagyl,,,100,,,,,,,,28-MAR-24 11.30.00.000000 AM,,,,,,,,,,,,,,1003,,4651,28-Mar-24,4651,28-Mar-24,,,,,,,,,,,,,,,,,,,,,,,,,,
50341,,542,febramol,,,100,,,,,,,,28-MAR-24 12.00.00.000000 PM,,,,,,,,,,,,,,1003,,4651,28-Mar-24,4651,28-Mar-24,,,,,,,,,,,,,,,,,,,,,,,,,,
50405,,542,,,,,,,,,,,,01-APR-24 09.45.00.000000 PM,,,900,,,,,,,,,,,7096,,4629,1-Apr-24,4629,1-Apr-24,15992,,,,,,,,,,,,,,,,,,,,,,,,,
50407,,542,pap + water,,100,,,,,,,,,02-APR-24 06.00.00.000000 AM,,,300,,,,,,,,,,,2893,,4629,2-Apr-24,4629,2-Apr-24,15993,,,,,,,,,,,,,,,,,,,,,,,,,
50423,,,water,,500,,,,,,,,,03-APR-24 06.00.00.000000 PM,,,,,,,,,,,,,,7848,,4611,3-Apr-24,4611,3-Apr-24,,,,,,,,,,,,,,,,,,,,,,,,,,
50431,,,,,,,,,,,,,,04-APR-24 03.00.00.000000 AM,,,200,,,,,,,,,,,2603,,4953,4-Apr-24,4953,4-Apr-24,16212,,,,,,,,,,,,,,,,,,,,,,,,,
50434,,,tea,,300,,,,,,,,,04-APR-24 08.00.00.000000 AM,,,,,,,,,,,,,,7848,,4611,4-Apr-24,4611,4-Apr-24,15540,,,,,,,,,,,,,,,,,,,,,,,,,
50435,,,water,,200,,,,,,,,,04-APR-24 08.00.00.000000 AM,,,,,,,,,,,,,,7848,,4611,4-Apr-24,4611,4-Apr-24,,,,,,,,,,,,,,,,,,,,,,,,,,
50465,,542,,,,,,,,,,,,06-APR-24 01.00.00.000000 PM,,,300,,,,,,,,,,,3585,,5655,6-Apr-24,5655,6-Apr-24,16551,,,,,,,,,,,,,,,,,,,,,,,,,
50503,,542,febramol and flagyl,,,200,,,,,,,,08-APR-24 12.15.00.000000 PM,,,,,,,,,,,,,,7884,,4595,8-Apr-24,4595,8-Apr-24,16752,,,,,,,,,,,,,,,,,,,,,,,,,
50526,,542,0.9% normal saline,,,500,,,,,,,,09-APR-24 06.00.00.000000 PM,,,,,,,,,,,,,,3585,,5655,9-Apr-24,5655,9-Apr-24,17032,,,,,,,,,,,,,,,,,,,,,,,,,
50527,,542,water,,,100,,,,,,,,09-APR-24 07.00.00.000000 PM,,,200,,,,,,,,,,,3585,,5655,9-Apr-24,5655,9-Apr-24,,,,,,,,,,,,,,,,,,,,,,,,,,
50529,,,flagyl,,,100,,,,,,,,09-APR-24 10.00.00.000000 PM,,,,,,,,,,,,,,7884,,5079,9-Apr-24,5079,9-Apr-24,17035,,,,,,,,,,,,,,,,,,,,,,,,,
50537,,,water,,200,,,,,,,,,10-APR-24 08.30.00.000000 AM,,,,,,,,,,,,,,7884,,4953,10-Apr-24,4953,10-Apr-24,17035,,,,,,,,,,,,,,,,,,,,,,,,,
50538,,,pap,,200,,,,,,,,,10-APR-24 10.00.00.000000 AM,,,,,,,,,,,,,,7884,,4953,10-Apr-24,4953,10-Apr-24,,,,,,,,,,,,,,,,,,,,,,,,,,
50539,,,water,,300,,,,,,,,,10-APR-24 12.00.00.000000 PM,,,200,,,,,,,,,,,7884,,4953,10-Apr-24,4953,10-Apr-24,,,,,,,,,,,,,,,,,,,,,,,,,,
50540,,,Tea,,300,,,,,,,,,10-APR-24 12.30.00.000000 PM,,,,,,,,,,,,,,7884,,4953,10-Apr-24,4953,10-Apr-24,,,,,,,,,,,,,,,,,,,,,,,,,,
50541,,,water,,200,,,,,,,,,10-APR-24 01.00.00.000000 PM,,,,,,,,,,,,,,7884,,4953,10-Apr-24,4953,10-Apr-24,,,,,,,,,,,,,,,,,,,,,,,,,,
50542,,,,,,,,,,,,,,10-APR-24 02.00.00.000000 PM,,,200,,,,,,,,,,,7884,,4953,10-Apr-24,4953,10-Apr-24,,,,,,,,,,,,,,,,,,,,,,,,,,
50546,,582,Dextrose Saline,,,500,,,,,,,,10-APR-24 05.45.00.000000 PM,,,,,,,,,,,,,,8145,,5079,10-Apr-24,5079,10-Apr-24,16479,,,,,,,,,,,,,,,,,,,,,,,,,
50549,,582,febramol,,,100,,,,,,,,11-APR-24 06.00.00.000000 AM,,,,,,,,,,,,,,8145,,5716,11-Apr-24,5716,11-Apr-24,16479,,,,,,,,,,,,,,,,,,,,,,,,,
50550,,582,5% dextrose saline,,,500,,,,,,,,11-APR-24 06.00.00.000000 AM,,,,,,,,,,,,,,8145,,5716,11-Apr-24,5716,11-Apr-24,,,,,,,,,,,,,,,,,,,,,,,,,,
50412,,542,0.9% normal saline,,,500,,,,,,,,03-APR-24 10.00.00.000000 AM,,,,,,,,,,,,,,7848,,4585,3-Apr-24,4585,3-Apr-24,15540,,,,,,,,,,,,,,,,,,,,,,,,,
50439,,542,IV Ringers lactate,,,500,,,,,,,,05-APR-24 11.00.00.000000 AM,,,,,,,,,,,,,,3585,,5716,5-Apr-24,5716,5-Apr-24,16551,,,,,,,,,,,,,,,,,,,,,,,,,
50441,,542,5% dextrose saline,,,500,,,,,,,,05-APR-24 02.45.00.000000 PM,,,,,,,,,,,,,,3585,,5655,5-Apr-24,5655,5-Apr-24,16551,,,,,,,,,,,,,,,,,,,,,,,,,
50442,,542,water,,200,,,,,,,,,05-APR-24 10.30.00.000000 AM,,,,,,,,,,,,,,3585,,5655,5-Apr-24,5655,5-Apr-24,,,,,,,,,,,,,,,,,,,,,,,,,,
50443,,542,water,,100,,,,,,,,,05-APR-24 05.45.00.000000 PM,,,,,,,,,,,,,,3585,,4633,5-Apr-24,4633,5-Apr-24,16551,,,,,,,,,,,,,,,,,,,,,,,,,
50448,,542,IV FLAGYL,,,100,,,,,,,,05-APR-24 07.30.00.000000 PM,,,,,,,,,,,,,,3585,,4633,5-Apr-24,4633,5-Apr-24,16551,,,,,,,,,,,,,,,,,,,,,,,,,
50452,,,,,,,,,,,,,,05-APR-24 08.15.00.000000 PM,,,,150,,,,,,,,,,2372,,5755,5-Apr-24,5755,5-Apr-24,,,CONTAINED RECENTLY INGESTED MEAL,,,,,,,,,,,,,,,,,,,,,,,
50454,,542,,,,,,,,,,,,06-APR-24 12.30.00.000000 AM,,,300,,100,,,,,,,,,3585,,4633,6-Apr-24,4633,6-Apr-24,16551,,,,,,,,,,,,,,,,,,,,,,,,,
50455,,,0.9% normal saline,,,500,,,,,,,,06-APR-24 03.15.00.000000 AM,,,,,,,,,,,,,,2372,,5755,6-Apr-24,5755,6-Apr-24,16733,,,,,,,,,,,,,,,,,,,,,,,,,
50457,,,,,,,,,,,,,,06-APR-24 06.00.00.000000 AM,,,200,,,,,,,,,,,2372,,5755,6-Apr-24,5755,6-Apr-24,,,,,,,,,,,,,,,,,,,,,,,,,,
50462,,542,RINGER'S LACTATE,,,500,,,,,,,,06-APR-24 11.00.00.000000 AM,,,,,,,,,,,,,,3585,,5655,6-Apr-24,5655,6-Apr-24,16551,,,,,,,,,,,,,,,,,,,,,,,,,
50469,,582,,,,,,,,,,,,06-APR-24 01.30.00.000000 PM,,,150,,,,,,,,,,,2372,,4629,6-Apr-24,4629,6-Apr-24,16733,,,,,,,,,,,,,,,,,,,,,,,,,
50470,,582,water,,500,,,,,,,,,06-APR-24 03.00.00.000000 PM,,,200,,,,,,,,,,,2372,,4629,6-Apr-24,4629,6-Apr-24,16733,,,,,,,,,,,,,,,,,,,,,,,,,
50475,,,IV Flagyl,,,100,,,,,,,,06-APR-24 11.00.00.000000 PM,,,300,,,,,,,,,,,3585,,4580,6-Apr-24,4580,6-Apr-24,,,,,,,,,,,,,,,,,,,,,,,,,,
50478,,,ringers lactate,,,500,,,,,,,,07-APR-24 01.00.00.000000 AM,,,,,,,,,,,,,,3585,,4580,7-Apr-24,4580,7-Apr-24,,,,,,,,,,,,,,,,,,,,,,,,,,
50479,,,ringers lactate,,,,,,,,,,,07-APR-24 05.00.00.000000 AM,,,500,,,,,,,,,,,3585,,4580,7-Apr-24,4580,7-Apr-24,,,,,,,,,,,,,,,,,,,,,,,,,,
50480,,,,,,,,,,,,,,07-APR-24 05.45.00.000000 AM,,,,,250,,,,,,,,,3585,,4580,7-Apr-24,4580,7-Apr-24,,,,,,,,,,,,,,,,,,,,,,,,,,
50484,,,,,,,,,,,,,,07-APR-24 08.30.00.000000 AM,,,100,,250,,,,,,,,,3585,,4574,7-Apr-24,4574,7-Apr-24,16745,,,,,,,,,,,,,,,,,,,,,,,,,
50486,,,water,,200,,,,,,,,,07-APR-24 01.15.00.000000 PM,,,,,,,,,,,,,,3585,,4638,7-Apr-24,4638,7-Apr-24,16745,,,,,,,,,,,,,,,,,,,,,,,,,
50491,,542,,,,,,,,,,,,07-APR-24 04.30.00.000000 PM,,,600,,,,,,,,,,,8231,,4643,7-Apr-24,4643,7-Apr-24,16749,,,,,,,,,,,,,,,,,,,,,,,,,
50492,,542,5%dextrose water,,,500,,,,,,,,07-APR-24 05.45.00.000000 PM,,,30,,,,,,,,,,,8231,,4643,7-Apr-24,4643,7-Apr-24,16749,,,,,,,,,,,,,,,,,,,,,,,,,
50494,,542,5% dextrose water,,,500,,,,,,,,07-APR-24 05.45.00.000000 PM,,,,,,,,,,,,,,7352,,4643,7-Apr-24,4643,7-Apr-24,14517,,,,,,,,,,,,,,,,,,,,,,,,,
50495,,542,normal saline,,,500,,,,,,,,07-APR-24 05.45.00.000000 PM,,,,,,,,,,,,,,7848,,4643,7-Apr-24,4643,7-Apr-24,15540,,to run for 8hrs,,,,,,,,,,,,,,,,,,,,,,,
50497,,542,febramol,,,100,,,,,,,,08-APR-24 06.00.00.000000 AM,,,200,,,,,,,,,,,1325,,4542,8-Apr-24,4542,8-Apr-24,16754,,,,,,,,,,,,,,,,,,,,,,,,,
50499,,542,ringers lactate,,,500,,,,,,,,08-APR-24 06.00.00.000000 AM,,,200,,,,,,,,,,,3585,,4542,8-Apr-24,4542,8-Apr-24,16745,,,,,,,,,,,,,,,,,,,,,,,,,
50505,,542,normal saline,,,500,,,,,,,,08-APR-24 02.00.00.000000 PM,,,,,,,,,,,,,,7884,,4574,8-Apr-24,4574,8-Apr-24,16752,,,,,,,,,,,,,,,,,,,,,,,,,
50511,,542,0.9% normal saline,,,500,,,,,,,,09-APR-24 09.20.00.000000 AM,,,,,,,,,,,,,,8145,,4650,9-Apr-24,4650,9-Apr-24,16479,,,,,,,,,,,,,,,,,,,,,,,,,
50516,,542,normal saline,,,500,,,,,,,,09-APR-24 03.45.00.000000 PM,,,,,,,,,,,,,,3585,,4595,9-Apr-24,4595,9-Apr-24,17032,,,,,,,,,,,,,,,,,,,,,,,,,
50517,,542,WATER,,500,,,,,,,,,09-APR-24 02.00.00.000000 PM,,,,,,,,,,,,,,3585,,4595,9-Apr-24,4595,9-Apr-24,,,,,,,,,,,,,,,,,,,,,,,,,,
50544,,542,5% D/s,,,500,,,,,,,,10-APR-24 02.00.00.000000 PM,,,300,,,,,,,,,,,2130,,4650,10-Apr-24,4650,10-Apr-24,17033,,,,,,,,,,,,,,,,,,,,,,,,,
50545,,542,,,,,,,,,,,,10-APR-24 03.00.00.000000 PM,,,300,,,,,,,,,,,8145,,4633,10-Apr-24,4633,10-Apr-24,16479,,,,,,,,,,,,,,,,,,,,,,,,,
50547,,582,0.9% normal saline,,,500,,,,,,,,10-APR-24 09.45.00.000000 PM,,,,,,,,,,,,,,8145,,5716,10-Apr-24,5716,10-Apr-24,16479,,,,,,,,,,,,,,,,,,,,,,,,,
50552,,582,tea,,500,,,,,,,,,11-APR-24 12.15.00.000000 PM,,,,,,,,,,,,,,8145,,4629,11-Apr-24,4629,11-Apr-24,16479,,,,,,,,,,,,,,,,,,,,,,,,,
50553,,,0.9% normal saline,,,500,,,,,,,,11-APR-24 04.00.00.000000 PM,,,,,,,,,,,,,,8145,,4629,11-Apr-24,4629,11-Apr-24,16479,,diaper wet ++,,,,,,,,,,,,,,,,,,,,,,,
50554,,527,5% DEXTROSE SALINE,,,1,,,,,,,,11-APR-24 06.00.00.000000 PM,,,,,,,,,,,,,,8098,,5341,11-Apr-24,5341,11-Apr-24,,,,,,,,,,,,,,,,,,,,,,,,,,
50555,,582,fanta and water,,400,,,,,,,,,11-APR-24 06.00.00.000000 PM,,,,,,,,,,,,,,8145,,4595,11-Apr-24,4595,11-Apr-24,16479,,,,,,,,,,,,,,,,,,,,,,,,,
50557,,582,bf,,,250,,,,,,,,12-APR-24 12.00.00.000000 AM,,,,,,,,,,,,,,8145,,4595,12-Apr-24,4595,12-Apr-24,16479,,,,,,,,,,,,,,,,,,,,,,,,,
50440,,542,,,,,,,,,,,,05-APR-24 11.45.00.000000 PM,,,,250,,,,,,,,,,3585,,5716,5-Apr-24,5716,5-Apr-24,,,,,,,,,,,,,,,,,,,,,,,,,,
50514,,542,normal saline,,,500,,,,,,,,09-APR-24 01.45.00.000000 PM,,,,,,,,,,,,,,2854,,4595,9-Apr-24,4595,9-Apr-24,17034,,,,,,,,,,,,,,,,,,,,,,,,,
50515,,542,normal saline,,,500,,,,,,,,09-APR-24 02.15.00.000000 PM,,,,,,,,,,,,,,2854,,4595,9-Apr-24,4595,9-Apr-24,,,,,,,,,,,,,,,,,,,,,,,,,,
50531,,,flagyl,,,100,,,,,,,,10-APR-24 06.00.00.000000 AM,,,300,,,,,,,,,,,7884,,4949,10-Apr-24,4949,10-Apr-24,17035,,,,,,,,,,,,,,,,,,,,,,,,,
50532,,,,,,,,,,,,,,10-APR-24 03.00.00.000000 AM,,,200,,,,,,,,,,,7884,,4949,10-Apr-24,4949,10-Apr-24,,,,,,,,,,,,,,,,,,,,,,,,,,
50533,,,5% dextrose saline,,,500,,,,,,,,10-APR-24 12.00.00.000000 AM,,,,,,,,,,,,,,7884,,4949,10-Apr-24,4949,10-Apr-24,,,,,,,,,,,,,,,,,,,,,,,,,,
50408,,542,5% D/W,,,500,,,,,,,,02-APR-24 01.00.00.000000 PM,,,,,,,,,,,,,,7848,,4629,2-Apr-24,4629,2-Apr-24,15540,,,,,,,,,,,,,,,,,,,,,,,,,
50421,,,normal saline,,,500,,,,,,,,03-APR-24 07.00.00.000000 PM,,,500,,,,,,,,,,,7848,,4611,3-Apr-24,4611,3-Apr-24,15540,,,,,,,,,,,,,,,,,,,,,,,,,
50428,,,WATER,,200,,,,,,,,,03-APR-24 08.00.00.000000 PM,,,300,,,,,,,,,,,2603,,4953,3-Apr-24,4953,3-Apr-24,,,,,,,,,,,,,,,,,,,,,,,,,,
50424,,,,,,,,,,,,,,03-APR-24 07.45.00.000000 PM,,,,,,,,,,,,,,7848,,4611,3-Apr-24,4611,3-Apr-24,,,IV line out of vein,,,,,,,,,,,,,,,,,,,,,,,
50426,,,normal saline,,,500,,,,,,,,03-APR-24 05.00.00.000000 PM,,,,,,,,,,,,,,2603,,4953,3-Apr-24,4953,3-Apr-24,16212,,,,,,,,,,,,,,,,,,,,,,,,,
50429,,,5% dextrose saline,,,500,,,,,,,,03-APR-24 11.00.00.000000 PM,,,,,,,,,,,,,,2603,,4953,3-Apr-24,4953,3-Apr-24,,,,,,,,,,,,,,,,,,,,,,,,,,
50430,,,WATER,,300,,,,,,,,,03-APR-24 10.00.00.000000 PM,,,300,,,,,,,,,,,2603,,4953,3-Apr-24,4953,3-Apr-24,,,,,,,,,,,,,,,,,,,,,,,,,,
50461,,582,Tea and water,,750,,,,,,,,,06-APR-24 09.30.00.000000 AM,,,,,,,,,,,,,,2372,,4629,6-Apr-24,4629,6-Apr-24,16733,,,,,,,,,,,,,,,,,,,,,,,,,
50463,,542,,,,,,,,,,,,06-APR-24 11.30.00.000000 AM,,,200,,,,,,,,,,,3585,,5655,6-Apr-24,5655,6-Apr-24,16551,,,,,,,,,,,,,,,,,,,,,,,,,
50471,,,0.9% normal saline,,,500,,,,,,,,06-APR-24 08.45.00.000000 PM,,,,,,,,,,,,,,7848,,4580,6-Apr-24,4580,6-Apr-24,15540,,,,,,,,,,,,,,,,,,,,,,,,,
50481,,,normal saline,,,500,,,,,,,,07-APR-24 07.15.00.000000 AM,,,,,,,,,,,,,,3585,,5755,7-Apr-24,5755,7-Apr-24,16745,,,,,,,,,,,,,,,,,,,,,,,,,
50483,,542,,,,,,,,,,,,07-APR-24 06.00.00.000000 AM,,,500,,,,,,,,,,,7848,,4580,7-Apr-24,4580,7-Apr-24,15540,,mildly concentrated,,,,,,,,,,,,,,,,,,,,,,,
50487,,,IVF ringers lactate,,,500,,,,,,,,07-APR-24 01.30.00.000000 PM,,,,,,,,,,,,,,3585,,4638,7-Apr-24,4638,7-Apr-24,,,,,,,,,,,,,,,,,,,,,,,,,,
50490,,,water,,200,,,,,,,,,07-APR-24 03.00.00.000000 PM,,,,,,,,,,,,,,7848,,4574,7-Apr-24,4574,7-Apr-24,,,,,,,,,,,,,,,,,,,,,,,,,,
50493,,542,,,,500,,,,,,,,07-APR-24 05.30.00.000000 PM,,,200,,,,,,,,,,,3585,,4643,7-Apr-24,4643,7-Apr-24,16745,,,,,,,,,,,,,,,,,,,,,,,,,
50498,,542,Dextrose saline,,,500,,,,,,,,08-APR-24 06.00.00.000000 AM,,,,,,,,,,,,,,1325,,4542,8-Apr-24,4542,8-Apr-24,,,,,,,,,,,,,,,,,,,,,,,,,,
50501,,542,5% dextrose saline,,,500,,,,,,,,08-APR-24 08.45.00.000000 AM,,,,,,,,,,,,,,7884,,4595,8-Apr-24,4595,8-Apr-24,16752,,,,,,,,,,,,,,,,,,,,,,,,,
50513,,582,5% D/s,,,500,,,,,,,,09-APR-24 01.00.00.000000 PM,,,,,,,,,,,,,,8145,,4650,9-Apr-24,4650,9-Apr-24,16479,,,,,,,,,,,,,,,,,,,,,,,,,
50406,,542,water,,200,,,,,,,,,01-APR-24 10.15.00.000000 PM,,,700,,,,,,,,,,,2893,,4629,1-Apr-24,4629,1-Apr-24,15993,,,,,,,,,,,,,,,,,,,,,,,,,
50410,,542,water,,500,,,,,,,,,03-APR-24 12.15.00.000000 AM,,,600,,,,,,,,,,,7848,,4629,3-Apr-24,4629,3-Apr-24,,,,,,,,,,,,,,,,,,,,,,,,,,
50411,,542,,,,,,,,,,,,03-APR-24 06.15.00.000000 AM,,,300,,,,,,,,,,,7848,,4629,3-Apr-24,4629,3-Apr-24,,,,,,,,,,,,,,,,,,,,,,,,,,
50419,,,WATER,,500,,,,,,,,,03-APR-24 03.00.00.000000 PM,,,500,,,,,,,,,,,2603,,4580,3-Apr-24,4580,3-Apr-24,,,,,,,,,,,,,,,,,,,,,,,,,,
50425,,,water,,500,,,,,,,,,03-APR-24 10.00.00.000000 PM,,,,,,,,,,,,,,7848,,4611,3-Apr-24,4611,3-Apr-24,15540,,,,,,,,,,,,,,,,,,,,,,,,,
50433,,,5% dextrose saline,,,500,,,,,,,,04-APR-24 07.00.00.000000 AM,,,,,,,,,,,,,,2603,,4953,4-Apr-24,4953,4-Apr-24,,,,,,,,,,,,,,,,,,,,,,,,,,
50466,,542,RINGER'S LACTATE,,,500,,,,,,,,06-APR-24 02.00.00.000000 PM,,,,,,,,,,,,,,3585,,5655,6-Apr-24,5655,6-Apr-24,,,,,,,,,,,,,,,,,,,,,,,,,,
50445,,542,normal saline,,,500,,,,,,,,05-APR-24 06.30.00.000000 PM,,,,,,,,,,,,,,2372,,4585,5-Apr-24,4585,5-Apr-24,16733,,,,,,,,,,,,,,,,,,,,,,,,,
50447,,542,RINGER'S LACTATE,,,500,,,,,,,,05-APR-24 06.15.00.000000 PM,,,300,,,,,,,,,,,3585,,4633,5-Apr-24,4633,5-Apr-24,16551,,,,,,,,,,,,,,,,,,,,,,,,,
50468,,582,water,,250,,,,,,,,,06-APR-24 12.00.00.000000 PM,,,150,,,,,,,,,,,2372,,4629,6-Apr-24,4629,6-Apr-24,16733,,,,,,,,,,,,,,,,,,,,,,,,,
50485,,,water,,500,,,,,,,,,07-APR-24 09.15.00.000000 AM,,,,,,,,,,,,,,7848,,4574,7-Apr-24,4574,7-Apr-24,15540,,,,,,,,,,,,,,,,,,,,,,,,,
50489,,,,,,,,,,,,,,07-APR-24 03.15.00.000000 PM,,,150,,,,,,,,,,,7848,,4574,7-Apr-24,4574,7-Apr-24,15540,,,,,,,,,,,,,,,,,,,,,,,,,
50500,,582,0.9% Normal Saline,500,,500,,,,,,,,08-APR-24 05.15.00.000000 AM,,,400,,,,,,,,,,,8232,,5275,8-Apr-24,5275,8-Apr-24,16753,,,,,,,,,,,,,,,,,,,,,,,,,
50502,,,,,,,,,,,,,,08-APR-24 09.30.00.000000 AM,,,300,,,,,,,,,,,7884,,4595,8-Apr-24,4595,8-Apr-24,16752,,,,,,,,,,,,,,,,,,,,,,,,,
50508,,542,4.3%D/S,,,500,,,,,,,,09-APR-24 12.00.00.000000 AM,,,100,,,,,,,,,,,8239,,4542,9-Apr-24,4542,9-Apr-24,16775,,,,,,,,,,,,,,,,,,,,,,,,,
50509,,542,5% dextrose saline,,,500,,,,,,,,09-APR-24 12.00.00.000000 AM,,,900,,,,,,,,,,,7848,,4542,9-Apr-24,4542,9-Apr-24,15540,,,,,,,,,,,,,,,,,,,,,,,,,
50510,,,D/W,,,500,,,,,,,,09-APR-24 06.00.00.000000 AM,,,200,,,,,,,,,,,7848,,4542,9-Apr-24,4542,9-Apr-24,,,,,,,,,,,,,,,,,,,,,,,,,,
50512,,542,,,,,,,,,,,,09-APR-24 10.30.00.000000 AM,,,900,,,,,,,,,,,7884,,4961,9-Apr-24,4961,9-Apr-24,17035,,,,,,,,,,,,,,,,,,,,,,,,,
50518,,,"water, normal saline",,50,500,,,,,,,,09-APR-24 05.00.00.000000 PM,,,,,,,,,,,,,,7884,,4949,9-Apr-24,4949,9-Apr-24,17035,,,,,,,,,,,,,,,,,,,,,,,,,
50519,,,febramol,,,100,,,,,,,,09-APR-24 05.15.00.000000 PM,,,,,,,,,,,,,,7884,,4949,9-Apr-24,4949,9-Apr-24,,,,,,,,,,,,,,,,,,,,,,,,,,
50520,,,normal saline,,,500,,,,,,,,09-APR-24 05.30.00.000000 PM,,,50,,,,,,,,,,,8326,,4949,9-Apr-24,4949,9-Apr-24,17049,,,,,,,,,,,,,,,,,,,,,,,,,
50524,,,Pap,,30,,,,,,,,,09-APR-24 07.00.00.000000 PM,,,400,,,,,,,,,,,7884,,4949,9-Apr-24,4949,9-Apr-24,17035,,,,,,,,,,,,,,,,,,,,,,,,,
50522,,542,water,,,100,,,,,,,,09-APR-24 05.00.00.000000 PM,,,,,,,,,,,,,,2854,,5655,9-Apr-24,5655,9-Apr-24,17034,,,,,,,,,,,,,,,,,,,,,,,,,
50523,,542,water,,,100,,,,,,,,09-APR-24 06.00.00.000000 PM,,,,,,,,,,,,,,2854,,5655,9-Apr-24,5655,9-Apr-24,17034,,,,,,,,,,,,,,,,,,,,,,,,,
50528,,542,,,,,,,,,,,,09-APR-24 09.00.00.000000 PM,,,200,,,,,,,,,,,3585,,5655,9-Apr-24,5655,9-Apr-24,,,,,,,,,,,,,,,,,,,,,,,,,,
50530,,,febramol,,,100,,,,,,,,10-APR-24 01.00.00.000000 AM,,,,,,,,,,,,,,7884,,4937,10-Apr-24,4937,10-Apr-24,17035,,,,,,,,,,,,,,,,,,,,,,,,,
50534,,,5% dextrose saline,,,500,,,,,,,,10-APR-24 06.15.00.000000 AM,,,,,,,,,,,,,,7884,,4937,10-Apr-24,4937,10-Apr-24,17035,,,,,,,,,,,,,,,,,,,,,,,,,
50543,,542,febamol,,,100,,,,,,,,10-APR-24 02.00.00.000000 PM,,,,,,,,,,,,,,8145,,4633,10-Apr-24,4633,10-Apr-24,16479,,,,,,,,,,,,,,,,,,,,,,,,,
50558,,582,5% D/s,,,500,,,,,,,,12-APR-24 02.00.00.000000 AM,,,,,,,,,,,,,,8145,,4595,12-Apr-24,4595,12-Apr-24,,,,,,,,,,,,,,,,,,,,,,,,,,
50416,,542,WATER,,500,,,,,,,,,03-APR-24 01.30.00.000000 PM,,,,,,,,,,,,,,2603,,4580,3-Apr-24,4580,3-Apr-24,16212,,,,,,,,,,,,,,,,,,,,,,,,,
50449,,542,5% D/s,,,500,,,,,,,,05-APR-24 10.30.00.000000 PM,,,300,,,,,,,,,,,3585,,4633,5-Apr-24,4633,5-Apr-24,16551,,,,,,,,,,,,,,,,,,,,,,,,,
50451,,,BEVERAGES,,250,,,,,,,,,05-APR-24 10.00.00.000000 PM,,,,,,,,,,,,,,2372,,5755,5-Apr-24,5755,5-Apr-24,,,,,,,,,,,,,,,,,,,,,,,,,,
50453,,,,,,,,,,,,,,05-APR-24 09.30.00.000000 PM,,,,250,,,,,,,,,,2372,,5755,5-Apr-24,5755,5-Apr-24,,,,,,,,,,,,,,,,,,,,,,,,,,
50458,,542,RINGER'S LACTATE,,,500,,,,,,,,06-APR-24 02.30.00.000000 AM,,,200,,,,,,,,,,,3585,,4633,6-Apr-24,4633,6-Apr-24,16551,,,,,,,,,,,,,,,,,,,,,,,,,
50459,,542,,,,,,,,,,,,06-APR-24 03.00.00.000000 AM,,,300,,,,,,,,,,,3585,,4633,6-Apr-24,4633,6-Apr-24,,,,,,,,,,,,,,,,,,,,,,,,,,
50460,,542,5% dextrose saline,,,500,,,,,,,,06-APR-24 06.30.00.000000 AM,,,,,,,,,,,,,,3585,,4633,6-Apr-24,4633,6-Apr-24,,,,,,,,,,,,,,,,,,,,,,,,,,
50473,,,water,,,500,,,,,,,,06-APR-24 05.00.00.000000 PM,,,,,,,,,,,,,,3585,,4580,6-Apr-24,4580,6-Apr-24,16551,,,,,,,,,,,,,,,,,,,,,,,,,
50474,,,ringers lactate,,,500,,,,,,,,06-APR-24 07.00.00.000000 PM,,,300,,,,,,,,,,,3585,,4580,6-Apr-24,4580,6-Apr-24,,,,,,,,,,,,,,,,,,,,,,,,,,
50476,,,water,,300,,,,,,,,,06-APR-24 09.00.00.000000 PM,,,,,,,,,,,,,,3585,,4580,6-Apr-24,4580,6-Apr-24,,,,,,,,,,,,,,,,,,,,,,,,,,
50504,,542,4.3% D/S,,,500,,,,,,,,08-APR-24 02.00.00.000000 PM,,,,,,,,,,,,,,8239,,5501,8-Apr-24,5501,8-Apr-24,16775,,,,,,,,,,,,,,,,,,,,,,,,,
50506,,542,normal saline,,,500,,,,,,,,08-APR-24 06.00.00.000000 PM,,,,,,,,,,,,,,7884,,4574,8-Apr-24,4574,8-Apr-24,,,,,,,,,,,,,,,,,,,,,,,,,,
50507,,542,5% dextrose saline,,,500,,,,,,,,08-APR-24 09.00.00.000000 PM,,,,,,,,,,,,,,3585,,4542,8-Apr-24,4542,8-Apr-24,16745,,,,,,,,,,,,,,,,,,,,,,,,,
50551,,582,pap + water,,500,,,,,,,,,11-APR-24 10.00.00.000000 AM,,,,,,,,,,,,,,8145,,4629,11-Apr-24,4629,11-Apr-24,16479,,,,,,,,,,,,,,,,,,,,,,,,,
50556,,582,5% D/s,,,500,,,,,,,,11-APR-24 10.00.00.000000 PM,,,,,,,,,,,,,,8145,,4595,11-Apr-24,4595,11-Apr-24,16479,,,,,,,,,,,,,,,,,,,,,,,,,
50409,,542,5% D/Saline,,,500,,,,,,,,02-APR-24 03.00.00.000000 PM,,,200,,,,,,,,,,,7848,,4629,2-Apr-24,4629,2-Apr-24,,,,,,,,,,,,,,,,,,,,,,,,,,
50413,,,WATER,,300,,,,,,,,,03-APR-24 09.00.00.000000 AM,,,,,,,,,,,,,,2603,,5716,3-Apr-24,5716,3-Apr-24,16212,,,,,,,,,,,,,,,,,,,,,,,,,
50414,,,WATER,,200,,,,,,,,,03-APR-24 11.00.00.000000 PM,,,400,,,,,,,,,,,2603,,5716,3-Apr-24,5716,3-Apr-24,,,,,,,,,,,,,,,,,,,,,,,,,,
50415,,542,5% dextrose saline,,,500,,,,,,,,03-APR-24 11.00.00.000000 AM,,,,,,,,,,,,,,2603,,5716,3-Apr-24,5716,3-Apr-24,,,,,,,,,,,,,,,,,,,,,,,,,,
50417,,542,5% D/s,,,500,,,,,,,,03-APR-24 02.15.00.000000 PM,,,,,,,,,,,,,,7848,,4585,3-Apr-24,4585,3-Apr-24,15540,,,,,,,,,,,,,,,,,,,,,,,,,
50418,,542,,,,,,,,,,,,03-APR-24 03.45.00.000000 PM,,,300,,,,,,,,,,,7848,,4585,3-Apr-24,4585,3-Apr-24,,,,,,,,,,,,,,,,,,,,,,,,,,
50420,,542,5% D/s,,,500,,,,,,,,03-APR-24 12.45.00.000000 PM,,,,,,,,,,,,,,7848,,4585,3-Apr-24,4585,3-Apr-24,15540,,,,,,,,,,,,,,,,,,,,,,,,,
50427,,,WATER,,500,,,,,,,,,03-APR-24 06.00.00.000000 PM,,,200,,,,,,,,,,,2603,,4953,3-Apr-24,4953,3-Apr-24,,,,,,,,,,,,,,,,,,,,,,,,,,
50432,,,,,,,,,,,,,,04-APR-24 06.00.00.000000 AM,,,300,,,,,,,,,,,2603,,4953,4-Apr-24,4953,4-Apr-24,,,,,,,,,,,,,,,,,,,,,,,,,,
50446,,542,normal saline,,,500,,,,,,,,05-APR-24 06.45.00.000000 PM,,,,,,,,,,,,,,2372,,4585,5-Apr-24,4585,5-Apr-24,16733,,,,,,,,,,,,,,,,,,,,,,,,,
50450,,542,0.9% normal saline,,,500,,,,,,,,05-APR-24 11.30.00.000000 PM,,,150,,,,,,,,,,,2372,,5755,5-Apr-24,5755,5-Apr-24,16733,,,,,,,,,,,,,,,,,,,,,,,,,
50456,,,,,,,,,,,,,,06-APR-24 04.00.00.000000 AM,,,300,,,,,,,,,,,2372,,5755,6-Apr-24,5755,6-Apr-24,,,,,,,,,,,,,,,,,,,,,,,,,,
50464,,542,,,,,,,,,,,,06-APR-24 08.00.00.000000 AM,,,200,,,,,,,,,,,3585,,5655,6-Apr-24,5655,6-Apr-24,16551,,,,,,,,,,,,,,,,,,,,,,,,,
50467,,542,IV FLAGYL,,,500,,,,,,,,06-APR-24 03.00.00.000000 PM,,,,,,,,,,,,,,3585,,5655,6-Apr-24,5655,6-Apr-24,16551,,,,,,,,,,,,,,,,,,,,,,,,,
50472,,542,water,,500,,,,,,,,,06-APR-24 09.45.00.000000 PM,,,600,,,,,,,,,,,7848,,4580,6-Apr-24,4580,6-Apr-24,15540,,clear,,,,,,,,,,,,,,,,,,,,,,,
50477,,,0.9% normal saline,,,500,,,,,,,,07-APR-24 04.00.00.000000 AM,,,300,,,,,,,,,,,7848,,4580,7-Apr-24,4580,7-Apr-24,,,,,,,,,,,,,,,,,,,,,,,,,,
50482,,542,i/v  flagyl,,,100,,,,,,,,07-APR-24 07.45.00.000000 AM,,,,,,,,,,,,,,3585,,4580,7-Apr-24,4580,7-Apr-24,16745,,,,,,,,,,,,,,,,,,,,,,,,,
50488,,,,,,,,,,,,,,07-APR-24 02.00.00.000000 PM,,,150,,,,,,,,,,,3585,,4638,7-Apr-24,4638,7-Apr-24,16745,,,,,,,,,,,,,,,,,,,,,,,,,
50496,,542,5% dextrose water,,,500,,,,,,,,08-APR-24 12.00.00.000000 AM,,,,,,,,,,,,,,7352,,4643,8-Apr-24,4643,8-Apr-24,14517,,,,,,,,,,,,,,,,,,,,,,,,,
50525,,,Pap,,60,,,,,,,,,09-APR-24 08.00.00.000000 PM,,,,,,,,,,,,,,7884,,4949,9-Apr-24,4949,9-Apr-24,17035,,,,,,,,,,,,,,,,,,,,,,,,,
50535,,542,0.9% normal saline,,,500,,,,,,,,10-APR-24 12.00.00.000000 AM,,,,,,,,,,,,,,3585,,4650,10-Apr-24,4650,10-Apr-24,17032,,,,,,,,,,,,,,,,,,,,,,,,,
50536,,542,normal saline,,,500,,,,,,,,10-APR-24 11.30.00.000000 AM,,,,,,,,,,,,,,8145,,4633,10-Apr-24,4633,10-Apr-24,16479,,,,,,,,,,,,,,,,,,,,,,,,,
50548,,582,febramol,,,100,,,,,,,,10-APR-24 10.00.00.000000 PM,,,,,,,,,,,,,,8145,,5716,10-Apr-24,5716,10-Apr-24,,,,,,,,,,,,,,,,,,,,,,,,,,
50566,,542,water R/L,,250,500,,,,,,,,04-AUG-25 06.00.00.000000 AM,,,200,,,,,,,,,,,8496,,5014,4-Aug-25,5014,4-Aug-25,,,,,,,,,,,,,,,,,,,,,,,,,,
50569,,542,ORS ,,100,,,,,,,,,04-AUG-25 04.30.00.000000 PM,,,,,,,,,,,,,,8496,,5014,4-Aug-25,5014,4-Aug-25,17449,,,,,,,,,,,,,,,,,,,,,,,,,
50570,,542,,,,,,,,,,,,04-AUG-25 07.00.00.000000 PM,,,200,,,,,,,,,,,8496,,5501,4-Aug-25,5501,4-Aug-25,17449,,,,,,,,,,,,,,,,,,,,,,,,,
50571,,542,0RS,,250,,,,,,,,,04-AUG-25 08.00.00.000000 PM,,,,,,,,,,,,,,8496,,5501,4-Aug-25,5501,4-Aug-25,,,,,,,,,,,,,,,,,,,,,,,,,,
50573,,,water,,200,,,,,,,,,04-AUG-25 09.00.00.000000 PM,,,,,,,,,,,,,,8496,,5501,4-Aug-25,5501,4-Aug-25,17449,,,,,,,,,,,,,,,,,,,,,,,,,
50581,,542,JUICE,,500,,,,,,,,,06-AUG-25 12.45.00.000000 PM,,,200,,,,,,,,,,,8714,,5079,6-Aug-25,5079,6-Aug-25,,,,,,,,,,,,,,,,,,,,,,,,,,
50582,,542,,,,,,,,,,,,06-AUG-25 02.15.00.000000 PM,,,200,,,,,,,,,,,8714,,5079,6-Aug-25,5079,6-Aug-25,,,,,,,,,,,,,,,,,,,,,,,,,,
50590,,582,0.9% normal saline,,,300,,,,,,,,15-AUG-25 12.00.00.000000 AM,,,,,,,,,,,,,,8838,,4950,8-Aug-25,4950,8-Aug-25,18004,,,,,,,,,,,,,,,,,,,,,,,,,
50591,,582,0.9% normal saline,,,300,,,,,,,,08-AUG-25 12.00.00.000000 AM,,,,,,,,,,,,,,8838,,4950,8-Aug-25,4950,8-Aug-25,18004,,,,,,,,,,,,,,,,,,,,,,,,,
50605,,542,5% Dextrose saline,,,500,,,,,,,,27-AUG-25 01.00.00.000000 AM,,,,,,,,,,,,,,30104,,4950,27-Aug-25,4950,27-Aug-25,,,,,,,,,,,,,,,,,,,,,,,,,,
50612,,,5% D/Saline,,,500,,,,,,,,29-AUG-25 03.30.00.000000 PM,,,,,,,,,,,,,,30212,,4611,29-Aug-25,4611,29-Aug-25,18931,,to run for 4hrs,,,,,,,,,,,,,,,,,,,,,,,
50613,,,,,,,,,,,,,,29-AUG-25 02.45.00.000000 PM,,,,200,,,,,,,,,,30212,,4611,29-Aug-25,4611,29-Aug-25,,,,,,,,,,,,,,,,,,,,,,,,,,
50614,,,,,,,,,,,,,,29-AUG-25 02.30.00.000000 PM,,,150,,,,,,,,,,,30212,,4611,29-Aug-25,4611,29-Aug-25,,,amber color,,,,,,,,,,,,,,,,,,,,,,,
50616,,582,normal saline,,,500,,,,,,,,31-AUG-25 03.30.00.000000 PM,,,,,,,,,,,,,,30282,,5014,31-Aug-25,5014,31-Aug-25,19079,,fast,,,,,,,,,,,,,,,,,,,,,,,
50617,,582,ciprofloxacin,,,100,,,,,,,,31-AUG-25 03.00.00.000000 PM,,,,,,,,,,,,,,30282,,5014,31-Aug-25,5014,31-Aug-25,19079,,,,,,,,,,,,,,,,,,,,,,,,,
50621,,582,flagyl,,,100,,,,,,,,31-AUG-25 10.00.00.000000 PM,,,,,,,,,,,,,,30282,,5014,31-Aug-25,5014,31-Aug-25,,,,,,,,,,,,,,,,,,,,,,,,,,
50622,,582,febramol,,,100,,,,,,,,31-AUG-25 10.00.00.000000 PM,,,,,,,,,,,,,,30282,,5014,31-Aug-25,5014,31-Aug-25,,,,,,,,,,,,,,,,,,,,,,,,,,
50624,,582,,,,,,,,,,,,31-AUG-25 11.00.00.000000 PM,,,400,,,,,,,,,,,30282,,5014,31-Aug-25,5014,31-Aug-25,19079,,,,,,,,,,,,,,,,,,,,,,,,,
50625,,582,4.3% d/saline,,,500,,,,,,,,31-AUG-25 08.30.00.000000 PM,,,,,,,,,,,,,,30284,,5014,31-Aug-25,5014,31-Aug-25,19081,,,,,,,,,,,,,,,,,,,,,,,,,
50641,,582,5% Dextrose saline,,,500,,,,,,,,02-SEP-25 02.00.00.000000 AM,,,150,,,,,,,,,,,30284,,5755,2-Sep-25,5755,2-Sep-25,19257,,,,,,,,,,,,,,,,,,,,,,,,,
50659,,582,febramol,,,100,,,,,,,,07-SEP-25 05.00.00.000000 AM,,,,,,,,,,,,,,30650,,5989,7-Sep-25,5989,7-Sep-25,19874,,,,,,,,,,,,,,,,,,,,,,,,,
50660,,582,detrose water,,,500,,,,,,,,07-SEP-25 03.15.00.000000 AM,,,,,,,,,,,,,,30650,,5989,7-Sep-25,5989,7-Sep-25,,,,,,,,,,,,,,,,,,,,,,,,,,
50661,,582,,,,,,,,,,,,07-SEP-25 06.00.00.000000 AM,,,200,,,,,,,,,,,30650,,5989,7-Sep-25,5989,7-Sep-25,,,,,,,,,,,,,,,,,,,,,,,,,,
50666,,582,normal saline,,,500,,,,,,,,07-SEP-25 10.00.00.000000 AM,,,300,,,,,,,,,,,30650,,4633,7-Sep-25,4633,7-Sep-25,19874,,,,,,,,,,,,,,,,,,,,,,,,,
50667,,582,water,,150,,,,,,,,,07-SEP-25 11.00.00.000000 AM,,,,,,,,,,,,,,30650,,4633,7-Sep-25,4633,7-Sep-25,,,,,,,,,,,,,,,,,,,,,,,,,,
50687,,,,,,,,,,,,,,08-SEP-25 10.00.00.000000 AM,,,300,70,,,,,,,,,,30667,,5755,8-Sep-25,5755,8-Sep-25,,,,,,,,,,,,,,,,,,,,,,,,,,
50691,,582,0.9% n/saline ,,,500,,,,,,,,08-SEP-25 02.00.00.000000 PM,,,300,,,,,,,,,,,30667,,4650,8-Sep-25,4650,8-Sep-25,19897,,,,,,,,,,,,,,,,,,,,,,,,,
50712,,,,,,,,,,,,,,09-SEP-25 10.00.00.000000 AM,,,500,,,,,,,,,,,30667,,4643,9-Sep-25,4643,9-Sep-25,19897,,,,,,,,,,,,,,,,,,,,,,,,,
50714,,,febramol,,,100,,,,,,,,09-SEP-25 01.58.00.000000 PM,,,,,,,,,,,,,,30669,,4643,9-Sep-25,4643,9-Sep-25,,,,,,,,,,,,,,,,,,,,,,,,,,
50715,,582,normal saline,,,1000,,,,,,,,09-SEP-25 01.00.00.000000 PM,,,,,,,,,,,,,,30885,,4950,9-Sep-25,4950,9-Sep-25,20325,,,,,,,,,,,,,,,,,,,,,,,,,
50718,,582,5% D/s,,,500,,,,,,,,09-SEP-25 06.30.00.000000 PM,,,,,,,,,,,,,,30885,,6117,9-Sep-25,6117,9-Sep-25,20325,,,,,,,,,,,,,,,,,,,,,,,,,
50728,,582,normal saline,,,500,,,,,,,,10-SEP-25 11.45.00.000000 PM,,,,,,,,,,,,,,30885,,6117,9-Sep-25,6117,9-Sep-25,20325,,,,,,,,,,,,,,,,,,,,,,,,,
50729,,582,,,,,,,,,,,,10-SEP-25 12.30.00.000000 AM,,,200,,,,,,,,,,,30885,,6117,10-Sep-25,6117,10-Sep-25,20325,,,,,,,,,,,,,,,,,,,,,,,,,
50730,,582,,,,,,,,,,,,10-SEP-25 01.00.00.000000 AM,,,200,,,,,,,,,,,30885,,6117,10-Sep-25,6117,10-Sep-25,,,,,,,,,,,,,,,,,,,,,,,,,,
50731,,582,,,,,,,,,,,,10-SEP-25 01.45.00.000000 AM,,,200,,,,,,,,,,,30885,,6117,10-Sep-25,6117,10-Sep-25,,,,,,,,,,,,,,,,,,,,,,,,,,
50737,,582,febramol,,,1000,,,,,,,,10-SEP-25 06.00.00.000000 AM,,,,,,,,,,,,,,30669,,6117,10-Sep-25,6117,10-Sep-25,20127,,,,,,,,,,,,,,,,,,,,,,,,,
50742,,542,febramol,,,100,,,,,,,,17-SEP-25 12.15.00.000000 PM,,,,,,,,,,,,,,8855,,4950,10-Sep-25,4950,10-Sep-25,,,,,,,,,,,,,,,,,,,,,,,,,,
50744,,542,IV FLAGYL,,,100,,,,,,,,17-SEP-25 02.00.00.000000 PM,,,,,,,,,,,,,,8855,,4950,10-Sep-25,4950,10-Sep-25,20320,,,,,,,,,,,,,,,,,,,,,,,,,
50750,,,5% D/s,,,500,,,,,,,,10-SEP-25 08.00.00.000000 PM,,,,,,,,,,,,,,30963,,4953,10-Sep-25,4953,10-Sep-25,20448,,,,,,,,,,,,,,,,,,,,,,,,,
50752,,,water,,250,,,,,,,,,10-SEP-25 09.00.00.000000 PM,,,,,,,,,,,,,,30963,,4953,10-Sep-25,4953,10-Sep-25,,,,,,,,,,,,,,,,,,,,,,,,,,
50753,,,water,,500,,,,,,,,,10-SEP-25 10.00.00.000000 PM,,,,,,,,,,,,,,30963,,4953,10-Sep-25,4953,10-Sep-25,,,,,,,,,,,,,,,,,,,,,,,,,,
50769,,,water,,500,,,,,,,,,11-SEP-25 02.00.00.000000 AM,,,500,,,,,,,,,,,30963,,4953,11-Sep-25,4953,11-Sep-25,,,,,,,,,,,,,,,,,,,,,,,,,,
50770,,,,,,,,,,,,,,11-SEP-25 04.00.00.000000 AM,,,400,,,,,,,,,,,30963,,4953,11-Sep-25,4953,11-Sep-25,,,,,,,,,,,,,,,,,,,,,,,,,,
50776,,,,,,,,,,,,,,11-SEP-25 04.00.00.000000 AM,,,300,,,,,,,,,,,30977,,4953,11-Sep-25,4953,11-Sep-25,,,,,,,,,,,,,,,,,,,,,,,,,,
50777,,,,,,,,,,,,,,11-SEP-25 07.00.00.000000 AM,,,300,,,,,,,,,,,8785,,4651,11-Sep-25,4651,11-Sep-25,19910,,,,,,,,,,,,,,,,,,,,,,,,,
50802,,542,,,,,,,,,,,,13-SEP-25 02.00.00.000000 PM,,,,,,,,,,,,,,30916,,5482,13-Sep-25,5482,13-Sep-25,20756,,,,,,,,,,,,,,,,,,,,,,,,,
50780,,,5% Dextrose saline,,,500,,,,,,,,11-SEP-25 06.00.00.000000 AM,,,,,,,,,,,,,,8785,,4651,11-Sep-25,4651,11-Sep-25,,,,,,,,,,,,,,,,,,,,,,,,,,
50801,,,water,,300,,,,,,,,,13-SEP-25 11.00.00.000000 AM,,,,,,,,,,,,,,30963,,5716,13-Sep-25,5716,13-Sep-25,,,,,,,,,,,,,,,,,,,,,,,,,,
50810,,,IV FLAGYL,,,100,,,,,,,,21-SEP-25 02.00.00.000000 PM,,,,,,,,,,,,,,30577,,6092,14-Sep-25,6092,14-Sep-25,20910,,,,,,,,,,,,,,,,,,,,,,,,,
50826,,542,5% D/SALINE 2OIU OXY,,,500,,,,,,,,16-SEP-25 12.00.00.000000 PM,,,,,,,,,,,,,,30587,,5990,16-Sep-25,5990,16-Sep-25,21145,,,,,,,,,,,,,,,,,,,,,,,,,
50835,,542,,,,,,,,,,,,16-SEP-25 07.15.00.000000 PM,,,300,,,,,,,,,,,30569,,6117,16-Sep-25,6117,16-Sep-25,20934,,,,,,,,,,,,,,,,,,,,,,,,,
50836,,542,normal saline,,,500,,,,,,,,16-SEP-25 07.30.00.000000 PM,,,,,,,,,,,,,,30569,,6117,16-Sep-25,6117,16-Sep-25,,,,,,,,,,,,,,,,,,,,,,,,,,
50838,,542,,,,,,,,,,,,16-SEP-25 09.15.00.000000 PM,,,300,,,,,,,,,,,30569,,6117,16-Sep-25,6117,16-Sep-25,21342,,,,,,,,,,,,,,,,,,,,,,,,,
50839,,542,,,,,,,,,,,,16-SEP-25 11.15.00.000000 PM,,,300,,,,,,,,,,,30569,,6117,16-Sep-25,6117,16-Sep-25,,,,,,,,,,,,,,,,,,,,,,,,,,
50840,,542,water,,200,,,,,,,,,16-SEP-25 10.30.00.000000 PM,,,,,,,,,,,,,,30569,,6117,16-Sep-25,6117,16-Sep-25,,,,,,,,,,,,,,,,,,,,,,,,,,
50841,,542,,,,,,,,,,,,17-SEP-25 01.00.00.000000 AM,,,300,,,,,,,,,,,30569,,6117,17-Sep-25,6117,17-Sep-25,21342,,,,,,,,,,,,,,,,,,,,,,,,,
50845,,542,,,,,,,,,,,,17-SEP-25 09.00.00.000000 AM,,,300,,,,,,,,,,,30569,,6117,17-Sep-25,6117,17-Sep-25,21342,,,,,,,,,,,,,,,,,,,,,,,,,
50846,,,5%D/S,,,500,,,,,,,,17-SEP-25 09.00.00.000000 AM,,,,,,,,,,,,,,30587,,4611,17-Sep-25,4611,17-Sep-25,21343,,,,,,,,,,,,,,,,,,,,,,,,,
50847,,,normal saline,,,500,,,,,,,,17-SEP-25 12.00.00.000000 PM,,,,,,,,,,,,,,30587,,4611,17-Sep-25,4611,17-Sep-25,,,,,,,,,,,,,,,,,,,,,,,,,,
50853,,542,normal saline,,,1000,,,,,,,,17-SEP-25 07.00.00.000000 PM,,,300,,,,,,,,,,,30177,,4512,17-Sep-25,4512,17-Sep-25,21150,,,,,,,,,,,,,,,,,,,,,,,,,
50884,,582,R/LACTATE,,,500,,,,,,,,20-SEP-25 01.30.00.000000 AM,,,,,,,,,,,,,,31619,,6111,20-Sep-25,6111,20-Sep-25,,,,,,,,,,,,,,,,,,,,,,,,,,
50896,,,normal saline,,,500,,,,,,,,22-SEP-25 07.45.00.000000 AM,,,,,,,,,,,,,,31641,,5759,22-Sep-25,5759,22-Sep-25,21849,,4 hourly,,,,,,,,,,,,,,,,,,,,,,,
50856,,,normal saline,,,300,,,,,,,,17-SEP-25 09.30.00.000000 PM,,,,,,,,,,,,,,30177,,5716,17-Sep-25,5716,17-Sep-25,,,,,,,,,,,,,,,,,,,,,,,,,,
50883,,582,normal saline,,,500,,,,,,,,20-SEP-25 01.15.00.000000 AM,,,,,,,,,,,,,,31619,,6111,20-Sep-25,6111,20-Sep-25,21808,,,,,,,,,,,,,,,,,,,,,,,,,
50897,,582,,,,,,,,,,,,22-SEP-25 08.15.00.000000 AM,,,300,,,,,,,,,,,31641,,5759,22-Sep-25,5759,22-Sep-25,,,,,,,,,,,,,,,,,,,,,,,,,,
50899,,582,Dextrose saline,,,500,,,,,,,,22-SEP-25 11.00.00.000000 AM,,,,,,,,,,,,,,31641,,6111,22-Sep-25,6111,22-Sep-25,21849,,,,,,,,,,,,,,,,,,,,,,,,,
50900,,582,water,,,,,,,,,,,22-SEP-25 11.30.00.000000 AM,,,200,,,,,,,,,,,31641,,6111,22-Sep-25,6111,22-Sep-25,,,,,,,,,,,,,,,,,,,,,,,,,,
50936,,582,water,,200,,,,,,,,,24-SEP-25 09.00.00.000000 AM,,,,,,,,,,,,,,31124,,6117,24-Sep-25,6117,24-Sep-25,22065,,,,,,,,,,,,,,,,,,,,,,,,,
50906,,542,5% D/s,,,500,,,,,,,,22-SEP-25 12.15.00.000000 PM,,,,,,,,,,,,,,31620,,6111,22-Sep-25,6111,22-Sep-25,21949,,,,,,,,,,,,,,,,,,,,,,,,,
50907,,582,water,,1500,,,,,,,,,22-SEP-25 03.00.00.000000 PM,,,300,,,,,,,,,,,31641,,4512,22-Sep-25,4512,22-Sep-25,21849,,,,,,,,,,,,,,,,,,,,,,,,,
50927,,,water,,500,,,,,,,,,23-SEP-25 10.30.00.000000 PM,,,400,,,,,,,,,,,31641,,5755,23-Sep-25,5755,23-Sep-25,,,,,,,,,,,,,,,,,,,,,,,,,,
50941,,582,,,,,,,,,,,,24-SEP-25 11.45.00.000000 AM,,,200,,,,,,,,,,,31641,,6117,24-Sep-25,6117,24-Sep-25,21849,,,,,,,,,,,,,,,,,,,,,,,,,
50942,,542,Tea and water,,,80,,,,,,,,24-SEP-25 09.30.00.000000 AM,,,,,,,,,,,,,,356,,5926,24-Sep-25,5926,24-Sep-25,22234,,,,,,,,,,,,,,,,,,,,,,,,,
50944,,582,flagyl,,,100,,,,,,,,24-SEP-25 02.00.00.000000 PM,,,,,,,,,,,,,,31839,,4625,24-Sep-25,4625,24-Sep-25,22285,,,,,,,,,,,,,,,,,,,,,,,,,
50945,,582,5% Dextrose saline,,,500,,,,,,,,24-SEP-25 02.15.00.000000 PM,,,,,,,,,,,,,,31839,,4625,24-Sep-25,4625,24-Sep-25,,,,,,,,,,,,,,,,,,,,,,,,,,
50946,,582,,,,,,,,,,,,24-SEP-25 12.45.00.000000 PM,,,200,,,,,,,,,,,31641,,5926,24-Sep-25,5926,24-Sep-25,21849,,,,,,,,,,,,,,,,,,,,,,,,,
50948,,582,normal saline,,,500,,,,,,,,24-SEP-25 01.45.00.000000 PM,,,,,,,,,,,,,,31641,,5926,24-Sep-25,5926,24-Sep-25,,,,,,,,,,,,,,,,,,,,,,,,,,
50950,,582,,,,,,,,,,,,24-SEP-25 02.15.00.000000 PM,,,,,,,,,,,,,,31124,,5926,24-Sep-25,5926,24-Sep-25,,,,,,,,,,,,,,,,,,,,,,,,,,
50953,,582,,,,,,,,,,,,24-SEP-25 03.30.00.000000 PM,,,300,,,,,,,,,,,31124,,5926,24-Sep-25,5926,24-Sep-25,22065,,,,,,,,,,,,,,,,,,,,,,,,,
50954,,582,,,,,,,,,,,,24-SEP-25 03.30.00.000000 PM,,,300,,,,,,,,,,,31124,,5926,24-Sep-25,5926,24-Sep-25,22065,,,,,,,,,,,,,,,,,,,,,,,,,
50955,,582,,,,,,,,,,,,24-SEP-25 03.30.00.000000 PM,,,300,,,,,,,,,,,31124,,5926,24-Sep-25,5926,24-Sep-25,22065,,,,,,,,,,,,,,,,,,,,,,,,,
50559,,,Ringer lactate,,,500,,,,,,,,03-AUG-25 11.30.00.000000 AM,,,,,,,,,,,,,,8496,,4651,3-Aug-25,4651,3-Aug-25,17449,,,,,,,,,,,,,,,,,,,,,,,,,
50563,,542,0.9% N/S (500mls),,,500,,,,,,,,04-AUG-25 11.00.00.000000 AM,,,300,,,,,,,,,,,8536,,4625,4-Aug-25,4625,4-Aug-25,17545,,,,,,,,,,,,,,,,,,,,,,,,,
50574,,582,5% D/s,,,1000,,,,,,,,05-AUG-25 01.00.00.000000 PM,,,,,,,,,,,,,,8664,,5014,5-Aug-25,5014,5-Aug-25,17716,,fast,,,,,,,,,,,,,,,,,,,,,,,
50575,,582,febramol,,,100,,,,,,,,05-AUG-25 02.00.00.000000 PM,,,,,,,,,,,,,,8664,,5014,5-Aug-25,5014,5-Aug-25,,,,,,,,,,,,,,,,,,,,,,,,,,
50601,,,normal saline,,,500,,,,,,,,26-AUG-25 09.00.00.000000 PM,,,,,,,,,,,,,,30104,,4950,26-Aug-25,4950,26-Aug-25,18740,,,,,,,,,,,,,,,,,,,,,,,,,
50602,,542,,,,,,,,,,,,26-AUG-25 05.45.00.000000 PM,,,200,,,,,,,,,,,30104,,4950,26-Aug-25,4950,26-Aug-25,,,,,,,,,,,,,,,,,,,,,,,,,,
50606,,542,normal saline,,,500,,,,,,,,27-AUG-25 05.00.00.000000 AM,,,,,,,,,,,,,,30104,,4950,27-Aug-25,4950,27-Aug-25,,,,,,,,,,,,,,,,,,,,,,,,,,
50609,,542,5% Dextrose saline,,,500,,,,,,,,29-AUG-25 08.30.00.000000 AM,,,,,,,,,,,,,,30212,,4601,29-Aug-25,4601,29-Aug-25,18931,,,,,,,,,,,,,,,,,,,,,,,,,
50643,,,water and tea,,200,,,,,,,,,02-SEP-25 09.00.00.000000 AM,,,,,,,,,,,,,,30284,,5716,2-Sep-25,5716,2-Sep-25,,,,,,,,,,,,,,,,,,,,,,,,,,
50645,,,,,,,,,,,,,,02-SEP-25 01.15.00.000000 PM,,,200,,,,,,,,,,,30284,,5716,2-Sep-25,5716,2-Sep-25,,,,,,,,,,,,,,,,,,,,,,,,,,
50646,,,,,,,,,,,,,,02-SEP-25 11.30.00.000000 AM,,,100,,,,,,,,,,,30284,,5716,2-Sep-25,5716,2-Sep-25,,,,,,,,,,,,,,,,,,,,,,,,,,
50657,,582,febramol,,,100,,,,,,,,06-SEP-25 09.15.00.000000 PM,,,,,,,,,,,,,,30650,,5989,6-Sep-25,5989,6-Sep-25,19874,,,,,,,,,,,,,,,,,,,,,,,,,
50658,,582,Normal saline,,,500,,,,,,,,06-SEP-25 09.30.00.000000 PM,,,,,,,,,,,,,,30650,,5989,6-Sep-25,5989,6-Sep-25,,,,,,,,,,,,,,,,,,,,,,,,,,
50672,,582,,,,,,,,,,,,07-SEP-25 06.30.00.000000 PM,,,300,,,,,,,,,,,30667,,6068,7-Sep-25,6068,7-Sep-25,,,,,,,,,,,,,,,,,,,,,,,,,,
50686,,,5% D saline/BCO,,,500,,,,,,,,08-SEP-25 08.30.00.000000 AM,,,,,,,,,,,,,,30667,,5755,8-Sep-25,5755,8-Sep-25,19897,,,,,,,,,,,,,,,,,,,,,,,,,
50693,,582,0.9% n/saline ,,,1000,,,,,,,,08-SEP-25 05.00.00.000000 PM,,,,,,,,,,,,,,30669,,4650,8-Sep-25,4650,8-Sep-25,20127,,,,,,,,,,,,,,,,,,,,,,,,,
50694,,582,5% D/s,,,500,,,,,,,,08-SEP-25 06.00.00.000000 PM,,,400,,,,,,,,,,,30669,,4650,8-Sep-25,4650,8-Sep-25,20127,,,,,,,,,,,,,,,,,,,,,,,,,
50695,,582,,,,,,,,,,,,08-SEP-25 08.00.00.000000 PM,,,500,,,,,,,,,,,30669,,4650,8-Sep-25,4650,8-Sep-25,,,,,,,,,,,,,,,,,,,,,,,,,,
50696,,582,normal saline,,,100,,,,,,,,08-SEP-25 11.30.00.000000 PM,,,,,,,,,,,,,,30669,,4650,8-Sep-25,4650,8-Sep-25,,,,,,,,,,,,,,,,,,,,,,,,,,
50697,,582,,,,,,,,,,,,08-SEP-25 08.00.00.000000 PM,,,300,,,,,,,,,,,30667,,4650,8-Sep-25,4650,8-Sep-25,19897,,,,,,,,,,,,,,,,,,,,,,,,,
50698,,582,,,,,,,,,,,,08-SEP-25 10.00.00.000000 PM,,,300,,,,,,,,,,,30667,,4650,8-Sep-25,4650,8-Sep-25,19897,,,,,,,,,,,,,,,,,,,,,,,,,
50699,,582,,,,,,,,,,,,08-SEP-25 11.30.00.000000 PM,,,300,,,,,,,,,,,30667,,4650,8-Sep-25,4650,8-Sep-25,19897,,,,,,,,,,,,,,,,,,,,,,,,,
50700,,582,flagyl,,,50,,,,,,,,08-SEP-25 05.30.00.000000 PM,,,,,,,,,,,,,,30667,,4650,8-Sep-25,4650,8-Sep-25,,,,,,,,,,,,,,,,,,,,,,,,,,
50701,,582,IV LEVOFLOXACIN,,,100,,,,,,,,08-SEP-25 06.00.00.000000 PM,,,,,,,,,,,,,,30667,,4650,8-Sep-25,4650,8-Sep-25,,,,,,,,,,,,,,,,,,,,,,,,,,
50702,,582,normal saline,,,500,,,,,,,,09-SEP-25 12.45.00.000000 AM,,,,,,,,,,,,,,30667,,4650,9-Sep-25,4650,9-Sep-25,19897,,,,,,,,,,,,,,,,,,,,,,,,,
50703,,582,normal saline,,,400,,,,,,,,09-SEP-25 12.00.00.000000 AM,,,,,,,,,,,,,,30669,,4650,9-Sep-25,4650,9-Sep-25,,,Brought forward,,,,,,,,,,,,,,,,,,,,,,,
50704,,582,febramol,,,100,,,,,,,,09-SEP-25 03.00.00.000000 AM,,,,,,,,,,,,,,30669,,4650,9-Sep-25,4650,9-Sep-25,,,,,,,,,,,,,,,,,,,,,,,,,,
50705,,582,5% D/s,,,500,,,,,,,,09-SEP-25 05.00.00.000000 AM,,,,,,,,,,,,,,30669,,4650,9-Sep-25,4650,9-Sep-25,,,,,,,,,,,,,,,,,,,,,,,,,,
50706,,582,,,,,,,,,,,,09-SEP-25 06.00.00.000000 AM,,,500,,,,,,,,,,,30669,,4650,9-Sep-25,4650,9-Sep-25,20127,,,,,,,,,,,,,,,,,,,,,,,,,
50707,,582,flagyl,,,50,,,,,,,,09-SEP-25 02.00.00.000000 AM,,,,,,,,,,,,,,30667,,4650,9-Sep-25,4650,9-Sep-25,19897,,,,,,,,,,,,,,,,,,,,,,,,,
50708,,582,febramol,,,100,,,,,,,,09-SEP-25 03.00.00.000000 AM,,,,,,,,,,,,,,30667,,4650,9-Sep-25,4650,9-Sep-25,19897,,,,,,,,,,,,,,,,,,,,,,,,,
50709,,582,5% D/s,,,500,,,,,,,,09-SEP-25 06.00.00.000000 AM,,,1000,,,,,,,,,,,30667,,4650,9-Sep-25,4650,9-Sep-25,,,,,,,,,,,,,,,,,,,,,,,,,,
50723,,582,water,,200,,,,,,,,,09-SEP-25 07.00.00.000000 PM,,,,,,,,,,,,,,30669,,6117,9-Sep-25,6117,9-Sep-25,,,,,,,,,,,,,,,,,,,,,,,,,,
50721,,582,febramol,,,1000,,,,,,,,09-SEP-25 08.00.00.000000 PM,,,,,,,,,,,,,,30669,,6117,9-Sep-25,6117,9-Sep-25,20127,,,,,,,,,,,,,,,,,,,,,,,,,
50724,,542,Tea,,200,,,,,,,,,09-SEP-25 08.00.00.000000 PM,,,,,,,,,,,,,,30679,,6117,9-Sep-25,6117,9-Sep-25,19913,,,,,,,,,,,,,,,,,,,,,,,,,
50741,,542,N/S(theater),,,3000,,,,,,,,17-SEP-25 12.00.00.000000 PM,,,,,,,,,,,,,,8855,,4950,10-Sep-25,4950,10-Sep-25,20320,,,,,,,,,,,,,,,,,,,,,,,,,
50743,,542,IV FLAGYL,,,100,,,,,,,,17-SEP-25 01.00.00.000000 PM,,,,,,,,,,,,,,8855,,4950,10-Sep-25,4950,10-Sep-25,,,,,,,,,,,,,,,,,,,,,,,,,,
50747,,,Normal saline + oxy,,,540,,,,,,,,10-SEP-25 06.30.00.000000 PM,,,400,,,,,,,,,,,8855,,4651,10-Sep-25,4651,10-Sep-25,20320,,,,,,,,,,,,,,,,,,,,,,,,,
50748,,,0.9% normal saline,,,500,,,,,,,,10-SEP-25 07.00.00.000000 PM,,,,,,,,,,,,,,30963,,6117,10-Sep-25,6117,10-Sep-25,20448,,,,,,,,,,,,,,,,,,,,,,,,,
50754,,,,,,,,,,,,,,10-SEP-25 10.00.00.000000 PM,,,500,,,,,,,,,,,30963,,4953,10-Sep-25,4953,10-Sep-25,,,,,,,,,,,,,,,,,,,,,,,,,,
50771,,,,,,,,,,,,,,11-SEP-25 06.00.00.000000 AM,,,600,,,,,,,,,,,30963,,4953,11-Sep-25,4953,11-Sep-25,,,,,,,,,,,,,,,,,,,,,,,,,,
50779,,,5% Dextrose saline,,,500,,,,,,,,11-SEP-25 06.00.00.000000 AM,,,,,,,,,,,,,,8785,,4651,11-Sep-25,4651,11-Sep-25,,,,,,,,,,,,,,,,,,,,,,,,,,
50781,,,flagyl,,,100,,,,,,,,11-SEP-25 05.00.00.000000 AM,,,,,,,,,,,,,,8785,,4651,11-Sep-25,4651,11-Sep-25,,,,,,,,,,,,,,,,,,,,,,,,,,
50791,,,5% Dextrose saline,,,300,,,,,,,,12-SEP-25 12.15.00.000000 AM,,,,,,,,,,,,,,30963,,6111,12-Sep-25,6111,12-Sep-25,20752,,,,,,,,,,,,,,,,,,,,,,,,,
50815,,542,normal saline,,,500,,,,,,,,15-SEP-25 01.00.00.000000 PM,,,300,,,,,,,,,,,30569,,5926,15-Sep-25,5926,15-Sep-25,20934,,,,,,,,,,,,,,,,,,,,,,,,,
50817,,542,,,,,,,,,,,,15-SEP-25 08.00.00.000000 PM,,,200,,,,,,,,,,,30569,,6068,15-Sep-25,6068,15-Sep-25,20934,,,,,,,,,,,,,,,,,,,,,,,,,
50818,,542,water,,250,,,,,,,,,15-SEP-25 08.30.00.000000 PM,,,,,,,,,,,,,,30569,,6068,15-Sep-25,6068,15-Sep-25,,,,,,,,,,,,,,,,,,,,,,,,,,
50822,,542,,,,,,,,,,,,16-SEP-25 12.00.00.000000 AM,,,200,,,,,,,,,,,30569,,6068,16-Sep-25,6068,16-Sep-25,20934,,,,,,,,,,,,,,,,,,,,,,,,,
50823,,542,,,,,,,,,,,,16-SEP-25 02.30.00.000000 AM,,,100,,,,,,,,,,,30569,,6068,16-Sep-25,6068,16-Sep-25,,,,,,,,,,,,,,,,,,,,,,,,,,
50824,,542,,,,,,,,,,,,16-SEP-25 06.00.00.000000 AM,,,200,,,,,,,,,,,30569,,6068,16-Sep-25,6068,16-Sep-25,,,,,,,,,,,,,,,,,,,,,,,,,,
50843,,542,,,,,,,,,,,,17-SEP-25 05.45.00.000000 AM,,,300,,,,,,,,,,,30569,,6117,17-Sep-25,6117,17-Sep-25,21342,,,,,,,,,,,,,,,,,,,,,,,,,
50844,,542,normal saline,,,500,,,,,,,,17-SEP-25 05.45.00.000000 AM,,,,,,,,,,,,,,30569,,6117,17-Sep-25,6117,17-Sep-25,,,,,,,,,,,,,,,,,,,,,,,,,,
50863,,,normal saline,,,2000,,,,,,,,18-SEP-25 03.00.00.000000 PM,,,,,,,,,,,,,,31194,,6092,18-Sep-25,6092,18-Sep-25,21412,,,,,,,,,,,,,,,,,,,,,,,,,
50864,,,flagyl,,,100,,,,,,,,18-SEP-25 07.00.00.000000 PM,,,,,,,,,,,,,,31194,,6092,18-Sep-25,6092,18-Sep-25,,,,,,,,,,,,,,,,,,,,,,,,,,
50865,,,5% D/s,,,500,,,,,,,,18-SEP-25 07.15.00.000000 PM,,,,,,,,,,,,,,31194,,6092,18-Sep-25,6092,18-Sep-25,,,,,,,,,,,,,,,,,,,,,,,,,,
50866,,,,,,,,,,,,,,18-SEP-25 06.45.00.000000 PM,,,400,,,,,,,,,,,31194,,6092,18-Sep-25,6092,18-Sep-25,,,,,,,,,,,,,,,,,,,,,,,,,,
50867,,,,,,,,,,,,,,18-SEP-25 06.00.00.000000 PM,,,200,,,,,,,,,,,30177,,5716,18-Sep-25,5716,18-Sep-25,21150,,,,,,,,,,,,,,,,,,,,,,,,,
50869,,,,,,,,,,,,,,18-SEP-25 08.00.00.000000 PM,,,300,,,,,,,,,,,30177,,5716,18-Sep-25,5716,18-Sep-25,,,,,,,,,,,,,,,,,,,,,,,,,,
50922,,582,0.9% normal saline,,500,500,,,,,,,,30-SEP-25 08.00.00.000000 PM,,,500,,,,,,,,,,,31641,,5755,23-Sep-25,5755,23-Sep-25,21849,,,,,,,,,,,,,,,,,,,,,,,,,
50926,,,,,,,,,,,,,,23-SEP-25 09.30.00.000000 PM,,,400,,,,,,,,,,,31641,,5755,23-Sep-25,5755,23-Sep-25,,,,,,,,,,,,,,,,,,,,,,,,,,
50928,,,5% dextrose saline,,200,500,,,,,,,,23-SEP-25 10.00.00.000000 PM,,,500,,,,,,,,,,,31124,,5755,23-Sep-25,5755,23-Sep-25,22065,,,,,,,,,,,,,,,,,,,,,,,,,
50929,,,,,,,,,,,,,,23-SEP-25 10.30.00.000000 PM,,,400,,,,,,,,,,,31124,,5755,23-Sep-25,5755,23-Sep-25,,,,,,,,,,,,,,,,,,,,,,,,,,
50930,,,,,,,,,,,,,,23-SEP-25 11.30.00.000000 PM,,,500,,,,,,,,,,,31124,,5755,23-Sep-25,5755,23-Sep-25,,,,,,,,,,,,,,,,,,,,,,,,,,
50933,,,5%D/S,,300,500,,,,,,,,24-SEP-25 12.00.00.000000 AM,,,400,,,,,,,,,,,31124,,5755,24-Sep-25,5755,24-Sep-25,,,,,,,,,,,,,,,,,,,,,,,,,,
50934,,,5%D/S,,,500,,,,,,,,24-SEP-25 12.00.00.000000 AM,,,300,,,,,,,,,,,31641,,5755,24-Sep-25,5755,24-Sep-25,,,,,,,,,,,,,,,,,,,,,,,,,,
50938,,542,normal saline,,,500,,,,,,,,24-SEP-25 10.15.00.000000 AM,,,,,,,,,,,,,,31839,,4611,24-Sep-25,4611,24-Sep-25,22285,,FAST,,,,,,,,,,,,,,,,,,,,,,,
50943,,542,5% Dextrose saline,,,500,,,,,,,,24-SEP-25 01.00.00.000000 PM,,,,,,,,,,,,,,31839,,4625,24-Sep-25,4625,24-Sep-25,22285,,,,,,,,,,,,,,,,,,,,,,,,,
50947,,582,water,,200,,,,,,,,,24-SEP-25 01.00.00.000000 PM,,,,,,,,,,,,,,31641,,5926,24-Sep-25,5926,24-Sep-25,,,,,,,,,,,,,,,,,,,,,,,,,,
50952,,542,water,,,50,,,,,,,,24-SEP-25 02.30.00.000000 PM,,,110,,,,,,,,,,,356,,5926,24-Sep-25,5926,24-Sep-25,22234,,,,,,,,,,,,,,,,,,,,,,,,,
50956,,582,,,,,,,,,,,,24-SEP-25 03.30.00.000000 PM,,,300,,,,,,,,,,,31124,,5926,24-Sep-25,5926,24-Sep-25,22065,,,,,,,,,,,,,,,,,,,,,,,,,
50957,,582,5% Dextrose saline,,,500,,,,,,,,24-SEP-25 03.30.00.000000 PM,,,,,,,,,,,,,,31839,,4625,24-Sep-25,4625,24-Sep-25,22285,,,,,,,,,,,,,,,,,,,,,,,,,
50959,,,IV FLAGYL,,,100,,,,,,,,24-SEP-25 03.45.00.000000 PM,,,,,,,,,,,,,,30172,,4611,24-Sep-25,4611,24-Sep-25,,,,,,,,,,,,,,,,,,,,,,,,,,
50961,,,5% D/s,,,500,,,,,,,,24-SEP-25 08.00.00.000000 PM,,,,,,,,,,,,,,31839,,4643,24-Sep-25,4643,24-Sep-25,22285,,,,,,,,,,,,,,,,,,,,,,,,,
50963,,,flagyl,,,100,,,,,,,,24-SEP-25 10.00.00.000000 PM,,,,,,,,,,,,,,31839,,4643,24-Sep-25,4643,24-Sep-25,,,,,,,,,,,,,,,,,,,,,,,,,,
50965,,,0.9% normal saline,,,500,,,,,,,,01-OCT-25 09.00.00.000000 PM,,,,,,,,,,,,,,30172,,4633,24-Sep-25,4633,24-Sep-25,,,,,,,,,,,,,,,,,,,,,,,,,,
50974,,,0.9% normal saline,,,3000,,,,,,,,01-OCT-25 03.00.00.000000 PM,,,600,,,,,,,,,,,30172,,4633,25-Sep-25,4633,25-Sep-25,22343,,,,,,,,,,,,,,,,,,,,,,,,,
50975,,542,normal saline,,,500,,,,,,,,25-SEP-25 12.00.00.000000 AM,,,,,,,,,,,,,,30172,,4633,25-Sep-25,4633,25-Sep-25,,,,,,,,,,,,,,,,,,,,,,,,,,
50976,,,5% Dextrose saline,,,500,,,,,,,,25-SEP-25 04.00.00.000000 AM,,,,,,,,,,,,,,30172,,4633,25-Sep-25,4633,25-Sep-25,22343,,,,,,,,,,,,,,,,,,,,,,,,,
50977,,,,,,,,,,,,,,25-SEP-25 06.00.00.000000 AM,,,600,,,,,,,,,,,30172,,4633,25-Sep-25,4633,25-Sep-25,,,,,,,,,,,,,,,,,,,,,,,,,,
50978,,,febramol,,,100,,,,,,,,25-SEP-25 06.00.00.000000 AM,,,,,,,,,,,,,,30172,,4633,25-Sep-25,4633,25-Sep-25,,,,,,,,,,,,,,,,,,,,,,,,,,
50979,,,flagyl,,,100,,,,,,,,25-SEP-25 06.15.00.000000 AM,,,,,,,,,,,,,,30172,,4633,25-Sep-25,4633,25-Sep-25,,,,,,,,,,,,,,,,,,,,,,,,,,
50568,,542,ringers lactate,,,500,,,,,,,,04-AUG-25 01.00.00.000000 PM,,,,,,,,,,,,,,8496,,5014,4-Aug-25,5014,4-Aug-25,,,,,,,,,,,,,,,,,,,,,,,,,,
50572,,,,,,,,,,,,,,04-AUG-25 08.45.00.000000 PM,,,200,,,,,,,,,,,8496,,5501,4-Aug-25,5501,4-Aug-25,17449,,,,,,,,,,,,,,,,,,,,,,,,,
50576,,542,normal saline,,,500,,,,,,,,05-AUG-25 03.30.00.000000 PM,,,,,,,,,,,,,,8664,,5014,5-Aug-25,5014,5-Aug-25,17716,,,,,,,,,,,,,,,,,,,,,,,,,
50580,,542,water,,200,,,,,,,,,06-AUG-25 11.30.00.000000 AM,,,300,,,,,,,,,,,8714,,5079,6-Aug-25,5079,6-Aug-25,17807,,,,,,,,,,,,,,,,,,,,,,,,,
50583,,582,5% Dextrose saline,,,500,,,,,,,,07-AUG-25 11.30.00.000000 PM,,,,,,,,,,,,,,8838,,4950,7-Aug-25,4950,7-Aug-25,18004,,,,,,,,,,,,,,,,,,,,,,,,,
50635,,582,5% D/s,,,500,,,,,,,,01-SEP-25 11.00.00.000000 AM,,,,,,,,,,,,,,30284,,5079,1-Sep-25,5079,1-Sep-25,19081,,,,,,,,,,,,,,,,,,,,,,,,,
50586,,582,febramol,,,100,,,,,,,,07-AUG-25 09.00.00.000000 PM,,,150,,,,,,,,,,,8838,,4950,7-Aug-25,4950,7-Aug-25,,,,,,,,,,,,,,,,,,,,,,,,,,
50588,,582,ciprofloxacin ,,,100,,,,,,,,07-AUG-25 09.00.00.000000 PM,,,150,,,,,,,,,,,8838,,4950,7-Aug-25,4950,7-Aug-25,,,,,,,,,,,,,,,,,,,,,,,,,,
50589,,582,normal saline,,,200,,,,,,,,07-AUG-25 11.45.00.000000 PM,,,,,,,,,,,,,,8838,,4950,7-Aug-25,4950,7-Aug-25,18004,,,,,,,,,,,,,,,,,,,,,,,,,
50615,,582,Normal Saline,,,500,,,,,,,,31-AUG-25 03.15.00.000000 PM,,,,150,,,,,,,,,,30282,,4933,31-Aug-25,4933,31-Aug-25,19079,,,,,,,,,,,,,,,,,,,,,,,,,
50636,,582,5% Dextrose saline,,,500,,,,,,,,01-SEP-25 07.30.00.000000 PM,,,300,,,,,,,,,,,30284,,5755,1-Sep-25,5755,1-Sep-25,19081,,,,,,,,,,,,,,,,,,,,,,,,,
50637,,582,water,,100,,,,,,,,,01-SEP-25 08.00.00.000000 PM,,,,,,,,,,,,,,30284,,5755,1-Sep-25,5755,1-Sep-25,,,,,,,,,,,,,,,,,,,,,,,,,,
50640,,582,,,,,,,,,,,,01-SEP-25 10.00.00.000000 PM,,,150,,,,,,,,,,,30284,,5755,1-Sep-25,5755,1-Sep-25,,,,,,,,,,,,,,,,,,,,,,,,,,
50650,,582,normal saline,,,500,,,,,,,,04-SEP-25 07.00.00.000000 AM,,,,,,,,,,,,,,30520,,6068,4-Sep-25,6068,4-Sep-25,19501,,,,,,,,,,,,,,,,,,,,,,,,,
50651,,582,water,,,100,,,,,,,,04-SEP-25 07.30.00.000000 AM,,,,,,,,,,,,,,30520,,6068,4-Sep-25,6068,4-Sep-25,,,,,,,,,,,,,,,,,,,,,,,,,,
50652,,582,water,,,150,,,,,,,,04-SEP-25 12.00.00.000000 PM,,,,,,,,,,,,,,30520,,6068,4-Sep-25,6068,4-Sep-25,,,,,,,,,,,,,,,,,,,,,,,,,,
50653,,582,normal saline,,,500,,,,,,,,04-SEP-25 01.00.00.000000 PM,,,,,,,,,,,,,,30520,,6068,4-Sep-25,6068,4-Sep-25,,,,,,,,,,,,,,,,,,,,,,,,,,
50669,,582,febramol,,,100,,,,,,,,07-SEP-25 07.45.00.000000 PM,,,,,,,,,,,,,,30667,,6068,7-Sep-25,6068,7-Sep-25,19897,,,,,,,,,,,,,,,,,,,,,,,,,
50670,,582,,,,,,,,,,,,07-SEP-25 09.00.00.000000 PM,,,300,,,,,,,,,,,30667,,6068,7-Sep-25,6068,7-Sep-25,19897,,,,,,,,,,,,,,,,,,,,,,,,,
50673,,582,,,,,,,,,,,,07-SEP-25 08.00.00.000000 PM,,,200,,,,,,,,,,,30650,,6068,7-Sep-25,6068,7-Sep-25,19911,,,,,,,,,,,,,,,,,,,,,,,,,
50674,,582,water,,,200,,,,,,,,07-SEP-25 09.00.00.000000 PM,,,,,,,,,,,,,,30650,,6068,7-Sep-25,6068,7-Sep-25,,,,,,,,,,,,,,,,,,,,,,,,,,
50675,,582,5% dextrose saline,,,500,,,,,,,,07-SEP-25 09.30.00.000000 PM,,,,,,,,,,,,,,30650,,6068,7-Sep-25,6068,7-Sep-25,,,,,,,,,,,,,,,,,,,,,,,,,,
50677,,582,,,,,,,,,,,,07-SEP-25 10.00.00.000000 PM,,,400,,,,,,,,,,,30667,,6068,7-Sep-25,6068,7-Sep-25,,,,,,,,,,,,,,,,,,,,,,,,,,
50688,,,,,,,,,,,,,,08-SEP-25 10.00.00.000000 AM,,,300,70,,,,,,,,,,30667,,5755,8-Sep-25,5755,8-Sep-25,,,,,,,,,,,,,,,,,,,,,,,,,,
50690,,582,0.9% normal saline,,,1000,,,,,,,,15-SEP-25 05.00.00.000000 PM,,,,,,,,,,,,,,30669,,4650,8-Sep-25,4650,8-Sep-25,20127,,,,,,,,,,,,,,,,,,,,,,,,,
50711,,,20% mannitol,,,250,,,,,,,,09-SEP-25 10.15.00.000000 AM,,,,,,,,,,,,,,30667,,4611,9-Sep-25,4611,9-Sep-25,19897,,over 30minutes,,,,,,,,,,,,,,,,,,,,,,,
50713,,,normal saline,,,500,,,,,,,,09-SEP-25 02.00.00.000000 PM,,,400,,,,,,,,,,,30669,,4643,9-Sep-25,4643,9-Sep-25,20127,,,,,,,,,,,,,,,,,,,,,,,,,
50720,,542,water,,200,,,,,,,,,09-SEP-25 06.45.00.000000 PM,,,,,,,,,,,,,,30679,,6117,9-Sep-25,6117,9-Sep-25,19913,,,,,,,,,,,,,,,,,,,,,,,,,
50722,,582,,,,,,,,,,,,09-SEP-25 07.15.00.000000 PM,,,200,,,,,,,,,,,30669,,6117,9-Sep-25,6117,9-Sep-25,,,,,,,,,,,,,,,,,,,,,,,,,,
50725,,582,5% D/s,,,500,,,,,,,,09-SEP-25 09.45.00.000000 PM,,,,,,,,,,,,,,30669,,6117,9-Sep-25,6117,9-Sep-25,20127,,,,,,,,,,,,,,,,,,,,,,,,,
50736,,582,normal saline,,,500,,,,,,,,10-SEP-25 06.45.00.000000 AM,,,,,,,,,,,,,,30669,,6117,10-Sep-25,6117,10-Sep-25,20127,,,,,,,,,,,,,,,,,,,,,,,,,
50739,,582,normal saline,,,500,,,,,,,,10-SEP-25 12.00.00.000000 PM,,,200,,,,,,,,,,,30885,,5926,10-Sep-25,5926,10-Sep-25,20325,,,,,,,,,,,,,,,,,,,,,,,,,
50749,,,0.9% normal saline,,,500,,,,,,,,10-SEP-25 07.30.00.000000 PM,,,,,,,,,,,,,,30963,,6117,10-Sep-25,6117,10-Sep-25,,,,,,,,,,,,,,,,,,,,,,,,,,
50751,,,water,,500,,,,,,,,,10-SEP-25 07.45.00.000000 PM,,,,,,,,,,,,,,30963,,4953,10-Sep-25,4953,10-Sep-25,,,,,,,,,,,,,,,,,,,,,,,,,,
50755,,,,,,,,,,,,,,10-SEP-25 08.00.00.000000 PM,,,500,,,,,,,,,,,30963,,4953,10-Sep-25,4953,10-Sep-25,,,,,,,,,,,,,,,,,,,,,,,,,,
50756,,,,,,,,,,,,,,10-SEP-25 10.00.00.000000 PM,,,400,,,,,,,,,,,30963,,4953,10-Sep-25,4953,10-Sep-25,,,,,,,,,,,,,,,,,,,,,,,,,,
50774,,,5% D/s,,,500,,,,,,,,11-SEP-25 07.00.00.000000 AM,,,200,,,,,,,,,,,30977,,4953,11-Sep-25,4953,11-Sep-25,20465,,,,,,,,,,,,,,,,,,,,,,,,,
50782,,542,5% dextrose saline,,,500,,,,,,,,11-SEP-25 11.00.00.000000 AM,,,,,,,,,,,,,,8855,,4950,11-Sep-25,4950,11-Sep-25,20464,,,,,,,,,,,,,,,,,,,,,,,,,
50783,,542,normal saline,,,500,,,,,,,,11-SEP-25 03.00.00.000000 PM,,,,,,,,,,,,,,8855,,4950,11-Sep-25,4950,11-Sep-25,,,,,,,,,,,,,,,,,,,,,,,,,,
50798,,542,5% dex in 1/2 saline,,,500,,,,,,,,13-SEP-25 08.00.00.000000 AM,,,,,,,,,,,,,,31156,,5990,13-Sep-25,5990,13-Sep-25,,,,,,,,,,,,,,,,,,,,,,,,,,
50803,,,Normal saline + oxy,,,500,,,,,,,,13-SEP-25 07.00.00.000000 PM,,,800,,,,,,,,,,,30577,,4643,13-Sep-25,4643,13-Sep-25,20910,,,,,,,,,,,,,,,,,,,,,,,,,
50804,,,5% Dextrose saline,,,500,,,,,,,,13-SEP-25 11.30.00.000000 PM,,,,,,,,,,,,,,30577,,4643,13-Sep-25,4643,13-Sep-25,20910,,,,,,,,,,,,,,,,,,,,,,,,,
50805,,,Normal saline + oxy,,,300,,,,,,,,13-SEP-25 04.10.00.000000 PM,,,,,,,,,,,,,,30577,,4643,13-Sep-25,4643,13-Sep-25,,,,,,,,,,,,,,,,,,,,,,,,,,
50816,,542,,,,,,,,,,,,15-SEP-25 04.30.00.000000 PM,,,200,,,,,,,,,,,30569,,6068,15-Sep-25,6068,15-Sep-25,20934,,,,,,,,,,,,,,,,,,,,,,,,,
50819,,542,normal saline,,,500,,,,,,,,15-SEP-25 10.00.00.000000 PM,,,,,,,,,,,,,,30569,,6068,15-Sep-25,6068,15-Sep-25,,,,,,,,,,,,,,,,,,,,,,,,,,
50820,,542,water,,200,,,,,,,,,15-SEP-25 10.00.00.000000 PM,,,,,,,,,,,,,,30569,,6068,15-Sep-25,6068,15-Sep-25,20934,,,,,,,,,,,,,,,,,,,,,,,,,
50821,,542,,,,,,,,,,,,15-SEP-25 11.00.00.000000 PM,,,100,,,,,,,,,,,30569,,6068,15-Sep-25,6068,15-Sep-25,,,,,,,,,,,,,,,,,,,,,,,,,,
50825,,542,normal saline,,,400,,,,,,,,16-SEP-25 08.30.00.000000 AM,,,,,,,,,,,,,,30569,,6068,16-Sep-25,6068,16-Sep-25,20934,,,,,,,,,,,,,,,,,,,,,,,,,
50837,,542,water,,300,,,,,,,,,16-SEP-25 06.15.00.000000 PM,,,,,,,,,,,,,,30569,,6117,16-Sep-25,6117,16-Sep-25,,,,,,,,,,,,,,,,,,,,,,,,,,
50849,,,water,,100,,,,,,,,,17-SEP-25 01.00.00.000000 PM,,,,,,,,,,,,,,30587,,4611,17-Sep-25,4611,17-Sep-25,21343,,,,,,,,,,,,,,,,,,,,,,,,,
50850,,,,,,,,,,,,,,17-SEP-25 11.15.00.000000 AM,,,700,,,,,,,,,,,30587,,4611,17-Sep-25,4611,17-Sep-25,,,,,,,,,,,,,,,,,,,,,,,,,,
50858,,,water,,100,,,,,,,,,18-SEP-25 10.45.00.000000 AM,,,150,,,,,,,,,,,8848,,4611,18-Sep-25,4611,18-Sep-25,21498,,catheter discontinue,,,,,,,,,,,,,,,,,,,,,,,
50862,,542,8%D/W in 1/5th salin,,,180,,,,,,,,18-SEP-25 04.00.00.000000 PM,,,,,,,,,,,,,,31429,,5990,18-Sep-25,5990,18-Sep-25,21404,,,,,,,,,,,,,,,,,,,,,,,,,
50898,,582,water,,200,,,,,,,,,22-SEP-25 10.30.00.000000 AM,,,,,,,,,,,,,,31641,,6111,22-Sep-25,6111,22-Sep-25,21849,,,,,,,,,,,,,,,,,,,,,,,,,
50913,,542,5% D/s,,,500,,,,,,,,23-SEP-25 08.00.00.000000 AM,,,100,,,,,,,,,,,31620,,5482,23-Sep-25,5482,23-Sep-25,21949,,to run for 8hours,,,,,,,,,,,,,,,,,,,,,,,
50914,,582,5% D/s,,,500,,,,,,,,23-SEP-25 08.00.00.000000 AM,,,,,,,,,,,,,,31641,,5482,23-Sep-25,5482,23-Sep-25,21849,,to run for 4hrs,,,,,,,,,,,,,,,,,,,,,,,
50916,,,,,,,,,,,,,,30-SEP-25 01.00.00.000000 PM,,,200,,,,,,,,,,,31798,,4953,23-Sep-25,4953,23-Sep-25,22173,,conc,,,,,,,,,,,,,,,,,,,,,,,
50917,,,,,,,,,,,,,,30-SEP-25 02.30.00.000000 PM,,,200,,,,,,,,,,,31798,,4953,23-Sep-25,4953,23-Sep-25,,,,,,,,,,,,,,,,,,,,,,,,,,
50918,,,,,,,,,,,,,,30-SEP-25 04.00.00.000000 PM,,,300,,,,,,,,,,,31798,,4953,23-Sep-25,4953,23-Sep-25,,,conc,,,,,,,,,,,,,,,,,,,,,,,
50923,,582,0.9% normal saline,,500,500,,,,,,,,30-SEP-25 08.00.00.000000 PM,,,500,,,,,,,,,,,31641,,5755,23-Sep-25,5755,23-Sep-25,21849,,,,,,,,,,,,,,,,,,,,,,,,,
50931,,,water,,300,,,,,,,,,30-SEP-25 11.15.00.000000 PM,,,400,,,,,,,,,,,31124,,5755,23-Sep-25,5755,23-Sep-25,22065,,,,,,,,,,,,,,,,,,,,,,,,,
50935,,,Tea and water,,50,,,,,,,,,24-SEP-25 06.00.00.000000 AM,,,200,,,,,,,,,,,356,,4633,24-Sep-25,4633,24-Sep-25,22234,,,,,,,,,,,,,,,,,,,,,,,,,
50939,,542,normal saline,,,500,,,,,,,,24-SEP-25 10.45.00.000000 AM,,,,,,,,,,,,,,31839,,4611,24-Sep-25,4611,24-Sep-25,,,FAST,,,,,,,,,,,,,,,,,,,,,,,
50949,,582,,,,,,,,,,,,24-SEP-25 01.45.00.000000 PM,,,300,,,,,,,,,,,31124,,5926,24-Sep-25,5926,24-Sep-25,22065,,,,,,,,,,,,,,,,,,,,,,,,,
50951,,542,normal saline,,,500,,,,,,,,24-SEP-25 02.30.00.000000 PM,,,,,,,,,,,,,,31839,,4625,24-Sep-25,4625,24-Sep-25,22285,,nil urinary output yet,,,,,,,,,,,,,,,,,,,,,,,
50964,,,D/S 500ML+40i.uoxyt,,,500,,,,,,,,01-OCT-25 08.00.00.000000 PM,,,,,,,,,,,,,,30172,,4633,24-Sep-25,4633,24-Sep-25,,,,,,,,,,,,,,,,,,,,,,,,,,
50966,,,IV FLAGYL,,,100,,,,,,,,01-OCT-25 10.00.00.000000 PM,,,,,,,,,,,,,,30172,,4633,24-Sep-25,4633,24-Sep-25,,,,,,,,,,,,,,,,,,,,,,,,,,
50967,,,febramol,,,100,,,,,,,,01-OCT-25 10.15.00.000000 PM,,,,,,,,,,,,,,30172,,4633,24-Sep-25,4633,24-Sep-25,,,,,,,,,,,,,,,,,,,,,,,,,,
50968,,,,,,,,,,,,,,24-SEP-25 10.25.00.000000 PM,,,1000,,,,,,,,,,,31839,,4643,24-Sep-25,4643,24-Sep-25,22285,,,,,,,,,,,,,,,,,,,,,,,,,
50969,,,,,,,,,,,,,,01-OCT-25 11.45.00.000000 PM,,,700,,,,,,,,,,,30172,,4633,24-Sep-25,4633,24-Sep-25,22343,,,,,,,,,,,,,,,,,,,,,,,,,
50970,,,5% Dextrose+40I.U OX,,,500,,,,,,,,24-SEP-25 08.00.00.000000 PM,,,,,,,,,,,,,,30172,,4643,24-Sep-25,4643,24-Sep-25,22343,,,,,,,,,,,,,,,,,,,,,,,,,
50971,,,flagyl,,,100,,,,,,,,24-SEP-25 10.00.00.000000 PM,,,,,,,,,,,,,,30172,,4643,24-Sep-25,4643,24-Sep-25,,,,,,,,,,,,,,,,,,,,,,,,,,
50972,,,,,,,,,,,,,,24-SEP-25 11.45.00.000000 PM,,,700,,,,,,,,,,,30172,,4643,24-Sep-25,4643,24-Sep-25,,,,,,,,,,,,,,,,,,,,,,,,,,
50973,,,febramol,,,100,,,,,,,,24-SEP-25 02.00.00.000000 PM,,,,,,,,,,,,,,30172,,4643,24-Sep-25,4643,24-Sep-25,,,,,,,,,,,,,,,,,,,,,,,,,,
50980,,,normal saline,,,500,,,,,,,,25-SEP-25 08.00.00.000000 AM,,,,,,,,,,,,,,30172,,4633,25-Sep-25,4633,25-Sep-25,,,,,,,,,,,,,,,,,,,,,,,,,,
50981,,,normal saline,,,500,,,,,,,,25-SEP-25 06.30.00.000000 AM,,,800,,,,,,,,,,,31839,,5990,25-Sep-25,5990,25-Sep-25,22285,,,,,,,,,,,,,,,,,,,,,,,,,
50982,,,flagyl and ciproflo,,,200,,,,,,,,25-SEP-25 06.00.00.000000 AM,,,,,,,,,,,,,,31839,,5990,25-Sep-25,5990,25-Sep-25,,,,,,,,,,,,,,,,,,,,,,,,,,
50983,,,5% D/s,,,500,,,,,,,,25-SEP-25 06.00.00.000000 AM,,,,,,,,,,,,,,31839,,5990,25-Sep-25,5990,25-Sep-25,,,,,,,,,,,,,,,,,,,,,,,,,,
50985,,,5%D/S,,,500,,,,,,,,25-SEP-25 12.00.00.000000 PM,,,,,,,,,,,,,,30172,,4611,25-Sep-25,4611,25-Sep-25,,,,,,,,,,,,,,,,,,,,,,,,,,
50560,,,water,,200,,,,,,,,,03-AUG-25 02.00.00.000000 AM,,,100,,,,,,,,,,,8496,,4633,3-Aug-25,4633,3-Aug-25,17449,,,,,,,,,,,,,,,,,,,,,,,,,
50561,,,water,,100,,,,,,,,,03-AUG-25 05.30.00.000000 PM,,,200,,,,,,,,,,,8496,,4633,3-Aug-25,4633,3-Aug-25,17449,,,,,,,,,,,,,,,,,,,,,,,,,
50562,,,5% D/s,,,500,,,,,,,,03-AUG-25 05.30.00.000000 PM,,,,,,,,,,,,,,8496,,4633,3-Aug-25,4633,3-Aug-25,,,,,,,,,,,,,,,,,,,,,,,,,,
50577,,542,,,,,,,,,,,,06-AUG-25 09.00.00.000000 AM,,,300,,,,,,,,,,,8714,,5079,6-Aug-25,5079,6-Aug-25,17807,,,,,,,,,,,,,,,,,,,,,,,,,
50578,,542,,,,,,,,,,,,13-AUG-25 10.00.00.000000 AM,,,400,,,,,,,,,,,8714,,5079,6-Aug-25,5079,6-Aug-25,,,,,,,,,,,,,,,,,,,,,,,,,,
50579,,542,,,,,,,,,,,,06-AUG-25 10.00.00.000000 AM,,,300,,,,,,,,,,,8714,,5079,6-Aug-25,5079,6-Aug-25,,,,,,,,,,,,,,,,,,,,,,,,,,
50584,,582,water,,200,,,,,,,,,07-AUG-25 06.00.00.000000 PM,,,250,,,,,,,,,,,8838,,4950,7-Aug-25,4950,7-Aug-25,,,,,,,,,,,,,,,,,,,,,,,,,,
50587,,582,flagyl,,,100,,,,,,,,07-AUG-25 09.00.00.000000 PM,,,,,,,,,,,,,,8838,,4950,7-Aug-25,4950,7-Aug-25,,,,,,,,,,,,,,,,,,,,,,,,,,
50592,,582,tea,,350,,,,,,,,,08-AUG-25 09.00.00.000000 AM,,,,,,,,,,,,,,8838,,5981,8-Aug-25,5981,8-Aug-25,18004,,,,,,,,,,,,,,,,,,,,,,,,,
50599,,,normal saline,,,1000,,,,,,,,26-AUG-25 03.15.00.000000 PM,,,,,,,,,,,,,,30104,,4633,26-Aug-25,4633,26-Aug-25,18740,,,,,,,,,,,,,,,,,,,,,,,,,
50600,,542,5% D/s,,,500,,,,,,,,26-AUG-25 05.00.00.000000 PM,,,,,,,,,,,,,,30104,,4977,26-Aug-25,4977,26-Aug-25,18740,,,,,,,,,,,,,,,,,,,,,,,,,
50604,,542,normal saline,,,200,,,,,,,,27-AUG-25 12.00.00.000000 AM,,,350,,,,,,,,,,,30104,,4950,27-Aug-25,4950,27-Aug-25,,,,,,,,,,,,,,,,,,,,,,,,,,
50610,,,water,,150,,,,,,,,,29-AUG-25 12.30.00.000000 PM,,,,,,,,,,,,,,30212,,4611,29-Aug-25,4611,29-Aug-25,18931,,,,,,,,,,,,,,,,,,,,,,,,,
50611,,,pap,,200,,,,,,,,,29-AUG-25 01.15.00.000000 PM,,,,,,,,,,,,,,30212,,4611,29-Aug-25,4611,29-Aug-25,18931,,,,,,,,,,,,,,,,,,,,,,,,,
50618,,582,flagyl and febramol,,,200,,,,,,,,31-AUG-25 04.00.00.000000 PM,,,,,,,,,,,,,,30282,,5014,31-Aug-25,5014,31-Aug-25,,,,,,,,,,,,,,,,,,,,,,,,,,
50619,,582,normal saline,,,500,,,,,,,,31-AUG-25 09.00.00.000000 PM,,,300,,,,,,,,,,,30282,,5014,31-Aug-25,5014,31-Aug-25,,,4 hourly,,,,,,,,,,,,,,,,,,,,,,,
50620,,582,ringers lactate,,,500,,,,,,,,31-AUG-25 04.30.00.000000 PM,,,,,,,,,,,,,,30282,,5014,31-Aug-25,5014,31-Aug-25,,,4 hourly,,,,,,,,,,,,,,,,,,,,,,,
50638,,582,water,,100,,,,,,,,,01-SEP-25 08.00.00.000000 PM,,,,,,,,,,,,,,30284,,5755,1-Sep-25,5755,1-Sep-25,,,,,,,,,,,,,,,,,,,,,,,,,,
50639,,582,,,,,,,,,,,,01-SEP-25 10.00.00.000000 PM,,,150,,,,,,,,,,,30284,,5755,1-Sep-25,5755,1-Sep-25,,,,,,,,,,,,,,,,,,,,,,,,,,
50668,,582,,,,,,,,,,,,07-SEP-25 03.00.00.000000 PM,,,250,,,,,,,,,,,30667,,6068,7-Sep-25,6068,7-Sep-25,19897,,,,,,,,,,,,,,,,,,,,,,,,,
50681,,582,,,,,,,,,,,,08-SEP-25 04.00.00.000000 AM,,,100,,,,,,,,,,,30650,,6068,8-Sep-25,6068,8-Sep-25,,,,,,,,,,,,,,,,,,,,,,,,,,
50684,,582,,,,,,,,,,,,08-SEP-25 02.00.00.000000 AM,,,200,,,,,,,,,,,30667,,6068,8-Sep-25,6068,8-Sep-25,,,,,,,,,,,,,,,,,,,,,,,,,,
50740,,542,0.9% N/S theatre,,,3000,,,,,,,,10-SEP-25 12.40.00.000000 PM,,,,,,,,,,,,,,8855,,4950,10-Sep-25,4950,10-Sep-25,20320,,,,,,,,,,,,,,,,,,,,,,,,,
50757,,,,,,,,,,,,,,10-SEP-25 10.00.00.000000 PM,,,400,,,,,,,,,,,8855,,4651,10-Sep-25,4651,10-Sep-25,20464,,,,,,,,,,,,,,,,,,,,,,,,,
50758,,,febramol,,,100,,,,,,,,10-SEP-25 07.00.00.000000 PM,,,,,,,,,,,,,,8855,,4651,10-Sep-25,4651,10-Sep-25,,,,,,,,,,,,,,,,,,,,,,,,,,
50759,,,flagyl,,,100,,,,,,,,10-SEP-25 09.00.00.000000 PM,,,,,,,,,,,,,,8855,,4651,10-Sep-25,4651,10-Sep-25,,,,,,,,,,,,,,,,,,,,,,,,,,
50760,,,,,,,,,,,,,,10-SEP-25 11.00.00.000000 PM,,,700,,,,,,,,,,,8855,,4651,10-Sep-25,4651,10-Sep-25,,,,,,,,,,,,,,,,,,,,,,,,,,
50761,,,normal saline+ MgSO4,,,500,,,,,,,,10-SEP-25 06.00.00.000000 PM,,,,,,,,,,,,,,8785,,4651,10-Sep-25,4651,10-Sep-25,19910,,,,,,,,,,,,,,,,,,,,,,,,,
50762,,,Pap+water,,50,,,,,,,,,10-SEP-25 07.00.00.000000 PM,,,400,,,,,,,,,,,8785,,4651,10-Sep-25,4651,10-Sep-25,,,,,,,,,,,,,,,,,,,,,,,,,,
50763,,,febramol,,,100,,,,,,,,10-SEP-25 06.00.00.000000 PM,,,,,,,,,,,,,,8785,,4651,10-Sep-25,4651,10-Sep-25,,,,,,,,,,,,,,,,,,,,,,,,,,
50764,,,flagyl,,,100,,,,,,,,10-SEP-25 09.00.00.000000 PM,,,,,,,,,,,,,,8785,,4651,10-Sep-25,4651,10-Sep-25,,,,,,,,,,,,,,,,,,,,,,,,,,
50765,,,5% Dextrose saline,,,500,,,,,,,,10-SEP-25 10.00.00.000000 PM,,,300,,,,,,,,,,,8785,,4651,10-Sep-25,4651,10-Sep-25,,,,,,,,,,,,,,,,,,,,,,,,,,
50766,,582,5% D/s,,,500,,,,,,,,11-SEP-25 01.45.00.000000 AM,,,,,,,,,,,,,,30977,,4953,11-Sep-25,4953,11-Sep-25,20465,,,,,,,,,,,,,,,,,,,,,,,,,
50767,,582,,,,,,,,,,,,11-SEP-25 12.45.00.000000 AM,,,300,,,,,,,,,,,30977,,4953,11-Sep-25,4953,11-Sep-25,20465,,,,,,,,,,,,,,,,,,,,,,,,,
50768,,582,5% D/s,,,500,,,,,,,,11-SEP-25 01.15.00.000000 AM,,,,,,,,,,,,,,30963,,4953,11-Sep-25,4953,11-Sep-25,20448,,,,,,,,,,,,,,,,,,,,,,,,,
50786,,542,normal saline,,,500,,,,,,,,11-SEP-25 01.30.00.000000 PM,,,,,,,,,,,,,,8785,,4950,11-Sep-25,4950,11-Sep-25,,,,,,,,,,,,,,,,,,,,,,,,,,
50792,,542,5% dex in 1/2 saline,,,500,,,,,,,,12-SEP-25 03.15.00.000000 PM,,,,,,,,,,,,,,31156,,5926,12-Sep-25,5926,12-Sep-25,20874,,,,,,,,,,,,,,,,,,,,,,,,,
50793,,542,water,,100,,,,,,,,,12-SEP-25 05.00.00.000000 PM,,,,,,,,,,,,,,31156,,5990,12-Sep-25,5990,12-Sep-25,20874,,,,,,,,,,,,,,,,,,,,,,,,,
50794,,542,water,,200,,,,,,,,,12-SEP-25 07.00.00.000000 PM,,,,,,,,,,,,,,31156,,5990,12-Sep-25,5990,12-Sep-25,,,,,,,,,,,,,,,,,,,,,,,,,,
50795,,542,,,,,,,,,,,,12-SEP-25 08.15.00.000000 PM,,,100,,,,,,,,,,,31156,,5990,12-Sep-25,5990,12-Sep-25,,,,,,,,,,,,,,,,,,,,,,,,,,
50796,,582,5%D/S,,,1000,,,,,,,,12-SEP-25 08.00.00.000000 PM,,,450,,,,,,,,,,,30963,,6111,12-Sep-25,6111,12-Sep-25,20752,,,,,,,,,,,,,,,,,,,,,,,,,
50797,,582,water,,300,,,,,,,,,12-SEP-25 10.00.00.000000 PM,,,400,,,,,,,,,,,30963,,6111,12-Sep-25,6111,12-Sep-25,20752,,,,,,,,,,,,,,,,,,,,,,,,,
50808,,,5% dextrose saline,,,500,,,,,,,,21-SEP-25 10.00.00.000000 AM,,,,,,,,,,,,,,30577,,6092,14-Sep-25,6092,14-Sep-25,20910,,,,,,,,,,,,,,,,,,,,,,,,,
50809,,,5% dextrose saline,,,500,,,,,,,,14-SEP-25 10.00.00.000000 AM,,,,,,,,,,,,,,30577,,6092,14-Sep-25,6092,14-Sep-25,,,,,,,,,,,,,,,,,,,,,,,,,,
50842,,542,water,,200,,,,,,,,,17-SEP-25 01.15.00.000000 AM,,,,,,,,,,,,,,30569,,6117,17-Sep-25,6117,17-Sep-25,21342,,,,,,,,,,,,,,,,,,,,,,,,,
50848,,,water,,50,,,,,,,,,17-SEP-25 12.00.00.000000 PM,,,,,,,,,,,,,,30587,,4611,17-Sep-25,4611,17-Sep-25,21343,,,,,,,,,,,,,,,,,,,,,,,,,
50851,,,8% dextrose saline,,,90,,,,,,,,17-SEP-25 02.00.00.000000 PM,,,,,,,,,,,,,,31302,,4611,17-Sep-25,4611,17-Sep-25,21347,,,,,,,,,,,,,,,,,,,,,,,,,
50852,,542,n/saline,,,3000,,,,,,,,17-SEP-25 09.15.00.000000 AM,,,500,,,,,,,,,,,8848,,5990,17-Sep-25,5990,17-Sep-25,21325,,,,,,,,,,,,,,,,,,,,,,,,,
50857,,,10%D/water,,,500,,,,,,,,17-SEP-25 04.15.00.000000 PM,,,,,,,,,,,,,,31429,,5716,17-Sep-25,5716,17-Sep-25,21404,,,,,,,,,,,,,,,,,,,,,,,,,
50860,,,water,,200,,,,,,,,,18-SEP-25 01.15.00.000000 PM,,,,,,,,,,,,,,8848,,4611,18-Sep-25,4611,18-Sep-25,,,,,,,,,,,,,,,,,,,,,,,,,,
50861,,,pap + water,,200,,,,,,,,,18-SEP-25 02.00.00.000000 PM,,,,,,,,,,,,,,8848,,4611,18-Sep-25,4611,18-Sep-25,,,,,,,,,,,,,,,,,,,,,,,,,,
50871,,,,,,,,,,,,,,18-SEP-25 10.00.00.000000 PM,,,200,,,,,,,,,,,30177,,5716,18-Sep-25,5716,18-Sep-25,,,,,,,,,,,,,,,,,,,,,,,,,,
50872,,,bf D/Ssaline,,,300,,,,,,,,19-SEP-25 12.00.00.000000 AM,,,,,,,,,,,,,,31194,,6092,19-Sep-25,6092,19-Sep-25,21412,,,,,,,,,,,,,,,,,,,,,,,,,
50873,,,FLAGYL AND FEBRAMOL,,,200,,,,,,,,19-SEP-25 12.00.00.000000 AM,,,,,,,,,,,,,,31194,,6092,19-Sep-25,6092,19-Sep-25,,,,,,,,,,,,,,,,,,,,,,,,,,
50874,,,5% dextrose saline,,,500,,,,,,,,19-SEP-25 03.00.00.000000 AM,,,,,,,,,,,,,,31194,,6092,19-Sep-25,6092,19-Sep-25,,,,,,,,,,,,,,,,,,,,,,,,,,
50875,,,5% dextrose saline,,,500,,,,,,,,19-SEP-25 07.00.00.000000 AM,,,,,,,,,,,,,,31194,,6092,19-Sep-25,6092,19-Sep-25,,,,,,,,,,,,,,,,,,,,,,,,,,
50876,,,,,,,,,,,,,,19-SEP-25 06.00.00.000000 AM,,,150,,,,,,,,,,,31194,,6092,19-Sep-25,6092,19-Sep-25,,,,,,,,,,,,,,,,,,,,,,,,,,
50886,,582,normal saline,,,500,,,,,,,,20-SEP-25 12.15.00.000000 PM,,,,,,,,,,,,,,31619,,6117,20-Sep-25,6117,20-Sep-25,21808,,,,,,,,,,,,,,,,,,,,,,,,,
50887,,582,5% D/s,,,500,,,,,,,,20-SEP-25 09.00.00.000000 PM,,,650,,,,,,,,,,,31619,,4651,20-Sep-25,4651,20-Sep-25,21808,,,,,,,,,,,,,,,,,,,,,,,,,
50888,,582,water and tea,,300,,,,,,,,,20-SEP-25 08.30.00.000000 PM,,,,,,,,,,,,,,31619,,4651,20-Sep-25,4651,20-Sep-25,,,,,,,,,,,,,,,,,,,,,,,,,,
50889,,542,,,,,,,,,,,,20-SEP-25 10.30.00.000000 PM,,,400,,,,,,,,,,,31635,,4651,20-Sep-25,4651,20-Sep-25,21835,,,,,,,,,,,,,,,,,,,,,,,,,
50890,,,water,,200,,,,,,,,,20-SEP-25 10.00.00.000000 PM,,,,,,,,,,,,,,31635,,4651,20-Sep-25,4651,20-Sep-25,,,,,,,,,,,,,,,,,,,,,,,,,,
50891,,,0.9% normal saline,,,500,,,,,,,,20-SEP-25 10.45.00.000000 PM,,,,,,,,,,,,,,31635,,4651,20-Sep-25,4651,20-Sep-25,21835,,,,,,,,,,,,,,,,,,,,,,,,,
50892,,542,5% D/s,,,500,,,,,,,,21-SEP-25 04.00.00.000000 AM,,,100,,,,,,,,,,,31635,,4651,21-Sep-25,4651,21-Sep-25,21835,,,,,,,,,,,,,,,,,,,,,,,,,
50893,,542,N/S,,,500,,,,,,,,21-SEP-25 11.00.00.000000 AM,,,,,,,,,,,,,,31635,,5989,21-Sep-25,5989,21-Sep-25,21835,,,,,,,,,,,,,,,,,,,,,,,,,
50894,,542,,,,,,,,,,,,21-SEP-25 12.00.00.000000 PM,,,300,,,,,,,,,,,31635,,5989,21-Sep-25,5989,21-Sep-25,,,,,,,,,,,,,,,,,,,,,,,,,,
50911,,542,ringers lactate,,,500,,,,,,,,22-SEP-25 11.15.00.000000 PM,,,,,,,,,,,,,,31165,,5759,22-Sep-25,5759,22-Sep-25,22057,,,,,,,,,,,,,,,,,,,,,,,,,
50912,,542,5% Dextrose saline,,,500,,,,,,,,22-SEP-25 11.45.00.000000 PM,,,,,,,,,,,,,,31165,,5759,22-Sep-25,5759,22-Sep-25,,,,,,,,,,,,,,,,,,,,,,,,,,
50919,,,5% D/s,,,500,,,,,,,,23-SEP-25 02.00.00.000000 PM,,,400,,,,,,,,,,,31124,,4633,23-Sep-25,4633,23-Sep-25,22065,,,,,,,,,,,,,,,,,,,,,,,,,
50920,,,water,,1000,,,,,,,,,23-SEP-25 03.00.00.000000 PM,,,,,,,,,,,,,,31124,,4633,23-Sep-25,4633,23-Sep-25,,,,,,,,,,,,,,,,,,,,,,,,,,
50921,,,5% D/s,,,500,,,,,,,,23-SEP-25 06.00.00.000000 PM,,,,,,,,,,,,,,31124,,4633,23-Sep-25,4633,23-Sep-25,,,,,,,,,,,,,,,,,,,,,,,,,,
50958,,,0.9% N/S+40 OXTOCIN,,,500,,,,,,,,24-SEP-25 04.00.00.000000 PM,,,,,,,,,,,,,,30172,,4611,24-Sep-25,4611,24-Sep-25,22126,,,,,,,,,,,,,,,,,,,,,,,,,
50937,,582,water,,200,,,,,,,,,24-SEP-25 09.00.00.000000 AM,,,,,,,,,,,,,,31641,,6117,24-Sep-25,6117,24-Sep-25,21849,,,,,,,,,,,,,,,,,,,,,,,,,
50940,,582,water,,200,,,,,,,,,24-SEP-25 11.00.00.000000 AM,,,,,,,,,,,,,,31124,,6117,24-Sep-25,6117,24-Sep-25,22065,,,,,,,,,,,,,,,,,,,,,,,,,
50960,,,febramol,,,100,,,,,,,,24-SEP-25 04.15.00.000000 PM,,,,,,,,,,,,,,30172,,4611,24-Sep-25,4633,24-Sep-25,,,,,,,,,,,,,,,,,,,,,,,,,,
50962,,,,,300,,,,,,,,,24-SEP-25 06.40.00.000000 PM,,,,,,,,,,,,,,31839,,4643,24-Sep-25,4643,24-Sep-25,,,,,,,,,,,,,,,,,,,,,,,,,,
50984,,,flagyl,,,100,,,,,,,,25-SEP-25 12.00.00.000000 PM,,,,,,,,,,,,,,30172,,4611,25-Sep-25,4611,25-Sep-25,22343,,,,,,,,,,,,,,,,,,,,,,,,,
50986,,,water,,100,,,,,,,,,25-SEP-25 12.00.00.000000 PM,,,,,,,,,,,,,,30172,,4611,25-Sep-25,4611,25-Sep-25,22343,,,,,,,,,,,,,,,,,,,,,,,,,
50987,,,,,,,,,,,,,,25-SEP-25 12.00.00.000000 PM,,,400,,,,,,,,,,,30172,,4611,25-Sep-25,4611,25-Sep-25,,,catheter d/c,,,,,,,,,,,,,,,,,,,,,,,
50988,,,,,,,,,,,,,,02-OCT-25 03.00.00.000000 PM,,,400,,,,,,,,,,,31839,,6111,25-Sep-25,6111,25-Sep-25,22285,,cocacola coloured urine,,,,,,,,,,,,,,,,,,,,,,,
50989,,,0.9% N/ saline 500ML,,,500,,,,,,,,02-OCT-25 09.00.00.000000 AM,,,,,,,,,,,,,,31839,,6111,25-Sep-25,6111,25-Sep-25,,,,,,,,,,,,,,,,,,,,,,,,,,
50564,,542,5% Dextrose saline,,,500,,,,,,,,04-AUG-25 01.15.00.000000 PM,,,,,,,,,,,,,,8536,,4625,4-Aug-25,4625,4-Aug-25,,,,,,,,,,,,,,,,,,,,,,,,,,
50565,,542,ringers lactate ,,,450,,,,,,,,04-AUG-25 12.00.00.000000 AM,,,,,,,,,,,,,,8496,,5014,4-Aug-25,5014,4-Aug-25,17449,,Brought forward,,,,,,,,,,,,,,,,,,,,,,,
50567,,542,pap,,200,,,,,,,,,04-AUG-25 08.00.00.000000 AM,,,,,,,,,,,,,,8496,,5014,4-Aug-25,5014,4-Aug-25,,,,,,,,,,,,,,,,,,,,,,,,,,
50603,,,water,,100,,,,,,,,,26-AUG-25 08.00.00.000000 PM,,,,,,,,,,,,,,30104,,4950,26-Aug-25,4950,26-Aug-25,,,,,,,,,,,,,,,,,,,,,,,,,,
50607,,,,,,,,,,,,,,27-AUG-25 12.45.00.000000 PM,,,200,,,,,,,,,,,30104,,4961,27-Aug-25,4961,27-Aug-25,18740,,,,,,,,,,,,,,,,,,,,,,,,,
50608,,,pap + water,,200,,,,,,,,,27-AUG-25 11.15.00.000000 AM,,,,,,,,,,,,,,30104,,4961,27-Aug-25,4961,27-Aug-25,,,,,,,,,,,,,,,,,,,,,,,,,,
50623,,582,ciprofloxacin,,,100,,,,,,,,31-AUG-25 10.00.00.000000 PM,,,,,,,,,,,,,,30282,,5014,31-Aug-25,5014,31-Aug-25,,,,,,,,,,,,,,,,,,,,,,,,,,
50626,,582,RINGERS LACTATE ,,,500,,,,,,,,01-SEP-25 08.00.00.000000 AM,,,,,,,,,,,,,,30282,,5482,1-Sep-25,5482,1-Sep-25,19079,,to run for 4hrs,,,,,,,,,,,,,,,,,,,,,,,
50642,,582,5%d/saline,,,500,,,,,,,,02-SEP-25 11.00.00.000000 AM,,,,,,,,,,,,,,30284,,5716,2-Sep-25,5716,2-Sep-25,19257,,,,,,,,,,,,,,,,,,,,,,,,,
50644,,,water,,200,,,,,,,,,02-SEP-25 12.15.00.000000 PM,,,,,,,,,,,,,,30284,,5716,2-Sep-25,5716,2-Sep-25,,,,,,,,,,,,,,,,,,,,,,,,,,
50647,,582,5% D/s,,,300,,,,,,,,02-SEP-25 08.00.00.000000 PM,,,,,,,,,,,,,,30284,,4633,2-Sep-25,4633,2-Sep-25,19257,,,,,,,,,,,,,,,,,,,,,,,,,
50648,,582,,,,,,,,,,,,02-SEP-25 11.00.00.000000 PM,,,400,,,,,,,,,,,30284,,4633,2-Sep-25,4633,2-Sep-25,,,,,,,,,,,,,,,,,,,,,,,,,,
50649,,582,water,,300,,,,,,,,,02-SEP-25 09.00.00.000000 PM,,,300,,,,,,,,,,,30284,,4633,2-Sep-25,4633,2-Sep-25,,,,,,,,,,,,,,,,,,,,,,,,,,
50654,,582,febramol,,,100,,,,,,,,04-SEP-25 02.00.00.000000 PM,,,,,,,,,,,,,,30520,,6068,4-Sep-25,6068,4-Sep-25,,,,,,,,,,,,,,,,,,,,,,,,,,
50655,,582,water,,,200,,,,,,,,04-SEP-25 02.15.00.000000 PM,,,,,,,,,,,,,,30520,,6068,4-Sep-25,6068,4-Sep-25,,,,,,,,,,,,,,,,,,,,,,,,,,
50656,,,0.9% normal saline,,,500,,,,,,,,12-SEP-25 09.45.00.000000 AM,,,,,,,,,,,,,,30520,,6092,5-Sep-25,6092,5-Sep-25,19501,,,,,,,,,,,,,,,,,,,,,,,,,
50662,,582,normal saline,,,500,,,,,,,,07-SEP-25 11.45.00.000000 AM,,,,,,,,,,,,,,30667,,4633,7-Sep-25,4633,7-Sep-25,19897,,,,,,,,,,,,,,,,,,,,,,,,,
50663,,582,febramol,,,100,,,,,,,,07-SEP-25 12.15.00.000000 PM,,,,,,,,,,,,,,30667,,4633,7-Sep-25,4633,7-Sep-25,19897,,,,,,,,,,,,,,,,,,,,,,,,,
50664,,582,normal saline,,,500,,,,,,,,07-SEP-25 12.15.00.000000 PM,,,,,,,,,,,,,,30667,,4633,7-Sep-25,4633,7-Sep-25,,,,,,,,,,,,,,,,,,,,,,,,,,
50665,,582,5% D/s,,,500,,,,,,,,07-SEP-25 12.45.00.000000 PM,,,,,,,,,,,,,,30667,,4633,7-Sep-25,4633,7-Sep-25,19897,,,,,,,,,,,,,,,,,,,,,,,,,
50671,,582,water,,,250,,,,,,,,07-SEP-25 08.00.00.000000 PM,,,,,,,,,,,,,,30667,,6068,7-Sep-25,6068,7-Sep-25,19897,,,,,,,,,,,,,,,,,,,,,,,,,
50676,,582,5% dextrose saline,,,500,,,,,,,,07-SEP-25 06.30.00.000000 PM,,,,,,,,,,,,,,30667,,6068,7-Sep-25,6068,7-Sep-25,19897,,,,,,,,,,,,,,,,,,,,,,,,,
50678,,582,,,,,,,,,,,,07-SEP-25 10.45.00.000000 PM,,,200,,,,,,,,,,,30650,,6068,7-Sep-25,6068,7-Sep-25,19911,,,,,,,,,,,,,,,,,,,,,,,,,
50679,,582,5% Dextrose saline,,,300,,,,,,,,08-SEP-25 12.00.00.000000 AM,,,,,,,,,,,,,,30650,,6068,7-Sep-25,6068,7-Sep-25,19911,,,,,,,,,,,,,,,,,,,,,,,,,
50680,,582,,,,,,,,,,,,08-SEP-25 02.00.00.000000 AM,,,200,,,,,,,,,,,30650,,6068,8-Sep-25,6068,8-Sep-25,19911,,,,,,,,,,,,,,,,,,,,,,,,,
50682,,582,5%D/S,,,50,,,,,,,,08-SEP-25 12.00.00.000000 AM,,,,,,,,,,,,,,30667,,6068,8-Sep-25,6068,8-Sep-25,19897,,,,,,,,,,,,,,,,,,,,,,,,,
50683,,582,normal saline,,,500,,,,,,,,08-SEP-25 12.30.00.000000 AM,,,,,,,,,,,,,,30667,,6068,8-Sep-25,6068,8-Sep-25,,,,,,,,,,,,,,,,,,,,,,,,,,
50685,,582,febramol,,,100,,,,,,,,08-SEP-25 03.45.00.000000 AM,,,,,,,,,,,,,,30667,,6068,8-Sep-25,6068,8-Sep-25,,,,,,,,,,,,,,,,,,,,,,,,,,
50689,,,normal saline,,,500,,,,,,,,08-SEP-25 11.45.00.000000 AM,,,,,,,,,,,,,,30679,,4611,8-Sep-25,4611,8-Sep-25,19913,,8hrly,,,,,,,,,,,,,,,,,,,,,,,
50692,,582,5 % D/saline,,,400,,,,,,,,08-SEP-25 07.15.00.000000 PM,,,,,,,,,,,,,,30667,,4650,8-Sep-25,4650,8-Sep-25,19897,,,,,,,,,,,,,,,,,,,,,,,,,
50716,,582,normal saline,,,500,,,,,,,,09-SEP-25 01.15.00.000000 PM,,,,,,,,,,,,,,30885,,4950,9-Sep-25,4950,9-Sep-25,,,,,,,,,,,,,,,,,,,,,,,,,,
50717,,505,water,,200,,,,,,,,,09-SEP-25 05.30.00.000000 PM,,,,,,,,,,,,,,30679,,4512,9-Sep-25,4512,9-Sep-25,19913,,,,,,,,,,,,,,,,,,,,,,,,,
50719,,582,,,,,,,,,,,,09-SEP-25 04.30.00.000000 PM,,,200,,,,,,,,,,,30885,,6117,9-Sep-25,6117,9-Sep-25,,,,,,,,,,,,,,,,,,,,,,,,,,
50726,,,0.9% normal saline,,,2000,,,,,,,,16-SEP-25 06.00.00.000000 PM,,,,,,,,,,,,,,8785,,6092,9-Sep-25,6092,9-Sep-25,19910,,,,,,,,,,,,,,,,,,,,,,,,,
50727,,,IV FLAGYL,,,100,,,,,,,,16-SEP-25 08.00.00.000000 PM,,,,,,,,,,,,,,8785,,6092,9-Sep-25,6092,9-Sep-25,,,,,,,,,,,,,,,,,,,,,,,,,,
50732,,582,detrose water,,,500,,,,,,,,10-SEP-25 05.00.00.000000 AM,,,,,,,,,,,,,,30885,,6117,10-Sep-25,6117,10-Sep-25,20325,,,,,,,,,,,,,,,,,,,,,,,,,
50733,,582,,,,,,,,,,,,10-SEP-25 05.45.00.000000 AM,,,200,,,,,,,,,,,30885,,6117,10-Sep-25,6117,10-Sep-25,,,,,,,,,,,,,,,,,,,,,,,,,,
50734,,582,,,,,,,,,,,,10-SEP-25 05.45.00.000000 AM,,,200,,,,,,,,,,,30885,,6117,10-Sep-25,6117,10-Sep-25,,,,,,,,,,,,,,,,,,,,,,,,,,
50735,,582,,,,,,,,,,,,10-SEP-25 05.00.00.000000 AM,,,300,,,,,,,,,,,30669,,6117,10-Sep-25,6117,10-Sep-25,20127,,,,,,,,,,,,,,,,,,,,,,,,,
50738,,,normal saline,,,500,,,,,,,,10-SEP-25 12.00.00.000000 PM,,,,,,,,,,,,,,8785,,4574,10-Sep-25,4574,10-Sep-25,19910,,mgso4 6g added,,,,,,,,,,,,,,,,,,,,,,,
50745,,542,,,,,,,,,,,,17-SEP-25 03.00.00.000000 PM,,,500,,,,,,,,,,,8855,,4950,10-Sep-25,4950,10-Sep-25,,,,,,,,,,,,,,,,,,,,,,,,,,
50746,,542,normal saline + magn,,,500,,,,,,,,10-SEP-25 06.00.00.000000 PM,,,300,,,,,,,,,,,30178,,4651,10-Sep-25,4651,10-Sep-25,20380,,,,,,,,,,,,,,,,,,,,,,,,,
50772,,,5% D/s,,,500,,,,,,,,11-SEP-25 07.00.00.000000 AM,,,,,,,,,,,,,,30963,,4953,11-Sep-25,4953,11-Sep-25,20448,,,,,,,,,,,,,,,,,,,,,,,,,
50773,,,water,,200,,,,,,,,,11-SEP-25 07.30.00.000000 AM,,,,,,,,,,,,,,30963,,4953,11-Sep-25,4953,11-Sep-25,,,,,,,,,,,,,,,,,,,,,,,,,,
50775,,,5% D/s,,,500,,,,,,,,11-SEP-25 07.00.00.000000 AM,,,200,,,,,,,,,,,30977,,4953,11-Sep-25,4953,11-Sep-25,20465,,,,,,,,,,,,,,,,,,,,,,,,,
50784,,542,5%D/S,,,500,,,,,,,,11-SEP-25 10.00.00.000000 AM,,,,,,,,,,,,,,8785,,4950,11-Sep-25,4950,11-Sep-25,19910,,,,,,,,,,,,,,,,,,,,,,,,,
50785,,542,,,,,,,,,,,,11-SEP-25 12.00.00.000000 PM,,,300,,,,,,,,,,,8785,,4950,11-Sep-25,4950,11-Sep-25,,,,,,,,,,,,,,,,,,,,,,,,,,
50787,,582,5% D/s +n/s,,,1000,,,,,,,,11-SEP-25 07.00.00.000000 AM,,,550,,,,,,,,,,,30885,,6111,11-Sep-25,6111,11-Sep-25,20532,,,,,,,,,,,,,,,,,,,,,,,,,
50788,,582,water,,300,,,,,,,,,11-SEP-25 04.00.00.000000 PM,,,250,,,,,,,,,,,30885,,6111,11-Sep-25,6111,11-Sep-25,,,,,,,,,,,,,,,,,,,,,,,,,,
50789,,582,5% D/s,,,500,,,,,,,,11-SEP-25 03.30.00.000000 PM,,,,,,,,,,,,,,30885,,6111,11-Sep-25,6111,11-Sep-25,,,,,,,,,,,,,,,,,,,,,,,,,,
50790,,582,5% Dextrose saline,,,300,,,,,,,,12-SEP-25 12.15.00.000000 AM,,,,,,,,,,,,,,30977,,6111,12-Sep-25,6111,12-Sep-25,20755,,,,,,,,,,,,,,,,,,,,,,,,,
50799,,,5% dextrose /W,,,500,,,,,,,,20-SEP-25 10.30.00.000000 AM,,,,,,,,,,,,,,30963,,5716,13-Sep-25,5716,13-Sep-25,20916,,,,,,,,,,,,,,,,,,,,,,,,,
50800,,,5% dextrose water,,,500,,,,,,,,13-SEP-25 10.30.00.000000 AM,,,,,,,,,,,,,,30963,,5716,13-Sep-25,5716,13-Sep-25,,,,,,,,,,,,,,,,,,,,,,,,,,
50806,,,0.9% normal saline,,,500,,,,,,,,14-SEP-25 06.00.00.000000 AM,,,,,,,,,,,,,,30577,,4643,14-Sep-25,4643,14-Sep-25,20910,,,,,,,,,,,,,,,,,,,,,,,,,
50807,,,febramol and flagyl,,,200,,,,,,,,14-SEP-25 06.00.00.000000 AM,,,,,,,,,,,,,,30577,,4643,14-Sep-25,4643,14-Sep-25,,,,,,,,,,,,,,,,,,,,,,,,,,
50811,,,febramol,,,100,,,,,,,,21-SEP-25 02.00.00.000000 PM,,,,,,,,,,,,,,30577,,6092,14-Sep-25,6092,14-Sep-25,,,,,,,,,,,,,,,,,,,,,,,,,,
50812,,,FLAGYL AND FEBRAMOL,,,200,,,,,,,,14-SEP-25 02.00.00.000000 PM,,,,,,,,,,,,,,30577,,6092,14-Sep-25,6092,14-Sep-25,,,,,,,,,,,,,,,,,,,,,,,,,,
50813,,,0.9% N/S+ 5% DNS,,,1000,,,,,,,,14-SEP-25 02.15.00.000000 PM,,,,,,,,,,,,,,30577,,6092,14-Sep-25,6092,14-Sep-25,,,,,,,,,,,,,,,,,,,,,,,,,,
50814,,,0.9% normal saline,,,500,,,,,,,,14-SEP-25 03.45.00.000000 PM,,,,,,,,,,,,,,30577,,6092,14-Sep-25,6092,14-Sep-25,,,,,,,,,,,,,,,,,,,,,,,,,,
50859,,,5% D/s,,,500,,,,,,,,18-SEP-25 12.15.00.000000 PM,,,,,,,,,,,,,,8848,,4611,18-Sep-25,4611,18-Sep-25,21498,,,,,,,,,,,,,,,,,,,,,,,,,
50868,,,,,,,,,,,,,,18-SEP-25 07.00.00.000000 PM,,,200,,,,,,,,,,,30177,,5716,18-Sep-25,5716,18-Sep-25,,,,,,,,,,,,,,,,,,,,,,,,,,
50870,,,normal saline,,,500,,,,,,,,18-SEP-25 06.00.00.000000 AM,,,,,,,,,,,,,,30177,,5716,18-Sep-25,5716,18-Sep-25,,,,,,,,,,,,,,,,,,,,,,,,,,
50877,,,5% dextrose saline,,,500,,,,,,,,19-SEP-25 11.00.00.000000 AM,,,300,,,,,,,,,,,31194,,4643,19-Sep-25,4643,19-Sep-25,21412,,,,,,,,,,,,,,,,,,,,,,,,,
50878,,,5% dextrose saline,,,500,,,,,,,,19-SEP-25 11.00.00.000000 AM,,,300,,,,,,,,,,,31194,,4643,19-Sep-25,4643,19-Sep-25,21412,,,,,,,,,,,,,,,,,,,,,,,,,
50879,,,normal saline,,,500,,,,,,,,19-SEP-25 09.00.00.000000 AM,,,,,,,,,,,,,,31547,,5501,19-Sep-25,5501,19-Sep-25,21659,,,,,,,,,,,,,,,,,,,,,,,,,
50880,,582,normal saline,,,500,,,,,,,,19-SEP-25 02.30.00.000000 PM,,,,,,,,,,,,,,31615,,4933,19-Sep-25,4933,19-Sep-25,21801,,,,,,,,,,,,,,,,,,,,,,,,,
50881,,,normal saline,,,500,,,,,,,,19-SEP-25 12.00.00.000000 PM,,,250,,,,,,,,,,,31547,,5501,19-Sep-25,5501,19-Sep-25,,,,,,,,,,,,,,,,,,,,,,,,,,
50882,,,normal saline,,,500,,,,,,,,19-SEP-25 02.00.00.000000 PM,,,,,,,,,,,,,,31547,,5501,19-Sep-25,5501,19-Sep-25,,,,,,,,,,,,,,,,,,,,,,,,,,
50885,,582,5% D/s,,,500,,,,,,,,20-SEP-25 09.45.00.000000 AM,,,,,,,,,,,,,,31619,,6117,20-Sep-25,6117,20-Sep-25,21808,,,,,,,,,,,,,,,,,,,,,,,,,
50895,,582,normal saline,,,500,,,,,,,,22-SEP-25 07.15.00.000000 AM,,,,,,,,,,,,,,31641,,5759,22-Sep-25,5759,22-Sep-25,21849,,FAST,,,,,,,,,,,,,,,,,,,,,,,
50901,,542,5% D/s,,,500,,,,,,,,22-SEP-25 12.00.00.000000 PM,,,150,,,,,,,,,,,31620,,4512,22-Sep-25,4512,22-Sep-25,21949,,to run for 8hours,,,,,,,,,,,,,,,,,,,,,,,
50908,,582,normal saline,,,500,,,,,,,,22-SEP-25 03.30.00.000000 PM,,,,,,,,,,,,,,31641,,4512,22-Sep-25,4512,22-Sep-25,21849,,,,,,,,,,,,,,,,,,,,,,,,,
50910,,582,water,,250,,,,,,,,,22-SEP-25 04.15.00.000000 PM,,,,,,,,,,,,,,31641,,6111,22-Sep-25,6111,22-Sep-25,,,,,,,,,,,,,,,,,,,,,,,,,,
50904,,582,water,,550,,,,,,,,,22-SEP-25 02.00.00.000000 PM,,,200,,,,,,,,,,,31641,,4512,22-Sep-25,4512,22-Sep-25,21849,,,,,,,,,,,,,,,,,,,,,,,,,
50909,,582,,,,,,,,,,,,22-SEP-25 04.00.00.000000 PM,,,300,,,,,,,,,,,31641,,6111,22-Sep-25,6111,22-Sep-25,21849,,,,,,,,,,,,,,,,,,,,,,,,,
50915,,542,5% D/s in 1/2 saline,,,350,,,,,,,,23-SEP-25 10.00.00.000000 AM,,,,,,,,,,,,,,31640,,5482,23-Sep-25,5482,23-Sep-25,21848,,to run for 12hrs (put up 10pm) 22/9/25,,,,,,,,,,,,,,,,,,,,,,,
50924,,582,0.9% normal saline,,500,500,,,,,,,,23-SEP-25 08.00.00.000000 PM,,,500,,,,,,,,,,,31641,,5755,23-Sep-25,5755,23-Sep-25,21849,,,,,,,,,,,,,,,,,,,,,,,,,
50925,,582,water,,500,,,,,,,,,23-SEP-25 09.00.00.000000 PM,,,500,,,,,,,,,,,31641,,5755,23-Sep-25,5755,23-Sep-25,,,,,,,,,,,,,,,,,,,,,,,,,,
51007,,,normal saline,,,,,,,,,,,26-SEP-25 06.00.00.000000 AM,,,,,,,,,,,,,,31839,,4933,26-Sep-25,4933,26-Sep-25,22577,,5cc bco,,,,,,,,,,,,,,,,,,,,,,,
51008,,,flagyl and cipro,,,200,,,,,,,,26-SEP-25 06.00.00.000000 AM,,,,,,,,,,,,,,31839,,4933,26-Sep-25,4933,26-Sep-25,,,,,,,,,,,,,,,,,,,,,,,,,,
51059,,,RINGER'S LACTATE,,,500,,,,,,,,29-SEP-25 06.00.00.000000 PM,,,,,300,,,,,,,,,32149,,6092,29-Sep-25,6092,29-Sep-25,23010,,watery stool,,,,,,,,,,,,,,,,,,,,,,,
51060,,542,5% D/s,,,500,,,,,,,,29-SEP-25 06.00.00.000000 PM,,,,,,,,,,,,,,31672,,5482,29-Sep-25,5482,29-Sep-25,22781,,to run for 4hrs,,,,,,,,,,,,,,,,,,,,,,,
51148,,582,50% dextrose ,,,25,,,,,,,,03-OCT-25 10.00.00.000000 AM,,,,,,,,,,,,,,32376,,6068,3-Oct-25,6068,3-Oct-25,23527,,,,,,,,,,,,,,,,,,,,,,,,,
51149,,582,10% dextrose,,,500,,,,,,,,03-OCT-25 10.00.00.000000 AM,,,,,,,,,,,,,,32376,,6068,3-Oct-25,6068,3-Oct-25,,,,,,,,,,,,,,,,,,,,,,,,,,
51151,,582,febramol,,,100,,,,,,,,03-OCT-25 02.00.00.000000 PM,,,,,,,,,,,,,,32376,,6068,3-Oct-25,6068,3-Oct-25,,,,,,,,,,,,,,,,,,,,,,,,,,
51152,,582,flagyl,,,100,,,,,,,,03-OCT-25 02.00.00.000000 PM,,,,,,,,,,,,,,32376,,6068,3-Oct-25,6068,3-Oct-25,,,,,,,,,,,,,,,,,,,,,,,,,,
51153,,582,5% Dextrose saline,,,500,,,,,,,,03-OCT-25 02.30.00.000000 PM,,,,,,,,,,,,,,32376,,6068,3-Oct-25,6068,3-Oct-25,,,4 hourly,,,,,,,,,,,,,,,,,,,,,,,
51154,,582,,,,,,,,,,,,03-OCT-25 09.30.00.000000 AM,,,400,,,,,,,,,,,32376,,6068,3-Oct-25,6068,3-Oct-25,,,dark colored,,,,,,,,,,,,,,,,,,,,,,,
51156,,542,5% in half saline,,,250,,,,,,,,04-OCT-25 12.00.00.000000 AM,,,,,,,,,,,,,,8525,,5759,3-Oct-25,5759,4-Oct-25,23690,,BF,,,,,,,,,,,,,,,,,,,,,,,
51176,,,5% D/s + vit Bco,,,500,,,,,,,,06-OCT-25 12.00.00.000000 PM,,,,,,,,,,,,,,32449,,4927,6-Oct-25,4927,6-Oct-25,23751,,,,,,,,,,,,,,,,,,,,,,,,,
51178,,,,,,,,,,,,,,06-OCT-25 03.00.00.000000 PM,,,300,,,,,,,,,,,32449,,4927,6-Oct-25,4927,6-Oct-25,23751,,concentrated,,,,,,,,,,,,,,,,,,,,,,,
51184,,542,,,,,,,,,,,,07-OCT-25 06.00.00.000000 AM,,,300,,,,,,,,,,,32561,,5014,7-Oct-25,5014,7-Oct-25,23976,,,,,,,,,,,,,,,,,,,,,,,,,
51188,,542,,,,,,,,,,,,07-OCT-25 02.30.00.000000 PM,,,200,,,,,,,,,,,32561,,6117,7-Oct-25,6117,7-Oct-25,,,,,,,,,,,,,,,,,,,,,,,,,,
51193,,582,5% D/S 500MLS BF,,,320,,,,,,,,08-OCT-25 12.00.00.000000 AM,,,,,,,,,,,,,,32588,,5014,8-Oct-25,5014,8-Oct-25,24045,,,,,,,,,,,,,,,,,,,,,,,,,
51200,,542,normal saline,,,500,,,,,,,,08-OCT-25 04.00.00.000000 PM,,,,,,,,,,,,,,32694,,5482,8-Oct-25,5482,8-Oct-25,24263,,tofor 4hrs,,,,,,,,,,,,,,,,,,,,,,,
51201,,542,5% D/s,,,500,,,,,,,,08-OCT-25 08.00.00.000000 PM,,,,,,,,,,,,,,32694,,5482,8-Oct-25,5482,8-Oct-25,,,,,,,,,,,,,,,,,,,,,,,,,,
51202,,542,,,300,,,,,,,,,08-OCT-25 08.00.00.000000 PM,,,200,,,,,,,,,,,32694,,5482,8-Oct-25,5482,8-Oct-25,,,,,,,,,,,,,,,,,,,,,,,,,,
51203,,542,5% D/s,,,500,,,,,,,,08-OCT-25 11.00.00.000000 PM,,,,,,,,,,,,,,32710,,5482,8-Oct-25,5482,8-Oct-25,24282,,to run for 6hrs,,,,,,,,,,,,,,,,,,,,,,,
51214,,,5% D/S + 5cc vit bco,,,500,,,,,,,,09-OCT-25 06.00.00.000000 PM,,,500,,,,,,,,,,,32766,,4937,9-Oct-25,4937,9-Oct-25,24448,,,,,,,,,,,,,,,,,,,,,,,,,
51232,,542,D/saline,,,500,,,,,,,,10-OCT-25 01.15.00.000000 PM,,,,,,,,,,,,,,5527,,4607,10-Oct-25,4607,10-Oct-25,24600,,,,,,,,,,,,,,,,,,,,,,,,,
51238,,582,5%D/S,,,500,,,,,,,,10-OCT-25 04.00.00.000000 PM,,,,,,,,,,,,,,6614,,5926,10-Oct-25,5926,10-Oct-25,24288,,,,,,,,,,,,,,,,,,,,,,,,,
51239,,,normal saline,,,500,,,,,,,,10-OCT-25 04.15.00.000000 PM,,,,,,,,,,,,,,32869,,4633,10-Oct-25,4633,10-Oct-25,24719,,,,,,,,,,,,,,,,,,,,,,,,,
51240,,,normal saline,,,500,,,,,,,,10-OCT-25 04.30.00.000000 PM,,,,,,,,,,,,,,32869,,4633,10-Oct-25,4633,10-Oct-25,,,,,,,,,,,,,,,,,,,,,,,,,,
51241,,542,5% dextrose in salin,,,500,,,,,,,,10-OCT-25 02.30.00.000000 PM,,,,,,,,,,,,,,32827,,5759,10-Oct-25,5759,10-Oct-25,24571,,,,,,,,,,,,,,,,,,,,,,,,,
51242,,582,normal saline,,,500,,,,,,,,10-OCT-25 05.00.00.000000 PM,,,300,,,,,,,,,,,32869,,4961,10-Oct-25,4961,10-Oct-25,24719,,,,,,,,,,,,,,,,,,,,,,,,,
51243,,582,5% dextrose water,,,500,,,,,,,,10-OCT-25 06.00.00.000000 PM,,,,,,,,,,,,,,32724,,4961,10-Oct-25,4961,10-Oct-25,24370,,,,,,,,,,,,,,,,,,,,,,,,,
51261,,582,water,,200,,,,,,,,,11-OCT-25 05.00.00.000000 PM,,,,,,,,,,,,,,6614,,5990,11-Oct-25,5990,11-Oct-25,24288,,,,,,,,,,,,,,,,,,,,,,,,,
51262,,,,,,,,,,,,,,11-OCT-25 05.30.00.000000 PM,,,150,,,,,,,,,,,6614,,5990,11-Oct-25,5990,11-Oct-25,,,,,,,,,,,,,,,,,,,,,,,,,,
51271,,542,5%D/s in 1/2N/s,,,500,,,,,,,,13-OCT-25 06.30.00.000000 AM,,,,,,,,,,,,,,32890,,4950,13-Oct-25,4950,13-Oct-25,24748,,,,,,,,,,,,,,,,,,,,,,,,,
51319,,542,0.9% normal saline,,,500,,,,,,,,15-OCT-25 08.00.00.000000 AM,,,,,,,,,,,,,,32997,,4574,15-Oct-25,4574,15-Oct-25,25252,,,,,,,,,,,,,,,,,,,,,,,,,
51320,,542,,,,,,,,,,,,15-OCT-25 07.00.00.000000 AM,,,300,,,,,,,,,,,32997,,4574,15-Oct-25,4574,15-Oct-25,,,,,,,,,,,,,,,,,,,,,,,,,,
51321,,542,Febramol,,,100,,,,,,,,15-OCT-25 08.30.00.000000 AM,,,,,,,,,,,,,,32997,,4574,15-Oct-25,4574,15-Oct-25,,,,,,,,,,,,,,,,,,,,,,,,,,
51327,,542,flagyl,,,100,,,,,,,,15-OCT-25 09.30.00.000000 PM,,,,,,,,,,,,,,33083,,4574,15-Oct-25,4574,15-Oct-25,,,,,,,,,,,,,,,,,,,,,,,,,,
51340,,542,water,,300,,,,,,,,,16-OCT-25 08.00.00.000000 PM,,,200,,,,,,,,,,,33178,,5482,16-Oct-25,5482,16-Oct-25,,,,,,,,,,,,,,,,,,,,,,,,,,
51353,,582,febramol,,,100,,,,,,,,24-OCT-25 02.30.00.000000 PM,,,,,,,,,,,,,,33202,,5926,17-Oct-25,5926,17-Oct-25,,,,,,,,,,,,,,,,,,,,,,,,,,
51359,,,water,,200,,,,,,,,,17-OCT-25 05.45.00.000000 PM,,,,,,,,,,,,,,33202,,6092,17-Oct-25,6092,17-Oct-25,,,,,,,,,,,,,,,,,,,,,,,,,,
51365,,,water,,300,,,,,,,,,17-OCT-25 08.15.00.000000 AM,,,,,,,,,,,,,,33202,,6092,17-Oct-25,6092,17-Oct-25,,,,,,,,,,,,,,,,,,,,,,,,,,
51366,,,,,,,,,,,,,,17-OCT-25 09.45.00.000000 PM,,,300,,,,,,,,,,,33202,,6092,17-Oct-25,6092,17-Oct-25,,,,,,,,,,,,,,,,,,,,,,,,,,
51368,,542,4.3% d/saline,,,,,,,,,,,17-OCT-25 04.30.00.000000 PM,,,,,,,,,,,,,,6577,,5482,17-Oct-25,5482,17-Oct-25,25590,,,,,,,,,,,,,,,,,,,,,,,,,
51370,,542,water,2000,200,,,,,,,,,17-OCT-25 12.00.00.000000 AM,,,,,,,,,,,,,,6577,,5482,17-Oct-25,5482,17-Oct-25,,,,,,,,,,,,,,,,,,,,,,,,,,
51371,,,water,,300,,,,,,,,,17-OCT-25 10.30.00.000000 PM,,,,,,,,,,,,,,33209,,6092,17-Oct-25,6092,17-Oct-25,,,,,,,,,,,,,,,,,,,,,,,,,,
51378,,542,5% D/s,,,500,,,,,,,,18-OCT-25 12.15.00.000000 AM,,,,,,,,,,,,,,6577,,5482,18-Oct-25,5482,18-Oct-25,25590,,6houly,,,,,,,,,,,,,,,,,,,,,,,
51381,,,5% dextrose saline,,,500,,,,,,,,18-OCT-25 07.00.00.000000 AM,,,,,,,,,,,,,,33209,,6092,18-Oct-25,6092,18-Oct-25,,,,,,,,,,,,,,,,,,,,,,,,,,
51418,,,,,,,,,,,,,,20-OCT-25 10.30.00.000000 AM,,,200,,,,,,,,,,,33290,,5759,20-Oct-25,5759,20-Oct-25,,,,,,,,,,,,,,,,,,,,,,,,,,
51419,,,ciprofloxacin,,,100,,,,,,,,20-OCT-25 01.00.00.000000 PM,,,,,,,,,,,,,,33290,,5759,20-Oct-25,5759,20-Oct-25,,,,,,,,,,,,,,,,,,,,,,,,,,
51495,,,,,,,,,,,,,,22-OCT-25 10.45.00.000000 PM,,,400,,,,,,,,,,,30098,,5759,22-Oct-25,5759,22-Oct-25,,,,,,,,,,,,,,,,,,,,,,,,,,
51436,,,5% D/s,,,500,,,,,,,,20-OCT-25 08.45.00.000000 PM,,,,,,,,,,,,,,33402,,4633,20-Oct-25,4633,20-Oct-25,26029,,,,,,,,,,,,,,,,,,,,,,,,,
51494,,,,,,,,,,,,,,22-OCT-25 07.30.00.000000 PM,,,300,,,,,,,,,,,30098,,5759,22-Oct-25,5759,22-Oct-25,,,,,,,,,,,,,,,,,,,,,,,,,,
51500,,,water,,200,,,,,,,,,22-OCT-25 06.45.00.000000 PM,,,,,,,,,,,,,,33498,,5759,22-Oct-25,5759,22-Oct-25,,,,,,,,,,,,,,,,,,,,,,,,,,
51501,,,water,,200,,,,,,,,,22-OCT-25 11.00.00.000000 PM,,,,,,,,,,,,,,33498,,5759,22-Oct-25,5759,22-Oct-25,,,,,,,,,,,,,,,,,,,,,,,,,,
51502,,,5% D/s,,,500,,,,,,,,22-OCT-25 06.00.00.000000 PM,,,,,,,,,,,,,,33487,,5759,22-Oct-25,5759,22-Oct-25,26258,,,,,,,,,,,,,,,,,,,,,,,,,
51503,,,,,,,,,,,,,,22-OCT-25 06.15.00.000000 PM,,,300,,,,,,,,,,,33487,,5759,22-Oct-25,5759,22-Oct-25,,,,,,,,,,,,,,,,,,,,,,,,,,
51507,,,,,,,,,,,,,,23-OCT-25 06.30.00.000000 AM,,,500,,,,,,,,,,,33498,,5759,23-Oct-25,5759,23-Oct-25,,,,,,,,,,,,,,,,,,,,,,,,,,
51522,,,,,,,,,,,,,,23-OCT-25 03.15.00.000000 PM,,,300,,,,,,,,,,,33487,,4937,23-Oct-25,4937,23-Oct-25,26258,,,,,,,,,,,,,,,,,,,,,,,,,
51535,,542,0.9% normal saline,,,250,,,,,,,,23-OCT-25 10.30.00.000000 PM,,,,,,,,,,,,,,33589,,4574,23-Oct-25,5755,23-Oct-25,26566,,,,,,,,,,,,,,,,,,,,,,,,,
51536,,542,,,,,,,,,,,,23-OCT-25 09.00.00.000000 PM,,,,200,,,,,,,,,,33589,,4574,23-Oct-25,4574,23-Oct-25,,,,,,,,,,,,,,,,,,,,,,,,,,
51547,,,0.9% normal saline,,,500,,,,,,,,24-OCT-25 08.15.00.000000 AM,,,,,,,,,,,,,,8823,,6092,24-Oct-25,6092,24-Oct-25,26571,,,,,,,,,,,,,,,,,,,,,,,,,
51551,,,water,,300,,,,,,,,,24-OCT-25 11.30.00.000000 AM,,,,,,,,,,,,,,8823,,6092,24-Oct-25,6092,24-Oct-25,,,,,,,,,,,,,,,,,,,,,,,,,,
51552,,542,5% D/s,,,500,,,,,,,,24-OCT-25 03.15.00.000000 PM,,,,,,,,,,,,,,32811,,5014,24-Oct-25,5014,24-Oct-25,25921,,,,,,,,,,,,,,,,,,,,,,,,,
51554,,542,0.9% normal saline,,,500,,,,,,,,24-OCT-25 07.00.00.000000 PM,,,600,,,,,,,,,,,32811,,5079,24-Oct-25,5079,24-Oct-25,25921,,,,,,,,,,,,,,,,,,,,,,,,,
51555,,542,5% D/s,,,500,,,,,,,,24-OCT-25 09.30.00.000000 PM,,,,,,,,,,,,,,32811,,5079,24-Oct-25,5079,24-Oct-25,,,,,,,,,,,,,,,,,,,,,,,,,,
51556,,542,febramol,,,100,,,,,,,,24-OCT-25 05.00.00.000000 PM,,,,,,,,,,,,,,32811,,5079,24-Oct-25,5079,24-Oct-25,,,,,,,,,,,,,,,,,,,,,,,,,,
51557,,542,flagyl,,,100,,,,,,,,24-OCT-25 10.00.00.000000 PM,,,,,,,,,,,,,,32811,,5079,24-Oct-25,5079,24-Oct-25,,,,,,,,,,,,,,,,,,,,,,,,,,
51562,,542,0.9% normal saline,,,500,,,,,,,,25-OCT-25 06.00.00.000000 AM,,,,,,,,,,,,,,32811,,5079,25-Oct-25,4953,25-Oct-25,25921,,,,,,,,,,,,,,,,,,,,,,,,,
51559,,542,,,,,,,,,,,,24-OCT-25 11.45.00.000000 PM,,,700,,,,,,,,,,,32811,,5079,24-Oct-25,5079,24-Oct-25,,,,,,,,,,,,,,,,,,,,,,,,,,
51560,,542,febramol,,,100,,,,,,,,25-OCT-25 02.00.00.000000 AM,,,,,,,,,,,,,,32811,,5079,25-Oct-25,5079,25-Oct-25,,,,,,,,,,,,,,,,,,,,,,,,,,
51561,,542,5% D/s,,,500,,,,,,,,25-OCT-25 02.30.00.000000 AM,,,,,,,,,,,,,,32811,,5079,25-Oct-25,5079,25-Oct-25,,,,,,,,,,,,,,,,,,,,,,,,,,
51566,,,normal saline,,,500,,,,,,,,25-OCT-25 02.00.00.000000 PM,,,700,,,,,,,,,,,32811,,4633,25-Oct-25,4633,25-Oct-25,25921,,,,,,,,,,,,,,,,,,,,,,,,,
51567,,,flagyl,,,100,,,,,,,,25-OCT-25 02.00.00.000000 PM,,,,,,,,,,,,,,32811,,4633,25-Oct-25,4633,25-Oct-25,,,,,,,,,,,,,,,,,,,,,,,,,,
51568,,,5%d/saline,,,500,,,,,,,,25-OCT-25 06.30.00.000000 PM,,,,,,,,,,,,,,32811,,4953,25-Oct-25,4953,25-Oct-25,25921,,,,,,,,,,,,,,,,,,,,,,,,,
51575,,,,,,,,,,,,,,25-OCT-25 11.30.00.000000 PM,,,500,,,,,,,,,,,32811,,4953,25-Oct-25,4953,25-Oct-25,,,,,,,,,,,,,,,,,,,,,,,,,,
51576,,,water,,50,,,,,,,,,25-OCT-25 10.00.00.000000 PM,,,,,,,,,,,,,,32811,,4953,25-Oct-25,4953,25-Oct-25,,,,,,,,,,,,,,,,,,,,,,,,,,
51579,,582,ciprofloxacin ,,,100,,,,,,,,25-OCT-25 06.00.00.000000 PM,,,,,,,,,,,,,,33671,,6111,25-Oct-25,6111,25-Oct-25,,,,,,,,,,,,,,,,,,,,,,,,,,
51585,,,5%d/saline,,,500,,,,,,,,26-OCT-25 02.00.00.000000 AM,,,,,,,,,,,,,,32811,,4953,26-Oct-25,4953,26-Oct-25,25921,,,,,,,,,,,,,,,,,,,,,,,,,
51586,,,,,,,,,,,,,,26-OCT-25 02.00.00.000000 AM,,,600,,,,,,,,,,,32811,,4953,26-Oct-25,4953,26-Oct-25,,,,,,,,,,,,,,,,,,,,,,,,,,
51591,,,5% D/s,,,500,,,,,,,,26-OCT-25 06.45.00.000000 AM,,,400,,,,,,,,,,,33671,,4607,26-Oct-25,4607,26-Oct-25,26747,,clear,,,,,,,,,,,,,,,,,,,,,,,
51595,,,0.9% normal saline,,,500,,,,,,,,29-OCT-25 11.45.00.000000 AM,,,,,,,,,,,,,,8791,,4611,29-Oct-25,4611,29-Oct-25,27188,,,,,,,,,,,,,,,,,,,,,,,,,
51598,,,,,,,,,,,,,,29-OCT-25 01.00.00.000000 PM,,,900,,,,,,,,,,,8791,,4611,29-Oct-25,4611,29-Oct-25,27188,,clear,,,,,,,,,,,,,,,,,,,,,,,
50992,,,5% dextrose saline,,,500,,,,,,,,25-SEP-25 11.00.00.000000 AM,,,,,,,,,,,,,,31839,,6111,25-Sep-25,6111,25-Sep-25,,,,,,,,,,,,,,,,,,,,,,,,,,
51011,,,tea and water,,200,,,,,,,,,26-SEP-25 08.30.00.000000 AM,,,,,,,,,,,,,,356,,4953,26-Sep-25,4953,26-Sep-25,,,,,,,,,,,,,,,,,,,,,,,,,,
51022,,,5%d/saline,,,500,,,,,,,,27-SEP-25 07.30.00.000000 AM,,,,,,,,,,,,,,31954,,4953,27-Sep-25,4953,27-Sep-25,,,,,,,,,,,,,,,,,,,,,,,,,,
51036,,,normal saline,,,500,,,,,,,,28-SEP-25 08.30.00.000000 PM,,,300,,,,,,,,,,,6821,,4633,28-Sep-25,4633,28-Sep-25,13244,,,,,,,,,,,,,,,,,,,,,,,,,
51037,,,water,,100,,,,,,,,,28-SEP-25 08.45.00.000000 PM,,,,,,,,,,,,,,6821,,4633,28-Sep-25,4633,28-Sep-25,,,,,,,,,,,,,,,,,,,,,,,,,,
51038,,,febramol,,,100,,,,,,,,28-SEP-25 09.30.00.000000 PM,,,,,,,,,,,,,,6821,,5014,28-Sep-25,5014,28-Sep-25,13244,,,,,,,,,,,,,,,,,,,,,,,,,
51092,,,BF N/Saline,,,250,,,,,,,,01-OCT-25 12.00.00.000000 AM,,,,,,,,,,,,,,30640,,6092,1-Oct-25,6092,1-Oct-25,23265,,,,,,,,,,,,,,,,,,,,,,,,,
51093,,,Febramol,,,100,,,,,,,,01-OCT-25 01.00.00.000000 AM,,,,,,,,,,,,,,30640,,6092,1-Oct-25,6092,1-Oct-25,,,,,,,,,,,,,,,,,,,,,,,,,,
51094,,,BF D.SALINE,,,100,,,,,,,,01-OCT-25 12.00.00.000000 AM,,,,,,,,,,,,,,32262,,6092,1-Oct-25,6092,1-Oct-25,23261,,,,,,,,,,,,,,,,,,,,,,,,,
51096,,,,,,,,,,,,,,01-OCT-25 01.45.00.000000 AM,,,200,,,,,,,,,,,32262,,6092,1-Oct-25,6092,1-Oct-25,,,,,,,,,,,,,,,,,,,,,,,,,,
51142,,582,ciprofloxacin ,,,100,,,,,,,,02-OCT-25 10.00.00.000000 PM,,,,,,,,,,,,,,7861,,4933,2-Oct-25,4933,2-Oct-25,,,,,,,,,,,,,,,,,,,,,,,,,,
51143,,582,water,,500,,,,,,,,,02-OCT-25 11.00.00.000000 PM,,,,,,,,,,,,,,7861,,4933,2-Oct-25,4933,2-Oct-25,,,,,,,,,,,,,,,,,,,,,,,,,,
51146,,582,5% Dextrose saline,,,500,,,,,,,,02-OCT-25 11.00.00.000000 PM,,,,,,,,,,,,,,7861,,4933,2-Oct-25,4933,2-Oct-25,,,,,,,,,,,,,,,,,,,,,,,,,,
51147,,582,water,,500,,,,,,,,,02-OCT-25 11.00.00.000000 PM,,,,,,,,,,,,,,7861,,4933,2-Oct-25,4933,2-Oct-25,,,,,,,,,,,,,,,,,,,,,,,,,,
51168,,542,5% D/s,,,500,,,,,,,,05-OCT-25 02.00.00.000000 PM,,,200,200,,,,,,,,,,32449,,4607,5-Oct-25,4607,5-Oct-25,23739,,,,,,,,,,,,,,,,,,,,,,,,,
51179,,542,5% dextrose saline,,,500,,,,,,,,06-OCT-25 03.00.00.000000 PM,,,,,,,,,,,,,,32561,,4927,6-Oct-25,4927,6-Oct-25,23976,,to run for 6hours,,,,,,,,,,,,,,,,,,,,,,,
51189,,542,5% D/s,,,500,,,,,,,,07-OCT-25 02.30.00.000000 PM,,,,,,,,,,,,,,32570,,6117,7-Oct-25,6117,7-Oct-25,23997,,,,,,,,,,,,,,,,,,,,,,,,,
51198,,542,5% dextrose saline,,,500,,,,,,,,08-OCT-25 02.30.00.000000 PM,,,,,,,,,,,,,,32575,,4625,8-Oct-25,4625,8-Oct-25,,,to run fast,,,,,,,,,,,,,,,,,,,,,,,
51216,,542,0.9% normal saline,,,500,,,,,,,,09-OCT-25 09.30.00.000000 PM,,,,,,,,,,,,,,32694,,4574,9-Oct-25,4574,9-Oct-25,24559,,,,,,,,,,,,,,,,,,,,,,,,,
51217,,542,,,,,,,,,,,,09-OCT-25 09.15.00.000000 PM,,,300,,,,,,,,,,,32694,,4574,9-Oct-25,4574,9-Oct-25,,,,,,,,,,,,,,,,,,,,,,,,,,
51219,,,,,,,,,,,,,,10-OCT-25 01.00.00.000000 AM,,,400,,,,,,,,,,,32694,,4937,10-Oct-25,4937,10-Oct-25,,,,,,,,,,,,,,,,,,,,,,,,,,
51260,,,water,,500,,,,,,,,,18-OCT-25 09.00.00.000000 AM,,,,,,,,,,,,,,32869,,4633,11-Oct-25,4633,11-Oct-25,24719,,,,,,,,,,,,,,,,,,,,,,,,,
51301,,542,normal saline,,,500,,,,,,,,14-OCT-25 09.00.00.000000 AM,,,200,,,,,,,,,,,32997,,4933,14-Oct-25,4933,14-Oct-25,25019,,,,,,,,,,,,,,,,,,,,,,,,,
51306,,542,0.9% normal saline,,,500,,,,,,,,14-OCT-25 08.00.00.000000 PM,,,,,,,,,,,,,,33066,,5759,14-Oct-25,5759,14-Oct-25,,,,,,,,,,,,,,,,,,,,,,,,,,
51309,,542,5% dex in 1/2 saline,,,500,,,,,,,,14-OCT-25 08.00.00.000000 PM,,,,,,,,,,,,,,33000,,4574,14-Oct-25,4574,14-Oct-25,25020,,,,,,,,,,,,,,,,,,,,,,,,,
51310,,542,,,,,,,,,,,,14-OCT-25 07.45.00.000000 PM,,,400,,,,,,,,,,,32997,,4574,14-Oct-25,4574,14-Oct-25,25019,,,,,,,,,,,,,,,,,,,,,,,,,
51325,,542,,,,,,,,,,,,15-OCT-25 09.45.00.000000 PM,,,300,,,,,,,,,,,33083,,4574,15-Oct-25,4574,15-Oct-25,,,,,,,,,,,,,,,,,,,,,,,,,,
51335,,,normal saline,,,500,,,,,,,,16-OCT-25 11.45.00.000000 AM,,,400,,,,,,,,,,,33083,,4927,16-Oct-25,4927,16-Oct-25,25308,,,,,,,,,,,,,,,,,,,,,,,,,
51339,,542,0.9% N/S (500mls),,,500,,,,,,,,16-OCT-25 07.00.00.000000 PM,,,,,,,,,,,,,,33178,,5482,16-Oct-25,5482,16-Oct-25,25502,,,,,,,,,,,,,,,,,,,,,,,,,
51341,,542,,,,,,,,,,,,16-OCT-25 10.00.00.000000 PM,,,300,,,,,,,,,,,33178,,5482,16-Oct-25,5482,16-Oct-25,,,,,,,,,,,,,,,,,,,,,,,,,,
51392,,,RINGERS LACTATE ,,,500,,,,,,,,19-OCT-25 05.00.00.000000 PM,,,,,,,,,,,,,,33290,,4927,19-Oct-25,4927,19-Oct-25,25788,,,,,,,,,,,,,,,,,,,,,,,,,
51393,,,ORS,,200,,,,,,,,,19-OCT-25 06.00.00.000000 PM,,,,,,,,,,,,,,33290,,4927,19-Oct-25,4927,19-Oct-25,,,,,,,,,,,,,,,,,,,,,,,,,,
51394,,,PAP,,300,,,,,,,,,19-OCT-25 06.30.00.000000 PM,,,300,,300,,,,,,,,,33290,,4927,19-Oct-25,4927,19-Oct-25,,,,,,,,,,,,,,,,,,,,,,,,,,
51395,,,5% dex in Ringers,,,500,,,,,,,,19-OCT-25 08.45.00.000000 PM,,,,,,,,,,,,,,33303,,4927,19-Oct-25,4927,19-Oct-25,25796,,,,,,,,,,,,,,,,,,,,,,,,,
51409,,,5% D/s,,,500,,,,,,,,20-OCT-25 05.15.00.000000 AM,,,200,,,,,,,,,,,33290,,4927,20-Oct-25,4927,20-Oct-25,,,,,,,,,,,,,,,,,,,,,,,,,,
51411,,582,5% dextrose saline,,,500,,,,,,,,27-OCT-25 12.15.00.000000 AM,,,400,,,,,,,,,,,4116,,6111,20-Oct-25,6111,20-Oct-25,24870,,,,,,,,,,,,,,,,,,,,,,,,,
51412,,582,5% dextrose saline,,,500,,,,,,,,27-OCT-25 12.15.00.000000 AM,,,400,,,,,,,,,,,4116,,6111,20-Oct-25,6111,20-Oct-25,,,,,,,,,,,,,,,,,,,,,,,,,,
51413,,582,5% dextrose saline,,,500,,,,,,,,27-OCT-25 12.15.00.000000 AM,,,400,,,,,,,,,,,4116,,6111,20-Oct-25,6111,20-Oct-25,,,,,,,,,,,,,,,,,,,,,,,,,,
51488,,542,5% Dextrose saline,,,500,,,,,,,,22-OCT-25 02.30.00.000000 PM,,,,,,,,,,,,,,30098,,5990,22-Oct-25,5990,22-Oct-25,26238,,8 hourly,,,,,,,,,,,,,,,,,,,,,,,
51475,,582,0.9% normal saline,,,500,,,,,,,,21-OCT-25 10.00.00.000000 PM,,,,,,,,,,,,,,33387,,5981,21-Oct-25,5981,21-Oct-25,,,,,,,,,,,,,,,,,,,,,,,,,,
51483,,,pap + water,,300,,,,,,,,,22-OCT-25 12.30.00.000000 PM,,,,,,,,,,,,,,33062,,4611,22-Oct-25,4611,22-Oct-25,,,,,,,,,,,,,,,,,,,,,,,,,,
51489,,542,,,,,,,,,,,,22-OCT-25 02.30.00.000000 PM,,,300,,,,,,,,,,,6760,,5990,22-Oct-25,5990,22-Oct-25,26291,,,,,,,,,,,,,,,,,,,,,,,,,
51518,,542,water,,500,,,,,,,,,23-OCT-25 01.00.00.000000 PM,,,400,,,,,,,,,,,33062,,4937,23-Oct-25,4937,23-Oct-25,,,,,,,,,,,,,,,,,,,,,,,,,,
51523,,,0.9% normal saline,,,,,,,,,,,23-OCT-25 09.00.00.000000 AM,,,,,,,,,,,,,,6760,,4937,23-Oct-25,4937,23-Oct-25,26291,,,,,,,,,,,,,,,,,,,,,,,,,
51530,,,water,,500,,,,,,,,,23-OCT-25 05.30.00.000000 PM,,,400,,,,,,,,,,,33062,,5755,23-Oct-25,5755,23-Oct-25,26519,,,,,,,,,,,,,,,,,,,,,,,,,
51531,,,water,,400,,,,,,,,,23-OCT-25 08.30.00.000000 PM,,,500,,,,,,,,,,,33062,,5755,23-Oct-25,5755,23-Oct-25,,,,,,,,,,,,,,,,,,,,,,,,,,
51538,,,water,,300,,,,,,,,,23-OCT-25 11.00.00.000000 PM,,,,,,,,,,,,,,33589,,5755,23-Oct-25,5755,23-Oct-25,,,,,,,,,,,,,,,,,,,,,,,,,,
51574,,,normal saline,,,500,,,,,,,,25-OCT-25 10.30.00.000000 PM,,,,,,,,,,,,,,32811,,4953,25-Oct-25,4953,25-Oct-25,,,,,,,,,,,,,,,,,,,,,,,,,,
51596,,,0.9% normal saline,,,500,,,,,,,,29-OCT-25 12.45.00.000000 PM,,,,,,,,,,,,,,8791,,4611,29-Oct-25,4611,29-Oct-25,,,plus 20 i.u of oxytocin,,,,,,,,,,,,,,,,,,,,,,,
51597,,,IV FLAGYL,,,100,,,,,,,,29-OCT-25 12.45.00.000000 PM,,,,,,,,,,,,,,8791,,4611,29-Oct-25,4611,29-Oct-25,27188,,,,,,,,,,,,,,,,,,,,,,,,,
51606,,,febramol,,,100,,,,,,,,29-OCT-25 07.00.00.000000 PM,,,,,,,,,,,,,,8791,,4633,29-Oct-25,4633,29-Oct-25,27188,,,,,,,,,,,,,,,,,,,,,,,,,
51607,,,N/S + 40I.U Oxytocin,,,500,,,,,,,,29-OCT-25 07.00.00.000000 PM,,,,,,,,,,,,,,8791,,4633,29-Oct-25,4633,29-Oct-25,27188,,,,,,,,,,,,,,,,,,,,,,,,,
51608,,,N/saline,,,350,,,,,,,,29-OCT-25 09.00.00.000000 PM,,,,,,,,,,,,,,135,,4633,29-Oct-25,4633,29-Oct-25,27245,,,,,,,,,,,,,,,,,,,,,,,,,
51609,,,febramol,,,100,,,,,,,,29-OCT-25 07.00.00.000000 PM,,,,,,,,,,,,,,135,,4633,29-Oct-25,4633,29-Oct-25,,,,,,,,,,,,,,,,,,,,,,,,,,
51610,,,Flagyl,,,100,,,,,,,,29-OCT-25 10.00.00.000000 PM,,,,,,,,,,,,,,135,,4633,29-Oct-25,4633,29-Oct-25,,,,,,,,,,,,,,,,,,,,,,,,,,
51611,,542,IV 5% Ringer Lactate,,,500,,,,,,,,29-OCT-25 09.15.00.000000 PM,,,,,,,,,,,,,,33847,,5981,29-Oct-25,5981,29-Oct-25,27241,,Bowel Open,,,,,,,,,,,,,,,,,,,,,,,
51612,,,flagyl,,,100,,,,,,,,29-OCT-25 10.00.00.000000 PM,,,,,,,,,,,,,,8791,,4633,29-Oct-25,4633,29-Oct-25,27244,,,,,,,,,,,,,,,,,,,,,,,,,
51613,,,5% D/s +20 oxitocin,,,150,,,,,,,,29-OCT-25 11.00.00.000000 PM,,,,,,,,,,,,,,8791,,4633,29-Oct-25,4633,29-Oct-25,,,,,,,,,,,,,,,,,,,,,,,,,,
51614,,,,,,,,,,,,,,29-OCT-25 11.45.00.000000 PM,,,500,,,,,,,,,,,8791,,4633,29-Oct-25,4633,29-Oct-25,,,,,,,,,,,,,,,,,,,,,,,,,,
51615,,,,,,,,,,,,,,29-OCT-25 11.45.00.000000 PM,,,900,,,,,,,,,,,135,,4633,29-Oct-25,4633,29-Oct-25,,,,,,,,,,,,,,,,,,,,,,,,,,
51616,,542,5% Ringers Lactate,,,500,,,,,,,,30-OCT-25 12.30.00.000000 AM,,,,,,,,,,,,,,33847,,5981,30-Oct-25,5981,30-Oct-25,27241,,,,,,,,,,,,,,,,,,,,,,,,,
51617,,,normal saline,,,150,,,,,,,,30-OCT-25 12.00.00.000000 AM,,,,,,,,,,,,,,135,,4633,30-Oct-25,4633,30-Oct-25,27245,,,,,,,,,,,,,,,,,,,,,,,,,
51618,,,5% Dextrose saline,,,500,,,,,,,,30-OCT-25 01.00.00.000000 AM,,,,,,,,,,,,,,135,,4633,30-Oct-25,4633,30-Oct-25,27245,,,,,,,,,,,,,,,,,,,,,,,,,
51619,,,normal saline,,,500,,,,,,,,30-OCT-25 06.00.00.000000 AM,,,1000,,,,,,,,,,,135,,4633,30-Oct-25,4633,30-Oct-25,,,,,,,,,,,,,,,,,,,,,,,,,,
51620,,,5% Dextrose saline,,,350,,,,,,,,30-OCT-25 12.00.00.000000 AM,,,,,,,,,,,,,,8791,,4633,30-Oct-25,4633,30-Oct-25,27244,,,,,,,,,,,,,,,,,,,,,,,,,
51621,,,normal saline,,,500,,,,,,,,30-OCT-25 03.00.00.000000 AM,,,,,,,,,,,,,,8791,,4633,30-Oct-25,4633,30-Oct-25,27244,,,,,,,,,,,,,,,,,,,,,,,,,
51623,,,,,,,,,,,,,,30-OCT-25 08.00.00.000000 AM,,,200,,,,,,,,,,,8791,,4633,30-Oct-25,4633,30-Oct-25,27244,,,,,,,,,,,,,,,,,,,,,,,,,
51624,,,,,,,,,,,,,,30-OCT-25 08.00.00.000000 AM,,,300,,,,,,,,,,,135,,4633,30-Oct-25,4633,30-Oct-25,27245,,,,,,,,,,,,,,,,,,,,,,,,,
51626,,,water,,300,,,,,,,,,30-OCT-25 12.30.00.000000 PM,,,,,,,,,,,,,,8791,,4611,30-Oct-25,4611,30-Oct-25,27244,,,,,,,,,,,,,,,,,,,,,,,,,
51627,,547,normal saline,,,500,,,,,,,,30-OCT-25 01.30.00.000000 PM,,,,,,,,,,,,,,3648,,5501,30-Oct-25,5501,30-Oct-25,27425,,fluid to run for 4hrs,,,,,,,,,,,,,,,,,,,,,,,
51628,,,,,,,,,,,,,,30-OCT-25 12.45.00.000000 PM,,,500,,,,,,,,,,,135,,4611,30-Oct-25,4611,30-Oct-25,27245,,catheter D/C,,,,,,,,,,,,,,,,,,,,,,,
51629,,,normal saline,,,500,,,,,,,,30-OCT-25 12.30.00.000000 PM,,,,,,,,,,,,,,135,,4611,30-Oct-25,4611,30-Oct-25,27245,,,,,,,,,,,,,,,,,,,,,,,,,
51630,,,normal saline,,,500,,,,,,,,30-OCT-25 12.15.00.000000 PM,,,,,,,,,,,,,,8791,,4611,30-Oct-25,4611,30-Oct-25,27244,,,,,,,,,,,,,,,,,,,,,,,,,
51631,,,,,,,,,,,,,,30-OCT-25 11.00.00.000000 AM,,,200,,,,,,,,,,,8791,,4611,30-Oct-25,4611,30-Oct-25,,,D/C,,,,,,,,,,,,,,,,,,,,,,,
51632,,,water,,300,,,,,,,,,30-OCT-25 12.45.00.000000 PM,,,,,,,,,,,,,,8791,,4611,30-Oct-25,4611,30-Oct-25,27244,,,,,,,,,,,,,,,,,,,,,,,,,
51633,,,Pap+water,,300,,,,,,,,,30-OCT-25 01.00.00.000000 PM,,,,,,,,,,,,,,8791,,4611,30-Oct-25,4611,30-Oct-25,,,,,,,,,,,,,,,,,,,,,,,,,,
51634,,,Pap+water,,300,,,,,,,,,30-OCT-25 02.00.00.000000 PM,,,,,,,,,,,,,,8791,,4611,30-Oct-25,4611,30-Oct-25,27244,,,,,,,,,,,,,,,,,,,,,,,,,
51635,,542,5% Ringers lactate,,,500,,,,,,,,30-OCT-25 01.15.00.000000 PM,,,,,,,,,,,,,,33847,,5990,30-Oct-25,5990,30-Oct-25,27241,,,,,,,,,,,,,,,,,,,,,,,,,
50990,,,,,,,,,,,,,,02-OCT-25 03.00.00.000000 PM,,,400,,,,,,,,,,,31839,,6111,25-Sep-25,6111,25-Sep-25,,,cocacola coloured urine,,,,,,,,,,,,,,,,,,,,,,,
50991,,,5% dextrose saline,,,500,,,,,,,,25-SEP-25 10.00.00.000000 AM,,,,,,,,,,,,,,31839,,6111,25-Sep-25,6111,25-Sep-25,,,,,,,,,,,,,,,,,,,,,,,,,,
51013,,,water,,500,,,,,,,,,26-SEP-25 08.00.00.000000 PM,,,,,,,,,,,,,,31954,,4953,26-Sep-25,4953,26-Sep-25,22756,,,,,,,,,,,,,,,,,,,,,,,,,
51014,,,water,,500,,,,,,,,,26-SEP-25 09.15.00.000000 PM,,,300,,,,,,,,,,,31954,,4953,26-Sep-25,4953,26-Sep-25,,,,,,,,,,,,,,,,,,,,,,,,,,
51015,,,water,,300,,,,,,,,,26-SEP-25 10.15.00.000000 PM,,,150,,,,,,,,,,,31954,,4953,26-Sep-25,4953,26-Sep-25,,,,,,,,,,,,,,,,,,,,,,,,,,
51016,,,Blood,,,450,,,,,,,,26-SEP-25 11.00.00.000000 PM,,,,,,,,,,,,,,31954,,4953,26-Sep-25,4953,26-Sep-25,,,,,,,,,,,,,,,,,,,,,,,,,,
51017,,,,,,,,,,,,,,26-SEP-25 05.00.00.000000 PM,,,200,,,,,,,,,,,31954,,4953,26-Sep-25,4953,26-Sep-25,,,,,,,,,,,,,,,,,,,,,,,,,,
51024,,,water,,500,,,,,,,,,27-SEP-25 10.00.00.000000 AM,,,,,,,,,,,,,,31954,,5759,27-Sep-25,5759,27-Sep-25,22756,,,,,,,,,,,,,,,,,,,,,,,,,
51025,,542,normal saline,,500,,,,,,,,,27-SEP-25 11.00.00.000000 AM,,,,,,,,,,,,,,32057,,4651,27-Sep-25,4651,27-Sep-25,22762,,,,,,,,,,,,,,,,,,,,,,,,,
51030,,,5% D/s,,,500,,,,,,,,27-SEP-25 03.00.00.000000 PM,,,,,,,,,,,,,,356,,5759,27-Sep-25,5759,27-Sep-25,,,,,,,,,,,,,,,,,,,,,,,,,,
51031,,,,,,,,,,,,,,28-SEP-25 07.45.00.000000 AM,,,400,,,,,,,,,,,356,,6068,28-Sep-25,6068,28-Sep-25,22578,,,,,,,,,,,,,,,,,,,,,,,,,
51032,,,5% D/s +vit bco 4cc,,,500,,,,,,,,28-SEP-25 08.00.00.000000 AM,,,,,,,,,,,,,,356,,6068,28-Sep-25,6068,28-Sep-25,22578,,,,,,,,,,,,,,,,,,,,,,,,,
51053,,,5% D/s,,,500,,,,,,,,29-SEP-25 01.30.00.000000 PM,,,300,,,,,,,,,,,356,,5755,29-Sep-25,5755,29-Sep-25,,,,,,,,,,,,,,,,,,,,,,,,,,
51055,,582,normal saline,,,500,,,,,,,,29-SEP-25 01.45.00.000000 PM,,,,,,,,,,,,,,32149,,5926,29-Sep-25,5926,29-Sep-25,23010,,FAST,,,,,,,,,,,,,,,,,,,,,,,
51056,,582,normal saline,,,500,,,,,,,,29-SEP-25 01.15.00.000000 PM,,,,,,,,,,,,,,32149,,5926,29-Sep-25,5926,29-Sep-25,23010,,FAST,,,,,,,,,,,,,,,,,,,,,,,
51057,,582,ringers lactate,,,500,,,,,,,,29-SEP-25 02.30.00.000000 PM,,,,,,,,,,,,,,32149,,5926,29-Sep-25,5926,29-Sep-25,23010,,,,,,,,,,,,,,,,,,,,,,,,,
51058,,582,normal saline,,,500,,,,,,,,29-SEP-25 04.15.00.000000 PM,,,450,,,,,,,,,,,32149,,5926,29-Sep-25,5926,29-Sep-25,,,,,,,,,,,,,,,,,,,,,,,,,,
51062,,,,,,,,,,,,,,29-SEP-25 12.00.00.000000 AM,,,,,200,,,,,,,,,32149,,4512,29-Sep-25,4512,29-Sep-25,23010,,watery stool,,,,,,,,,,,,,,,,,,,,,,,
51088,,,,,,,,,,,,,,30-SEP-25 07.00.00.000000 PM,,,400,,,,,,,,,,,30171,,4651,30-Sep-25,4651,30-Sep-25,23270,,concentrated urine,,,,,,,,,,,,,,,,,,,,,,,
51095,,,5% D/s,,,500,,,,,,,,01-OCT-25 01.30.00.000000 AM,,,,,,,,,,,,,,32262,,6092,1-Oct-25,6092,1-Oct-25,23261,,,,,,,,,,,,,,,,,,,,,,,,,
51100,,,,,,,,,,,,,,01-OCT-25 07.15.00.000000 AM,,,,150,,,,,,,,,,30640,,6092,1-Oct-25,6092,1-Oct-25,23265,,Recently ingested meal,,,,,,,,,,,,,,,,,,,,,,,
51101,,,,,,,,,,,,,,01-OCT-25 08.00.00.000000 AM,,,,200,,,,,,,,,,30640,,6092,1-Oct-25,6092,1-Oct-25,,,brownish colour,,,,,,,,,,,,,,,,,,,,,,,
51102,,542,5% dextrose saline,,,500,,,,,,,,01-OCT-25 03.00.00.000000 AM,,,,,,,,,,,,,,30171,,4950,1-Oct-25,4950,1-Oct-25,23270,,,,,,,,,,,,,,,,,,,,,,,,,
51103,,542,,,,,,,,,,,,01-OCT-25 06.00.00.000000 AM,,,300,,,,,,,,,,,30171,,4950,1-Oct-25,4950,1-Oct-25,,,,,,,,,,,,,,,,,,,,,,,,,,
51104,,542,0.9% normal saline,,,500,,,,,,,,01-OCT-25 07.00.00.000000 AM,,,,,,,,,,,,,,30171,,4950,1-Oct-25,4950,1-Oct-25,,,,,,,,,,,,,,,,,,,,,,,,,,
51116,,,febramol,,400,100,,,,,,,,01-OCT-25 06.00.00.000000 PM,,,300,,,,,,,,,,,30640,,4643,1-Oct-25,4643,1-Oct-25,23265,,,,,,,,,,,,,,,,,,,,,,,,,
51138,,582,5% D/s,,,500,,,,,,,,02-OCT-25 07.00.00.000000 AM,,,,,,,,,,,,,,7861,,6117,2-Oct-25,6117,2-Oct-25,15734,,,,,,,,,,,,,,,,,,,,,,,,,
51161,,,,,,,,,,,,,,03-OCT-25 10.30.00.000000 PM,,,,150,,,,,,,,,,8525,,5759,3-Oct-25,5759,3-Oct-25,23690,,,,,,,,,,,,,,,,,,,,,,,,,
51163,,,,,,,,,,,,,,04-OCT-25 01.00.00.000000 AM,,,200,,,,,,,,,,,32449,,5759,4-Oct-25,5759,4-Oct-25,,,,,,,,,,,,,,,,,,,,,,,,,,
51166,,,normal saline,,,500,,,,,,,,04-OCT-25 04.00.00.000000 PM,,,500,,,,,,,,,,,32449,,5755,4-Oct-25,5755,4-Oct-25,23739,,,,,,,,,,,,,,,,,,,,,,,,,
51167,,,detrose water,,200,500,,,,,,,,04-OCT-25 10.00.00.000000 PM,,,500,,,,,,,,,,,32449,,5755,4-Oct-25,5755,4-Oct-25,,,,,,,,,,,,,,,,,,,,,,,,,,
51169,,542,normal saline,,,500,,,,,,,,05-OCT-25 08.00.00.000000 AM,,,200,50,,,,,,,,,,32449,,4607,5-Oct-25,4607,5-Oct-25,,,,,,,,,,,,,,,,,,,,,,,,,,
51170,,542,normal saline,,,500,,,,,,,,05-OCT-25 08.00.00.000000 PM,,,150,,100,,,,,,,,,32449,,4607,5-Oct-25,4607,5-Oct-25,,,,,,,,,,,,,,,,,,,,,,,,,,
51171,,542,5% D/s,,,100,,,,,,,,05-OCT-25 11.00.00.000000 PM,,,,,50,,,,,,,,,32449,,4607,5-Oct-25,4607,5-Oct-25,,,,,,,,,,,,,,,,,,,,,,,,,,
51173,,542,5% D/s,,,400,,,,,,,,06-OCT-25 12.15.00.000000 AM,,,,,,,,,,,,,,32449,,4607,6-Oct-25,4607,6-Oct-25,,,,,,,,,,,,,,,,,,,,,,,,,,
51186,,542,,,,,,,,,,,,07-OCT-25 02.15.00.000000 PM,,,200,,,,,,,,,,,32570,,6117,7-Oct-25,6117,7-Oct-25,23997,,,,,,,,,,,,,,,,,,,,,,,,,
51187,,542,,,,,,,,,,,,07-OCT-25 12.00.00.000000 PM,,,200,,,,,,,,,,,32561,,6117,7-Oct-25,6117,7-Oct-25,23976,,,,,,,,,,,,,,,,,,,,,,,,,
51190,,542,,,,,,,,,,,,07-OCT-25 04.00.00.000000 PM,,,200,,,,,,,,,,,32561,,6117,7-Oct-25,6117,7-Oct-25,23976,,,,,,,,,,,,,,,,,,,,,,,,,
51218,,582,,,,,,,,,,,,09-OCT-25 11.15.00.000000 PM,,,500,,,,,,,,,,,6614,,6111,9-Oct-25,6111,9-Oct-25,24288,,,,,,,,,,,,,,,,,,,,,,,,,
51221,,,water+H/ Yogourt,,500,,,,,,,,,10-OCT-25 04.00.00.000000 AM,,,,,,,,,,,,,,32766,,4937,10-Oct-25,4937,10-Oct-25,24448,,,,,,,,,,,,,,,,,,,,,,,,,
51233,,582,tea and water,,,450,,,,,,,,10-OCT-25 01.00.00.000000 PM,,,350,,,,,,,,,,,6614,,5926,10-Oct-25,5926,10-Oct-25,24288,,,,,,,,,,,,,,,,,,,,,,,,,
51255,,,Pap and Water,,400,,,,,,,,,11-OCT-25 11.30.00.000000 AM,,,400,,,,,,,,,,,6614,,5755,11-Oct-25,5755,11-Oct-25,24288,,,,,,,,,,,,,,,,,,,,,,,,,
51265,,,water,,500,,,,,,,,,11-OCT-25 09.00.00.000000 AM,,,,,,,,,,,,,,32869,,4643,11-Oct-25,4643,11-Oct-25,24751,,,,,,,,,,,,,,,,,,,,,,,,,
51270,,,5% D/s,,,500,,,,,,,,12-OCT-25 12.00.00.000000 AM,,,,,,,,,,,,,,32890,,4643,12-Oct-25,4643,12-Oct-25,24748,,,,,,,,,,,,,,,,,,,,,,,,,
51288,,542,,,,,,,,,,,,14-OCT-25 05.30.00.000000 AM,,,200,,,,,,,,,,,32997,,6068,14-Oct-25,6068,14-Oct-25,,,,,,,,,,,,,,,,,,,,,,,,,,
51289,,542,,,,,,,,,,,,14-OCT-25 06.00.00.000000 AM,,,200,,,,,,,,,,,32967,,6068,14-Oct-25,6068,14-Oct-25,24959,,,,,,,,,,,,,,,,,,,,,,,,,
51296,,,0.9% normal saline,,,500,,,,,,,,14-OCT-25 12.00.00.000000 PM,,,,,,,,,,,,,,33066,,4611,14-Oct-25,4611,14-Oct-25,25200,,,,,,,,,,,,,,,,,,,,,,,,,
51297,,,,,,,,,,,,,,14-OCT-25 01.15.00.000000 PM,,,500,,,,,,,,,,,33066,,4611,14-Oct-25,4611,14-Oct-25,25200,,clear,,,,,,,,,,,,,,,,,,,,,,,
51303,,542,8% dext in 1/5 salin,,,120,,,,,,,,14-OCT-25 12.00.00.000000 PM,,,,,,,,,,,,,,30486,,4933,14-Oct-25,4933,14-Oct-25,24895,,,,,,,,,,,,,,,,,,,,,,,,,
51304,,542,RINGERS LACTATE ,,,500,,,,,,,,14-OCT-25 03.30.00.000000 PM,,,200,,,,,,,,,,,32967,,4933,14-Oct-25,4933,14-Oct-25,24959,,,,,,,,,,,,,,,,,,,,,,,,,
51305,,,normal saline,,,500,,,,,,,,14-OCT-25 05.00.00.000000 PM,,,,,,,,,,,,,,32997,,5759,14-Oct-25,5759,14-Oct-25,25019,,,,,,,,,,,,,,,,,,,,,,,,,
51315,,,5% dex in ringers,,,500,,,,,,,,14-OCT-25 11.45.00.000000 PM,,,,,,,,,,,,,,33086,,5759,14-Oct-25,5759,14-Oct-25,25251,,,,,,,,,,,,,,,,,,,,,,,,,
51333,,,,,,,,,,,,,,16-OCT-25 10.00.00.000000 AM,,,400,,,,,,,,,,,33083,,4927,16-Oct-25,4927,16-Oct-25,25308,,,,,,,,,,,,,,,,,,,,,,,,,
51334,,,,,,,,,,,,,,16-OCT-25 10.00.00.000000 AM,,,,150,150,,,,,,,,,33086,,4927,16-Oct-25,4927,16-Oct-25,25313,,,,,,,,,,,,,,,,,,,,,,,,,
51358,,,,,,,,,,,,,,17-OCT-25 05.15.00.000000 PM,,,400,,,,,,,,,,,33202,,6092,17-Oct-25,6092,17-Oct-25,,,,,,,,,,,,,,,,,,,,,,,,,,
51360,,,Dextrose saline,,,500,,,,,,,,17-OCT-25 06.30.00.000000 PM,,,,,,,,,,,,,,33209,,6092,17-Oct-25,6092,17-Oct-25,25573,,6 HOULY,,,,,,,,,,,,,,,,,,,,,,,
51363,,,water,,600,,,,,,,,,17-OCT-25 07.15.00.000000 PM,,,,,,,,,,,,,,33209,,6092,17-Oct-25,6092,17-Oct-25,,,,,,,,,,,,,,,,,,,,,,,,,,
51379,,542,,,,,,,,,,,,18-OCT-25 06.00.00.000000 AM,,,200,,,,,,,,,,,6577,,5482,18-Oct-25,5482,18-Oct-25,,,,,,,,,,,,,,,,,,,,,,,,,,
51414,,582,5% dextrose saline,,,500,,,,,,,,27-OCT-25 12.15.00.000000 AM,,,400,,,,,,,,,,,4116,,6111,20-Oct-25,6111,20-Oct-25,,,,,,,,,,,,,,,,,,,,,,,,,,
51416,,582,normal saline,,,1000,,,,,,,,20-OCT-25 08.00.00.000000 AM,,,,,,,,,,,,,,4116,,4574,20-Oct-25,4574,20-Oct-25,24870,,,,,,,,,,,,,,,,,,,,,,,,,
51431,,542,Dextrose saline,,,500,,,,,,,,20-OCT-25 06.00.00.000000 PM,,,,,,,,,,,,,,30916,,4607,20-Oct-25,4607,20-Oct-25,26001,,,,,,,,,,,,,,,,,,,,,,,,,
51433,,582,0.9% normal saline,,,500,,,,,,,,27-OCT-25 07.15.00.000000 PM,,,,,,,,,,,,,,33387,,5981,20-Oct-25,5981,20-Oct-25,,,,,,,,,,,,,,,,,,,,,,,,,,
51439,,582,,,,,,,,,,,,20-OCT-25 10.15.00.000000 PM,,,600,,,,,,,,,,,4116,,5981,20-Oct-25,5981,20-Oct-25,,,,,,,,,,,,,,,,,,,,,,,,,,
51444,,582,,,,,,,,,,,,20-OCT-25 07.30.00.000000 PM,,,300,,,,,,,,,,,33387,,5981,20-Oct-25,5981,20-Oct-25,,,,,,,,,,,,,,,,,,,,,,,,,,
51452,,,water,,200,,,,,,,,,20-OCT-25 11.30.00.000000 PM,,,400,,,,,,,,,,,33290,,4633,20-Oct-25,4633,20-Oct-25,,,,,,,,,,,,,,,,,,,,,,,,,,
51508,,,water,,200,,,,,,,,,23-OCT-25 10.00.00.000000 AM,,,300,,,,,,,,,,,33487,,4937,23-Oct-25,4937,23-Oct-25,26258,,,,,,,,,,,,,,,,,,,,,,,,,
51517,,542,5% dextrose saline,,,500,,,,,,,,23-OCT-25 09.30.00.000000 AM,,,,,,,,,,,,,,33062,,4937,23-Oct-25,4937,23-Oct-25,26519,,,,,,,,,,,,,,,,,,,,,,,,,
51537,,,water,,500,,,,,,,,,23-OCT-25 08.30.00.000000 PM,,,450,,,,,,,,,,,8639,,5755,23-Oct-25,5755,23-Oct-25,,,,,,,,,,,,,,,,,,,,,,,,,,
51563,,542,flagyl,,,100,,,,,,,,25-OCT-25 06.15.00.000000 AM,,,900,,,,,,,,,,,32811,,5079,25-Oct-25,5079,25-Oct-25,,,,,,,,,,,,,,,,,,,,,,,,,,
51564,,,Febramol,,,100,,,,,,,,25-OCT-25 10.00.00.000000 AM,,,500,,,,,,,,,,,32811,,4633,25-Oct-25,4633,25-Oct-25,25921,,,,,,,,,,,,,,,,,,,,,,,,,
51565,,,5% D/s,,,500,,,,,,,,25-OCT-25 10.00.00.000000 AM,,,,,,,,,,,,,,32811,,4633,25-Oct-25,4633,25-Oct-25,25921,,,,,,,,,,,,,,,,,,,,,,,,,
51569,,,,,,,,,,,,,,25-OCT-25 05.30.00.000000 PM,,,300,,,,,,,,,,,32811,,4953,25-Oct-25,4953,25-Oct-25,25921,,,,,,,,,,,,,,,,,,,,,,,,,
51570,,,water,,100,,,,,,,,,25-OCT-25 06.00.00.000000 PM,,,,,,,,,,,,,,32811,,4953,25-Oct-25,4953,25-Oct-25,,,,,,,,,,,,,,,,,,,,,,,,,,
51571,,,,,,,,,,,,,,25-OCT-25 09.30.00.000000 PM,,,200,,,,,,,,,,,32811,,4953,25-Oct-25,4953,25-Oct-25,,,,,,,,,,,,,,,,,,,,,,,,,,
51572,,,febramol,,,100,,,,,,,,25-OCT-25 10.00.00.000000 PM,,,,,,,,,,,,,,32811,,4953,25-Oct-25,4953,25-Oct-25,,,,,,,,,,,,,,,,,,,,,,,,,,
51573,,,flagyl,,,100,,,,,,,,25-OCT-25 10.15.00.000000 PM,,,,,,,,,,,,,,32811,,4953,25-Oct-25,4953,25-Oct-25,,,,,,,,,,,,,,,,,,,,,,,,,,
51577,,582,5% Dextrose saline,,,500,,,,,,,,25-OCT-25 06.00.00.000000 PM,,,,,,,,,,,,,,33671,,6111,25-Oct-25,6111,25-Oct-25,26747,,,,,,,,,,,,,,,,,,,,,,,,,
51578,,582,febramol,,,100,,,,,,,,25-OCT-25 10.00.00.000000 PM,,,400,,,,,,,,,,,33671,,6111,25-Oct-25,6111,25-Oct-25,,,,,,,,,,,,,,,,,,,,,,,,,,
51580,,582,flagyl,,,100,,,,,,,,25-OCT-25 06.00.00.000000 PM,,,,,,,,,,,,,,33671,,6111,25-Oct-25,6111,25-Oct-25,26747,,,,,,,,,,,,,,,,,,,,,,,,,
51581,,582,water,,,300,,,,,,,,25-OCT-25 08.00.00.000000 PM,,,,,,,,,,,,,,33671,,6111,25-Oct-25,6111,25-Oct-25,26747,,,,,,,,,,,,,,,,,,,,,,,,,
50994,,,febramol,,,100,,,,,,,,25-SEP-25 06.00.00.000000 PM,,,,,,,,,,,,,,31839,,4643,25-Sep-25,4643,25-Sep-25,22285,,,,,,,,,,,,,,,,,,,,,,,,,
50995,,,5% D/s,,,500,,,,,,,,25-SEP-25 06.00.00.000000 PM,,,,,,,,,,,,,,31839,,4643,25-Sep-25,4643,25-Sep-25,,,,,,,,,,,,,,,,,,,,,,,,,,
50997,,,water,,100,,,,,,,,,25-SEP-25 06.38.00.000000 PM,,,,,,,,,,,,,,31839,,4643,25-Sep-25,4643,25-Sep-25,,,,,,,,,,,,,,,,,,,,,,,,,,
51039,,,flagyl,,,100,,,,,,,,28-SEP-25 09.45.00.000000 PM,,,,,,,,,,,,,,6821,,5014,28-Sep-25,5014,28-Sep-25,,,,,,,,,,,,,,,,,,,,,,,,,,
51041,,542,5% D/s+5mls of bco,,,500,,,,,,,,28-SEP-25 04.00.00.000000 PM,,,500,,,,,,,,,,,356,,6111,28-Sep-25,6111,28-Sep-25,22578,,,,,,,,,,,,,,,,,,,,,,,,,
51048,,542,tea + water,,200,,,,,,,,,28-SEP-25 09.30.00.000000 PM,,,,,,,,,,,,,,32057,,6111,28-Sep-25,6111,28-Sep-25,22762,,,,,,,,,,,,,,,,,,,,,,,,,
51054,,,tea and water,,,300,,,,,,,,29-SEP-25 10.30.00.000000 AM,,,,,,,,,,,,,,356,,5755,29-Sep-25,5755,29-Sep-25,,,,,,,,,,,,,,,,,,,,,,,,,,
51064,,,,,,,,,,,,,,29-SEP-25 11.30.00.000000 PM,,,,,300,,,,,,,,,32149,,6092,29-Sep-25,6092,29-Sep-25,23010,,watery,,,,,,,,,,,,,,,,,,,,,,,
51065,,,pap + water,,300,,,,,,,,,29-SEP-25 09.15.00.000000 PM,,,,,,,,,,,,,,32149,,6092,29-Sep-25,6092,29-Sep-25,,,,,,,,,,,,,,,,,,,,,,,,,,
51066,,,febramol,,,100,,,,,,,,29-SEP-25 11.30.00.000000 PM,,,,,,,,,,,,,,32149,,6092,29-Sep-25,6092,29-Sep-25,,,,,,,,,,,,,,,,,,,,,,,,,,
51069,,,normal saline,,,500,,,,,,,,30-SEP-25 12.30.00.000000 AM,,,,,,,,,,,,,,31672,,6092,30-Sep-25,6092,30-Sep-25,22781,,,,,,,,,,,,,,,,,,,,,,,,,
51099,,,5% D/s,,,500,,,,,,,,01-OCT-25 05.30.00.000000 AM,,,500,,,,,,,,,,,30640,,6092,1-Oct-25,6092,1-Oct-25,23265,,,,,,,,,,,,,,,,,,,,,,,,,
51191,,542,5% D/s,,,500,,,,,,,,07-OCT-25 06.00.00.000000 PM,,,200,,,,,,,,,,,32561,,5482,7-Oct-25,5482,7-Oct-25,23976,,,,,,,,,,,,,,,,,,,,,,,,,
51192,,542,,,500,,,,,,,,,07-OCT-25 05.00.00.000000 PM,,,,,,,,,,,,,,32561,,5482,7-Oct-25,5482,7-Oct-25,,,,,,,,,,,,,,,,,,,,,,,,,,
51199,,542,5% dextrose saline,,,500,,,,,,,,08-OCT-25 03.15.00.000000 PM,,,,,,,,,,,,,,32575,,4625,8-Oct-25,4625,8-Oct-25,,,to run for 6hours,,,,,,,,,,,,,,,,,,,,,,,
51207,,,flagyl,,,100,,,,,,,,09-OCT-25 10.00.00.000000 AM,,,200,,,,,,,,,,,32710,,4643,9-Oct-25,4643,9-Oct-25,24282,,,,,,,,,,,,,,,,,,,,,,,,,
51220,,,,,,,,,,,,,,10-OCT-25 06.00.00.000000 AM,,,300,,,,,,,,,,,32694,,4937,10-Oct-25,4937,10-Oct-25,,,,,,,,,,,,,,,,,,,,,,,,,,
51224,,,5% D/s,,,500,,,,,,,,10-OCT-25 06.00.00.000000 AM,,,,,,,,,,,,,,32766,,4937,10-Oct-25,4937,10-Oct-25,24448,,,,,,,,,,,,,,,,,,,,,,,,,
51236,,542,5% dextrose in salin,,,500,,,,,,,,17-OCT-25 02.30.00.000000 PM,,,,,,,,,,,,,,32827,,4950,10-Oct-25,4950,10-Oct-25,,,,,,,,,,,,,,,,,,,,,,,,,,
51249,,,5% D/s,,,500,,,,,,,,11-OCT-25 11.00.00.000000 AM,,,300,,,,,,,,,,,5527,,5759,11-Oct-25,5759,11-Oct-25,24600,,,,,,,,,,,,,,,,,,,,,,,,,
51263,,,water,,200,,,,,,,,,11-OCT-25 06.00.00.000000 PM,,,,,,,,,,,,,,6614,,5990,11-Oct-25,5990,11-Oct-25,,,,,,,,,,,,,,,,,,,,,,,,,,
51264,,,5% Dextrose saline,,,500,,,,,,,,11-OCT-25 10.45.00.000000 PM,,,,,,,,,,,,,,6614,,5990,11-Oct-25,5990,11-Oct-25,,,,,,,,,,,,,,,,,,,,,,,,,,
51267,,,water,,500,,,,,,,,,11-OCT-25 02.00.00.000000 PM,,,,,,,,,,,,,,32869,,4643,11-Oct-25,4643,11-Oct-25,,,,,,,,,,,,,,,,,,,,,,,,,,
51269,,,water,,500,,,,,,,,,11-OCT-25 10.00.00.000000 PM,,,400,,,,,,,,,,,32869,,4643,11-Oct-25,4643,11-Oct-25,,,,,,,,,,,,,,,,,,,,,,,,,,
51281,,542,ringers lactate,,,300,,,,,,,,14-OCT-25 12.00.00.000000 AM,,,,,,,,,,,,,,32967,,6068,13-Oct-25,6068,13-Oct-25,24959,,,,,,,,,,,,,,,,,,,,,,,,,
51282,,542,8% dext in 1/5 salin,,,80,,,,,,,,14-OCT-25 12.00.00.000000 AM,,,,,,,,,,,,,,30486,,6068,13-Oct-25,6068,13-Oct-25,24895,,,,,,,,,,,,,,,,,,,,,,,,,
51283,,542,0.9% normal saline,,,400,,,,,,,,14-OCT-25 12.00.00.000000 AM,,,,,,,,,,,,,,32997,,6068,13-Oct-25,6068,13-Oct-25,25019,,,,,,,,,,,,,,,,,,,,,,,,,
51291,,,0.9% normal saline,,,500,,,,,,,,21-OCT-25 10.15.00.000000 AM,,,,,,,,,,,,,,33058,,4611,14-Oct-25,4611,14-Oct-25,25184,,,,,,,,,,,,,,,,,,,,,,,,,
51331,,542,Flagyl,,,100,,,,,,,,16-OCT-25 06.15.00.000000 AM,,,,,,,,,,,,,,33083,,4574,16-Oct-25,4574,16-Oct-25,,,,,,,,,,,,,,,,,,,,,,,,,,
51332,,,water,,250,,,,,,,,,16-OCT-25 09.45.00.000000 AM,,,,,,,,,,,,,,33083,,4927,16-Oct-25,4927,16-Oct-25,25308,,,,,,,,,,,,,,,,,,,,,,,,,
51347,,,5% D/s,,,100,,,,,,,,17-OCT-25 09.00.00.000000 AM,,,,,,,,,,,,,,33178,,4633,17-Oct-25,4633,17-Oct-25,25502,,,,,,,,,,,,,,,,,,,,,,,,,
51348,,,5% D/s,,,500,,,,,,,,17-OCT-25 11.00.00.000000 AM,,,,,,,,,,,,,,33178,,4633,17-Oct-25,4633,17-Oct-25,,,,,,,,,,,,,,,,,,,,,,,,,,
51356,,,0.9% normal saline,,,500,,,,,,,,17-OCT-25 02.00.00.000000 PM,,,,,,,,,,,,,,33202,,6092,17-Oct-25,6092,17-Oct-25,25747,,,,,,,,,,,,,,,,,,,,,,,,,
51357,,,febramol,,,100,,,,,,,,17-OCT-25 02.30.00.000000 PM,,,,,,,,,,,,,,33202,,6092,17-Oct-25,6092,17-Oct-25,,,,,,,,,,,,,,,,,,,,,,,,,,
51391,,542,5% D/s,,,500,,,,,,,,19-OCT-25 01.30.00.000000 PM,,,,,,,,,,,,,,33290,,5759,19-Oct-25,5759,19-Oct-25,,,,,,,,,,,,,,,,,,,,,,,,,,
51410,,,ORS,,200,,,,,,,,,20-OCT-25 05.30.00.000000 AM,,,,,,,,,,,,,,33290,,4927,20-Oct-25,4927,20-Oct-25,,,,,,,,,,,,,,,,,,,,,,,,,,
51417,,,water,,200,,,,,,,,,20-OCT-25 09.15.00.000000 AM,,,,,,,,,,,,,,33290,,5759,20-Oct-25,5759,20-Oct-25,25788,,,,,,,,,,,,,,,,,,,,,,,,,
51420,,,water,,300,,,,,,,,,20-OCT-25 11.15.00.000000 AM,,,,,,,,,,,,,,33290,,5759,20-Oct-25,5759,20-Oct-25,,,,,,,,,,,,,,,,,,,,,,,,,,
51422,,582,,,,,,,,,,,,20-OCT-25 03.00.00.000000 PM,,,250,,,,,,,,,,,4116,,4574,20-Oct-25,4574,20-Oct-25,24870,,clear,,,,,,,,,,,,,,,,,,,,,,,
51423,,582,5% Dextrose saline,,,500,,,,,,,,20-OCT-25 02.00.00.000000 PM,,,,,,,,,,,,,,4116,,4574,20-Oct-25,4574,20-Oct-25,,,,,,,,,,,,,,,,,,,,,,,,,,
51459,,582,0.9% normal saline,,,500,,,,,,,,21-OCT-25 01.00.00.000000 AM,,,,,,,,,,,,,,33387,,5981,21-Oct-25,5981,21-Oct-25,26014,,,,,,,,,,,,,,,,,,,,,,,,,
51464,,,ringer's lactate,,,500,,,,,,,,21-OCT-25 06.00.00.000000 AM,,,500,,,,,,,,,,,33290,,4633,21-Oct-25,4633,21-Oct-25,26034,,,,,,,,,,,,,,,,,,,,,,,,,
51467,,,water,,500,,,,,,,,,21-OCT-25 12.30.00.000000 PM,,,,,,,,,,,,,,33290,,4611,21-Oct-25,4611,21-Oct-25,,,,,,,,,,,,,,,,,,,,,,,,,,
51472,,542,5% Dextrose saline,,,500,,,,,,,,21-OCT-25 05.00.00.000000 PM,,,300,,,,,,,,,,,33290,,4950,21-Oct-25,4950,21-Oct-25,26034,,,,,,,,,,,,,,,,,,,,,,,,,
51477,,542,,,,,,,,,,,,22-OCT-25 06.00.00.000000 AM,,,400,,,,,,,,,,,33062,,4950,22-Oct-25,4950,22-Oct-25,,,,,,,,,,,,,,,,,,,,,,,,,,
51482,,,,,,,,,,,,,,22-OCT-25 11.00.00.000000 AM,,,,,,,,,,,,,,33062,,4611,22-Oct-25,4611,22-Oct-25,26149,,None to replace,,,,,,,,,,,,,,,,,,,,,,,
51485,,,,,,,,,,,,,,22-OCT-25 01.00.00.000000 PM,,,300,,,,,,,,,,,33062,,4611,22-Oct-25,4611,22-Oct-25,26149,,,,,,,,,,,,,,,,,,,,,,,,,
51486,,,5% dextrose saline,,,500,,,,,,,,22-OCT-25 02.00.00.000000 PM,,,,,,,,,,,,,,33062,,4611,22-Oct-25,4611,22-Oct-25,,,,,,,,,,,,,,,,,,,,,,,,,,
51487,,542,normal saline,,,500,,,,,,,,22-OCT-25 02.15.00.000000 PM,,,,,,,,,,,,,,6760,,5990,22-Oct-25,5990,22-Oct-25,26291,,,,,,,,,,,,,,,,,,,,,,,,,
51498,,,5% D/s,,,500,,,,,,,,22-OCT-25 07.30.00.000000 PM,,,,,,,,,,,,,,33498,,5759,22-Oct-25,5759,22-Oct-25,,,,,,,,,,,,,,,,,,,,,,,,,,
51504,,,water,,300,,,,,,,,,22-OCT-25 09.45.00.000000 PM,,,200,,,,,,,,,,,33487,,5759,22-Oct-25,5759,22-Oct-25,,,,,,,,,,,,,,,,,,,,,,,,,,
51505,,,normal saline,,,500,,,,,,,,23-OCT-25 12.00.00.000000 AM,,,,,,,,,,,,,,6760,,5759,23-Oct-25,5759,23-Oct-25,26291,,BF,,,,,,,,,,,,,,,,,,,,,,,
51513,,542,water,,750,,,,,,,,,23-OCT-25 01.00.00.000000 PM,,,400,,,,,,,,,,,6760,,4937,23-Oct-25,4937,23-Oct-25,26291,,,,,,,,,,,,,,,,,,,,,,,,,
51514,,542,water,,500,,,,,,,,,23-OCT-25 01.00.00.000000 PM,,,300,,,,,,,,,,,30098,,4937,23-Oct-25,4937,23-Oct-25,26238,,,,,,,,,,,,,,,,,,,,,,,,,
51519,,,,,,,,,,,,,,23-OCT-25 01.45.00.000000 AM,,,200,,,,,,,,,,,30098,,4937,23-Oct-25,4937,23-Oct-25,26238,,,,,,,,,,,,,,,,,,,,,,,,,
51520,,,,,,,,,,,,,,23-OCT-25 01.45.00.000000 AM,,,200,,,,,,,,,,,30098,,4937,23-Oct-25,4937,23-Oct-25,26238,,,,,,,,,,,,,,,,,,,,,,,,,
51527,,,,,,,,,,,,,,23-OCT-25 02.00.00.000000 PM,,,300,,,,,,,,,,,33062,,4937,23-Oct-25,4937,23-Oct-25,,,,,,,,,,,,,,,,,,,,,,,,,,
51528,,,water,,100,,,,,,,,,23-OCT-25 03.30.00.000000 PM,,,,,,,,,,,,,,33062,,4937,23-Oct-25,4937,23-Oct-25,,,,,,,,,,,,,,,,,,,,,,,,,,
51529,,,,,,,,,,,,,,23-OCT-25 03.45.00.000000 PM,,,400,,,,,,,,,,,33062,,4937,23-Oct-25,4937,23-Oct-25,,,,,,,,,,,,,,,,,,,,,,,,,,
51532,,542,5% D/s,,,400,,,,,,,,23-OCT-25 08.00.00.000000 PM,,,,,,,,,,,,,,8639,,4574,23-Oct-25,5755,23-Oct-25,26379,,,,,,,,,,,,,,,,,,,,,,,,,
51533,,542,,,,,,,,,,,,23-OCT-25 07.45.00.000000 PM,,,200,,,,,,,,,,,8639,,4574,23-Oct-25,4574,23-Oct-25,,,,,,,,,,,,,,,,,,,,,,,,,,
51539,,542,,,,,,,,,,,,24-OCT-25 01.00.00.000000 AM,,,300,,,,,,,,,,,8639,,4574,24-Oct-25,4574,24-Oct-25,26379,,,,,,,,,,,,,,,,,,,,,,,,,
51541,,542,0.9% normal saline,,,500,,,,,,,,24-OCT-25 02.00.00.000000 AM,,,,,,,,,,,,,,8639,,4574,24-Oct-25,4574,24-Oct-25,,,,,,,,,,,,,,,,,,,,,,,,,,
51542,,542,,,,,,,,,,,,24-OCT-25 06.00.00.000000 AM,,,300,,,,,,,,,,,8639,,4574,24-Oct-25,4574,24-Oct-25,,,,,,,,,,,,,,,,,,,,,,,,,,
51543,,542,5% D/s,,,500,,,,,,,,24-OCT-25 08.00.00.000000 AM,,,,,,,,,,,,,,8639,,4574,24-Oct-25,4574,24-Oct-25,,,,,,,,,,,,,,,,,,,,,,,,,,
51582,,582,,,,,,,,,,,,25-OCT-25 11.00.00.000000 PM,,,200,,,,,,,,,,,33671,,6111,25-Oct-25,6111,25-Oct-25,26747,,,,,,,,,,,,,,,,,,,,,,,,,
51583,,582,,,,,,,,,,,,25-OCT-25 11.00.00.000000 PM,,,200,,,,,,,,,,,33671,,6111,25-Oct-25,6111,25-Oct-25,26747,,,,,,,,,,,,,,,,,,,,,,,,,
51584,,582,water,,200,,,,,,,,,25-OCT-25 09.00.00.000000 PM,,,,,,,,,,,,,,33671,,6111,25-Oct-25,6111,25-Oct-25,26747,,,,,,,,,,,,,,,,,,,,,,,,,
51587,,,flagyl,,,100,,,,,,,,26-OCT-25 06.00.00.000000 AM,,,1500,,,,,,,,,,,32811,,4953,26-Oct-25,4953,26-Oct-25,25921,,,,,,,,,,,,,,,,,,,,,,,,,
51588,,,0.9% N/saline,,,500,,,,,,,,26-OCT-25 07.00.00.000000 AM,,,,,,,,,,,,,,32811,,4953,26-Oct-25,4953,26-Oct-25,,,,,,,,,,,,,,,,,,,,,,,,,,
51589,,,febramol,,,100,,,,,,,,26-OCT-25 07.15.00.000000 AM,,,,,,,,,,,,,,32811,,4953,26-Oct-25,4953,26-Oct-25,,,,,,,,,,,,,,,,,,,,,,,,,,
51590,,,water,,150,,,,,,,,,26-OCT-25 07.00.00.000000 AM,,,,,,,,,,,,,,32811,,4953,26-Oct-25,4953,26-Oct-25,25921,,,,,,,,,,,,,,,,,,,,,,,,,
51599,,542,normal saline,,,2000,,,,,,,,29-OCT-25 10.15.00.000000 AM,,,,,,,,,,,,,,8791,,5990,29-Oct-25,5990,29-Oct-25,27188,,theatre,,,,,,,,,,,,,,,,,,,,,,,
51600,,542,normal saline,,,2000,,,,,,,,29-OCT-25 01.00.00.000000 PM,,,,,,,,,,,,,,135,,5990,29-Oct-25,5990,29-Oct-25,27189,,theatre,,,,,,,,,,,,,,,,,,,,,,,
51601,,542,,,,,,,,,,,,29-OCT-25 05.45.00.000000 PM,,,430,,,,,,,,,,,8791,,4972,29-Oct-25,4972,29-Oct-25,27188,,,,,,,,,,,,,,,,,,,,,,,,,
51602,,542,,,,,,,,,,,,29-OCT-25 06.45.00.000000 PM,,,420,,,,,,,,,,,135,,4972,29-Oct-25,4972,29-Oct-25,27189,,,,,,,,,,,,,,,,,,,,,,,,,
51603,,,5% D/s +40 oxitocin,,,500,,,,,,,,29-OCT-25 04.45.00.000000 PM,,,,,,,,,,,,,,8791,,4633,29-Oct-25,4633,29-Oct-25,27188,,,,,,,,,,,,,,,,,,,,,,,,,
51604,,,D/S+ 40I.U Oxytocin,,,500,,,,,,,,29-OCT-25 04.45.00.000000 PM,,,,,,,,,,,,,,135,,4633,29-Oct-25,4633,29-Oct-25,27189,,,,,,,,,,,,,,,,,,,,,,,,,
51625,,,water,,150,,,,,,,,,30-OCT-25 11.45.00.000000 AM,,,,,,,,,,,,,,8791,,4611,30-Oct-25,4611,30-Oct-25,27244,,,,,,,,,,,,,,,,,,,,,,,,,
51622,,,5% Dextrose saline,,,500,,,,,,,,30-OCT-25 07.00.00.000000 AM,,,450,,,,,,,,,,,8791,,4633,30-Oct-25,4633,30-Oct-25,,,,,,,,,,,,,,,,,,,,,,,,,,
50999,,,5% D/s,,,500,,,,,,,,25-SEP-25 06.00.00.000000 PM,,,,,,,,,,,,,,31884,,4643,25-Sep-25,4643,25-Sep-25,22372,,5CC BCO,,,,,,,,,,,,,,,,,,,,,,,
51000,,,normal saline,,,500,,,,,,,,25-SEP-25 03.00.00.000000 PM,,,,,,,,,,,,,,31884,,4643,25-Sep-25,4643,25-Sep-25,,,5CC BCO,,,,,,,,,,,,,,,,,,,,,,,
51004,,,5% D/s,,,500,,,,,,,,25-SEP-25 10.00.00.000000 PM,,,,,,,,,,,,,,31839,,4643,25-Sep-25,4643,25-Sep-25,22577,,5CC BCO,,,,,,,,,,,,,,,,,,,,,,,
51002,,,water,,200,,,,,,,,,25-SEP-25 06.15.00.000000 PM,,,,,,,,,,,,,,31884,,4643,25-Sep-25,4643,25-Sep-25,,,,,,,,,,,,,,,,,,,,,,,,,,
51003,,,0.9% normal saline,,,500,,,,,,,,25-SEP-25 10.00.00.000000 PM,,,500,,,,,,,,,,,31884,,4643,25-Sep-25,4643,25-Sep-25,22372,,,,,,,,,,,,,,,,,,,,,,,,,
51010,,,tea and water,,300,,,,,,,,,26-SEP-25 06.00.00.000000 PM,,,,,,,,,,,,,,356,,4953,26-Sep-25,4953,26-Sep-25,,,,,,,,,,,,,,,,,,,,,,,,,,
51012,,,,,,,,,,,,,,26-SEP-25 03.00.00.000000 PM,,,400,,,,,,,,,,,356,,4953,26-Sep-25,4953,26-Sep-25,,,,,,,,,,,,,,,,,,,,,,,,,,
51018,,,,,,,,,,,,,,27-SEP-25 12.00.00.000000 AM,,,400,,,,,,,,,,,31954,,4953,27-Sep-25,4953,27-Sep-25,,,,,,,,,,,,,,,,,,,,,,,,,,
51019,,,0.9% N/saline,,,500,,,,,,,,27-SEP-25 12.00.00.000000 AM,,,,,,,,,,,,,,31954,,4953,27-Sep-25,4953,27-Sep-25,,,for 26/9/25 at 7pm,,,,,,,,,,,,,,,,,,,,,,,
51021,,,,,,,,,,,,,,27-SEP-25 06.00.00.000000 AM,,,300,,,,,,,,,,,31954,,4953,27-Sep-25,4953,27-Sep-25,22756,,,,,,,,,,,,,,,,,,,,,,,,,
51026,,,water,,600,,,,,,,,,27-SEP-25 12.00.00.000000 PM,,,400,,,,,,,,,,,31954,,5759,27-Sep-25,5759,27-Sep-25,22756,,,,,,,,,,,,,,,,,,,,,,,,,
51027,,,water,,450,,,,,,,,,27-SEP-25 03.00.00.000000 PM,,,500,,,,,,,,,,,31954,,5759,27-Sep-25,5759,27-Sep-25,,,,,,,,,,,,,,,,,,,,,,,,,,
51028,,,5% D/s,,,500,,,,,,,,27-SEP-25 02.00.00.000000 PM,,,,,,,,,,,,,,31954,,5759,27-Sep-25,5759,27-Sep-25,,,,,,,,,,,,,,,,,,,,,,,,,,
51034,,,5% D/s+0.7ml diaZEPA,,,500,,,,,,,,28-SEP-25 06.00.00.000000 AM,,,,,,,,,,,,,,32057,,5759,28-Sep-25,5759,28-Sep-25,,,,,,,,,,,,,,,,,,,,,,,,,,
51035,,542,,,,,,,,,,,,28-SEP-25 03.15.00.000000 PM,,,200,,,,,,,,,,,31672,,5759,28-Sep-25,5759,28-Sep-25,22781,,,,,,,,,,,,,,,,,,,,,,,,,
51044,,542,,,,,,,,,,,,28-SEP-25 11.45.00.000000 PM,,,300,,,,,,,,,,,356,,6111,28-Sep-25,6111,28-Sep-25,,,,,,,,,,,,,,,,,,,,,,,,,,
51046,,542,5% Dextrose saline,,,500,,,,,,,,28-SEP-25 10.00.00.000000 PM,,,,,,,,,,,,,,32057,,6111,28-Sep-25,6111,28-Sep-25,22762,,,,,,,,,,,,,,,,,,,,,,,,,
51049,,542,5% Dextrose saline,,,500,,,,,,,,28-SEP-25 07.00.00.000000 PM,,,200,,,,,,,,,,,31672,,6111,28-Sep-25,6111,28-Sep-25,22781,,,,,,,,,,,,,,,,,,,,,,,,,
51061,,542,,,,,,,,,,,,29-SEP-25 05.00.00.000000 PM,,,200,,,,,,,,,,,31672,,5482,29-Sep-25,5482,29-Sep-25,,,,,,,,,,,,,,,,,,,,,,,,,,
51063,,,,,,,,,,,,,,06-OCT-25 07.30.00.000000 PM,,,,,200,,,,,,,,,32149,,4512,29-Sep-25,4512,29-Sep-25,,,watery,,,,,,,,,,,,,,,,,,,,,,,
51072,,,flagyl,,,100,,,,,,,,30-SEP-25 04.00.00.000000 PM,,,,,,,,,,,,,,30171,,4953,30-Sep-25,4953,30-Sep-25,,,,,,,,,,,,,,,,,,,,,,,,,,
51073,,,flagyl,,,100,,,,,,,,30-SEP-25 04.00.00.000000 PM,,,,,,,,,,,,,,30171,,4953,30-Sep-25,4953,30-Sep-25,,,,,,,,,,,,,,,,,,,,,,,,,,
51075,,,5% D/s,,,500,,,,,,,,30-SEP-25 05.15.00.000000 PM,,,,,,,,,,,,,,32262,,6092,30-Sep-25,6092,30-Sep-25,23261,,8hrly,,,,,,,,,,,,,,,,,,,,,,,
51076,,,5% D/s,,,500,,,,,,,,30-SEP-25 07.30.00.000000 PM,,,,,,,,,,,,,,356,,6092,30-Sep-25,6092,30-Sep-25,22578,,,,,,,,,,,,,,,,,,,,,,,,,
51077,,,,,,,,,,,,,,30-SEP-25 05.30.00.000000 PM,,,,50,,,,,,,,,,32262,,6092,30-Sep-25,6092,30-Sep-25,23261,,,,,,,,,,,,,,,,,,,,,,,,,
51080,,,,,,,,,,,,,,30-SEP-25 08.00.00.000000 PM,,,,100,,,,,,,,,,32262,,6092,30-Sep-25,6092,30-Sep-25,,,,,,,,,,,,,,,,,,,,,,,,,,
51081,,582,normal saline,,,1000,,,,,,,,30-SEP-25 08.00.00.000000 PM,,,,,,,,,,,,,,7861,,4953,30-Sep-25,4953,30-Sep-25,15734,,fast,,,,,,,,,,,,,,,,,,,,,,,
51105,,523,5% D/s,,,500,,,,,,,,01-OCT-25 11.30.00.000000 AM,,,,,,,,,,,,,,32262,,4607,1-Oct-25,4607,1-Oct-25,23261,,,,,,,,,,,,,,,,,,,,,,,,,
51109,,542,normal saline,,,500,,,,,,,,01-OCT-25 03.00.00.000000 PM,,,,,,,,,,,,,,30171,,4950,1-Oct-25,4950,1-Oct-25,23270,,,,,,,,,,,,,,,,,,,,,,,,,
51111,,542,,,,,,,,,,,,01-OCT-25 11.30.00.000000 AM,,,400,,,,,,,,,,,30171,,4950,1-Oct-25,4950,1-Oct-25,,,,,,,,,,,,,,,,,,,,,,,,,,
51112,,582,normal saline,,,500,,,,,,,,01-OCT-25 07.00.00.000000 AM,,,,,,,,,,,,,,7861,,5079,1-Oct-25,5079,1-Oct-25,15734,,,,,,,,,,,,,,,,,,,,,,,,,
51113,,582,ringers lactate,,,500,,,,,,,,01-OCT-25 12.00.00.000000 PM,,,,,,,,,,,,,,7861,,5079,1-Oct-25,5079,1-Oct-25,,,,,,,,,,,,,,,,,,,,,,,,,,
51117,,,,,300,,,,,,,,,01-OCT-25 06.30.00.000000 PM,,,250,,,,,,,,,,,32262,,4643,1-Oct-25,4643,1-Oct-25,23261,,,,,,,,,,,,,,,,,,,,,,,,,
51121,,,5% D/s,,200,500,,,,,,,,01-OCT-25 10.00.00.000000 PM,,,,,,,,,,,,,,30640,,4643,1-Oct-25,4643,1-Oct-25,23284,,,,,,,,,,,,,,,,,,,,,,,,,
51122,,582,RINGER'S LACTATE,,,500,,,,,,,,08-OCT-25 10.15.00.000000 PM,,,,,,,,,,,,,,7861,,6117,1-Oct-25,6117,1-Oct-25,,,,,,,,,,,,,,,,,,,,,,,,,,
51123,,582,ciprofloxacin,,,200,,,,,,,,08-OCT-25 10.00.00.000000 PM,,,,,,,,,,,,,,7861,,6117,1-Oct-25,6117,1-Oct-25,,,,,,,,,,,,,,,,,,,,,,,,,,
51124,,,water,,100,,,,,,,,,01-OCT-25 05.00.00.000000 PM,,,200,,,,,,,,,,,30171,,4633,1-Oct-25,4633,1-Oct-25,23270,,,,,,,,,,,,,,,,,,,,,,,,,
51125,,,Pap+water,,150,,,,,,,,,01-OCT-25 07.00.00.000000 PM,,,300,,,,,,,,,,,30171,,4633,1-Oct-25,4633,1-Oct-25,,,,,,,,,,,,,,,,,,,,,,,,,,
51126,,,febramol,,,100,,,,,,,,01-OCT-25 10.00.00.000000 PM,,,300,,,,,,,,,,,30171,,4633,1-Oct-25,4633,1-Oct-25,,,,,,,,,,,,,,,,,,,,,,,,,,
51127,,,flagyl,,,100,,,,,,,,01-OCT-25 10.00.00.000000 PM,,,,,,,,,,,,,,30171,,4633,1-Oct-25,4633,1-Oct-25,,,,,,,,,,,,,,,,,,,,,,,,,,
51128,,,Pap+water,,150,,,,,,,,,01-OCT-25 10.30.00.000000 PM,,,,,,,,,,,,,,30171,,4633,1-Oct-25,4633,1-Oct-25,,,,,,,,,,,,,,,,,,,,,,,,,,
51129,,582,water,,300,,,,,,,,,01-OCT-25 07.45.00.000000 PM,,,,,,,,,,,,,,7861,,6117,1-Oct-25,6117,1-Oct-25,15734,,,,,,,,,,,,,,,,,,,,,,,,,
51130,,582,CIPROFLOXAXIN,,,200,,,,,,,,01-OCT-25 08.00.00.000000 PM,,,,,,,,,,,,,,7861,,6117,1-Oct-25,6117,1-Oct-25,,,,,,,,,,,,,,,,,,,,,,,,,,
51131,,582,5% D/s,,,500,,,,,,,,01-OCT-25 05.15.00.000000 PM,,,,,,,,,,,,,,7861,,6117,1-Oct-25,6117,1-Oct-25,,,,,,,,,,,,,,,,,,,,,,,,,,
51132,,582,flagyl,,,500,,,,,,,,01-OCT-25 10.00.00.000000 PM,,,,,,,,,,,,,,7861,,6117,1-Oct-25,6117,1-Oct-25,,,,,,,,,,,,,,,,,,,,,,,,,,
51133,,582,ringers lactate,,,500,,,,,,,,01-OCT-25 09.45.00.000000 PM,,,,,,,,,,,,,,7861,,6117,1-Oct-25,6117,1-Oct-25,,,,,,,,,,,,,,,,,,,,,,,,,,
51134,,,water,,100,,,,,,,,,01-OCT-25 05.00.00.000000 PM,,,,,,,,,,,,,,32057,,4633,1-Oct-25,4633,1-Oct-25,22762,,,,,,,,,,,,,,,,,,,,,,,,,
51135,,,water,,,150,,,,,,,,01-OCT-25 09.00.00.000000 PM,,,,,,,,,,,,,,32057,,4633,1-Oct-25,4633,1-Oct-25,,,,,,,,,,,,,,,,,,,,,,,,,,
51136,,582,flagyl,,,100,,,,,,,,02-OCT-25 06.00.00.000000 AM,,,,,,,,,,,,,,7861,,6117,2-Oct-25,4933,2-Oct-25,15734,,,,,,,,,,,,,,,,,,,,,,,,,
51155,,542,5% dextrose /W ,,,500,,,,,,,,03-OCT-25 03.45.00.000000 PM,,,,,,,,,,,,,,32449,,4650,3-Oct-25,4650,3-Oct-25,23702,,,,,,,,,,,,,,,,,,,,,,,,,
51141,,,,,,,,,,,,,,02-OCT-25 03.45.00.000000 PM,,,200,,,,,,,,,,,32330,,4953,2-Oct-25,4953,2-Oct-25,,,concentrated urine,,,,,,,,,,,,,,,,,,,,,,,
51182,,542,5% D/s,,,350,,,,,,,,07-OCT-25 12.15.00.000000 AM,,,,,,,,,,,,,,32561,,5014,7-Oct-25,5014,7-Oct-25,23976,,,,,,,,,,,,,,,,,,,,,,,,,
51183,,542,5% D/s,,,500,,,,,,,,07-OCT-25 06.00.00.000000 AM,,,,,,,,,,,,,,32561,,5014,7-Oct-25,5014,7-Oct-25,,,,,,,,,,,,,,,,,,,,,,,,,,
51229,,582,,,,,,,,,,,,10-OCT-25 08.45.00.000000 AM,,,400,,,,,,,,,,,6614,,6111,10-Oct-25,6111,10-Oct-25,24288,,,,,,,,,,,,,,,,,,,,,,,,,
51197,,542,5% dextrose saline,,,500,,,,,,,,08-OCT-25 02.00.00.000000 PM,,,,,,,,,,,,,,32575,,4625,8-Oct-25,4625,8-Oct-25,,,to run fast,,,,,,,,,,,,,,,,,,,,,,,
51206,,542,5% D/s,,,500,,,,,,,,09-OCT-25 06.00.00.000000 AM,,,,,,,,,,,,,,32694,,5482,9-Oct-25,5482,9-Oct-25,24263,,to run for 6hrs,,,,,,,,,,,,,,,,,,,,,,,
51211,,582,normal saline,,,1000,,,,,,,,09-OCT-25 03.30.00.000000 PM,,,50,,,,,,,,,,,6614,,4933,9-Oct-25,4933,9-Oct-25,24288,,,,,,,,,,,,,,,,,,,,,,,,,
51234,,542,water,,400,,,,,,,,,10-OCT-25 03.00.00.000000 PM,,,300,,,,,,,,,,,5527,,4607,10-Oct-25,4607,10-Oct-25,24600,,,,,,,,,,,,,,,,,,,,,,,,,
51235,,542,5%  dwater in saline,,,500,,,,,,,,17-OCT-25 02.45.00.000000 PM,,,,,,,,,,,,,,32827,,4950,10-Oct-25,4950,10-Oct-25,24571,,,,,,,,,,,,,,,,,,,,,,,,,
51246,,582,,,,,,,,,,,,10-OCT-25 09.00.00.000000 PM,,,300,,,,,,,,,,,32869,,4961,10-Oct-25,4961,10-Oct-25,24719,,,,,,,,,,,,,,,,,,,,,,,,,
51247,,,,,,,,,,,,,,10-OCT-25 11.00.00.000000 PM,,,300,,,,,,,,,,,32869,,5990,10-Oct-25,5990,10-Oct-25,24719,,,,,,,,,,,,,,,,,,,,,,,,,
51248,,,water,,500,,,,,,,,,10-OCT-25 09.15.00.000000 PM,,,,,,,,,,,,,,32869,,5990,10-Oct-25,5990,10-Oct-25,24719,,,,,,,,,,,,,,,,,,,,,,,,,
51250,,,water,,200,,,,,,,,,11-OCT-25 10.00.00.000000 AM,,,,,,,,,,,,,,5527,,5759,11-Oct-25,5759,11-Oct-25,,,,,,,,,,,,,,,,,,,,,,,,,,
51251,,,Dextrose saline,,,500,,,,,,,,11-OCT-25 09.00.00.000000 AM,,,300,,,,,,,,,,,6614,,5755,11-Oct-25,5755,11-Oct-25,24288,,,,,,,,,,,,,,,,,,,,,,,,,
51252,,,water,,500,,,,,,,,,11-OCT-25 09.30.00.000000 AM,,,400,,,,,,,,,,,6614,,5755,11-Oct-25,5755,11-Oct-25,,,,,,,,,,,,,,,,,,,,,,,,,,
51257,,,water,,200,,,,,,,,,11-OCT-25 02.15.00.000000 PM,,,,,,,,,,,,,,5527,,5759,11-Oct-25,5759,11-Oct-25,24600,,,,,,,,,,,,,,,,,,,,,,,,,
51259,,,0.9% normal saline,,,500,,,,,,,,18-OCT-25 11.00.00.000000 AM,,,,,,,,,,,,,,32869,,4633,11-Oct-25,4633,11-Oct-25,,,,,,,,,,,,,,,,,,,,,,,,,,
51284,,542,ringers lactate,,,500,,,,,,,,14-OCT-25 02.00.00.000000 AM,,,,,,,,,,,,,,32967,,6068,14-Oct-25,6068,14-Oct-25,24959,,8hrly,,,,,,,,,,,,,,,,,,,,,,,
51292,,,0.9% normal saline,,,500,,,,,,,,21-OCT-25 10.15.00.000000 AM,,,,,,,,,,,,,,33058,,4611,14-Oct-25,4611,14-Oct-25,,,,,,,,,,,,,,,,,,,,,,,,,,
51294,,,0.9% normal saline,,,500,,,,,,,,14-OCT-25 10.15.00.000000 AM,,,,,,,,,,,,,,33058,,4611,14-Oct-25,4611,14-Oct-25,,,,,,,,,,,,,,,,,,,,,,,,,,
51298,,542,ORS,,500,,,,,,,,,14-OCT-25 01.00.00.000000 PM,,,300,,100,,,,,,,,,32967,,4933,14-Oct-25,4933,14-Oct-25,24959,,,,,,,,,,,,,,,,,,,,,,,,,
51299,,,5% Dextrose saline,,,500,,,,,,,,14-OCT-25 02.00.00.000000 PM,,,,,,,,,,,,,,33058,,4611,14-Oct-25,4611,14-Oct-25,25184,,,,,,,,,,,,,,,,,,,,,,,,,
51337,,,ORS,,200,,,,,,,,,16-OCT-25 01.45.00.000000 PM,,,,,,,,,,,,,,33086,,4927,16-Oct-25,4927,16-Oct-25,,,,,,,,,,,,,,,,,,,,,,,,,,
51302,,542,water,,1500,,,,,,,,,14-OCT-25 02.00.00.000000 PM,,,400,,,,,,,,,,,32997,,4933,14-Oct-25,4933,14-Oct-25,,,,,,,,,,,,,,,,,,,,,,,,,,
51322,,542,0.9% normal saline,,,500,,,,,,,,22-OCT-25 09.15.00.000000 AM,,,,,,,,,,,,,,32997,,5926,15-Oct-25,5926,15-Oct-25,25252,,,,,,,,,,,,,,,,,,,,,,,,,
51338,,,4.3% d/saline,,,500,,,,,,,,16-OCT-25 03.00.00.000000 PM,,,,,,,,,,,,,,33178,,4927,16-Oct-25,4927,16-Oct-25,25502,,,,,,,,,,,,,,,,,,,,,,,,,
51361,,,,,,,,,,,,,,17-OCT-25 07.00.00.000000 PM,,,300,,,,,,,,,,,33209,,6092,17-Oct-25,6092,17-Oct-25,25573,,,,,,,,,,,,,,,,,,,,,,,,,
51362,,,,,,,,,,,,,,17-OCT-25 11.00.00.000000 AM,,,500,,,,,,,,,,,33209,,6092,17-Oct-25,6092,17-Oct-25,,,"AT the SCAN CENTRE,",,,,,,,,,,,,,,,,,,,,,,,
51375,,,5% dextrose saline,,,500,,,,,,,,18-OCT-25 01.00.00.000000 AM,,,,,,,,,,,,,,33209,,6092,18-Oct-25,6092,18-Oct-25,25573,,,,,,,,,,,,,,,,,,,,,,,,,
51376,,,,,,,,,,,,,,18-OCT-25 02.15.00.000000 AM,,,400,,,,,,,,,,,33209,,6092,18-Oct-25,6092,18-Oct-25,,,,,,,,,,,,,,,,,,,,,,,,,,
50996,,,,,,,,,,,,,,25-SEP-25 03.00.00.000000 PM,,,400,,,,,,,,,,,31839,,4643,25-Sep-25,4643,25-Sep-25,,,,,,,,,,,,,,,,,,,,,,,,,,
50998,,,water,,100,,,,,,,,,25-SEP-25 06.38.00.000000 PM,,,,,,,,,,,,,,31839,,4643,25-Sep-25,4643,25-Sep-25,,,,,,,,,,,,,,,,,,,,,,,,,,
51067,,,BLOOD,,,500,,,,,,,,29-SEP-25 07.30.00.000000 PM,,,,,,,,,,,,,,356,,6092,29-Sep-25,6092,29-Sep-25,22578,,,,,,,,,,,,,,,,,,,,,,,,,
51068,,,,,,,,,,,,,,29-SEP-25 11.45.00.000000 PM,,,50,,,,,,,,,,,356,,6092,29-Sep-25,6092,29-Sep-25,,,,,,,,,,,,,,,,,,,,,,,,,,
51070,,,RINGER'S LACTATE,,,500,,,,,,,,30-SEP-25 12.30.00.000000 AM,,,,,,,,,,,,,,32149,,6092,30-Sep-25,6092,30-Sep-25,23010,,,,,,,,,,,,,,,,,,,,,,,,,
51097,,,pap + water,,150,,,,,,,,,01-OCT-25 01.45.00.000000 AM,,,,,,,,,,,,,,32262,,6092,1-Oct-25,6092,1-Oct-25,,,,,,,,,,,,,,,,,,,,,,,,,,
51098,,582,ringers lactate,,,500,,,,,,,,01-OCT-25 01.00.00.000000 AM,,,,,,,,,,,,,,7861,,5482,1-Oct-25,5482,1-Oct-25,15734,,run for 4hrs,,,,,,,,,,,,,,,,,,,,,,,
51140,,,5% D/s,,,500,,,,,,,,02-OCT-25 04.15.00.000000 PM,,,,,,,,,,,,,,32330,,4953,2-Oct-25,4953,2-Oct-25,,,,,,,,,,,,,,,,,,,,,,,,,,
51162,,542,normal saline,,,250,,,,,,,,04-OCT-25 12.00.00.000000 AM,,,,,,,,,,,,,,32449,,5759,4-Oct-25,5759,4-Oct-25,,,BF,,,,,,,,,,,,,,,,,,,,,,,
51164,,542,5% D/W,,,500,,,,,,,,04-OCT-25 05.00.00.000000 AM,,,,,,,,,,,,,,32449,,5759,4-Oct-25,5759,4-Oct-25,,,,,,,,,,,,,,,,,,,,,,,,,,
51165,,582,0.9% normal saline,,,1000,,,,,,,,05-OCT-25 10.15.00.000000 AM,,,,,,,,,,,,,,7858,,6092,4-Oct-25,6092,4-Oct-25,15738,,,,,,,,,,,,,,,,,,,,,,,,,
51185,,542,4.3% d/saline,,,500,,,,,,,,07-OCT-25 10.00.00.000000 AM,,,,,,,,,,,,,,32578,,6117,7-Oct-25,6117,7-Oct-25,24007,,,,,,,,,,,,,,,,,,,,,,,,,
51208,,542,5%D/S+ 5cc Vit Bco,,,500,,,,,,,,09-OCT-25 02.00.00.000000 PM,,,200,,,,,,,,,,,32766,,4933,9-Oct-25,4933,9-Oct-25,24448,,,,,,,,,,,,,,,,,,,,,,,,,
51223,,,0.9% normal saline,,,500,,,,,,,,10-OCT-25 06.00.00.000000 PM,,,,,,,,,,,,,,32694,,4937,10-Oct-25,4937,10-Oct-25,24559,,,,,,,,,,,,,,,,,,,,,,,,,
51226,,582,febramol,,,100,,,,,,,,10-OCT-25 07.00.00.000000 AM,,,,,,,,,,,,,,32724,,6111,10-Oct-25,6111,10-Oct-25,24370,,,,,,,,,,,,,,,,,,,,,,,,,
51228,,582,normal saline,,,500,,,,,,,,10-OCT-25 12.00.00.000000 AM,,,,,,,,,,,,,,6614,,6111,10-Oct-25,6111,10-Oct-25,,,,,,,,,,,,,,,,,,,,,,,,,,
51244,,582,,,,,,,,,,,,10-OCT-25 10.00.00.000000 PM,,,500,,,,,,,,,,,6614,,4961,10-Oct-25,4961,10-Oct-25,24288,,,,,,,,,,,,,,,,,,,,,,,,,
51245,,582,water,,500,,,,,,,,,10-OCT-25 08.00.00.000000 PM,,,,,,,,,,,,,,6614,,4961,10-Oct-25,4961,10-Oct-25,,,,,,,,,,,,,,,,,,,,,,,,,,
51266,,,normal saline,,,500,,,,,,,,11-OCT-25 11.00.00.000000 AM,,,500,,,,,,,,,,,32869,,4643,11-Oct-25,4643,11-Oct-25,,,,,,,,,,,,,,,,,,,,,,,,,,
51268,,,water,,500,,,,,,,,,11-OCT-25 03.00.00.000000 PM,,,400,,,,,,,,,,,32869,,4643,11-Oct-25,4643,11-Oct-25,,,,,,,,,,,,,,,,,,,,,,,,,,
51272,,542,ringers lactate,,,500,,,,,,,,13-OCT-25 05.00.00.000000 PM,,,,,,,,,,,,,,32967,,6068,13-Oct-25,6068,13-Oct-25,24959,,,,,,,,,,,,,,,,,,,,,,,,,
51287,,542,,,,,,,,,,,,14-OCT-25 01.00.00.000000 AM,,,200,,,,,,,,,,,32997,,6068,14-Oct-25,6068,14-Oct-25,25019,,,,,,,,,,,,,,,,,,,,,,,,,
51293,,,0.9% normal saline,,,500,,,,,,,,21-OCT-25 10.15.00.000000 AM,,,,,,,,,,,,,,33058,,4611,14-Oct-25,4611,14-Oct-25,,,,,,,,,,,,,,,,,,,,,,,,,,
51295,,,,,,,,,,,,,,14-OCT-25 11.00.00.000000 AM,,,400,,,,,,,,,,,33058,,4611,14-Oct-25,4611,14-Oct-25,,,,,,,,,,,,,,,,,,,,,,,,,,
51307,,542,,,,,,,,,,,,14-OCT-25 07.15.00.000000 PM,,,300,,,,,,,,,,,33066,,5759,14-Oct-25,5759,14-Oct-25,,,,,,,,,,,,,,,,,,,,,,,,,,
51308,,542,5% D/s,,,500,,,,,,,,14-OCT-25 02.00.00.000000 PM,,,,,,,,,,,,,,33066,,5759,14-Oct-25,5759,14-Oct-25,25200,,,,,,,,,,,,,,,,,,,,,,,,,
51336,,,RINGERS LACTATE ,,,500,,,,,,,,16-OCT-25 01.30.00.000000 PM,,,,,,,,,,,,,,33086,,4927,16-Oct-25,4927,16-Oct-25,25313,,,,,,,,,,,,,,,,,,,,,,,,,
51342,,582,febramol,,,100,,,,,,,,17-OCT-25 06.30.00.000000 AM,,,,,,,,,,,,,,33209,,4933,17-Oct-25,4933,17-Oct-25,25573,,,,,,,,,,,,,,,,,,,,,,,,,
51343,,582,Normal saline ,,,500,,,,,,,,17-OCT-25 06.45.00.000000 AM,,,,,,,,,,,,,,33209,,4933,17-Oct-25,4933,17-Oct-25,,,,,,,,,,,,,,,,,,,,,,,,,,
51345,,,5% D/s,,,500,,,,,,,,17-OCT-25 02.15.00.000000 PM,,,,,,,,,,,,,,6577,,4633,17-Oct-25,4633,17-Oct-25,25590,,,,,,,,,,,,,,,,,,,,,,,,,
51346,,,water,,500,,,,,,,,,17-OCT-25 02.00.00.000000 PM,,,,,,,,,,,,,,6577,,4633,17-Oct-25,4633,17-Oct-25,,,,,,,,,,,,,,,,,,,,,,,,,,
51351,,582,febramol,,,100,,,,,,,,24-OCT-25 02.00.00.000000 PM,,,,,,,,,,,,,,33209,,5926,17-Oct-25,5926,17-Oct-25,25573,,,,,,,,,,,,,,,,,,,,,,,,,
51352,,582,0.9% normal saline,,,500,,,,,,,,24-OCT-25 02.00.00.000000 PM,,,,,,,,,,,,,,33202,,5926,17-Oct-25,5926,17-Oct-25,25747,,,,,,,,,,,,,,,,,,,,,,,,,
51354,,582,0.9% normal saline,,,500,,,,,,,,24-OCT-25 02.00.00.000000 PM,,,,,,,,,,,,,,33202,,5926,17-Oct-25,5926,17-Oct-25,25747,,,,,,,,,,,,,,,,,,,,,,,,,
51364,,,Mailina,,300,,,,,,,,,17-OCT-25 05.15.00.000000 PM,,,,,,,,,,,,,,33202,,6092,17-Oct-25,6092,17-Oct-25,25747,,,,,,,,,,,,,,,,,,,,,,,,,
51367,,,5% Dextrose saline,,,500,,,,,,,,17-OCT-25 08.00.00.000000 PM,,,,,,,,,,,,,,33202,,6092,17-Oct-25,6092,17-Oct-25,,,,,,,,,,,,,,,,,,,,,,,,,,
51369,,,,,,,,,,,,,,17-OCT-25 10.15.00.000000 PM,,,450,,,,,,,,,,,33209,,6092,17-Oct-25,6092,17-Oct-25,25573,,,,,,,,,,,,,,,,,,,,,,,,,
51380,,,,,,,,,,,,,,18-OCT-25 06.15.00.000000 AM,,,200,,,,,,,,,,,33209,,6092,18-Oct-25,6092,18-Oct-25,25573,,,,,,,,,,,,,,,,,,,,,,,,,
51382,,,TEA AND WATER,,500,,,,,,,,,18-OCT-25 07.15.00.000000 AM,,,,,,,,,,,,,,33209,,6092,18-Oct-25,6092,18-Oct-25,,,,,,,,,,,,,,,,,,,,,,,,,,
51383,,,5% dextrose saline,,,500,,,,,,,,18-OCT-25 07.30.00.000000 AM,,,,,,,,,,,,,,33202,,6092,18-Oct-25,6092,18-Oct-25,25747,,,,,,,,,,,,,,,,,,,,,,,,,
51385,,,,,,,,,,,,,,18-OCT-25 05.00.00.000000 PM,,,350,,,,,,,,,,,33209,,4927,18-Oct-25,4927,18-Oct-25,25573,,,,,,,,,,,,,,,,,,,,,,,,,
51386,,530,5% Dextrose saline,,,500,,,,,,,,18-OCT-25 06.15.00.000000 PM,,,400,,,,,,,,,,,33209,,6111,18-Oct-25,6111,18-Oct-25,25785,,,,,,,,,,,,,,,,,,,,,,,,,
51387,,542,ringers lactate,,,500,,,,,,,,19-OCT-25 10.45.00.000000 AM,,,,,,,,,,,,,,33290,,4950,19-Oct-25,4950,19-Oct-25,25788,,,,,,,,,,,,,,,,,,,,,,,,,
51388,,542,ringers lactate,,,500,,,,,,,,19-OCT-25 11.30.00.000000 AM,,,200,,,,,,,,,,,33290,,4950,19-Oct-25,4950,19-Oct-25,,,,,,,,,,,,,,,,,,,,,,,,,,
51389,,,flagyl,,,100,,,,,,,,19-OCT-25 01.00.00.000000 PM,,,,,,,,,,,,,,33290,,5759,19-Oct-25,5759,19-Oct-25,25788,,,,,,,,,,,,,,,,,,,,,,,,,
51390,,,ciprofloxacin,,,100,,,,,,,,19-OCT-25 11.00.00.000000 AM,,,,,,,,,,,,,,33290,,5759,19-Oct-25,5759,19-Oct-25,25788,,,,,,,,,,,,,,,,,,,,,,,,,
51396,,,flagyl,,,100,,,,,,,,19-OCT-25 09.00.00.000000 PM,,,,,,,,,,,,,,33290,,4927,19-Oct-25,4927,19-Oct-25,25788,,,,,,,,,,,,,,,,,,,,,,,,,
51397,,,febramol,,,100,,,,,,,,19-OCT-25 09.15.00.000000 PM,,,,,,,,,,,,,,33290,,4927,19-Oct-25,4927,19-Oct-25,,,,,,,,,,,,,,,,,,,,,,,,,,
51398,,,5% D/s,,,500,,,,,,,,19-OCT-25 09.30.00.000000 PM,,,,,,,,,,,,,,33290,,4927,19-Oct-25,4927,19-Oct-25,25788,,,,,,,,,,,,,,,,,,,,,,,,,
51399,,542,ciprofloxacin,,,100,,,,,,,,19-OCT-25 11.00.00.000000 PM,,,300,,300,,,,,,,,,33290,,4927,19-Oct-25,4927,19-Oct-25,25788,,,,,,,,,,,,,,,,,,,,,,,,,
51400,,582,5% Dextrose saline,,,1000,,,,,,,,19-OCT-25 06.15.00.000000 PM,,,400,,,,,,,,,,,4116,,6111,19-Oct-25,6111,19-Oct-25,24870,,,,,,,,,,,,,,,,,,,,,,,,,
51401,,,ORS,,,200,,,,,,,,19-OCT-25 09.00.00.000000 PM,,,,,,,,,,,,,,33290,,4927,19-Oct-25,4927,19-Oct-25,,,,,,,,,,,,,,,,,,,,,,,,,,
51405,,582,RINGER'S LACTATE,,,1000,,,,,,,,26-OCT-25 12.30.00.000000 AM,,,300,,,,,,,,,,,33309,,4512,20-Oct-25,4512,20-Oct-25,,,,,,,,,,,,,,,,,,,,,,,,,,
51406,,,water,,200,,,,,,,,,20-OCT-25 03.00.00.000000 AM,,,,,,,,,,,,,,33290,,4927,20-Oct-25,4927,20-Oct-25,25788,,,,,,,,,,,,,,,,,,,,,,,,,
51407,,,flagyl,,,100,,,,,,,,20-OCT-25 05.00.00.000000 AM,,,400,,200,,,,,,,,,33290,,4927,20-Oct-25,4927,20-Oct-25,,,,,,,,,,,,,,,,,,,,,,,,,,
51408,,,Febramol,,,100,,,,,,,,20-OCT-25 05.15.00.000000 AM,,,,,,,,,,,,,,33290,,4927,20-Oct-25,4927,20-Oct-25,,,,,,,,,,,,,,,,,,,,,,,,,,
51432,,582,0.9% normal saline,,,500,,,,,,,,27-OCT-25 07.15.00.000000 PM,,,,,,,,,,,,,,33387,,5981,20-Oct-25,5981,20-Oct-25,26014,,,,,,,,,,,,,,,,,,,,,,,,,
51437,,582,0.9% normal saline,,,500,,,,,,,,27-OCT-25 10.00.00.000000 PM,,,,,,,,,,,,,,4116,,5981,20-Oct-25,5981,20-Oct-25,24870,,,,,,,,,,,,,,,,,,,,,,,,,
51438,,582,0.9% normal saline,,,500,,,,,,,,20-OCT-25 10.15.00.000000 PM,,,,,,,,,,,,,,4116,,5981,20-Oct-25,5981,20-Oct-25,24870,,,,,,,,,,,,,,,,,,,,,,,,,
51455,,,BLOOD,,,450,,,,,,,,21-OCT-25 12.45.00.000000 AM,,,200,,,,,,,,,,,32811,,4633,21-Oct-25,4633,21-Oct-25,25921,,,,,,,,,,,,,,,,,,,,,,,,,
51456,,,5% D/s,,,450,,,,,,,,21-OCT-25 12.00.00.000000 AM,,,,,,,,,,,,,,33402,,4633,21-Oct-25,4633,21-Oct-25,26029,,,,,,,,,,,,,,,,,,,,,,,,,
51457,,,5% D/s,,,500,,,,,,,,21-OCT-25 03.00.00.000000 AM,,,,,,,,,,,,,,33402,,4633,21-Oct-25,4633,21-Oct-25,,,,,,,,,,,,,,,,,,,,,,,,,,
51460,,,Blood,,,180,,,,,,,,21-OCT-25 12.45.00.000000 AM,,,,,,,,,,,,,,33397,,4633,21-Oct-25,4633,21-Oct-25,26023,,,,,,,,,,,,,,,,,,,,,,,,,
51461,,582,0.9% normal saline,,,500,,,,,,,,21-OCT-25 07.00.00.000000 AM,,,,,,,,,,,,,,4116,,5981,21-Oct-25,5981,21-Oct-25,24870,,,,,,,,,,,,,,,,,,,,,,,,,
51462,,582,,,,,,,,,,,,21-OCT-25 07.30.00.000000 AM,,,400,,,,,,,,,,,4116,,5981,21-Oct-25,5981,21-Oct-25,,,,,,,,,,,,,,,,,,,,,,,,,,
51465,,,ringers lactate,,,500,,,,,,,,21-OCT-25 01.00.00.000000 PM,,,,,,,,,,,,,,33290,,4611,21-Oct-25,4611,21-Oct-25,26034,,,,,,,,,,,,,,,,,,,,,,,,,
51466,,,water,,500,,,,,,,,,21-OCT-25 10.00.00.000000 AM,,,,,,,,,,,,,,33290,,4611,21-Oct-25,4611,21-Oct-25,,,,,,,,,,,,,,,,,,,,,,,,,,
51468,,,,,,,,,,,,,,21-OCT-25 12.30.00.000000 PM,,,500,,,,,,,,,,,33290,,4611,21-Oct-25,4611,21-Oct-25,26034,,,,,,,,,,,,,,,,,,,,,,,,,
51478,,542,pap + water,,300,,,,,,,,,22-OCT-25 12.00.00.000000 AM,,,,,,,,,,,,,,33062,,4950,22-Oct-25,4950,22-Oct-25,,,,,,,,,,,,,,,,,,,,,,,,,,
51479,,582,0.9% normal saline,,,,,,,,,,,22-OCT-25 04.00.00.000000 AM,,,,,,,,,,,,,,33387,,5981,22-Oct-25,5981,22-Oct-25,26233,,,,,,,,,,,,,,,,,,,,,,,,,
51480,,542,5% dextrose saline,,,500,,,,,,,,22-OCT-25 08.00.00.000000 AM,,,,,,,,,,,,,,33062,,4950,22-Oct-25,4950,22-Oct-25,26149,,,,,,,,,,,,,,,,,,,,,,,,,
51481,,542,5% Dextrose saline,,,500,,,,,,,,22-OCT-25 08.15.00.000000 AM,,,,,,,,,,,,,,33487,,5990,22-Oct-25,5990,22-Oct-25,26258,,,,,,,,,,,,,,,,,,,,,,,,,
51484,,542,n/saline fast,,,500,,,,,,,,22-OCT-25 01.45.00.000000 PM,,,,,,,,,,,,,,30098,,5990,22-Oct-25,5990,22-Oct-25,26238,,,,,,,,,,,,,,,,,,,,,,,,,
51490,,542,,,,,,,,,,,,22-OCT-25 03.00.00.000000 PM,,,100,,,,,,,,,,,30098,,5990,22-Oct-25,5990,22-Oct-25,26238,,,,,,,,,,,,,,,,,,,,,,,,,
51491,,,,,,,,,,,,,,22-OCT-25 03.15.00.000000 PM,,,100,,,,,,,,,,,6760,,5990,22-Oct-25,5990,22-Oct-25,26291,,,,,,,,,,,,,,,,,,,,,,,,,
51492,,,normal saline,,,500,,,,,,,,22-OCT-25 10.00.00.000000 PM,,,,,,,,,,,,,,30098,,5759,22-Oct-25,5759,22-Oct-25,26238,,,,,,,,,,,,,,,,,,,,,,,,,
51496,,,water,,300,,,,,,,,,22-OCT-25 07.15.00.000000 PM,,,,,,,,,,,,,,30098,,5759,22-Oct-25,5759,22-Oct-25,,,,,,,,,,,,,,,,,,,,,,,,,,
51497,,,5% D/s,,,500,,,,,,,,22-OCT-25 12.00.00.000000 PM,,,,,,,,,,,,,,33498,,5759,22-Oct-25,5759,22-Oct-25,26272,,,,,,,,,,,,,,,,,,,,,,,,,
51499,,,,,,,,,,,,,,22-OCT-25 08.15.00.000000 PM,,,300,,,,,,,,,,,33498,,5759,22-Oct-25,5759,22-Oct-25,,,,,,,,,,,,,,,,,,,,,,,,,,
51023,,542,normal saline,,,500,,,,,,,,27-SEP-25 09.00.00.000000 AM,,,150,,,,,,,,,,,32056,,4512,27-Sep-25,4512,27-Sep-25,22761,,,,,,,,,,,,,,,,,,,,,,,,,
51029,,,50% dextrose,,,20,,,,,,,,27-SEP-25 02.45.00.000000 PM,,,150,,,,,,,,,,,356,,5759,27-Sep-25,5759,27-Sep-25,22578,,,,,,,,,,,,,,,,,,,,,,,,,
51040,,,ciprofloxacin ,,,100,,,,,,,,28-SEP-25 10.00.00.000000 PM,,,,,,,,,,,,,,6821,,5014,28-Sep-25,5014,28-Sep-25,,,,,,,,,,,,,,,,,,,,,,,,,,
51043,,542,5% D saline 500,,,500,,,,,,,,28-SEP-25 10.00.00.000000 PM,,,,,,,,,,,,,,356,,6111,28-Sep-25,6111,28-Sep-25,,,,,,,,,,,,,,,,,,,,,,,,,,
51045,,542,tea and water,,200,,,,,,,,,28-SEP-25 07.00.00.000000 PM,,,,,,,,,,,,,,356,,6111,28-Sep-25,6111,28-Sep-25,,,,,,,,,,,,,,,,,,,,,,,,,,
51047,,542,water,,200,,,,,,,,,28-SEP-25 04.30.00.000000 PM,,,,,,,,,,,,,,32057,,6111,28-Sep-25,6111,28-Sep-25,,,,,,,,,,,,,,,,,,,,,,,,,,
51050,,542,water,,200,,,,,,,,,28-SEP-25 08.00.00.000000 PM,,,,,,,,,,,,,,31672,,6111,28-Sep-25,6111,28-Sep-25,,,,,,,,,,,,,,,,,,,,,,,,,,
51051,,542,water,,,200,,,,,,,,28-SEP-25 10.00.00.000000 PM,,,300,,,,,,,,,,,31672,,6111,28-Sep-25,6111,28-Sep-25,22781,,,,,,,,,,,,,,,,,,,,,,,,,
51052,,582,0.9% normal saline,,,500,,,,,,,,06-OCT-25 01.15.00.000000 PM,,,,,,,,,,,,,,32149,,4981,29-Sep-25,4981,29-Sep-25,23010,,to run fast,,,,,,,,,,,,,,,,,,,,,,,
51074,,542,5% D/s,,,500,,,,,,,,30-SEP-25 10.00.00.000000 AM,,,,,,,,,,,,,,8323,,5926,30-Sep-25,5926,30-Sep-25,23068,,,,,,,,,,,,,,,,,,,,,,,,,
51082,,582,ciprofloxacin ,,,100,,,,,,,,30-SEP-25 08.00.00.000000 PM,,,,,,,,,,,,,,7861,,5482,30-Sep-25,5482,30-Sep-25,15734,,,,,,,,,,,,,,,,,,,,,,,,,
51085,,,Febramol,,,100,,,,,,,,30-SEP-25 09.15.00.000000 PM,,,,,,,,,,,,,,30640,,6092,30-Sep-25,6092,30-Sep-25,23265,,,,,,,,,,,,,,,,,,,,,,,,,
51086,,,normal saline,,,500,,,,,,,,30-SEP-25 09.30.00.000000 PM,,,,,,,,,,,,,,30640,,6092,30-Sep-25,6092,30-Sep-25,,,,,,,,,,,,,,,,,,,,,,,,,,
51087,,,pap + water,,100,,,,,,,,,30-SEP-25 09.00.00.000000 PM,,,,,,,,,,,,,,32262,,6092,30-Sep-25,6092,30-Sep-25,23261,,,,,,,,,,,,,,,,,,,,,,,,,
51139,,,iv cipro,,,100,,,,,,,,02-OCT-25 04.00.00.000000 PM,,,,,,,,,,,,,,32330,,4953,2-Oct-25,4953,2-Oct-25,23441,,,,,,,,,,,,,,,,,,,,,,,,,
51180,,542,4.3%d/saline,,,500,,,,,,,,07-OCT-25 12.15.00.000000 AM,,,,,,,,,,,,,,32579,,4512,7-Oct-25,4512,7-Oct-25,24009,,,,,,,,,,,,,,,,,,,,,,,,,
51204,,542,5% D/s,,,500,,,,,,,,09-OCT-25 07.00.00.000000 AM,,,,,,,,,,,,,,32710,,5482,9-Oct-25,5482,9-Oct-25,24282,,to run for 6hrs,,,,,,,,,,,,,,,,,,,,,,,
51205,,542,,,,,,,,,,,,09-OCT-25 06.00.00.000000 AM,,,300,,,,,,,,,,,32710,,5482,9-Oct-25,5482,9-Oct-25,,,,,,,,,,,,,,,,,,,,,,,,,,
51230,,582,manitol,,,500,,,,,,,,10-OCT-25 09.30.00.000000 AM,,,450,,,,,,,,,,,6614,,5926,10-Oct-25,5926,10-Oct-25,24288,,discontinued,,,,,,,,,,,,,,,,,,,,,,,
51231,,582,5% dextrose water,,,500,,,,,,,,10-OCT-25 10.00.00.000000 AM,,,450,,,,,,,,,,,6614,,5926,10-Oct-25,5926,10-Oct-25,,,,,,,,,,,,,,,,,,,,,,,,,,
51237,,,5% dextrose in salin,,,500,,,,,,,,17-OCT-25 02.30.00.000000 PM,,,,,,,,,,,,,,32827,,5759,10-Oct-25,5759,10-Oct-25,24571,,,,,,,,,,,,,,,,,,,,,,,,,
51256,,,water,,300,,,,,,,,,11-OCT-25 04.00.00.000000 PM,,,,,,,,,,,,,,5527,,5759,11-Oct-25,5759,11-Oct-25,24600,,,,,,,,,,,,,,,,,,,,,,,,,
51273,,,ringers lactate,,,500,,,,,,,,13-OCT-25 09.30.00.000000 PM,,,,,,,,,,,,,,32967,,5759,13-Oct-25,5759,13-Oct-25,24959,,,,,,,,,,,,,,,,,,,,,,,,,
51274,,,,,,,,,,,,,,13-OCT-25 07.15.00.000000 PM,,,200,,,,,,,,,,,32967,,5759,13-Oct-25,5759,13-Oct-25,,,,,,,,,,,,,,,,,,,,,,,,,,
51275,,,water,,150,,,,,,,,,13-OCT-25 07.45.00.000000 PM,,,,,,,,,,,,,,32967,,5759,13-Oct-25,5759,13-Oct-25,,,,,,,,,,,,,,,,,,,,,,,,,,
51285,,542,8% dext in 1/5 salin,,,120,,,,,,,,14-OCT-25 05.00.00.000000 AM,,,,,,,,,,,,,,30486,,6068,14-Oct-25,6068,14-Oct-25,24895,,6houly,,,,,,,,,,,,,,,,,,,,,,,
51311,,,febramol,,,100,,,,,,,,14-OCT-25 08.45.00.000000 PM,,,,,,,,,,,,,,33084,,5759,14-Oct-25,5759,14-Oct-25,25245,,,,,,,,,,,,,,,,,,,,,,,,,
51312,,,ciprofloxacin ,,,100,,,,,,,,14-OCT-25 09.30.00.000000 PM,,,,,,,,,,,,,,33084,,5759,14-Oct-25,5759,14-Oct-25,,,,,,,,,,,,,,,,,,,,,,,,,,
51313,,542,normal saline,,,500,,,,,,,,14-OCT-25 09.45.00.000000 PM,,,,,,,,,,,,,,33084,,5759,14-Oct-25,5759,14-Oct-25,,,,,,,,,,,,,,,,,,,,,,,,,,
51314,,542,flagyl,,,100,,,,,,,,14-OCT-25 10.00.00.000000 PM,,,,,,,,,,,,,,33084,,5759,14-Oct-25,5759,14-Oct-25,,,,,,,,,,,,,,,,,,,,,,,,,,
51323,,542,0.9% normal saline,,,500,,,,,,,,22-OCT-25 09.15.00.000000 AM,,,,,,,,,,,,,,32997,,5926,15-Oct-25,5926,15-Oct-25,,,,,,,,,,,,,,,,,,,,,,,,,,
51324,,542,0.9% normal saline,,,500,,,,,,,,15-OCT-25 09.30.00.000000 PM,,,,,,,,,,,,,,33083,,4574,15-Oct-25,4574,15-Oct-25,25308,,,,,,,,,,,,,,,,,,,,,,,,,
51326,,542,Febramol,,,100,,,,,,,,15-OCT-25 09.15.00.000000 PM,,,,,,,,,,,,,,33083,,4574,15-Oct-25,4574,15-Oct-25,,,,,,,,,,,,,,,,,,,,,,,,,,
51328,,542,8% dext in 1/5 salin,,,,,,,,,,,16-OCT-25 12.00.00.000000 AM,,,,,,,,,,,,,,33086,,4574,16-Oct-25,4574,16-Oct-25,25313,,,,,,,,,,,,,,,,,,,,,,,,,
51329,,542,5% D/W,,,500,,,,,,,,16-OCT-25 03.00.00.000000 AM,,,,,,,,,,,,,,33083,,4574,16-Oct-25,4574,16-Oct-25,25308,,,,,,,,,,,,,,,,,,,,,,,,,
51330,,542,Febramol,,,100,,,,,,,,16-OCT-25 06.00.00.000000 AM,,,,,,,,,,,,,,33083,,4574,16-Oct-25,4574,16-Oct-25,,,,,,,,,,,,,,,,,,,,,,,,,,
51372,,,,,,,,,,,,,,17-OCT-25 11.45.00.000000 PM,,,500,,,,,,,,,,,33209,,6092,17-Oct-25,6092,17-Oct-25,25573,,,,,,,,,,,,,,,,,,,,,,,,,
51373,,,BF  5% D/SALINE,,,150,,,,,,,,18-OCT-25 12.00.00.000000 AM,,,,,,,,,,,,,,33202,,6092,18-Oct-25,6092,18-Oct-25,25747,,,,,,,,,,,,,,,,,,,,,,,,,
51374,,,normal saline,,,500,,,,,,,,18-OCT-25 02.00.00.000000 AM,,,,,,,,,,,,,,33202,,6092,18-Oct-25,6092,18-Oct-25,,,,,,,,,,,,,,,,,,,,,,,,,,
51377,,,,,,,,,,,,,,18-OCT-25 06.00.00.000000 AM,,,500,,,,,,,,,,,33202,,6092,18-Oct-25,6092,18-Oct-25,25747,,,,,,,,,,,,,,,,,,,,,,,,,
51384,,,,,,,,,,,,,,18-OCT-25 08.00.00.000000 AM,,,350,,,,,,,,,,,33209,,6092,18-Oct-25,6092,18-Oct-25,25573,,,,,,,,,,,,,,,,,,,,,,,,,
51404,,582,ringers lactate,,,500,,,,,,,,26-OCT-25 12.30.00.000000 AM,,,300,,,,,,,,,,,33309,,4512,20-Oct-25,4512,20-Oct-25,,,,,,,,,,,,,,,,,,,,,,,,,,
51421,,,ringers lactate,,,500,,,,,,,,20-OCT-25 11.45.00.000000 AM,,,,,,,,,,,,,,33290,,5759,20-Oct-25,5759,20-Oct-25,,,,,,,,,,,,,,,,,,,,,,,,,,
51425,,582,water,,300,,,,,,,,,20-OCT-25 11.30.00.000000 AM,,,,,,,,,,,,,,4116,,4574,20-Oct-25,4574,20-Oct-25,,,,,,,,,,,,,,,,,,,,,,,,,,
51440,,582,0.9% normal saline,,,500,,,,,,,,20-OCT-25 07.15.00.000000 PM,,,,,,,,,,,,,,33387,,5981,20-Oct-25,5981,20-Oct-25,26014,,,,,,,,,,,,,,,,,,,,,,,,,
51441,,582,0.9% normal saline,,,500,,,,,,,,20-OCT-25 07.15.00.000000 PM,,,,,,,,,,,,,,33387,,5981,20-Oct-25,5981,20-Oct-25,,,,,,,,,,,,,,,,,,,,,,,,,,
51443,,582,,,,,,,,,,,,20-OCT-25 07.30.00.000000 PM,,,300,,,,,,,,,,,33387,,5981,20-Oct-25,5981,20-Oct-25,,,,,,,,,,,,,,,,,,,,,,,,,,
51445,,582,,,,,,,,,,,,20-OCT-25 09.30.00.000000 PM,,,200,,,,,,,,,,,33387,,5981,20-Oct-25,5981,20-Oct-25,,,,,,,,,,,,,,,,,,,,,,,,,,
51446,,,0RS,,100,,,,,,,,,20-OCT-25 09.00.00.000000 PM,,,,,,,,,,,,,,33402,,4633,20-Oct-25,4633,20-Oct-25,26029,,,,,,,,,,,,,,,,,,,,,,,,,
51447,,,water,,100,,,,,,,,,20-OCT-25 10.00.00.000000 PM,,,300,,,,,,,,,,,33402,,4633,20-Oct-25,4633,20-Oct-25,,,,,,,,,,,,,,,,,,,,,,,,,,
51448,,,5% D/s,,,50,,,,,,,,20-OCT-25 11.45.00.000000 PM,,,,,,,,,,,,,,33402,,4633,20-Oct-25,4633,20-Oct-25,,,,,,,,,,,,,,,,,,,,,,,,,,
51449,,,RINGERS LACTATE ,,,250,,,,,,,,20-OCT-25 09.00.00.000000 PM,,,400,,,,,,,,,,,33290,,4633,20-Oct-25,4633,20-Oct-25,26034,,,,,,,,,,,,,,,,,,,,,,,,,
51450,,,flagyl,,,100,,,,,,,,20-OCT-25 10.00.00.000000 PM,,,,,,,,,,,,,,33290,,4633,20-Oct-25,4633,20-Oct-25,,,,,,,,,,,,,,,,,,,,,,,,,,
51451,,,CIPROFLOXAXIN,,,100,,,,,,,,20-OCT-25 10.15.00.000000 PM,,,,,,,,,,,,,,33290,,4633,20-Oct-25,4633,20-Oct-25,,,,,,,,,,,,,,,,,,,,,,,,,,
51453,,,RINGERS LACTATE ,,,250,,,,,,,,21-OCT-25 12.00.00.000000 AM,,,,,,,,,,,,,,33290,,4633,21-Oct-25,4633,21-Oct-25,26034,,,,,,,,,,,,,,,,,,,,,,,,,
51454,,,5% D/s,,,500,,,,,,,,21-OCT-25 02.00.00.000000 AM,,,,,,,,,,,,,,33290,,4633,21-Oct-25,4633,21-Oct-25,,,,,,,,,,,,,,,,,,,,,,,,,,
51469,,582,5% D/s,,,500,,,,,,,,21-OCT-25 01.00.00.000000 PM,,,500,,,,,,,,,,,4116,,5079,21-Oct-25,5079,21-Oct-25,24870,,,,,,,,,,,,,,,,,,,,,,,,,
51473,,542,5% Dextrose saline,,,500,,,,,,,,21-OCT-25 05.00.00.000000 PM,,,,,,,,,,,,,,33402,,4950,21-Oct-25,4950,21-Oct-25,26029,,,,,,,,,,,,,,,,,,,,,,,,,
51474,,582,,,,,,,,,,,,21-OCT-25 09.00.00.000000 PM,,,600,,,,,,,,,,,33387,,5981,21-Oct-25,5981,21-Oct-25,26233,,,,,,,,,,,,,,,,,,,,,,,,,
51506,,,5% D/s,,,500,,,,,,,,23-OCT-25 07.15.00.000000 AM,,,,,,,,,,,,,,33498,,5759,23-Oct-25,5759,23-Oct-25,26272,,,,,,,,,,,,,,,,,,,,,,,,,
51509,,,water,,200,,,,,,,,,23-OCT-25 10.00.00.000000 AM,,,300,,,,,,,,,,,33487,,4937,23-Oct-25,4937,23-Oct-25,26258,,,,,,,,,,,,,,,,,,,,,,,,,
51510,,,5%D/S,,,500,,,,,,,,23-OCT-25 09.30.00.000000 AM,,,,,,,,,,,,,,30098,,4937,23-Oct-25,4937,23-Oct-25,26238,,,,,,,,,,,,,,,,,,,,,,,,,
51511,,,water,,500,,,,,,,,,23-OCT-25 10.00.00.000000 AM,,,300,,,,,,,,,,,30098,,4937,23-Oct-25,4937,23-Oct-25,,,,,,,,,,,,,,,,,,,,,,,,,,
51512,,,MALT,,350,,,,,,,,,23-OCT-25 10.00.00.000000 AM,,,200,,,,,,,,,,,6760,,4937,23-Oct-25,4937,23-Oct-25,26291,,,,,,,,,,,,,,,,,,,,,,,,,
51515,,542,5% dextrose saline,,,500,,,,,,,,23-OCT-25 12.00.00.000000 PM,,,,,,,,,,,,,,33487,,4937,23-Oct-25,4937,23-Oct-25,26258,,,,,,,,,,,,,,,,,,,,,,,,,
51516,,542,pepsi,,300,,,,,,,,,23-OCT-25 01.00.00.000000 PM,,,,,,,,,,,,,,33487,,4937,23-Oct-25,4937,23-Oct-25,,,,,,,,,,,,,,,,,,,,,,,,,,
51521,,,,,,,,,,,,,,23-OCT-25 01.45.00.000000 AM,,,200,,,,,,,,,,,30098,,4937,23-Oct-25,4937,23-Oct-25,26238,,,,,,,,,,,,,,,,,,,,,,,,,
51524,,,5% dextrose saline,,,500,,,,,,,,23-OCT-25 03.00.00.000000 PM,,,400,,,,,,,,,,,6760,,4937,23-Oct-25,4937,23-Oct-25,,,,,,,,,,,,,,,,,,,,,,,,,,
51525,,,,,,,,,,,,,,23-OCT-25 03.00.00.000000 PM,,,200,,,,,,,,,,,30098,,4937,23-Oct-25,4937,23-Oct-25,26238,,,,,,,,,,,,,,,,,,,,,,,,,
51526,,,5% dextrose water,,,500,,,,,,,,23-OCT-25 03.00.00.000000 PM,,,,,,,,,,,,,,33062,,4937,23-Oct-25,4937,23-Oct-25,26519,,,,,,,,,,,,,,,,,,,,,,,,,
51534,,542,flagyl,,,100,,,,,,,,23-OCT-25 07.45.00.000000 PM,,,,,,,,,,,,,,8639,,4574,23-Oct-25,4574,23-Oct-25,,,,,,,,,,,,,,,,,,,,,,,,,,
51540,,542,5% D/S BF.,,,100,,,,,,,,24-OCT-25 12.00.00.000000 AM,,,,,,,,,,,,,,8639,,4574,24-Oct-25,4574,24-Oct-25,,,,,,,,,,,,,,,,,,,,,,,,,,
51544,,542,5% D/s,,,500,,,,,,,,24-OCT-25 06.00.00.000000 AM,,,,,,,,,,,,,,33589,,4574,24-Oct-25,4574,24-Oct-25,26566,,,,,,,,,,,,,,,,,,,,,,,,,
51545,,542,N/S BF,,,250,,,,,,,,24-OCT-25 12.00.00.000000 AM,,,,,,,,,,,,,,33589,,4574,24-Oct-25,4574,24-Oct-25,,,,,,,,,,,,,,,,,,,,,,,,,,
51546,,542,,,,,,,,,,,,24-OCT-25 07.00.00.000000 AM,,,400,,,,,,,,,,,33589,,4574,24-Oct-25,4574,24-Oct-25,,,,,,,,,,,,,,,,,,,,,,,,,,
51548,,,YOGHURT DRINK,,500,,,,,,,,,24-OCT-25 09.15.00.000000 AM,,,,,,,,,,,,,,8823,,6092,24-Oct-25,6092,24-Oct-25,,,,,,,,,,,,,,,,,,,,,,,,,,
51549,,,water,,500,,,,,,,,,24-OCT-25 09.30.00.000000 AM,,,,,,,,,,,,,,8823,,6092,24-Oct-25,6092,24-Oct-25,,,,,,,,,,,,,,,,,,,,,,,,,,
51550,,,0.9% normal saline,,,500,,,,,,,,24-OCT-25 11.00.00.000000 AM,,,,,,,,,,,,,,8823,,6092,24-Oct-25,6092,24-Oct-25,26571,,,,,,,,,,,,,,,,,,,,,,,,,
51553,,542,flagyl,,,100,,,,,,,,24-OCT-25 03.15.00.000000 PM,,,,,,,,,,,,,,32811,,5014,24-Oct-25,5014,24-Oct-25,,,,,,,,,,,,,,,,,,,,,,,,,,
50993,,,5% dextrose saline,,,500,,,,,,,,25-SEP-25 11.00.00.000000 AM,,,,,,,,,,,,,,31839,,6111,25-Sep-25,6111,25-Sep-25,,,,,,,,,,,,,,,,,,,,,,,,,,
51005,,,metronidazole,,,100,,,,,,,,25-SEP-25 10.00.00.000000 PM,,,400,,,,,,,,,,,31839,,4643,25-Sep-25,4643,25-Sep-25,,,,,,,,,,,,,,,,,,,,,,,,,,
51006,,542,N/S +10%DW,,,500,,,,,,,,26-SEP-25 12.00.00.000000 AM,,,,,,,,,,,,,,31878,,5989,26-Sep-25,5989,26-Sep-25,22566,,,,,,,,,,,,,,,,,,,,,,,,,
51009,,,Blood,,,450,,,,,,,,26-SEP-25 01.00.00.000000 PM,,,,,,,,,,,,,,356,,4953,26-Sep-25,4953,26-Sep-25,22578,,got finished with no heamo  reaction,,,,,,,,,,,,,,,,,,,,,,,
51020,,542,,,,,,,,,,,,27-SEP-25 07.00.00.000000 AM,,,700,,,,,,,,,,,356,,4953,27-Sep-25,4953,27-Sep-25,,,,,,,,,,,,,,,,,,,,,,,,,,
51033,,,normal saline,,,500,,,,,,,,28-SEP-25 12.00.00.000000 PM,,,,,,,,,,,,,,31672,,5759,28-Sep-25,5759,28-Sep-25,22781,,,,,,,,,,,,,,,,,,,,,,,,,
51071,,,5% Dextrose+40I.U OX,,,500,,,,,,,,30-SEP-25 04.00.00.000000 PM,,,,,,,,,,,,,,30171,,4953,30-Sep-25,4953,30-Sep-25,22992,,,,,,,,,,,,,,,,,,,,,,,,,
51078,,,,,,,,,,,,,,30-SEP-25 06.00.00.000000 PM,,,,50,,,,,,,,,,32262,,6092,30-Sep-25,6092,30-Sep-25,,,,,,,,,,,,,,,,,,,,,,,,,,
51079,,,,,,,,,,,,,,30-SEP-25 07.15.00.000000 PM,,,,50,,,,,,,,,,32262,,6092,30-Sep-25,6092,30-Sep-25,,,,,,,,,,,,,,,,,,,,,,,,,,
51083,,582,metronizadazole,,,100,,,,,,,,30-SEP-25 08.00.00.000000 PM,,,,,,,,,,,,,,7861,,5482,30-Sep-25,5482,30-Sep-25,,,,,,,,,,,,,,,,,,,,,,,,,,
51084,,582,,,300,,,,,,,,,30-SEP-25 08.00.00.000000 PM,,,,,,,,,,,,,,7861,,5482,30-Sep-25,5482,30-Sep-25,,,,,,,,,,,,,,,,,,,,,,,,,,
51089,,,5% Dextrose saline,,,500,,,,,,,,30-SEP-25 09.00.00.000000 PM,,,,,,,,,,,,,,30171,,4651,30-Sep-25,4651,30-Sep-25,23270,,FAST,,,,,,,,,,,,,,,,,,,,,,,
51090,,,normal saline+40 iu ,,,500,,,,,,,,30-SEP-25 10.00.00.000000 PM,,,,,,,,,,,,,,30171,,4651,30-Sep-25,4651,30-Sep-25,,,,,,,,,,,,,,,,,,,,,,,,,,
51091,,,febramol,,,100,,,,,,,,30-SEP-25 10.00.00.000000 PM,,,,,,,,,,,,,,30171,,4651,30-Sep-25,4651,30-Sep-25,23270,,,,,,,,,,,,,,,,,,,,,,,,,
51106,,542,normal saline,,,500,,,,,,,,01-OCT-25 03.00.00.000000 PM,,,300,,100,,,,,,,,,30640,,4607,1-Oct-25,4607,1-Oct-25,23265,,watery stool,,,,,,,,,,,,,,,,,,,,,,,
51107,,542,5% Dextrose saline,,,500,,,,,,,,01-OCT-25 02.00.00.000000 PM,,,,,,,,,,,,,,32057,,4607,1-Oct-25,4607,1-Oct-25,22762,,,,,,,,,,,,,,,,,,,,,,,,,
51108,,542,5% Dextrose saline,,,500,,,,,,,,01-OCT-25 11.00.00.000000 AM,,,,,,,,,,,,,,30171,,4950,1-Oct-25,4950,1-Oct-25,23270,,,,,,,,,,,,,,,,,,,,,,,,,
51110,,542,water,,100,,,,,,,,,01-OCT-25 12.00.00.000000 PM,,,,,,,,,,,,,,30171,,4950,1-Oct-25,4950,1-Oct-25,23270,,,,,,,,,,,,,,,,,,,,,,,,,
51114,,582,flagyl,,,100,,,,,,,,01-OCT-25 02.00.00.000000 PM,,,,,,,,,,,,,,7861,,5079,1-Oct-25,5079,1-Oct-25,,,,,,,,,,,,,,,,,,,,,,,,,,
51115,,582,d/saline,,,500,,,,,,,,01-OCT-25 05.15.00.000000 PM,,,,,,,,,,,,,,7861,,6117,1-Oct-25,6117,1-Oct-25,15734,,,,,,,,,,,,,,,,,,,,,,,,,
51118,,582,water,,300,,,,,,,,,08-OCT-25 07.45.00.000000 PM,,,,,,,,,,,,,,7861,,4633,1-Oct-25,4633,1-Oct-25,15734,,,,,,,,,,,,,,,,,,,,,,,,,
51119,,582,ciprofloxacin,,,200,,,,,,,,08-OCT-25 08.00.00.000000 PM,,,,,,,,,,,,,,7861,,4633,1-Oct-25,4633,1-Oct-25,,,,,,,,,,,,,,,,,,,,,,,,,,
51120,,582,IV FLAGYL,,,500,,,,,,,,08-OCT-25 10.00.00.000000 PM,,,,,,,,,,,,,,7861,,4633,1-Oct-25,4633,1-Oct-25,,,,,,,,,,,,,,,,,,,,,,,,,,
51144,,582,flagyl,,,100,,,,,,,,02-OCT-25 10.00.00.000000 PM,,,,,,,,,,,,,,7861,,4933,2-Oct-25,4933,2-Oct-25,,,,,,,,,,,,,,,,,,,,,,,,,,
51145,,582,5% Dextrose saline,,,500,,,,,,,,02-OCT-25 04.00.00.000000 PM,,,,,,,,,,,,,,7861,,4933,2-Oct-25,4933,2-Oct-25,,,,,,,,,,,,,,,,,,,,,,,,,,
51150,,582,ciprofloxacin ,,,100,,,,,,,,03-OCT-25 11.00.00.000000 AM,,,,,,,,,,,,,,32376,,6068,3-Oct-25,6068,3-Oct-25,,,,,,,,,,,,,,,,,,,,,,,,,,
51157,,582,5% Dextrose saline,,,500,,,,,,,,03-OCT-25 05.00.00.000000 PM,,,,,,,,,,,,,,32435,,5079,3-Oct-25,5079,3-Oct-25,23673,,,,,,,,,,,,,,,,,,,,,,,,,
51158,,582,febramol,,,100,,,,,,,,03-OCT-25 09.30.00.000000 PM,,,300,,,,,,,,,,,32435,,5079,3-Oct-25,5079,3-Oct-25,,,,,,,,,,,,,,,,,,,,,,,,,,
51159,,582,5%D saline+ 5cc bco ,,,500,,,,,,,,03-OCT-25 10.00.00.000000 PM,,,,,,,,,,,,,,32435,,5079,3-Oct-25,5079,3-Oct-25,,,,,,,,,,,,,,,,,,,,,,,,,,
51160,,542,normal saline,,,500,,,,,,,,03-OCT-25 09.30.00.000000 PM,,,,,,,,,,,,,,32449,,5759,3-Oct-25,5759,3-Oct-25,23713,,,,,,,,,,,,,,,,,,,,,,,,,
51172,,542,5% D/s,,,400,,,,,,,,12-OCT-25 12.00.00.000000 AM,,,,,,,,,,,,,,32449,,4607,6-Oct-25,4607,6-Oct-25,23751,,,,,,,,,,,,,,,,,,,,,,,,,
51174,,542,normal saline,,,500,,,,,,,,06-OCT-25 06.00.00.000000 AM,,,200,,,,,,,,,,,32449,,4607,6-Oct-25,4607,6-Oct-25,,,,,,,,,,,,,,,,,,,,,,,,,,
51175,,542,normal saline,,,500,,,,,,,,06-OCT-25 06.00.00.000000 AM,,,200,,,,,,,,,,,32449,,4607,6-Oct-25,4607,6-Oct-25,,,,,,,,,,,,,,,,,,,,,,,,,,
51177,,,5% D/s,,,500,,,,,,,,06-OCT-25 12.45.00.000000 PM,,,,,,,,,,,,,,32449,,4937,6-Oct-25,4937,6-Oct-25,23751,,,,,,,,,,,,,,,,,,,,,,,,,
51181,,542,4.3% d/saline,,,500,,,,,,,,07-OCT-25 02.00.00.000000 AM,,,,,,,,,,,,,,32578,,6068,7-Oct-25,6068,7-Oct-25,24007,,,,,,,,,,,,,,,,,,,,,,,,,
51194,,582,5% Dextrose saline,,,500,,,,,,,,08-OCT-25 08.00.00.000000 AM,,,,,,,,,,,,,,32588,,5014,8-Oct-25,5014,8-Oct-25,24045,,,,,,,,,,,,,,,,,,,,,,,,,
51195,,542,normal saline,,,500,,,,,,,,08-OCT-25 03.45.00.000000 PM,,,,,,,,,,,,,,32694,,5926,8-Oct-25,5926,8-Oct-25,24263,,,,,,,,,,,,,,,,,,,,,,,,,
51209,,,5% Dextrose saline,,,500,,,,,,,,09-OCT-25 02.15.00.000000 PM,,,,,,,,,,,,,,32724,,5759,9-Oct-25,5759,9-Oct-25,24370,,,,,,,,,,,,,,,,,,,,,,,,,
51210,,,febramol,,,100,,,,,,,,09-OCT-25 02.30.00.000000 PM,,,,,,,,,,,,,,32724,,5759,9-Oct-25,5759,9-Oct-25,24370,,,,,,,,,,,,,,,,,,,,,,,,,
51212,,582,IV Manitol 20%,,,250,,,,,,,,09-OCT-25 04.00.00.000000 PM,,,,,,,,,,,,,,6614,,4933,9-Oct-25,4933,9-Oct-25,,,,,,,,,,,,,,,,,,,,,,,,,,
51213,,582,normal saline,,,500,,,,,,,,09-OCT-25 03.45.00.000000 PM,,,,,,,,,,,,,,6614,,4933,9-Oct-25,4933,9-Oct-25,,,,,,,,,,,,,,,,,,,,,,,,,,
51215,,582,5% Dextrose saline,,,500,,,,,,,,09-OCT-25 06.00.00.000000 PM,,,600,,,,,,,,,,,6614,,6111,9-Oct-25,6111,9-Oct-25,24288,,,,,,,,,,,,,,,,,,,,,,,,,
51222,,,,,,,,,,,,,,10-OCT-25 06.00.00.000000 AM,,,500,,,,,,,,,,,32766,,4937,10-Oct-25,4937,10-Oct-25,,,,,,,,,,,,,,,,,,,,,,,,,,
51225,,582,5% Dextrose saline,,,,,,,,,,,10-OCT-25 07.15.00.000000 AM,,,250,,,,,,,,,,,32724,,6111,10-Oct-25,6111,10-Oct-25,24370,,,,,,,,,,,,,,,,,,,,,,,,,
51227,,582,manitol,,,500,,,,,,,,10-OCT-25 12.15.00.000000 AM,,,500,,,,,,,,,,,6614,,6111,10-Oct-25,6111,10-Oct-25,24288,,,,,,,,,,,,,,,,,,,,,,,,,
51277,,542,8% dext in 1/5 salin,,,120,,,,,,,,13-OCT-25 10.00.00.000000 PM,,,,,,,,,,,,,,30486,,6068,13-Oct-25,6068,13-Oct-25,24895,,6houly,,,,,,,,,,,,,,,,,,,,,,,
51258,,,water,,,500,,,,,,,,18-OCT-25 09.00.00.000000 AM,,,,,,,,,,,,,,32869,,4633,11-Oct-25,4633,11-Oct-25,24719,,,,,,,,,,,,,,,,,,,,,,,,,
51276,,542,,,,,,,,,,,,13-OCT-25 11.00.00.000000 PM,,,200,,,,,,,,,,,32967,,6068,13-Oct-25,6068,13-Oct-25,24959,,,,,,,,,,,,,,,,,,,,,,,,,
51278,,542,,,,,,,,,,,,13-OCT-25 11.00.00.000000 PM,,,,,,,,,,,,,,30486,,6068,13-Oct-25,6068,13-Oct-25,,,diaper wet ++,,,,,,,,,,,,,,,,,,,,,,,
51279,,542,0.9% normal saline,,,500,,,,,,,,13-OCT-25 11.00.00.000000 PM,,,,,,,,,,,,,,32997,,6068,13-Oct-25,6068,13-Oct-25,25019,,4 hourly,,,,,,,,,,,,,,,,,,,,,,,
51280,,,normal saline,,,500,,,,,,,,13-OCT-25 09.30.00.000000 AM,,,,,,,,,,,,,,32777,,4607,13-Oct-25,4607,13-Oct-25,25017,,,,,,,,,,,,,,,,,,,,,,,,,
51286,,542,0.9% normal saline,,,500,,,,,,,,14-OCT-25 05.30.00.000000 AM,,,,,,,,,,,,,,32997,,6068,14-Oct-25,6068,14-Oct-25,25019,,,,,,,,,,,,,,,,,,,,,,,,,
51290,,542,5% Dext+1/2 saline,,,500,,,,,,,,14-OCT-25 07.45.00.000000 AM,,,,,,,,,,,,,,33000,,6068,14-Oct-25,6068,14-Oct-25,25020,,12hourly,,,,,,,,,,,,,,,,,,,,,,,
51316,,542,5% Dext in R/L,,,500,,,,,,,,15-OCT-25 03.00.00.000000 AM,,,,,,,,,,,,,,33086,,4574,15-Oct-25,4574,15-Oct-25,25251,,,,,,,,,,,,,,,,,,,,,,,,,
51317,,542,8% dext in 1/5saline,,,120,,,,,,,,15-OCT-25 03.00.00.000000 AM,,,,,,,,,,,,,,30486,,4574,15-Oct-25,4574,15-Oct-25,25250,,,,,,,,,,,,,,,,,,,,,,,,,
51318,,542,5% D/s,,,500,,,,,,,,15-OCT-25 03.00.00.000000 AM,,,,,,,,,,,,,,33084,,4574,15-Oct-25,4574,15-Oct-25,25245,,,,,,,,,,,,,,,,,,,,,,,,,
51344,,582,5% Dextrose saline,,,500,,,,,,,,17-OCT-25 12.15.00.000000 PM,,,,,,,,,,,,,,33209,,5926,17-Oct-25,5926,17-Oct-25,25573,,,,,,,,,,,,,,,,,,,,,,,,,
51349,,,water,,500,,,,,,,,,17-OCT-25 10.00.00.000000 AM,,,200,,,,,,,,,,,33178,,4633,17-Oct-25,4633,17-Oct-25,,,,,,,,,,,,,,,,,,,,,,,,,,
51350,,,water,,200,,,,,,,,,17-OCT-25 01.00.00.000000 PM,,,300,,,,,,,,,,,33178,,4633,17-Oct-25,4633,17-Oct-25,,,,,,,,,,,,,,,,,,,,,,,,,,
51355,,582,0.9% normal saline,,,500,,,,,,,,24-OCT-25 02.00.00.000000 PM,,,,,,,,,,,,,,33202,,5926,17-Oct-25,5926,17-Oct-25,25747,,,,,,,,,,,,,,,,,,,,,,,,,
51402,,582,normal saline,,,500,,,,,,,,19-OCT-25 10.00.00.000000 PM,,,300,,,,,,,,,,,4116,,6111,19-Oct-25,6111,19-Oct-25,,,,,,,,,,,,,,,,,,,,,,,,,,
51403,,582,,,,,,,,,,,,26-OCT-25 12.30.00.000000 AM,,,,,,,,,,,,,,33309,,4512,20-Oct-25,4512,20-Oct-25,25803,,,,,,,,,,,,,,,,,,,,,,,,,
51415,,,pap,,500,,,,,,,,,20-OCT-25 07.30.00.000000 AM,,,,,,,,,,,,,,33290,,4927,20-Oct-25,4927,20-Oct-25,25788,,,,,,,,,,,,,,,,,,,,,,,,,
51424,,582,,,,,,,,,,,,20-OCT-25 06.00.00.000000 AM,,,1000,,,,,,,,,,,4116,,4574,20-Oct-25,4574,20-Oct-25,,,,,,,,,,,,,,,,,,,,,,,,,,
51427,,,flagyl,,,100,,,,,,,,20-OCT-25 03.45.00.000000 PM,,,,,,,,,,,,,,33290,,4953,20-Oct-25,4953,20-Oct-25,25788,,,,,,,,,,,,,,,,,,,,,,,,,
51428,,,water,,200,,,,,,,,,20-OCT-25 02.30.00.000000 PM,,,,,,,,,,,,,,33290,,4953,20-Oct-25,4953,20-Oct-25,,,,,,,,,,,,,,,,,,,,,,,,,,
51429,,,normal saline,,,400,,,,,,,,20-OCT-25 03.00.00.000000 PM,,,,,,,,,,,,,,30916,,4961,20-Oct-25,4961,20-Oct-25,26001,,put up by doctor Judith,,,,,,,,,,,,,,,,,,,,,,,
51430,,,5% dextrose saline,,,500,,,,,,,,20-OCT-25 03.00.00.000000 PM,,,,,,,,,,,,,,30916,,4961,20-Oct-25,4961,20-Oct-25,,,put up by doctor Judith,,,,,,,,,,,,,,,,,,,,,,,
51434,,582,0.9% normal saline,,,500,,,,,,,,27-OCT-25 07.30.00.000000 PM,,,,,,,,,,,,,,33387,,5981,20-Oct-25,5981,20-Oct-25,,,,,,,,,,,,,,,,,,,,,,,,,,
51435,,582,0.9% normal saline,,,500,,,,,,,,27-OCT-25 07.30.00.000000 PM,,,,,,,,,,,,,,33387,,5981,20-Oct-25,5981,20-Oct-25,,,,,,,,,,,,,,,,,,,,,,,,,,
51442,,582,0.9% normal saline,,,500,,,,,,,,20-OCT-25 07.30.00.000000 PM,,,,,,,,,,,,,,33387,,5981,20-Oct-25,5981,20-Oct-25,,,,,,,,,,,,,,,,,,,,,,,,,,
51463,,,5%d/saline,,,500,,,,,,,,21-OCT-25 07.00.00.000000 AM,,,,,,,,,,,,,,33402,,4633,21-Oct-25,4633,21-Oct-25,,,,,,,,,,,,,,,,,,,,,,,,,,
51470,,542,5% dextrose water,,,500,,,,,,,,21-OCT-25 02.15.00.000000 PM,,,,,,,,,,,,,,33062,,6226,21-Oct-25,6226,21-Oct-25,26149,,,,,,,,,,,,,,,,,,,,,,,,,
51471,,582,0.9% normal saline,,,500,,,,,,,,21-OCT-25 04.45.00.000000 PM,,,,,,,,,,,,,,33387,,5981,21-Oct-25,5981,21-Oct-25,26014,,,,,,,,,,,,,,,,,,,,,,,,,
51476,,542,dextrose water,,,500,,,,,,,,22-OCT-25 01.00.00.000000 AM,,,250,,,,,,,,,,,33062,,4950,22-Oct-25,4950,22-Oct-25,26149,,,,,,,,,,,,,,,,,,,,,,,,,
51493,,,water,,300,,,,,,,,,22-OCT-25 05.15.00.000000 PM,,,300,,,,,,,,,,,30098,,5759,22-Oct-25,5759,22-Oct-25,26238,,,,,,,,,,,,,,,,,,,,,,,,,
51652,,542,5% Dextrose saline,,,500,,,,,,,,01-NOV-25 12.00.00.000000 PM,,,,200,,,,,,,,,,33847,,4607,1-Nov-25,4607,1-Nov-25,27499,,,,,,,,,,,,,,,,,,,,,,,,,
51661,,542,water,,300,,,,,,,,,01-NOV-25 08.30.00.000000 PM,,,,,,,,,,,,,,8791,,5990,1-Nov-25,5990,1-Nov-25,27671,,,,,,,,,,,,,,,,,,,,,,,,,
51664,,,water,,,500,,,,,,,,01-NOV-25 10.15.00.000000 PM,,,1500,,,,,,,,,,,8791,,5990,1-Nov-25,5990,1-Nov-25,,,,,,,,,,,,,,,,,,,,,,,,,,
51667,,,water,,500,,,,,,,,,02-NOV-25 12.00.00.000000 AM,,,,,,,,,,,,,,8791,,5990,2-Nov-25,5990,2-Nov-25,,,,,,,,,,,,,,,,,,,,,,,,,,
51668,,542,,,,,,,,,,,,02-NOV-25 01.00.00.000000 AM,,,2000,,,,,,,,,,,8791,,5990,2-Nov-25,5990,2-Nov-25,,,,,,,,,,,,,,,,,,,,,,,,,,
51669,,542,water,,500,,,,,,,,,02-NOV-25 12.00.00.000000 AM,,,,,,,,,,,,,,8791,,5990,2-Nov-25,5990,2-Nov-25,,,,,,,,,,,,,,,,,,,,,,,,,,
51670,,542,Pap+water,,500,,,,,,,,,02-NOV-25 01.30.00.000000 AM,,,,,,,,,,,,,,8791,,5990,2-Nov-25,5990,2-Nov-25,,,,,,,,,,,,,,,,,,,,,,,,,,
51735,,542,normal saline,,,500,,,,,,,,09-FEB-26 12.45.00.000000 PM,,,,,,,,,,,,,,34438,,5759,9-Feb-26,5759,9-Feb-26,29413,,,,,,,,,,,,,,,,,,,,,,,,,
51737,,542,,,,,,,,,,,,09-FEB-26 02.30.00.000000 PM,,,200,,,,,,,,,,,34438,,5990,9-Feb-26,5990,9-Feb-26,29413,,,,,,,,,,,,,,,,,,,,,,,,,
51742,,603,R/L 450 + 50% dex 50,,,500,,,,,,,,10-FEB-26 11.30.00.000000 AM,,,,,,,,,,,,,,34438,,4580,10-Feb-26,4580,10-Feb-26,29413,,,,,,,,,,,,,,,,,,,,,,,,,
51745,,603,,,,,,,,,,,,10-FEB-26 01.45.00.000000 PM,,,200,,,,,,,,,,,34438,,4961,10-Feb-26,4961,10-Feb-26,29413,,clear,,,,,,,,,,,,,,,,,,,,,,,
51749,,,water,,200,,,,,,,,,10-FEB-26 04.30.00.000000 PM,,,200,,,,,,,,,,,34438,,4961,10-Feb-26,4961,10-Feb-26,29413,,,,,,,,,,,,,,,,,,,,,,,,,
51754,,542,0.9% normal saline,,,500,,,,,,,,10-FEB-26 06.00.00.000000 PM,,,,,,,,,,,,,,33768,,5981,10-Feb-26,5981,10-Feb-26,29650,,,,,,,,,,,,,,,,,,,,,,,,,
51755,,542,normal saline,,,500,,,,,,,,10-FEB-26 07.00.00.000000 PM,,,,,,,,,,,,,,33768,,5981,10-Feb-26,5981,10-Feb-26,,,to run for 2hr,,,,,,,,,,,,,,,,,,,,,,,
51757,,,,,,,,,,,,,,10-FEB-26 07.30.00.000000 PM,,,200,,,,,,,,,,,34438,,4961,10-Feb-26,4961,10-Feb-26,,,,,,,,,,,,,,,,,,,,,,,,,,
51794,,,,,,,,,,,,,,11-FEB-26 09.15.00.000000 PM,,,200,,,,,,,,,,,34560,,5990,11-Feb-26,5990,11-Feb-26,,,,,,,,,,,,,,,,,,,,,,,,,,
51798,,,water,,300,,,,,,,,,11-FEB-26 09.30.00.000000 PM,,,,,,,,,,,,,,34560,,5990,11-Feb-26,5990,11-Feb-26,,,,,,,,,,,,,,,,,,,,,,,,,,
51810,,582,YOGHURT DRINK,,100,,,,,,,,,12-FEB-26 05.45.00.000000 PM,,,,,,,,,,,,,,34062,,6111,12-Feb-26,6111,12-Feb-26,,,,,,,,,,,,,,,,,,,,,,,,,,
51808,,,,,,,,,,,,,,12-FEB-26 07.45.00.000000 PM,,,200,,,,,,,,,,,34647,,5990,12-Feb-26,5990,12-Feb-26,29748,,,,,,,,,,,,,,,,,,,,,,,,,
51809,,582,,,,,,,,,,,,12-FEB-26 06.30.00.000000 PM,,,150,,,,,,,,,,,34062,,6111,12-Feb-26,6111,12-Feb-26,29948,,bloody ++,,,,,,,,,,,,,,,,,,,,,,,
51811,,582,water,,50,,,,,,,,,12-FEB-26 06.45.00.000000 PM,,,,,,,,,,,,,,34062,,6111,12-Feb-26,6111,12-Feb-26,,,,,,,,,,,,,,,,,,,,,,,,,,
51812,,582,,,,,,,,,,,,12-FEB-26 08.15.00.000000 PM,,,300,,,,,,,,,,,34062,,6111,12-Feb-26,6111,12-Feb-26,,,bloody +,,,,,,,,,,,,,,,,,,,,,,,
51813,,582,water,,500,,,,,,,,,12-FEB-26 08.15.00.000000 PM,,,,,,,,,,,,,,34062,,6111,12-Feb-26,6111,12-Feb-26,,,,,,,,,,,,,,,,,,,,,,,,,,
51819,,582,water,,50,,,,,,,,,13-FEB-26 02.05.00.000000 AM,,,,,,,,,,,,,,34062,,6111,13-Feb-26,6111,13-Feb-26,,,,,,,,,,,,,,,,,,,,,,,,,,
51820,,582,5% dextrose saline,,,500,,,,,,,,13-FEB-26 03.00.00.000000 AM,,,,,,,,,,,,,,34062,,6111,13-Feb-26,6111,13-Feb-26,,,to run for 6hrs,,,,,,,,,,,,,,,,,,,,,,,
51821,,582,,,,,,,,,,,,13-FEB-26 06.30.00.000000 AM,,,300,,,,,,,,,,,34062,,6111,13-Feb-26,6111,13-Feb-26,,,pink-tinged urine,,,,,,,,,,,,,,,,,,,,,,,
51825,,,,,,,,,,,,,,13-FEB-26 09.30.00.000000 AM,,,600,,,,,,,,,,,34062,,4611,13-Feb-26,4611,13-Feb-26,29948,,,,,,,,,,,,,,,,,,,,,,,,,
51829,,582,,,700,,,,,,,,,13-FEB-26 02.00.00.000000 PM,,,700,,,,,,,,,,,3670,,5926,13-Feb-26,5926,13-Feb-26,30003,,,,,,,,,,,,,,,,,,,,,,,,,
51830,,582,Ciprofloxacin,,,100,,,,,,,,13-FEB-26 02.30.00.000000 PM,,,,,,,,,,,,,,8732,,5926,13-Feb-26,5926,13-Feb-26,30015,,,,,,,,,,,,,,,,,,,,,,,,,
51839,,582,5% dextrose saline,,,500,,,,,,,,13-FEB-26 06.30.00.000000 PM,,,,,,,,,,,,,,3670,,6068,13-Feb-26,6068,13-Feb-26,,,,,,,,,,,,,,,,,,,,,,,,,,
51840,,582,water,,250,,,,,,,,,13-FEB-26 07.00.00.000000 PM,,,,,,,,,,,,,,3670,,6068,13-Feb-26,6068,13-Feb-26,,,,,,,,,,,,,,,,,,,,,,,,,,
51841,,542,normal saline,,,500,,,,,,,,13-FEB-26 09.00.00.000000 PM,,,,,,,,,,,,,,34807,,5759,13-Feb-26,5759,13-Feb-26,30147,,remains 250mls at 12mn,,,,,,,,,,,,,,,,,,,,,,,
51851,,582,0.9% normal saline,,,400,,,,,,,,14-FEB-26 04.00.00.000000 AM,,,,,,,,,,,,,,3670,,6068,14-Feb-26,6068,14-Feb-26,30003,,,,,,,,,,,,,,,,,,,,,,,,,
51856,,582,febramol,,,100,,,,,,,,14-FEB-26 05.00.00.000000 AM,,,,,,,,,,,,,,8732,,6068,14-Feb-26,6068,14-Feb-26,30015,,100MLS,,,,,,,,,,,,,,,,,,,,,,,
51857,,582,IV CIPROFLOXACIN,,,100,,,,,,,,14-FEB-26 02.30.00.000000 AM,,,,,,,,,,,,,,8732,,6068,14-Feb-26,6068,14-Feb-26,,,,,,,,,,,,,,,,,,,,,,,,,,
51858,,582,,,,,,,,,,,,14-FEB-26 12.00.00.000000 AM,,,200,,,,,,,,,,,8732,,6068,14-Feb-26,6068,14-Feb-26,,,,,,,,,,,,,,,,,,,,,,,,,,
51859,,582,water,,100,,,,,,,,,14-FEB-26 12.00.00.000000 AM,,,,,,,,,,,,,,8732,,6068,14-Feb-26,6068,14-Feb-26,,,,,,,,,,,,,,,,,,,,,,,,,,
51860,,542,normal saline,,,500,,,,,,,,14-FEB-26 09.00.00.000000 AM,,,300,,,,,,,,,,,34807,,4512,14-Feb-26,4512,14-Feb-26,30147,,,,,,,,,,,,,,,,,,,,,,,,,
51862,,582,5% dextrose saline,,,500,,,,,,,,14-FEB-26 10.30.00.000000 AM,,,300,,,,,,,,,,,3670,,4950,14-Feb-26,4950,14-Feb-26,30003,,,,,,,,,,,,,,,,,,,,,,,,,
51882,,,5% Dextrose saline,,,500,,,,,,,,14-FEB-26 07.45.00.000000 PM,,,,,,,,,,,,,,656,,4633,14-Feb-26,4633,14-Feb-26,30162,,,,,,,,,,,,,,,,,,,,,,,,,
51887,,,water,,100,,,,,,,,,14-FEB-26 06.15.00.000000 PM,,,,,,,,,,,,,,34810,,5759,14-Feb-26,5759,14-Feb-26,30154,,,,,,,,,,,,,,,,,,,,,,,,,
51888,,542,water,,150,,,,,,,,,14-FEB-26 08.30.00.000000 PM,,,,,,,,,,,,,,34810,,5759,14-Feb-26,5759,14-Feb-26,,,,,,,,,,,,,,,,,,,,,,,,,,
51889,,,normal saline,,,500,,,,,,,,14-FEB-26 10.00.00.000000 PM,,,,,,,,,,,,,,34807,,5759,14-Feb-26,5759,14-Feb-26,30147,,,,,,,,,,,,,,,,,,,,,,,,,
51890,,,water,,400,,,,,,,,,14-FEB-26 07.30.00.000000 PM,,,,,,,,,,,,,,34807,,5759,14-Feb-26,5759,14-Feb-26,,,,,,,,,,,,,,,,,,,,,,,,,,
51892,,582,N/Saline 500ml,,,125,,,,,,,,14-FEB-26 09.45.00.000000 PM,,,,,,,,,,,,,,656,,5014,14-Feb-26,5014,14-Feb-26,30162,,,,,,,,,,,,,,,,,,,,,,,,,
51893,,582,febramol,,,100,,,,,,,,14-FEB-26 10.00.00.000000 PM,,,400,,,,,,,,,,,656,,5014,14-Feb-26,5014,14-Feb-26,,,,,,,,,,,,,,,,,,,,,,,,,,
51902,,,,,,,,,,,,,,15-FEB-26 04.30.00.000000 AM,,,250,,,,,,,,,,,449,,5759,15-Feb-26,5759,15-Feb-26,30166,,,,,,,,,,,,,,,,,,,,,,,,,
51903,,,water,,100,,,,,,,,,15-FEB-26 06.00.00.000000 AM,,,,,,,,,,,,,,34810,,5759,15-Feb-26,5759,15-Feb-26,30154,,,,,,,,,,,,,,,,,,,,,,,,,
51904,,,,,,,,,,,,,,15-FEB-26 06.30.00.000000 AM,,,300,,,,,,,,,,,34807,,5759,15-Feb-26,5759,15-Feb-26,30147,,,,,,,,,,,,,,,,,,,,,,,,,
51905,,,,,,,,,,,,,,15-FEB-26 06.30.00.000000 AM,,,300,,,,,,,,,,,449,,5759,15-Feb-26,5759,15-Feb-26,,,,,,,,,,,,,,,,,,,,,,,,,,
51906,,582,N/Saline 500ml BF,,,375,,,,,,,,15-FEB-26 12.00.00.000000 AM,,,,,,,,,,,,,,656,,5014,15-Feb-26,5014,15-Feb-26,30162,,,,,,,,,,,,,,,,,,,,,,,,,
51909,,582,,,,,,,,,,,,15-FEB-26 10.00.00.000000 AM,,,800,,,,,,,,,,,8732,,6092,15-Feb-26,6092,15-Feb-26,30015,,,,,,,,,,,,,,,,,,,,,,,,,
51928,,,water,,400,,,,,,,,,15-FEB-26 06.00.00.000000 PM,,,,,,,,,,,,,,8732,,4651,15-Feb-26,4651,15-Feb-26,,,,,,,,,,,,,,,,,,,,,,,,,,
51911,,,WATER,,500,,,,,,,,,15-FEB-26 08.30.00.000000 AM,,,,,,,,,,,,,,8732,,6092,15-Feb-26,6092,15-Feb-26,,,,,,,,,,,,,,,,,,,,,,,,,,
51912,,,WATER,,500,,,,,,,,,15-FEB-26 10.30.00.000000 AM,,,,,,,,,,,,,,8732,,6092,15-Feb-26,6092,15-Feb-26,,,,,,,,,,,,,,,,,,,,,,,,,,
51913,,,WATER,,300,,,,,,,,,15-FEB-26 11.45.00.000000 AM,,,,,,,,,,,,,,8732,,6092,15-Feb-26,6092,15-Feb-26,,,,,,,,,,,,,,,,,,,,,,,,,,
51927,,,ciprofloxacin ,,,100,,,,,,,,15-FEB-26 10.00.00.000000 PM,,,,,,,,,,,,,,8732,,4651,15-Feb-26,4651,15-Feb-26,,,,,,,,,,,,,,,,,,,,,,,,,,
51929,,,water,,300,,,,,,,,,15-FEB-26 09.00.00.000000 PM,,,,,,,,,,,,,,8732,,4651,15-Feb-26,4651,15-Feb-26,,,,,,,,,,,,,,,,,,,,,,,,,,
51932,,,ciprofloxacin,,,100,,,,,,,,15-FEB-26 10.00.00.000000 PM,,,,,,,,,,,,,,656,,5014,15-Feb-26,5014,15-Feb-26,,,,,,,,,,,,,,,,,,,,,,,,,,
51933,,,,,,,,,,,,,,15-FEB-26 08.00.00.000000 PM,,,700,,,,,,,,,,,656,,5014,15-Feb-26,5014,15-Feb-26,,,clear,,,,,,,,,,,,,,,,,,,,,,,
51934,,,,,,,,,,,,,,15-FEB-26 10.30.00.000000 PM,,,500,,,,,,,,,,,656,,5014,15-Feb-26,5014,15-Feb-26,,,clear,,,,,,,,,,,,,,,,,,,,,,,
51935,,,WATER,,250,,,,,,,,,15-FEB-26 08.00.00.000000 PM,,,,,,,,,,,,,,656,,5014,15-Feb-26,5014,15-Feb-26,,,,,,,,,,,,,,,,,,,,,,,,,,
51936,,,WATER,,300,,,,,,,,,15-FEB-26 10.30.00.000000 PM,,,,,,,,,,,,,,656,,5014,15-Feb-26,5014,15-Feb-26,,,,,,,,,,,,,,,,,,,,,,,,,,
51937,,,,,,,,,,,,,,15-FEB-26 11.30.00.000000 PM,,,100,,,,,,,,,,,656,,5014,15-Feb-26,5014,15-Feb-26,,,,,,,,,,,,,,,,,,,,,,,,,,
51940,,582,D/water,,,500,,,,,,,,16-FEB-26 07.00.00.000000 AM,,,,,,,,,,,,,,656,,6117,16-Feb-26,6117,16-Feb-26,,,,,,,,,,,,,,,,,,,,,,,,,,
51957,,542,water,,,200,,,,,,,,16-FEB-26 10.09.00.000000 PM,,,,,,,,,,,,,,34861,,5655,16-Feb-26,5655,16-Feb-26,30293,,,,,,,,,,,,,,,,,,,,,,,,,
51958,,542,5% D/W,,,500,,,,,,,,16-FEB-26 11.19.00.000000 PM,,,,,,,,,,,,,,34861,,5655,16-Feb-26,5655,16-Feb-26,30293,,,,,,,,,,,,,,,,,,,,,,,,,
51959,,542,,,,,,,,,,,,16-FEB-26 11.21.00.000000 PM,,,500,,,,,,,,,,,34861,,5655,16-Feb-26,5655,16-Feb-26,30293,,,,,,,,,,,,,,,,,,,,,,,,,
51972,,,0.9% normal saline,,,500,,,,,,,,17-FEB-26 12.00.00.000000 PM,,,,,,,,,,,,,,34963,,4972,17-Feb-26,4972,17-Feb-26,,,,,,,,,,,,,,,,,,,,,,,,,,
51984,,542,5% D/s,,,500,,,,,,,,18-FEB-26 08.30.00.000000 AM,,,300,,,,,,,,,,,1805,,5079,18-Feb-26,5079,18-Feb-26,30634,,,,,,,,,,,,,,,,,,,,,,,,,
51994,,542,EBM,,15,,,,,,,,,18-FEB-26 10.00.00.000000 PM,,,,,,,,,,,,,,31302,,4607,18-Feb-26,4607,18-Feb-26,,,,,,,,,,,,,,,,,,,,,,,,,,
52003,,542,N/S,,,500,,,,,,,,19-FEB-26 09.45.00.000000 AM,,,,,,,,,,,,,,32570,,6405,19-Feb-26,6405,19-Feb-26,30810,,,,,,,,,,,,,,,,,,,,,,,,,
52005,,,,,,,,,,,,,,19-FEB-26 01.45.00.000000 PM,,,200,,,,,,,,,,,35038,,5014,19-Feb-26,5014,19-Feb-26,30749,,,,,,,,,,,,,,,,,,,,,,,,,
52007,,,5% D/W,,,500,,,,,,,,19-FEB-26 02.45.00.000000 PM,,,,,,,,,,,,,,35046,,5014,19-Feb-26,5014,19-Feb-26,30782,,,,,,,,,,,,,,,,,,,,,,,,,
52017,,542,0.9% normal saline,,,500,,,,,,,,19-FEB-26 10.00.00.000000 PM,,,300,,,,,,,,,,,35102,,4950,19-Feb-26,4950,19-Feb-26,30951,,,,,,,,,,,,,,,,,,,,,,,,,
52018,,542,water,,,300,,,,,,,,19-FEB-26 06.15.00.000000 PM,,,,,,,,,,,,,,35102,,4950,19-Feb-26,4950,19-Feb-26,,,,,,,,,,,,,,,,,,,,,,,,,,
52023,,542,,,,,,,,,,,,19-FEB-26 09.15.00.000000 PM,,,200,,,,,,,,,,,32570,,4950,19-Feb-26,4950,19-Feb-26,,,,,,,,,,,,,,,,,,,,,,,,,,
52024,,542,5% D/s,,,500,,,,,,,,19-FEB-26 03.00.00.000000 AM,,,,,,,,,,,,,,35038,,4950,19-Feb-26,4950,19-Feb-26,30749,,,,,,,,,,,,,,,,,,,,,,,,,
52025,,542,0.9% normal saline,,,500,,,,,,,,19-FEB-26 07.00.00.000000 AM,,,200,,,,,,,,,,,35038,,4950,19-Feb-26,4950,19-Feb-26,,,,,,,,,,,,,,,,,,,,,,,,,,
52028,,542,,,,,,,,,,,,19-FEB-26 09.15.00.000000 PM,,,500,,,,,,,,,,,35038,,4950,19-Feb-26,4950,19-Feb-26,,,,,,,,,,,,,,,,,,,,,,,,,,
52029,,542,,,,,,,,,,,,19-FEB-26 06.00.00.000000 PM,,,300,,,,,,,,,,,35046,,4950,19-Feb-26,4950,19-Feb-26,30782,,,,,,,,,,,,,,,,,,,,,,,,,
51647,,,,,,,,,,,,,,31-OCT-25 03.00.00.000000 PM,,,,,,,,,,,,,,33847,,4953,31-Oct-25,4953,31-Oct-25,27499,,diaper wet ++,,,,,,,,,,,,,,,,,,,,,,,
51678,,,,,,,,,,,,,,02-NOV-25 03.00.00.000000 PM,,,700,,,,,,,,,,,8791,,4633,2-Nov-25,4633,2-Nov-25,27671,,,,,,,,,,,,,,,,,,,,,,,,,
51740,,,,,,,,,,,,,,10-FEB-26 04.30.00.000000 AM,,,500,,,,,,,,,,,34438,,5079,10-Feb-26,5079,10-Feb-26,,,,,,,,,,,,,,,,,,,,,,,,,,
51736,,,RINGERS LACTATE ,,,500,,,,,,,,09-FEB-26 02.00.00.000000 PM,,,,,,,,,,,,,,34438,,5990,9-Feb-26,5990,9-Feb-26,29413,,,,,,,,,,,,,,,,,,,,,,,,,
51738,,603,450 R/L + 50% DW,,,500,,,,,,,,09-FEB-26 09.45.00.000000 PM,,,400,,,,,,,,,,,34438,,5079,9-Feb-26,5079,9-Feb-26,29413,,,,,,,,,,,,,,,,,,,,,,,,,
51758,,,R/L 450 +50% D/W,,,500,,,,,,,,10-FEB-26 08.30.00.000000 PM,,,,,,,,,,,,,,34438,,4961,10-Feb-26,4961,10-Feb-26,,,,,,,,,,,,,,,,,,,,,,,,,,
51759,,542,0.9% normal saline,,,500,,,,,,,,10-FEB-26 09.00.00.000000 PM,,,,,,,,,,,,,,33768,,4950,10-Feb-26,5981,10-Feb-26,29650,,,,,,,,,,,,,,,,,,,,,,,,,
51771,,542,normal saline,,,500,,,,,,,,11-FEB-26 08.00.00.000000 AM,,,,,,,,,,,,,,33768,,5981,11-Feb-26,5981,11-Feb-26,,,,,,,,,,,,,,,,,,,,,,,,,,
51790,,,water,,300,,,,,,,,,11-FEB-26 08.00.00.000000 PM,,,,,,,,,,,,,,33768,,5990,11-Feb-26,5990,11-Feb-26,29650,,,,,,,,,,,,,,,,,,,,,,,,,
51881,,542,water,,300,,,,,,,,,14-FEB-26 05.15.00.000000 PM,,,,,,,,,,,,,,34807,,5759,14-Feb-26,5759,14-Feb-26,,,,,,,,,,,,,,,,,,,,,,,,,,
51885,,,flagyl,,,100,,,,,,,,14-FEB-26 09.00.00.000000 PM,,,400,,,,,,,,,,,656,,4633,14-Feb-26,4633,14-Feb-26,,,,,,,,,,,,,,,,,,,,,,,,,,
51880,,582,WATER,,1800,,,,,,,,,14-FEB-26 06.00.00.000000 PM,,,1100,,,,,,,,,,,8732,,5014,14-Feb-26,5014,14-Feb-26,30015,,slightly concentrated,,,,,,,,,,,,,,,,,,,,,,,
51884,,,ciprofloxacin ,,,100,,,,,,,,14-FEB-26 08.45.00.000000 PM,,,,,,,,,,,,,,656,,4633,14-Feb-26,4633,14-Feb-26,,,,,,,,,,,,,,,,,,,,,,,,,,
51891,,,water,,200,,,,,,,,,14-FEB-26 09.45.00.000000 PM,,,500,,,,,,,,,,,34807,,5759,14-Feb-26,5759,14-Feb-26,,,,,,,,,,,,,,,,,,,,,,,,,,
51938,,542,8% Dextrose saline ,,,175,,,,,,,,16-FEB-26 12.00.00.000000 AM,,,,,,,,,,,,,,31302,,5014,16-Feb-26,5014,16-Feb-26,30170,,"started at 9:30pm yesterday, to finish at 9:30pm today",,,,,,,,,,,,,,,,,,,,,,,
51939,,582,flagyl,,,100,,,,,,,,16-FEB-26 06.00.00.000000 AM,,,400,,,,,,,,,,,656,,6117,16-Feb-26,6117,16-Feb-26,30171,,,,,,,,,,,,,,,,,,,,,,,,,
51948,,,10%D/w,,,5,,,,,,,,16-FEB-26 03.00.00.000000 PM,,,,,,,,,,,,,,31302,,4927,16-Feb-26,4927,16-Feb-26,,,,,,,,,,,,,,,,,,,,,,,,,,
51949,,,5% D/s,,,500,,,,,,,,16-FEB-26 03.00.00.000000 PM,,,,,,,,,,,,,,34861,,4953,16-Feb-26,4953,16-Feb-26,30293,,,,,,,,,,,,,,,,,,,,,,,,,
51950,,,5% D/s,,,500,,,,,,,,16-FEB-26 03.30.00.000000 PM,,,,,,,,,,,,,,34861,,4953,16-Feb-26,4953,16-Feb-26,,,,,,,,,,,,,,,,,,,,,,,,,,
51998,,542,5% D/s,,,500,,,,,,,,19-FEB-26 09.00.00.000000 AM,,,,,,,,,,,,,,35028,,5989,19-Feb-26,5989,19-Feb-26,30712,,,,,,,,,,,,,,,,,,,,,,,,,
52000,,,D10,,,100,,,,,,,,19-FEB-26 10.30.00.000000 AM,,,,,,,,,,,,,,31302,,4611,19-Feb-26,4611,19-Feb-26,30421,,,,,,,,,,,,,,,,,,,,,,,,,
52002,,542,PARACETAMOL,,,100,,,,,,,,19-FEB-26 09.00.00.000000 AM,,,,50,,,,,,,,,,35028,,5989,19-Feb-26,5989,19-Feb-26,,,,,,,,,,,,,,,,,,,,,,,,,,
52030,,542,,,,,,,,,,,,19-FEB-26 09.00.00.000000 PM,,,300,,,,,,,,,,,35046,,4950,19-Feb-26,4950,19-Feb-26,,,,,,,,,,,,,,,,,,,,,,,,,,
52046,,,D10,,,100,,,,,,,,20-FEB-26 09.45.00.000000 AM,,,,,,,,,,,,,,31302,,4611,20-Feb-26,4611,20-Feb-26,30421,,,,,,,,,,,,,,,,,,,,,,,,,
52049,,,blood,,,40,,,,,,,,20-FEB-26 12.45.00.000000 PM,,,,,,,,,,,,,,31302,,4611,20-Feb-26,4611,20-Feb-26,30421,,blood started 12 :55pm,,,,,,,,,,,,,,,,,,,,,,,
52051,,542,5% D/s,,,500,,,,,,,,20-FEB-26 12.30.00.000000 PM,,,,,,,,,,,,,,35034,,4580,20-Feb-26,4580,20-Feb-26,,,,,,,,,,,,,,,,,,,,,,,,,,
52055,,542,,,,,,,,,,,,20-FEB-26 12.30.00.000000 PM,,,150,,,,,,,,,,,32570,,4580,20-Feb-26,4580,20-Feb-26,,,,,,,,,,,,,,,,,,,,,,,,,,
52056,,542,,,,,,,,,,,,20-FEB-26 02.00.00.000000 PM,,,230,,,,,,,,,,,32570,,4580,20-Feb-26,4580,20-Feb-26,,,,,,,,,,,,,,,,,,,,,,,,,,
52057,,542,water,,750,,,,,,,,,20-FEB-26 10.00.00.000000 AM,,,500,,,,,,,,,,,35102,,4580,20-Feb-26,4580,20-Feb-26,30951,,,,,,,,,,,,,,,,,,,,,,,,,
52060,,542,,,,300,,,,,,,,20-FEB-26 04.00.00.000000 PM,,,,,,,,,,,,,,32570,,4961,20-Feb-26,4961,20-Feb-26,30810,,,,,,,,,,,,,,,,,,,,,,,,,
52065,,542,Tea and water,,300,,,,,,,,,20-FEB-26 05.00.00.000000 PM,,,,,,,,,,,,,,35046,,4961,20-Feb-26,4961,20-Feb-26,30782,,,,,,,,,,,,,,,,,,,,,,,,,
52082,,542,water,,500,,,,,,,,,20-FEB-26 09.00.00.000000 PM,,,,,,,,,,,,,,35034,,4950,20-Feb-26,4950,20-Feb-26,30930,,,,,,,,,,,,,,,,,,,,,,,,,
52088,,,,,,,,,,,,,,21-FEB-26 05.45.00.000000 AM,,,400,,,,,,,,,,,35102,,4961,21-Feb-26,4961,21-Feb-26,,,,,,,,,,,,,,,,,,,,,,,,,,
52090,,,pap + water,,400,,,,,,,,,21-FEB-26 07.00.00.000000 AM,,,,,,,,,,,,,,35102,,4961,21-Feb-26,4961,21-Feb-26,,,,,,,,,,,,,,,,,,,,,,,,,,
52091,,542,0.9% normal saline,,,500,,,,,,,,21-FEB-26 01.00.00.000000 AM,,,,200,,,,,,,,,,35164,,4961,21-Feb-26,4961,21-Feb-26,,,,,,,,,,,,,,,,,,,,,,,,,,
52092,,,,,,,,,,,,,,21-FEB-26 07.00.00.000000 AM,,,400,,,,,,,,,,,35164,,4961,21-Feb-26,4961,21-Feb-26,,,,,,,,,,,,,,,,,,,,,,,,,,
52093,,,pap + water,,500,,,,,,,,,21-FEB-26 07.00.00.000000 AM,,,500,,,,,,,,,,,32570,,4961,21-Feb-26,4961,21-Feb-26,30810,,,,,,,,,,,,,,,,,,,,,,,,,
52106,,,water,,300,,,,,,,,,21-FEB-26 03.45.00.000000 PM,,,,,,,,,,,,,,32570,,4633,21-Feb-26,4633,21-Feb-26,30810,,,,,,,,,,,,,,,,,,,,,,,,,
52107,,,IV FLAGYL,,,100,,,,,,,,21-FEB-26 03.15.00.000000 PM,,,200,,,,,,,,,,,35173,,4651,21-Feb-26,4651,21-Feb-26,31128,,,,,,,,,,,,,,,,,,,,,,,,,
52108,,,,,,,,,,,,,,21-FEB-26 05.15.00.000000 PM,,,300,,,,,,,,,,,35164,,5990,21-Feb-26,5990,21-Feb-26,31113,,,,,,,,,,,,,,,,,,,,,,,,,
52109,,582,WHOLE BLOOD ,,,450,,,,,,,,21-FEB-26 06.30.00.000000 PM,,,,,,,,,,,,,,35173,,6405,21-Feb-26,6405,21-Feb-26,31128,,to be transfused over 4 hours,,,,,,,,,,,,,,,,,,,,,,,
52114,,542,,,,,,,,,,,,21-FEB-26 07.30.00.000000 PM,,,200,,,,,,,,,,,32570,,5990,21-Feb-26,5990,21-Feb-26,30810,,,,,,,,,,,,,,,,,,,,,,,,,
52115,,,5% D/s,,,500,,,,,,,,21-FEB-26 07.30.00.000000 PM,,,,,,,,,,,,,,32570,,5990,21-Feb-26,5990,21-Feb-26,30810,,,,,,,,,,,,,,,,,,,,,,,,,
52128,,542,normal saline,,,500,,,,,,,,22-FEB-26 12.15.00.000000 PM,,,,,,,,,,,,,,32570,,4607,22-Feb-26,4607,22-Feb-26,30810,,,,,,,,,,,,,,,,,,,,,,,,,
52133,,542,coke,,25,,,,,,,,,22-FEB-26 10.30.00.000000 AM,,,,,,,,,,,,,,35164,,4607,22-Feb-26,4607,22-Feb-26,,,,,,,,,,,,,,,,,,,,,,,,,,
52147,,542,5% D/s,,,500,,,,,,,,23-FEB-26 03.30.00.000000 PM,,,,,,,,,,,,,,35223,,4607,23-Feb-26,4607,23-Feb-26,31276,,,,,,,,,,,,,,,,,,,,,,,,,
52150,,542,n/saline+20mg diazep,,,500,,,,,,,,23-FEB-26 08.15.00.000000 PM,,,,,,,,,,,,,,35245,,5759,23-Feb-26,5759,23-Feb-26,31332,,,,,,,,,,,,,,,,,,,,,,,,,
52167,,504,5% D/s,,,500,,,,,,,,24-FEB-26 10.00.00.000000 AM,,,,,,,,,,,,,,35102,,5926,24-Feb-26,5926,24-Feb-26,30951,,,,,,,,,,,,,,,,,,,,,,,,,
52168,,542,5% D/W,,,500,,,,,,,,24-FEB-26 01.00.00.000000 PM,,,,,,,,,,,,,,35245,,5926,24-Feb-26,5926,24-Feb-26,31332,,,,,,,,,,,,,,,,,,,,,,,,,
52173,,542,n/saline +20mg diaze,,,500,,,,,,,,24-FEB-26 07.30.00.000000 PM,,,,,,,,,,,,,,35245,,5759,24-Feb-26,5759,24-Feb-26,31332,,,,,,,,,,,,,,,,,,,,,,,,,
52174,,542,,,,,,,,,,,,24-FEB-26 07.00.00.000000 PM,,,,300,,,,,,,,,,35245,,5759,24-Feb-26,5759,24-Feb-26,,,,,,,,,,,,,,,,,,,,,,,,,,
52225,,,5% Dextrose saline,,,500,,,,,,,,27-FEB-26 02.00.00.000000 PM,,,,,,,,,,,,,,30090,,4950,27-Feb-26,4950,27-Feb-26,,,,,,,,,,,,,,,,,,,,,,,,,,
52233,,542,N/Saline,,,1000,,,,,,,,28-FEB-26 01.00.00.000000 PM,,,,,,,,,,,,,,5108,,6405,28-Feb-26,6405,28-Feb-26,31939,,,,,,,,,,,,,,,,,,,,,,,,,
52224,,542,normal saline,,,2500,,,,,,,,27-FEB-26 12.00.00.000000 PM,,,100,,,,,,,,,,,30090,,4950,27-Feb-26,4950,27-Feb-26,31623,,theatre,,,,,,,,,,,,,,,,,,,,,,,
52247,,,normal saline,,,500,,,,,,,,01-MAR-26 09.00.00.000000 AM,,,,,,,,,,,,,,5108,,5759,1-Mar-26,5759,1-Mar-26,31939,,,,,,,,,,,,,,,,,,,,,,,,,
52252,,542,febramol,,,100,,,,,,,,01-MAR-26 07.30.00.000000 PM,,,,,,,,,,,,,,5108,,4950,1-Mar-26,4950,1-Mar-26,,,,,,,,,,,,,,,,,,,,,,,,,,
52257,,542,,,,,,,,,,,,02-MAR-26 06.00.00.000000 AM,,,700,,,,,,,,,,,5108,,4950,2-Mar-26,4950,2-Mar-26,,,,,,,,,,,,,,,,,,,,,,,,,,
52258,,542,normal saline,,,500,,,,,,,,02-MAR-26 01.30.00.000000 PM,,,,,,,,,,,,,,5108,,5981,2-Mar-26,5981,2-Mar-26,31939,,,,,,,,,,,,,,,,,,,,,,,,,
52259,,542,normal saline,,,1000,,,,,,,,02-MAR-26 01.30.00.000000 PM,,,,,,,,,,,,,,35444,,5981,2-Mar-26,5981,2-Mar-26,31981,,,,,,,,,,,,,,,,,,,,,,,,,
52265,,542,ORS,,100,,,,,,,,,02-MAR-26 05.30.00.000000 PM,,,,,,,,,,,,,,35472,,4950,2-Mar-26,4950,2-Mar-26,32086,,,,,,,,,,,,,,,,,,,,,,,,,
52266,,542,,,,,,,,,,,,02-MAR-26 05.45.00.000000 PM,,,200,,,,,,,,,,,35472,,4950,2-Mar-26,4950,2-Mar-26,,,,,,,,,,,,,,,,,,,,,,,,,,
52267,,542,,,,,,,,,,,,02-MAR-26 08.00.00.000000 PM,,,300,,,,,,,,,,,35472,,4950,2-Mar-26,4950,2-Mar-26,32086,,,,,,,,,,,,,,,,,,,,,,,,,
52268,,542,ringers lactate,,,500,,,,,,,,02-MAR-26 09.00.00.000000 PM,,,,,,,,,,,,,,35472,,4950,2-Mar-26,4950,2-Mar-26,,,,,,,,,,,,,,,,,,,,,,,,,,
52269,,542,,,,,,,,,,,,02-MAR-26 08.00.00.000000 PM,,,300,,,,,,,,,,,35444,,4950,2-Mar-26,4950,2-Mar-26,31981,,,,,,,,,,,,,,,,,,,,,,,,,
52270,,542,,,,,,,,,,,,02-MAR-26 02.00.00.000000 PM,,,300,,,,,,,,,,,35444,,4950,2-Mar-26,4950,2-Mar-26,,,,,,,,,,,,,,,,,,,,,,,,,,
52271,,542,iv ciprofloxacin,,,100,,,,,,,,02-MAR-26 10.00.00.000000 PM,,,,,,,,,,,,,,35472,,4950,2-Mar-26,4950,2-Mar-26,32086,,,,,,,,,,,,,,,,,,,,,,,,,
52272,,542,flagyl,,,100,,,,,,,,02-MAR-26 11.00.00.000000 PM,,,,,,,,,,,,,,35472,,4950,2-Mar-26,4950,2-Mar-26,,,,,,,,,,,,,,,,,,,,,,,,,,
52273,,542,,,,,,,,,,,,02-MAR-26 07.30.00.000000 PM,,,,350,,,,,,,,,,35472,,4950,2-Mar-26,4950,2-Mar-26,,,,,,,,,,,,,,,,,,,,,,,,,,
52274,,542,,,,,,,,,,,,02-MAR-26 09.00.00.000000 PM,,,,100,,,,,,,,,,35472,,4950,2-Mar-26,4950,2-Mar-26,,,,,,,,,,,,,,,,,,,,,,,,,,
52275,,542,febramol,,,100,,,,,,,,02-MAR-26 11.30.00.000000 PM,,,,,,,,,,,,,,35472,,4950,2-Mar-26,4950,2-Mar-26,,,,,,,,,,,,,,,,,,,,,,,,,,
52276,,,ORS,,250,,,,,,,,,02-MAR-26 08.00.00.000000 PM,,,,,,,,,,,,,,35472,,4950,2-Mar-26,4950,2-Mar-26,,,,,,,,,,,,,,,,,,,,,,,,,,
52277,,542,5% D/s,,,500,,,,,,,,03-MAR-26 12.00.00.000000 AM,,,,,,,,,,,,,,35444,,4950,3-Mar-26,4950,3-Mar-26,31981,,,,,,,,,,,,,,,,,,,,,,,,,
52278,,542,5% D/s,,,500,,,,,,,,03-MAR-26 06.00.00.000000 AM,,,400,,,,,,,,,,,35444,,4950,3-Mar-26,4950,3-Mar-26,31981,,,,,,,,,,,,,,,,,,,,,,,,,
52279,,542,5% D/s,,,500,,,,,,,,03-MAR-26 03.00.00.000000 AM,,,,,,,,,,,,,,35472,,4950,3-Mar-26,4950,3-Mar-26,32086,,,,,,,,,,,,,,,,,,,,,,,,,
52280,,542,,,,,,,,,,,,03-MAR-26 06.00.00.000000 AM,,,200,,,,,,,,,,,35472,,4950,3-Mar-26,4950,3-Mar-26,,,,,,,,,,,,,,,,,,,,,,,,,,
52281,,,normal saline,,,500,,,,,,,,03-MAR-26 10.45.00.000000 AM,,,,,,,,,,,,,,35543,,4512,3-Mar-26,4512,3-Mar-26,32262,,FAST,,,,,,,,,,,,,,,,,,,,,,,
52282,,582,normal saline,,,500,,,,,,,,03-MAR-26 11.00.00.000000 AM,,,,,,,,,,,,,,35543,,4512,3-Mar-26,4512,3-Mar-26,,,TO RUN FOR 2 HOURS,,,,,,,,,,,,,,,,,,,,,,,
52283,,542,5% D/s,,,500,,,,,,,,03-MAR-26 12.15.00.000000 PM,,,,,,,,,,,,,,35444,,6433,3-Mar-26,6433,3-Mar-26,31981,,,,,,,,,,,,,,,,,,,,,,,,,
52284,,542,normal saline,,,1000,,,,,,,,03-MAR-26 12.30.00.000000 PM,,,,,,,,,,,,,,35543,,4512,3-Mar-26,4512,3-Mar-26,32262,,,,,,,,,,,,,,,,,,,,,,,,,
51643,,582,5% dextrose saline,,,500,,,,,,,,31-OCT-25 04.15.00.000000 AM,,,,,,,,,,,,,,3648,,4927,31-Oct-25,4927,31-Oct-25,,,,,,,,,,,,,,,,,,,,,,,,,,
51644,,,5%D/s in 1/2N/s,,,500,,,,,,,,31-OCT-25 01.45.00.000000 PM,,,,,,,,,,,,,,33847,,4953,31-Oct-25,4953,31-Oct-25,27499,,,,,,,,,,,,,,,,,,,,,,,,,
51648,,542,normal saline,,,2000,,,,,,,,31-OCT-25 02.00.00.000000 PM,,,250,,,,,,,,,,,8805,,4607,31-Oct-25,4607,31-Oct-25,27297,,,,,,,,,,,,,,,,,,,,,,,,,
51649,,542,normal saline,,,500,,,,,,,,31-OCT-25 04.00.00.000000 PM,,,,,,,,,,,,,,8805,,4607,31-Oct-25,4607,31-Oct-25,,,,,,,,,,,,,,,,,,,,,,,,,,
51650,,542,,,,,,,,,,,,01-NOV-25 12.00.00.000000 AM,,,1000,,,,,,,,,,,8805,,4950,1-Nov-25,4950,1-Nov-25,27665,,,,,,,,,,,,,,,,,,,,,,,,,
51651,,542,normal saline+ oxy,,,500,,,,,,,,01-NOV-25 01.30.00.000000 AM,,,,,,,,,,,,,,8805,,4950,1-Nov-25,4950,1-Nov-25,,,,,,,,,,,,,,,,,,,,,,,,,,
51660,,542,n/saline+6mlsmgso4,,,500,,,,,,,,01-NOV-25 08.45.00.000000 PM,,,,,,,,,,,,,,8791,,5990,1-Nov-25,5990,1-Nov-25,27671,,for 4hours,,,,,,,,,,,,,,,,,,,,,,,
51695,,,5% dextrose saline,,,500,,,,,,,,05-NOV-25 01.45.00.000000 PM,,,,,,,,,,,,,,33712,,4927,5-Nov-25,4927,5-Nov-25,26865,,,,,,,,,,,,,,,,,,,,,,,,,
51696,,542,5% D/s,,,500,,,,,,,,06-NOV-25 12.15.00.000000 AM,,,,,,,,,,,,,,33712,,5482,6-Nov-25,5482,6-Nov-25,26865,,to run for 6hrs,,,,,,,,,,,,,,,,,,,,,,,
51744,,603,,,,,,,,,,,,10-FEB-26 12.00.00.000000 PM,,,400,,,,,,,,,,,34438,,4580,10-Feb-26,4580,10-Feb-26,29413,,clear,,,,,,,,,,,,,,,,,,,,,,,
51760,,,water,,200,,,,,,,,,10-FEB-26 10.15.00.000000 PM,,,150,,,,,,,,,,,34438,,4961,10-Feb-26,4961,10-Feb-26,,,,,,,,,,,,,,,,,,,,,,,,,,
51807,,,sedimented blood,,,450,,,,,,,,12-FEB-26 04.00.00.000000 PM,,,,,,,,,,,,,,34647,,5990,12-Feb-26,5990,12-Feb-26,,,to run over 4hrs,,,,,,,,,,,,,,,,,,,,,,,
51774,,542,,,,,,,,,,,,11-FEB-26 09.00.00.000000 AM,,,500,,,,,,,,,,,33768,,5981,11-Feb-26,5981,11-Feb-26,,,,,,,,,,,,,,,,,,,,,,,,,,
51805,,582,,,,,,,,,,,,12-FEB-26 04.45.00.000000 PM,,,180,,,,,,,,,,,34062,,6111,12-Feb-26,6111,12-Feb-26,,,bloody ++,,,,,,,,,,,,,,,,,,,,,,,
51818,,582,,,,,,,,,,,,13-FEB-26 02.00.00.000000 AM,,,200,,,,,,,,,,,34062,,6111,13-Feb-26,6111,13-Feb-26,29948,,pink-tinged urine,,,,,,,,,,,,,,,,,,,,,,,
51822,,582,pap + milk,,250,,,,,,,,,13-FEB-26 07.00.00.000000 AM,,,,,,,,,,,,,,34062,,6111,13-Feb-26,6111,13-Feb-26,,,well tolerated,,,,,,,,,,,,,,,,,,,,,,,
51828,,,,,,,,,,,,,,13-FEB-26 12.00.00.000000 PM,,,50,,,,,,,,,,,8732,,4927,13-Feb-26,4927,13-Feb-26,30015,,,,,,,,,,,,,,,,,,,,,,,,,
51831,,582,,,,,,,,,,,,13-FEB-26 05.30.00.000000 PM,,,100,,,,,,,,,,,8732,,6068,13-Feb-26,6068,13-Feb-26,30015,,,,,,,,,,,,,,,,,,,,,,,,,
51834,,542,,,,,,,,,,,,13-FEB-26 07.00.00.000000 PM,,,120,,,,,,,,,,,34647,,5759,13-Feb-26,5759,13-Feb-26,29989,,,,,,,,,,,,,,,,,,,,,,,,,
51835,,,,,,,,,,,,,,13-FEB-26 07.30.00.000000 PM,,,250,,,,,,,,,,,34647,,5759,13-Feb-26,5759,13-Feb-26,,,,,,,,,,,,,,,,,,,,,,,,,,
51836,,,BLOOD,,,,,,,,,,,13-FEB-26 06.45.00.000000 PM,,,,,,,,,,,,,,34647,,5759,13-Feb-26,5759,13-Feb-26,,,,,,,,,,,,,,,,,,,,,,,,,,
51838,,582,5% dextrose saline,,,500,,,,,,,,13-FEB-26 06.30.00.000000 PM,,,,,,,,,,,,,,3670,,6068,13-Feb-26,6068,13-Feb-26,,,,,,,,,,,,,,,,,,,,,,,,,,
51861,,582,,,,,,,,,,,,14-FEB-26 08.30.00.000000 AM,,,200,,,,,,,,,,,8732,,4950,14-Feb-26,4950,14-Feb-26,30015,,,,,,,,,,,,,,,,,,,,,,,,,
51894,,582,WATER,,500,,,,,,,,,14-FEB-26 11.45.00.000000 PM,,,700,,,,,,,,,,,8732,,5014,14-Feb-26,5014,14-Feb-26,30015,,,,,,,,,,,,,,,,,,,,,,,,,
51899,,,water,,100,,,,,,,,,15-FEB-26 12.30.00.000000 AM,,,,,,,,,,,,,,34810,,5759,15-Feb-26,5759,15-Feb-26,,,,,,,,,,,,,,,,,,,,,,,,,,
51900,,,normal saline,,,400,,,,,,,,15-FEB-26 12.00.00.000000 AM,,,,,,,,,,,,,,34807,,5759,15-Feb-26,5759,15-Feb-26,,,brought forward,,,,,,,,,,,,,,,,,,,,,,,
51918,,582,flagyl,,,100,,,,,,,,15-FEB-26 02.00.00.000000 PM,,,,,,,,,,,,,,656,,6092,15-Feb-26,6092,15-Feb-26,,,,,,,,,,,,,,,,,,,,,,,,,,
51919,,,water,,500,,,,,,,,,15-FEB-26 11.00.00.000000 AM,,,,,,,,,,,,,,656,,6092,15-Feb-26,6092,15-Feb-26,,,,,,,,,,,,,,,,,,,,,,,,,,
51921,,582,,,,,,,,,,,,15-FEB-26 05.30.00.000000 PM,,,400,,,,,,,,,,,656,,4651,15-Feb-26,4651,15-Feb-26,30162,,clear,,,,,,,,,,,,,,,,,,,,,,,
51922,,582,water,,300,,,,,,,,,15-FEB-26 06.00.00.000000 PM,,,,,,,,,,,,,,656,,4651,15-Feb-26,4651,15-Feb-26,,,,,,,,,,,,,,,,,,,,,,,,,,
51923,,582,normal saline+vitbco,,,500,,,,,,,,15-FEB-26 07.00.00.000000 PM,,,,,,,,,,,,,,656,,4651,15-Feb-26,4651,15-Feb-26,30162,,,,,,,,,,,,,,,,,,,,,,,,,
51924,,582,,,,,,,,,,,,15-FEB-26 07.00.00.000000 PM,,,900,,,,,,,,,,,8732,,4651,15-Feb-26,4651,15-Feb-26,30015,,clear urine,,,,,,,,,,,,,,,,,,,,,,,
51925,,582,,,,,,,,,,,,15-FEB-26 11.30.00.000000 PM,,,600,,,,,,,,,,,8732,,4651,15-Feb-26,4651,15-Feb-26,,,clear urine,,,,,,,,,,,,,,,,,,,,,,,
51926,,,flagyl,,,100,,,,,,,,15-FEB-26 10.00.00.000000 PM,,,,,,,,,,,,,,8732,,4651,15-Feb-26,4651,15-Feb-26,,,,,,,,,,,,,,,,,,,,,,,,,,
51930,,,water,,350,,,,,,,,,15-FEB-26 11.15.00.000000 PM,,,,,,,,,,,,,,8732,,4651,15-Feb-26,4651,15-Feb-26,,,,,,,,,,,,,,,,,,,,,,,,,,
51931,,582,METRONIDAZOLE,,,100,,,,,,,,15-FEB-26 10.00.00.000000 PM,,,,,,,,,,,,,,656,,5014,15-Feb-26,5014,15-Feb-26,30171,,,,,,,,,,,,,,,,,,,,,,,,,
51941,,582,flagyl,,,100,,,,,,,,16-FEB-26 06.00.00.000000 AM,,,900,,,,,,,,,,,8732,,6117,16-Feb-26,6117,16-Feb-26,30015,,,,,,,,,,,,,,,,,,,,,,,,,
51953,,542,,,,,,,,,,,,16-FEB-26 06.40.00.000000 PM,,,500,,,,,,,,,,,34861,,5655,16-Feb-26,5655,16-Feb-26,30293,,,,,,,,,,,,,,,,,,,,,,,,,
51951,,542,,,,,,,,,,,,16-FEB-26 05.30.00.000000 PM,,,800,,,,,,,,,,,34861,,5655,16-Feb-26,5655,16-Feb-26,30293,,,,,,,,,,,,,,,,,,,,,,,,,
51954,,542,5% D/s,,,500,,,,,,,,16-FEB-26 07.39.00.000000 PM,,,,,,,,,,,,,,34861,,5655,16-Feb-26,5655,16-Feb-26,30293,,,,,,,,,,,,,,,,,,,,,,,,,
51955,,542,,,,,,,,,,,,16-FEB-26 09.10.00.000000 PM,,,300,,,,,,,,,,,34861,,5655,16-Feb-26,5655,16-Feb-26,30293,,,,,,,,,,,,,,,,,,,,,,,,,
51956,,542,water,,,500,,,,,,,,16-FEB-26 09.16.00.000000 PM,,,,,,,,,,,,,,34861,,5655,16-Feb-26,5655,16-Feb-26,,,,,,,,,,,,,,,,,,,,,,,,,,
51967,,,water,,300,,,,,,,,,17-FEB-26 01.00.00.000000 PM,,,,,,,,,,,,,,31954,,5990,17-Feb-26,5990,17-Feb-26,,,,,,,,,,,,,,,,,,,,,,,,,,
51969,,542,,,,,,,,,,,,17-FEB-26 01.30.00.000000 PM,,,200,,,,,,,,,,,31954,,5990,17-Feb-26,5990,17-Feb-26,,,,,,,,,,,,,,,,,,,,,,,,,,
51973,,542,,,,,,,,,,,,17-FEB-26 12.30.00.000000 PM,,,200,,,,,,,,,,,34963,,4972,17-Feb-26,4972,17-Feb-26,,,,,,,,,,,,,,,,,,,,,,,,,,
51985,,542,10% D/W,,,70,,,,,,,,18-FEB-26 12.00.00.000000 AM,,,,,,,,,,,,,,31302,,4607,18-Feb-26,4607,18-Feb-26,30421,,,,,,,,,,,,,,,,,,,,,,,,,
51989,,,EBM,,15,,,,,,,,,18-FEB-26 01.00.00.000000 PM,,,,,,,,,,,,,,31302,,4927,18-Feb-26,4927,18-Feb-26,30421,,,,,,,,,,,,,,,,,,,,,,,,,
51990,,542,5% Dextrose Saline,,,500,,,,,,,,18-FEB-26 12.00.00.000000 PM,,,,,,,,,,,,,,1805,,6405,18-Feb-26,6405,18-Feb-26,30634,,To run for 4 hrs,,,,,,,,,,,,,,,,,,,,,,,
51991,,542,5% D/s,,,500,,,,,,,,18-FEB-26 04.00.00.000000 PM,,,,,,,,,,,,,,1805,,5926,18-Feb-26,5926,18-Feb-26,30634,,,,,,,,,,,,,,,,,,,,,,,,,
51992,,542,EBM,,12,,,,,,,,,18-FEB-26 06.00.00.000000 PM,,,,,,,,,,,,,,31302,,4607,18-Feb-26,4607,18-Feb-26,30421,,,,,,,,,,,,,,,,,,,,,,,,,
51993,,542,EBM,,15,,,,,,,,,18-FEB-26 08.00.00.000000 PM,,,,,,,,,,,,,,31302,,4607,18-Feb-26,4607,18-Feb-26,,,,,,,,,,,,,,,,,,,,,,,,,,
51995,,542,10% D/W,,,30,,,,,,,,18-FEB-26 12.00.00.000000 AM,,,,,,,,,,,,,,31302,,4607,18-Feb-26,4607,18-Feb-26,30421,,,,,,,,,,,,,,,,,,,,,,,,,
51996,,542,normal saline,,,500,,,,,,,,19-FEB-26 03.15.00.000000 AM,,,,100,,,,,,,,,,35028,,4933,19-Feb-26,4933,19-Feb-26,30712,,,,,,,,,,,,,,,,,,,,,,,,,
51997,,542,ringers lactate,,,500,,,,,,,,19-FEB-26 03.45.00.000000 AM,,,,,,,,,,,,,,35028,,4933,19-Feb-26,4933,19-Feb-26,30712,,,,,,,,,,,,,,,,,,,,,,,,,
52004,,542,water,,500,,,,,,,,,19-FEB-26 11.00.00.000000 AM,,,300,,,,,,,,,,,35038,,5014,19-Feb-26,5014,19-Feb-26,30749,,,,,,,,,,,,,,,,,,,,,,,,,
52006,,,5% D/W,,,500,,,,,,,,19-FEB-26 03.00.00.000000 PM,,,,,,,,,,,,,,35034,,5014,19-Feb-26,5014,19-Feb-26,30930,,,,,,,,,,,,,,,,,,,,,,,,,
52034,,542,5% D/W,,,500,,,,,,,,19-FEB-26 09.00.00.000000 PM,,,,,,,,,,,,,,35034,,4950,19-Feb-26,4950,19-Feb-26,30930,,,,,,,,,,,,,,,,,,,,,,,,,
52036,,,flagyl,,,100,,,,,,,,20-FEB-26 01.00.00.000000 AM,,,,,,,,,,,,,,35102,,4953,20-Feb-26,4953,20-Feb-26,30951,,,,,,,,,,,,,,,,,,,,,,,,,
52048,,542,ciprofloxacin,,,200,,,,,,,,20-FEB-26 09.30.00.000000 AM,,,,,,,,,,,,,,35034,,4580,20-Feb-26,4580,20-Feb-26,,,,,,,,,,,,,,,,,,,,,,,,,,
52058,,542,flagyl,,,500,,,,,,,,20-FEB-26 02.30.00.000000 PM,,,,,,,,,,,,,,35102,,4580,20-Feb-26,4580,20-Feb-26,,,,,,,,,,,,,,,,,,,,,,,,,,
52097,,542,water,,400,,,,,,,,,21-FEB-26 10.30.00.000000 AM,,,,,,,,,,,,,,32570,,5759,21-Feb-26,5759,21-Feb-26,,,,,,,,,,,,,,,,,,,,,,,,,,
52098,,542,water,,300,,,,,,,,,21-FEB-26 01.00.00.000000 PM,,,,,,,,,,,,,,32570,,5759,21-Feb-26,5759,21-Feb-26,,,,,,,,,,,,,,,,,,,,,,,,,,
52099,,,,,,,,,,,,,,21-FEB-26 12.30.00.000000 PM,,,200,,,,,,,,,,,32570,,5759,21-Feb-26,5759,21-Feb-26,,,,,,,,,,,,,,,,,,,,,,,,,,
52100,,,water + pap,,500,,,,,,,,,21-FEB-26 10.45.00.000000 AM,,,300,,,,,,,,,,,35102,,5759,21-Feb-26,5759,21-Feb-26,30951,,,,,,,,,,,,,,,,,,,,,,,,,
52101,,,pap + water,,300,,,,,,,,,21-FEB-26 01.15.00.000000 PM,,,,,,,,,,,,,,35102,,5759,21-Feb-26,5759,21-Feb-26,,,,,,,,,,,,,,,,,,,,,,,,,,
52136,,582,,,,,,,,,,,,22-FEB-26 03.15.00.000000 PM,,,300,,,,,,,,,,,35173,,4607,22-Feb-26,4607,22-Feb-26,31128,,,,,,,,,,,,,,,,,,,,,,,,,
52116,,,5% D/s,,,500,,,,,,,,21-FEB-26 08.45.00.000000 PM,,,,,,,,,,,,,,35164,,5990,21-Feb-26,5990,21-Feb-26,31136,,,,,,,,,,,,,,,,,,,,,,,,,
52124,,542,0.9% normal saline,,,500,,,,,,,,22-FEB-26 09.00.00.000000 AM,,,300,,,,,,,,,,,35102,,4651,22-Feb-26,4651,22-Feb-26,30951,,,,,,,,,,,,,,,,,,,,,,,,,
52137,,542,,,,,,,,,,,,22-FEB-26 03.00.00.000000 PM,,,300,,,,,,,,,,,35102,,4651,22-Feb-26,4651,22-Feb-26,30951,,,,,,,,,,,,,,,,,,,,,,,,,
52138,,,0.9% normal saline,,,500,,,,,,,,22-FEB-26 01.15.00.000000 PM,,,,,,,,,,,,,,35102,,4651,22-Feb-26,4651,22-Feb-26,,,,,,,,,,,,,,,,,,,,,,,,,,
52143,,542,water,,200,,,,,,,,,22-FEB-26 08.00.00.000000 PM,,,,,,,,,,,,,,35164,,5990,22-Feb-26,5990,22-Feb-26,,,,,,,,,,,,,,,,,,,,,,,,,,
52179,,,WATER,,500,,,,,,,,,24-FEB-26 11.00.00.000000 PM,,,,,,,,,,,,,,31302,,4633,24-Feb-26,4633,24-Feb-26,30421,,,,,,,,,,,,,,,,,,,,,,,,,
52180,,542,d/water+20mg diazepa,,,500,,,,,,,,25-FEB-26 12.30.00.000000 AM,,,,,,,,,,,,,,35245,,5759,25-Feb-26,5759,25-Feb-26,31332,,,,,,,,,,,,,,,,,,,,,,,,,
52200,,603,paracetamol,,,100,,,,,,,,25-FEB-26 12.30.00.000000 PM,,,,,,,,,,,,,,35102,,4961,25-Feb-26,4961,25-Feb-26,30951,,,,,,,,,,,,,,,,,,,,,,,,,
52184,,542,,,,,,,,,,,,25-FEB-26 03.15.00.000000 AM,,,300,,,,,,,,,,,35245,,5759,25-Feb-26,5759,25-Feb-26,,,,,,,,,,,,,,,,,,,,,,,,,,
52189,,603,NORMAL SALINE,,,500,,,,,,,,25-FEB-26 02.00.00.000000 AM,,,,,,,,,,,,,,35102,,5079,25-Feb-26,5079,25-Feb-26,30951,,,,,,,,,,,,,,,,,,,,,,,,,
52206,,542,,,,,,,,,,,,25-FEB-26 05.00.00.000000 PM,,,300,,,,,,,,,,,35315,,5655,25-Feb-26,5655,25-Feb-26,31526,,,,,,,,,,,,,,,,,,,,,,,,,
52207,,542,5% D/s,,,500,,,,,,,,25-FEB-26 05.45.00.000000 PM,,,,,,,,,,,,,,35315,,6117,25-Feb-26,6117,25-Feb-26,31526,,,,,,,,,,,,,,,,,,,,,,,,,
52241,,,,,,,,,,,,,,28-FEB-26 10.00.00.000000 PM,,,700,,,,,,,,,,,5108,,6092,28-Feb-26,6092,28-Feb-26,31939,,,,,,,,,,,,,,,,,,,,,,,,,
52285,,,water,,300,,,,,,,,,03-MAR-26 04.30.00.000000 PM,,,,,,,,,,,,,,35444,,4633,3-Mar-26,4633,3-Mar-26,31981,,,,,,,,,,,,,,,,,,,,,,,,,
51653,,,5% D/s,,,500,,,,,,,,01-NOV-25 06.00.00.000000 AM,,,,,,,,,,,,,,8805,,6092,1-Nov-25,6092,1-Nov-25,27665,,,,,,,,,,,,,,,,,,,,,,,,,
51717,,542,WATER,,250,,,,,,,,,05-DEC-25 08.00.00.000000 PM,,,200,,,,,,,,,,,34413,,6111,5-Dec-25,6111,5-Dec-25,,,,,,,,,,,,,,,,,,,,,,,,,,
51718,,542,D/S,,,1000,,,,,,,,06-DEC-25 02.00.00.000000 AM,,,400,,,,,,,,,,,34413,,6111,6-Dec-25,6111,6-Dec-25,29364,,,,,,,,,,,,,,,,,,,,,,,,,
51747,,,N/Saline,,,1000,,,,,,,,10-FEB-26 03.00.00.000000 PM,,,,,,,,,,,,,,33768,,4633,10-Feb-26,4633,10-Feb-26,29650,,,,,,,,,,,,,,,,,,,,,,,,,
51750,,542,normal saline,,,500,,,,,,,,10-FEB-26 05.15.00.000000 PM,,,300,,,,,,,,,,,33768,,4950,10-Feb-26,4950,10-Feb-26,29650,,,,,,,,,,,,,,,,,,,,,,,,,
51753,,542,,,,,,,,,,,,10-FEB-26 06.00.00.000000 PM,,,500,,,,,,,,,,,33768,,5981,10-Feb-26,5981,10-Feb-26,29650,,,,,,,,,,,,,,,,,,,,,,,,,
51772,,542,,,,,,,,,,,,11-FEB-26 06.00.00.000000 AM,,,300,,,,,,,,,,,33768,,5981,11-Feb-26,5981,11-Feb-26,29650,,,,,,,,,,,,,,,,,,,,,,,,,
51791,,,,,,,,,,,,,,11-FEB-26 08.15.00.000000 PM,,,200,,,,,,,,,,,33768,,5990,11-Feb-26,5990,11-Feb-26,,,,,,,,,,,,,,,,,,,,,,,,,,
51792,,,water,,400,,,,,,,,,11-FEB-26 08.00.00.000000 PM,,,,,,,,,,,,,,34560,,5990,11-Feb-26,5990,11-Feb-26,29738,,,,,,,,,,,,,,,,,,,,,,,,,
51793,,,water,,100,,,,,,,,,11-FEB-26 09.00.00.000000 PM,,,,,,,,,,,,,,34560,,5990,11-Feb-26,5990,11-Feb-26,,,,,,,,,,,,,,,,,,,,,,,,,,
51795,,,water,,200,,,,,,,,,11-FEB-26 10.15.00.000000 PM,,,,,,,,,,,,,,34560,,5990,11-Feb-26,5990,11-Feb-26,29738,,,,,,,,,,,,,,,,,,,,,,,,,
51796,,,BLOOD,,,500,,,,,,,,11-FEB-26 11.15.00.000000 PM,,,,,,,,,,,,,,34560,,5990,11-Feb-26,5990,11-Feb-26,,,to run for 4hours,,,,,,,,,,,,,,,,,,,,,,,
51797,,,,,,,,,,,,,,11-FEB-26 11.00.00.000000 PM,,,300,,,,,,,,,,,34560,,5990,11-Feb-26,5990,11-Feb-26,29738,,,,,,,,,,,,,,,,,,,,,,,,,
51799,,,,,,,,,,,,,,11-FEB-26 09.15.00.000000 PM,,,400,,,,,,,,,,,34560,,5990,11-Feb-26,5990,11-Feb-26,,,,,,,,,,,,,,,,,,,,,,,,,,
51800,,,water,,300,,,,,,,,,11-FEB-26 10.00.00.000000 PM,,,,,,,,,,,,,,33768,,5990,11-Feb-26,5990,11-Feb-26,29650,,,,,,,,,,,,,,,,,,,,,,,,,
51801,,,,,,,,,,,,,,12-FEB-26 03.15.00.000000 AM,,,200,,,,,,,,,,,34560,,5990,12-Feb-26,5990,12-Feb-26,,,,,,,,,,,,,,,,,,,,,,,,,,
51802,,582,5% dextrose saline,,,500,,,,,,,,12-FEB-26 03.00.00.000000 PM,,,300,,,,,,,,,,,34062,,5014,12-Feb-26,5014,12-Feb-26,29948,,bloody ++,,,,,,,,,,,,,,,,,,,,,,,
51826,,582,0.9% normal saline,,,500,,,,,,,,13-FEB-26 09.15.00.000000 AM,,,,,,,,,,,,,,3670,,4651,13-Feb-26,4651,13-Feb-26,30003,,,,,,,,,,,,,,,,,,,,,,,,,
51842,,542,5% in half saline,,500,,,,,,,,,13-FEB-26 10.15.00.000000 PM,,,,,,,,,,,,,,34810,,5759,13-Feb-26,5759,13-Feb-26,30154,,12 hours,,,,,,,,,,,,,,,,,,,,,,,
51846,,,,,,,,,,,,,,14-FEB-26 12.00.00.000000 AM,,,,,,,,,,,,,,34807,,5759,13-Feb-26,5759,13-Feb-26,30147,,remains 250mls at 12mn,,,,,,,,,,,,,,,,,,,,,,,
51844,,582,,,,,,,,,,,,13-FEB-65 10.30.00.000000 PM,,,300,,,,,,,,,,,3670,,6068,13-Feb-26,6068,13-Feb-26,30003,,,,,,,,,,,,,,,,,,,,,,,,,
51845,,582,,,,,,,,,,,,13-FEB-26 10.30.00.000000 PM,,,300,,,,,,,,,,,3670,,6068,13-Feb-26,6068,13-Feb-26,30003,,,,,,,,,,,,,,,,,,,,,,,,,
51847,,542,0.9% normal saline,,,250,,,,,,,,14-FEB-26 12.00.00.000000 AM,,,,,,,,,,,,,,34807,,5759,13-Feb-26,5759,14-Feb-26,,,BF,,,,,,,,,,,,,,,,,,,,,,,
51848,,542,5% D/s in 1/2 saline,,,420,,,,,,,,14-FEB-26 12.00.00.000000 AM,,,,,,,,,,,,,,34810,,5759,14-Feb-26,5759,14-Feb-26,30154,,BF at 12mn,,,,,,,,,,,,,,,,,,,,,,,
51849,,,Normal saline,,,500,,,,,,,,14-FEB-26 03.00.00.000000 AM,,,,,,,,,,,,,,34807,,5501,14-Feb-26,5501,14-Feb-26,30147,,,,,,,,,,,,,,,,,,,,,,,,,
51897,,,5% D/s in 1/2 saline,,,200,,,,,,,,15-FEB-26 12.00.00.000000 AM,,,,,,,,,,,,,,34810,,5759,15-Feb-26,5759,15-Feb-26,,,BF,,,,,,,,,,,,,,,,,,,,,,,
51854,,582,water,,100,,,,,,,,,14-FEB-26 07.00.00.000000 AM,,,,,,,,,,,,,,3670,,6068,14-Feb-26,6068,14-Feb-26,,,,,,,,,,,,,,,,,,,,,,,,,,
51914,,582,flagyl,,,100,,,,,,,,15-FEB-26 12.30.00.000000 PM,,,,,,,,,,,,,,8732,,6092,15-Feb-26,6092,15-Feb-26,30015,,,,,,,,,,,,,,,,,,,,,,,,,
51952,,,10% in 1/2 saline,,,175,,,,,,,,16-FEB-26 06.00.00.000000 PM,,,,,,,,,,,,,,31302,,6117,16-Feb-26,6117,16-Feb-26,30170,,over 24 hrs at 7dpm,,,,,,,,,,,,,,,,,,,,,,,
51962,,542,water,,,500,,,,,,,,17-FEB-26 06.30.00.000000 AM,,,,,,,,,,,,,,34861,,5655,17-Feb-26,5655,17-Feb-26,,,,,,,,,,,,,,,,,,,,,,,,,,
52031,,542,water,,500,,,,,,,,,19-FEB-26 08.15.00.000000 PM,,,300,,,,,,,,,,,35046,,4950,19-Feb-26,4950,19-Feb-26,,,,,,,,,,,,,,,,,,,,,,,,,,
52033,,542,,,,,,,,,,,,19-FEB-26 11.30.00.000000 PM,,,300,,,,,,,,,,,32570,,4950,19-Feb-26,4950,19-Feb-26,30810,,,,,,,,,,,,,,,,,,,,,,,,,
52047,,542,water,,500,,,,,,,,,20-FEB-26 09.30.00.000000 AM,,,,,,,,,,,,,,35034,,4580,20-Feb-26,4580,20-Feb-26,30930,,,,,,,,,,,,,,,,,,,,,,,,,
52053,,,5% D/Saline,,,200,,,,,,,,20-FEB-26 10.00.00.000000 AM,,,,,,,,,,,,,,32570,,4580,20-Feb-26,4580,20-Feb-26,,,,,,,,,,,,,,,,,,,,,,,,,,
52059,,,4.3%D/saline,,,500,,,,,,,,20-FEB-26 04.00.00.000000 PM,,,,,,,,,,,,,,35123,,4633,20-Feb-26,4633,20-Feb-26,30975,,,,,,,,,,,,,,,,,,,,,,,,,
52061,,542,,,,300,,,,,,,,20-FEB-26 04.00.00.000000 PM,,,,,,,,,,,,,,32570,,4961,20-Feb-26,4961,20-Feb-26,30810,,,,,,,,,,,,,,,,,,,,,,,,,
52110,,582,,,,,,,,,,,,21-FEB-26 06.15.00.000000 PM,,,150,,,,,,,,,,,35173,,6405,21-Feb-26,6405,21-Feb-26,,,,,,,,,,,,,,,,,,,,,,,,,,
52111,,582,,,,,,,,,,,,21-FEB-26 07.00.00.000000 PM,,,200,,,,,,,,,,,35173,,6405,21-Feb-26,6405,21-Feb-26,,,,,,,,,,,,,,,,,,,,,,,,,,
52112,,,normal saline,,,500,,,,,,,,21-FEB-26 07.30.00.000000 PM,,,,,,,,,,,,,,35102,,5501,21-Feb-26,5501,21-Feb-26,30951,,,,,,,,,,,,,,,,,,,,,,,,,
52113,,,flagyl,,,100,,,,,,,,21-FEB-26 07.45.00.000000 PM,,,,,,,,,,,,,,35102,,5501,21-Feb-26,5501,21-Feb-26,30951,,,,,,,,,,,,,,,,,,,,,,,,,
52117,,582,water,,400,,,,,,,,,21-FEB-26 04.30.00.000000 PM,,,,,,,,,,,,,,35173,,6405,21-Feb-26,6405,21-Feb-26,31128,,well toolerated,,,,,,,,,,,,,,,,,,,,,,,
52118,,582,water,,350,,,,,,,,,21-FEB-26 06.15.00.000000 PM,,,,,,,,,,,,,,35173,,6405,21-Feb-26,6405,21-Feb-26,,,,,,,,,,,,,,,,,,,,,,,,,,
52120,,582,,,,100,,,,,,,,21-FEB-26 11.30.00.000000 PM,,,,,,,,,,,,,,35173,,6405,21-Feb-26,6405,21-Feb-26,31128,,,,,,,,,,,,,,,,,,,,,,,,,
52121,,,5% D/s,,,500,,,,,,,,22-FEB-26 07.45.00.000000 AM,,,,,,,,,,,,,,32570,,5501,22-Feb-26,5501,22-Feb-26,30810,,,,,,,,,,,,,,,,,,,,,,,,,
52122,,,water,,300,,,,,,,,,22-FEB-26 07.30.00.000000 AM,,,,,,,,,,,,,,32570,,5501,22-Feb-26,5501,22-Feb-26,,,,,,,,,,,,,,,,,,,,,,,,,,
52123,,582,IV metronizadazole,,,100,,,,,,,,22-FEB-26 07.30.00.000000 AM,,,,,,,,,,,,,,35173,,6405,22-Feb-26,6405,22-Feb-26,31128,,,,,,,,,,,,,,,,,,,,,,,,,
52125,,542,,,,,,,,,,,,22-FEB-26 09.45.00.000000 AM,,,150,,,,,,,,,,,32570,,4651,22-Feb-26,4651,22-Feb-26,30810,,,,,,,,,,,,,,,,,,,,,,,,,
52126,,542,normal saline,,,500,,,,,,,,22-FEB-26 10.00.00.000000 AM,,,,,,,,,,,,,,35164,,4651,22-Feb-26,4651,22-Feb-26,31136,,,,,,,,,,,,,,,,,,,,,,,,,
52127,,542,pap,,,250,,,,,,,,22-FEB-26 11.45.00.000000 AM,,,150,,,,,,,,,,,35102,,4607,22-Feb-26,4607,22-Feb-26,30951,,,,,,,,,,,,,,,,,,,,,,,,,
52131,,582,blood,,,450,,,,,,,,22-FEB-26 02.32.00.000000 AM,,,300,,,,,,,,,,,35173,,4607,22-Feb-26,4607,22-Feb-26,31128,,,,,,,,,,,,,,,,,,,,,,,,,
52134,,,,,,,,,,,,,,22-FEB-26 10.00.00.000000 AM,,,400,,,,,,,,,,,35164,,4607,22-Feb-26,4607,22-Feb-26,,,clear,,,,,,,,,,,,,,,,,,,,,,,
52135,,,water,,400,,,,,,,,,22-FEB-26 02.30.00.000000 PM,,,,,,,,,,,,,,35164,,4607,22-Feb-26,4607,22-Feb-26,,,,,,,,,,,,,,,,,,,,,,,,,,
52148,,,ciprofloxacin ,,,100,,,,,,,,23-FEB-26 07.00.00.000000 PM,,,,,,,,,,,,,,35102,,5759,23-Feb-26,5759,23-Feb-26,30951,,,,,,,,,,,,,,,,,,,,,,,,,
52159,,,water,,400,,,,,,,,,24-FEB-26 12.15.00.000000 AM,,,,,,,,,,,,,,35245,,5759,24-Feb-26,5759,24-Feb-26,31332,,,,,,,,,,,,,,,,,,,,,,,,,
52160,,,,,,,,,,,,,,24-FEB-26 06.00.00.000000 AM,,,300,,,,,,,,,,,35245,,5759,24-Feb-26,5759,24-Feb-26,,,,,,,,,,,,,,,,,,,,,,,,,,
52161,,,5% D/s,,,450,,,,,,,,24-FEB-26 12.00.00.000000 AM,,,,,,,,,,,,,,35102,,5759,24-Feb-26,5759,24-Feb-26,,,BF,,,,,,,,,,,,,,,,,,,,,,,
52162,,542,,,,,,,,,,,,24-FEB-26 06.00.00.000000 AM,,,500,,,,,,,,,,,35102,,5759,24-Feb-26,5759,24-Feb-26,,,,,,,,,,,,,,,,,,,,,,,,,,
52164,,542,flagyl,,,100,,,,,,,,24-FEB-26 06.00.00.000000 AM,,,,,,,,,,,,,,35102,,5759,24-Feb-26,5759,24-Feb-26,,,,,,,,,,,,,,,,,,,,,,,,,,
52165,,,ciprofloxacin,,,100,,,,,,,,24-FEB-26 07.00.00.000000 AM,,,,,,,,,,,,,,35102,,5759,24-Feb-26,5759,24-Feb-26,,,,,,,,,,,,,,,,,,,,,,,,,,
52166,,542,normal saline,,,500,,,,,,,,24-FEB-26 08.00.00.000000 AM,,,,,,,,,,,,,,35245,,5759,24-Feb-26,5759,24-Feb-26,31332,,,,,,,,,,,,,,,,,,,,,,,,,
52171,,603,IV PCM,,,100,,,,,,,,24-FEB-26 04.45.00.000000 PM,,,,,,,,,,,,,,35102,,5079,24-Feb-26,5079,24-Feb-26,30951,,,,,,,,,,,,,,,,,,,,,,,,,
52172,,603,IVF D/s ,,,500,,,,,,,,24-FEB-26 05.30.00.000000 PM,,,,,,,,,,,,,,35102,,5079,24-Feb-26,5079,24-Feb-26,30951,,,,,,,,,,,,,,,,,,,,,,,,,
52177,,542,,,,,,,,,,,,24-FEB-26 06.30.00.000000 PM,,,200,,,,,,,,,,,35245,,5759,24-Feb-26,5759,24-Feb-26,,,,,,,,,,,,,,,,,,,,,,,,,,
52192,,542,water,,50,,,,,,,,,25-FEB-26 08.15.00.000000 AM,,,,,,,,,,,,,,35245,,5759,25-Feb-26,5759,25-Feb-26,31332,,,,,,,,,,,,,,,,,,,,,,,,,
52199,,603,,,,,,,,,,,,25-FEB-26 12.00.00.000000 PM,,,64,,,,,,,,,,,35102,,4961,25-Feb-26,4961,25-Feb-26,,,,,,,,,,,,,,,,,,,,,,,,,,
52202,,542,,,,,,,,,,,,25-FEB-26 01.00.00.000000 PM,,,400,,,,,,,,,,,35245,,4950,25-Feb-26,4950,25-Feb-26,,,,,,,,,,,,,,,,,,,,,,,,,,
52209,,,BLOOD,,,450,,,,,,,,25-FEB-26 02.44.00.000000 PM,,,,,,,,,,,,,,35102,,4953,25-Feb-26,4953,25-Feb-26,30951,,,,,,,,,,,,,,,,,,,,,,,,,
52210,,,Febramol,,,100,,,,,,,,25-FEB-26 10.00.00.000000 PM,,,,,,,,,,,,,,35315,,5655,25-Feb-26,5655,25-Feb-26,31526,,,,,,,,,,,,,,,,,,,,,,,,,
52211,,,NORMAL SALINE,,,500,,,,,,,,25-FEB-26 07.00.00.000000 PM,,,40,,,,,,,,,,,35102,,4953,25-Feb-26,4953,25-Feb-26,,,conc,,,,,,,,,,,,,,,,,,,,,,,
52212,,,5%dextrose,,,500,,,,,,,,25-FEB-26 07.15.00.000000 PM,,,,,,,,,,,,,,35102,,4953,25-Feb-26,4953,25-Feb-26,,,,,,,,,,,,,,,,,,,,,,,,,,
52213,,603,IV PCM,,,100,,,,,,,,25-FEB-26 08.00.00.000000 PM,,,50,,,,,,,,,,,35102,,4953,25-Feb-26,4953,25-Feb-26,,,clear,,,,,,,,,,,,,,,,,,,,,,,
52214,,,flagyl ,,,100,,,,,,,,25-FEB-26 10.00.00.000000 PM,,,,,,,,,,,,,,35102,,4953,25-Feb-26,4953,25-Feb-26,,,,,,,,,,,,,,,,,,,,,,,,,,
52215,,,,,,,,,,,,,,25-FEB-26 09.00.00.000000 PM,,,100,,,,,,,,,,,35102,,4953,25-Feb-26,4953,25-Feb-26,,,clear,,,,,,,,,,,,,,,,,,,,,,,
52216,,,NORMAL SALINE,,,500,,,,,,,,25-FEB-26 11.15.00.000000 PM,,,,,,,,,,,,,,35102,,4953,25-Feb-26,4953,25-Feb-26,,,,,,,,,,,,,,,,,,,,,,,,,,
52217,,,,,,,,,,,,,,25-FEB-26 10.30.00.000000 PM,,,60,4,,,,,,,,,,35102,,4953,25-Feb-26,4953,25-Feb-26,,,clear,,,,,,,,,,,,,,,,,,,,,,,
52218,,,,,,,,,,,,,,25-FEB-26 04.00.00.000000 PM,,,120,,,,,,,,,,,35102,,4953,25-Feb-26,4953,25-Feb-26,30951,,conc,,,,,,,,,,,,,,,,,,,,,,,
52219,,,,,,,,,,,,,,25-FEB-26 11.50.00.000000 PM,,,100,,,,,,,,,,,35102,,4953,25-Feb-26,4953,25-Feb-26,,,clear,,,,,,,,,,,,,,,,,,,,,,,
52226,,542,flagyl,,,100,,,,,,,,27-FEB-26 02.30.00.000000 PM,,,,,,,,,,,,,,30090,,4950,27-Feb-26,4950,27-Feb-26,31623,,,,,,,,,,,,,,,,,,,,,,,,,
52227,,542,febramol,,,100,,,,,,,,27-FEB-26 02.15.00.000000 PM,,,,,,,,,,,,,,30090,,4950,27-Feb-26,4950,27-Feb-26,,,,,,,,,,,,,,,,,,,,,,,,,,
52239,,,,,,,,,,,,,,28-FEB-26 06.45.00.000000 PM,,,400,,,,,,,,,,,5108,,6092,28-Feb-26,6092,28-Feb-26,31939,,,,,,,,,,,,,,,,,,,,,,,,,
52240,,,normal saline,,,500,,,,,,,,28-FEB-26 08.00.00.000000 PM,,,,,,,,,,,,,,5108,,6092,28-Feb-26,6092,28-Feb-26,,,,,,,,,,,,,,,,,,,,,,,,,,
51636,,542,,,,,,,,,,,,30-OCT-25 01.30.00.000000 PM,,,,,,,,,,,,,,33847,,5990,30-Oct-25,5990,30-Oct-25,,,diaper wet ++,,,,,,,,,,,,,,,,,,,,,,,
51637,,542,5%D/S,,,500,,,,,,,,30-OCT-25 06.00.00.000000 PM,,,,,,,,,,,,,,33941,,6226,30-Oct-25,6226,30-Oct-25,27494,,over 2 hours,,,,,,,,,,,,,,,,,,,,,,,
51638,,542,,,,,,,,,,,,30-OCT-25 06.30.00.000000 PM,,,500,,,,,,,,,,,33941,,6226,30-Oct-25,6226,30-Oct-25,,,slightly concentrated urine,,,,,,,,,,,,,,,,,,,,,,,
51662,,,water,,500,,,,,,,,,01-NOV-25 09.15.00.000000 PM,,,,,,,,,,,,,,8791,,5990,1-Nov-25,5990,1-Nov-25,,,,,,,,,,,,,,,,,,,,,,,,,,
51663,,,water,,,250,,,,,,,,01-NOV-25 11.00.00.000000 PM,,,1500,,,,,,,,,,,8791,,5990,1-Nov-25,5990,1-Nov-25,,,,,,,,,,,,,,,,,,,,,,,,,,
51665,,,Pap+water,,300,,,,,,,,,01-NOV-25 09.45.00.000000 PM,,,,,,,,,,,,,,8791,,5990,1-Nov-25,5990,1-Nov-25,,,,,,,,,,,,,,,,,,,,,,,,,,
51676,,,water,,,1000,,,,,,,,02-NOV-25 10.15.00.000000 AM,,,500,,,,,,,,,,,8791,,4633,2-Nov-25,4633,2-Nov-25,,,,,,,,,,,,,,,,,,,,,,,,,,
51677,,,water,,,750,,,,,,,,02-NOV-25 01.00.00.000000 PM,,,600,,,,,,,,,,,8791,,4633,2-Nov-25,4633,2-Nov-25,27671,,,,,,,,,,,,,,,,,,,,,,,,,
51741,,603,beverages + water,,450,,,,,,,,,10-FEB-26 09.15.00.000000 AM,,,,,,,,,,,,,,34438,,4580,10-Feb-26,4580,10-Feb-26,29413,,,,,,,,,,,,,,,,,,,,,,,,,
51761,,542,,,,,,,,,,,,10-FEB-26 11.00.00.000000 PM,,,500,,,,,,,,,,,33768,,5981,10-Feb-26,5981,10-Feb-26,29650,,,,,,,,,,,,,,,,,,,,,,,,,
51763,,542,,,200,,,,,,,,,10-FEB-26 09.15.00.000000 PM,,,,,,,,,,,,,,33768,,5981,10-Feb-26,5981,10-Feb-26,,,,,,,,,,,,,,,,,,,,,,,,,,
51764,,542,normal saline,,,500,,,,,,,,11-FEB-26 12.00.00.000000 AM,,,,,,,,,,,,,,33768,,5981,10-Feb-26,5981,10-Feb-26,29650,,,,,,,,,,,,,,,,,,,,,,,,,
51765,,542,,,,,,,,,,,,11-FEB-26 01.30.00.000000 AM,,,500,,,,,,,,,,,33768,,5981,11-Feb-26,5981,11-Feb-26,29650,,,,,,,,,,,,,,,,,,,,,,,,,
51766,,,R/L 450 + 50% dex 50,,,500,,,,,,,,11-FEB-26 12.00.00.000000 AM,,,,,,,,,,,,,,34438,,4961,11-Feb-26,4961,11-Feb-26,29413,,,,,,,,,,,,,,,,,,,,,,,,,
51767,,,,,,,,,,,,,,11-FEB-26 02.00.00.000000 AM,,,200,,,,,,,,,,,34438,,4961,11-Feb-26,4961,11-Feb-26,,,,,,,,,,,,,,,,,,,,,,,,,,
51768,,,,,,,,,,,,,,11-FEB-26 05.00.00.000000 AM,,,150,,,,,,,,,,,34438,,4961,11-Feb-26,4961,11-Feb-26,,,,,,,,,,,,,,,,,,,,,,,,,,
51769,,,water,,100,,,,,,,,,11-FEB-26 02.15.00.000000 AM,,,,,,,,,,,,,,34438,,4961,11-Feb-26,4961,11-Feb-26,,,,,,,,,,,,,,,,,,,,,,,,,,
51776,,,normal saline,,,500,,,,,,,,11-FEB-26 02.15.00.000000 PM,,,,,,,,,,,,,,34560,,4611,11-Feb-26,4611,11-Feb-26,29738,,,,,,,,,,,,,,,,,,,,,,,,,
51777,,582,,,,,,,,,,,,11-FEB-26 02.50.00.000000 PM,,,,300,,,,,,,,,,34602,,4611,11-Feb-26,4611,11-Feb-26,29689,,With  bright red clotted blood,,,,,,,,,,,,,,,,,,,,,,,
51833,,582,5% dextrose saline,,,500,,,,,,,,13-FEB-26 07.30.00.000000 PM,,,,,,,,,,,,,,34062,,6068,13-Feb-26,6068,13-Feb-26,,,,,,,,,,,,,,,,,,,,,,,,,,
51804,,582,water,,150,,,,,,,,,12-FEB-26 04.45.00.000000 PM,,,,,,,,,,,,,,34062,,6111,12-Feb-26,6111,12-Feb-26,29948,,,,,,,,,,,,,,,,,,,,,,,,,
51832,,582,water,,100,,,,,,,,,13-FEB-26 07.00.00.000000 PM,,,,,,,,,,,,,,34062,,6068,13-Feb-26,6068,13-Feb-26,29948,,,,,,,,,,,,,,,,,,,,,,,,,
51837,,582,,,,,,,,,,,,13-FEB-26 06.00.00.000000 PM,,,200,,,,,,,,,,,3670,,6068,13-Feb-26,6068,13-Feb-26,30003,,,,,,,,,,,,,,,,,,,,,,,,,
51852,,,,,,,,,,,,,,14-FEB-26 05.15.00.000000 AM,,,400,,,,,,,,,,,34807,,5759,14-Feb-26,5759,14-Feb-26,30147,,,,,,,,,,,,,,,,,,,,,,,,,
51853,,582,,,,,,,,,,,,14-FEB-26 06.00.00.000000 AM,,,200,,,,,,,,,,,3670,,6068,14-Feb-26,6068,14-Feb-26,30003,,,,,,,,,,,,,,,,,,,,,,,,,
51855,,582,water,,100,,,,,,,,,14-FEB-26 07.00.00.000000 AM,,,,,,,,,,,,,,3670,,6068,14-Feb-26,6068,14-Feb-26,,,,,,,,,,,,,,,,,,,,,,,,,,
51864,,582,iv pcm ,,,100,,,,,,,,14-FEB-26 01.00.00.000000 PM,,,,,,,,,,,,,,8732,,4950,14-Feb-26,4950,14-Feb-26,30015,,,,,,,,,,,,,,,,,,,,,,,,,
51865,,582,IV CIPROFLOXACIN,,,100,,,,,,,,14-FEB-26 02.00.00.000000 PM,,,,,,,,,,,,,,8732,,4950,14-Feb-26,4950,14-Feb-26,,,,,,,,,,,,,,,,,,,,,,,,,,
51907,,,5% D/Water,,,500,,,,,,,,15-FEB-26 08.45.00.000000 AM,,,,,,,,,,,,,,656,,4512,15-Feb-26,4512,15-Feb-26,30162,,,,,,,,,,,,,,,,,,,,,,,,,
51898,,,,,,,,,,,,,,15-FEB-26 12.00.00.000000 AM,,,,,,,,,,,,,,34810,,5759,15-Feb-26,5759,15-Feb-26,,,Diaper wet +++,,,,,,,,,,,,,,,,,,,,,,,
51901,,,,,,,,,,,,,,15-FEB-26 03.45.00.000000 AM,,,400,,,,,,,,,,,34807,,5759,15-Feb-26,5759,15-Feb-26,,,,,,,,,,,,,,,,,,,,,,,,,,
51908,,,iv ciprofloxacin,,,100,,,,,,,,15-FEB-26 10.00.00.000000 AM,,,400,,,,,,,,,,,656,,4512,15-Feb-26,4512,15-Feb-26,,,,,,,,,,,,,,,,,,,,,,,,,,
51920,,,water,,300,,,,,,,,,15-FEB-26 03.30.00.000000 PM,,,,,,,,,,,,,,8732,,6092,15-Feb-26,6092,15-Feb-26,30015,,,,,,,,,,,,,,,,,,,,,,,,,
51943,,542,breast milk,,4.6,,,,,,,,,16-FEB-26 11.00.00.000000 AM,,,,,,,,,,,,,,31302,,4927,16-Feb-26,4927,16-Feb-26,,,,,,,,,,,,,,,,,,,,,,,,,,
51944,,,5% D/s,,,500,,,,,,,,16-FEB-26 02.20.00.000000 PM,,,,,,,,,,,,,,34861,,4953,16-Feb-26,4953,16-Feb-26,30293,,,,,,,,,,,,,,,,,,,,,,,,,
51945,,,water,,1200,,,,,,,,,16-FEB-26 02.30.00.000000 PM,,,,,,,,,,,,,,34861,,4953,16-Feb-26,4953,16-Feb-26,,,,,,,,,,,,,,,,,,,,,,,,,,
51946,,,,,,,,,,,,,,16-FEB-26 02.00.00.000000 PM,,,300,,,,,,,,,,,34861,,4953,16-Feb-26,4953,16-Feb-26,,,,,,,,,,,,,,,,,,,,,,,,,,
51947,,542,10%D/w,,,5,,,,,,,,16-FEB-26 01.00.00.000000 PM,,,,,,,,,,,,,,31302,,4927,16-Feb-26,4927,16-Feb-26,,,,,,,,,,,,,,,,,,,,,,,,,,
51963,,542,water,,1500,,,,,,,,,17-FEB-26 10.00.00.000000 AM,,,,,,,,,,,,,,34861,,5990,17-Feb-26,5990,17-Feb-26,30293,,,,,,,,,,,,,,,,,,,,,,,,,
51971,,542,0.9% normal saline,,,1000,,,,,,,,17-FEB-26 11.45.00.000000 AM,,,,,,,,,,,,,,34963,,4972,17-Feb-26,4972,17-Feb-26,30556,,,,,,,,,,,,,,,,,,,,,,,,,
51974,,542,,,,,,,,,,,,17-FEB-26 03.00.00.000000 PM,,,550,,,,,,,,,,,34963,,4972,17-Feb-26,4972,17-Feb-26,,,,,,,,,,,,,,,,,,,,,,,,,,
51975,,542,Breastmilk+water,,20,,,,,,,,,17-FEB-26 06.00.00.000000 PM,,,,,,,,,,,,,,31302,,4607,17-Feb-26,4607,17-Feb-26,30421,,,,,,,,,,,,,,,,,,,,,,,,,
51976,,542,Breastmilk+water,,20,,,,,,,,,17-FEB-26 10.00.00.000000 PM,,,,,,,,,,,,,,31302,,4607,17-Feb-26,4607,17-Feb-26,,,,,,,,,,,,,,,,,,,,,,,,,,
51977,,542,10% D/W,,,50,,,,,,,,17-FEB-26 07.00.00.000000 PM,,,,,,,,,,,,,,31302,,4607,17-Feb-26,4607,17-Feb-26,,,,,,,,,,,,,,,,,,,,,,,,,,
51978,,542,5% Dextrose saline,,,50,,,,,,,,17-FEB-26 07.00.00.000000 PM,,,,,,,,,,,,,,31302,,4607,17-Feb-26,4607,17-Feb-26,,,,,,,,,,,,,,,,,,,,,,,,,,
51979,,542,5% D/s,,,500,,,,,,,,17-FEB-26 10.00.00.000000 PM,,,,,,,,,,,,,,1805,,5079,17-Feb-26,5079,17-Feb-26,30634,,,,,,,,,,,,,,,,,,,,,,,,,
51980,,542,water,,300,,,,,,,,,17-FEB-26 09.45.00.000000 PM,,,,,,,,,,,,,,1805,,5079,17-Feb-26,5079,17-Feb-26,,,,,,,,,,,,,,,,,,,,,,,,,,
51986,,,EBM,10,,,,,,,,,,18-FEB-26 10.00.00.000000 AM,,,,,,,,,,,,,,31302,,4927,18-Feb-26,4927,18-Feb-26,30421,,,,,,,,,,,,,,,,,,,,,,,,,
52014,,542,drink,,750,,,,,,,,,19-FEB-26 06.30.00.000000 PM,,,,,,,,,,,,,,35034,,4950,19-Feb-26,4950,19-Feb-26,30930,,,,,,,,,,,,,,,,,,,,,,,,,
51987,,,EBM,15,,,,,,,,,,18-FEB-26 11.00.00.000000 AM,,,,,,,,,,,,,,31302,,4927,18-Feb-26,4927,18-Feb-26,,,,,,,,,,,,,,,,,,,,,,,,,,
52015,,542,pap + water,,1000,,,,,,,,,19-FEB-26 07.30.00.000000 PM,,,,,,,,,,,,,,35034,,4950,19-Feb-26,4950,19-Feb-26,,,,,,,,,,,,,,,,,,,,,,,,,,
52016,,542,0.9% normal saline,,,500,,,,,,,,19-FEB-26 07.30.00.000000 PM,,,,,,,,,,,,,,35034,,4950,19-Feb-26,4950,19-Feb-26,,,,,,,,,,,,,,,,,,,,,,,,,,
52019,,542,water,,,200,,,,,,,,19-FEB-26 09.00.00.000000 PM,,,250,,,,,,,,,,,35102,,4950,19-Feb-26,4950,19-Feb-26,,,,,,,,,,,,,,,,,,,,,,,,,,
52021,,542,,,,,,,,,,,,19-FEB-26 07.00.00.000000 PM,,,300,,,,,,,,,,,32570,,4950,19-Feb-26,4950,19-Feb-26,30810,,,,,,,,,,,,,,,,,,,,,,,,,
52022,,542,5% D/s,,,500,,,,,,,,19-FEB-26 11.00.00.000000 PM,,,,,,,,,,,,,,32570,,4950,19-Feb-26,4950,19-Feb-26,,,,,,,,,,,,,,,,,,,,,,,,,,
52032,,542,water,,500,,,,,,,,,19-FEB-26 08.15.00.000000 PM,,,,,,,,,,,,,,35046,,4950,19-Feb-26,4950,19-Feb-26,,,,,,,,,,,,,,,,,,,,,,,,,,
52040,,,water,,500,,,,,,,,,20-FEB-26 02.00.00.000000 AM,,,,,,,,,,,,,,35046,,4953,20-Feb-26,4953,20-Feb-26,30782,,,,,,,,,,,,,,,,,,,,,,,,,
52041,,,water,,,500,,,,,,,,20-FEB-26 04.00.00.000000 AM,,,300,,,,,,,,,,,35046,,4953,20-Feb-26,4953,20-Feb-26,,,,,,,,,,,,,,,,,,,,,,,,,,
52043,,,,,,,,,,,,,,20-FEB-26 02.00.00.000000 AM,,,200,,,,,,,,,,,32570,,4953,20-Feb-26,4953,20-Feb-26,30810,,,,,,,,,,,,,,,,,,,,,,,,,
52044,,,,,,,,,,,,,,20-FEB-26 06.00.00.000000 AM,,,300,,,,,,,,,,,32570,,4953,20-Feb-26,4953,20-Feb-26,,,,,,,,,,,,,,,,,,,,,,,,,,
52045,,,,,,,,,,,,,,20-FEB-26 06.00.00.000000 AM,,,400,,,,,,,,,,,35034,,4953,20-Feb-26,4953,20-Feb-26,30930,,,,,,,,,,,,,,,,,,,,,,,,,
52062,,542,water,,500,,,,,,,,,20-FEB-26 02.00.00.000000 PM,,,,,,,,,,,,,,32570,,4961,20-Feb-26,4961,20-Feb-26,30810,,,,,,,,,,,,,,,,,,,,,,,,,
52063,,542,water,,500,,,,,,,,,20-FEB-26 02.00.00.000000 PM,,,,,,,,,,,,,,32570,,4961,20-Feb-26,4961,20-Feb-26,30810,,,,,,,,,,,,,,,,,,,,,,,,,
52064,,542,Tea and water,,200,,,,,,,,,20-FEB-26 10.00.00.000000 AM,,,,,,,,,,,,,,32570,,4961,20-Feb-26,4961,20-Feb-26,,,,,,,,,,,,,,,,,,,,,,,,,,
52069,,542,pap + water,,500,,,,,,,,,20-FEB-26 07.00.00.000000 PM,,,,,,,,,,,,,,35164,,4961,20-Feb-26,4961,20-Feb-26,31113,,,,,,,,,,,,,,,,,,,,,,,,,
52067,,542,0.9% normal saline,,,500,,,,,,,,20-FEB-26 06.15.00.000000 PM,,,,,,,,,,,,,,32570,,4961,20-Feb-26,4961,20-Feb-26,30810,,,,,,,,,,,,,,,,,,,,,,,,,
52068,,542,0.9% normal saline,,,500,,,,,,,,20-FEB-26 06.30.00.000000 PM,,,,,,,,,,,,,,35034,,4961,20-Feb-26,4961,20-Feb-26,30930,,,,,,,,,,,,,,,,,,,,,,,,,
52070,,542,0.9% normal saline,,,500,,,,,,,,20-FEB-26 07.00.00.000000 PM,,,,,,,,,,,,,,35164,,4961,20-Feb-26,4961,20-Feb-26,,,,,,,,,,,,,,,,,,,,,,,,,,
52071,,582,4.3%D/saline,,,500,,,,,,,,20-FEB-26 10.00.00.000000 PM,,,,,,,,,,,,,,35123,,5981,20-Feb-26,5981,20-Feb-26,30975,,,,,,,,,,,,,,,,,,,,,,,,,
52079,,542,,,,,,,,,,,,20-FEB-26 09.00.00.000000 PM,,,700,,,,,,,,,,,35102,,4950,20-Feb-26,4950,20-Feb-26,,,,,,,,,,,,,,,,,,,,,,,,,,
52073,,,,,,,,,,,,,,20-FEB-26 07.00.00.000000 PM,,,200,,,,,,,,,,,35123,,5981,20-Feb-26,5981,20-Feb-26,,,,,,,,,,,,,,,,,,,,,,,,,,
52074,,582,,,,,,,,,,,,20-FEB-26 06.30.00.000000 PM,,,350,,,,,,,,,,,35123,,5981,20-Feb-26,5981,20-Feb-26,30975,,,,,,,,,,,,,,,,,,,,,,,,,
52075,,582,,,,,,,,,,,,20-FEB-26 10.15.00.000000 PM,,,350,,,,,,,,,,,35123,,5981,20-Feb-26,5981,20-Feb-26,,,,,,,,,,,,,,,,,,,,,,,,,,
52076,,582,water,,400,,,,,,,,,20-FEB-26 07.45.00.000000 PM,,,,,,,,,,,,,,35123,,5981,20-Feb-26,5981,20-Feb-26,30975,,,,,,,,,,,,,,,,,,,,,,,,,
52077,,542,,,,,,,,,,,,20-FEB-26 05.00.00.000000 PM,,,500,,,,,,,,,,,32570,,4961,20-Feb-26,4961,20-Feb-26,30810,,,,,,,,,,,,,,,,,,,,,,,,,
52078,,542,5% Dextrose saline,,,500,,,,,,,,20-FEB-26 10.30.00.000000 PM,,,,,,,,,,,,,,35102,,4950,20-Feb-26,4950,20-Feb-26,30951,,,,,,,,,,,,,,,,,,,,,,,,,
52080,,542,ciprofloxacin ,,,100,,,,,,,,20-FEB-26 06.00.00.000000 PM,,,,,,,,,,,,,,35102,,4950,20-Feb-26,4950,20-Feb-26,,,,,,,,,,,,,,,,,,,,,,,,,,
52081,,542,flagyl,,,100,,,,,,,,20-FEB-26 10.00.00.000000 PM,,,,,,,,,,,,,,35102,,4950,20-Feb-26,4950,20-Feb-26,,,,,,,,,,,,,,,,,,,,,,,,,,
52083,,542,,,,,,,,,,,,21-FEB-26 01.00.00.000000 AM,,,600,,,,,,,,,,,32570,,4961,21-Feb-26,4961,21-Feb-26,30810,,,,,,,,,,,,,,,,,,,,,,,,,
52084,,542,,,,,,,,,,,,21-FEB-26 04.00.00.000000 AM,,,500,,,,,,,,,,,32570,,4961,21-Feb-26,4961,21-Feb-26,,,,,,,,,,,,,,,,,,,,,,,,,,
52085,,542,4.3% d/saline,,,500,,,,,,,,21-FEB-26 04.00.00.000000 AM,,,,,,,,,,,,,,35123,,4950,21-Feb-26,4950,21-Feb-26,30975,,,,,,,,,,,,,,,,,,,,,,,,,
51639,,542,5%D/S,,,500,,,,,,,,30-OCT-25 06.00.00.000000 PM,,,,,,,,,,,,,,3648,,6226,30-Oct-25,6226,30-Oct-25,27425,,,,,,,,,,,,,,,,,,,,,,,,,
51640,,,5% Ringers lactate,,,500,,,,,,,,31-OCT-25 12.00.00.000000 AM,,,,,,,,,,,,,,33941,,4927,31-Oct-25,4927,31-Oct-25,27494,,,,,,,,,,,,,,,,,,,,,,,,,
51641,,,water,,200,,,,,,,,,31-OCT-25 12.00.00.000000 AM,,,,,,,,,,,,,,33941,,4927,31-Oct-25,4927,31-Oct-25,27494,,,,,,,,,,,,,,,,,,,,,,,,,
51642,,582,0.9% normal saline,,,500,,,,,,,,31-OCT-25 12.00.00.000000 AM,,,500,,,,,,,,,,,3648,,4927,31-Oct-25,4927,31-Oct-25,27425,,,,,,,,,,,,,,,,,,,,,,,,,
51654,,,normal saline,,,500,,,,,,,,01-NOV-25 10.00.00.000000 AM,,,,,,,,,,,,,,8805,,6092,1-Nov-25,6092,1-Nov-25,,,,,,,,,,,,,,,,,,,,,,,,,,
51655,,,flagyl,,,100,,,,,,,,01-NOV-25 02.00.00.000000 PM,,,,,,,,,,,,,,8805,,6092,1-Nov-25,6092,1-Nov-25,27665,,,,,,,,,,,,,,,,,,,,,,,,,
51656,,,5% D/s,,,500,,,,,,,,01-NOV-25 02.15.00.000000 PM,,,,,,,,,,,,,,8805,,6092,1-Nov-25,6092,1-Nov-25,,,,,,,,,,,,,,,,,,,,,,,,,,
51658,,,5% D in 1/2 darrows,,,,,,,,,,,01-NOV-25 05.15.00.000000 PM,,,,,,,,,,,,,,33847,,5759,1-Nov-25,5759,1-Nov-25,27499,,,,,,,,,,,,,,,,,,,,,,,,,
51659,,,water,,50,,,,,,,,,01-NOV-25 05.00.00.000000 PM,,,,,,,,,,,,,,33847,,5759,1-Nov-25,5759,1-Nov-25,,,,,,,,,,,,,,,,,,,,,,,,,,
51666,,542,water,,500,,,,,,,,,02-NOV-25 12.30.00.000000 AM,,,,,,,,,,,,,,8791,,5990,2-Nov-25,5990,2-Nov-25,27671,,,,,,,,,,,,,,,,,,,,,,,,,
51671,,542,water,,,500,,,,,,,,02-NOV-25 01.30.00.000000 AM,,,,,,,,,,,,,,8791,,5990,2-Nov-25,5990,2-Nov-25,,,,,,,,,,,,,,,,,,,,,,,,,,
51672,,542,5% D in 1/2 Darrows,,,200,,,,,,,,02-NOV-25 12.00.00.000000 AM,,,,,,,,,,,,,,33847,,5759,2-Nov-25,5759,2-Nov-25,,,Brought forward,,,,,,,,,,,,,,,,,,,,,,,
51673,,542,5% D in 1/2 darrows,,,500,,,,,,,,02-NOV-25 09.00.00.000000 AM,,,,,,,,,,,,,,33847,,5981,2-Nov-25,5981,2-Nov-25,27499,,,,,,,,,,,,,,,,,,,,,,,,,
51674,,,N/S+6MLS MGSO4,,,500,,,,,,,,02-NOV-25 10.00.00.000000 AM,,,600,,,,,,,,,,,8791,,4633,2-Nov-25,4633,2-Nov-25,27671,,,,,,,,,,,,,,,,,,,,,,,,,
51675,,,water,,,750,,,,,,,,02-NOV-25 08.30.00.000000 AM,,,900,,,,,,,,,,,8791,,4633,2-Nov-25,4633,2-Nov-25,27671,,,,,,,,,,,,,,,,,,,,,,,,,
51715,,542,N/Saline,,,500,,,,,,,,05-DEC-25 01.30.00.000000 PM,,,,,,,,,,,,,,34413,,5926,5-Dec-25,5926,5-Dec-25,29364,,,,,,,,,,,,,,,,,,,,,,,,,
51743,,,,,,,,,,,,,,10-FEB-26 10.30.00.000000 AM,,,400,,,,,,,,,,,34438,,4580,10-Feb-26,4580,10-Feb-26,,,,,,,,,,,,,,,,,,,,,,,,,,
51746,,,R/L 450+50%DEX 50,,,500,,,,,,,,10-FEB-26 02.30.00.000000 PM,,,,,,,,,,,,,,34438,,4961,10-Feb-26,4961,10-Feb-26,29413,,,,,,,,,,,,,,,,,,,,,,,,,
51748,,542,,,,,,,,,,,,10-FEB-26 04.00.00.000000 PM,,,300,,,,,,,,,,,33768,,4625,10-Feb-26,4625,10-Feb-26,29650,,,,,,,,,,,,,,,,,,,,,,,,,
51751,,,,,,,,,,,,,,10-FEB-26 05.15.00.000000 PM,,,,150,,,,,,,,,,34438,,4961,10-Feb-26,4961,10-Feb-26,29413,,DRUG WITH INGESTED MEAL,,,,,,,,,,,,,,,,,,,,,,,
51752,,,water,,50,,,,,,,,,10-FEB-26 06.00.00.000000 PM,,,,,,,,,,,,,,34438,,4961,10-Feb-26,4961,10-Feb-26,,,,,,,,,,,,,,,,,,,,,,,,,,
51785,,,,,,,,,,,,,,11-FEB-26 05.00.00.000000 PM,,,200,,,,,,,,,,,33768,,5990,11-Feb-26,5990,11-Feb-26,,,,,,,,,,,,,,,,,,,,,,,,,,
51786,,,water,,200,,,,,,,,,11-FEB-26 05.15.00.000000 PM,,,,,,,,,,,,,,33768,,5990,11-Feb-26,5990,11-Feb-26,,,,,,,,,,,,,,,,,,,,,,,,,,
51806,,,,,,,,,,,,,,12-FEB-26 07.00.00.000000 PM,,,200,,,,,,,,,,,34647,,5990,12-Feb-26,5990,12-Feb-26,29748,,,,,,,,,,,,,,,,,,,,,,,,,
51781,,542,normal saline,,,500,,,,,,,,11-FEB-26 06.02.00.000000 PM,,,,,,,,,,,,,,33768,,5990,11-Feb-26,5990,11-Feb-26,29650,,,,,,,,,,,,,,,,,,,,,,,,,
51788,,,,,,,,,,,,,,11-FEB-26 05.15.00.000000 PM,,,200,,,,,,,,,,,34560,,5990,11-Feb-26,5990,11-Feb-26,29738,,,,,,,,,,,,,,,,,,,,,,,,,
51814,,582,5% dextrose saline,,,500,,,,,,,,12-FEB-26 09.00.00.000000 PM,,,,,,,,,,,,,,34062,,6111,12-Feb-26,6111,12-Feb-26,29948,,,,,,,,,,,,,,,,,,,,,,,,,
51815,,582,,,,,,,,,,,,12-FEB-26 09.30.00.000000 PM,,,100,,,,,,,,,,,34062,,6111,12-Feb-26,6111,12-Feb-26,,,bloody,,,,,,,,,,,,,,,,,,,,,,,
51816,,582,pap + water,,150,,,,,,,,,12-FEB-26 09.50.00.000000 PM,,,,,,,,,,,,,,34062,,6111,12-Feb-26,6111,12-Feb-26,,,,,,,,,,,,,,,,,,,,,,,,,,
51817,,582,,,,,,,,,,,,13-FEB-26 12.10.00.000000 AM,,,300,,,,,,,,,,,34062,,6111,13-Feb-26,6111,13-Feb-26,29948,,pink-tinged urine,,,,,,,,,,,,,,,,,,,,,,,
51823,,582,,,,,,,,,,,,13-FEB-26 08.29.00.000000 AM,,,,100,,,,,,,,,,34062,,6111,13-Feb-26,6111,13-Feb-26,29948,,Emesis,,,,,,,,,,,,,,,,,,,,,,,
51824,,,5% dextrose saline,,,500,,,,,,,,13-FEB-26 09.00.00.000000 AM,,,,,,,,,,,,,,34062,,4611,13-Feb-26,4611,13-Feb-26,29948,,,,,,,,,,,,,,,,,,,,,,,,,
51863,,542,5% D/s+0.9N/Saline,,,500,,,,,,,,14-FEB-26 12.00.00.000000 PM,,,,,,,,,,,,,,34810,,4512,14-Feb-26,4512,14-Feb-26,30154,,,,,,,,,,,,,,,,,,,,,,,,,
51883,,,water,,500,,,,,,,,,14-FEB-26 08.00.00.000000 PM,,,,,,,,,,,,,,656,,4633,14-Feb-26,4633,14-Feb-26,30162,,,,,,,,,,,,,,,,,,,,,,,,,
51886,,582,WATER,,1800,,,,,,,,,14-FEB-26 08.30.00.000000 PM,,,1200,,,,,,,,,,,8732,,5014,14-Feb-26,5014,14-Feb-26,,,,,,,,,,,,,,,,,,,,,,,,,,
51895,,,5% Dextrose saline,,,500,,,,,,,,15-FEB-26 01.45.00.000000 AM,,,300,,,,,,,,,,,449,,4633,15-Feb-26,5759,15-Feb-26,30166,,,,,,,,,,,,,,,,,,,,,,,,,
51896,,,5% Dextrose saline,,,500,,,,,,,,15-FEB-26 02.30.00.000000 AM,,,,,,,,,,,,,,449,,4633,15-Feb-26,5759,15-Feb-26,30166,,,,,,,,,,,,,,,,,,,,,,,,,
51915,,582,ciprofloxacin ,,,100,,,,,,,,15-FEB-26 01.00.00.000000 PM,,,,,,,,,,,,,,8732,,6092,15-Feb-26,6092,15-Feb-26,,,,,,,,,,,,,,,,,,,,,,,,,,
51916,,582,water,,200,,,,,,,,,15-FEB-26 02.00.00.000000 PM,,,400,,,,,,,,,,,656,,6092,15-Feb-26,6092,15-Feb-26,30162,,,,,,,,,,,,,,,,,,,,,,,,,
51917,,582,febramol,,,100,,,,,,,,15-FEB-26 02.15.00.000000 PM,,,,,,,,,,,,,,656,,6092,15-Feb-26,6092,15-Feb-26,30162,,,,,,,,,,,,,,,,,,,,,,,,,
51960,,542,5% D/s,,,500,,,,,,,,17-FEB-26 03.20.00.000000 AM,,,,,,,,,,,,,,34861,,5655,17-Feb-26,5655,17-Feb-26,30293,,,,,,,,,,,,,,,,,,,,,,,,,
51961,,542,,,,,,,,,,,,17-FEB-26 02.20.00.000000 AM,,,700,,,,,,,,,,,34861,,5655,17-Feb-26,5655,17-Feb-26,,,,,,,,,,,,,,,,,,,,,,,,,,
51964,,,4.3% d/saline 500,,,500,,,,,,,,17-FEB-26 11.00.00.000000 AM,,,,,,,,,,,,,,31954,,5990,17-Feb-26,5990,17-Feb-26,30426,,,,,,,,,,,,,,,,,,,,,,,,,
51965,,,,,,,,,,,,,,17-FEB-26 11.15.00.000000 AM,,,200,,,,,,,,,,,31954,,5990,17-Feb-26,5990,17-Feb-26,,,,,,,,,,,,,,,,,,,,,,,,,,
51966,,,water,,200,,,,,,,,,17-FEB-26 12.00.00.000000 PM,,,,,,,,,,,,,,31954,,5990,17-Feb-26,5990,17-Feb-26,,,,,,,,,,,,,,,,,,,,,,,,,,
51968,,,normal saline,,,500,,,,,,,,17-FEB-26 02.00.00.000000 PM,,,,,,,,,,,,,,31954,,5990,17-Feb-26,5990,17-Feb-26,,,,,,,,,,,,,,,,,,,,,,,,,,
51970,,,10%D/w,,,60,,,,,,,,17-FEB-26 10.00.00.000000 AM,,,,,,,,,,,,,,31302,,4611,17-Feb-26,4611,17-Feb-26,30421,,,,,,,,,,,,,,,,,,,,,,,,,
51983,,542,5% D/s,,,500,,,,,,,,18-FEB-26 03.30.00.000000 AM,,,,,,,,,,,,,,1805,,5079,18-Feb-26,5079,18-Feb-26,30634,,,,,,,,,,,,,,,,,,,,,,,,,
51988,,,10% dextrose,,,6,,,,,,,,18-FEB-26 11.15.00.000000 AM,,,,,,,,,,,,,,31302,,4927,18-Feb-26,4927,18-Feb-26,30421,,,,,,,,,,,,,,,,,,,,,,,,,
51999,,542,flagyl,,,100,,,,,,,,19-FEB-26 09.00.00.000000 AM,,,,,,,,,,,,,,35028,,5989,19-Feb-26,5989,19-Feb-26,,,,,,,,,,,,,,,,,,,,,,,,,,
52001,,542,ciprofloxacin,,,100,,,,,,,,19-FEB-26 09.00.00.000000 AM,,,,,,,,,,,,,,35028,,5989,19-Feb-26,5989,19-Feb-26,,,,,,,,,,,,,,,,,,,,,,,,,,
52009,,,flagyl,,,100,,,,,,,,19-FEB-26 05.00.00.000000 PM,,,,,,,,,,,,,,35102,,4953,19-Feb-26,4953,19-Feb-26,30951,,,,,,,,,,,,,,,,,,,,,,,,,
52010,,,0.9% normal saline,,,500,,,,,,,,19-FEB-26 05.30.00.000000 PM,,,,,,,,,,,,,,35102,,4953,19-Feb-26,4953,19-Feb-26,,,,,,,,,,,,,,,,,,,,,,,,,,
52011,,542,ciprofloxacin,,,100,,,,,,,,19-FEB-26 06.00.00.000000 PM,,,500,,,,,,,,,,,35102,,4953,19-Feb-26,4950,19-Feb-26,,,,,,,,,,,,,,,,,,,,,,,,,,
52012,,542,water,,300,,,,,,,,,19-FEB-26 05.30.00.000000 PM,,,300,,,,,,,,,,,32570,,4950,19-Feb-26,4950,19-Feb-26,30810,,,,,,,,,,,,,,,,,,,,,,,,,
52013,,542,water,,200,,,,,,,,,19-FEB-26 06.00.00.000000 PM,,,,,,,,,,,,,,32570,,4950,19-Feb-26,4950,19-Feb-26,,,,,,,,,,,,,,,,,,,,,,,,,,
52086,,,flagyl,,,100,,,,,,,,21-FEB-26 06.00.00.000000 AM,,,,,,,,,,,,,,35102,,4961,21-Feb-26,4961,21-Feb-26,,,,,,,,,,,,,,,,,,,,,,,,,,
52087,,,ciprofloxacin,,,100,,,,,,,,21-FEB-26 06.30.00.000000 AM,,,,,,,,,,,,,,35102,,4961,21-Feb-26,4961,21-Feb-26,,,,,,,,,,,,,,,,,,,,,,,,,,
52095,,542,normal saline,,,500,,,,,,,,21-FEB-26 08.00.00.000000 AM,,,,,,,,,,,,,,35164,,4633,21-Feb-26,4633,21-Feb-26,31113,,,,,,,,,,,,,,,,,,,,,,,,,
52103,,542,water,,400,,,,,,,,,21-FEB-26 09.00.00.000000 AM,,,,,,,,,,,,,,35164,,5759,21-Feb-26,5759,21-Feb-26,31113,,,,,,,,,,,,,,,,,,,,,,,,,
52104,,,5% D/s,,,500,,,,,,,,21-FEB-26 01.15.00.000000 PM,,,,,,,,,,,,,,35102,,5759,21-Feb-26,5759,21-Feb-26,30951,,,,,,,,,,,,,,,,,,,,,,,,,
52105,,542,flagyl,,,100,,,,,,,,21-FEB-26 02.30.00.000000 PM,,,,,,,,,,,,,,35102,,4633,21-Feb-26,4633,21-Feb-26,30951,,,,,,,,,,,,,,,,,,,,,,,,,
52119,,582,,,,,,,,,,,,21-FEB-26 08.45.00.000000 PM,,,300,,,,,,,,,,,35173,,6405,21-Feb-26,6405,21-Feb-26,,,clear,,,,,,,,,,,,,,,,,,,,,,,
52130,,,,,,,,,,,,,,22-FEB-26 01.30.00.000000 PM,,,200,,,,,,,,,,,32570,,4607,22-Feb-26,4607,22-Feb-26,,,clear,,,,,,,,,,,,,,,,,,,,,,,
52132,,542,water,,100,,,,,,,,,22-FEB-26 09.00.00.000000 AM,,,,,,,,,,,,,,35164,,4607,22-Feb-26,4607,22-Feb-26,31136,,,,,,,,,,,,,,,,,,,,,,,,,
52139,,,water,,250,,,,,,,,,22-FEB-26 08.30.00.000000 AM,,,,,,,,,,,,,,35102,,4651,22-Feb-26,4651,22-Feb-26,,,,,,,,,,,,,,,,,,,,,,,,,,
52140,,,pap and water,,200,,,,,,,,,22-FEB-26 02.30.00.000000 PM,,,,,,,,,,,,,,35102,,4651,22-Feb-26,4651,22-Feb-26,,,,,,,,,,,,,,,,,,,,,,,,,,
52141,,,water,,200,,,,,,,,,22-FEB-26 05.00.00.000000 PM,,,,,,,,,,,,,,35164,,5990,22-Feb-26,5990,22-Feb-26,31136,,,,,,,,,,,,,,,,,,,,,,,,,
52142,,,coke,,100,,,,,,,,,22-FEB-26 06.30.00.000000 PM,,,,,,,,,,,,,,35164,,5990,22-Feb-26,5990,22-Feb-26,,,,,,,,,,,,,,,,,,,,,,,,,,
52144,,,,,,,,,,,,,,22-FEB-26 10.00.00.000000 PM,,,200,,,,,,,,,,,35164,,5990,22-Feb-26,5990,22-Feb-26,,,,,,,,,,,,,,,,,,,,,,,,,,
52149,,,,,,,,,,,,,,23-FEB-26 08.30.00.000000 PM,,,400,,,,,,,,,,,35223,,5759,23-Feb-26,5759,23-Feb-26,31276,,,,,,,,,,,,,,,,,,,,,,,,,
52151,,,5% D/s,,,300,,,,,,,,23-FEB-26 06.15.00.000000 PM,,,,,,,,,,,,,,35245,,5759,23-Feb-26,5759,23-Feb-26,31332,,,,,,,,,,,,,,,,,,,,,,,,,
52152,,,flagyl,,,100,,,,,,,,23-FEB-26 10.00.00.000000 PM,,,,,,,,,,,,,,35102,,5759,23-Feb-26,5759,23-Feb-26,30951,,,,,,,,,,,,,,,,,,,,,,,,,
52153,,,5% Dextrose saline,,,500,,,,,,,,23-FEB-26 11.00.00.000000 PM,,,,,,,,,,,,,,35102,,5759,23-Feb-26,5759,23-Feb-26,,,,,,,,,,,,,,,,,,,,,,,,,,
52154,,,,,,,,,,,,,,23-FEB-26 11.00.00.000000 PM,,,450,,,,,,,,,,,35102,,5759,23-Feb-26,5759,23-Feb-26,,,,,,,,,,,,,,,,,,,,,,,,,,
52155,,,water,,500,,,,,,,,,23-FEB-26 09.30.00.000000 PM,,,,,,,,,,,,,,35102,,5759,23-Feb-26,5759,23-Feb-26,,,,,,,,,,,,,,,,,,,,,,,,,,
52156,,,,,,,,,,,,,,24-FEB-26 12.15.00.000000 AM,,,400,,,,,,,,,,,35245,,5759,24-Feb-26,5759,24-Feb-26,,,,,,,,,,,,,,,,,,,,,,,,,,
52157,,,n/saline+20mg diazep,,,500,,,,,,,,24-FEB-26 02.30.00.000000 AM,,,400,,,,,,,,,,,35245,,5759,24-Feb-26,5759,24-Feb-26,31332,,,,,,,,,,,,,,,,,,,,,,,,,
52158,,,n/saline+20mg diazep,,,200,,,,,,,,24-FEB-26 12.00.00.000000 AM,,,,,,,,,,,,,,35245,,5759,24-Feb-26,5759,24-Feb-26,,,Brought forward,,,,,,,,,,,,,,,,,,,,,,,
52163,,542,water,,50,,,,,,,,,24-FEB-26 06.00.00.000000 AM,,,,,,,,,,,,,,35102,,5759,24-Feb-26,5759,24-Feb-26,30951,,,,,,,,,,,,,,,,,,,,,,,,,
51645,,,ORS,,20,,,,,,,,,31-OCT-25 01.00.00.000000 PM,,,,,,,,,,,,,,33847,,4953,31-Oct-25,4953,31-Oct-25,27499,,,,,,,,,,,,,,,,,,,,,,,,,
51646,,,ORS,,100,,,,,,,,,31-OCT-25 02.00.00.000000 PM,,,,,,,,,,,,,,33847,,4953,31-Oct-25,4953,31-Oct-25,,,,,,,,,,,,,,,,,,,,,,,,,,
51657,,,,,,,,,,,,,,01-NOV-25 01.45.00.000000 PM,,,400,,,,,,,,,,,8805,,6092,1-Nov-25,6092,1-Nov-25,,,,,,,,,,,,,,,,,,,,,,,,,,
51716,,542,coca cola drinks,,250,,,,,,,,,05-DEC-25 06.00.00.000000 PM,,,200,,,,,,,,,,,34413,,6111,5-Dec-25,6111,5-Dec-25,29364,,,,,,,,,,,,,,,,,,,,,,,,,
51739,,,450ML R/L +50% DW,,,500,,,,,,,,10-FEB-26 05.00.00.000000 AM,,,,,,,,,,,,,,34438,,5079,10-Feb-26,5079,10-Feb-26,29413,,,,,,,,,,,,,,,,,,,,,,,,,
51756,,,pap +water,,350,,,,,,,,,10-FEB-26 07.00.00.000000 PM,,,,,,,,,,,,,,34438,,4961,10-Feb-26,4961,10-Feb-26,29413,,,,,,,,,,,,,,,,,,,,,,,,,
51762,,,water,,100,,,,,,,,,10-FEB-26 11.00.00.000000 PM,,,200,,,,,,,,,,,34438,,4961,10-Feb-26,4961,10-Feb-26,29413,,,,,,,,,,,,,,,,,,,,,,,,,
51770,,542,normal saline,,,500,,,,,,,,11-FEB-26 04.00.00.000000 AM,,,,,,,,,,,,,,33768,,5981,11-Feb-26,5981,11-Feb-26,,,,,,,,,,,,,,,,,,,,,,,,,,
51775,,,normal saline,,,1000,,,,,,,,11-FEB-26 09.30.00.000000 AM,,,,,,,,,,,,,,34428,,4611,11-Feb-26,4611,11-Feb-26,29399,,,,,,,,,,,,,,,,,,,,,,,,,
51827,,582,,,,,,,,,,,,13-FEB-26 10.00.00.000000 AM,,,50,,,,,,,,,,,8732,,4927,13-Feb-26,4927,13-Feb-26,30015,,,,,,,,,,,,,,,,,,,,,,,,,
51866,,582,,,,,,,,,,,,14-FEB-26 02.00.00.000000 PM,,,1000,,,,,,,,,,,8732,,4950,14-Feb-26,4950,14-Feb-26,30015,,,,,,,,,,,,,,,,,,,,,,,,,
52020,,542,water,,,200,,,,,,,,19-FEB-26 10.15.00.000000 PM,,,,,,,,,,,,,,35102,,4950,19-Feb-26,4950,19-Feb-26,,,,,,,,,,,,,,,,,,,,,,,,,,
52026,,542,5% D/s,,,500,,,,,,,,19-FEB-26 11.30.00.000000 AM,,,,,,,,,,,,,,35038,,4950,19-Feb-26,4950,19-Feb-26,,,,,,,,,,,,,,,,,,,,,,,,,,
51873,,542,normal saline,,,500,,,,,,,,14-FEB-26 02.45.00.000000 PM,,,500,,,,,,,,,,,34807,,4512,14-Feb-26,4512,14-Feb-26,30147,,,,,,,,,,,,,,,,,,,,,,,,,
52008,,542,5% D/s,,,500,,,,,,,,19-FEB-26 05.15.00.000000 PM,,,,,,,,,,,,,,32570,,4953,19-Feb-26,4953,19-Feb-26,30810,,,,,,,,,,,,,,,,,,,,,,,,,
52027,,542,water,,1500,,,,,,,,,19-FEB-26 07.00.00.000000 PM,,,500,,,,,,,,,,,35038,,4950,19-Feb-26,4950,19-Feb-26,,,,,,,,,,,,,,,,,,,,,,,,,,
52035,,542,water,,200,,,,,,,,,20-FEB-26 01.15.00.000000 AM,,,500,,,,,,,,,,,35034,,4953,20-Feb-26,4953,20-Feb-26,30930,,clear,,,,,,,,,,,,,,,,,,,,,,,
52037,,,,,,,,,,,,,,20-FEB-26 03.00.00.000000 AM,,,300,,,,,,,,,,,35102,,4953,20-Feb-26,4953,20-Feb-26,30951,,,,,,,,,,,,,,,,,,,,,,,,,
52038,,,0.9% normal saline,,,500,,,,,,,,20-FEB-26 04.00.00.000000 AM,,,,,,,,,,,,,,35102,,4953,20-Feb-26,4953,20-Feb-26,,,,,,,,,,,,,,,,,,,,,,,,,,
52039,,,ciprofloxacin,,,100,,,,,,,,20-FEB-26 06.00.00.000000 AM,,,,,,,,,,,,,,35102,,4953,20-Feb-26,4953,20-Feb-26,30951,,,,,,,,,,,,,,,,,,,,,,,,,
52042,,,,,,,,,,,,,,20-FEB-26 05.00.00.000000 AM,,,500,,,,,,,,,,,35038,,4953,20-Feb-26,4953,20-Feb-26,30749,,,,,,,,,,,,,,,,,,,,,,,,,
52050,,542,,,,,,,,,,,,20-FEB-26 12.30.00.000000 PM,,,300,,,,,,,,,,,35034,,4580,20-Feb-26,4580,20-Feb-26,30930,,,,,,,,,,,,,,,,,,,,,,,,,
52052,,,N/Saline,,,500,,,,,,,,20-FEB-26 09.30.00.000000 AM,,,,,,,,,,,,,,32570,,4580,20-Feb-26,4580,20-Feb-26,30810,,,,,,,,,,,,,,,,,,,,,,,,,
52054,,542,water,,,500,,,,,,,,20-FEB-26 11.00.00.000000 AM,,,300,,,,,,,,,,,32570,,4580,20-Feb-26,4580,20-Feb-26,,,,,,,,,,,,,,,,,,,,,,,,,,
52089,,,5% D/Saline,,,500,,,,,,,,21-FEB-26 04.00.00.000000 AM,,,,,,,,,,,,,,35102,,4961,21-Feb-26,4961,21-Feb-26,,,,,,,,,,,,,,,,,,,,,,,,,,
52094,,542,5% Dextrose saline,,,500,,,,,,,,21-FEB-26 08.00.00.000000 AM,,,,,,,,,,,,,,35102,,5655,21-Feb-26,5655,21-Feb-26,30951,,,,,,,,,,,,,,,,,,,,,,,,,
52096,,,5% D/s,,,500,,,,,,,,21-FEB-26 10.00.00.000000 AM,,,300,,,,,,,,,,,32570,,5759,21-Feb-26,5759,21-Feb-26,,,,,,,,,,,,,,,,,,,,,,,,,,
52129,,542,Tea and water,,300,,,,,,,,,22-FEB-26 10.00.00.000000 AM,,,,,,,,,,,,,,32570,,4607,22-Feb-26,4607,22-Feb-26,30810,,,,,,,,,,,,,,,,,,,,,,,,,
52169,,542,,,,,,,,,,,,24-FEB-26 01.15.00.000000 PM,,,500,,,,,,,,,,,35245,,5926,24-Feb-26,5926,24-Feb-26,,,,,,,,,,,,,,,,,,,,,,,,,,
52178,,,N/Saline+20i.u oxyto,,,500,,,,,,,,24-FEB-26 10.15.00.000000 PM,,,300,,,,,,,,,,,31302,,4633,24-Feb-26,4633,24-Feb-26,30421,,,,,,,,,,,,,,,,,,,,,,,,,
52170,,542,water,,1500,,,,,,,,,24-FEB-26 03.30.00.000000 PM,,,750,,,,,,,,,,,35164,,5926,24-Feb-26,5926,24-Feb-26,31173,,,,,,,,,,,,,,,,,,,,,,,,,
52186,,,n/saline+20mg diazep,,,500,,,,,,,,25-FEB-26 05.00.00.000000 AM,,,,,,,,,,,,,,35245,,5759,25-Feb-26,5759,25-Feb-26,,,,,,,,,,,,,,,,,,,,,,,,,,
52183,,542,,,,,,,,,,,,25-FEB-26 12.15.00.000000 AM,,,200,,,,,,,,,,,35245,,5759,25-Feb-26,5759,25-Feb-26,,,,,,,,,,,,,,,,,,,,,,,,,,
52193,,542,5% D/s + 20mg diazep,,,500,,,,,,,,25-FEB-26 10.00.00.000000 AM,,,,,,,,,,,,,,35245,,4950,25-Feb-26,4950,25-Feb-26,31332,,,,,,,,,,,,,,,,,,,,,,,,,
52187,,,water,,300,,,,,,,,,25-FEB-26 12.30.00.000000 AM,,,,,,,,,,,,,,35245,,5759,25-Feb-26,5759,25-Feb-26,,,,,,,,,,,,,,,,,,,,,,,,,,
52188,,542,,,,,,,,,,,,25-FEB-26 06.00.00.000000 AM,,,200,,,,,,,,,,,35245,,5759,25-Feb-26,5759,25-Feb-26,31332,,,,,,,,,,,,,,,,,,,,,,,,,
52190,,603,flagyl ,,,100,,,,,,,,25-FEB-26 06.00.00.000000 AM,,,300,,,,,,,,,,,35102,,5079,25-Feb-26,5079,25-Feb-26,,,,,,,,,,,,,,,,,,,,,,,,,,
52191,,603,BLOOD,,,450,,,,,,,,25-FEB-26 12.00.00.000000 AM,,,,,,,,,,,,,,35102,,5079,25-Feb-26,5079,25-Feb-26,,,,,,,,,,,,,,,,,,,,,,,,,,
52194,,542,water,,100,,,,,,,,,25-FEB-26 09.30.00.000000 AM,,,,,,,,,,,,,,35245,,4950,25-Feb-26,4950,25-Feb-26,,,,,,,,,,,,,,,,,,,,,,,,,,
52195,,603,,,,,,,,,,,,25-FEB-26 10.00.00.000000 AM,,,80,,,,,,,,,,,35102,,4961,25-Feb-26,4961,25-Feb-26,30951,,,,,,,,,,,,,,,,,,,,,,,,,
52196,,603,5% D/S,,,500,,,,,,,,25-FEB-26 09.00.00.000000 AM,,,,,,,,,,,,,,35102,,4961,25-Feb-26,4961,25-Feb-26,,,,,,,,,,,,,,,,,,,,,,,,,,
52197,,603,NORMAL SALINE,,,500,,,,,,,,25-FEB-26 11.30.00.000000 AM,,,,,,,,,,,,,,35102,,4961,25-Feb-26,4961,25-Feb-26,,,,,,,,,,,,,,,,,,,,,,,,,,
52198,,542,0.9% normal saline,,,500,,,,,,,,25-FEB-26 11.15.00.000000 AM,,,,,,,,,,,,,,35315,,4950,25-Feb-26,4950,25-Feb-26,31526,,,,,,,,,,,,,,,,,,,,,,,,,
52201,,542,water,,300,,,,,,,,,25-FEB-26 12.15.00.000000 PM,,,,,,,,,,,,,,35245,,4950,25-Feb-26,4950,25-Feb-26,31332,,,,,,,,,,,,,,,,,,,,,,,,,
52203,,,flagyl ,,,100,,,,,,,,25-FEB-26 02.00.00.000000 PM,,,,,,,,,,,,,,35102,,5501,25-Feb-26,5501,25-Feb-26,30951,,,,,,,,,,,,,,,,,,,,,,,,,
52204,,542,,,400,,,,,,,,,25-FEB-26 03.00.00.000000 PM,,,,,,,,,,,,,,35315,,4950,25-Feb-26,4950,25-Feb-26,31526,,,,,,,,,,,,,,,,,,,,,,,,,
52205,,542,,,,,,,,,,,,25-FEB-26 03.15.00.000000 PM,,,,300,,,,,,,,,,35245,,4950,25-Feb-26,4950,25-Feb-26,31332,,,,,,,,,,,,,,,,,,,,,,,,,
52208,,542,,,,,,,,,,,,25-FEB-26 08.15.00.000000 PM,,,,300,,,,,,,,,,35315,,5655,25-Feb-26,5655,25-Feb-26,31526,,,,,,,,,,,,,,,,,,,,,,,,,
52220,,542,,,,,,,,,,,,26-FEB-26 02.15.00.000000 AM,,,200,,,,,,,,,,,35315,,6117,26-Feb-26,6117,26-Feb-26,31526,,,,,,,,,,,,,,,,,,,,,,,,,
52221,,,normal saline,,,500,,,,,,,,26-FEB-26 02.45.00.000000 AM,,,,,,,,,,,,,,35315,,6117,26-Feb-26,6117,26-Feb-26,31526,,,,,,,,,,,,,,,,,,,,,,,,,
52222,,542,febramol,,,100,,,,,,,,26-FEB-26 06.00.00.000000 AM,,,,,,,,,,,,,,35315,,6117,26-Feb-26,6117,26-Feb-26,31526,,,,,,,,,,,,,,,,,,,,,,,,,
52223,,542,5% D/s,,,500,,,,,,,,26-FEB-26 06.45.00.000000 AM,,,,,,,,,,,,,,35315,,6117,26-Feb-26,6117,26-Feb-26,,,,,,,,,,,,,,,,,,,,,,,,,,
52228,,542,N/Saline,,,500,,,,,,,,27-FEB-26 06.00.00.000000 PM,,,,,,,,,,,,,,30090,,4607,27-Feb-26,4607,27-Feb-26,31623,,,,,,,,,,,,,,,,,,,,,,,,,
52229,,,flagyl ,,,,,,,,,,,27-FEB-26 06.00.00.000000 PM,,,,,,,,,,,,,,35102,,5501,27-Feb-26,5501,27-Feb-26,30951,,,,,,,,,,,,,,,,,,,,,,,,,
52230,,542,,,,,,,,,,,,27-FEB-26 12.00.00.000000 AM,,,500,,,,,,,,,,,30090,,4607,27-Feb-26,4607,27-Feb-26,31623,,,,,,,,,,,,,,,,,,,,,,,,,
52231,,542,N/Saline,,,500,,,,,,,,28-FEB-26 12.30.00.000000 PM,,,,,,,,,,,,,,5108,,6405,28-Feb-26,6405,28-Feb-26,31939,,Fast,,,,,,,,,,,,,,,,,,,,,,,
52232,,542,N/Saline,,,500,,,,,,,,28-FEB-26 12.30.00.000000 PM,,,,,,,,,,,,,,5108,,6405,28-Feb-26,6405,28-Feb-26,,,Fast,,,,,,,,,,,,,,,,,,,,,,,
52234,,,N/Saline,,,1000,,,,,,,,28-FEB-26 02.00.00.000000 PM,,,,,,,,,,,,,,5108,,6405,28-Feb-26,6405,28-Feb-26,31939,,fast,,,,,,,,,,,,,,,,,,,,,,,
52235,,542,N/Saline,,,500,,,,,,,,28-FEB-26 02.15.00.000000 PM,,,,,,,,,,,,,,5108,,6405,28-Feb-26,6405,28-Feb-26,31939,,fast,,,,,,,,,,,,,,,,,,,,,,,
52236,,542,N/Saline,,,1000,,,,,,,,28-FEB-26 02.30.00.000000 PM,,,,,,,,,,,,,,5108,,6405,28-Feb-26,6405,28-Feb-26,31939,,fast,,,,,,,,,,,,,,,,,,,,,,,
52237,,542,N/Saline,,,500,,,,,,,,28-FEB-26 03.15.00.000000 PM,,,,,,,,,,,,,,5108,,6405,28-Feb-26,6405,28-Feb-26,31939,,to drop for 1 hour,,,,,,,,,,,,,,,,,,,,,,,
52238,,542,,,,,,,,,,,,28-FEB-26 04.00.00.000000 PM,,,750,,,,,,,,,,,5108,,6405,28-Feb-26,6405,28-Feb-26,31939,,clear,,,,,,,,,,,,,,,,,,,,,,,
52242,,,IV FEBRAMOL,,,100,,,,,,,,28-FEB-26 10.15.00.000000 PM,,,,,,,,,,,,,,5108,,6092,28-Feb-26,6092,28-Feb-26,,,,,,,,,,,,,,,,,,,,,,,,,,
52243,,,normal saline,,,500,,,,,,,,01-MAR-26 12.00.00.000000 AM,,,,,,,,,,,,,,5108,,6092,1-Mar-26,6092,1-Mar-26,31939,,,,,,,,,,,,,,,,,,,,,,,,,
52244,,,,,,,,,,,,,,01-MAR-26 03.15.00.000000 AM,,,600,,,,,,,,,,,5108,,6092,1-Mar-26,6092,1-Mar-26,,,,,,,,,,,,,,,,,,,,,,,,,,
52245,,,normal saline,,,500,,,,,,,,01-MAR-26 04.30.00.000000 AM,,,,,,,,,,,,,,5108,,6092,1-Mar-26,6092,1-Mar-26,31939,,,,,,,,,,,,,,,,,,,,,,,,,
52246,,,,,,,,,,,,,,01-MAR-26 08.15.00.000000 AM,,,300,,,,,,,,,,,5108,,6092,1-Mar-26,6092,1-Mar-26,31939,,,,,,,,,,,,,,,,,,,,,,,,,
52248,,,febramol,,,100,,,,,,,,01-MAR-26 11.30.00.000000 AM,,,,,,,,,,,,,,5108,,6430,1-Mar-26,6430,1-Mar-26,31939,,,,,,,,,,,,,,,,,,,,,,,,,
52249,,,normal saline,,,500,,,,,,,,01-MAR-26 02.00.00.000000 PM,,,,,,,,,,,,,,5108,,6405,1-Mar-26,6405,1-Mar-26,31939,,,,,,,,,,,,,,,,,,,,,,,,,
52250,,,,,,,,,,,,,,01-MAR-26 04.00.00.000000 PM,,,400,,,,,,,,,,,5108,,5759,1-Mar-26,5759,1-Mar-26,31939,,,,,,,,,,,,,,,,,,,,,,,,,
52251,,542,normal saline,,,500,,,,,,,,01-MAR-26 06.30.00.000000 PM,,,,,,,,,,,,,,5108,,4950,1-Mar-26,4950,1-Mar-26,31939,,,,,,,,,,,,,,,,,,,,,,,,,
52253,,542,,,,,,,,,,,,01-MAR-26 11.30.00.000000 PM,,,400,,,,,,,,,,,5108,,4950,1-Mar-26,4950,1-Mar-26,31939,,,,,,,,,,,,,,,,,,,,,,,,,
52254,,542,normal saline,,,500,,,,,,,,01-MAR-26 11.30.00.000000 PM,,,,,,,,,,,,,,5108,,4950,1-Mar-26,4950,1-Mar-26,,,,,,,,,,,,,,,,,,,,,,,,,,
52255,,542,0.9% normal saline,,,500,,,,,,,,02-MAR-26 03.00.00.000000 AM,,,,,,,,,,,,,,5108,,4950,2-Mar-26,4950,2-Mar-26,31939,,,,,,,,,,,,,,,,,,,,,,,,,
52256,,542,normal saline,,,500,,,,,,,,02-MAR-26 07.00.00.000000 AM,,,,,,,,,,,,,,5108,,4950,2-Mar-26,4950,2-Mar-26,31939,,,,,,,,,,,,,,,,,,,,,,,,,
52260,,542,5% D/s,,,500,,,,,,,,02-MAR-26 01.45.00.000000 PM,,,,,,,,,,,,,,35444,,5981,2-Mar-26,5981,2-Mar-26,31981,,,,,,,,,,,,,,,,,,,,,,,,,
52261,,542,flagyl,,,100,,,,,,,,02-MAR-26 01.35.00.000000 PM,,,,,,,,,,,,,,35472,,5981,2-Mar-26,5981,2-Mar-26,32086,,,,,,,,,,,,,,,,,,,,,,,,,
52262,,,ciprofloxacin,,,100,,,,,,,,02-MAR-26 01.45.00.000000 PM,,,,,,,,,,,,,,35472,,5981,2-Mar-26,5981,2-Mar-26,,,,,,,,,,,,,,,,,,,,,,,,,,
52263,,542,5% D/s,,,500,,,,,,,,02-MAR-26 03.30.00.000000 PM,,,,,,,,,,,,,,35472,,5981,2-Mar-26,5981,2-Mar-26,32086,,,,,,,,,,,,,,,,,,,,,,,,,
52264,,542,5% D/s,,,500,,,,,,,,02-MAR-26 06.00.00.000000 PM,,,400,,,,,,,,,,,35444,,4950,2-Mar-26,4950,2-Mar-26,31981,,,,,,,,,,,,,,,,,,,,,,,,,
52299,,,normal saline,,,500,,,,,,,,04-MAR-26 05.00.00.000000 PM,,,,,,,,,,,,,,35588,,6068,4-Mar-26,6068,4-Mar-26,32407,,,,,,,,,,,,,,,,,,,,,,,,,
52301,,542,,,,,,,,,,,,04-MAR-26 06.15.00.000000 PM,,,,20,,,,,,,,,,35593,,4633,4-Mar-26,4633,4-Mar-26,,,,,,,,,,,,,,,,,,,,,,,,,,
52319,,,PCM,,,100,,,,,,,,06-MAR-26 11.15.00.000000 AM,,,,,,,,,,,,,,35698,,4611,6-Mar-26,4611,6-Mar-26,,,,,,,,,,,,,,,,,,,,,,,,,,
52320,,,flagyl,,,100,,,,,,,,06-MAR-26 11.30.00.000000 AM,,,,,,,,,,,,,,35698,,4611,6-Mar-26,4611,6-Mar-26,,,,,,,,,,,,,,,,,,,,,,,,,,
52321,,,ciprofloxacin,,,100,,,,,,,,06-MAR-26 11.30.00.000000 AM,,,,,,,,,,,,,,35698,,4611,6-Mar-26,4611,6-Mar-26,,,,,,,,,,,,,,,,,,,,,,,,,,
52322,,542,water,,600,,,,,,,,,06-MAR-26 11.30.00.000000 AM,,,,,,,,,,,,,,35698,,4611,6-Mar-26,4611,6-Mar-26,,,,,,,,,,,,,,,,,,,,,,,,,,
52333,,,,,,,,,,,,,,07-MAR-26 03.15.00.000000 AM,,,400,,,,,,,,,,,35698,,5655,7-Mar-26,5655,7-Mar-26,,,,,,,,,,,,,,,,,,,,,,,,,,
52335,,582,iv ciprofloxacin,,,100,,,,,,,,07-MAR-26 03.15.00.000000 PM,,,,,,,,,,,,,,35698,,6405,7-Mar-26,6405,7-Mar-26,32719,,,,,,,,,,,,,,,,,,,,,,,,,
52353,,582,,,,,,,,,,,,08-MAR-26 02.30.00.000000 PM,,,150,,,,,,,,,,,35748,,6068,8-Mar-26,6068,8-Mar-26,32893,,,,,,,,,,,,,,,,,,,,,,,,,
52355,,542,METRONIDAZOLE,,,500,,,,,,,,08-MAR-26 03.15.00.000000 PM,,,,,,,,,,,,,,30909,,6433,8-Mar-26,6433,8-Mar-26,32886,,,,,,,,,,,,,,,,,,,,,,,,,
52400,,,water,,350,,,,,,,,,09-MAR-26 03.30.00.000000 PM,,,,,,,,,,,,,,30909,,4953,9-Mar-26,4953,9-Mar-26,,,,,,,,,,,,,,,,,,,,,,,,,,
52370,,542,,,,,,,,,,,,08-MAR-26 07.00.00.000000 PM,,,350,,,,,,,,,,,35698,,6431,8-Mar-26,6431,8-Mar-26,,,,,,,,,,,,,,,,,,,,,,,,,,
52411,,,pap + water,,200,,,,,,,,,09-MAR-26 08.00.00.000000 PM,,,400,,,,,,,,,,,30909,,6427,9-Mar-26,6427,9-Mar-26,,,,,,,,,,,,,,,,,,,,,,,,,,
52421,,582,Water,,300,,,,,,,,,09-MAR-26 07.30.00.000000 PM,,,,,,,,,,,,,,31276,,6405,9-Mar-26,6405,9-Mar-26,,,,,,,,,,,,,,,,,,,,,,,,,,
52426,,,R/L+50MLS 50%D,,,500,,,,,,,,10-MAR-26 08.15.00.000000 AM,,,200,,,,,,,,,,,35816,,6445,10-Mar-26,6445,10-Mar-26,33103,,,,,,,,,,,,,,,,,,,,,,,,,
52428,,582,5% Dextrose saline,,,500,,,,,,,,10-MAR-26 08.00.00.000000 AM,,,,,,,,,,,,,,31276,,6405,10-Mar-26,6405,10-Mar-26,,,to run for 8 hours,,,,,,,,,,,,,,,,,,,,,,,
52432,,542,water,,300,,,,,,,,,10-MAR-26 03.00.00.000000 PM,,,300,,,,,,,,,,,35816,,5079,10-Mar-26,5079,10-Mar-26,33103,,,,,,,,,,,,,,,,,,,,,,,,,
52435,,542,,,,,,,,,,,,11-MAR-26 12.15.00.000000 AM,,,,100,,,,,,,,,,35816,,6405,11-Mar-26,6405,11-Mar-26,,,vomitus,,,,,,,,,,,,,,,,,,,,,,,
52443,,,Febramol,,,100,,,,,,,,11-MAR-26 02.00.00.000000 PM,,,,,,,,,,,,,,35875,,5759,11-Mar-26,5759,11-Mar-26,33295,,,,,,,,,,,,,,,,,,,,,,,,,
52444,,542,0.9% normal saline,,,500,,,,,,,,11-MAR-26 01.15.00.000000 PM,,,,,,,,,,,,,,35596,,5759,11-Mar-26,5759,11-Mar-26,33314,,,,,,,,,,,,,,,,,,,,,,,,,
52445,,542,5% D/s,,,500,,,,,,,,11-MAR-26 01.45.00.000000 PM,,,,,,,,,,,,,,35596,,5759,11-Mar-26,5759,11-Mar-26,,,,,,,,,,,,,,,,,,,,,,,,,,
52462,,542,,,,,,,,,,,,11-MAR-26 08.30.00.000000 PM,,,,100,,,,,,,,,,35596,,4950,11-Mar-26,4950,11-Mar-26,,,,,,,,,,,,,,,,,,,,,,,,,,
52484,,,normal saline,,,500,,,,,,,,12-MAR-26 02.00.00.000000 AM,,,300,,,,,,,,,,,35886,,4953,12-Mar-26,4953,12-Mar-26,33329,,,,,,,,,,,,,,,,,,,,,,,,,
52485,,,,,,,,,,,,,,12-MAR-26 06.00.00.000000 AM,,,400,,,,,,,,,,,35886,,4953,12-Mar-26,4953,12-Mar-26,,,,,,,,,,,,,,,,,,,,,,,,,,
52496,,582,,,500,,,,,,,,,12-MAR-26 12.00.00.000000 PM,,,,,,,,,,,,,,35822,,5501,12-Mar-26,5501,12-Mar-26,33344,,,,,,,,,,,,,,,,,,,,,,,,,
52502,,582,water,,300,,,,,,,,,12-MAR-26 03.15.00.000000 PM,,,200,,,,,,,,,,,35886,,5501,12-Mar-26,5501,12-Mar-26,33329,,clear,,,,,,,,,,,,,,,,,,,,,,,
52504,,,,,,,,,,,,,,12-MAR-26 04.30.00.000000 PM,,,150,,,,,,,,,,,35822,,5501,12-Mar-26,5501,12-Mar-26,33344,,,,,,,,,,,,,,,,,,,,,,,,,
52505,,542,water,,300,,,,,,,,,12-MAR-26 10.00.00.000000 AM,,,200,,,,,,,,,,,35816,,5014,12-Mar-26,5014,12-Mar-26,33343,,,,,,,,,,,,,,,,,,,,,,,,,
52511,,542,,,,,,,,,,,,12-MAR-26 03.30.00.000000 PM,,,400,,,,,,,,,,,35875,,5014,12-Mar-26,5014,12-Mar-26,,,,,,,,,,,,,,,,,,,,,,,,,,
52513,,,,,,,,,,,,,,12-MAR-26 05.00.00.000000 PM,,,100,200,,,,,,,,,,35816,,4927,12-Mar-26,4927,12-Mar-26,33343,,,,,,,,,,,,,,,,,,,,,,,,,
52526,,582,0.9% N/saline,,,500,,,,,,,,12-MAR-26 11.00.00.000000 PM,,,,,,,,,,,,,,35886,,6433,12-Mar-26,6433,12-Mar-26,,,,,,,,,,,,,,,,,,,,,,,,,,
52530,,542,,,,,,,,,,,,12-MAR-26 09.30.00.000000 PM,,,100,,,,,,,,,,,34890,,6068,12-Mar-26,6068,12-Mar-26,33555,,,,,,,,,,,,,,,,,,,,,,,,,
52533,,542,water,,100,,,,,,,,,12-MAR-26 11.00.00.000000 PM,,,,,,,,,,,,,,35875,,6068,12-Mar-26,6068,12-Mar-26,,,,,,,,,,,,,,,,,,,,,,,,,,
52547,,,normal saline+20 i.u,,,500,,,,,,,,13-MAR-26 01.15.00.000000 PM,,,,,,,,,,,,,,35917,,4937,13-Mar-26,4937,13-Mar-26,33445,,,,,,,,,,,,,,,,,,,,,,,,,
52548,,,febramol,,,100,,,,,,,,13-MAR-26 12.15.00.000000 PM,,,,,,,,,,,,,,35917,,4937,13-Mar-26,4937,13-Mar-26,,,,,,,,,,,,,,,,,,,,,,,,,,
52589,,,water,,500,,,,,,,,,14-MAR-26 06.00.00.000000 PM,,,,,,,,,,,,,,35983,,5501,14-Mar-26,5501,14-Mar-26,,,,,,,,,,,,,,,,,,,,,,,,,,
52590,,,,,,,,,,,,,,14-MAR-26 06.00.00.000000 PM,,,350,,,,,,,,,,,35983,,5501,14-Mar-26,5501,14-Mar-26,,,,,,,,,,,,,,,,,,,,,,,,,,
52591,,,normal saline,,,200,,,,,,,,14-MAR-26 10.30.00.000000 PM,,,,,,,,,,,,,,35917,,4633,14-Mar-26,4633,14-Mar-26,33723,,,,,,,,,,,,,,,,,,,,,,,,,
52592,,,Pap+water,,200,,,,,,,,,14-MAR-26 09.00.00.000000 PM,,,,,,,,,,,,,,35917,,4633,14-Mar-26,4633,14-Mar-26,,,,,,,,,,,,,,,,,,,,,,,,,,
52593,,,water,,200,,,,,,,,,14-MAR-26 07.00.00.000000 PM,,,,,,,,,,,,,,35917,,4633,14-Mar-26,4633,14-Mar-26,,,,,,,,,,,,,,,,,,,,,,,,,,
52604,,582,febramol,,,300,,,,,,,,15-MAR-26 03.00.00.000000 PM,,,100,,,,,,,,,,,35983,,5482,15-Mar-26,5482,15-Mar-26,,,,,,,,,,,,,,,,,,,,,,,,,,
52610,,582,,,,,,,,,,,,15-MAR-26 10.00.00.000000 PM,,,200,,,,,,,,,,,35999,,5501,15-Mar-26,5501,15-Mar-26,33761,,,,,,,,,,,,,,,,,,,,,,,,,
52618,,582,Metronidazole,,,50,,,,,,,,16-MAR-26 06.30.00.000000 AM,,,,,,,,,,,,,,35983,,5501,16-Mar-26,5501,16-Mar-26,33754,,,,,,,,,,,,,,,,,,,,,,,,,
52619,,,5% D/s,,,500,,,,,,,,16-MAR-26 07.15.00.000000 AM,,,,,,,,,,,,,,35999,,5501,16-Mar-26,5501,16-Mar-26,33761,,,,,,,,,,,,,,,,,,,,,,,,,
52634,,542,5% D/Saline,,250,500,,,,,,,,16-MAR-26 01.45.00.000000 PM,,,50,,,,,,,,,,,36003,,6446,16-Mar-26,6446,16-Mar-26,33778,,,,,,,,,,,,,,,,,,,,,,,,,
52661,,582,febramol,,,1000,,,,,,,,17-MAR-26 02.00.00.000000 AM,,,,,,,,,,,,,,36000,,6442,17-Mar-26,6442,17-Mar-26,33767,,,,,,,,,,,,,,,,,,,,,,,,,
52645,,542,water,,500,,,,,,,,,16-MAR-26 09.03.00.000000 PM,,,,,,,,,,,,,,33428,,5655,16-Mar-26,5655,16-Mar-26,,,,,,,,,,,,,,,,,,,,,,,,,,
52649,,542,normal saline,,,500,,,,,,,,16-MAR-26 10.15.00.000000 PM,,,,,,,,,,,,,,36003,,5655,16-Mar-26,5655,16-Mar-26,,,,,,,,,,,,,,,,,,,,,,,,,,
52662,,582,METRONIDAZOLE,,,500,,,,,,,,17-MAR-26 02.00.00.000000 AM,,,,,,,,,,,,,,36000,,6442,17-Mar-26,6442,17-Mar-26,33767,,,,,,,,,,,,,,,,,,,,,,,,,
52663,,582,,,,,,,,,,,,17-MAR-26 03.00.00.000000 AM,,,200,,,,,,,,,,,35999,,6117,17-Mar-26,6117,17-Mar-26,33761,,,,,,,,,,,,,,,,,,,,,,,,,
52670,,542,,,,,,,,,,,,17-MAR-26 06.00.00.000000 AM,,,700,,,,,,,,,,,36003,,5655,17-Mar-26,5655,17-Mar-26,,,,,,,,,,,,,,,,,,,,,,,,,,
52674,,542,water,,1000,,,,,,,,,17-MAR-26 06.15.00.000000 AM,,,,,,,,,,,,,,33428,,5655,17-Mar-26,5655,17-Mar-26,,,,,,,,,,,,,,,,,,,,,,,,,,
52699,,582,Metronidazole ,,,100,,,,,,,,17-MAR-26 02.30.00.000000 PM,,,,,,,,,,,,,,36000,,6405,17-Mar-26,6405,17-Mar-26,,,,,,,,,,,,,,,,,,,,,,,,,,
52718,,,water,,300,,,,,,,,,17-MAR-26 09.15.00.000000 PM,,,,,,,,,,,,,,33428,,6092,17-Mar-26,6092,17-Mar-26,,,,,,,,,,,,,,,,,,,,,,,,,,
52719,,,water,,200,,,,,,,,,17-MAR-26 05.00.00.000000 PM,,,,,,,,,,,,,,36003,,6092,17-Mar-26,6092,17-Mar-26,34167,,,,,,,,,,,,,,,,,,,,,,,,,
52721,,,,,,,,,,,,,,17-MAR-26 05.30.00.000000 PM,,,200,,,,,,,,,,,36003,,6092,17-Mar-26,6092,17-Mar-26,,,,,,,,,,,,,,,,,,,,,,,,,,
52765,,,water,,,400,,,,,,,,18-MAR-26 08.15.00.000000 PM,,,,,,,,,,,,,,30860,,6445,18-Mar-26,6445,18-Mar-26,,,,,,,,,,,,,,,,,,,,,,,,,,
52738,,542,N/S + 7g MgSO4,,,500,,,,,,,,18-MAR-26 03.00.00.000000 AM,,,,,,,,,,,,,,30860,,6431,18-Mar-26,6431,18-Mar-26,33969,,,,,,,,,,,,,,,,,,,,,,,,,
52740,,542,N/S + 40iu Oxytocin,,,500,,,,,,,,18-MAR-26 07.30.00.000000 AM,,,,,,,,,,,,,,30860,,6431,18-Mar-26,6431,18-Mar-26,,,,,,,,,,,,,,,,,,,,,,,,,,
52746,,542,,,200,,,,,,,,,18-MAR-26 11.30.00.000000 AM,,,,,,,,,,,,,,33428,,6068,18-Mar-26,6068,18-Mar-26,,,,,,,,,,,,,,,,,,,,,,,,,,
52768,,,N/Saline,,,500,,,,,,,,18-MAR-26 09.30.00.000000 PM,,,,,,,,,,,,,,36135,,4611,18-Mar-26,4611,18-Mar-26,34223,,,,,,,,,,,,,,,,,,,,,,,,,
52769,,,N/Saline,,,500,,,,,,,,18-MAR-26 10.00.00.000000 PM,,,,,,,,,,,,,,36135,,4611,18-Mar-26,4611,18-Mar-26,,,,,,,,,,,,,,,,,,,,,,,,,,
52784,,542,,,,,,,,,,,,20-MAR-26 12.00.00.000000 AM,,,200,,,,,,,,,,,2751,,5482,20-Mar-26,5482,20-Mar-26,,,,,,,,,,,,,,,,,,,,,,,,,,
52781,,542,normal saline,,,500,,,,,,,,19-MAR-26 10.30.00.000000 PM,,,,,,,,,,,,,,2751,,4933,19-Mar-26,4933,19-Mar-26,34250,,,,,,,,,,,,,,,,,,,,,,,,,
52782,,542,malt ,,200,,,,,,,,,19-MAR-26 10.45.00.000000 PM,,,,,,,,,,,,,,2751,,4933,19-Mar-26,4933,19-Mar-26,,,,,,,,,,,,,,,,,,,,,,,,,,
52789,,542,Dextrose saline,,,500,,,,,,,,20-MAR-26 08.00.00.000000 AM,,,,,,,,,,,,,,2318,,5482,20-Mar-26,5482,20-Mar-26,,,,,,,,,,,,,,,,,,,,,,,,,,
52790,,,flagyl,,,100,,,,,,,,20-MAR-26 06.45.00.000000 AM,,,,,,,,,,,,,,36150,,4611,20-Mar-26,4611,20-Mar-26,34252,,,,,,,,,,,,,,,,,,,,,,,,,
52797,,582,,,,,,,,,,,,20-MAR-26 11.15.00.000000 AM,,,300,,,,,,,,,,,36150,,6430,20-Mar-26,6430,20-Mar-26,34252,,,,,,,,,,,,,,,,,,,,,,,,,
52798,,542,5% D/s,,,500,,,,,,,,20-MAR-26 01.00.00.000000 PM,,,,,,,,,,,,,,36152,,6430,20-Mar-26,6430,20-Mar-26,34257,,,,,,,,,,,,,,,,,,,,,,,,,
52805,,542,normal saline,,,500,,,,,,,,20-MAR-26 05.45.00.000000 PM,,,,,,,,,,,,,,36157,,6405,20-Mar-26,6405,20-Mar-26,34266,,Fast,,,,,,,,,,,,,,,,,,,,,,,
52806,,542,normal saline,,,500,,,,,,,,20-MAR-26 05.45.00.000000 PM,,,,,,,,,,,,,,36157,,6405,20-Mar-26,6405,20-Mar-26,34266,,Fast,,,,,,,,,,,,,,,,,,,,,,,
52811,,542,5% D/s,,100,500,,,,,,,,20-MAR-26 10.30.00.000000 PM,,,50,,,,,,,,,,,36157,,6446,20-Mar-26,6446,20-Mar-26,34266,,,,,,,,,,,,,,,,,,,,,,,,,
52833,,542,5% D/Saline,,,500,,,,,,,,23-MAR-26 12.00.00.000000 PM,,,,,,,,,,,,,,36188,,5759,23-Mar-26,5759,23-Mar-26,34335,,,,,,,,,,,,,,,,,,,,,,,,,
52877,,,5% D/Saline,,,500,,,,,,,,24-MAR-26 03.00.00.000000 PM,,,400,,,,,,,,,,,31754,,4611,24-Mar-26,4611,24-Mar-26,34441,,,,,,,,,,,,,,,,,,,,,,,,,
52880,,,WATER,,100,,,,,,,,,24-MAR-26 03.15.00.000000 PM,,,,,,,,,,,,,,31754,,4611,24-Mar-26,4611,24-Mar-26,,,3:10pm,,,,,,,,,,,,,,,,,,,,,,,
52887,,,5% Dextrose saline,,,500,,,,,,,,24-MAR-26 07.15.00.000000 PM,,,,,,,,,,,,,,36231,,4927,24-Mar-26,6497,24-Mar-26,34499,,,,,,,,,,,,,,,,,,,,,,,,,
52888,,,water,,600,,,,,,,,,24-MAR-26 06.00.00.000000 PM,,,400,,,,,,,,,,,36231,,4927,24-Mar-26,4927,24-Mar-26,,,less concentrated,,,,,,,,,,,,,,,,,,,,,,,
52889,,,water,,600,,,,,,,,,24-MAR-26 06.00.00.000000 PM,,,400,,,,,,,,,,,36231,,4927,24-Mar-26,4927,24-Mar-26,,,less concentrated,,,,,,,,,,,,,,,,,,,,,,,
52891,,542,WATER,,100,,,,,,,,,24-MAR-26 06.00.00.000000 PM,,,,,,,,,,,,,,31754,,5990,24-Mar-26,5990,24-Mar-26,34441,,,,,,,,,,,,,,,,,,,,,,,,,
52892,,,,,,,,,,,,,,24-MAR-26 07.15.00.000000 PM,,,200,,,,,,,,,,,31754,,5990,24-Mar-26,5990,24-Mar-26,,,slightly concentrated,,,,,,,,,,,,,,,,,,,,,,,
52894,,,N/Saline,,,500,,,,,,,,24-MAR-26 08.15.00.000000 PM,,,,,,,,,,,,,,31754,,5990,24-Mar-26,5990,24-Mar-26,,,,,,,,,,,,,,,,,,,,,,,,,,
52295,,542,,,,,,,,,,,,04-MAR-26 12.30.00.000000 PM,,,,50,,,,,,,,,,30133,,5926,4-Mar-26,5926,4-Mar-26,32327,,,,,,,,,,,,,,,,,,,,,,,,,
52296,,,,,,,,,,,,,,04-MAR-26 02.30.00.000000 PM,,,,10,,,,,,,,,,30133,,5926,4-Mar-26,5926,4-Mar-26,,,vomitous,,,,,,,,,,,,,,,,,,,,,,,
52308,,,,,,,,,,,,,,05-MAR-26 01.00.00.000000 AM,,,300,,,,,,,,,,,35588,,4633,5-Mar-26,4633,5-Mar-26,,,,,,,,,,,,,,,,,,,,,,,,,,
52313,,,5% D/s,,,500,,,,,,,,05-MAR-26 08.00.00.000000 AM,,,200,,,,,,,,,,,35588,,4633,5-Mar-26,4633,5-Mar-26,32407,,,,,,,,,,,,,,,,,,,,,,,,,
52318,,542,normal saline,,,500,,,,,,,,06-MAR-26 12.00.00.000000 PM,,,,,,,,,,,,,,35698,,4611,6-Mar-26,4611,6-Mar-26,32719,,6hrly,,,,,,,,,,,,,,,,,,,,,,,
52330,,542,flagyl,,,100,,,,,,,,07-MAR-26 07.15.00.000000 AM,,,,,,,,,,,,,,35698,,5655,7-Mar-26,5655,7-Mar-26,32719,,,,,,,,,,,,,,,,,,,,,,,,,
52339,,542,water,,750,,,,,,,,,07-MAR-26 07.00.00.000000 PM,,,,,,,,,,,,,,35698,,6117,7-Mar-26,6117,7-Mar-26,32719,,,,,,,,,,,,,,,,,,,,,,,,,
52340,,,,,,,,,,,,,,07-MAR-26 10.00.00.000000 PM,,,150,,,,,,,,,,,35698,,6117,7-Mar-26,6117,7-Mar-26,32884,,,,,,,,,,,,,,,,,,,,,,,,,
52354,,582,normal saline,,,500,,,,,,,,08-MAR-26 03.15.00.000000 PM,,,,,,,,,,,,,,35748,,6068,8-Mar-26,6068,8-Mar-26,,,,,,,,,,,,,,,,,,,,,,,,,,
52356,,542,N/Saline,,,500,,,,,,,,08-MAR-26 03.30.00.000000 PM,,,,,,,,,,,,,,30909,,6433,8-Mar-26,6433,8-Mar-26,,,,,,,,,,,,,,,,,,,,,,,,,,
52393,,,0.9% normal saline,,,500,,,,,,,,09-MAR-26 12.15.00.000000 PM,,,,,,,,,,,,,,30909,,4953,9-Mar-26,4953,9-Mar-26,,,available fluid,,,,,,,,,,,,,,,,,,,,,,,
52422,,542,R/L+50ML OF 50%D,,,500,,,,,,,,09-MAR-26 11.00.00.000000 PM,,,,,,,,,,,,,,35816,,6427,9-Mar-26,6427,9-Mar-26,,,,,,,,,,,,,,,,,,,,,,,,,,
52433,,542,R/LACTATE+ 50%D,,,500,,,,,,,,10-MAR-26 06.30.00.000000 PM,,,,,,,,,,,,,,35816,,6405,10-Mar-26,6405,10-Mar-26,33103,,,,,,,,,,,,,,,,,,,,,,,,,
52448,,542,ciprofloxacin,,,100,,,,,,,,11-MAR-26 03.15.00.000000 PM,,,,,,,,,,,,,,35875,,5759,11-Mar-26,5759,11-Mar-26,,,,,,,,,,,,,,,,,,,,,,,,,,
52449,,,,,,,,,,,,,,11-MAR-26 02.30.00.000000 PM,,,400,,,,,,,,,,,35875,,5759,11-Mar-26,5759,11-Mar-26,,,,,,,,,,,,,,,,,,,,,,,,,,
52451,,542,water,,250,,,,,,,,,11-MAR-26 10.00.00.000000 AM,,,,,,,,,,,,,,35816,,5759,11-Mar-26,5759,11-Mar-26,,,,,,,,,,,,,,,,,,,,,,,,,,
52463,,,ringers lactate,,,500,,,,,,,,11-MAR-26 06.15.00.000000 PM,,,400,,,,,,,,,,,35886,,6068,11-Mar-26,6068,11-Mar-26,33329,,,,,,,,,,,,,,,,,,,,,,,,,
52464,,582,febramol,,,100,,,,,,,,11-MAR-26 10.00.00.000000 PM,,,,,,,,,,,,,,35886,,6068,11-Mar-26,6068,11-Mar-26,,,,,,,,,,,,,,,,,,,,,,,,,,
52490,,542,R/L +50ML OF 50%D,,,500,,,,,,,,12-MAR-26 07.00.00.000000 AM,,,,,,,,,,,,,,35816,,4950,12-Mar-26,4950,12-Mar-26,33343,,,,,,,,,,,,,,,,,,,,,,,,,
52491,,542,,,,,,,,,,,,12-MAR-26 06.00.00.000000 AM,,,300,,,,,,,,,,,35816,,4950,12-Mar-26,4950,12-Mar-26,,,,,,,,,,,,,,,,,,,,,,,,,,
52497,,,,,,,,,,,,,,12-MAR-26 11.45.00.000000 AM,,,250,,,,,,,,,,,35886,,5501,12-Mar-26,5501,12-Mar-26,33329,,,,,,,,,,,,,,,,,,,,,,,,,
52506,,542,water,,300,,,,,,,,,12-MAR-26 02.00.00.000000 PM,,,200,,,,,,,,,,,35816,,5014,12-Mar-26,5014,12-Mar-26,,,,,,,,,,,,,,,,,,,,,,,,,,
52507,,542,,,,,,,,,,,,12-MAR-26 03.00.00.000000 PM,,,300,,,,,,,,,,,35816,,5014,12-Mar-26,5014,12-Mar-26,,,,,,,,,,,,,,,,,,,,,,,,,,
52508,,542,water,,300,,,,,,,,,12-MAR-26 10.00.00.000000 AM,,,200,,,,,,,,,,,34890,,5014,12-Mar-26,5014,12-Mar-26,33296,,,,,,,,,,,,,,,,,,,,,,,,,
52509,,542,water,,300,,,,,,,,,12-MAR-26 02.00.00.000000 PM,,,200,,,,,,,,,,,34890,,5014,12-Mar-26,5014,12-Mar-26,,,,,,,,,,,,,,,,,,,,,,,,,,
52510,,542,water,,500,,,,,,,,,12-MAR-26 01.00.00.000000 PM,,,400,,,,,,,,,,,35875,,5014,12-Mar-26,5014,12-Mar-26,,,,,,,,,,,,,,,,,,,,,,,,,,
52512,,542,0.9% N/saline,,,500,,,,,,,,12-MAR-26 07.00.00.000000 PM,,,,,,,,,,,,,,35886,,6433,12-Mar-26,6433,12-Mar-26,33329,,,,,,,,,,,,,,,,,,,,,,,,,
52536,,542,normal saline,,,300,,,,,,,,13-MAR-26 12.00.00.000000 AM,,,,,,,,,,,,,,35875,,6068,13-Mar-26,6068,13-Mar-26,33295,,,,,,,,,,,,,,,,,,,,,,,,,
52537,,542,ciprofloxacin,,,100,,,,,,,,13-MAR-26 03.00.00.000000 AM,,,,,,,,,,,,,,35875,,6068,13-Mar-26,6068,13-Mar-26,,,,,,,,,,,,,,,,,,,,,,,,,,
52538,,542,,,,,,,,,,,,13-MAR-26 02.00.00.000000 AM,,,150,,,,,,,,,,,35816,,6068,13-Mar-26,6068,13-Mar-26,33343,,,,,,,,,,,,,,,,,,,,,,,,,
52545,,542, ringers +50% DW,,,450,,,,,,,,13-MAR-26 10.00.00.000000 AM,,,,,,,,,,,,,,35816,,5655,13-Mar-26,5655,13-Mar-26,33343,,,,,,,,,,,,,,,,,,,,,,,,,
52549,,,flagyl,,,100,,,,,,,,13-MAR-26 12.45.00.000000 PM,,,,,,,,,,,,,,35917,,4937,13-Mar-26,4937,13-Mar-26,,,,,,,,,,,,,,,,,,,,,,,,,,
52550,,,normal saline,,,2000,,,,,,,,13-MAR-26 11.00.00.000000 AM,,,,,,,,,,,,,,35917,,4937,13-Mar-26,4937,13-Mar-26,33445,,,,,,,,,,,,,,,,,,,,,,,,,
52551,,542,,,,,,,,,,,,13-MAR-26 03.00.00.000000 PM,,,700,,,,,,,,,,,35917,,4977,13-Mar-26,4977,13-Mar-26,33445,,,,,,,,,,,,,,,,,,,,,,,,,
52555,,,METRONIDAZOLE,,,50,,,,,,,,13-MAR-26 10.00.00.000000 PM,,,,,,,,,,,,,,35983,,4927,13-Mar-26,4927,13-Mar-26,33721,,,,,,,,,,,,,,,,,,,,,,,,,
52576,,542,normal saline,,,500,,,,,,,,14-MAR-26 02.15.00.000000 PM,,,,,,,,,,,,,,35917,,4651,14-Mar-26,4651,14-Mar-26,33723,,,,,,,,,,,,,,,,,,,,,,,,,
52577,,,flagyl,,,100,,,,,,,,14-MAR-26 02.00.00.000000 PM,,,,,,,,,,,,,,35917,,4651,14-Mar-26,4651,14-Mar-26,,,,,,,,,,,,,,,,,,,,,,,,,,
52605,,582,metronizadazole,,,250,,,,,,,,15-MAR-26 03.00.00.000000 PM,,,,,,,,,,,,,,35983,,5482,15-Mar-26,5482,15-Mar-26,,,,,,,,,,,,,,,,,,,,,,,,,,
52611,,582,normal saline,,,500,,,,,,,,15-MAR-26 09.45.00.000000 PM,,,,,,,,,,,,,,36000,,4512,15-Mar-26,4512,15-Mar-26,33767,,,,,,,,,,,,,,,,,,,,,,,,,
52612,,582,normal saline,,,500,,,,,,,,15-MAR-26 10.15.00.000000 PM,,,,,,,,,,,,,,36000,,4512,15-Mar-26,4512,15-Mar-26,,,,,,,,,,,,,,,,,,,,,,,,,,
52613,,582,,,,,,,,,,,,15-MAR-26 10.00.00.000000 PM,,,300,,,,,,,,,,,35983,,5501,15-Mar-26,5501,15-Mar-26,33754,,,,,,,,,,,,,,,,,,,,,,,,,
52614,,,Metronidazole,,,50,,,,,,,,15-MAR-26 10.00.00.000000 PM,,,,,,,,,,,,,,35983,,5501,15-Mar-26,5501,15-Mar-26,,,,,,,,,,,,,,,,,,,,,,,,,,
52615,,542,5%Din1/2 saline500BF,,,250,,,,,,,,16-MAR-26 12.00.00.000000 AM,,,,,,,,,,,,,,35855,,5014,16-Mar-26,5014,16-Mar-26,33759,,,,,,,,,,,,,,,,,,,,,,,,,
52646,,542,pcm,,,100,,,,,,,,16-MAR-26 09.30.00.000000 PM,,,,,,,,,,,,,,36003,,5655,16-Mar-26,5655,16-Mar-26,33778,,,,,,,,,,,,,,,,,,,,,,,,,
52647,,542,water,,700,,,,,,,,,16-MAR-26 07.40.00.000000 PM,,,,,,,,,,,,,,36003,,5655,16-Mar-26,5655,16-Mar-26,,,,,,,,,,,,,,,,,,,,,,,,,,
52648,,542,,,,,,,,,,,,16-MAR-26 09.30.00.000000 AM,,,800,,,,,,,,,,,36003,,5655,16-Mar-26,5655,16-Mar-26,,,,,,,,,,,,,,,,,,,,,,,,,,
52667,,582,,,,,,,,,,,,17-MAR-26 06.00.00.000000 AM,,,100,,,,,,,,,,,35983,,6465,17-Mar-26,6465,17-Mar-26,33754,,,,,,,,,,,,,,,,,,,,,,,,,
52741,,,,,,,,,,,,,,18-MAR-26 07.15.00.000000 AM,,,500,,,,,,,,,,,33428,,6092,18-Mar-26,6092,18-Mar-26,34166,,,,,,,,,,,,,,,,,,,,,,,,,
52677,,582,,,,,,,,,,,,17-MAR-26 07.45.00.000000 AM,,,200,,,,,,,,,,,35999,,6117,17-Mar-26,6117,17-Mar-26,33761,,,,,,,,,,,,,,,,,,,,,,,,,
52679,,542,5% D/s,,,500,,,,,,,,17-MAR-26 12.15.00.000000 PM,,,,,,,,,,,,,,33428,,6433,17-Mar-26,6433,17-Mar-26,,,,,,,,,,,,,,,,,,,,,,,,,,
52687,,,,,,,,,,,,,,17-MAR-26 10.00.00.000000 AM,,,400,,,,,,,,,,,30860,,4953,17-Mar-26,4953,17-Mar-26,,,conc,,,,,,,,,,,,,,,,,,,,,,,
52691,,542,,,,,,,,,,,,17-MAR-26 01.30.00.000000 PM,,,200,,,,,,,,,,,36003,,6405,17-Mar-26,6405,17-Mar-26,,,,,,,,,,,,,,,,,,,,,,,,,,
52692,,582,5% Dextrose Saline,,,500,,,,,,,,17-MAR-26 12.45.00.000000 PM,,,,,,,,,,,,,,35999,,6405,17-Mar-26,6405,17-Mar-26,33761,,To run for 8 hrs,,,,,,,,,,,,,,,,,,,,,,,
52693,,582,,,,,,,,,,,,17-MAR-26 12.30.00.000000 PM,,,350,,,,,,,,,,,35999,,6405,17-Mar-26,6405,17-Mar-26,,,,,,,,,,,,,,,,,,,,,,,,,,
52694,,582,,,,,,,,,,,,17-MAR-26 09.45.00.000000 AM,,,250,,,,,,,,,,,35999,,6405,17-Mar-26,6405,17-Mar-26,,,,,,,,,,,,,,,,,,,,,,,,,,
52695,,542,Normal saline,,,500,,,,,,,,17-MAR-26 02.00.00.000000 PM,,,,,,,,,,,,,,36003,,6405,17-Mar-26,6433,17-Mar-26,,,,,,,,,,,,,,,,,,,,,,,,,,
52717,,,,,,,,,,,,,,17-MAR-26 08.45.00.000000 PM,,,700,,,,,,,,,,,33428,,6092,17-Mar-26,6092,17-Mar-26,34166,,,,,,,,,,,,,,,,,,,,,,,,,
52755,,582,,,400,,,,,,,,,18-MAR-26 11.00.00.000000 AM,,,200,,,,,,,,,,,36000,,6068,18-Mar-26,6068,18-Mar-26,33767,,,,,,,,,,,,,,,,,,,,,,,,,
52761,,542,water,,400,,,,,,,,,18-MAR-26 06.45.00.000000 PM,,,,,,,,,,,,,,30860,,6445,18-Mar-26,6445,18-Mar-26,33969,,,,,,,,,,,,,,,,,,,,,,,,,
52763,,,,,,,,,,,,,,18-MAR-26 07.30.00.000000 PM,,,600,,,,,,,,,,,30860,,6445,18-Mar-26,6445,18-Mar-26,,,,,,,,,,,,,,,,,,,,,,,,,,
52764,,542,water,,200,,,,,,,,,18-MAR-26 08.00.00.000000 PM,,,,,,,,,,,,,,30860,,6445,18-Mar-26,6445,18-Mar-26,,,,,,,,,,,,,,,,,,,,,,,,,,
52773,,582,normal saline,,,500,,,,,,,,19-MAR-26 12.15.00.000000 AM,,,,,,,,,,,,,,36133,,5989,19-Mar-26,5989,19-Mar-26,34221,,,,,,,,,,,,,,,,,,,,,,,,,
52774,,582,,,,,,,,,,,,19-MAR-26 01.00.00.000000 AM,,,40,,,,,,,,,,,36133,,5989,19-Mar-26,5989,19-Mar-26,34221,,,,,,,,,,,,,,,,,,,,,,,,,
52775,,542,,,,,,,,,,,,19-MAR-26 06.15.00.000000 AM,,,600,,,,,,,,,,,2318,,6431,19-Mar-26,6431,19-Mar-26,34213,,,,,,,,,,,,,,,,,,,,,,,,,
52776,,542,5% D/s,,,500,,,,,,,,19-MAR-26 07.30.00.000000 AM,,,,,,,,,,,,,,2318,,6431,19-Mar-26,6431,19-Mar-26,34213,,,,,,,,,,,,,,,,,,,,,,,,,
52778,,542,pap,,200,,,,,,,,,19-MAR-26 10.00.00.000000 AM,,,,,,,,,,,,,,2318,,6433,19-Mar-26,6433,19-Mar-26,34213,,,,,,,,,,,,,,,,,,,,,,,,,
52779,,542,pap,,150,,,,,,,,,19-MAR-26 01.00.00.000000 PM,,,,,,,,,,,,,,2318,,6433,19-Mar-26,6433,19-Mar-26,,,,,,,,,,,,,,,,,,,,,,,,,,
52791,,,ciprofloxacin ,,,100,,,,,,,,20-MAR-26 07.00.00.000000 AM,,,,,,,,,,,,,,36150,,4611,20-Mar-26,4611,20-Mar-26,34252,,,,,,,,,,,,,,,,,,,,,,,,,
52800,,542,n/saline+oxy30 I.U,,,500,,,,,,,,20-MAR-26 12.15.00.000000 PM,,,,,,,,,,,,,,36153,,4927,20-Mar-26,4927,20-Mar-26,,,,,,,,,,,,,,,,,,,,,,,,,,
52819,,542,BLOOD,,,400,,,,,,,,21-MAR-26 04.30.00.000000 PM,,,,,,,,,,,,,,36152,,6486,21-Mar-26,6486,21-Mar-26,34257,,,,,,,,,,,,,,,,,,,,,,,,,
52827,,542,febramol,,,50,,,,,,,,22-MAR-26 10.00.00.000000 PM,,,,,,,,,,,,,,36166,,5981,22-Mar-26,5981,22-Mar-26,,,,,,,,,,,,,,,,,,,,,,,,,,
52829,,,flagyl,,,50,,,,,,,,23-MAR-26 07.00.00.000000 AM,,,,,,,,,,,,,,36166,,5981,23-Mar-26,5981,23-Mar-26,34284,,,,,,,,,,,,,,,,,,,,,,,,,
52893,,,Dextrose/ saline,,,500,,,,,,,,24-MAR-26 07.00.00.000000 PM,,,,,,,,,,,,,,31754,,5990,24-Mar-26,5990,24-Mar-26,,,,,,,,,,,,,,,,,,,,,,,,,,
52903,,,febramol,,,100,,,,,,,,24-MAR-26 10.00.00.000000 PM,,,,,,,,,,,,,,31754,,5990,24-Mar-26,5990,24-Mar-26,,,,,,,,,,,,,,,,,,,,,,,,,,
52904,,,METRONIDAZOLE,,,100,,,,,,,,24-MAR-26 10.00.00.000000 PM,,,,,,,,,,,,,,31754,,5990,24-Mar-26,5990,24-Mar-26,,,,,,,,,,,,,,,,,,,,,,,,,,
52909,,582,,,,,,,,,,,,24-MAR-26 11.45.00.000000 PM,,,400,,,,,,,,,,,36231,,4927,24-Mar-26,6497,24-Mar-26,34715,,,,,,,,,,,,,,,,,,,,,,,,,
52910,,582,water,,300,,,,,,,,,24-MAR-26 10.45.00.000000 PM,,,,,,,,,,,,,,36231,,4927,24-Mar-26,4927,24-Mar-26,,,,,,,,,,,,,,,,,,,,,,,,,,
52911,,582,0.9% normal saline,,,500,,,,,,,,24-MAR-26 11.45.00.000000 PM,,,,,,,,,,,,,,36231,,6497,24-Mar-26,6497,24-Mar-26,34715,,,,,,,,,,,,,,,,,,,,,,,,,
52914,,,,,,,,,,,,,,25-MAR-26 03.00.00.000000 AM,,,200,,,,,,,,,,,36231,,6497,25-Mar-26,6497,25-Mar-26,34715,,,,,,,,,,,,,,,,,,,,,,,,,
52915,,,water,,500,,,,,,,,,25-MAR-26 06.15.00.000000 AM,,,300,,,,,,,,,,,36231,,6497,25-Mar-26,6497,25-Mar-26,,,,,,,,,,,,,,,,,,,,,,,,,,
52917,,,CIPROFLOXAXIN,,,100,,,,,,,,25-MAR-26 07.00.00.000000 AM,,,,,,,,,,,,,,36188,,5501,25-Mar-26,5501,25-Mar-26,34335,,,,,,,,,,,,,,,,,,,,,,,,,
52293,,542,5% D/W in 1/2 saline,,,300,,,,,,,,04-MAR-26 01.00.00.000000 PM,,,,,,,,,,,,,,30133,,5501,4-Mar-26,4633,4-Mar-26,32327,,600mls to run for 24hrs,,,,,,,,,,,,,,,,,,,,,,,
52294,,542,,,,,,,,,,,,04-MAR-26 11.45.00.000000 AM,,,,50,,,,,,,,,,30133,,5501,4-Mar-26,5501,4-Mar-26,,,,,,,,,,,,,,,,,,,,,,,,,,
52297,,,normal saline,,,500,,,,,,,,04-MAR-26 04.00.00.000000 PM,,,,,,,,,,,,,,35588,,5926,4-Mar-26,5926,4-Mar-26,32407,,,,,,,,,,,,,,,,,,,,,,,,,
52298,,542,5% D/W in 1/2 saline,,,400,,,,,,,,04-MAR-26 02.00.00.000000 PM,,,,,,,,,,,,,,35593,,5926,4-Mar-26,4633,4-Mar-26,32386,,900mls to run for 24 hrs,,,,,,,,,,,,,,,,,,,,,,,
52300,,542,,,,,,,,,,,,04-MAR-26 05.30.00.000000 PM,,,,30,,,,,,,,,,35593,,4633,4-Mar-26,4633,4-Mar-26,32386,,,,,,,,,,,,,,,,,,,,,,,,,
52329,,542,CIPROFLOXAXIN,,,200,,,,,,,,06-MAR-26 11.45.00.000000 PM,,,,,,,,,,,,,,35698,,6117,6-Mar-26,6117,6-Mar-26,32719,,,,,,,,,,,,,,,,,,,,,,,,,
52358,,582,5% D/s,,,500,,,,,,,,08-MAR-26 04.15.00.000000 PM,,,,,,,,,,,,,,35748,,6068,8-Mar-26,6068,8-Mar-26,32893,,,,,,,,,,,,,,,,,,,,,,,,,
52359,,542,5% D/Saline,,,500,,,,,,,,08-MAR-26 07.30.00.000000 PM,,,,,,,,,,,,,,30909,,6431,8-Mar-26,6431,8-Mar-26,32886,,,,,,,,,,,,,,,,,,,,,,,,,
52368,,542,water,,750,,,,,,,,,08-MAR-26 06.30.00.000000 PM,,,,,,,,,,,,,,35698,,6431,8-Mar-26,6431,8-Mar-26,,,,,,,,,,,,,,,,,,,,,,,,,,
52369,,542,water,,500,,,,,,,,,08-MAR-26 09.30.00.000000 PM,,,450,,,,,,,,,,,35698,,6431,8-Mar-26,6431,8-Mar-26,,,,,,,,,,,,,,,,,,,,,,,,,,
52371,,542,,,,,,,,,,,,08-MAR-26 08.45.00.000000 PM,,,400,,,,,,,,,,,30909,,6431,8-Mar-26,6431,8-Mar-26,32886,,,,,,,,,,,,,,,,,,,,,,,,,
52372,,542,febramol,,,100,,,,,,,,08-MAR-26 10.00.00.000000 PM,,,200,,,,,,,,,,,30909,,6431,8-Mar-26,6431,8-Mar-26,32886,,,,,,,,,,,,,,,,,,,,,,,,,
52373,,,water,,600,,,,,,,,,08-MAR-26 09.00.00.000000 PM,,,,,,,,,,,,,,35756,,6430,8-Mar-26,6430,8-Mar-26,32895,,,,,,,,,,,,,,,,,,,,,,,,,
52374,,,,,,,,,,,,,,08-MAR-26 08.30.00.000000 PM,,,,,200,,,,,,,,,35756,,6430,8-Mar-26,6430,8-Mar-26,,,watery stool,,,,,,,,,,,,,,,,,,,,,,,
52395,,582,,,,,,,,,,,,09-MAR-26 10.45.00.000000 AM,,,900,,,,,,,,,,,35756,,6429,9-Mar-26,5981,9-Mar-26,32895,,,,,,,,,,,,,,,,,,,,,,,,,
52405,,582,,,,,,,,,,,,09-MAR-26 05.00.00.000000 PM,,,400,,,,,,,,,,,31276,,4933,9-Mar-26,4933,9-Mar-26,33004,,,,,,,,,,,,,,,,,,,,,,,,,
52431,,,water,,350,,,,,,,,,10-MAR-26 11.30.00.000000 AM,,,,,,,,,,,,,,35816,,5079,10-Mar-26,5079,10-Mar-26,33103,,,,,,,,,,,,,,,,,,,,,,,,,
52441,,,,,,,,,,,,,,11-MAR-26 10.45.00.000000 AM,,,,100,,,,,,,,,,35875,,5759,11-Mar-26,5759,11-Mar-26,33295,,,,,,,,,,,,,,,,,,,,,,,,,
52455,,542,water,,100,,,,,,,,,11-MAR-26 07.00.00.000000 PM,,,300,,,,,,,,,,,34890,,4950,11-Mar-26,4950,11-Mar-26,33296,,,,,,,,,,,,,,,,,,,,,,,,,
52499,,542,"cipro,pcm,metro",,,300,,,,,,,,12-MAR-26 02.00.00.000000 PM,,,300,,,,,,,,,,,35875,,5014,12-Mar-26,5014,12-Mar-26,33295,,,,,,,,,,,,,,,,,,,,,,,,,
52521,,542,,,,,,,,,,,,12-MAR-26 06.30.00.000000 PM,,,200,,,,,,,,,,,35875,,6068,12-Mar-26,6068,12-Mar-26,,,,,,,,,,,,,,,,,,,,,,,,,,
52534,,,5% dex in ringers,,,500,,,,,,,,13-MAR-26 12.15.00.000000 AM,,,,,,,,,,,,,,35816,,4927,13-Mar-26,4927,13-Mar-26,33343,,,,,,,,,,,,,,,,,,,,,,,,,
52539,,,,,,,,,,,,,,13-MAR-26 04.30.00.000000 AM,,,300,,,,,,,,,,,35951,,4927,13-Mar-26,4927,13-Mar-26,33558,,,,,,,,,,,,,,,,,,,,,,,,,
52546,,542,,,,,,,,,,,,13-MAR-26 12.00.00.000000 PM,,,300,,,,,,,,,,,35816,,5655,13-Mar-26,5655,13-Mar-26,33343,,,,,,,,,,,,,,,,,,,,,,,,,
52552,,542,N/Saline ,,,500,,,,,,,,13-MAR-26 03.15.00.000000 PM,,,,,,,,,,,,,,35917,,4977,13-Mar-26,4977,13-Mar-26,,,,,,,,,,,,,,,,,,,,,,,,,,
52553,,542,,,,,,,,,,,,13-MAR-26 03.15.00.000000 PM,,,200,,,,,,,,,,,35816,,5655,13-Mar-26,5655,13-Mar-26,33343,,,,,,,,,,,,,,,,,,,,,,,,,
52556,,,N/Saline,,,500,,,,,,,,13-MAR-26 10.00.00.000000 PM,,,,,,,,,,,,,,35983,,4927,13-Mar-26,4927,13-Mar-26,,,,,,,,,,,,,,,,,,,,,,,,,,
52568,,,5% Dextrose saline,,,500,,,,,,,,14-MAR-26 10.00.00.000000 AM,,,400,,,,,,,,,,,35917,,6431,14-Mar-26,6431,14-Mar-26,33723,,clear urine,,,,,,,,,,,,,,,,,,,,,,,
52595,,,metronizadazole,,,50,,,,,,,,15-MAR-26 06.00.00.000000 AM,,,,,,,,,,,,,,35983,,5501,15-Mar-26,5501,15-Mar-26,33754,,,,,,,,,,,,,,,,,,,,,,,,,
52607,,582,4.3% dextrose saline,,,500,,,,,,,,15-MAR-26 06.45.00.000000 PM,,,,,,,,,,,,,,35983,,5501,15-Mar-26,5501,15-Mar-26,,,6hrly,,,,,,,,,,,,,,,,,,,,,,,
52616,,582,5% D/s,,,500,,,,,,,,16-MAR-26 06.00.00.000000 AM,,,,,,,,,,,,,,36000,,5501,16-Mar-26,5501,16-Mar-26,33767,,,,,,,,,,,,,,,,,,,,,,,,,
52617,,582,Metronidazole,,,100,,,,,,,,16-MAR-26 07.00.00.000000 AM,,,,,,,,,,,,,,36000,,5501,16-Mar-26,5501,16-Mar-26,33767,,,,,,,,,,,,,,,,,,,,,,,,,
52733,,,5% D/s,,,500,,,,,,,,18-MAR-26 06.00.00.000000 AM,,,300,,,,,,,,,,,33428,,6092,18-Mar-26,6092,18-Mar-26,34166,,,,,,,,,,,,,,,,,,,,,,,,,
52622,,582,4.3% d/saline,,,500,,,,,,,,16-MAR-26 07.00.00.000000 AM,,,,,,,,,,,,,,35983,,5501,16-Mar-26,5501,16-Mar-26,33754,,,,,,,,,,,,,,,,,,,,,,,,,
52638,,582,4.3% d/saline,,,500,,,,,,,,16-MAR-26 04.15.00.000000 PM,,,,,,,,,,,,,,35983,,6117,16-Mar-26,6117,16-Mar-26,33754,,,,,,,,,,,,,,,,,,,,,,,,,
52736,,,water,,500,,,,,,,,,18-MAR-26 03.30.00.000000 AM,,,400,,,,,,,,,,,33428,,6092,18-Mar-26,6092,18-Mar-26,,,,,,,,,,,,,,,,,,,,,,,,,,
52760,,542,pap+water,,200,,,,,,,,,18-MAR-26 07.45.00.000000 PM,,,,,,,,,,,,,,2318,,6431,18-Mar-26,6431,18-Mar-26,34213,,,,,,,,,,,,,,,,,,,,,,,,,
52762,,542,water,,400,,,,,,,,,18-MAR-26 07.15.00.000000 PM,,,,,,,,,,,,,,30860,,6445,18-Mar-26,6445,18-Mar-26,33969,,,,,,,,,,,,,,,,,,,,,,,,,
52766,,,water,,500,,,,,,,,,18-MAR-26 08.45.00.000000 PM,,,,,,,,,,,,,,30860,,6445,18-Mar-26,6445,18-Mar-26,,,,,,,,,,,,,,,,,,,,,,,,,,
52767,,542,water,,400,,,,,,,,,18-MAR-26 09.15.00.000000 PM,,,,,,,,,,,,,,30860,,6445,18-Mar-26,6445,18-Mar-26,,,,,,,,,,,,,,,,,,,,,,,,,,
52770,,,D/S,,,250,,,,,,,,18-MAR-26 10.15.00.000000 PM,,,,,,,,,,,,,,36135,,4611,18-Mar-26,4611,18-Mar-26,,,,,,,,,,,,,,,,,,,,,,,,,,
52771,,542,ringers lactate,,,500,,,,,,,,19-MAR-26 12.00.00.000000 AM,,,,,,,,,,,,,,2318,,6431,19-Mar-26,6431,19-Mar-26,,,10:00pm 18/03/26,,,,,,,,,,,,,,,,,,,,,,,
52793,,547,0.9% normal saline,,,500,,,,,,,,20-MAR-26 10.00.00.000000 AM,,,,,,,,,,,,,,36152,,5981,20-Mar-26,5981,20-Mar-26,34257,,,,,,,,,,,,,,,,,,,,,,,,,
52794,,547,0.9% normal saline,,,500,,,,,,,,20-MAR-26 10.15.00.000000 AM,,,,,,,,,,,,,,36152,,5981,20-Mar-26,5981,20-Mar-26,,,,,,,,,,,,,,,,,,,,,,,,,,
52795,,547,N/S+Tranexemic 500mg,,,500,,,,,,,,20-MAR-26 10.30.00.000000 AM,,,,,,,,,,,,,,36152,,5981,20-Mar-26,5981,20-Mar-26,,,,,,,,,,,,,,,,,,,,,,,,,,
52796,,,n/saline+oxytocin30,,,500,,,,,,,,20-MAR-26 10.30.00.000000 AM,,,,,,,,,,,,,,36152,,5981,20-Mar-26,5981,20-Mar-26,,,,,,,,,,,,,,,,,,,,,,,,,,
52799,,542,0.9% normal saline,,,1000,,,,,,,,20-MAR-26 12.00.00.000000 PM,,,,,,,,,,,,,,36153,,4927,20-Mar-26,4927,20-Mar-26,34260,,,,,,,,,,,,,,,,,,,,,,,,,
52801,,542,,,,500,,,,,,,,20-MAR-26 12.30.00.000000 PM,,,,,,,,,,,,,,36153,,4927,20-Mar-26,4927,20-Mar-26,,,,,,,,,,,,,,,,,,,,,,,,,,
52809,,582,flagyl,,,100,,,,,,,,20-MAR-26 08.30.00.000000 PM,,,,,,,,,,,,,,36150,,6430,20-Mar-26,6430,20-Mar-26,,,,,,,,,,,,,,,,,,,,,,,,,,
52812,,,,,,,,,,,,,,20-MAR-26 09.30.00.000000 PM,,,,50,,,,,,,,,,36157,,6446,20-Mar-26,6446,20-Mar-26,,,,,,,,,,,,,,,,,,,,,,,,,,
52820,,542,,,,,,,,,,,,21-MAR-26 05.00.00.000000 PM,,,400,,,,,,,,,,,36152,,6486,21-Mar-26,6486,21-Mar-26,,,clear,,,,,,,,,,,,,,,,,,,,,,,
52821,,542,ringers lactate,,,500,,,,,,,,21-MAR-26 06.30.00.000000 PM,,,,,,,,,,,,,,36157,,6486,21-Mar-26,6486,21-Mar-26,34266,,,,,,,,,,,,,,,,,,,,,,,,,
52826,,542,flagyl,,,50,,,,,,,,22-MAR-26 10.00.00.000000 PM,,,,,,,,,,,,,,36166,,5981,22-Mar-26,5981,22-Mar-26,34284,,,,,,,,,,,,,,,,,,,,,,,,,
52838,,542,pcm,,,100,,,,,,,,23-MAR-26 02.50.00.000000 PM,,,,,,,,,,,,,,36166,,5759,23-Mar-26,5759,23-Mar-26,34284,,,,,,,,,,,,,,,,,,,,,,,,,
52839,,542,water,,50,,,,,,,,,23-MAR-26 03.00.00.000000 PM,,,,,,,,,,,,,,36166,,5759,23-Mar-26,5759,23-Mar-26,,,,,,,,,,,,,,,,,,,,,,,,,,
52844,,542,10%D/W+NORMAL SALINE,,,300,,,,,,,,23-MAR-26 06.00.00.000000 PM,,,,,,,,,,,,,,36168,,5981,23-Mar-26,5981,23-Mar-26,34286,,,,,,,,,,,,,,,,,,,,,,,,,
52845,,582,d/saline,,,500,,,,,,,,23-MAR-26 06.30.00.000000 PM,,,,,,,,,,,,,,36231,,6497,23-Mar-26,6497,23-Mar-26,34499,,,,,,,,,,,,,,,,,,,,,,,,,
52846,,582,,,,,,,,,,,,23-MAR-26 08.00.00.000000 PM,,,500,,,,,,,,,,,36231,,6497,23-Mar-26,6497,23-Mar-26,34499,,,,,,,,,,,,,,,,,,,,,,,,,
52848,,542,water,,500,,,,,,,,,23-MAR-26 08.00.00.000000 PM,,,,,,,,,,,,,,36188,,5981,23-Mar-26,5981,23-Mar-26,34335,,,,,,,,,,,,,,,,,,,,,,,,,
52849,,582,,,,,,,,,,,,23-MAR-26 09.15.00.000000 PM,,,500,,,,,,,,,,,36231,,6497,23-Mar-26,6497,23-Mar-26,34499,,,,,,,,,,,,,,,,,,,,,,,,,
52850,,542,flagyl,,,50,,,,,,,,23-MAR-26 10.00.00.000000 PM,,,,,,,,,,,,,,36166,,5981,23-Mar-26,5981,23-Mar-26,34537,,,,,,,,,,,,,,,,,,,,,,,,,
52851,,542,febramol,,,50,,,,,,,,23-MAR-26 10.00.00.000000 PM,,,,,,,,,,,,,,36166,,5981,23-Mar-26,5981,23-Mar-26,,,,,,,,,,,,,,,,,,,,,,,,,,
52852,,582,,,,,,,,,,,,23-MAR-26 09.15.00.000000 PM,,,300,,,,,,,,,,,36231,,6497,23-Mar-26,6497,23-Mar-26,34499,,,,,,,,,,,,,,,,,,,,,,,,,
52853,,542,5%D/s + 40 oxytocin,,,425,,,,,,,,23-MAR-26 09.45.00.000000 PM,,,,,,,,,,,,,,31754,,6429,23-Mar-26,6429,23-Mar-26,34441,,,,,,,,,,,,,,,,,,,,,,,,,
52854,,542,"metro,pcm",,,200,,,,,,,,23-MAR-26 09.15.00.000000 PM,,,,,,,,,,,,,,31754,,6429,23-Mar-26,6429,23-Mar-26,,,,,,,,,,,,,,,,,,,,,,,,,,
52855,,542,flagyl,,,100,,,,,,,,23-MAR-26 10.00.00.000000 PM,,,,,,,,,,,,,,36188,,5981,23-Mar-26,5981,23-Mar-26,34335,,,,,,,,,,,,,,,,,,,,,,,,,
52856,,,febramol,,,100,,,,,,,,23-MAR-26 10.00.00.000000 PM,,,,,,,,,,,,,,36188,,5981,23-Mar-26,5981,23-Mar-26,,,,,,,,,,,,,,,,,,,,,,,,,,
52858,,542,pap + water,,,150,,,,,,,,24-MAR-26 11.00.00.000000 PM,,,,,,,,,,,,,,36168,,5981,23-Mar-26,5981,23-Mar-26,,,,,,,,,,,,,,,,,,,,,,,,,,
52859,,582,,,,,,,,,,,,24-MAR-26 01.00.00.000000 AM,,,100,,,,,,,,,,,36231,,6497,24-Mar-26,5981,24-Mar-26,34499,,,,,,,,,,,,,,,,,,,,,,,,,
52860,,582,normal saline,,,500,,,,,,,,24-MAR-26 12.45.00.000000 AM,,,,,,,,,,,,,,36231,,6497,24-Mar-26,6497,24-Mar-26,34499,,,,,,,,,,,,,,,,,,,,,,,,,
52861,,,0.9% normal saline,,,500,,,,,,,,24-MAR-26 12.00.00.000000 AM,,,,,,,,,,,,,,36188,,5981,24-Mar-26,5981,24-Mar-26,34335,,,,,,,,,,,,,,,,,,,,,,,,,
52862,,,CIPROFLOXAXIN,,,100,,,,,,,,24-MAR-26 01.00.00.000000 AM,,,,,,,,,,,,,,36188,,5981,24-Mar-26,5981,24-Mar-26,,,,,,,,,,,,,,,,,,,,,,,,,,
52874,,,N/Saline,,,500,,,,,,,,24-MAR-26 11.00.00.000000 AM,,,,,,,,,,,,,,31754,,4611,24-Mar-26,4611,24-Mar-26,34441,,,,,,,,,,,,,,,,,,,,,,,,,
52875,,,febramol,,,100,,,,,,,,24-MAR-26 02.00.00.000000 PM,,,,,,,,,,,,,,31754,,4611,24-Mar-26,4611,24-Mar-26,,,,,,,,,,,,,,,,,,,,,,,,,,
52881,,542,ciprofloxacin,,,100,,,,,,,,24-MAR-26 02.30.00.000000 PM,,,300,,,,,,,,,,,36188,,6507,24-Mar-26,6507,24-Mar-26,34335,,,,,,,,,,,,,,,,,,,,,,,,,
52882,,542,flagyl,,,100,,,,,,,,24-MAR-26 03.00.00.000000 PM,,,,,,,,,,,,,,36188,,6507,24-Mar-26,6507,24-Mar-26,34335,,,,,,,,,,,,,,,,,,,,,,,,,
52883,,542,PCM,,,100,,,,,,,,24-MAR-26 03.15.00.000000 PM,,,200,,,,,,,,,,,36188,,6507,24-Mar-26,6507,24-Mar-26,,,,,,,,,,,,,,,,,,,,,,,,,,
52890,,582,,,,,,,,,,,,24-MAR-26 07.00.00.000000 PM,,,100,,,,,,,,,,,36231,,4927,24-Mar-26,4927,24-Mar-26,,,,,,,,,,,,,,,,,,,,,,,,,,
52895,,,,,,,,,,,,,,24-MAR-26 08.00.00.000000 PM,,,300,,,,,,,,,,,36188,,4927,24-Mar-26,4927,24-Mar-26,34335,,,,,,,,,,,,,,,,,,,,,,,,,
52290,,,5% D/s,,,250,,,,,,,,03-MAR-26 10.00.00.000000 PM,,,,,,,,,,,,,,35444,,4633,3-Mar-26,4633,3-Mar-26,31981,,,,,,,,,,,,,,,,,,,,,,,,,
52326,,,5% D/s,,,500,,,,,,,,06-MAR-26 06.00.00.000000 PM,,,400,,,,,,,,,,,35698,,5655,6-Mar-26,5655,6-Mar-26,32719,,,,,,,,,,,,,,,,,,,,,,,,,
52327,,,febramol,,,100,,,,,,,,06-MAR-26 08.00.00.000000 PM,,,,,,,,,,,,,,35698,,5759,6-Mar-26,5759,6-Mar-26,32719,,,,,,,,,,,,,,,,,,,,,,,,,
52336,,,water,,750,,,,,,,,,07-MAR-26 06.30.00.000000 PM,,,300,,,,,,,,,,,35698,,5501,7-Mar-26,5501,7-Mar-26,32719,,clear,,,,,,,,,,,,,,,,,,,,,,,
52337,,,D/Saline,,,500,,,,,,,,07-MAR-26 07.00.00.000000 PM,,,,,,,,,,,,,,35698,,5501,7-Mar-26,5501,7-Mar-26,,,,,,,,,,,,,,,,,,,,,,,,,,
52338,,,D/Saline,,,500,,,,,,,,07-MAR-26 07.00.00.000000 PM,,,,,,,,,,,,,,35698,,5501,7-Mar-26,5501,7-Mar-26,,,,,,,,,,,,,,,,,,,,,,,,,,
52345,,,ringers lactate500ml,,,500,,,,,,,,08-MAR-26 10.00.00.000000 AM,,,,,,,,,,,,,,35748,,4972,8-Mar-26,4972,8-Mar-26,,,,,,,,,,,,,,,,,,,,,,,,,,
52385,,542,metronidazole,,,100,,,,,,,,09-MAR-26 07.00.00.000000 AM,,,200,,,,,,,,,,,35698,,6431,9-Mar-26,6431,9-Mar-26,,,,,,,,,,,,,,,,,,,,,,,,,,
52386,,542,,,,,,,,,,,,09-MAR-26 07.00.00.000000 AM,,,,100,,,,,,,,,,30909,,6431,9-Mar-26,6431,9-Mar-26,32886,,,,,,,,,,,,,,,,,,,,,,,,,
52390,,,0.9% normal saline,,,500,,,,,,,,09-MAR-26 12.00.00.000000 PM,,,,,,,,,,,,,,35778,,4953,9-Mar-26,4953,9-Mar-26,32981,,,,,,,,,,,,,,,,,,,,,,,,,
52414,,582,,,,,,,,,,,,09-MAR-26 06.30.00.000000 PM,,,250,,,,,,,,,,,35756,,6405,9-Mar-26,6405,9-Mar-26,33117,,slightly concentrated,,,,,,,,,,,,,,,,,,,,,,,
52392,,,0.9% normal saline,,,500,,,,,,,,09-MAR-26 12.15.00.000000 AM,,,,,,,,,,,,,,30909,,4953,9-Mar-26,4953,9-Mar-26,32886,,,,,,,,,,,,,,,,,,,,,,,,,
52406,,,RINGERS LACTATE ,,,500,,,,,,,,09-MAR-26 05.45.00.000000 PM,,,,,,,,,,,,,,30909,,4933,9-Mar-26,4933,9-Mar-26,32886,,,,,,,,,,,,,,,,,,,,,,,,,
52416,,582,,,,,,,,,,,,09-MAR-26 07.15.00.000000 PM,,,270,,,,,,,,,,,35756,,6405,9-Mar-26,6405,9-Mar-26,33117,,Clear,,,,,,,,,,,,,,,,,,,,,,,
52419,,582,,,,,,,,,,,,09-MAR-26 09.00.00.000000 PM,,,250,,,,,,,,,,,35756,,6405,9-Mar-26,6405,9-Mar-26,,,Clear,,,,,,,,,,,,,,,,,,,,,,,
52423,,582,5% D/s,,,500,,,,,,,,10-MAR-26 12.00.00.000000 AM,,,,,,,,,,,,,,31276,,6405,10-Mar-26,6405,10-Mar-26,,,to run for 8 hours,,,,,,,,,,,,,,,,,,,,,,,
52524,,542,water,,200,,,,,,,,,12-MAR-26 08.00.00.000000 PM,,,,,,,,,,,,,,35886,,6433,12-Mar-26,6433,12-Mar-26,,,,,,,,,,,,,,,,,,,,,,,,,,
52525,,542,Pap+water,,500,,,,,,,,,12-MAR-26 09.00.00.000000 PM,,,300,,,,,,,,,,,35886,,6433,12-Mar-26,6433,12-Mar-26,,,,,,,,,,,,,,,,,,,,,,,,,,
52527,,,water,,300,,,,,,,,,12-MAR-26 08.00.00.000000 PM,,,200,,,,,,,,,,,35822,,6433,12-Mar-26,4950,12-Mar-26,33344,,,,,,,,,,,,,,,,,,,,,,,,,
52563,,,N/Saline,,,500,,,,,,,,14-MAR-26 05.00.00.000000 AM,,,1000,,,,,,,,,,,35917,,4633,14-Mar-26,4633,14-Mar-26,33723,,,,,,,,,,,,,,,,,,,,,,,,,
52570,,,flagyl,,,100,,,,,,,,14-MAR-26 06.00.00.000000 AM,,,,,,,,,,,,,,35983,,5759,14-Mar-26,5759,14-Mar-26,33721,,,,,,,,,,,,,,,,,,,,,,,,,
52571,,582,water,,300,,,,,,,,,14-MAR-26 09.00.00.000000 AM,,,,,,,,,,,,,,35983,,5759,14-Mar-26,5759,14-Mar-26,,,,,,,,,,,,,,,,,,,,,,,,,,
52602,,582,5% Dextrose saline,,,300,,,,,,,,15-MAR-26 10.30.00.000000 AM,,,200,,,,,,,,,,,35983,,5482,15-Mar-26,5482,15-Mar-26,33754,,,,,,,,,,,,,,,,,,,,,,,,,
52603,,582,4.3% dextrose saline,,,500,,,,,,,,15-MAR-26 02.00.00.000000 PM,,,,,,,,,,,,,,35983,,5482,15-Mar-26,5482,15-Mar-26,33754,,,,,,,,,,,,,,,,,,,,,,,,,
52606,,582,normal saline,,,1000,,,,,,,,15-MAR-26 04.30.00.000000 PM,,,,,,,,,,,,,,35983,,5501,15-Mar-26,5501,15-Mar-26,33754,,intra op,,,,,,,,,,,,,,,,,,,,,,,
52623,,582,4.3% d/saline,,,500,,,,,,,,16-MAR-26 12.00.00.000000 AM,,,,,,,,,,,,,,35983,,5501,16-Mar-26,5501,16-Mar-26,33754,,,,,,,,,,,,,,,,,,,,,,,,,
52624,,582,4.3% d/saline,,,500,,,,,,,,16-MAR-26 12.30.00.000000 AM,,,,,,,,,,,,,,35999,,5501,16-Mar-26,5501,16-Mar-26,33761,,,,,,,,,,,,,,,,,,,,,,,,,
52626,,582,Febramol,,,50,,,,,,,,16-MAR-26 12.30.00.000000 AM,,,,,,,,,,,,,,35983,,5501,16-Mar-26,5501,16-Mar-26,33754,,,,,,,,,,,,,,,,,,,,,,,,,
52628,,582,,,,,,,,,,,,16-MAR-26 07.30.00.000000 AM,,,300,,,,,,,,,,,35983,,5501,16-Mar-26,5501,16-Mar-26,,,,,,,,,,,,,,,,,,,,,,,,,,
52629,,,tea,,100,,,,,,,,,16-MAR-26 08.00.00.000000 AM,,,,,,,,,,,,,,35999,,5501,16-Mar-26,5501,16-Mar-26,33761,,,,,,,,,,,,,,,,,,,,,,,,,
52639,,582,RINGERS LACTATE ,,,500,,,,,,,,16-MAR-26 06.15.00.000000 PM,,,,,,,,,,,,,,36000,,6117,16-Mar-26,6117,16-Mar-26,33767,,,,,,,,,,,,,,,,,,,,,,,,,
52653,,582,,,,,,,,,,,,16-MAR-26 06.15.00.000000 PM,,,100,,,,,,,,,,,35999,,6442,16-Mar-26,6442,16-Mar-26,,,,,,,,,,,,,,,,,,,,,,,,,,
52671,,542,5% Dextrose saline,,,500,,,,,,,,17-MAR-26 06.40.00.000000 AM,,,,,,,,,,,,,,36003,,5655,17-Mar-26,5655,17-Mar-26,,,,,,,,,,,,,,,,,,,,,,,,,,
52672,,542,5% Dextrose saline,,,500,,,,,,,,17-MAR-26 07.00.00.000000 AM,,,,,,,,,,,,,,33428,,5655,17-Mar-26,5655,17-Mar-26,33935,,,,,,,,,,,,,,,,,,,,,,,,,
52673,,542,,,,,,,,,,,,17-MAR-26 06.00.00.000000 AM,,,500,,,,,,,,,,,33428,,5655,17-Mar-26,5655,17-Mar-26,,,,,,,,,,,,,,,,,,,,,,,,,,
52678,,542,water,,500,,,,,,,,,17-MAR-26 09.15.00.000000 AM,,,,,,,,,,,,,,33428,,6433,17-Mar-26,6433,17-Mar-26,33935,,,,,,,,,,,,,,,,,,,,,,,,,
52683,,542,,,,,,,,,,,,17-MAR-26 08.30.00.000000 AM,,,,50,,,,,,,,,,35855,,6433,17-Mar-26,6433,17-Mar-26,33759,,,,,,,,,,,,,,,,,,,,,,,,,
52686,,,N/Saline+ 40i.u oxy,,,500,,,,,,,,17-MAR-26 08.30.00.000000 AM,,,,,,,,,,,,,,30860,,4953,17-Mar-26,4953,17-Mar-26,33969,,,,,,,,,,,,,,,,,,,,,,,,,
52688,,,water,,300,,,,,,,,,17-MAR-26 12.00.00.000000 PM,,,,,,,,,,,,,,30860,,4953,17-Mar-26,4953,17-Mar-26,,,,,,,,,,,,,,,,,,,,,,,,,,
52689,,542,,,,,,,,,,,,17-MAR-26 11.00.00.000000 AM,,,300,,,,,,,,,,,36003,,6405,17-Mar-26,6405,17-Mar-26,33778,,,,,,,,,,,,,,,,,,,,,,,,,
52712,,,water,,200,,,,,,,,,17-MAR-26 05.30.00.000000 PM,,,,,,,,,,,,,,33428,,6092,17-Mar-26,6092,17-Mar-26,,,,,,,,,,,,,,,,,,,,,,,,,,
52734,,582,water,,100,,,,,,,,,18-MAR-26 05.15.00.000000 AM,,,300,,,,,,,,,,,35999,,5759,18-Mar-26,5759,18-Mar-26,,,,,,,,,,,,,,,,,,,,,,,,,,
52777,,542,5% D/s,,,500,,,,,,,,19-MAR-26 01.00.00.000000 PM,,,,,,,,,,,,,,2318,,5981,19-Mar-26,5981,19-Mar-26,34213,,,,,,,,,,,,,,,,,,,,,,,,,
52823,,542,,,,,,,,,,,,22-MAR-26 01.15.00.000000 AM,,,200,,,,,,,,,,,36152,,6486,22-Mar-26,6486,22-Mar-26,,,,,,,,,,,,,,,,,,,,,,,,,,
52828,,,10%D/W+NORMAL SALINE,,,500,,,,,,,,23-MAR-26 12.00.00.000000 AM,,,,,,,,,,,,,,36168,,5981,23-Mar-26,5981,23-Mar-26,,,,,,,,,,,,,,,,,,,,,,,,,,
52836,,542,flagyl,,,100,,,,,,,,23-MAR-26 02.00.00.000000 PM,,,,,,,,,,,,,,36188,,5759,23-Mar-26,5759,23-Mar-26,34335,,,,,,,,,,,,,,,,,,,,,,,,,
52884,,582,normal saline,,,450,,,,,,,,24-MAR-26 03.00.00.000000 PM,,,,,,,,,,,,,,36231,,5926,24-Mar-26,5926,24-Mar-26,34499,,,,,,,,,,,,,,,,,,,,,,,,,
52896,,,,,,,,,,,,,,24-MAR-26 09.00.00.000000 PM,,,100,,,,,,,,,,,36188,,4927,24-Mar-26,4927,24-Mar-26,,,,,,,,,,,,,,,,,,,,,,,,,,
52907,,,PCM,,,100,,,,,,,,24-MAR-26 11.15.00.000000 PM,,,,,,,,,,,,,,36188,,5501,24-Mar-26,5501,24-Mar-26,,,,,,,,,,,,,,,,,,,,,,,,,,
52913,,542,normal saline,,,516,,,,,,,,25-MAR-26 06.45.00.000000 AM,,,,,,,,,,,,,,36299,,6117,25-Mar-26,6117,25-Mar-26,34719,,plus 8mg MgSo4 to run for 8hours,,,,,,,,,,,,,,,,,,,,,,,
52916,,,5% D/s,,,500,,,,,,,,25-MAR-26 06.45.00.000000 AM,,,,,,,,,,,,,,36231,,6497,25-Mar-26,6497,25-Mar-26,,,,,,,,,,,,,,,,,,,,,,,,,,
52918,,623,water,,100,,,,,,,,,25-MAR-26 07.30.00.000000 AM,,,,,,,,,,,,,,36188,,5501,25-Mar-26,5501,25-Mar-26,,,,,,,,,,,,,,,,,,,,,,,,,,
52919,,582,,,,,,,,,,,,25-MAR-26 09.30.00.000000 AM,,,100,,,,,,,,,,,36231,,6430,25-Mar-26,6430,25-Mar-26,34715,,,,,,,,,,,,,,,,,,,,,,,,,
52922,,,0.9% N/saline,,,3000,,,,,,,,25-MAR-26 03.00.00.000000 PM,,,,,,,,,,,,,,33891,,5482,25-Mar-26,5482,25-Mar-26,34699,,intra op,,,,,,,,,,,,,,,,,,,,,,,
52921,,,5% D/s in 1/2 saline,,,500,,,,,,,,25-MAR-26 03.00.00.000000 PM,,,,,,,,,,,,,,30330,,5482,25-Mar-26,5482,25-Mar-26,34732,,450mls over 12hrs,,,,,,,,,,,,,,,,,,,,,,,
52923,,,0.9% N/saline,,,500,,,,,,,,25-MAR-26 03.15.00.000000 PM,,,,,,,,,,,,,,33891,,5482,25-Mar-26,5482,25-Mar-26,,,intra op,,,,,,,,,,,,,,,,,,,,,,,
52924,,,,,,,,,,,,,,25-MAR-26 03.30.00.000000 PM,,,500,,,,,,,,,,,36299,,5482,25-Mar-26,5482,25-Mar-26,34719,,,,,,,,,,,,,,,,,,,,,,,,,
52925,,,5% D/s in 1/2 saline,,,500,,,,,,,,25-MAR-26 12.00.00.000000 PM,,,,,,,,,,,,,,36310,,5482,25-Mar-26,6092,25-Mar-26,34742,,over 12hrs,,,,,,,,,,,,,,,,,,,,,,,
52926,,542,d/sa,,,500,,,,,,,,25-MAR-26 04.00.00.000000 PM,,,,,,,,,,,,,,33891,,5482,25-Mar-26,5482,25-Mar-26,34699,,,,,,,,,,,,,,,,,,,,,,,,,
52927,,,water,,500,,,,,,,,,25-MAR-26 11.00.00.000000 AM,,,,,,,,,,,,,,36299,,4977,25-Mar-26,4977,25-Mar-26,34719,,,,,,,,,,,,,,,,,,,,,,,,,
52928,,,febramol and Flagyl,,,200,,,,,,,,25-MAR-26 06.00.00.000000 PM,,,,,,,,,,,,,,33891,,6092,25-Mar-26,6092,25-Mar-26,34699,,,,,,,,,,,,,,,,,,,,,,,,,
52929,,542,N/Saline + Magsulph,,,500,,,,,,,,25-MAR-26 05.30.00.000000 PM,,,,,,,,,,,,,,36299,,6092,25-Mar-26,6092,25-Mar-26,34719,,,,,,,,,,,,,,,,,,,,,,,,,
52930,,,,,,,,,,,,,,25-MAR-26 06.15.00.000000 PM,,,300,,,,,,,,,,,33891,,6092,25-Mar-26,6092,25-Mar-26,34699,,,,,,,,,,,,,,,,,,,,,,,,,
52931,,,,,,,,,,,,,,25-MAR-26 06.15.00.000000 PM,,,500,,,,,,,,,,,36299,,6092,25-Mar-26,6092,25-Mar-26,34719,,,,,,,,,,,,,,,,,,,,,,,,,
52932,,,water,,200,,,,,,,,,25-MAR-26 06.45.00.000000 PM,,,,,,,,,,,,,,36299,,6092,25-Mar-26,6092,25-Mar-26,34719,,,,,,,,,,,,,,,,,,,,,,,,,
52934,,,,,250,,,,,,,,,25-MAR-26 04.00.00.000000 PM,,,200,,50,,,,,,,,,36310,,6092,25-Mar-26,6092,25-Mar-26,,,,,,,,,,,,,,,,,,,,,,,,,,
52939,,,water,,300,,,,,,,,,25-MAR-26 10.00.00.000000 PM,,,,,,,,,,,,,,36299,,6092,25-Mar-26,6092,25-Mar-26,34719,,,,,,,,,,,,,,,,,,,,,,,,,
52936,,542,,,,,,,,,,,,25-MAR-26 03.00.00.000000 PM,,,300,,,,,,,,,,,33891,,5501,25-Mar-26,5501,25-Mar-26,,,urine emptied from the theater,,,,,,,,,,,,,,,,,,,,,,,
52937,,542,D/S,,,500,,,,,,,,25-MAR-26 01.00.00.000000 PM,,,,,,,,,,,,,,33891,,5501,25-Mar-26,5501,25-Mar-26,34699,,,,,,,,,,,,,,,,,,,,,,,,,
52938,,,Dextrose/ saline,,,500,,,,,,,,25-MAR-26 11.00.00.000000 PM,,,500,,,,,,,,,,,33891,,5501,25-Mar-26,5501,25-Mar-26,,,,,,,,,,,,,,,,,,,,,,,,,,
52940,,,maltina,,300,,,,,,,,,25-MAR-26 11.30.00.000000 PM,,,,,,,,,,,,,,36299,,6092,25-Mar-26,6092,25-Mar-26,,,,,,,,,,,,,,,,,,,,,,,,,,
52941,,,BF N/Saline,,,100,,,,,,,,26-MAR-26 12.00.00.000000 AM,,,,,,,,,,,,,,36299,,6092,26-Mar-26,6092,26-Mar-26,34719,,,,,,,,,,,,,,,,,,,,,,,,,
52942,,,B/F D/S,,,400,,,,,,,,26-MAR-26 12.00.00.000000 AM,,,,,,,,,,,,,,33891,,5501,26-Mar-26,5501,26-Mar-26,34699,,,,,,,,,,,,,,,,,,,,,,,,,
52943,,542,250 D/W + 250 N/S,,,112.5,,,,,,,,26-MAR-26 12.00.00.000000 AM,,,,,,,,,,,,,,30330,,6092,26-Mar-26,6092,26-Mar-26,34732,,BF,,,,,,,,,,,,,,,,,,,,,,,
52944,,542,5% Dext+1/2 saline,,200,500,,,,,,,,26-MAR-26 12.30.00.000000 AM,,,100,,,,,,,,,,,36310,,6092,26-Mar-26,6092,26-Mar-26,34742,,,,,,,,,,,,,,,,,,,,,,,,,
52945,,,normal saline+MGSO4,,,500,,,,,,,,26-MAR-26 01.30.00.000000 AM,,,,,,,,,,,,,,36299,,6092,26-Mar-26,6092,26-Mar-26,34719,,,,,,,,,,,,,,,,,,,,,,,,,
52947,,542,flagyl,,,100,,,,,,,,26-MAR-26 02.00.00.000000 AM,,,,,,,,,,,,,,33891,,5501,26-Mar-26,5501,26-Mar-26,34699,,,,,,,,,,,,,,,,,,,,,,,,,
52949,,542,0.9% normal saline,,,500,,,,,,,,26-MAR-26 05.00.00.000000 AM,,,,,,,,,,,,,,33891,,5501,26-Mar-26,5501,26-Mar-26,,,,,,,,,,,,,,,,,,,,,,,,,,
52288,,,water,,200,,,,,,,,,03-MAR-26 05.00.00.000000 PM,,,,,,,,,,,,,,35444,,4633,3-Mar-26,4633,3-Mar-26,,,,,,,,,,,,,,,,,,,,,,,,,,
52292,,,,,,,,,,,,,,04-MAR-26 02.00.00.000000 AM,,,400,,,,,,,,,,,35444,,4633,4-Mar-26,4633,4-Mar-26,,,,,,,,,,,,,,,,,,,,,,,,,,
52303,,,water,,300,,,,,,,,,04-MAR-26 08.00.00.000000 PM,,,300,,,,,,,,,,,35588,,4633,4-Mar-26,4633,4-Mar-26,,,,,,,,,,,,,,,,,,,,,,,,,,
52304,,,5% D/s,,,250,,,,,,,,04-MAR-26 10.00.00.000000 PM,,,,,,,,,,,,,,35588,,4633,4-Mar-26,4633,4-Mar-26,,,,,,,,,,,,,,,,,,,,,,,,,,
52315,,582,water,,200,,,,,,,,,05-MAR-26 11.00.00.000000 AM,,,,,,,,,,,,,,35625,,4651,5-Mar-26,4651,5-Mar-26,,,,,,,,,,,,,,,,,,,,,,,,,,
52317,,542,5% in half saline,,,500,,,,,,,,06-MAR-26 06.00.00.000000 AM,,,,,,,,,,,,,,35593,,5655,6-Mar-26,5759,6-Mar-26,32717,,,,,,,,,,,,,,,,,,,,,,,,,
52323,,,WATER,,500,,,,,,,,,06-MAR-26 02.30.00.000000 PM,,,,,,,,,,,,,,35698,,4611,6-Mar-26,4611,6-Mar-26,32719,,,,,,,,,,,,,,,,,,,,,,,,,
52328,,,flagyl,,,100,,,,,,,,06-MAR-26 08.30.00.000000 PM,,,,,,,,,,,,,,35698,,5759,6-Mar-26,5759,6-Mar-26,,,,,,,,,,,,,,,,,,,,,,,,,,
52379,,582,5% Dextrose saline,,,500,,,,,,,,09-MAR-26 04.20.00.000000 AM,,,,,,,,,,,,,,35756,,6430,9-Mar-26,6430,9-Mar-26,32895,,4hrrs,,,,,,,,,,,,,,,,,,,,,,,
52381,,582,febramol,,,1000,,,,,,,,09-MAR-26 04.00.00.000000 AM,,,,,,,,,,,,,,35756,,6430,9-Mar-26,6430,9-Mar-26,,,8hrly,,,,,,,,,,,,,,,,,,,,,,,
52382,,542,0.9% N/saline,,,500,,,,,,,,09-MAR-26 03.45.00.000000 AM,,,,,,,,,,,,,,30909,,6431,9-Mar-26,6431,9-Mar-26,32886,,,,,,,,,,,,,,,,,,,,,,,,,
52389,,582,N/Saline,,,500,,,,,,,,09-MAR-26 09.45.00.000000 AM,,,,,,,,,,,,,,35756,,6068,9-Mar-26,6068,9-Mar-26,32895,,,,,,,,,,,,,,,,,,,,,,,,,
52402,,542,R/L+50%Dextrose,,,500,,,,,,,,09-MAR-26 03.30.00.000000 PM,,,,,,,,,,,,,,35816,,5926,9-Mar-26,5926,9-Mar-26,33103,,,,,,,,,,,,,,,,,,,,,,,,,
52403,,542,5% Dextrose saline,,,500,,,,,,,,09-MAR-26 02.45.00.000000 PM,,,,,,,,,,,,,,31276,,5926,9-Mar-26,5926,9-Mar-26,33004,,,,,,,,,,,,,,,,,,,,,,,,,
52420,,582,,,,,,,,,,,,09-MAR-26 08.30.00.000000 PM,,,200,,,,,,,,,,,31276,,6405,9-Mar-26,6405,9-Mar-26,33004,,,,,,,,,,,,,,,,,,,,,,,,,
52424,,542,,,,,,,,,,,,10-MAR-26 01.45.00.000000 AM,,,250,,,,,,,,,,,35816,,6427,10-Mar-26,6427,10-Mar-26,33103,,,,,,,,,,,,,,,,,,,,,,,,,
52425,,542,R/LACTATE,,250,500,,,,,,,,10-MAR-26 06.15.00.000000 AM,,,200,,,,,,,,,,,30909,,6427,10-Mar-26,6427,10-Mar-26,33116,,,,,,,,,,,,,,,,,,,,,,,,,
52442,,,5% Dextrose saline,,,500,,,,,,,,11-MAR-26 01.30.00.000000 PM,,,,,,,,,,,,,,35886,,4633,11-Mar-26,4633,11-Mar-26,33329,,,,,,,,,,,,,,,,,,,,,,,,,
52461,,542,5% D/s,,,500,,,,,,,,11-MAR-26 08.45.00.000000 PM,,,,,,,,,,,,,,35596,,4950,11-Mar-26,4950,11-Mar-26,33314,,,,,,,,,,,,,,,,,,,,,,,,,
52489,,,normal saline,,,500,,,,,,,,12-MAR-26 07.30.00.000000 AM,,,,,,,,,,,,,,35822,,4953,12-Mar-26,4953,12-Mar-26,33344,,,,,,,,,,,,,,,,,,,,,,,,,
52520,,542,,,300,,,,,,,,,12-MAR-26 08.00.00.000000 PM,,,,,,,,,,,,,,35875,,6068,12-Mar-26,6068,12-Mar-26,,,,,,,,,,,,,,,,,,,,,,,,,,
52554,,,5%D/SALINE+20I.U OXY,,,500,,,,,,,,13-MAR-26 05.00.00.000000 PM,,,,,,,,,,,,,,35917,,4633,13-Mar-26,4633,13-Mar-26,33445,,,,,,,,,,,,,,,,,,,,,,,,,
52567,,,,,,,,,,,,,,14-MAR-26 06.30.00.000000 AM,,,400,,,,,,,,,,,35983,,6429,14-Mar-26,6429,14-Mar-26,,,,,,,,,,,,,,,,,,,,,,,,,,
52579,,,,,,,,,,,,,,14-MAR-26 09.45.00.000000 AM,,,400,,,,,,,,,,,35981,,6445,14-Mar-26,6445,14-Mar-26,,,,,,,,,,,,,,,,,,,,,,,,,,
52586,,,,,,,,,,,,,,14-MAR-26 04.00.00.000000 PM,,,300,,,,,,,,,,,35983,,5759,14-Mar-26,5759,14-Mar-26,33721,,,,,,,,,,,,,,,,,,,,,,,,,
52627,,,,,,,,,,,,,,16-MAR-26 12.15.00.000000 AM,,,100,,,,,,,,,,,35983,,5501,16-Mar-26,5501,16-Mar-26,,,,,,,,,,,,,,,,,,,,,,,,,,
52633,,582,,,,,,,,,,,,16-MAR-26 11.15.00.000000 AM,,,200,,,,,,,,,,,35999,,5926,16-Mar-26,5926,16-Mar-26,33761,,clear,,,,,,,,,,,,,,,,,,,,,,,
52681,,582,Warm water,,20,,,,,,,,,17-MAR-26 12.30.00.000000 PM,,,,,,,,,,,,,,35983,,6405,17-Mar-26,6405,17-Mar-26,,,,,,,,,,,,,,,,,,,,,,,,,,
52644,,542,water,,500,,,,,,,,,16-MAR-26 07.20.00.000000 PM,,,,,,,,,,,,,,33428,,5655,16-Mar-26,5655,16-Mar-26,,,,,,,,,,,,,,,,,,,,,,,,,,
52657,,542,,,,,,,,,,,,16-MAR-26 09.40.00.000000 PM,,,800,,,,,,,,,,,33428,,5655,16-Mar-26,5655,16-Mar-26,,,,,,,,,,,,,,,,,,,,,,,,,,
52660,,582,4.3% dextrose saline,,,500,,,,,,,,16-MAR-26 10.00.00.000000 PM,,,,,,,,,,,,,,35983,,6442,16-Mar-26,6442,16-Mar-26,33754,,,,,,,,,,,,,,,,,,,,,,,,,
52680,,582,Metronidazole ,,,100,,,,,,,,17-MAR-26 10.00.00.000000 AM,,,,,,,,,,,,,,35983,,6405,17-Mar-26,6405,17-Mar-26,33754,,,,,,,,,,,,,,,,,,,,,,,,,
52665,,582,4.3% dextrose saline,,,500,,,,,,,,17-MAR-26 03.30.00.000000 AM,,,,,,,,,,,,,,35983,,6117,17-Mar-26,6117,17-Mar-26,33754,,,,,,,,,,,,,,,,,,,,,,,,,
52666,,582,,,,,,,,,,,,17-MAR-26 04.30.00.000000 AM,,,300,,,,,,,,,,,36000,,6117,17-Mar-26,6117,17-Mar-26,33767,,,,,,,,,,,,,,,,,,,,,,,,,
52690,,542,tea,,200,,,,,,,,,17-MAR-26 09.00.00.000000 AM,,,,,,,,,,,,,,36003,,6405,17-Mar-26,6405,17-Mar-26,,,,,,,,,,,,,,,,,,,,,,,,,,
52700,,542,water,,500,,,,,,,,,17-MAR-26 12.00.00.000000 PM,,,,,,,,,,,,,,33428,,6433,17-Mar-26,6433,17-Mar-26,33935,,,,,,,,,,,,,,,,,,,,,,,,,
52701,,542,water,,500,,,,,,,,,17-MAR-26 02.30.00.000000 PM,,,,,,,,,,,,,,33428,,6433,17-Mar-26,6433,17-Mar-26,,,,,,,,,,,,,,,,,,,,,,,,,,
52702,,542,,,,,,,,,,,,17-MAR-26 02.00.00.000000 PM,,,300,,,,,,,,,,,33428,,6433,17-Mar-26,6433,17-Mar-26,,,,,,,,,,,,,,,,,,,,,,,,,,
52703,,542,,,,,,,,,,,,17-MAR-26 11.00.00.000000 AM,,,300,,,,,,,,,,,33428,,6433,17-Mar-26,6433,17-Mar-26,,,,,,,,,,,,,,,,,,,,,,,,,,
52706,,,water,,20,,,,,,,,,17-MAR-26 01.45.00.000000 PM,,,,,,,,,,,,,,35983,,6405,17-Mar-26,6405,17-Mar-26,33754,,,,,,,,,,,,,,,,,,,,,,,,,
52713,,542,,,,,,,,,,,,17-MAR-26 07.15.00.000000 PM,,,500,,,,,,,,,,,30860,,6431,17-Mar-26,6431,17-Mar-26,33969,,,,,,,,,,,,,,,,,,,,,,,,,
52716,,582,water,,200,,,,,,,,,17-MAR-26 07.15.00.000000 PM,,,,,,,,,,,,,,35999,,5759,17-Mar-26,5759,17-Mar-26,,,,,,,,,,,,,,,,,,,,,,,,,,
52722,,,,,,,,,,,,,,17-MAR-26 07.15.00.000000 AM,,,250,,,,,,,,,,,36003,,6092,17-Mar-26,6092,17-Mar-26,,,,,,,,,,,,,,,,,,,,,,,,,,
52780,,582,ringers lactate,,,500,,,,,,,,19-MAR-26 05.45.00.000000 PM,,,,,,,,,,,,,,2318,,6430,19-Mar-26,6430,19-Mar-26,34213,,,,,,,,,,,,,,,,,,,,,,,,,
52783,,542,,,,,,,,,,,,19-MAR-26 11.45.00.000000 PM,,,200,,,,,,,,,,,2318,,5482,19-Mar-26,5482,19-Mar-26,34213,,,,,,,,,,,,,,,,,,,,,,,,,
52792,,,normal saline,,,500,,,,,,,,20-MAR-26 07.00.00.000000 AM,,,,,,,,,,,,,,36150,,4611,20-Mar-26,4611,20-Mar-26,,,,,,,,,,,,,,,,,,,,,,,,,,
52804,,582,CIPROFLOXAXIN,,,100,,,,,,,,20-MAR-26 03.00.00.000000 AM,,,,,,,,,,,,,,36150,,6430,20-Mar-26,6430,20-Mar-26,34252,,,,,,,,,,,,,,,,,,,,,,,,,
52810,,582,water,,150,,,,,,,,,20-MAR-26 08.00.00.000000 PM,,,,,,,,,,,,,,36150,,6430,20-Mar-26,6430,20-Mar-26,,,,,,,,,,,,,,,,,,,,,,,,,,
52813,,582,,,,,,,,,,,,20-MAR-26 10.45.00.000000 PM,,,200,,,,,,,,,,,36150,,6430,20-Mar-26,6430,20-Mar-26,34252,,,,,,,,,,,,,,,,,,,,,,,,,
52817,,542,RINGERS LACTATE ,,,500,,,,,,,,21-MAR-26 09.30.00.000000 AM,,,100,,,,,,,,,,,36157,,6427,21-Mar-26,6427,21-Mar-26,34266,,,,,,,,,,,,,,,,,,,,,,,,,
52822,,542,normal saline,,,500,,,,,,,,22-MAR-26 12.00.00.000000 AM,,,,,,,,,,,,,,36152,,6486,22-Mar-26,6486,22-Mar-26,,,,,,,,,,,,,,,,,,,,,,,,,,
52824,,542,water,,300,,,,,,,,,22-MAR-26 01.30.00.000000 AM,,,,,,,,,,,,,,36152,,6486,22-Mar-26,6486,22-Mar-26,,,,,,,,,,,,,,,,,,,,,,,,,,
52825,,542,,,,,,,,,,,,22-MAR-26 12.00.00.000000 AM,,,350,,,,,,,,,,,36157,,6486,22-Mar-26,6486,22-Mar-26,,,,,,,,,,,,,,,,,,,,,,,,,,
52830,,,febramol,,,50,,,,,,,,23-MAR-26 07.00.00.000000 AM,,,,,,,,,,,,,,36166,,5981,23-Mar-26,5981,23-Mar-26,,,,,,,,,,,,,,,,,,,,,,,,,,
52835,,542,ciprofloxacin,,,100,,,,,,,,23-MAR-26 01.45.00.000000 PM,,,200,,,,,,,,,,,36188,,5759,23-Mar-26,5759,23-Mar-26,34335,,,,,,,,,,,,,,,,,,,,,,,,,
52837,,542,pcm,,,100,,,,,,,,23-MAR-26 02.15.00.000000 PM,,,,,,,,,,,,,,36188,,5759,23-Mar-26,5759,23-Mar-26,34335,,,,,,,,,,,,,,,,,,,,,,,,,
52843,,582,normal saline,,,500,,,,,,,,23-MAR-26 05.45.00.000000 PM,,,,,,,,,,,,,,36231,,6497,23-Mar-26,6497,23-Mar-26,34499,,,,,,,,,,,,,,,,,,,,,,,,,
52878,,582,normal saline,,,500,,,,,,,,24-MAR-26 03.00.00.000000 PM,,,100,,,,,,,,,,,31970,,5926,24-Mar-26,6497,24-Mar-26,34650,,,,,,,,,,,,,,,,,,,,,,,,,
52879,,,WATER,,100,,,,,,,,,24-MAR-26 03.15.00.000000 PM,,,,,,,,,,,,,,31754,,4611,24-Mar-26,4611,24-Mar-26,,,3:10pm,,,,,,,,,,,,,,,,,,,,,,,
52885,,542,N/Saline,,,500,,,,,,,,24-MAR-26 04.30.00.000000 PM,,,,,,,,,,,,,,31754,,5990,24-Mar-26,5990,24-Mar-26,34441,,,,,,,,,,,,,,,,,,,,,,,,,
52886,,,5% D/s,,,500,,,,,,,,24-MAR-26 05.00.00.000000 PM,,,,,,,,,,,,,,36188,,4927,24-Mar-26,4927,24-Mar-26,34335,,,,,,,,,,,,,,,,,,,,,,,,,
52905,,582,,,,,,,,,,,,24-MAR-26 10.30.00.000000 PM,,,300,,,,,,,,,,,36231,,6497,24-Mar-26,6497,24-Mar-26,34715,,less concentrated,,,,,,,,,,,,,,,,,,,,,,,
52906,,,flagyl,,,100,,,,,,,,24-MAR-26 11.00.00.000000 PM,,,,,,,,,,,,,,36188,,5501,24-Mar-26,5501,24-Mar-26,34335,,,,,,,,,,,,,,,,,,,,,,,,,
52908,,,,,,,,,,,,,,24-MAR-26 10.30.00.000000 PM,,,50,,,,,,,,,,,36188,,5501,24-Mar-26,5501,24-Mar-26,34335,,,,,,,,,,,,,,,,,,,,,,,,,
52912,,,,,,,,,,,,,,25-MAR-26 01.15.00.000000 AM,,,300,,,,,,,,,,,36231,,6429,25-Mar-26,6429,25-Mar-26,,,,,,,,,,,,,,,,,,,,,,,,,,
52933,,542,Tea and water,,250,,,,,,,,,25-MAR-26 07.54.00.000000 PM,,,,,,,,,,,,,,30330,,5501,25-Mar-26,5501,25-Mar-26,34732,,,,,,,,,,,,,,,,,,,,,,,,,
52946,,542,5%dextros in 1/2 N/S,,,450,,,,,,,,26-MAR-26 03.20.00.000000 AM,,,,,,,,,,,,,,30330,,6092,26-Mar-26,6092,26-Mar-26,34732,,,,,,,,,,,,,,,,,,,,,,,,,
52948,,542,PCM,,,100,,,,,,,,26-MAR-26 02.00.00.000000 AM,,,,,,,,,,,,,,33891,,5501,26-Mar-26,5501,26-Mar-26,,,,,,,,,,,,,,,,,,,,,,,,,,
52950,,542,,,,,,,,,,,,26-MAR-26 06.00.00.000000 AM,,,1300,,,,,,,,,,,33891,,5501,26-Mar-26,5501,26-Mar-26,,,,,,,,,,,,,,,,,,,,,,,,,,
52951,,,,,,,,,,,,,,26-MAR-26 06.15.00.000000 AM,,,300,,,,,,,,,,,36299,,6092,26-Mar-26,6092,26-Mar-26,34719,,,,,,,,,,,,,,,,,,,,,,,,,
52952,,,water,,250,,,,,,,,,26-MAR-26 06.30.00.000000 AM,,,,,,,,,,,,,,36299,,6092,26-Mar-26,6092,26-Mar-26,,,,,,,,,,,,,,,,,,,,,,,,,,
52953,,,water,,250,,,,,,,,,26-MAR-26 06.30.00.000000 AM,,,,,,,,,,,,,,36299,,6092,26-Mar-26,6092,26-Mar-26,,,,,,,,,,,,,,,,,,,,,,,,,,
52954,,,water,,250,,,,,,,,,26-MAR-26 06.30.00.000000 AM,,,,,,,,,,,,,,36299,,6092,26-Mar-26,6092,26-Mar-26,,,,,,,,,,,,,,,,,,,,,,,,,,
52955,,542,,,,,,,,,,,,26-MAR-26 08.00.00.000000 AM,,,700,,,,,,,,,,,33891,,5501,26-Mar-26,5501,26-Mar-26,34699,,,,,,,,,,,,,,,,,,,,,,,,,
52956,,582,N/S,,,500,,,,,,,,26-MAR-26 09.30.00.000000 AM,,,,,,,,,,,,,,30796,,6405,26-Mar-26,6405,26-Mar-26,34822,,To run for 4 hrs,,,,,,,,,,,,,,,,,,,,,,,
52957,,582,Pap and water,,400,,,,,,,,,26-MAR-26 08.15.00.000000 AM,,,,,,,,,,,,,,30796,,6405,26-Mar-26,6405,26-Mar-26,,,Well tolerated,,,,,,,,,,,,,,,,,,,,,,,
52958,,582,,,,,,,,,,,,26-MAR-26 08.45.00.000000 AM,,,,300,,,,,,,,,,30796,,6405,26-Mar-26,6405,26-Mar-26,,,Vomitted at 8:50am,,,,,,,,,,,,,,,,,,,,,,,
52959,,542,,,,,,,,,,,,26-MAR-26 11.00.00.000000 AM,,,200,,,,,,,,,,,36299,,4950,26-Mar-26,4950,26-Mar-26,34719,,,,,,,,,,,,,,,,,,,,,,,,,
52960,,542,water,,500,,,,,,,,,26-MAR-26 10.00.00.000000 AM,,,,,,,,,,,,,,36299,,4950,26-Mar-26,4950,26-Mar-26,,,,,,,,,,,,,,,,,,,,,,,,,,
52961,,542,0.9% normal saline,,,500,,,,,,,,26-MAR-26 12.30.00.000000 PM,,,,,,,,,,,,,,33891,,4574,26-Mar-26,4574,26-Mar-26,34699,,,,,,,,,,,,,,,,,,,,,,,,,
52962,,542,5% D/s,,,500,,,,,,,,26-MAR-26 08.00.00.000000 AM,,,,,,,,,,,,,,33891,,4574,26-Mar-26,4574,26-Mar-26,34699,,,,,,,,,,,,,,,,,,,,,,,,,
52291,,,5% D/s,,,250,,,,,,,,04-MAR-26 12.00.00.000000 AM,,,,,,,,,,,,,,35444,,4633,4-Mar-26,4633,4-Mar-26,,,,,,,,,,,,,,,,,,,,,,,,,,
52331,,,Febramol,,,100,,,,,,,,07-MAR-26 07.30.00.000000 AM,,,,,,,,,,,,,,35698,,5655,7-Mar-26,5655,7-Mar-26,,,,,,,,,,,,,,,,,,,,,,,,,,
52334,,,,,,,,,,,,,,07-MAR-26 06.15.00.000000 AM,,,200,,,,,,,,,,,35698,,5655,7-Mar-26,5655,7-Mar-26,,,,,,,,,,,,,,,,,,,,,,,,,,
52346,,582,5% Dextrose saline,,,500,,,,,,,,08-MAR-26 10.15.00.000000 AM,,,,,,,,,,,,,,35748,,4972,8-Mar-26,4972,8-Mar-26,,,,,,,,,,,,,,,,,,,,,,,,,,
52347,,582,ciprofloxacin,,,100,,,,,,,,08-MAR-26 12.00.00.000000 PM,,,,,,,,,,,,,,35748,,6068,8-Mar-26,6068,8-Mar-26,32887,,,,,,,,,,,,,,,,,,,,,,,,,
52348,,582,flagyl,,,100,,,,,,,,08-MAR-26 12.15.00.000000 PM,,,,,,,,,,,,,,35748,,6068,8-Mar-26,6068,8-Mar-26,,,,,,,,,,,,,,,,,,,,,,,,,,
52349,,582,febramol,,,100,,,,,,,,08-MAR-26 12.45.00.000000 PM,,,,,,,,,,,,,,35748,,6068,8-Mar-26,6068,8-Mar-26,,,,,,,,,,,,,,,,,,,,,,,,,,
52360,,582,ringers lactate ,,,2000,,,,,,,,08-MAR-26 06.15.00.000000 PM,,,,,,,,,,,,,,35756,,6430,8-Mar-26,6430,8-Mar-26,32895,,FAST,,,,,,,,,,,,,,,,,,,,,,,
52361,,582,,,,,,,,,,,,08-MAR-26 06.30.00.000000 PM,,,100,,,,,,,,,,,35756,,6430,8-Mar-26,6430,8-Mar-26,,,CONCENTRATED,,,,,,,,,,,,,,,,,,,,,,,
52362,,,febramol,,,100,,,,,,,,08-MAR-26 08.00.00.000000 PM,,,,,,,,,,,,,,35756,,6430,8-Mar-26,6430,8-Mar-26,,,,,,,,,,,,,,,,,,,,,,,,,,
52363,,,METRONIDAZOLE,,,100,,,,,,,,08-MAR-26 08.15.00.000000 PM,,,,,,,,,,,,,,35756,,6430,8-Mar-26,6430,8-Mar-26,,,,,,,,,,,,,,,,,,,,,,,,,,
52364,,,5% D/Saline,,,500,,,,,,,,08-MAR-26 08.15.00.000000 PM,,,,,,,,,,,,,,35756,,6430,8-Mar-26,6430,8-Mar-26,,,,,,,,,,,,,,,,,,,,,,,,,,
52365,,542,ciprofloxacine,,,100,,,,,,,,08-MAR-26 08.45.00.000000 PM,,,,,,,,,,,,,,35698,,6431,8-Mar-26,6431,8-Mar-26,32884,,,,,,,,,,,,,,,,,,,,,,,,,
52366,,542,metronidazone,,,100,,,,,,,,08-MAR-26 09.00.00.000000 PM,,,,,,,,,,,,,,35698,,6431,8-Mar-26,6431,8-Mar-26,,,,,,,,,,,,,,,,,,,,,,,,,,
52378,,582,normal saline,,,500,,,,,,,,09-MAR-26 12.03.00.000000 AM,,,,,,,,,,,,,,35756,,6430,9-Mar-26,6430,9-Mar-26,32895,,over 4hrs,,,,,,,,,,,,,,,,,,,,,,,
52376,,542,metronidazole,,,100,,,,,,,,08-MAR-26 11.00.00.000000 PM,,,,,,,,,,,,,,30909,,6431,8-Mar-26,6431,8-Mar-26,32886,,,,,,,,,,,,,,,,,,,,,,,,,
52377,,542,0.9% N/saline,,,500,,,,,,,,08-MAR-26 11.30.00.000000 PM,,,150,,,,,,,,,,,30909,,6431,8-Mar-26,6431,8-Mar-26,32886,,,,,,,,,,,,,,,,,,,,,,,,,
52380,,582,flagyl,,,500,,,,,,,,09-MAR-26 04.00.00.000000 AM,,,,,,,,,,,,,,35756,,6430,9-Mar-26,6430,9-Mar-26,,,8hrly,,,,,,,,,,,,,,,,,,,,,,,
52387,,542,5%d/saline,,,500,,,,,,,,09-MAR-26 07.45.00.000000 AM,,,,,,,,,,,,,,30909,,6431,9-Mar-26,6431,9-Mar-26,32886,,,,,,,,,,,,,,,,,,,,,,,,,
52388,,542,,,,,,,,,,,,09-MAR-26 07.45.00.000000 AM,,,,150,,,,,,,,,,30909,,6431,9-Mar-26,6431,9-Mar-26,,,,,,,,,,,,,,,,,,,,,,,,,,
52415,,582,water,,750,,,,,,,,,09-MAR-26 06.45.00.000000 PM,,,,,,,,,,,,,,35756,,6405,9-Mar-26,6405,9-Mar-26,,,,,,,,,,,,,,,,,,,,,,,,,,
52417,,582,Water,,750,,,,,,,,,09-MAR-26 08.45.00.000000 PM,,,,,,,,,,,,,,35756,,6405,9-Mar-26,6405,9-Mar-26,,,,,,,,,,,,,,,,,,,,,,,,,,
52418,,582,,,,,,,,,,,,09-MAR-26 08.45.00.000000 PM,,,350,,,,,,,,,,,35756,,6405,9-Mar-26,6405,9-Mar-26,,,Clear,,,,,,,,,,,,,,,,,,,,,,,
52434,,542,,,,,,,,,,,,11-MAR-26 12.30.00.000000 AM,,,120,,,,,,,,,,,35816,,6405,11-Mar-26,6405,11-Mar-26,33294,,,,,,,,,,,,,,,,,,,,,,,,,
52436,,542,ORS,,200,,,,,,,,,11-MAR-26 12.30.00.000000 AM,,,,,,,,,,,,,,35816,,6405,11-Mar-26,6405,11-Mar-26,,,,,,,,,,,,,,,,,,,,,,,,,,
52450,,542,50% d/w+450 ringers,,,500,,,,,,,,11-MAR-26 03.00.00.000000 PM,,,,,,,,,,,,,,35816,,5759,11-Mar-26,5759,11-Mar-26,33294,,,,,,,,,,,,,,,,,,,,,,,,,
52456,,542,water,,200,,,,,,,,,11-MAR-26 09.00.00.000000 PM,,,,,,,,,,,,,,34890,,4950,11-Mar-26,4950,11-Mar-26,,,,,,,,,,,,,,,,,,,,,,,,,,
52457,,542,,,,,,,,,,,,11-MAR-26 05.00.00.000000 PM,,,,200,,,,,,,,,,35596,,4950,11-Mar-26,4950,11-Mar-26,33314,,,,,,,,,,,,,,,,,,,,,,,,,
52458,,542,,,,,,,,,,,,11-MAR-26 06.00.00.000000 PM,,,200,,,,,,,,,,,35596,,4950,11-Mar-26,4950,11-Mar-26,,,,,,,,,,,,,,,,,,,,,,,,,,
52459,,542,,,,,,,,,,,,11-MAR-26 07.00.00.000000 PM,,,,100,,,,,,,,,,35596,,4950,11-Mar-26,4950,11-Mar-26,,,,,,,,,,,,,,,,,,,,,,,,,,
52460,,542,pap + water,,200,,,,,,,,,11-MAR-26 08.00.00.000000 PM,,,300,,,,,,,,,,,35816,,4950,11-Mar-26,4950,11-Mar-26,33294,,,,,,,,,,,,,,,,,,,,,,,,,
52476,,542,BF D/s + 1/2 saline,,,200,,,,,,,,12-MAR-26 12.00.00.000000 AM,,,,,,,,,,,,,,34890,,4950,12-Mar-26,4950,12-Mar-26,33296,,,,,,,,,,,,,,,,,,,,,,,,,
52477,,542,BF N/Saline,,,400,,,,,,,,12-MAR-26 12.00.00.000000 AM,,,,,,,,,,,,,,35875,,4950,12-Mar-26,4950,12-Mar-26,33295,,,,,,,,,,,,,,,,,,,,,,,,,
52478,,542,ciprofloxacin,,,100,,,,,,,,12-MAR-26 02.00.00.000000 AM,,,,,,,,,,,,,,35875,,4950,12-Mar-26,4950,12-Mar-26,,,,,,,,,,,,,,,,,,,,,,,,,,
52479,,542,5% D/s,,,200,,,,,,,,12-MAR-26 12.00.00.000000 AM,,,,,,,,,,,,,,35596,,4950,12-Mar-26,4950,12-Mar-26,33314,,,,,,,,,,,,,,,,,,,,,,,,,
52480,,542,5% D/s,,,500,,,,,,,,12-MAR-26 02.00.00.000000 AM,,,,,,,,,,,,,,35596,,4950,12-Mar-26,4950,12-Mar-26,,,,,,,,,,,,,,,,,,,,,,,,,,
52492,,,normal saline,,,500,,,,,,,,12-MAR-26 09.45.00.000000 AM,,,,,,,,,,,,,,35886,,5501,12-Mar-26,5501,12-Mar-26,33329,,to run for 4hrs,,,,,,,,,,,,,,,,,,,,,,,
52493,,,water,,200,,,,,,,,,12-MAR-26 10.00.00.000000 AM,,,,,,,,,,,,,,35886,,5501,12-Mar-26,5501,12-Mar-26,33329,,,,,,,,,,,,,,,,,,,,,,,,,
52498,,,,,,,,,,,,,,12-MAR-26 12.45.00.000000 PM,,,250,,,,,,,,,,,35822,,5501,12-Mar-26,5501,12-Mar-26,33344,,,,,,,,,,,,,,,,,,,,,,,,,
52503,,,water,,400,,,,,,,,,12-MAR-26 04.00.00.000000 PM,,,,,,,,,,,,,,35886,,5501,12-Mar-26,5501,12-Mar-26,33329,,,,,,,,,,,,,,,,,,,,,,,,,
52514,,,,,,,,,,,,,,12-MAR-26 05.30.00.000000 PM,,,,50,,,,,,,,,,35816,,4927,12-Mar-26,4927,12-Mar-26,33343,,,,,,,,,,,,,,,,,,,,,,,,,
52515,,,,,50,,,,,,,,,12-MAR-26 04.45.00.000000 PM,,,,,,,,,,,,,,35816,,4927,12-Mar-26,4927,12-Mar-26,,,,,,,,,,,,,,,,,,,,,,,,,,
52516,,,5% Dextrose in 1/2 s,,,500,,,,,,,,12-MAR-26 08.00.00.000000 AM,,,,,,,,,,,,,,34890,,4927,12-Mar-26,4927,12-Mar-26,33296,,,,,,,,,,,,,,,,,,,,,,,,,
52517,,,,,,,,,,,,,,12-MAR-26 06.00.00.000000 PM,,,70,,,,,,,,,,,34890,,4927,12-Mar-26,4927,12-Mar-26,,,,,,,,,,,,,,,,,,,,,,,,,,
52518,,,,,,,,,,,,,,12-MAR-26 08.30.00.000000 PM,,,150,,,,,,,,,,,34890,,4927,12-Mar-26,4927,12-Mar-26,,,,,,,,,,,,,,,,,,,,,,,,,,
52519,,542,0.9% N/saline,,,500,,,,,,,,12-MAR-26 08.45.00.000000 PM,,,,,,,,,,,,,,35875,,6068,12-Mar-26,6068,12-Mar-26,33295,,,,,,,,,,,,,,,,,,,,,,,,,
52522,,582,,,,,,,,,,,,12-MAR-26 05.00.00.000000 PM,,,100,,,,,,,,,,,35822,,6433,12-Mar-26,6433,12-Mar-26,33344,,,,,,,,,,,,,,,,,,,,,,,,,
52523,,582,water,,300,,,,,,,,,12-MAR-26 06.00.00.000000 PM,,,200,,,,,,,,,,,35822,,6433,12-Mar-26,6433,12-Mar-26,,,,,,,,,,,,,,,,,,,,,,,,,,
52564,,,febramol,,,100,,,,,,,,14-MAR-26 06.00.00.000000 AM,,,,,,,,,,,,,,35917,,4633,14-Mar-26,4633,14-Mar-26,33723,,,,,,,,,,,,,,,,,,,,,,,,,
52565,,,flagyl,,,100,,,,,,,,14-MAR-26 06.00.00.000000 AM,,,,,,,,,,,,,,35917,,4633,14-Mar-26,4633,14-Mar-26,,,,,,,,,,,,,,,,,,,,,,,,,,
52566,,,5% D/s,,,500,,,,,,,,14-MAR-26 07.15.00.000000 AM,,,,,,,,,,,,,,35983,,6429,14-Mar-26,6429,14-Mar-26,,,,,,,,,,,,,,,,,,,,,,,,,,
52572,,,water,,200,,,,,,,,,14-MAR-26 01.15.00.000000 PM,,,,,,,,,,,,,,35983,,5759,14-Mar-26,5759,14-Mar-26,33721,,,,,,,,,,,,,,,,,,,,,,,,,
52578,,542,,,,,,,,,,,,14-MAR-26 08.30.00.000000 AM,,,500,,,,,,,,,,,35981,,6445,14-Mar-26,6445,14-Mar-26,33716,,,,,,,,,,,,,,,,,,,,,,,,,
52580,,542,,,,,,,,,,,,14-MAR-26 12.00.00.000000 PM,,,150,,,,,,,,,,,35981,,6445,14-Mar-26,6445,14-Mar-26,,,,,,,,,,,,,,,,,,,,,,,,,,
52584,,542,blood,,,450,,,,,,,,14-MAR-26 03.15.00.000000 PM,,,,,,,,,,,,,,35981,,6445,14-Mar-26,6445,14-Mar-26,,,,,,,,,,,,,,,,,,,,,,,,,,
52588,,582,5% D/Saline,,,500,,,,,,,,14-MAR-26 06.30.00.000000 PM,,,,,,,,,,,,,,35983,,5501,14-Mar-26,5501,14-Mar-26,33721,,,,,,,,,,,,,,,,,,,,,,,,,
52599,,,flagyl,,,100,,,,,,,,15-MAR-26 06.00.00.000000 AM,,,,,,,,,,,,,,35917,,4633,15-Mar-26,4633,15-Mar-26,,,,,,,,,,,,,,,,,,,,,,,,,,
52608,,582,5% D/s,,,500,,,,,,,,15-MAR-26 07.00.00.000000 PM,,,,,,,,,,,,,,35999,,5501,15-Mar-26,5501,15-Mar-26,33761,,,,,,,,,,,,,,,,,,,,,,,,,
52609,,542,5% in 1/2 saline 500,,,250,,,,,,,,15-MAR-26 07.00.00.000000 PM,,,,,,,,,,,,,,35855,,5655,15-Mar-26,5655,15-Mar-26,33759,,,,,,,,,,,,,,,,,,,,,,,,,
52682,,582,,,,,,,,,,,,17-MAR-26 12.45.00.000000 PM,,,200,,,,,,,,,,,35983,,6405,17-Mar-26,6405,17-Mar-26,,,,,,,,,,,,,,,,,,,,,,,,,,
52632,,582,,,,,,,,,,,,16-MAR-26 09.00.00.000000 AM,,,200,,,,,,,,,,,35983,,6430,16-Mar-26,6430,16-Mar-26,33754,,clear,,,,,,,,,,,,,,,,,,,,,,,
52696,,,pap +water,,500,,,,,,,,,17-MAR-26 02.00.00.000000 PM,,,,,,,,,,,,,,30860,,4953,17-Mar-26,4953,17-Mar-26,33969,,,,,,,,,,,,,,,,,,,,,,,,,
52684,,542,FOOD ,,40,,,,,,,,,17-MAR-26 10.30.00.000000 AM,,,,,,,,,,,,,,35855,,6433,17-Mar-26,6433,17-Mar-26,,,,,,,,,,,,,,,,,,,,,,,,,,
52704,,542,maltina,,100,,,,,,,,,17-MAR-26 03.00.00.000000 PM,,,,,,,,,,,,,,36003,,6433,17-Mar-26,6433,17-Mar-26,33778,,,,,,,,,,,,,,,,,,,,,,,,,
52705,,542,water,,350,,,,,,,,,17-MAR-26 01.15.00.000000 PM,,,,,,,,,,,,,,36003,,6433,17-Mar-26,6433,17-Mar-26,,,,,,,,,,,,,,,,,,,,,,,,,,
52711,,,normal saline,,,500,,,,,,,,17-MAR-26 06.45.00.000000 PM,,,,,,,,,,,,,,33428,,6092,17-Mar-26,6092,17-Mar-26,33935,,,,,,,,,,,,,,,,,,,,,,,,,
52714,,582,water,,100,,,,,,,,,17-MAR-26 04.45.00.000000 PM,,,,,,,,,,,,,,35999,,5759,17-Mar-26,5759,17-Mar-26,33761,,,,,,,,,,,,,,,,,,,,,,,,,
52710,,,N/Saline+ 8g Mgso4,,,500,,,,,,,,17-MAR-26 04.00.00.000000 PM,,,,,,,,,,,,,,30860,,4953,17-Mar-26,4953,17-Mar-26,33969,,,,,,,,,,,,,,,,,,,,,,,,,
52715,,582,water,,100,,,,,,,,,17-MAR-26 06.30.00.000000 PM,,,200,,,,,,,,,,,35999,,5759,17-Mar-26,5759,17-Mar-26,,,,,,,,,,,,,,,,,,,,,,,,,,
52720,,,water,,100,,,,,,,,,17-MAR-26 07.45.00.000000 PM,,,,,,,,,,,,,,36003,,6092,17-Mar-26,6092,17-Mar-26,,,,,,,,,,,,,,,,,,,,,,,,,,
52730,,542,,,,,,,,,,,,18-MAR-26 01.15.00.000000 AM,,,600,,,,,,,,,,,30860,,6431,18-Mar-26,6431,18-Mar-26,33969,,,,,,,,,,,,,,,,,,,,,,,,,
52732,,582,5% Dextrose saline,,,450,,,,,,,,18-MAR-26 12.00.00.000000 AM,,,,,,,,,,,,,,35999,,5759,18-Mar-26,5759,18-Mar-26,33761,,,,,,,,,,,,,,,,,,,,,,,,,
52735,,,water,,500,,,,,,,,,18-MAR-26 01.45.00.000000 AM,,,300,,,,,,,,,,,33428,,6092,18-Mar-26,6092,18-Mar-26,,,,,,,,,,,,,,,,,,,,,,,,,,
52737,,,water,,500,,,,,,,,,18-MAR-26 06.15.00.000000 AM,,,,,,,,,,,,,,33428,,6092,18-Mar-26,6092,18-Mar-26,,,,,,,,,,,,,,,,,,,,,,,,,,
52728,,,water,,100,,,,,,,,,17-MAR-26 10.15.00.000000 PM,,,,,,,,,,,,,,35999,,5759,17-Mar-26,5759,17-Mar-26,,,,,,,,,,,,,,,,,,,,,,,,,,
52729,,,5% Dextrose saline,,,500,,,,,,,,17-MAR-26 10.45.00.000000 PM,,,200,,,,,,,,,,,35999,,5759,17-Mar-26,5759,17-Mar-26,,,,,,,,,,,,,,,,,,,,,,,,,,
52739,,542,,,,,,,,,,,,18-MAR-26 06.45.00.000000 AM,,,800,,,,,,,,,,,30860,,6431,18-Mar-26,6431,18-Mar-26,,,,,,,,,,,,,,,,,,,,,,,,,,
52742,,,water,,500,,,,,,,,,18-MAR-26 07.45.00.000000 AM,,,,,,,,,,,,,,33428,,6092,18-Mar-26,6092,18-Mar-26,,,,,,,,,,,,,,,,,,,,,,,,,,
52743,,,water,,500,,,,,,,,,18-MAR-26 08.15.00.000000 AM,,,,,,,,,,,,,,33428,,6092,18-Mar-26,6092,18-Mar-26,,,,,,,,,,,,,,,,,,,,,,,,,,
52744,,542,,,,,,,,,,,,18-MAR-26 09.45.00.000000 AM,,,200,,,,,,,,,,,33428,,6068,18-Mar-26,6068,18-Mar-26,34166,,,,,,,,,,,,,,,,,,,,,,,,,
52745,,542,5% D/s,,500,,,,,,,,,18-MAR-26 10.30.00.000000 AM,,,,,,,,,,,,,,33428,,6068,18-Mar-26,6068,18-Mar-26,34166,,4 hourly,,,,,,,,,,,,,,,,,,,,,,,
52286,,,,,,,,,,,,,,03-MAR-26 06.00.00.000000 PM,,,350,,,,,,,,,,,35444,,4633,3-Mar-26,4633,3-Mar-26,31981,,,,,,,,,,,,,,,,,,,,,,,,,
52287,,,,,,,,,,,,,,03-MAR-26 06.00.00.000000 PM,,,450,,,,,,,,,,,35444,,4633,3-Mar-26,4633,3-Mar-26,31981,,,,,,,,,,,,,,,,,,,,,,,,,
52314,,582,normal saline,,,500,,,,,,,,05-MAR-26 10.30.00.000000 AM,,,300,,,,,,,,,,,35625,,4651,5-Mar-26,4651,5-Mar-26,32454,,clear,,,,,,,,,,,,,,,,,,,,,,,
52350,,582,normal saline,,,500,,,,,,,,08-MAR-26 01.30.00.000000 PM,,,,,,,,,,,,,,35748,,6068,8-Mar-26,6068,8-Mar-26,32887,,fast,,,,,,,,,,,,,,,,,,,,,,,
52351,,582,normal saline,,,500,,,,,,,,08-MAR-26 01.45.00.000000 PM,,,,,,,,,,,,,,35748,,6068,8-Mar-26,6068,8-Mar-26,,,fast,,,,,,,,,,,,,,,,,,,,,,,
52352,,582,normal saline,,,500,,,,,,,,08-MAR-26 02.00.00.000000 PM,,,,,,,,,,,,,,35748,,6068,8-Mar-26,6068,8-Mar-26,,,,,,,,,,,,,,,,,,,,,,,,,,
52357,,542,,,,,,,,,,,,08-MAR-26 03.00.00.000000 PM,,,,100,,,,,,,,,,30909,,6433,8-Mar-26,6433,8-Mar-26,32886,,,,,,,,,,,,,,,,,,,,,,,,,
52383,,,,,,,,,,,,,,09-MAR-26 05.30.00.000000 AM,,,200,,,,,,,,,,,35756,,6430,9-Mar-26,6430,9-Mar-26,,,concentrated urine,,,,,,,,,,,,,,,,,,,,,,,
52384,,542,febramol and flagyl ,,,200,,,,,,,,09-MAR-26 06.15.00.000000 AM,,,300,,,,,,,,,,,30909,,6431,9-Mar-26,6431,9-Mar-26,32886,,,,,,,,,,,,,,,,,,,,,,,,,
52396,,,water,,200,,,,,,,,,09-MAR-26 11.00.00.000000 AM,,,200,,,,,,,,,,,30909,,4953,9-Mar-26,4953,9-Mar-26,32886,,,,,,,,,,,,,,,,,,,,,,,,,
52398,,,water,,200,,,,,,,,,09-MAR-26 01.30.00.000000 PM,,,,,,,,,,,,,,30909,,4953,9-Mar-26,4953,9-Mar-26,,,,,,,,,,,,,,,,,,,,,,,,,,
52399,,582,,,,,,,,,,,,09-MAR-26 01.45.00.000000 PM,,,800,,,,,,,,,,,35756,,6429,9-Mar-26,5981,9-Mar-26,32895,,,,,,,,,,,,,,,,,,,,,,,,,
52401,,,normal saline,,,500,,,,,,,,09-MAR-26 04.00.00.000000 PM,,,,,,,,,,,,,,35778,,4953,9-Mar-26,4953,9-Mar-26,32981,,,,,,,,,,,,,,,,,,,,,,,,,
52408,,,ors,,50,,,,,,,,,09-MAR-26 05.30.00.000000 PM,,,,,,,,,,,,,,35816,,6427,9-Mar-26,6427,9-Mar-26,,,,,,,,,,,,,,,,,,,,,,,,,,
52409,,,R/L +50ML OF 50%D,,,500,,,,,,,,09-MAR-26 08.00.00.000000 PM,,,,50,,,,,,,,,,35816,,6427,9-Mar-26,6427,9-Mar-26,33103,,,,,,,,,,,,,,,,,,,,,,,,,
52410,,,5% D/s,,,500,,,,,,,,09-MAR-26 09.30.00.000000 PM,,,,,,,,,,,,,,30909,,6427,9-Mar-26,6427,9-Mar-26,33116,,,,,,,,,,,,,,,,,,,,,,,,,
52412,,,,,,,,,,,,,,09-MAR-26 10.00.00.000000 PM,,,300,,,,,,,,,,,30909,,6427,9-Mar-26,6427,9-Mar-26,,,,,,,,,,,,,,,,,,,,,,,,,,
52413,,,,,,,,,,,,,,09-MAR-26 11.45.00.000000 PM,,,400,,,,,,,,,,,30909,,6427,9-Mar-26,6427,9-Mar-26,,,,,,,,,,,,,,,,,,,,,,,,,,
52439,,582,febramol,,,100,,,,,,,,11-MAR-26 06.30.00.000000 AM,,,,,,,,,,,,,,35875,,6405,11-Mar-26,6405,11-Mar-26,33295,,,,,,,,,,,,,,,,,,,,,,,,,
52440,,,normal saline,,,500,,,,,,,,11-MAR-26 11.00.00.000000 AM,,,,,,,,,,,,,,35875,,5759,11-Mar-26,5759,11-Mar-26,33295,,,,,,,,,,,,,,,,,,,,,,,,,
52452,,,water,,100,,,,,,,,,11-MAR-26 12.45.00.000000 PM,,,300,,,,,,,,,,,35816,,5759,11-Mar-26,5759,11-Mar-26,,,,,,,,,,,,,,,,,,,,,,,,,,
52453,,542,5% D/s+ half saline,,,500,,,,,,,,11-MAR-26 03.30.00.000000 PM,,,,,,,,,,,,,,34890,,5759,11-Mar-26,5759,11-Mar-26,33296,,,,,,,,,,,,,,,,,,,,,,,,,
52454,,582,ringers lactate,,,500,,,,,,,,11-MAR-26 06.15.00.000000 PM,,,400,,,,,,,,,,,35822,,6068,11-Mar-26,6068,11-Mar-26,33329,,,,,,,,,,,,,,,,,,,,,,,,,
52465,,582,N/Saline,,,500,,,,,,,,11-MAR-26 10.15.00.000000 PM,,,300,,,,,,,,,,,35886,,6068,11-Mar-26,6068,11-Mar-26,33329,,,,,,,,,,,,,,,,,,,,,,,,,
52466,,542,,,,,,,,,,,,11-MAR-26 09.00.00.000000 PM,,,300,,,,,,,,,,,35596,,4950,11-Mar-26,4950,11-Mar-26,33314,,,,,,,,,,,,,,,,,,,,,,,,,
52467,,,Pap+water,,500,,,,,,,,,12-MAR-26 09.00.00.000000 AM,,,200,,,,,,,,,,,35886,,6068,11-Mar-26,6433,12-Mar-26,33329,,,,,,,,,,,,,,,,,,,,,,,,,
52471,,542,flagyl,,,100,,,,,,,,11-MAR-26 11.00.00.000000 PM,,,,,,,,,,,,,,35875,,4950,11-Mar-26,4950,11-Mar-26,,,,,,,,,,,,,,,,,,,,,,,,,,
52469,,542,febramol,,,100,,,,,,,,11-MAR-26 10.00.00.000000 PM,,,,,,,,,,,,,,35875,,4950,11-Mar-26,4950,11-Mar-26,33295,,,,,,,,,,,,,,,,,,,,,,,,,
52470,,542,5% D/s,,,500,,,,,,,,11-MAR-26 05.00.00.000000 PM,,,,200,,,,,,,,,,35875,,4950,11-Mar-26,4950,11-Mar-26,,,,,,,,,,,,,,,,,,,,,,,,,,
52472,,542,,,,,,,,,,,,11-MAR-26 09.00.00.000000 PM,,,300,,,,,,,,,,,35875,,4950,11-Mar-26,4950,11-Mar-26,,,,,,,,,,,,,,,,,,,,,,,,,,
52473,,542,0.9% normal saline,,,500,,,,,,,,11-MAR-26 11.30.00.000000 PM,,,,,,,,,,,,,,35875,,4950,11-Mar-26,4950,11-Mar-26,,,,,,,,,,,,,,,,,,,,,,,,,,
52474,,542,R/LACTATE+ 50%DEXTR,,,500,,,,,,,,11-MAR-26 11.30.00.000000 PM,,,,,,,,,,,,,,35816,,4950,11-Mar-26,4950,11-Mar-26,33294,,,,,,,,,,,,,,,,,,,,,,,,,
52475,,,ORS,,,300,,,,,,,,11-MAR-26 09.00.00.000000 PM,,,200,,,,,,,,,,,35816,,4950,11-Mar-26,4950,11-Mar-26,,,,,,,,,,,,,,,,,,,,,,,,,,
52494,,,N/Saline,,,500,,,,,,,,12-MAR-26 11.45.00.000000 AM,,,,,,,,,,,,,,35822,,5501,12-Mar-26,5501,12-Mar-26,33344,,,,,,,,,,,,,,,,,,,,,,,,,
52495,,624,,,,,,,,,,,,12-MAR-26 11.00.00.000000 AM,,,200,,,,,,,,,,,35822,,5501,12-Mar-26,5501,12-Mar-26,,,,,,,,,,,,,,,,,,,,,,,,,,
52500,,,,,,,,,,,,,,12-MAR-26 02.45.00.000000 PM,,,150,,,,,,,,,,,35822,,5501,12-Mar-26,5501,12-Mar-26,33344,,,,,,,,,,,,,,,,,,,,,,,,,
52501,,,,,,,,,,,,,,12-MAR-26 01.00.00.000000 PM,,,200,,,,,,,,,,,35822,,5501,12-Mar-26,5501,12-Mar-26,,,,,,,,,,,,,,,,,,,,,,,,,,
52528,,582,tea and water,,500,,,,,,,,,12-MAR-26 09.00.00.000000 PM,,,300,,,,,,,,,,,35822,,6433,12-Mar-26,6433,12-Mar-26,,,,,,,,,,,,,,,,,,,,,,,,,,
52529,,,water,,100,,,,,,,,,12-MAR-26 10.00.00.000000 PM,,,,,,,,,,,,,,35822,,6433,12-Mar-26,6433,12-Mar-26,,,,,,,,,,,,,,,,,,,,,,,,,,
52531,,542,water,,200,,,,,,,,,12-MAR-26 09.00.00.000000 PM,,,,,,,,,,,,,,34890,,6068,12-Mar-26,6068,12-Mar-26,,,,,,,,,,,,,,,,,,,,,,,,,,
52532,,542,flagyl,,,100,,,,,,,,12-MAR-26 11.00.00.000000 PM,,,,,,,,,,,,,,35875,,6068,12-Mar-26,6068,12-Mar-26,33295,,,,,,,,,,,,,,,,,,,,,,,,,
52535,,,5% D/s ,,,500,,,,,,,,13-MAR-26 02.00.00.000000 AM,,,,,,,,,,,,,,35951,,4927,13-Mar-26,4927,13-Mar-26,33558,,,,,,,,,,,,,,,,,,,,,,,,,
52540,,,5% D/s,,,500,,,,,,,,13-MAR-26 06.15.00.000000 AM,,,,,,,,,,,,,,35951,,4927,13-Mar-26,4927,13-Mar-26,33558,,,,,,,,,,,,,,,,,,,,,,,,,
52541,,542,normal saline,,,500,,,,,,,,13-MAR-26 03.00.00.000000 AM,,,,,,,,,,,,,,35886,,6433,13-Mar-26,6433,13-Mar-26,33556,,,,,,,,,,,,,,,,,,,,,,,,,
52542,,,,,,,,,,,,,,13-MAR-26 04.00.00.000000 AM,,,300,,,,,,,,,,,35886,,6433,13-Mar-26,6433,13-Mar-26,,,,,,,,,,,,,,,,,,,,,,,,,,
52543,,,,,,,,,,,,,,13-MAR-26 06.00.00.000000 AM,,,200,,,,,,,,,,,35886,,6433,13-Mar-26,6433,13-Mar-26,,,,,,,,,,,,,,,,,,,,,,,,,,
52560,,,,,,,,,,,,,,13-MAR-26 11.45.00.000000 PM,,,1200,,,,,,,,,,,35917,,4633,13-Mar-26,4633,13-Mar-26,33723,,,,,,,,,,,,,,,,,,,,,,,,,
52561,,,normal saline,,,100,,,,,,,,14-MAR-26 12.00.00.000000 AM,,,,,,,,,,,,,,35917,,4633,14-Mar-26,4633,14-Mar-26,33723,,,,,,,,,,,,,,,,,,,,,,,,,
52562,,,5% Dextrose saline,,,500,,,,,,,,14-MAR-26 01.00.00.000000 AM,,,,,,,,,,,,,,35917,,4633,14-Mar-26,4633,14-Mar-26,,,,,,,,,,,,,,,,,,,,,,,,,,
52581,,542,,,,,,,,,,,,14-MAR-26 02.30.00.000000 PM,,,200,,,,,,,,,,,35981,,6445,14-Mar-26,6445,14-Mar-26,,,,,,,,,,,,,,,,,,,,,,,,,,
52582,,542,water,,200,,,,,,,,,14-MAR-26 08.15.00.000000 AM,,,,,,,,,,,,,,35981,,6445,14-Mar-26,6445,14-Mar-26,,,,,,,,,,,,,,,,,,,,,,,,,,
52583,,542,water,,250,,,,,,,,,14-MAR-26 09.00.00.000000 AM,,,,,,,,,,,,,,35981,,6445,14-Mar-26,6445,14-Mar-26,,,,,,,,,,,,,,,,,,,,,,,,,,
52594,,,,,,,,,,,,,,14-MAR-26 11.45.00.000000 PM,,,700,,,,,,,,,,,35917,,4633,14-Mar-26,4633,14-Mar-26,33723,,,,,,,,,,,,,,,,,,,,,,,,,
52596,,,N/Saline,,,300,,,,,,,,15-MAR-26 12.00.00.000000 AM,,,,,,,,,,,,,,35917,,4633,15-Mar-26,4633,15-Mar-26,,,,,,,,,,,,,,,,,,,,,,,,,,
52597,,,5% D/Saline,,,500,,,,,,,,15-MAR-26 02.30.00.000000 AM,,,400,,,,,,,,,,,35917,,4633,15-Mar-26,4633,15-Mar-26,,,,,,,,,,,,,,,,,,,,,,,,,,
52598,,,febramol,,,100,,,,,,,,15-MAR-26 06.00.00.000000 AM,,,,,,,,,,,,,,35917,,4633,15-Mar-26,4633,15-Mar-26,,,,,,,,,,,,,,,,,,,,,,,,,,
52600,,,N/Saline,,,500,,,,,,,,15-MAR-26 07.00.00.000000 AM,,,,,,,,,,,,,,35917,,4633,15-Mar-26,4633,15-Mar-26,,,,,,,,,,,,,,,,,,,,,,,,,,
52601,,,,,,,,,,,,,,15-MAR-26 06.00.00.000000 AM,,,500,,,,,,,,,,,35917,,4633,15-Mar-26,4633,15-Mar-26,33755,,,,,,,,,,,,,,,,,,,,,,,,,
52635,,582,normal saline,,,500,,,,,,,,16-MAR-26 02.00.00.000000 PM,,,,,,,,,,,,,,36000,,6430,16-Mar-26,6430,16-Mar-26,33767,,,,,,,,,,,,,,,,,,,,,,,,,
52636,,582,flagyl,,,100,,,,,,,,16-MAR-26 02.00.00.000000 PM,,,300,,,,,,,,,,,36000,,6430,16-Mar-26,6430,16-Mar-26,,,concentrated urine,,,,,,,,,,,,,,,,,,,,,,,
52802,,582,5% D/s,,,500,,,,,,,,20-MAR-26 01.00.00.000000 PM,,,,,,,,,,,,,,36150,,6430,20-Mar-26,6430,20-Mar-26,34252,,,,,,,,,,,,,,,,,,,,,,,,,
52697,,,,,,,,,,,,,,17-MAR-26 03.00.00.000000 PM,,,200,,,,,,,,,,,30860,,4953,17-Mar-26,4953,17-Mar-26,,,con,,,,,,,,,,,,,,,,,,,,,,,
52698,,582,Febramol ,,,100,,,,,,,,17-MAR-26 02.15.00.000000 PM,,,,,,,,,,,,,,36000,,6405,17-Mar-26,6405,17-Mar-26,33767,,,,,,,,,,,,,,,,,,,,,,,,,
52709,,,water,,20,,,,,,,,,17-MAR-26 03.00.00.000000 PM,,,,,,,,,,,,,,35983,,6405,17-Mar-26,6405,17-Mar-26,,,,,,,,,,,,,,,,,,,,,,,,,,
52785,,,normal saline,,,350,,,,,,,,20-MAR-26 12.00.00.000000 AM,,,,,,,,,,,,,,2751,,5482,20-Mar-26,5482,20-Mar-26,,,BF,,,,,,,,,,,,,,,,,,,,,,,
52787,,542,normal saline,,,500,,,,,,,,20-MAR-26 06.00.00.000000 AM,,,,,,,,,,,,,,2751,,5482,20-Mar-26,5482,20-Mar-26,,,,,,,,,,,,,,,,,,,,,,,,,,
52803,,582,flagyl,,,100,,,,,,,,20-MAR-26 02.45.00.000000 PM,,,,,,,,,,,,,,36150,,6430,20-Mar-26,6430,20-Mar-26,,,,,,,,,,,,,,,,,,,,,,,,,,
52814,,542,water,,50,,,,,,,,,21-MAR-26 06.00.00.000000 AM,,,50,25,,,,,,,,,,36157,,6446,21-Mar-26,6446,21-Mar-26,,,,,,,,,,,,,,,,,,,,,,,,,,
52831,,542,water + pap,,150,,,,,,,,,23-MAR-26 09.15.00.000000 AM,,,,,,,,,,,,,,36168,,5759,23-Mar-26,5759,23-Mar-26,,,,,,,,,,,,,,,,,,,,,,,,,,
52832,,,normal saline,,,500,,,,,,,,23-MAR-26 10.00.00.000000 AM,,,,,,,,,,,,,,36188,,4961,23-Mar-26,4961,23-Mar-26,34335,,,,,,,,,,,,,,,,,,,,,,,,,
52834,,542,,,,,,,,,,,,23-MAR-26 12.15.00.000000 PM,,,400,,,,,,,,,,,36188,,5759,23-Mar-26,5759,23-Mar-26,34335,,,,,,,,,,,,,,,,,,,,,,,,,
52840,,,,,,,,,,,,,,23-MAR-26 03.45.00.000000 PM,,,400,,,,,,,,,,,36188,,5759,23-Mar-26,5759,23-Mar-26,34335,,,,,,,,,,,,,,,,,,,,,,,,,
52847,,582,,,720,,,,,,,,,23-MAR-26 06.30.00.000000 PM,,,,,,,,,,,,,,36231,,6497,23-Mar-26,6497,23-Mar-26,,,,,,,,,,,,,,,,,,,,,,,,,,
52863,,,flagyl,,,100,,,,,,,,24-MAR-26 06.00.00.000000 AM,,,,,,,,,,,,,,36188,,5981,24-Mar-26,5981,24-Mar-26,34335,,,,,,,,,,,,,,,,,,,,,,,,,
52864,,,febramol,,,100,,,,,,,,24-MAR-26 06.00.00.000000 AM,,,,,,,,,,,,,,36188,,5981,24-Mar-26,5981,24-Mar-26,,,,,,,,,,,,,,,,,,,,,,,,,,
52865,,,flagyl,,,50,,,,,,,,24-MAR-26 06.00.00.000000 AM,,,,,,,,,,,,,,36166,,5981,24-Mar-26,5981,24-Mar-26,34537,,,,,,,,,,,,,,,,,,,,,,,,,
52866,,,febramol,,,50,,,,,,,,24-MAR-26 06.00.00.000000 AM,,,,,,,,,,,,,,36166,,5981,24-Mar-26,5981,24-Mar-26,,,,,,,,,,,,,,,,,,,,,,,,,,
52867,,582,,,300,,,,,,,,,24-MAR-26 12.00.00.000000 AM,,,,,,,,,,,,,,36231,,5981,24-Mar-26,5981,24-Mar-26,34499,,,,,,,,,,,,,,,,,,,,,,,,,
52868,,582,,,300,,,,,,,,,24-MAR-26 03.00.00.000000 AM,,,200,,,,,,,,,,,36231,,5981,24-Mar-26,5981,24-Mar-26,,,,,,,,,,,,,,,,,,,,,,,,,,
52871,,542,D/S+ 40I.U Oxytocin,,,75,,,,,,,,24-MAR-26 12.00.00.000000 AM,,,,,,,,,,,,,,31754,,6429,24-Mar-26,6429,24-Mar-26,34441,,,,,,,,,,,,,,,,,,,,,,,,,
52872,,542,NS+40I.U Oxytocin,,,500,,,,,,,,24-MAR-26 01.45.00.000000 AM,,,,,,,,,,,,,,31754,,6429,24-Mar-26,6429,24-Mar-26,,,,,,,,,,,,,,,,,,,,,,,,,,
52289,,,5% D/s,,,500,,,,,,,,03-MAR-26 06.00.00.000000 PM,,,,,,,,,,,,,,35444,,4633,3-Mar-26,4633,3-Mar-26,31981,,,,,,,,,,,,,,,,,,,,,,,,,
52302,,,water,,500,,,,,,,,,04-MAR-26 10.00.00.000000 PM,,,300,,,,,,,,,,,35588,,4633,4-Mar-26,4633,4-Mar-26,32407,,,,,,,,,,,,,,,,,,,,,,,,,
52305,,,,,,,,,,,,,,04-MAR-26 11.00.00.000000 PM,,,400,,,,,,,,,,,35588,,4633,4-Mar-26,4633,4-Mar-26,32407,,,,,,,,,,,,,,,,,,,,,,,,,
52306,,,5% D/s,,,250,,,,,,,,05-MAR-26 12.00.00.000000 AM,,,,,,,,,,,,,,35588,,4633,5-Mar-26,4633,5-Mar-26,32407,,,,,,,,,,,,,,,,,,,,,,,,,
52311,,,5%dw+N/S,,,100,,,,,,,,05-MAR-26 12.00.00.000000 AM,,,,,,,,,,,,,,35593,,4633,5-Mar-26,4633,5-Mar-26,32386,,,,,,,,,,,,,,,,,,,,,,,,,
52312,,,5%D/S+N/S,,,500,,,,,,,,05-MAR-26 02.00.00.000000 AM,,,,,,,,,,,,,,35593,,4633,5-Mar-26,4633,5-Mar-26,,,,,,,,,,,,,,,,,,,,,,,,,,
52310,,,normal saline,,,500,,,,,,,,05-MAR-26 02.00.00.000000 AM,,,,,,,,,,,,,,35588,,4633,5-Mar-26,4633,5-Mar-26,,,,,,,,,,,,,,,,,,,,,,,,,,
52316,,,water,,50,,,,,,,,,05-MAR-26 07.45.00.000000 PM,,,,,,,,,,,,,,35593,,5759,5-Mar-26,5759,5-Mar-26,32717,,,,,,,,,,,,,,,,,,,,,,,,,
52324,,542,normal saline,,,500,,,,,,,,06-MAR-26 04.00.00.000000 PM,,,,,,,,,,,,,,35714,,5655,6-Mar-26,5655,6-Mar-26,32789,,,,,,,,,,,,,,,,,,,,,,,,,
52325,,,,,,,,,,,,,,06-MAR-26 04.45.00.000000 PM,,,300,,,,,,,,,,,35714,,5655,6-Mar-26,5655,6-Mar-26,,,,,,,,,,,,,,,,,,,,,,,,,,
52332,,542,normal saline,,,500,,,,,,,,07-MAR-26 07.45.00.000000 AM,,,,,,,,,,,,,,35698,,5655,7-Mar-26,5655,7-Mar-26,,,,,,,,,,,,,,,,,,,,,,,,,,
52397,,,water,,300,,,,,,,,,09-MAR-26 12.00.00.000000 PM,,,,,,,,,,,,,,30909,,4953,9-Mar-26,4953,9-Mar-26,,,,,,,,,,,,,,,,,,,,,,,,,,
52342,,542,flagyl,,,500,,,,,,,,08-MAR-26 08.00.00.000000 AM,,,,,,,,,,,,,,35698,,6117,8-Mar-26,6117,8-Mar-26,,,,,,,,,,,,,,,,,,,,,,,,,,
52343,,542,febramol,,,100,,,,,,,,08-MAR-26 08.00.00.000000 AM,,,,,,,,,,,,,,35698,,6117,8-Mar-26,6117,8-Mar-26,,,,,,,,,,,,,,,,,,,,,,,,,,
52344,,582,ringers lactate500ml,,,500,,,,,,,,08-MAR-26 09.30.00.000000 AM,,,,,,,,,,,,,,35748,,4972,8-Mar-26,4972,8-Mar-26,32887,,,,,,,,,,,,,,,,,,,,,,,,,
52394,,582,ringers lactate,,,500,,,,,,,,09-MAR-26 01.15.00.000000 PM,,,,,,,,,,,,,,35756,,6429,9-Mar-26,6429,9-Mar-26,32895,,,,,,,,,,,,,,,,,,,,,,,,,
52404,,582,,,400,,,,,,,,,09-MAR-26 02.15.00.000000 PM,,,,,,,,,,,,,,35756,,5981,9-Mar-26,5981,9-Mar-26,32895,,,,,,,,,,,,,,,,,,,,,,,,,
52407,,542,R/L +50ML OF 50%D,,,500,,,,,,,,09-MAR-26 06.00.00.000000 PM,,,,,,,,,,,,,,35816,,6427,9-Mar-26,6427,9-Mar-26,33103,,,,,,,,,,,,,,,,,,,,,,,,,
52427,,582,,,,,,,,,,,,10-MAR-26 07.30.00.000000 AM,,,300,,,,,,,,,,,31276,,6405,10-Mar-26,6405,10-Mar-26,33004,,,,,,,,,,,,,,,,,,,,,,,,,
52430,,582,,,,,,,,,,,,10-MAR-26 06.45.00.000000 AM,,,300,,,,,,,,,,,31276,,6405,10-Mar-26,6405,10-Mar-26,,,,,,,,,,,,,,,,,,,,,,,,,,
52437,,542,R/LACTATE+ 50%DEXTR,,,500,,,,,,,,11-MAR-26 02.15.00.000000 AM,,,,,,,,,,,,,,35816,,6405,11-Mar-26,6405,11-Mar-26,,,,,,,,,,,,,,,,,,,,,,,,,,
52438,,,5% D/s,,,500,,,,,,,,11-MAR-26 06.45.00.000000 AM,,,,,,,,,,,,,,35875,,6405,11-Mar-26,6405,11-Mar-26,33295,,,,,,,,,,,,,,,,,,,,,,,,,
52446,,,5% D/s,,,500,,,,,,,,11-MAR-26 02.15.00.000000 PM,,,,,,,,,,,,,,35596,,5759,11-Mar-26,5759,11-Mar-26,33314,,,,,,,,,,,,,,,,,,,,,,,,,
52447,,542,flagyl,,,100,,,,,,,,11-MAR-26 03.00.00.000000 PM,,,,,,,,,,,,,,35875,,5759,11-Mar-26,5759,11-Mar-26,33295,,,,,,,,,,,,,,,,,,,,,,,,,
52481,,542,bf 50%D/W + R/L,,,450,,,,,,,,12-MAR-26 12.00.00.000000 AM,,,,,,,,,,,,,,35816,,4950,12-Mar-26,4950,12-Mar-26,33343,,,,,,,,,,,,,,,,,,,,,,,,,
52482,,,normal saline,,1000,,,,,,,,,12-MAR-26 12.15.00.000000 AM,,,,,,,,,,,,,,35822,,6068,12-Mar-26,6068,12-Mar-26,33344,,,,,,,,,,,,,,,,,,,,,,,,,
52483,,,normal saline,,,500,,,,,,,,12-MAR-26 02.00.00.000000 AM,,,,,,,,,,,,,,35822,,6068,12-Mar-26,6068,12-Mar-26,,,,,,,,,,,,,,,,,,,,,,,,,,
52486,,,,,,,,,,,,,,12-MAR-26 12.00.00.000000 AM,,,,100,,,,,,,,,,35822,,4953,12-Mar-26,4953,12-Mar-26,33344,,,,,,,,,,,,,,,,,,,,,,,,,
52487,,542,5% D/s,,,500,,,,,,,,12-MAR-26 08.00.00.000000 AM,,,,,,,,,,,,,,35596,,4950,12-Mar-26,4950,12-Mar-26,33314,,,,,,,,,,,,,,,,,,,,,,,,,
52488,,542,5% D/s,,,500,,,,,,,,12-MAR-26 05.00.00.000000 AM,,,,,,,,,,,,,,35875,,4950,12-Mar-26,4950,12-Mar-26,33295,,,,,,,,,,,,,,,,,,,,,,,,,
52544,,542,flagyl,,,100,,,,,,,,13-MAR-26 07.00.00.000000 AM,,,,,,,,,,,,,,35875,,4927,13-Mar-26,4927,13-Mar-26,33295,,,,,,,,,,,,,,,,,,,,,,,,,
52557,,,N/Saline,,,400,,,,,,,,13-MAR-26 09.00.00.000000 PM,,,,,,,,,,,,,,35917,,4633,13-Mar-26,4633,13-Mar-26,33723,,,,,,,,,,,,,,,,,,,,,,,,,
52558,,,febramol,,,100,,,,,,,,13-MAR-26 10.00.00.000000 PM,,,,,,,,,,,,,,35917,,4633,13-Mar-26,4633,13-Mar-26,,,,,,,,,,,,,,,,,,,,,,,,,,
52559,,,flagyl,,,100,,,,,,,,13-MAR-26 10.00.00.000000 PM,,,,,,,,,,,,,,35917,,4633,13-Mar-26,4633,13-Mar-26,,,,,,,,,,,,,,,,,,,,,,,,,,
52569,,542,d/water,,300,500,,,,,,,,14-MAR-26 10.30.00.000000 AM,,,,,,,,,,,,,,35981,,6445,14-Mar-26,6445,14-Mar-26,33716,,,,,,,,,,,,,,,,,,,,,,,,,
52573,,,METRONIDAZOLE,,,100,,,,,,,,14-MAR-26 02.00.00.000000 PM,,,,,,,,,,,,,,35983,,5759,14-Mar-26,5759,14-Mar-26,,,,,,,,,,,,,,,,,,,,,,,,,,
52574,,,,,,,,,,,,,,14-MAR-26 01.45.00.000000 PM,,,200,,,,,,,,,,,35983,,5759,14-Mar-26,5759,14-Mar-26,,,,,,,,,,,,,,,,,,,,,,,,,,
52575,,,N/Saline,,,500,,,,,,,,14-MAR-26 02.45.00.000000 PM,,,,,,,,,,,,,,35983,,5759,14-Mar-26,5759,14-Mar-26,33721,,,,,,,,,,,,,,,,,,,,,,,,,
52585,,,sips of water,,100,,,,,,,,,14-MAR-26 04.00.00.000000 PM,,,350,,,,,,,,,,,35917,,4651,14-Mar-26,4651,14-Mar-26,33723,,clear urine,,,,,,,,,,,,,,,,,,,,,,,
52587,,,5% Dextrose saline,,,500,,,,,,,,14-MAR-26 06.30.00.000000 PM,,,,,,,,,,,,,,35917,,4512,14-Mar-26,4512,14-Mar-26,33723,,,,,,,,,,,,,,,,,,,,,,,,,
52620,,542,5%ds in 1/2 saline,,,500,,,,,,,,16-MAR-26 07.20.00.000000 AM,,,,,,,,,,,,,,35855,,5655,16-Mar-26,5655,16-Mar-26,33759,,diaper wet ++,,,,,,,,,,,,,,,,,,,,,,,
52625,,582,,,,,,,,,,,,16-MAR-26 06.45.00.000000 AM,,,200,,,,,,,,,,,35999,,5501,16-Mar-26,5501,16-Mar-26,,,,,,,,,,,,,,,,,,,,,,,,,,
52630,,,water,,100,,,,,,,,,16-MAR-26 07.00.00.000000 AM,,,,,,,,,,,,,,35999,,5501,16-Mar-26,5501,16-Mar-26,,,,,,,,,,,,,,,,,,,,,,,,,,
52637,,582,,,,,,,,,,,,16-MAR-26 12.00.00.000000 PM,,,400,,,,,,,,,,,36000,,6430,16-Mar-26,6430,16-Mar-26,,,concentrated urine,,,,,,,,,,,,,,,,,,,,,,,
52641,,542,,,,,,,,,,,,16-MAR-26 08.30.00.000000 PM,,,500,,,,,,,,,,,33428,,5655,16-Mar-26,5655,16-Mar-26,,,,,,,,,,,,,,,,,,,,,,,,,,
52643,,542,water,,500,,,,,,,,,16-MAR-26 05.20.00.000000 PM,,,,,,,,,,,,,,33428,,5655,16-Mar-26,5655,16-Mar-26,,,,,,,,,,,,,,,,,,,,,,,,,,
52651,,582,,,,,,,,,,,,16-MAR-26 09.30.00.000000 PM,,,200,,,,,,,,,,,36000,,6442,16-Mar-26,6442,16-Mar-26,33767,,,,,,,,,,,,,,,,,,,,,,,,,
52652,,582,5% D/Saline,,,500,,,,,,,,16-MAR-26 06.45.00.000000 PM,,,,,,,,,,,,,,35999,,6442,16-Mar-26,6442,16-Mar-26,33761,,,,,,,,,,,,,,,,,,,,,,,,,
52654,,582,N/Saline,,,500,,,,,,,,16-MAR-26 10.00.00.000000 PM,,,550,,,,,,,,,,,36000,,6442,16-Mar-26,6442,16-Mar-26,33767,,,,,,,,,,,,,,,,,,,,,,,,,
52655,,542,5% Dextrose saline,,,500,,,,,,,,16-MAR-26 11.30.00.000000 AM,,,,,,,,,,,,,,33428,,5655,16-Mar-26,5655,16-Mar-26,33935,,,,,,,,,,,,,,,,,,,,,,,,,
52656,,542,5% Dextrose saline,,,500,,,,,,,,16-MAR-26 11.20.00.000000 PM,,,,,,,,,,,,,,33428,,5655,16-Mar-26,5655,16-Mar-26,33935,,,,,,,,,,,,,,,,,,,,,,,,,
52658,,582,,,,,,,,,,,,16-MAR-26 07.00.00.000000 PM,,,200,,,,,,,,,,,35983,,6442,16-Mar-26,6442,16-Mar-26,33754,,,,,,,,,,,,,,,,,,,,,,,,,
52659,,582,,,,,,,,,,,,16-MAR-26 10.00.00.000000 PM,,,200,,,,,,,,,,,35983,,6442,16-Mar-26,6442,16-Mar-26,33754,,,,,,,,,,,,,,,,,,,,,,,,,
52668,,582,flagyl,,,500,,,,,,,,17-MAR-26 06.00.00.000000 AM,,,,,,,,,,,,,,36000,,6465,17-Mar-26,6465,17-Mar-26,33767,,,,,,,,,,,,,,,,,,,,,,,,,
52669,,542,pcm,,,100,,,,,,,,17-MAR-26 06.20.00.000000 AM,,,,,,,,,,,,,,36003,,5655,17-Mar-26,5655,17-Mar-26,33778,,,,,,,,,,,,,,,,,,,,,,,,,
52685,,,N/Saline+ MGSO4,,,500,,,,,,,,17-MAR-26 07.45.00.000000 AM,,,,,,,,,,,,,,30860,,4953,17-Mar-26,4953,17-Mar-26,33969,,,,,,,,,,,,,,,,,,,,,,,,,
52756,,582,N/Saline,,200,500,,,,,,,,18-MAR-26 03.15.00.000000 PM,,,400,,,,,,,,,,,36000,,6068,18-Mar-26,6068,18-Mar-26,33767,,,,,,,,,,,,,,,,,,,,,,,,,
52757,,542,5% D/s,,,500,,,,,,,,18-MAR-26 04.00.00.000000 PM,,,,,,,,,,,,,,2318,,6068,18-Mar-26,6068,18-Mar-26,34213,,6houly,,,,,,,,,,,,,,,,,,,,,,,
52758,,542,,,,,,,,,,,,18-MAR-26 11.00.00.000000 AM,,,1000,,,,,,,,,,,30860,,5926,18-Mar-26,5926,18-Mar-26,33969,,,,,,,,,,,,,,,,,,,,,,,,,
52759,,542,,,,,,,,,,,,18-MAR-26 02.00.00.000000 PM,,,800,,,,,,,,,,,30860,,5926,18-Mar-26,6445,18-Mar-26,33969,,,,,,,,,,,,,,,,,,,,,,,,,
52786,,542,,,,,,,,,,,,20-MAR-26 06.00.00.000000 AM,,,200,,,,,,,,,,,2751,,5482,20-Mar-26,5482,20-Mar-26,,,,,,,,,,,,,,,,,,,,,,,,,,
52788,,542,5% D/s,,,500,,,,,,,,20-MAR-26 02.00.00.000000 AM,,,,,,,,,,,,,,2318,,5482,20-Mar-26,5482,20-Mar-26,,,,,,,,,,,,,,,,,,,,,,,,,,
52807,,542,ringers lactate,,,500,,,,,,,,20-MAR-26 06.00.00.000000 PM,,,,,,,,,,,,,,36157,,6405,20-Mar-26,6405,20-Mar-26,34266,,to run for 4 hrs,,,,,,,,,,,,,,,,,,,,,,,
52808,,582,0.9% normal saline,,,500,,,,,,,,20-MAR-26 07.00.00.000000 PM,,,300,,,,,,,,,,,36150,,6430,20-Mar-26,6430,20-Mar-26,34252,,,,,,,,,,,,,,,,,,,,,,,,,
52815,,582,flagyl,,,100,,,,,,,,21-MAR-26 07.00.00.000000 AM,,,,,,,,,,,,,,36150,,6430,21-Mar-26,6430,21-Mar-26,34252,,,,,,,,,,,,,,,,,,,,,,,,,
52816,,582,ciprofloxacin,,,100,,,,,,,,21-MAR-26 07.00.00.000000 AM,,,,,,,,,,,,,,36150,,6430,21-Mar-26,6430,21-Mar-26,,,,,,,,,,,,,,,,,,,,,,,,,,
52818,,542,5% D/Saline,,200,500,,,,,,,,21-MAR-26 01.45.00.000000 PM,,,250,,,,,,,,,,,36157,,6427,21-Mar-26,6427,21-Mar-26,34266,,,,,,,,,,,,,,,,,,,,,,,,,
52841,,582,normal saline,,,500,,,,,,,,23-MAR-26 05.15.00.000000 PM,,,,,,,,,,,,,,36231,,6497,23-Mar-26,6497,23-Mar-26,34499,,,,,,,,,,,,,,,,,,,,,,,,,
52842,,582,normal saline,,,500,,,,,,,,23-MAR-26 05.30.00.000000 PM,,,,,,,,,,,,,,36231,,6497,23-Mar-26,6497,23-Mar-26,,,,,,,,,,,,,,,,,,,,,,,,,,
52857,,,normal saline,,,500,,,,,,,,23-MAR-26 07.00.00.000000 PM,,,,,,,,,,,,,,36188,,5981,23-Mar-26,5981,23-Mar-26,,,,,,,,,,,,,,,,,,,,,,,,,,
52869,,,normal saline,,,500,,,,,,,,24-MAR-26 07.00.00.000000 AM,,,,,,,,,,,,,,36188,,5981,24-Mar-26,5981,24-Mar-26,34335,,,,,,,,,,,,,,,,,,,,,,,,,
52870,,,,,,,,,,,,,,24-MAR-26 07.00.00.000000 AM,,,400,,,,,,,,,,,36188,,5981,24-Mar-26,5981,24-Mar-26,,,,,,,,,,,,,,,,,,,,,,,,,,
52873,,542,5% Dextrose saline,,,500,,,,,,,,24-MAR-26 06.00.00.000000 AM,,,500,,,,,,,,,,,31754,,6429,24-Mar-26,6429,24-Mar-26,,,,,,,,,,,,,,,,,,,,,,,,,,
52876,,,METRONIDAZOLE,,,100,,,,,,,,24-MAR-26 02.00.00.000000 PM,,,,,,,,,,,,,,31754,,4611,24-Mar-26,4611,24-Mar-26,,,,,,,,,,,,,,,,,,,,,,,,,,
52897,,,pap ,,250,,,,,,,,,24-MAR-26 08.30.00.000000 PM,,,,,,,,,,,,,,36188,,4927,24-Mar-26,4927,24-Mar-26,,,,,,,,,,,,,,,,,,,,,,,,,,
52898,,,water,,200,,,,,,,,,24-MAR-26 08.30.00.000000 PM,,,,,,,,,,,,,,31754,,5990,24-Mar-26,5990,24-Mar-26,34717,,,,,,,,,,,,,,,,,,,,,,,,,
52899,,,PAP,,100,,,,,,,,,24-MAR-26 09.00.00.000000 PM,,,,,,,,,,,,,,31754,,5990,24-Mar-26,5990,24-Mar-26,,,,,,,,,,,,,,,,,,,,,,,,,,
52900,,,N/Saline,,,500,,,,,,,,24-MAR-26 09.00.00.000000 PM,,,,,,,,,,,,,,31754,,5990,24-Mar-26,5990,24-Mar-26,,,FAST,,,,,,,,,,,,,,,,,,,,,,,
52901,,,,,,,,,,,,,,24-MAR-26 08.00.00.000000 PM,,,300,,,,,,,,,,,31754,,5990,24-Mar-26,5990,24-Mar-26,,,slightly concentrated,,,,,,,,,,,,,,,,,,,,,,,
52902,,,,,,,,,,,,,,24-MAR-26 10.00.00.000000 PM,,,300,,,,,,,,,,,31754,,5990,24-Mar-26,5990,24-Mar-26,,,,,,,,,,,,,,,,,,,,,,,,,,
52988,,542,water,,200,,,,,,,,,27-MAR-26 02.00.00.000000 PM,,,,,,,,,,,,,,30330,,4950,27-Mar-26,4950,27-Mar-26,,,,,,,,,,,,,,,,,,,,,,,,,,
53003,,542,5% D/s,,,500,,,,,,,,27-MAR-26 09.45.00.000000 PM,,,,,,,,,,,,,,36422,,5759,27-Mar-26,5759,27-Mar-26,35217,,,,,,,,,,,,,,,,,,,,,,,,,
53004,,,water,,200,,,,,,,,,27-MAR-26 10.00.00.000000 PM,,,,,,,,,,,,,,36415,,5759,27-Mar-26,5759,27-Mar-26,35190,,,,,,,,,,,,,,,,,,,,,,,,,
53022,,582,febramol,,,100,,,,,,,,28-MAR-26 06.45.00.000000 PM,,,,,,,,,,,,,,34078,,5759,28-Mar-26,5759,28-Mar-26,35244,,,,,,,,,,,,,,,,,,,,,,,,,
53033,,542,,,,,,,,,,,,28-MAR-26 10.15.00.000000 PM,,,200,,,,,,,,,,,36429,,6405,28-Mar-26,6405,28-Mar-26,35235,,,,,,,,,,,,,,,,,,,,,,,,,
53036,,582,N/Saline,,,200,,,,,,,,29-MAR-26 12.00.00.000000 AM,,,,,,,,,,,,,,34078,,5759,29-Mar-26,5759,29-Mar-26,35244,,brought forward,,,,,,,,,,,,,,,,,,,,,,,
53012,,542,water,,100,,,,,,,,,27-MAR-26 09.00.00.000000 PM,,,,,,,,,,,,,,36310,,5759,27-Mar-26,5759,27-Mar-26,,,,,,,,,,,,,,,,,,,,,,,,,,
53037,,582,5% D/s ,,,500,,,,,,,,29-MAR-26 04.00.00.000000 AM,,,,,,,,,,,,,,34078,,5759,29-Mar-26,5759,29-Mar-26,,,,,,,,,,,,,,,,,,,,,,,,,,
53082,,,4.3% d/saline,,,500,,,,,,,,31-MAR-26 09.45.00.000000 AM,,,,,,,,,,,,,,36487,,4927,31-Mar-26,4927,31-Mar-26,,,,,,,,,,,,,,,,,,,,,,,,,,
53084,,,water,,500,,,,,,,,,31-MAR-26 10.00.00.000000 AM,,,,,,,,,,,,,,33515,,6487,31-Mar-26,6487,31-Mar-26,35432,,,,,,,,,,,,,,,,,,,,,,,,,
53085,,542,water,,50,,,,,,,,,31-MAR-26 12.00.00.000000 PM,,,,,,,,,,,,,,36488,,5990,31-Mar-26,5990,31-Mar-26,,,,,,,,,,,,,,,,,,,,,,,,,,
53086,,,,,,,,,,,,,,31-MAR-26 11.00.00.000000 AM,,,300,,,,,,,,,,,33515,,6487,31-Mar-26,6487,31-Mar-26,,,,,,,,,,,,,,,,,,,,,,,,,,
53087,,,ors,,100,,,,,,,,,31-MAR-26 11.00.00.000000 AM,,,,,,,,,,,,,,36488,,5990,31-Mar-26,5990,31-Mar-26,,,,,,,,,,,,,,,,,,,,,,,,,,
53088,,,,,,,,,,,,,,31-MAR-26 02.45.00.000000 PM,,,50,,,,,,,,,,,33515,,6487,31-Mar-26,6487,31-Mar-26,,,,,,,,,,,,,,,,,,,,,,,,,,
53089,,,50m/sd/w in ring,,500,,,,,,,,,31-MAR-26 03.00.00.000000 PM,,,,,,,,,,,,,,36488,,5990,31-Mar-26,5990,31-Mar-26,,,for 3hrs,,,,,,,,,,,,,,,,,,,,,,,
53090,,,50m/sd/w in ring,,500,,,,,,,,,31-MAR-26 03.00.00.000000 PM,,,,,,,,,,,,,,36488,,5990,31-Mar-26,5990,31-Mar-26,,,for 3hrs,,,,,,,,,,,,,,,,,,,,,,,
53117,,582,,,,,,,,,,,,01-APR-26 01.30.00.000000 AM,,,100,,,,,,,,,,,36534,,6497,1-Apr-26,6497,1-Apr-26,35637,,concentrated urine,,,,,,,,,,,,,,,,,,,,,,,
53124,,582,,,,,,,,,,,,01-APR-26 05.00.00.000000 AM,,,200,,,,,,,,,,,4141,,6501,1-Apr-26,6501,1-Apr-26,31959,,,,,,,,,,,,,,,,,,,,,,,,,
53170,,542,custard+water,,300,,,,,,,,,02-APR-26 10.00.00.000000 AM,,,300,,100,,,,,,,,,36534,,4950,2-Apr-26,4950,2-Apr-26,,,"bloody urine, blood stained stool",,,,,,,,,,,,,,,,,,,,,,,
53239,,542,,,,,,,,,,,,08-APR-26 02.30.00.000000 AM,,,200,,,,,,,,,,,36638,,6068,8-Apr-26,6068,8-Apr-26,,,,,,,,,,,,,,,,,,,,,,,,,,
53240,,542,,,,,,,,,,,,08-APR-26 06.00.00.000000 AM,,,200,,,,,,,,,,,36638,,6068,8-Apr-26,6068,8-Apr-26,,,,,,,,,,,,,,,,,,,,,,,,,,
53241,,542,5% D/s,,,500,,,,,,,,08-APR-26 06.15.00.000000 AM,,,,,,,,,,,,,,36638,,6068,8-Apr-26,6068,8-Apr-26,36211,,,,,,,,,,,,,,,,,,,,,,,,,
53244,,582,,,,,,,,,,,,09-APR-26 05.15.00.000000 PM,,,100,,,,,,,,,,,36671,,6111,9-Apr-26,6111,9-Apr-26,36206,,,,,,,,,,,,,,,,,,,,,,,,,
53273,,542,febramol,,,100,,,,,,,,14-APR-26 09.15.00.000000 PM,,,,,,,,,,,,,,34593,,6430,14-Apr-26,6430,14-Apr-26,,,,,,,,,,,,,,,,,,,,,,,,,,
53291,,,5%D/S,,,500,,,,,,,,15-APR-26 07.30.00.000000 PM,,,,,,,,,,,,,,34862,,4611,15-Apr-26,4977,15-Apr-26,,,,,,,,,,,,,,,,,,,,,,,,,,
53292,,,normal saline,,,500,,,,,,,,15-APR-26 10.00.00.000000 PM,,,,,,,,,,,,,,37007,,4937,15-Apr-26,4937,15-Apr-26,37361,,,,,,,,,,,,,,,,,,,,,,,,,
53311,,542,,,,,,,,,,,,16-APR-26 07.30.00.000000 AM,,,400,,,,,,,,,,,33064,,6445,16-Apr-26,6445,16-Apr-26,37364,,,,,,,,,,,,,,,,,,,,,,,,,
53313,,542,0.9% normal saline,,,500,,,,,,,,16-APR-26 11.00.00.000000 AM,,,400,,,,,,,,,,,34862,,6489,16-Apr-26,6489,16-Apr-26,37070,,concentrated urine,,,,,,,,,,,,,,,,,,,,,,,
53315,,542,,,,,,,,,,,,16-APR-26 11.19.00.000000 AM,,,250,,,,,,,,,,,33064,,6445,16-Apr-26,6445,16-Apr-26,,,,,,,,,,,,,,,,,,,,,,,,,,
53328,,,tea and water,,500,,,,,,,,,16-APR-26 07.30.00.000000 PM,,,,,,,,,,,,,,37015,,6497,16-Apr-26,6497,16-Apr-26,37390,,,,,,,,,,,,,,,,,,,,,,,,,
53337,,542,normal saline,,,100,,,,,,,,17-APR-26 12.00.00.000000 AM,,,,,,,,,,,,,,34862,,6068,17-Apr-26,6068,17-Apr-26,37070,,brought forward,,,,,,,,,,,,,,,,,,,,,,,
53338,,542,5% D/s,,,500,,,,,,,,17-APR-26 01.30.00.000000 AM,,,,,,,,,,,,,,34862,,6068,17-Apr-26,6068,17-Apr-26,,,,,,,,,,,,,,,,,,,,,,,,,,
53341,,,5%D/S,,,500,,,,,,,,17-APR-26 03.15.00.000000 AM,,,,,,,,,,,,,,37015,,6497,17-Apr-26,6497,17-Apr-26,,,,,,,,,,,,,,,,,,,,,,,,,,
53343,,,,,,,,,,,,,,17-APR-26 02.55.00.000000 AM,,,500,,,,,,,,,,,37015,,6497,17-Apr-26,6497,17-Apr-26,37390,,,,,,,,,,,,,,,,,,,,,,,,,
53344,,582,Ciprofloxacin,,,100,,,,,,,,17-APR-26 03.00.00.000000 AM,,,200,,,,,,,,,,,37007,,6497,17-Apr-26,6497,17-Apr-26,37361,,,,,,,,,,,,,,,,,,,,,,,,,
53345,,582,5%D/S,,,500,,,,,,,,17-APR-26 03.15.00.000000 AM,,,,,,,,,,,,,,37007,,6497,17-Apr-26,6497,17-Apr-26,,,,,,,,,,,,,,,,,,,,,,,,,,
53346,,542,,,,,,,,,,,,17-APR-26 06.00.00.000000 AM,,,200,,,,,,,,,,,37005,,6068,17-Apr-26,6068,17-Apr-26,37358,,,,,,,,,,,,,,,,,,,,,,,,,
53349,,542,flagyl,,,100,,,,,,,,17-APR-26 06.00.00.000000 AM,,,,,,,,,,,,,,34862,,6068,17-Apr-26,6068,17-Apr-26,37070,,,,,,,,,,,,,,,,,,,,,,,,,
53351,,,tea and water,,200,,,,,,,,,17-APR-26 07.00.00.000000 AM,,,,,,,,,,,,,,37015,,6497,17-Apr-26,6497,17-Apr-26,,,,,,,,,,,,,,,,,,,,,,,,,,
53353,,582,water,,200,,,,,,,,,17-APR-26 10.00.00.000000 AM,,,,,,,,,,,,,,37015,,6441,17-Apr-26,6441,17-Apr-26,37390,,,,,,,,,,,,,,,,,,,,,,,,,
53365,,542,normal saline,,,500,,,,,,,,17-APR-26 09.45.00.000000 PM,,,,,,,,,,,,,,34862,,6068,17-Apr-26,6068,17-Apr-26,,,,,,,,,,,,,,,,,,,,,,,,,,
53368,,542,febramol,,,100,,,,,,,,17-APR-26 09.00.00.000000 PM,,,,,,,,,,,,,,33411,,4950,17-Apr-26,4950,17-Apr-26,,,,,,,,,,,,,,,,,,,,,,,,,,
53372,,542,normal saline,,,2000,,,,,,,,17-APR-26 12.00.00.000000 PM,,,500,,,,,,,,,,,33411,,4950,17-Apr-26,4950,17-Apr-26,37665,,theatre,,,,,,,,,,,,,,,,,,,,,,,
53376,,582,5%D/S,,,500,,,,,,,,18-APR-26 01.00.00.000000 PM,,,,,,,,,,,,,,37099,,4961,18-Apr-26,4961,18-Apr-26,37678,,,,,,,,,,,,,,,,,,,,,,,,,
52963,,542,,,,,,,,,,,,26-MAR-26 12.45.00.000000 PM,,,500,,,,,,,,,,,33891,,4574,26-Mar-26,4574,26-Mar-26,34699,,clear,,,,,,,,,,,,,,,,,,,,,,,
52978,,542,,,,,,,,,,,,26-MAR-26 09.30.00.000000 PM,,,500,,,,,,,,,,,33891,,5655,26-Mar-26,5655,26-Mar-26,34699,,,,,,,,,,,,,,,,,,,,,,,,,
52980,,542,0.9% normal saline,,,500,,,,,,,,27-MAR-26 12.00.00.000000 AM,,,,,,,,,,,,,,33891,,5655,27-Mar-26,5655,27-Mar-26,34699,,,,,,,,,,,,,,,,,,,,,,,,,
52981,,542,5% dextrose in 1/2NS,,,450,,,,,,,,27-MAR-26 03.00.00.000000 AM,,,,,,,,,,,,,,30330,,5655,27-Mar-26,5655,27-Mar-26,,,,,,,,,,,,,,,,,,,,,,,,,,
52982,,542,,,,,,,,,,,,27-MAR-26 06.00.00.000000 AM,,,600,,,,,,,,,,,33891,,5655,27-Mar-26,5655,27-Mar-26,34699,,,,,,,,,,,,,,,,,,,,,,,,,
52995,,542,,,,,,,,,,,,27-MAR-26 06.45.00.000000 PM,,,200,,,,,,,,,,,36422,,5759,27-Mar-26,5759,27-Mar-26,35217,,,,,,,,,,,,,,,,,,,,,,,,,
53017,,542,5% D/s,,,300,,,,,,,,28-MAR-26 12.00.00.000000 AM,,,,,,,,,,,,,,36415,,5759,28-Mar-26,5759,28-Mar-26,,,,,,,,,,,,,,,,,,,,,,,,,,
53018,,,5% D/s,,,500,,,,,,,,28-MAR-26 04.00.00.000000 AM,,,400,,,,,,,,,,,36415,,5759,28-Mar-26,5759,28-Mar-26,,,,,,,,,,,,,,,,,,,,,,,,,,
53031,,542,,,,,,,,,,,,28-MAR-26 08.45.00.000000 PM,,,350,,,,,,,,,,,36429,,6405,28-Mar-26,6405,28-Mar-26,,,clear,,,,,,,,,,,,,,,,,,,,,,,
53040,,582,normal saline,,,500,,,,,,,,29-MAR-26 11.45.00.000000 AM,,,,,,,,,,,,,,34078,,6429,29-Mar-26,6429,29-Mar-26,35244,,,,,,,,,,,,,,,,,,,,,,,,,
53049,,582,flagyl,,,100,,,,,,,,30-MAR-26 07.00.00.000000 AM,,,,,,,,,,,,,,34078,,6430,30-Mar-26,6430,30-Mar-26,35256,,,,,,,,,,,,,,,,,,,,,,,,,
53052,,582,,,,,,,,,,,,30-MAR-26 07.30.00.000000 AM,,,300,,,,,,,,,,,34078,,6430,30-Mar-26,6430,30-Mar-26,,,,,,,,,,,,,,,,,,,,,,,,,,
53055,,542,,,100,,,,,,,,,30-MAR-26 01.15.00.000000 PM,,,,,,,,,,,,,,34078,,4937,30-Mar-26,4937,30-Mar-26,35256,,,,,,,,,,,,,,,,,,,,,,,,,
53064,,582,LEVOFLOXACIN,,,100,,,,,,,,30-MAR-26 09.15.00.000000 PM,,,,,,,,,,,,,,4141,,6430,30-Mar-26,6430,30-Mar-26,,,,,,,,,,,,,,,,,,,,,,,,,,
53066,,582,4.3% d/saline,,,500,,,,,,,,31-MAR-26 12.00.00.000000 AM,,,,,,,,,,,,,,36487,,6430,31-Mar-26,6430,31-Mar-26,35461,,10;38pm 30/3/2026,,,,,,,,,,,,,,,,,,,,,,,
53067,,542,5% D/W,,,500,,,,,,,,31-MAR-26 12.00.00.000000 AM,,,,,100,,,,,,,,,36488,,5482,31-Mar-26,5482,31-Mar-26,35463,,,,,,,,,,,,,,,,,,,,,,,,,
53068,,582,5% D/s,,,500,,,,,,,,31-MAR-26 02.00.00.000000 AM,,,300,,,,,,,,,,,4141,,6430,31-Mar-26,6430,31-Mar-26,31959,,,,,,,,,,,,,,,,,,,,,,,,,
53069,,,4.3% d/saline,,,500,,,,,,,,31-MAR-26 04.30.00.000000 AM,,,,,200,,,,,,,,,36487,,6430,31-Mar-26,6430,31-Mar-26,35461,,watery stool,,,,,,,,,,,,,,,,,,,,,,,
53071,,542,,,,,,,,,,,,31-MAR-26 05.45.00.000000 AM,,,200,,,,,,,,,,,36481,,4574,31-Mar-26,4574,31-Mar-26,35449,,clear,,,,,,,,,,,,,,,,,,,,,,,
53073,,582,febramol,,,100,,,,,,,,31-MAR-26 06.00.00.000000 AM,,,,,,,,,,,,,,4141,,6430,31-Mar-26,6430,31-Mar-26,31959,,,,,,,,,,,,,,,,,,,,,,,,,
53074,,542,,,,,,,,,,,,31-MAR-26 06.00.00.000000 AM,,,250,,,,,,,,,,,36462,,4574,31-Mar-26,4574,31-Mar-26,,,,,,,,,,,,,,,,,,,,,,,,,,
53077,,542,5%D/S,,,500,,,,,,,,31-MAR-26 06.45.00.000000 AM,,,,,,,,,,,,,,36462,,4574,31-Mar-26,4574,31-Mar-26,35451,,,,,,,,,,,,,,,,,,,,,,,,,
53091,,582,RINGERS LACTATE ,,,500,,,,,,,,31-MAR-26 02.00.00.000000 PM,,,,,,,,,,,,,,36487,,6487,31-Mar-26,6487,31-Mar-26,35461,,,,,,,,,,,,,,,,,,,,,,,,,
53094,,582,flagyl,,,100,,,,,,,,31-MAR-26 04.45.00.000000 PM,,,250,,,,,,,,,,,34078,,6501,31-Mar-26,6501,31-Mar-26,35464,,,,,,,,,,,,,,,,,,,,,,,,,
53125,,,,,,,,,,,,,,01-APR-26 05.00.00.000000 AM,,,100,,,,,,,,,,,36534,,6501,1-Apr-26,6501,1-Apr-26,35637,,,,,,,,,,,,,,,,,,,,,,,,,
53128,,582,,,,,,,,,,,,01-APR-26 06.00.00.000000 AM,,,150,,,,,,,,,,,33515,,6501,1-Apr-26,6501,1-Apr-26,35651,,,,,,,,,,,,,,,,,,,,,,,,,
53130,,,0.9% normal saline,,,500,,,,,,,,01-APR-26 02.00.00.000000 AM,,,,,,,,,,,,,,36542,,6501,1-Apr-26,6501,1-Apr-26,,,,,,,,,,,,,,,,,,,,,,,,,,
53133,,582,flagyl,,,100,,,,,,,,01-APR-26 02.00.00.000000 PM,,,200,,,,,,,,,,,4141,,5014,1-Apr-26,5014,1-Apr-26,31959,,,,,,,,,,,,,,,,,,,,,,,,,
53144,,582,,,1500,,,,,,,,,01-APR-26 07.45.00.000000 PM,,,600,,,,,,,,,,,33515,,6429,1-Apr-26,6429,1-Apr-26,35651,,,,,,,,,,,,,,,,,,,,,,,,,
53146,,508,,,,,,,,,,,,01-APR-26 08.15.00.000000 PM,,,300,,,,,,,,,,,36534,,6429,1-Apr-26,6429,1-Apr-26,,,,,,,,,,,,,,,,,,,,,,,,,,
53148,,582,,,,,,,,,,,,01-APR-26 08.00.00.000000 PM,,,200,,,,,,,,,,,4141,,6433,1-Apr-26,6433,1-Apr-26,,,,,,,,,,,,,,,,,,,,,,,,,,
53152,,582,,,,,,,,,,,,01-APR-26 11.00.00.000000 PM,,,200,,,,,,,,,,,33515,,6433,1-Apr-26,6433,1-Apr-26,35651,,,,,,,,,,,,,,,,,,,,,,,,,
53157,,582,BF 5% D/water,,,350,,,,,,,,02-APR-26 12.00.00.000000 AM,,,,,,,,,,,,,,4141,,6433,2-Apr-26,6433,2-Apr-26,,,,,,,,,,,,,,,,,,,,,,,,,,
53171,,542,water,,200,,,,,,,,,02-APR-26 02.00.00.000000 PM,,,,,,,,,,,,,,4141,,4950,2-Apr-26,4950,2-Apr-26,31959,,,,,,,,,,,,,,,,,,,,,,,,,
53191,,582,water,,400,,,,,,,,,02-APR-26 09.00.00.000000 PM,,,,,,,,,,,,,,36534,,6433,2-Apr-26,6433,2-Apr-26,,,,,,,,,,,,,,,,,,,,,,,,,,
53210,,,febramol,,,100,,,,,,,,06-APR-26 07.30.00.000000 AM,,,,,,,,,,,,,,36638,,6441,6-Apr-26,6441,6-Apr-26,,,,,,,,,,,,,,,,,,,,,,,,,,
53222,,542,,,,,,,,,,,,07-APR-26 09.00.00.000000 AM,,,,500,,,,,,,,,,36638,,4607,7-Apr-26,4607,7-Apr-26,36024,,,,,,,,,,,,,,,,,,,,,,,,,
53225,,542,5% D/s,,,500,,,,,,,,07-APR-26 09.45.00.000000 AM,,,,,,,,,,,,,,36638,,6433,7-Apr-26,6433,7-Apr-26,,,,,,,,,,,,,,,,,,,,,,,,,,
53248,,,normal saline,,,500,,,,,,,,10-APR-26 06.45.00.000000 AM,,,,,,,,,,,,,,36711,,6405,10-Apr-26,6405,10-Apr-26,36284,,,,,,,,,,,,,,,,,,,,,,,,,
53266,,542,normal saline,,,500,,,,,,,,14-APR-26 02.00.00.000000 PM,,,,,,,,,,,,,,36915,,4927,14-Apr-26,4927,14-Apr-26,37111,,,,,,,,,,,,,,,,,,,,,,,,,
53268,,542,flagyl,,,100,,,,,,,,14-APR-26 03.00.00.000000 PM,,,,,,,,,,,,,,34593,,5759,14-Apr-26,5759,14-Apr-26,37123,,,,,,,,,,,,,,,,,,,,,,,,,
53269,,,febramol,,,100,,,,,,,,14-APR-26 03.30.00.000000 PM,,,,,,,,,,,,,,34593,,5759,14-Apr-26,5759,14-Apr-26,,,,,,,,,,,,,,,,,,,,,,,,,,
53318,,542,5%D/saline ,,,500,,,,,,,,16-APR-26 12.20.00.000000 AM,,,,,,,,,,,,,,33064,,6445,16-Apr-26,6445,16-Apr-26,37364,,,,,,,,,,,,,,,,,,,,,,,,,
53324,,542,5% D/s,,,500,,,,,,,,16-APR-26 04.00.00.000000 PM,,,,,,,,,,,,,,34593,,6068,16-Apr-26,6068,16-Apr-26,37365,,,,,,,,,,,,,,,,,,,,,,,,,
53347,,542,5% D/s,,,500,,,,,,,,17-APR-26 06.00.00.000000 AM,,,,,,,,,,,,,,37005,,6068,17-Apr-26,6068,17-Apr-26,,,,,,,,,,,,,,,,,,,,,,,,,,
53348,,542,,,,,,,,,,,,17-APR-26 06.00.00.000000 AM,,,200,,,,,,,,,,,34862,,6068,17-Apr-26,6068,17-Apr-26,37070,,,,,,,,,,,,,,,,,,,,,,,,,
53350,,,,,,,,,,,,,,17-APR-26 06.00.00.000000 AM,,,300,,,,,,,,,,,37015,,6497,17-Apr-26,6497,17-Apr-26,37390,,,,,,,,,,,,,,,,,,,,,,,,,
53352,,542,normal saline,,,500,,,,,,,,17-APR-26 08.45.00.000000 AM,,,,,,,,,,,,,,34862,,6068,17-Apr-26,6068,17-Apr-26,37070,,,,,,,,,,,,,,,,,,,,,,,,,
53356,,542,5% D/s,,,500,,,,,,,,17-APR-26 02.00.00.000000 PM,,,,,,,,,,,,,,34862,,5482,17-Apr-26,5482,17-Apr-26,,,,,,,,,,,,,,,,,,,,,,,,,,
53357,,,water,,750,,,,,,,,,17-APR-26 12.30.00.000000 PM,,,,,,,,,,,,,,37015,,6441,17-Apr-26,6441,17-Apr-26,37390,,,,,,,,,,,,,,,,,,,,,,,,,
53358,,582,,,,,,,,,,,,17-APR-26 12.15.00.000000 PM,,,400,,,,,,,,,,,37015,,6441,17-Apr-26,6441,17-Apr-26,37390,,,,,,,,,,,,,,,,,,,,,,,,,
53359,,582,water,,750,,,,,,,,,17-APR-26 02.30.00.000000 PM,,,,,,,,,,,,,,37015,,6441,17-Apr-26,6441,17-Apr-26,37390,,,,,,,,,,,,,,,,,,,,,,,,,
53364,,542,water,,,200,,,,,,,,17-APR-26 07.00.00.000000 PM,,,,,,,,,,,,,,34862,,6068,17-Apr-26,6068,17-Apr-26,37070,,,,,,,,,,,,,,,,,,,,,,,,,
53367,,542,flagyl,,,100,,,,,,,,17-APR-26 10.00.00.000000 PM,,,,,,,,,,,,,,33411,,4950,17-Apr-26,4950,17-Apr-26,37665,,,,,,,,,,,,,,,,,,,,,,,,,
53369,,542,5% D/S fast,,,500,,,,,,,,17-APR-26 10.00.00.000000 PM,,,,,,,,,,,,,,33411,,4950,17-Apr-26,4950,17-Apr-26,,,,,,,,,,,,,,,,,,,,,,,,,,
53371,,542,5%D/S,,,500,,,,,,,,17-APR-26 11.00.00.000000 PM,,,300,,,,,,,,,,,33411,,4950,17-Apr-26,4950,17-Apr-26,,,,,,,,,,,,,,,,,,,,,,,,,,
52971,,542,flagyl,,,100,,,,,,,,26-MAR-26 06.00.00.000000 PM,,,,,,,,,,,,,,33891,,5655,26-Mar-26,5655,26-Mar-26,34699,,,,,,,,,,,,,,,,,,,,,,,,,
52974,,542,,,,,,,,,,,,26-MAR-26 07.15.00.000000 PM,,,100,,,,,,,,,,,36310,,5655,26-Mar-26,5655,26-Mar-26,,,Diaper wet +++,,,,,,,,,,,,,,,,,,,,,,,
52976,,582,water,,400,,,,,,,,,26-MAR-26 07.45.00.000000 PM,,,,,,,,,,,,,,30796,,6433,26-Mar-26,6433,26-Mar-26,,,,,,,,,,,,,,,,,,,,,,,,,,
52987,,542,water,,200,,,,,,,,,27-MAR-26 11.00.00.000000 AM,,,,,,,,,,,,,,30330,,4950,27-Mar-26,4950,27-Mar-26,35060,,,,,,,,,,,,,,,,,,,,,,,,,
52994,,582,5% D/s,,,500,,,,,,,,27-MAR-26 05.45.00.000000 PM,,,,,,,,,,,,,,36422,,5759,27-Mar-26,5759,27-Mar-26,35217,,,,,,,,,,,,,,,,,,,,,,,,,
52998,,,ORS,,200,,,,,,,,,27-MAR-26 05.45.00.000000 PM,,,,,,,,,,,,,,36310,,5759,27-Mar-26,5759,27-Mar-26,35058,,,,,,,,,,,,,,,,,,,,,,,,,
52999,,,ORS,,150,,,,,,,,,27-MAR-26 08.30.00.000000 PM,,,,,,,,,,,,,,36310,,5759,27-Mar-26,5759,27-Mar-26,,,,,,,,,,,,,,,,,,,,,,,,,,
53002,,542,water,,400,,,,,,,,,27-MAR-26 07.30.00.000000 PM,,,,,,,,,,,,,,36422,,5759,27-Mar-26,5759,27-Mar-26,35217,,,,,,,,,,,,,,,,,,,,,,,,,
53006,,,flagyl,,,16,,,,,,,,27-MAR-26 10.00.00.000000 PM,,,,,,,,,,,,,,30330,,5759,27-Mar-26,5759,27-Mar-26,35060,,,,,,,,,,,,,,,,,,,,,,,,,
53007,,,water,,150,,,,,,,,,27-MAR-26 10.00.00.000000 PM,,,,,,,,,,,,,,30330,,5759,27-Mar-26,5759,27-Mar-26,,,,,,,,,,,,,,,,,,,,,,,,,,
53019,,,,,,,,,,,,,,28-MAR-26 06.00.00.000000 AM,,,400,,,,,,,,,,,36422,,5759,28-Mar-26,5759,28-Mar-26,35217,,,,,,,,,,,,,,,,,,,,,,,,,
53034,,542,4.3% Dextrose saline,,,500,,,,,,,,29-MAR-26 04.00.00.000000 AM,,,,,,,,,,,,,,36429,,6405,29-Mar-26,6405,29-Mar-26,35235,,to drop for 4 hrs,,,,,,,,,,,,,,,,,,,,,,,
53035,,542,,,,,,,,,,,,29-MAR-26 03.30.00.000000 AM,,,150,,,,,,,,,,,36429,,6405,29-Mar-26,6405,29-Mar-26,,,,,,,,,,,,,,,,,,,,,,,,,,
53041,,582,,,,,,,,,,,,29-MAR-26 02.30.00.000000 PM,,,300,,,,,,,,,,,34078,,6429,29-Mar-26,6429,29-Mar-26,35244,,amber color,,,,,,,,,,,,,,,,,,,,,,,
53042,,582,5% D/s,,,500,,,,,,,,29-MAR-26 08.15.00.000000 PM,,,,150,,,,,,,,,,34078,,6430,29-Mar-26,6430,29-Mar-26,35256,,,,,,,,,,,,,,,,,,,,,,,,,
53045,,582,,,,,,,,,,,,29-MAR-26 08.45.00.000000 PM,,,,50,,,,,,,,,,34078,,6430,29-Mar-26,6430,29-Mar-26,,,,,,,,,,,,,,,,,,,,,,,,,,
53046,,582,malt ,,150,,,,,,,,,29-MAR-26 06.30.00.000000 PM,,,,,,,,,,,,,,34078,,6430,29-Mar-26,6430,29-Mar-26,35256,,,,,,,,,,,,,,,,,,,,,,,,,
53054,,542,N/Saline,,100,500,,,,,,,,30-MAR-26 03.00.00.000000 PM,,,250,,,,,,,,,,,34078,,4937,30-Mar-26,4937,30-Mar-26,35256,,,,,,,,,,,,,,,,,,,,,,,,,
53060,,582,flagyl,,,100,,,,,,,,30-MAR-26 09.00.00.000000 PM,,,,200,,,,,,,,,,34078,,6430,30-Mar-26,6430,30-Mar-26,35256,,,,,,,,,,,,,,,,,,,,,,,,,
53072,,582,flagyl,,,100,,,,,,,,31-MAR-26 06.00.00.000000 AM,,,,,,,,,,,,,,4141,,6430,31-Mar-26,6430,31-Mar-26,31959,,,,,,,,,,,,,,,,,,,,,,,,,
53078,,582,water,,500,,,,,,,,,31-MAR-26 07.00.00.000000 AM,,,,,,,,,,,,,,33515,,6430,31-Mar-26,6430,31-Mar-26,35432,,,,,,,,,,,,,,,,,,,,,,,,,
53079,,582,pap,,500,,,,,,,,,31-MAR-26 07.45.00.000000 AM,,,,,,,,,,,,,,33515,,6430,31-Mar-26,6430,31-Mar-26,,,,,,,,,,,,,,,,,,,,,,,,,,
53080,,582,,,,,,,,,,,,31-MAR-26 06.00.00.000000 AM,,,250,,,,,,,,,,,33515,,6430,31-Mar-26,6430,31-Mar-26,,,,,,,,,,,,,,,,,,,,,,,,,,
53081,,,tea,,300,,,,,,,,,31-MAR-26 09.45.00.000000 AM,,,500,,,,,,,,,,,36487,,4927,31-Mar-26,6501,31-Mar-26,35461,,,,,,,,,,,,,,,,,,,,,,,,,
53092,,582,ORS,,300,,,,,,,,,31-MAR-26 11.00.00.000000 AM,,,400,,,,,,,,,,,36487,,6487,31-Mar-26,6501,31-Mar-26,,,,,,,,,,,,,,,,,,,,,,,,,,
53111,,582,,,,,,,,,,,,31-MAR-26 10.00.00.000000 PM,,,400,,,,,,,,,,,36487,,6501,31-Mar-26,6501,31-Mar-26,,,,,,,,,,,,,,,,,,,,,,,,,,
53113,,582,water,,200,,,,,,,,,31-MAR-26 10.00.00.000000 PM,,,100,,,,,,,,,,,36534,,6501,31-Mar-26,6501,31-Mar-26,35637,,,,,,,,,,,,,,,,,,,,,,,,,
53115,,,flagyl,,,100,,,,,,,,31-MAR-26 10.00.00.000000 PM,,,,,,,,,,,,,,34078,,6501,31-Mar-26,6501,31-Mar-26,35464,,,,,,,,,,,,,,,,,,,,,,,,,
53116,,582,ORS,,400,,,,,,,,,31-MAR-26 08.00.00.000000 PM,,,,,,,,,,,,,,36487,,6501,31-Mar-26,6501,31-Mar-26,35461,,,,,,,,,,,,,,,,,,,,,,,,,
53118,,582,5% D/s,,,500,,,,,,,,01-APR-26 01.30.00.000000 AM,,,,,,,,,,,,,,36534,,6497,1-Apr-26,6497,1-Apr-26,,,,,,,,,,,,,,,,,,,,,,,,,,
53138,,542,pap,,400,,,,,,,,,01-APR-26 10.00.00.000000 AM,,,,,,,,,,,,,,36542,,5014,1-Apr-26,5014,1-Apr-26,35653,,,,,,,,,,,,,,,,,,,,,,,,,
53141,,582,LEVOFLOXACIN,,,100,,,,,,,,01-APR-26 12.00.00.000000 PM,,,,,,,,,,,,,,4141,,5014,1-Apr-26,5014,1-Apr-26,,,,,,,,,,,,,,,,,,,,,,,,,,
53145,,525,5% Dextrose saline,,,500,,,,,,,,01-APR-26 05.45.00.000000 PM,,,,,,,,,,,,,,36534,,6429,1-Apr-26,6429,1-Apr-26,35729,,,,,,,,,,,,,,,,,,,,,,,,,
53155,,644,flagyl,,,100,,,,,,,,02-APR-26 12.00.00.000000 AM,,,,,,,,,,,,,,4141,,6429,2-Apr-26,6429,2-Apr-26,31959,,,,,,,,,,,,,,,,,,,,,,,,,
53156,,623,Levofloxacin,,,100,,,,,,,,02-APR-26 01.45.00.000000 AM,,,,,,,,,,,,,,4141,,6429,2-Apr-26,6429,2-Apr-26,,,,,,,,,,,,,,,,,,,,,,,,,,
53158,,582,normal saline,,,500,,,,,,,,02-APR-26 06.00.00.000000 AM,,,,,,,,,,,,,,36534,,6433,2-Apr-26,6433,2-Apr-26,,,,,,,,,,,,,,,,,,,,,,,,,,
53159,,582,,,,,,,,,,,,02-APR-26 05.45.00.000000 AM,,,200,,,,,,,,,,,36534,,6433,2-Apr-26,6433,2-Apr-26,35729,,,,,,,,,,,,,,,,,,,,,,,,,
53162,,582,,,,,,,,,,,,02-APR-26 07.30.00.000000 AM,,,300,,,,,,,,,,,4141,,6433,2-Apr-26,6433,2-Apr-26,31959,,,,,,,,,,,,,,,,,,,,,,,,,
53182,,582,normal saline,,,500,,,,,,,,02-APR-26 07.00.00.000000 PM,,,,,,,,,,,,,,4141,,6433,2-Apr-26,6433,2-Apr-26,,,,,,,,,,,,,,,,,,,,,,,,,,
53185,,542,water,,500,,,,,,,,,02-APR-26 07.30.00.000000 PM,,,,,,,,,,,,,,36566,,5501,2-Apr-26,5501,2-Apr-26,,,,,,,,,,,,,,,,,,,,,,,,,,
53188,,542,,,,,,,,,,,,02-APR-26 11.00.00.000000 PM,,,400,,,,,,,,,,,36566,,5501,2-Apr-26,5501,2-Apr-26,,,,,,,,,,,,,,,,,,,,,,,,,,
53190,,582,,,,,,,,,,,,02-APR-26 10.00.00.000000 PM,,,800,,,,,,,,,,,36534,,6433,2-Apr-26,6433,2-Apr-26,35973,,,,,,,,,,,,,,,,,,,,,,,,,
53212,,542,,,,,,,,,,,,06-APR-26 10.15.00.000000 AM,,,300,,100,,,,,,,,,36638,,4651,6-Apr-26,4651,6-Apr-26,36024,,watery stool,,,,,,,,,,,,,,,,,,,,,,,
53234,,542,,,200,,,,,,,,,07-APR-26 06.00.00.000000 PM,,,,,,,,,,,,,,36638,,6068,7-Apr-26,6068,7-Apr-26,36211,,,,,,,,,,,,,,,,,,,,,,,,,
53237,,542,,,,,,,,,,,,07-APR-26 10.30.00.000000 PM,,,150,,,,,,,,,,,36638,,6068,7-Apr-26,6068,7-Apr-26,36211,,,,,,,,,,,,,,,,,,,,,,,,,
53252,,582,WATER,,50,,,,,,,,,11-APR-26 10.15.00.000000 AM,,,,,,,,,,,,,,32208,,6117,11-Apr-26,6117,11-Apr-26,25033,,,,,,,,,,,,,,,,,,,,,,,,,
53258,,542,normal saline,,,500,,,,,,,,13-APR-26 11.30.00.000000 AM,,,,,,,,,,,,,,4377,,4607,13-Apr-26,4607,13-Apr-26,36975,,,,,,,,,,,,,,,,,,,,,,,,,
53263,,542,,,,,,,,,,,,13-APR-26 10.30.00.000000 PM,,,300,,,,,,,,,,,4377,,6430,13-Apr-26,6430,13-Apr-26,36975,,,,,,,,,,,,,,,,,,,,,,,,,
53274,,542,normal saline,,,500,,,,,,,,14-APR-26 10.00.00.000000 PM,,,,,,,,,,,,,,36915,,6430,14-Apr-26,6430,14-Apr-26,37111,,,,,,,,,,,,,,,,,,,,,,,,,
53281,,542,n/salin+20iuoxy,,,500,,,,,,,,15-APR-26 05.30.00.000000 PM,,,,,,,,,,,,,,33064,,5990,15-Apr-26,5990,15-Apr-26,37297,,4hourly,,,,,,,,,,,,,,,,,,,,,,,
53285,,,normal saline,,,500,,,,,,,,15-APR-26 06.30.00.000000 PM,,,,,,,,,,,,,,36970,,4611,15-Apr-26,4611,15-Apr-26,37306,,,,,,,,,,,,,,,,,,,,,,,,,
53284,,,flagyl,,,100,,,,,,,,15-APR-26 05.30.00.000000 PM,,,,,,,,,,,,,,33064,,5990,15-Apr-26,5990,15-Apr-26,,,,,,,,,,,,,,,,,,,,,,,,,,
53287,,,febramol,,,100,,,,,,,,15-APR-26 07.30.00.000000 PM,,,,,,,,,,,,,,34593,,4611,15-Apr-26,4611,15-Apr-26,,,,,,,,,,,,,,,,,,,,,,,,,,
53288,,,flagyl,,,100,,,,,,,,15-APR-26 07.30.00.000000 PM,,,,,,,,,,,,,,34593,,4611,15-Apr-26,4611,15-Apr-26,,,,,,,,,,,,,,,,,,,,,,,,,,
53289,,,flagyl ,,,100,,,,,,,,15-APR-26 07.30.00.000000 PM,,,,,,,,,,,,,,34862,,4611,15-Apr-26,4611,15-Apr-26,37070,,,,,,,,,,,,,,,,,,,,,,,,,
53290,,,,,,,,,,,,,,15-APR-26 08.00.00.000000 PM,,,800,,,,,,,,,,,34862,,4611,15-Apr-26,4611,15-Apr-26,,,,,,,,,,,,,,,,,,,,,,,,,,
53340,,,Ciprofloxacin,,,100,,,,,,,,17-APR-26 03.00.00.000000 AM,,,,,,,,,,,,,,37015,,6497,17-Apr-26,6497,17-Apr-26,37390,,,,,,,,,,,,,,,,,,,,,,,,,
53322,,582,Ciprofloxacin,,,100,,,,,,,,16-APR-26 03.30.00.000000 PM,,,,,,,,,,,,,,37015,,6430,16-Apr-26,6430,16-Apr-26,,,,,,,,,,,,,,,,,,,,,,,,,,
53339,,542,normal saline,,,300,,,,,,,,17-APR-26 12.00.00.000000 AM,,,,,,,,,,,,,,37005,,6068,17-Apr-26,6068,17-Apr-26,37358,,brought forward,,,,,,,,,,,,,,,,,,,,,,,
53354,,542,N/Saline,,,600,,,,,,,,17-APR-26 12.45.00.000000 PM,,,400,,,,,,,,,,,33411,,5926,17-Apr-26,5926,17-Apr-26,37389,,,,,,,,,,,,,,,,,,,,,,,,,
52964,,542,5% Dext+1/2 saline,,,500,,,,,,,,26-MAR-26 12.30.00.000000 PM,,,,,,,,,,,,,,36310,,4574,26-Mar-26,4574,26-Mar-26,34742,,,,,,,,,,,,,,,,,,,,,,,,,
52985,,542,pap+water,,500,,,,,,,,,27-MAR-26 09.00.00.000000 AM,,,,,,,,,,,,,,33891,,4950,27-Mar-26,4950,27-Mar-26,34699,,,,,,,,,,,,,,,,,,,,,,,,,
52986,,542,5% D/s,,,500,,,,,,,,27-MAR-26 02.30.00.000000 PM,,,,,,,,,,,,,,36415,,4950,27-Mar-26,4950,27-Mar-26,35190,,,,,,,,,,,,,,,,,,,,,,,,,
52992,,542,,,,,,,,,,,,27-MAR-26 03.15.00.000000 PM,,,200,,,,,,,,,,,36415,,4950,27-Mar-26,4950,27-Mar-26,35190,,,,,,,,,,,,,,,,,,,,,,,,,
52996,,,water,,150,,,,,,,,,27-MAR-26 05.45.00.000000 PM,,,,,,,,,,,,,,30330,,5759,27-Mar-26,5759,27-Mar-26,35060,,,,,,,,,,,,,,,,,,,,,,,,,
52997,,,water,,100,,,,,,,,,27-MAR-26 09.15.00.000000 PM,,,,,,,,,,,,,,30330,,5759,27-Mar-26,5759,27-Mar-26,,,,,,,,,,,,,,,,,,,,,,,,,,
53032,,,water,,400,,,,,,,,,28-MAR-26 08.45.00.000000 PM,,,400,,,,,,,,,,,34078,,5759,28-Mar-26,5759,28-Mar-26,35244,,,,,,,,,,,,,,,,,,,,,,,,,
53038,,582,,,,,,,,,,,,29-MAR-26 06.00.00.000000 AM,,,400,,,,,,,,,,,34078,,5759,29-Mar-26,5759,29-Mar-26,,,,,,,,,,,,,,,,,,,,,,,,,,
53044,,582,,,,,,,,,,,,29-MAR-26 08.00.00.000000 PM,,,,,,,,,,,,,,34078,,6430,29-Mar-26,6430,29-Mar-26,,,,,,,,,,,,,,,,,,,,,,,,,,
53047,,624,water,,250,,,,,,,,,29-MAR-26 07.15.00.000000 PM,,,,,,,,,,,,,,34078,,6430,29-Mar-26,6430,29-Mar-26,,,,,,,,,,,,,,,,,,,,,,,,,,
53048,,582,,,,,,,,,,,,29-MAR-26 10.30.00.000000 PM,,,200,,,,,,,,,,,34078,,6430,29-Mar-26,6430,29-Mar-26,,,clear urine,,,,,,,,,,,,,,,,,,,,,,,
53050,,582,,,,100,,,,,,,,30-MAR-26 07.00.00.000000 AM,,,,,,,,,,,,,,34078,,6430,30-Mar-26,6430,30-Mar-26,,,,,,,,,,,,,,,,,,,,,,,,,,
53051,,582,normal saline,,,500,,,,,,,,30-MAR-26 07.15.00.000000 AM,,,,,,,,,,,,,,34078,,6430,30-Mar-26,6430,30-Mar-26,,,,,,,,,,,,,,,,,,,,,,,,,,
53059,,542,5% D/Saline,,,500,,,,,,,,30-MAR-26 09.30.00.000000 PM,,,,,,,,,,,,,,36481,,6501,30-Mar-26,6501,30-Mar-26,,,,,,,,,,,,,,,,,,,,,,,,,,
53062,,582,flagyl,,,100,,,,,,,,30-MAR-26 09.15.00.000000 PM,,,,,,,,,,,,,,4141,,6430,30-Mar-26,6430,30-Mar-26,31959,,,,,,,,,,,,,,,,,,,,,,,,,
53063,,582,5% D/s,,,350,,,,,,,,30-MAR-26 09.15.00.000000 PM,,,,,,,,,,,,,,4141,,6430,30-Mar-26,6430,30-Mar-26,31959,,,,,,,,,,,,,,,,,,,,,,,,,
53065,,582,Febramol,,,100,,,,,,,,30-MAR-26 09.15.00.000000 PM,,,,,,,,,,,,,,4141,,6430,30-Mar-26,6430,30-Mar-26,,,,,,,,,,,,,,,,,,,,,,,,,,
53070,,542,5%D/S,,,500,,,,,,,,31-MAR-26 06.00.00.000000 AM,,,,,,,,,,,,,,36481,,4574,31-Mar-26,4574,31-Mar-26,,,,,,,,,,,,,,,,,,,,,,,,,,
53075,,542,water,,300,,,,,,,,,31-MAR-26 05.30.00.000000 AM,,,,,,,,,,,,,,36462,,4574,31-Mar-26,4574,31-Mar-26,35451,,,,,,,,,,,,,,,,,,,,,,,,,
53076,,582,flagyl,,,100,,,,,,,,31-MAR-26 07.00.00.000000 AM,,,,,,,,,,,,,,34078,,6430,31-Mar-26,6430,31-Mar-26,35464,,,,,,,,,,,,,,,,,,,,,,,,,
53083,,542,4.3% d/saline,,,250,,,,,,,,31-MAR-26 10.30.00.000000 AM,,,,,,,,,,,,,,36488,,5990,31-Mar-26,5990,31-Mar-26,35463,,later d/c,,,,,,,,,,,,,,,,,,,,,,,
53095,,582,LEVOFLOXACIN,,,100,,,,,,,,31-MAR-26 10.00.00.000000 AM,,,,,,,,,,,,,,4141,,6501,31-Mar-26,6501,31-Mar-26,31959,,,,,,,,,,,,,,,,,,,,,,,,,
53097,,582,5% D/s,,,500,,,,,,,,31-MAR-26 07.30.00.000000 PM,,,,,,,,,,,,,,36534,,6501,31-Mar-26,6501,31-Mar-26,35637,,,,,,,,,,,,,,,,,,,,,,,,,
53099,,582,,,,,,,,,,,,31-MAR-26 07.00.00.000000 PM,,,300,300,,,,,,,,,,34078,,6501,31-Mar-26,6501,31-Mar-26,,,,,,,,,,,,,,,,,,,,,,,,,,
53101,,582,,,,,,,,,,,,31-MAR-26 07.15.00.000000 PM,,,150,,,,,,,,,,,36534,,6501,31-Mar-26,6501,31-Mar-26,35637,,,,,,,,,,,,,,,,,,,,,,,,,
53103,,582,water,,300,,,,,,,,,31-MAR-26 08.45.00.000000 PM,,,,500,,,,,,,,,,34078,,6501,31-Mar-26,6501,31-Mar-26,35464,,,,,,,,,,,,,,,,,,,,,,,,,
53104,,582,,,,,,,,,,,,31-MAR-26 09.00.00.000000 PM,,,50,,,,,,,,,,,36534,,6501,31-Mar-26,6501,31-Mar-26,35637,,,,,,,,,,,,,,,,,,,,,,,,,
53105,,582,5% D/s,,,500,,,,,,,,31-MAR-26 09.00.00.000000 PM,,,500,,,,,,,,,,,4141,,6501,31-Mar-26,6501,31-Mar-26,31959,,,,,,,,,,,,,,,,,,,,,,,,,
53107,,582,5% D/s,,,500,,,,,,,,31-MAR-26 10.00.00.000000 AM,,,400,,,,,,,,,,,4141,,6501,31-Mar-26,6501,31-Mar-26,,,,,,,,,,,,,,,,,,,,,,,,,,
53108,,582,flagyl,,,100,,,,,,,,31-MAR-26 10.00.00.000000 PM,,,300,,,,,,,,,,,4141,,6501,31-Mar-26,6501,31-Mar-26,31959,,,,,,,,,,,,,,,,,,,,,,,,,
53127,,582,flagyl,,,100,,,,,,,,01-APR-26 06.00.00.000000 AM,,,,,,,,,,,,,,4141,,6501,1-Apr-26,6501,1-Apr-26,31959,,,,,,,,,,,,,,,,,,,,,,,,,
53129,,582,0.9% normal saline,,,500,,,,,,,,01-APR-26 06.00.00.000000 AM,,,500,,,,,,,,,,,36542,,6501,1-Apr-26,6501,1-Apr-26,35653,,,,,,,,,,,,,,,,,,,,,,,,,
53131,,582,,,,,,,,,,,,01-APR-26 07.00.00.000000 AM,,,100,,,,,,,,,,,36534,,6497,1-Apr-26,6497,1-Apr-26,35637,,,,,,,,,,,,,,,,,,,,,,,,,
53132,,582,5% D/s,,,500,,,,,,,,01-APR-26 08.00.00.000000 AM,,,,,,,,,,,,,,36534,,6501,1-Apr-26,6501,1-Apr-26,35637,,,,,,,,,,,,,,,,,,,,,,,,,
53154,,,normal saline,,,500,,,,,,,,02-APR-26 12.00.00.000000 AM,,,,,,,,,,,,,,36566,,5501,2-Apr-26,5501,2-Apr-26,35732,,to run for 4hrs,,,,,,,,,,,,,,,,,,,,,,,
53164,,582,Metronidazole,,,100,,,,,,,,02-APR-26 10.00.00.000000 AM,,,250,,,,,,,,,,,4141,,4950,2-Apr-26,4950,2-Apr-26,31959,,,,,,,,,,,,,,,,,,,,,,,,,
53172,,582,custard+water,,200,,,,,,,,,02-APR-26 01.00.00.000000 PM,,,,,,,,,,,,,,36534,,4950,2-Apr-26,4950,2-Apr-26,,,,,,,,,,,,,,,,,,,,,,,,,,
53174,,,normal saline,,,500,,,,,,,,02-APR-26 04.00.00.000000 PM,,,,,,,,,,,,,,36566,,5014,2-Apr-26,5014,2-Apr-26,35732,,,,,,,,,,,,,,,,,,,,,,,,,
53177,,582,LEVOFLOXACIN,,,100,,,,,,,,02-APR-26 03.45.00.000000 PM,,,,,,,,,,,,,,36534,,4950,2-Apr-26,4950,2-Apr-26,,,,,,,,,,,,,,,,,,,,,,,,,,
53178,,582,,,,,,,,,,,,02-APR-26 05.00.00.000000 PM,,,200,,,,,,,,,,,4141,,6433,2-Apr-26,6433,2-Apr-26,31959,,,,,,,,,,,,,,,,,,,,,,,,,
53179,,582,normal saline,,,500,,,,,,,,02-APR-26 06.15.00.000000 PM,,,,,,,,,,,,,,36534,,6433,2-Apr-26,6433,2-Apr-26,35729,,,,,,,,,,,,,,,,,,,,,,,,,
53180,,582,,,,,,,,,,,,02-APR-26 07.00.00.000000 PM,,,600,,,,,,,,,,,36534,,6433,2-Apr-26,6433,2-Apr-26,,,bloody urine,,,,,,,,,,,,,,,,,,,,,,,
53181,,582,flagyl,,,100,,,,,,,,02-APR-26 06.00.00.000000 PM,,,,,,,,,,,,,,4141,,6433,2-Apr-26,6433,2-Apr-26,31959,,,,,,,,,,,,,,,,,,,,,,,,,
53183,,,N/Saline,,,500,,,,,,,,02-APR-26 08.45.00.000000 PM,,,,,,,,,,,,,,36566,,5501,2-Apr-26,5501,2-Apr-26,35732,,,,,,,,,,,,,,,,,,,,,,,,,
53187,,542,water,,500,,,,,,,,,02-APR-26 10.00.00.000000 PM,,,300,,,,,,,,,,,36566,,5501,2-Apr-26,5501,2-Apr-26,,,,,,,,,,,,,,,,,,,,,,,,,,
53198,,582,,,,,,,,,,,,03-APR-26 06.00.00.000000 AM,,,350,,,,,,,,,,,36534,,6433,3-Apr-26,6433,3-Apr-26,35973,,,,,,,,,,,,,,,,,,,,,,,,,
53202,,582,LEVOFLOXACIN,,,100,,,,,,,,03-APR-26 06.00.00.000000 AM,,,,,,,,,,,,,,4141,,6433,3-Apr-26,6433,3-Apr-26,,,,,,,,,,,,,,,,,,,,,,,,,,
53206,,582,water and tea,,350,,,,,,,,,03-APR-26 10.00.00.000000 AM,,,,,,,,,,,,,,4141,,6405,3-Apr-26,6405,3-Apr-26,31959,,,,,,,,,,,,,,,,,,,,,,,,,
53207,,582,water,,150,,,,,,,,,03-APR-26 02.00.00.000000 PM,,,150,,,,,,,,,,,4141,,6405,3-Apr-26,6405,3-Apr-26,,,,,,,,,,,,,,,,,,,,,,,,,,
53208,,582,,,,,,,,,,,,03-APR-26 11.00.00.000000 AM,,,250,,,,,,,,,,,4141,,6405,3-Apr-26,6405,3-Apr-26,,,,,,,,,,,,,,,,,,,,,,,,,,
53215,,542,water,,200,,,,,,,,,06-APR-26 11.30.00.000000 AM,,,,,,,,,,,,,,36638,,4651,6-Apr-26,4651,6-Apr-26,,,,,,,,,,,,,,,,,,,,,,,,,,
53236,,542,normal saline,,,500,,,,,,,,07-APR-26 11.00.00.000000 PM,,,,,,,,,,,,,,36638,,6068,7-Apr-26,6068,7-Apr-26,,,,,,,,,,,,,,,,,,,,,,,,,,
53242,,542,,,,,,,,,,,,08-APR-26 08.15.00.000000 AM,,,200,,,,,,,,,,,36638,,6068,8-Apr-26,6068,8-Apr-26,36211,,,,,,,,,,,,,,,,,,,,,,,,,
53243,,542,normal saline,,,500,,,,,,,,09-APR-26 10.00.00.000000 AM,,,,,,,,,,,,,,36711,,5014,9-Apr-26,5014,9-Apr-26,36284,,,,,,,,,,,,,,,,,,,,,,,,,
53246,,542,5% Dextrose saline,,,500,,,,,,,,09-APR-26 09.45.00.000000 PM,,,,,,,,,,,,,,36711,,6405,9-Apr-26,6405,9-Apr-26,36284,,to run for 8 hours,,,,,,,,,,,,,,,,,,,,,,,
53250,,582,ciprofloxacin,,,200,,,,,,,,11-APR-26 10.00.00.000000 AM,,,,,,,,,,,,,,32208,,6117,11-Apr-26,6117,11-Apr-26,25033,,,,,,,,,,,,,,,,,,,,,,,,,
53256,,582,PCM,,,1000,,,,,,,,11-APR-26 01.45.00.000000 PM,,,,,,,,,,,,,,32208,,6117,11-Apr-26,6117,11-Apr-26,,,,,,,,,,,,,,,,,,,,,,,,,,
53257,,582,flagyl,,,500,,,,,,,,11-APR-26 02.00.00.000000 PM,,,,,,,,,,,,,,32208,,6117,11-Apr-26,6117,11-Apr-26,,,,,,,,,,,,,,,,,,,,,,,,,,
53264,,542,,,,,,,,,,,,14-APR-26 01.15.00.000000 AM,,,200,,,,,,,,,,,4377,,6430,14-Apr-26,6430,14-Apr-26,36975,,,,,,,,,,,,,,,,,,,,,,,,,
53272,,542,normal saline,,,500,,,,,,,,14-APR-26 09.00.00.000000 PM,,,,,,,,,,,,,,34593,,6430,14-Apr-26,6430,14-Apr-26,37123,,,,,,,,,,,,,,,,,,,,,,,,,
53276,,,metronizadazole,,,100,,,,,,,,15-APR-26 02.45.00.000000 AM,,,,,,,,,,,,,,36970,,5501,15-Apr-26,5501,15-Apr-26,,,,,,,,,,,,,,,,,,,,,,,,,,
53278,,542,5% D/s,,,500,,,,,,,,15-APR-26 02.00.00.000000 PM,,,,,,,,,,,,,,34593,,6429,15-Apr-26,6429,15-Apr-26,37123,,,,,,,,,,,,,,,,,,,,,,,,,
53279,,542,normal saline,,,200,,,,,,,,15-APR-26 01.00.00.000000 PM,,,,,,,,,,,,,,34862,,5926,15-Apr-26,5926,15-Apr-26,37070,,,,,,,,,,,,,,,,,,,,,,,,,
53280,,542,blood,,,500,,,,,,,,15-APR-26 02.00.00.000000 PM,,,,,,,,,,,,,,34862,,5926,15-Apr-26,4611,15-Apr-26,,,bloob transfusion end at 6:30pm,,,,,,,,,,,,,,,,,,,,,,,
53283,,,febramol,,,100,,,,,,,,15-APR-26 05.30.00.000000 PM,,,,,,,,,,,,,,33064,,5990,15-Apr-26,5990,15-Apr-26,37297,,,,,,,,,,,,,,,,,,,,,,,,,
53294,,,5% Dextrose saline,,,500,,,,,,,,15-APR-26 09.00.00.000000 PM,,,,,,,,,,,,,,33064,,5990,15-Apr-26,5990,15-Apr-26,37364,,,,,,,,,,,,,,,,,,,,,,,,,
53295,,,N/saline+20oxy,,,500,,,,,,,,15-APR-26 11.00.00.000000 PM,,,500,,,,,,,,,,,33064,,5990,15-Apr-26,5990,15-Apr-26,,,,,,,,,,,,,,,,,,,,,,,,,,
53296,,,normal saline,,,500,,,,,,,,15-APR-26 11.45.00.000000 PM,,,,,,,,,,,,,,34862,,4611,15-Apr-26,4611,15-Apr-26,37070,,,,,,,,,,,,,,,,,,,,,,,,,
53297,,542,,,,,,,,,,,,15-APR-26 11.45.00.000000 PM,,,,,,,,,,,,,,34593,,4611,15-Apr-26,4611,15-Apr-26,37365,,wet diaper +++,,,,,,,,,,,,,,,,,,,,,,,
53305,,,,,,,,,,,,,,16-APR-26 06.00.00.000000 AM,,,600,,,,,,,,,,,37007,,4937,16-Apr-26,4937,16-Apr-26,37361,,,,,,,,,,,,,,,,,,,,,,,,,
53299,,,5%D/S,,,500,,,,,,,,16-APR-26 02.00.00.000000 AM,,,,,,,,,,,,,,37007,,4937,16-Apr-26,4937,16-Apr-26,37361,,,,,,,,,,,,,,,,,,,,,,,,,
53304,,,normal saline,,,500,,,,,,,,16-APR-26 05.30.00.000000 AM,,,,,,,,,,,,,,34862,,4611,16-Apr-26,4611,16-Apr-26,,,,,,,,,,,,,,,,,,,,,,,,,,
53306,,,,,,,,,,,,,,16-APR-26 06.00.00.000000 AM,,,1100,,,,,,,,,,,34862,,4611,16-Apr-26,4611,16-Apr-26,37070,,,,,,,,,,,,,,,,,,,,,,,,,
53308,,,0.9% normal saline,,,500,,,,,,,,16-APR-26 06.30.00.000000 AM,,,,,,,,,,,,,,37007,,4937,16-Apr-26,4937,16-Apr-26,37361,,,,,,,,,,,,,,,,,,,,,,,,,
53310,,542,5% D/s,,,500,,,,,,,,16-APR-26 07.00.00.000000 AM,,,,,,,,,,,,,,34593,,6497,16-Apr-26,6497,16-Apr-26,,,,,,,,,,,,,,,,,,,,,,,,,,
53317,,542,febramol,,,100,,,,,,,,16-APR-26 10.30.00.000000 AM,,,,,,,,,,,,,,34593,,6489,16-Apr-26,6489,16-Apr-26,,,,,,,,,,,,,,,,,,,,,,,,,,
53323,,,water,,750,,,,,,,,,16-APR-26 05.30.00.000000 PM,,,400,,,,,,,,,,,37015,,6497,16-Apr-26,6497,16-Apr-26,37390,,,,,,,,,,,,,,,,,,,,,,,,,
53327,,582,water,,100,,,,,,,,,16-APR-26 08.45.00.000000 PM,,,500,,,,,,,,,,,37015,,6497,16-Apr-26,6497,16-Apr-26,,,clear,,,,,,,,,,,,,,,,,,,,,,,
53335,,542,,,,,,,,,,,,16-APR-26 10.00.00.000000 PM,,,200,,,,,,,,,,,37005,,6068,16-Apr-26,6068,16-Apr-26,,,,,,,,,,,,,,,,,,,,,,,,,,
52966,,582,,,,,,,,,,,,26-MAR-26 12.15.00.000000 PM,,,350,,,,,,,,,,,30796,,6405,26-Mar-26,6405,26-Mar-26,,,,,,,,,,,,,,,,,,,,,,,,,,
52969,,542,0.9% normal saline,,,500,,,,,,,,26-MAR-26 05.00.00.000000 PM,,,,,,,,,,,,,,33891,,5655,26-Mar-26,5655,26-Mar-26,,,,,,,,,,,,,,,,,,,,,,,,,,
52972,,542,water,,100,,,,,,,,,26-MAR-26 05.00.00.000000 PM,,,,,,,,,,,,,,36310,,5655,26-Mar-26,5655,26-Mar-26,35058,,,,,,,,,,,,,,,,,,,,,,,,,
53053,,542,normal saline ,,200,500,,,,,,,,30-MAR-26 11.45.00.000000 AM,,,200,,,,,,,,,,,34078,,4937,30-Mar-26,4937,30-Mar-26,35256,,,,,,,,,,,,,,,,,,,,,,,,,
52979,,542,,,,,,,,,,,,26-MAR-26 11.45.00.000000 PM,,,50,,,,,,,,,,,33891,,5655,26-Mar-26,5655,26-Mar-26,34699,,,,,,,,,,,,,,,,,,,,,,,,,
53143,,582,,,,,,,,,,,,01-APR-26 05.45.00.000000 PM,,,100,,,,,,,,,,,36534,,6433,1-Apr-26,6433,1-Apr-26,35729,,,,,,,,,,,,,,,,,,,,,,,,,
53147,,582,,,,,,,,,,,,01-APR-26 04.15.00.000000 PM,,,300,,,,,,,,,,,4141,,6433,1-Apr-26,6433,1-Apr-26,31959,,,,,,,,,,,,,,,,,,,,,,,,,
53161,,582,,,,,,,,,,,,02-APR-26 07.30.00.000000 AM,,,400,,,,,,,,,,,36534,,6433,2-Apr-26,6433,2-Apr-26,35729,,,,,,,,,,,,,,,,,,,,,,,,,
53167,,542,,,,,,,,,,,,02-APR-26 12.00.00.000000 PM,,,200,,,,,,,,,,,4141,,4950,2-Apr-26,4950,2-Apr-26,,,,,,,,,,,,,,,,,,,,,,,,,,
53211,,542,5% D/Saline,,,500,,,,,,,,06-APR-26 07.45.00.000000 AM,,,,,,,,,,,,,,36638,,6441,6-Apr-26,6441,6-Apr-26,,,,,,,,,,,,,,,,,,,,,,,,,,
53217,,542,N/Saline,,,500,,,,,,,,06-APR-26 09.00.00.000000 PM,,,400,,,,,,,,,,,36640,,5990,6-Apr-26,5990,6-Apr-26,36032,,,,,,,,,,,,,,,,,,,,,,,,,
53227,,,water,,200,,,,,,,,,07-APR-26 11.00.00.000000 AM,,,400,,,,,,,,,,,36638,,6433,7-Apr-26,6433,7-Apr-26,36024,,,,,,,,,,,,,,,,,,,,,,,,,
53229,,542,water,,750,,,,,,,,,07-APR-26 02.00.00.000000 PM,,,,,,,,,,,,,,36638,,6433,7-Apr-26,6433,7-Apr-26,36024,,,,,,,,,,,,,,,,,,,,,,,,,
53230,,542,,,,,,,,,,,,07-APR-26 04.00.00.000000 PM,,,300,,,,,,,,,,,36638,,6433,7-Apr-26,6433,7-Apr-26,36024,,,,,,,,,,,,,,,,,,,,,,,,,
53231,,542,,,,,,,,,,,,07-APR-26 05.00.00.000000 PM,,,300,,,,,,,,,,,36638,,6068,7-Apr-26,6068,7-Apr-26,36024,,,,,,,,,,,,,,,,,,,,,,,,,
53233,,542,,,,,,,,,,,,07-APR-26 08.00.00.000000 PM,,,200,,,,,,,,,,,36638,,6068,7-Apr-26,6068,7-Apr-26,36024,,,,,,,,,,,,,,,,,,,,,,,,,
53235,,542,water,,300,,,,,,,,,07-APR-26 08.30.00.000000 PM,,,,,,,,,,,,,,36638,,6068,7-Apr-26,6068,7-Apr-26,,,,,,,,,,,,,,,,,,,,,,,,,,
53238,,542,normal saline,,,400,,,,,,,,08-APR-26 12.00.00.000000 AM,,,,,,,,,,,,,,36638,,6068,8-Apr-26,6068,8-Apr-26,36211,,,,,,,,,,,,,,,,,,,,,,,,,
53245,,542,Pap and Water,,200,,,,,,,,,09-APR-26 08.30.00.000000 PM,,,,,,,,,,,,,,36711,,6405,9-Apr-26,6405,9-Apr-26,36284,,well tolerated,,,,,,,,,,,,,,,,,,,,,,,
53249,,542,pap + water,,150,,,,,,,,,10-APR-26 09.00.00.000000 AM,,,,,,,,,,,,,,36711,,4650,10-Apr-26,4650,10-Apr-26,36284,,,,,,,,,,,,,,,,,,,,,,,,,
53260,,542,,,,,,,,,,,,13-APR-26 05.30.00.000000 PM,,,200,,,,,,,,,,,4377,,6430,13-Apr-26,6430,13-Apr-26,36975,,,,,,,,,,,,,,,,,,,,,,,,,
53261,,542,,,,,,,,,,,,13-APR-26 06.30.00.000000 AM,,,200,,,,,,,,,,,4377,,6430,13-Apr-26,6430,13-Apr-26,36975,,,,,,,,,,,,,,,,,,,,,,,,,
53262,,542,normal saline,,,500,,,,,,,,13-APR-26 09.15.00.000000 PM,,,,,,,,,,,,,,4377,,6430,13-Apr-26,6430,13-Apr-26,36975,,,,,,,,,,,,,,,,,,,,,,,,,
53267,,542,5% D/s,,,500,,,,,,,,14-APR-26 03.30.00.000000 PM,,,,,,,,,,,,,,34593,,5926,14-Apr-26,5926,14-Apr-26,37123,,,,,,,,,,,,,,,,,,,,,,,,,
53300,,542,febramol,,,100,,,,,,,,16-APR-26 01.30.00.000000 AM,,,,,,,,,,,,,,33064,,6429,16-Apr-26,6429,16-Apr-26,37364,,,,,,,,,,,,,,,,,,,,,,,,,
53301,,542,flagyl,,,100,,,,,,,,16-APR-26 01.30.00.000000 AM,,,,,,,,,,,,,,33064,,6429,16-Apr-26,6429,16-Apr-26,,,,,,,,,,,,,,,,,,,,,,,,,,
53302,,542,5% Dextrose saline,,,500,,,,,,,,16-APR-26 02.00.00.000000 AM,,,,,,,,,,,,,,33064,,6429,16-Apr-26,6429,16-Apr-26,,,,,,,,,,,,,,,,,,,,,,,,,,
53307,,542,5%D/S,,,500,,,,,,,,16-APR-26 05.30.00.000000 AM,,,,,,,,,,,,,,33064,,4937,16-Apr-26,5990,16-Apr-26,,,,,,,,,,,,,,,,,,,,,,,,,,
53309,,542,5% D/s,,,500,,,,,,,,16-APR-26 04.00.00.000000 AM,,,,,,,,,,,,,,34593,,6497,16-Apr-26,6497,16-Apr-26,37365,,,,,,,,,,,,,,,,,,,,,,,,,
53314,,542,Febramol,,,100,,,,,,,,16-APR-26 09.54.00.000000 AM,,,,,,,,,,,,,,33064,,6445,16-Apr-26,6445,16-Apr-26,37364,,,,,,,,,,,,,,,,,,,,,,,,,
53316,,542,flagyl,,,100,,,,,,,,16-APR-26 10.00.00.000000 AM,,,,,,,,,,,,,,34593,,6489,16-Apr-26,6489,16-Apr-26,37365,,,,,,,,,,,,,,,,,,,,,,,,,
53329,,,water,,200,,,,,,,,,16-APR-26 10.00.00.000000 PM,,,500,,,,,,,,,,,37015,,6497,16-Apr-26,6497,16-Apr-26,,,,,,,,,,,,,,,,,,,,,,,,,,
53330,,,,,,,,,,,,,,16-APR-26 07.45.00.000000 PM,,,200,,,,,,,,,,,37015,,6497,16-Apr-26,6497,16-Apr-26,,,,,,,,,,,,,,,,,,,,,,,,,,
53331,,542,flagyl,,,100,,,,,,,,16-APR-26 08.30.00.000000 PM,,,,,,,,,,,,,,34862,,6068,16-Apr-26,6068,16-Apr-26,37070,,,,,,,,,,,,,,,,,,,,,,,,,
53332,,542,normal saline,,,500,,,,,,,,16-APR-26 08.30.00.000000 PM,,,,,,,,,,,,,,34862,,6068,16-Apr-26,6068,16-Apr-26,,,,,,,,,,,,,,,,,,,,,,,,,,
53342,,,BF ,,,250,,,,,,,,17-APR-26 12.00.00.000000 AM,,,,,,,,,,,,,,37015,,6497,17-Apr-26,6497,17-Apr-26,37390,,,,,,,,,,,,,,,,,,,,,,,,,
53361,,542,5% D/s + 20iu oxyto,,,500,,,,,,,,17-APR-26 03.45.00.000000 PM,,,,,,,,,,,,,,33411,,5926,17-Apr-26,5926,17-Apr-26,37389,,,,,,,,,,,,,,,,,,,,,,,,,
53366,,542,water,,300,,,,,,,,,17-APR-26 10.00.00.000000 PM,,,,,,,,,,,,,,34862,,6068,17-Apr-26,6068,17-Apr-26,,,,,,,,,,,,,,,,,,,,,,,,,,
53370,,542,,,,,,,,,,,,17-APR-26 07.00.00.000000 PM,,,200,,,,,,,,,,,34862,,6068,17-Apr-26,6068,17-Apr-26,,,,,,,,,,,,,,,,,,,,,,,,,,
52967,,542,5%dextros in 1/2 N/S,,,500,,,,,,,,26-MAR-26 03.00.00.000000 PM,,,,,,,,,,,,,,30330,,4574,26-Mar-26,4574,26-Mar-26,34732,,,,,,,,,,,,,,,,,,,,,,,,,
52970,,582,N/Saline,,,500,,,,,,,,26-MAR-26 05.30.00.000000 PM,,,,,,,,,,,,,,30796,,6433,26-Mar-26,6433,26-Mar-26,34822,,,,,,,,,,,,,,,,,,,,,,,,,
52975,,582,,,,,,,,,,,,26-MAR-26 07.00.00.000000 PM,,,300,,,,,,,,,,,30796,,6433,26-Mar-26,6433,26-Mar-26,34822,,,,,,,,,,,,,,,,,,,,,,,,,
52977,,542,5% D/s,,,500,,,,,,,,26-MAR-26 09.00.00.000000 PM,,,,,,,,,,,,,,33891,,5655,26-Mar-26,5655,26-Mar-26,34699,,,,,,,,,,,,,,,,,,,,,,,,,
52983,,542,5% D/s,,,500,,,,,,,,27-MAR-26 04.10.00.000000 AM,,,,,,,,,,,,,,33891,,5655,27-Mar-26,5655,27-Mar-26,34699,,,,,,,,,,,,,,,,,,,,,,,,,
52984,,542,5% D/s,,,500,,,,,,,,27-MAR-26 08.00.00.000000 AM,,,,,,,,,,,,,,33891,,5655,27-Mar-26,5655,27-Mar-26,,,,,,,,,,,,,,,,,,,,,,,,,,
52989,,542,pap,,100,,,,,,,,,27-MAR-26 10.00.00.000000 AM,,,,,,,,,,,,,,36310,,4950,27-Mar-26,4950,27-Mar-26,,,,,,,,,,,,,,,,,,,,,,,,,,
52990,,542,ORS,,100,,,,,,,,,27-MAR-26 12.00.00.000000 PM,,,,,,,,,,,,,,36310,,4950,27-Mar-26,4950,27-Mar-26,,,,,,,,,,,,,,,,,,,,,,,,,,
52991,,542,water,,,200,,,,,,,,27-MAR-26 02.00.00.000000 PM,,,,,,,,,,,,,,36310,,4950,27-Mar-26,4950,27-Mar-26,,,,,,,,,,,,,,,,,,,,,,,,,,
53013,,,water,,150,,,,,,,,,27-MAR-26 11.00.00.000000 PM,,,,,,,,,,,,,,36310,,5759,27-Mar-26,5759,27-Mar-26,,,,,,,,,,,,,,,,,,,,,,,,,,
53021,,582,N/Saline,,,500,,,,,,,,28-MAR-26 07.00.00.000000 PM,,,,,,,,,,,,,,34078,,4607,28-Mar-26,4607,28-Mar-26,35244,,,,,,,,,,,,,,,,,,,,,,,,,
53015,,542,5% D/s,,,500,,,,,,,,27-MAR-26 10.45.00.000000 PM,,,500,,,,,,,,,,,36415,,5759,27-Mar-26,5759,27-Mar-26,,,,,,,,,,,,,,,,,,,,,,,,,,
53016,,542,,,,,,,,,,,,27-MAR-26 10.00.00.000000 PM,,,200,,,,,,,,,,,36422,,5759,27-Mar-26,5759,27-Mar-26,35217,,,,,,,,,,,,,,,,,,,,,,,,,
53023,,582,Ciprofloxacin,,,100,,,,,,,,28-MAR-26 07.30.00.000000 PM,,,,,,,,,,,,,,34078,,5759,28-Mar-26,5759,28-Mar-26,35244,,,,,,,,,,,,,,,,,,,,,,,,,
53024,,542,4.3% d/saline,,500,,,,,,,,,28-MAR-26 08.00.00.000000 PM,,,,,,,,,,,,,,36429,,6405,28-Mar-26,6405,28-Mar-26,35235,,,,,,,,,,,,,,,,,,,,,,,,,
53025,,542,water,,200,,,,,,,,,28-MAR-26 03.30.00.000000 PM,,,,,,,,,,,,,,36429,,6405,28-Mar-26,6405,28-Mar-26,,,,,,,,,,,,,,,,,,,,,,,,,,
53026,,542,water,,,300,,,,,,,,28-MAR-26 05.30.00.000000 PM,,,,,,,,,,,,,,36429,,6405,28-Mar-26,6405,28-Mar-26,,,,,,,,,,,,,,,,,,,,,,,,,,
53027,,542,water,,300,,,,,,,,,28-MAR-26 06.00.00.000000 PM,,,,,,,,,,,,,,36429,,6405,28-Mar-26,6405,28-Mar-26,,,,,,,,,,,,,,,,,,,,,,,,,,
53028,,542,,,,,,,,,,,,28-MAR-26 04.00.00.000000 PM,,,400,,,,,,,,,,,36429,,6405,28-Mar-26,6405,28-Mar-26,,,clear,,,,,,,,,,,,,,,,,,,,,,,
53029,,542,,,,,,,,,,,,28-MAR-26 06.00.00.000000 PM,,,300,,,,,,,,,,,36429,,6405,28-Mar-26,6405,28-Mar-26,,,clear,,,,,,,,,,,,,,,,,,,,,,,
53039,,542,water,,150,,,,,,,,,29-MAR-26 10.30.00.000000 AM,,,100,,,,,,,,,,,36429,,6497,29-Mar-26,6497,29-Mar-26,35235,,,,,,,,,,,,,,,,,,,,,,,,,
53043,,582,flagyl,,,100,,,,,,,,29-MAR-26 08.00.00.000000 PM,,,,,,,,,,,,,,34078,,6430,29-Mar-26,6430,29-Mar-26,,,,,,,,,,,,,,,,,,,,,,,,,,
53056,,542, 5% D/S,,,500,,,,,,,,30-MAR-26 04.45.00.000000 PM,,,,,,,,,,,,,,36481,,6501,30-Mar-26,6501,30-Mar-26,35449,,,,,,,,,,,,,,,,,,,,,,,,,
53096,,,water,,100,,,,,,,,,31-MAR-26 07.30.00.000000 PM,,,400,,,,,,,,,,,36487,,6501,31-Mar-26,6501,31-Mar-26,35461,,,,,,,,,,,,,,,,,,,,,,,,,
53106,,582,water,,300,,,,,,,,,31-MAR-26 08.00.00.000000 PM,,,300,,,,,,,,,,,4141,,6501,31-Mar-26,6501,31-Mar-26,,,,,,,,,,,,,,,,,,,,,,,,,,
53149,,582,5% D/Saline,,,500,,,,,,,,02-APR-26 05.00.00.000000 AM,,,,,,,,,,,,,,4141,,6433,1-Apr-26,6433,2-Apr-26,,,,,,,,,,,,,,,,,,,,,,,,,,
53150,,582,,,,,,,,,,,,01-APR-26 11.30.00.000000 PM,,,100,,,,,,,,,,,36534,,6433,1-Apr-26,6433,1-Apr-26,35729,,,,,,,,,,,,,,,,,,,,,,,,,
53151,,582,water,,300,,,,,,,,,01-APR-26 10.30.00.000000 PM,,,,,,,,,,,,,,4141,,6433,1-Apr-26,6433,1-Apr-26,31959,,,,,,,,,,,,,,,,,,,,,,,,,
53153,,582,5% D/s,,,500,,,,,,,,02-APR-26 12.00.00.000000 AM,,,100,,,,,,,,,,,36534,,6433,1-Apr-26,6433,1-Apr-26,35729,,,,,,,,,,,,,,,,,,,,,,,,,
53160,,,normal saline,,,500,,,,,,,,02-APR-26 06.00.00.000000 AM,,,,,,,,,,,,,,36566,,5501,2-Apr-26,5501,2-Apr-26,35732,,,,,,,,,,,,,,,,,,,,,,,,,
53163,,582,,,,,,,,,,,,02-APR-26 08.45.00.000000 AM,,,350,,,,,,,,,,,36534,,6429,2-Apr-26,6429,2-Apr-26,35729,,,,,,,,,,,,,,,,,,,,,,,,,
53165,,542,N/Saline,,,500,,,,,,,,02-APR-26 12.15.00.000000 PM,,,500,,,,,,,,,,,36566,,5014,2-Apr-26,5014,2-Apr-26,35732,,,,,,,,,,,,,,,,,,,,,,,,,
53168,,542,0.9% normal saline,,,500,,,,,,,,02-APR-26 01.00.00.000000 PM,,,,,,,,,,,,,,4141,,4950,2-Apr-26,4950,2-Apr-26,31959,,,,,,,,,,,,,,,,,,,,,,,,,
53169,,542,5% D/s,,,500,,,,,,,,02-APR-26 12.00.00.000000 PM,,,,,,,,,,,,,,36534,,4950,2-Apr-26,4950,2-Apr-26,35729,,,,,,,,,,,,,,,,,,,,,,,,,
53173,,,,,,,,,,,,,,02-APR-26 01.00.00.000000 PM,,,500,,,,,,,,,,,36566,,5014,2-Apr-26,5014,2-Apr-26,35732,,clear,,,,,,,,,,,,,,,,,,,,,,,
53184,,542,,,,,,,,,,,,02-APR-26 09.00.00.000000 PM,,,120,,,,,,,,,,,36566,,5501,2-Apr-26,5501,2-Apr-26,,,,,,,,,,,,,,,,,,,,,,,,,,
53186,,542,water,,500,,,,,,,,,02-APR-26 07.30.00.000000 PM,,,,,,,,,,,,,,36566,,5501,2-Apr-26,5501,2-Apr-26,,,,,,,,,,,,,,,,,,,,,,,,,,
53189,,582,water,,400,,,,,,,,,02-APR-26 09.00.00.000000 PM,,,,,,,,,,,,,,4141,,6433,2-Apr-26,6433,2-Apr-26,31959,,,,,,,,,,,,,,,,,,,,,,,,,
53199,,582,normal saline,,,500,,,,,,,,03-APR-26 06.00.00.000000 AM,,,,,,,,,,,,,,36534,,6433,3-Apr-26,6433,3-Apr-26,,,,,,,,,,,,,,,,,,,,,,,,,,
53200,,582,flagyl,,,100,,,,,,,,03-APR-26 08.00.00.000000 AM,,,,,,,,,,,,,,36534,,6433,3-Apr-26,6433,3-Apr-26,,,,,,,,,,,,,,,,,,,,,,,,,,
53203,,582,normal saline,,,500,,,,,,,,03-APR-26 08.00.00.000000 AM,,,,,,,,,,,,,,4141,,6433,3-Apr-26,6433,3-Apr-26,,,,,,,,,,,,,,,,,,,,,,,,,,
53209,,,N/Saline,,,500,,,,,,,,06-APR-26 07.00.00.000000 AM,,,,,,,,,,,,,,36638,,6441,6-Apr-26,6441,6-Apr-26,36024,,,,,,,,,,,,,,,,,,,,,,,,,
53213,,542,normal saline ,,,505,,,,,,,,06-APR-26 01.00.00.000000 PM,,,,,,,,,,,,,,36638,,4651,6-Apr-26,4651,6-Apr-26,36024,,inj vitamin bco (5ml) added to the fluid,,,,,,,,,,,,,,,,,,,,,,,
53214,,542,,,,,,,,,,,,06-APR-26 11.45.00.000000 AM,,,150,,50,,,,,,,,,36638,,4651,6-Apr-26,4651,6-Apr-26,36024,,watery,,,,,,,,,,,,,,,,,,,,,,,
53216,,542,5% Dextrose saline,,,500,,,,,,,,06-APR-26 01.15.00.000000 PM,,,,,,,,,,,,,,36640,,4651,6-Apr-26,4651,6-Apr-26,36032,,,,,,,,,,,,,,,,,,,,,,,,,
53220,,542,N/Saline,,,500,,,,,,,,06-APR-26 07.00.00.000000 PM,,,400,,,,,,,,,,,36638,,5990,6-Apr-26,5990,6-Apr-26,36024,,,,,,,,,,,,,,,,,,,,,,,,,
53226,,542,pap + water,,400,,,,,,,,,07-APR-26 08.00.00.000000 AM,,,,,,,,,,,,,,36638,,6433,7-Apr-26,6433,7-Apr-26,,,,,,,,,,,,,,,,,,,,,,,,,,
53232,,542,,,,,,,,,,,,07-APR-26 06.15.00.000000 PM,,,200,,,,,,,,,,,36638,,6068,7-Apr-26,6068,7-Apr-26,36024,,,,,,,,,,,,,,,,,,,,,,,,,
53253,,582,,,,,,,,,,,,11-APR-26 12.00.00.000000 PM,,,200,,,,,,,,,,,32208,,6117,11-Apr-26,6117,11-Apr-26,25033,,,,,,,,,,,,,,,,,,,,,,,,,
53254,,582,,,,,,,,,,,,17-APR-26 12.30.00.000000 PM,,,300,,,,,,,,,,,32208,,6117,11-Apr-26,6117,11-Apr-26,25033,,,,,,,,,,,,,,,,,,,,,,,,,
53270,,,,,,,,,,,,,,14-APR-26 03.45.00.000000 PM,,,300,,,,,,,,,,,34593,,5759,14-Apr-26,5759,14-Apr-26,,,,,,,,,,,,,,,,,,,,,,,,,,
53271,,,water,,400,,,,,,,,,14-APR-26 02.45.00.000000 PM,,,400,,,,,,,,,,,36915,,5759,14-Apr-26,5759,14-Apr-26,37111,,,,,,,,,,,,,,,,,,,,,,,,,
53277,,542,5% D/s,,,500,,,,,,,,15-APR-26 08.00.00.000000 AM,,,,,,,,,,,,,,34593,,5926,15-Apr-26,5926,15-Apr-26,,,,,,,,,,,,,,,,,,,,,,,,,,
53286,,,5%D/S,,,500,,,,,,,,15-APR-26 07.30.00.000000 PM,,,,,,,,,,,,,,34593,,4611,15-Apr-26,4611,15-Apr-26,37123,,,,,,,,,,,,,,,,,,,,,,,,,
53303,,,febramol,,,100,,,,,,,,16-APR-26 04.00.00.000000 AM,,,,,,,,,,,,,,34862,,4611,16-Apr-26,4611,16-Apr-26,37070,,,,,,,,,,,,,,,,,,,,,,,,,
53312,,542,flagyl,,,100,,,,,,,,16-APR-26 09.39.00.000000 AM,,,,,,,,,,,,,,33064,,6445,16-Apr-26,6445,16-Apr-26,37364,,,,,,,,,,,,,,,,,,,,,,,,,
53319,,,5% D/s,,,500,,,,,,,,16-APR-26 03.00.00.000000 PM,,,,,,,,,,,,,,34862,,6489,16-Apr-26,6489,16-Apr-26,37070,,,,,,,,,,,,,,,,,,,,,,,,,
53320,,582,normal saline,,,500,,,,,,,,16-APR-26 03.30.00.000000 AM,,,,,,,,,,,,,,37015,,6430,16-Apr-26,6430,16-Apr-26,37390,,,,,,,,,,,,,,,,,,,,,,,,,
53321,,582,febramol,,,100,,,,,,,,16-APR-26 03.30.00.000000 PM,,,,,,,,,,,,,,37015,,6430,16-Apr-26,6430,16-Apr-26,,,,,,,,,,,,,,,,,,,,,,,,,,
53325,,582,water,,100,,,,,,,,,16-APR-26 07.30.00.000000 PM,,,200,,,,,,,,,,,37015,,6497,16-Apr-26,6497,16-Apr-26,37390,,clear,,,,,,,,,,,,,,,,,,,,,,,
53355,,542,flagyl,,,100,,,,,,,,17-APR-26 02.00.00.000000 PM,,,,,,,,,,,,,,34862,,5482,17-Apr-26,5482,17-Apr-26,37070,,,,,,,,,,,,,,,,,,,,,,,,,
53360,,582,,,,,,,,,,,,17-APR-26 02.45.00.000000 PM,,,450,,,,,,,,,,,37015,,6441,17-Apr-26,6441,17-Apr-26,37390,,,,,,,,,,,,,,,,,,,,,,,,,
53362,,542,,,200,,,,,,,,,17-APR-26 05.00.00.000000 PM,,,,,,,,,,,,,,34862,,6068,17-Apr-26,6068,17-Apr-26,37070,,,,,,,,,,,,,,,,,,,,,,,,,
53363,,542,N/S+ 20I.U Oxytocin,,,500,,,,,,,,17-APR-26 07.00.00.000000 PM,,,,,,,,,,,,,,33411,,4950,17-Apr-26,4950,17-Apr-26,37665,,,,,,,,,,,,,,,,,,,,,,,,,
53373,,542,normal saline,,,300,,,,,,,,18-APR-26 12.00.00.000000 AM,,,,,,,,,,,,,,34862,,6068,18-Apr-26,6068,18-Apr-26,37070,,Brought forward,,,,,,,,,,,,,,,,,,,,,,,
53374,,542,,,,,,,,,,,,18-APR-26 06.00.00.000000 AM,,,400,,,,,,,,,,,34862,,6068,18-Apr-26,6068,18-Apr-26,,,,,,,,,,,,,,,,,,,,,,,,,,
53375,,542,water,,200,,,,,,,,,18-APR-26 07.00.00.000000 AM,,,,,,,,,,,,,,34862,,6068,18-Apr-26,6068,18-Apr-26,,,,,,,,,,,,,,,,,,,,,,,,,,
52965,,582,5% Dextrose Saline,,,500,,,,,,,,26-MAR-26 01.30.00.000000 PM,,,,,,,,,,,,,,30796,,6405,26-Mar-26,6405,26-Mar-26,34822,,To run for 4 hrs,,,,,,,,,,,,,,,,,,,,,,,
52968,,542,5% D/s,,,500,,,,,,,,26-MAR-26 04.00.00.000000 PM,,,,,,,,,,,,,,33891,,4574,26-Mar-26,5655,26-Mar-26,34699,,fast due to conc urine,,,,,,,,,,,,,,,,,,,,,,,
53020,,542,4.3% d/saline,500,,500,,,,,,,,28-MAR-26 12.00.00.000000 PM,,,,,,,,,,,,,,36429,,5981,28-Mar-26,5981,28-Mar-26,35235,,,,,,,,,,,,,,,,,,,,,,,,,
53000,,,water,,250,,,,,,,,,27-MAR-26 05.15.00.000000 PM,,,,,,,,,,,,,,36415,,5759,27-Mar-26,5759,27-Mar-26,35190,,,,,,,,,,,,,,,,,,,,,,,,,
53001,,542,water,,400,,,,,,,,,27-MAR-26 07.30.00.000000 PM,,,300,,,,,,,,,,,36415,,5759,27-Mar-26,5759,27-Mar-26,,,,,,,,,,,,,,,,,,,,,,,,,,
53030,,542,water,,200,,,,,,,,,28-MAR-26 08.30.00.000000 PM,,,,,,,,,,,,,,36429,,6405,28-Mar-26,6405,28-Mar-26,,,,,,,,,,,,,,,,,,,,,,,,,,
53057,,542,5% D/Saline,,200,500,,,,,,,,30-MAR-26 05.30.00.000000 PM,,,600,,,,,,,,,,,36462,,6501,30-Mar-26,6501,30-Mar-26,35451,,,,,,,,,,,,,,,,,,,,,,,,,
53058,,542,WATER,,250,,,,,,,,,30-MAR-26 08.00.00.000000 PM,,,150,,,,,,,,,,,36481,,6501,30-Mar-26,6501,30-Mar-26,35449,,,,,,,,,,,,,,,,,,,,,,,,,
53061,,582,ciprofloxacin,,,100,,,,,,,,30-MAR-26 09.00.00.000000 PM,,,,,,,,,,,,,,34078,,6430,30-Mar-26,6430,30-Mar-26,,,,,,,,,,,,,,,,,,,,,,,,,,
53093,,582,water,,300,,,,,,,,,31-MAR-26 05.45.00.000000 PM,,,200,,,,,,,,,,,33515,,6501,31-Mar-26,6501,31-Mar-26,35432,,,,,,,,,,,,,,,,,,,,,,,,,
53098,,582,,,,,,,,,,,,31-MAR-26 05.30.00.000000 PM,,,150,,100,,,,,,,,,36534,,6501,31-Mar-26,6501,31-Mar-26,35637,,blood stained feaces,,,,,,,,,,,,,,,,,,,,,,,
53100,,582,water,,1000,,,,,,,,,31-MAR-26 04.00.00.000000 PM,,,,,,,,,,,,,,34078,,6501,31-Mar-26,6501,31-Mar-26,,,,,,,,,,,,,,,,,,,,,,,,,,
53102,,582,water,,200,,,,,,,,,31-MAR-26 08.45.00.000000 PM,,,800,,,,,,,,,,,36487,,6501,31-Mar-26,6501,31-Mar-26,35461,,,,,,,,,,,,,,,,,,,,,,,,,
53109,,582,LEVOFLOXACIN,,,100,,,,,,,,31-MAR-26 10.00.00.000000 PM,,,,,,,,,,,,,,4141,,6501,31-Mar-26,6501,31-Mar-26,,,,,,,,,,,,,,,,,,,,,,,,,,
53110,,582,RINGERS LACTATE ,,,500,,,,,,,,31-MAR-26 10.45.00.000000 PM,,,,,,,,,,,,,,36487,,6501,31-Mar-26,6501,31-Mar-26,35461,,,,,,,,,,,,,,,,,,,,,,,,,
53112,,582,,,,,,,,,,,,31-MAR-26 10.00.00.000000 PM,,,,100,,,,,,,,,,34078,,6501,31-Mar-26,6501,31-Mar-26,35464,,,,,,,,,,,,,,,,,,,,,,,,,
53114,,582,,,,,,,,,,,,31-MAR-26 10.00.00.000000 PM,,,200,,,,,,,,,,,33515,,6501,31-Mar-26,6501,31-Mar-26,35651,,,,,,,,,,,,,,,,,,,,,,,,,
53119,,582,N/Saline,,,1000,,,,,,,,01-APR-26 12.00.00.000000 AM,,,200,,,,,,,,,,,36542,,4933,1-Apr-26,4933,1-Apr-26,35653,,,,,,,,,,,,,,,,,,,,,,,,,
53120,,582,,,,,,,,,,,,01-APR-26 03.45.00.000000 AM,,,200,,,,,,,,,,,36542,,6497,1-Apr-26,6497,1-Apr-26,35653,,,,,,,,,,,,,,,,,,,,,,,,,
53121,,582,water,,300,,,,,,,,,01-APR-26 03.45.00.000000 AM,,,,,,,,,,,,,,36542,,6497,1-Apr-26,6497,1-Apr-26,,,,,,,,,,,,,,,,,,,,,,,,,,
53122,,582,,,,,,,,,,,,01-APR-26 04.00.00.000000 AM,,,300,,,,,,,,,,,36542,,6497,1-Apr-26,6497,1-Apr-26,,,,,,,,,,,,,,,,,,,,,,,,,,
53123,,582,0.9% normal saline,,,500,,,,,,,,01-APR-26 04.30.00.000000 AM,,,200,,,,,,,,,,,36542,,6497,1-Apr-26,6501,1-Apr-26,,,,,,,,,,,,,,,,,,,,,,,,,,
53126,,,flagyl,,,100,,,,,,,,01-APR-26 06.00.00.000000 AM,,,200,,,,,,,,,,,34078,,6501,1-Apr-26,6501,1-Apr-26,35464,,,,,,,,,,,,,,,,,,,,,,,,,
53134,,542,ringers lactate,,,500,,,,,,,,01-APR-26 02.45.00.000000 PM,,,,,,,,,,,,,,36488,,4927,1-Apr-26,4927,1-Apr-26,35654,,,,,,,,,,,,,,,,,,,,,,,,,
53135,,624,water,,450,,,,,,,,,01-APR-26 12.00.00.000000 AM,,,,,,,,,,,,,,4141,,5014,1-Apr-26,5014,1-Apr-26,,,,,,,,,,,,,,,,,,,,,,,,,,
53136,,,water,,500,,,,,,,,,01-APR-26 11.15.00.000000 AM,,,,,,,,,,,,,,36534,,5014,1-Apr-26,5014,1-Apr-26,35729,,,,,,,,,,,,,,,,,,,,,,,,,
53137,,582,water,,750,,,,,,,,,01-APR-26 04.00.00.000000 PM,,,750,,,,,,,,,,,33515,,5014,1-Apr-26,5014,1-Apr-26,35651,,,,,,,,,,,,,,,,,,,,,,,,,
53139,,542,,,,,,,,,,,,01-APR-26 12.00.00.000000 PM,,,300,,,,,,,,,,,36542,,5014,1-Apr-26,5014,1-Apr-26,,,,,,,,,,,,,,,,,,,,,,,,,,
53140,,582,,,,,,,,,,,,01-APR-26 02.00.00.000000 PM,,,300,,,,,,,,,,,36542,,5014,1-Apr-26,5014,1-Apr-26,,,,,,,,,,,,,,,,,,,,,,,,,,
53142,,582,5% D/s,,,500,,,,,,,,01-APR-26 04.00.00.000000 PM,,,,,,,,,,,,,,4141,,5014,1-Apr-26,5014,1-Apr-26,,,,,,,,,,,,,,,,,,,,,,,,,,
53166,,542,water,,300,,,,,,,,,02-APR-26 10.15.00.000000 AM,,,,,,,,,,,,,,4141,,4950,2-Apr-26,4950,2-Apr-26,31959,,,,,,,,,,,,,,,,,,,,,,,,,
53175,,542,,,,,,,,,,,,02-APR-26 04.00.00.000000 PM,,,300,,,,,,,,,,,36566,,5014,2-Apr-26,5014,2-Apr-26,,,,,,,,,,,,,,,,,,,,,,,,,,
53176,,582,flagyl,,,100,,,,,,,,02-APR-26 04.00.00.000000 PM,,,,,,,,,,,,,,36534,,4950,2-Apr-26,4950,2-Apr-26,35729,,,,,,,,,,,,,,,,,,,,,,,,,
53192,,582,flagyl,,,100,,,,,,,,03-APR-26 12.00.00.000000 AM,,,,,,,,,,,,,,36534,,6433,3-Apr-26,6433,3-Apr-26,35973,,,,,,,,,,,,,,,,,,,,,,,,,
53193,,582,5% D/s,,,500,,,,,,,,03-APR-26 12.15.00.000000 AM,,,,,,,,,,,,,,36534,,6433,3-Apr-26,6433,3-Apr-26,,,,,,,,,,,,,,,,,,,,,,,,,,
53194,,582,5% D/s,,,500,,,,,,,,03-APR-26 01.00.00.000000 AM,,,,,,,,,,,,,,4141,,6433,3-Apr-26,6433,3-Apr-26,31959,,,,,,,,,,,,,,,,,,,,,,,,,
53195,,582,BF N/Saline,,,100,,,,,,,,03-APR-26 12.00.00.000000 AM,,,,,,,,,,,,,,4141,,6433,3-Apr-26,6433,3-Apr-26,,,,,,,,,,,,,,,,,,,,,,,,,,
53196,,582,,,,,,,,,,,,03-APR-26 12.45.00.000000 AM,,,750,,,,,,,,,,,36534,,6433,3-Apr-26,6433,3-Apr-26,,,,,,,,,,,,,,,,,,,,,,,,,,
53197,,582,flagyl,,,100,,,,,,,,03-APR-26 02.00.00.000000 AM,,,,,,,,,,,,,,4141,,6433,3-Apr-26,6433,3-Apr-26,31959,,,,,,,,,,,,,,,,,,,,,,,,,
53201,,582,,,,,,,,,,,,03-APR-26 02.45.00.000000 AM,,,500,,,,,,,,,,,4141,,6433,3-Apr-26,6433,3-Apr-26,31959,,,,,,,,,,,,,,,,,,,,,,,,,
53204,,582,IV METRONIDAZOLE,,,100,,,,,,,,03-APR-26 11.45.00.000000 AM,,,,,,,,,,,,,,4141,,6405,3-Apr-26,6405,3-Apr-26,31959,,,,,,,,,,,,,,,,,,,,,,,,,
53205,,582,,,,,,,,,,,,03-APR-26 02.15.00.000000 PM,,,300,,,,,,,,,,,36534,,6405,3-Apr-26,6405,3-Apr-26,35973,,CONCENTRATED,,,,,,,,,,,,,,,,,,,,,,,
53218,,542,WATER,,1500,,,,,,,,,06-APR-26 09.00.00.000000 PM,,,400,,,,,,,,,,,36640,,5990,6-Apr-26,5990,6-Apr-26,,,,,,,,,,,,,,,,,,,,,,,,,,
53219,,542,,,,,,,,,,,,06-APR-26 11.00.00.000000 PM,,,400,,,,,,,,,,,36640,,5990,6-Apr-26,5990,6-Apr-26,,,,,,,,,,,,,,,,,,,,,,,,,,
53221,,,febramol,,,100,,,,,,,,06-APR-26 11.00.00.000000 PM,,,,,,,,,,,,,,36638,,4937,6-Apr-26,4937,6-Apr-26,36024,,,,,,,,,,,,,,,,,,,,,,,,,
53223,,542,,,,,,,,,,,,07-APR-26 09.15.00.000000 AM,,,,200,,,,,,,,,,36638,,4607,7-Apr-26,6433,7-Apr-26,36024,,,,,,,,,,,,,,,,,,,,,,,,,
53224,,542,,,,,,,,,,,,07-APR-26 09.30.00.000000 AM,,,,100,,,,,,,,,,36638,,6433,7-Apr-26,6433,7-Apr-26,36024,,,,,,,,,,,,,,,,,,,,,,,,,
53228,,542,5% D/s,,,500,,,,,,,,07-APR-26 02.15.00.000000 PM,,,,,,,,,,,,,,36638,,6433,7-Apr-26,6433,7-Apr-26,36024,,,,,,,,,,,,,,,,,,,,,,,,,
53247,,542,,,,,,,,,,,,09-APR-26 11.45.00.000000 PM,,,,,,,,,,,,,,36711,,6405,9-Apr-26,6405,9-Apr-26,,,diaper wet ++,,,,,,,,,,,,,,,,,,,,,,,
53251,,582,WATER,,50,,,,,,,,,11-APR-26 10.15.00.000000 AM,,,,,,,,,,,,,,32208,,6117,11-Apr-26,6117,11-Apr-26,25033,,,,,,,,,,,,,,,,,,,,,,,,,
53255,,582,,,,,,,,,,,,11-APR-26 01.15.00.000000 PM,,,200,,,,,,,,,,,32208,,6117,11-Apr-26,6117,11-Apr-26,,,,,,,,,,,,,,,,,,,,,,,,,,
53259,,542,normal saline,,,500,,,,,,,,13-APR-26 01.45.00.000000 PM,,,150,,,,,,,,,,,4377,,4607,13-Apr-26,4607,13-Apr-26,,,,,,,,,,,,,,,,,,,,,,,,,,
53265,,542,,,,,,,,,,,,14-APR-26 03.30.00.000000 AM,,,300,,,,,,,,,,,4377,,6430,14-Apr-26,6430,14-Apr-26,,,,,,,,,,,,,,,,,,,,,,,,,,
53275,,,normal saline,,,500,,,,,,,,15-APR-26 03.00.00.000000 AM,,,,,,,,,,,,,,36970,,5501,15-Apr-26,5501,15-Apr-26,37306,,,,,,,,,,,,,,,,,,,,,,,,,
53326,,582,5%D/S,,,500,,,,,,,,16-APR-26 09.00.00.000000 PM,,,,,,,,,,,,,,37015,,6497,16-Apr-26,6497,16-Apr-26,37390,,,,,,,,,,,,,,,,,,,,,,,,,
53333,,542,normal saline,,,500,,,,,,,,16-APR-26 09.00.00.000000 PM,,,,,,,,,,,,,,37005,,6068,16-Apr-26,6068,16-Apr-26,37358,,,,,,,,,,,,,,,,,,,,,,,,,
53334,,542,water,,200,,,,,,,,,16-APR-26 08.00.00.000000 PM,,,,,,,,,,,,,,37005,,6068,16-Apr-26,6068,16-Apr-26,37358,,,,,,,,,,,,,,,,,,,,,,,,,
53336,,542,water,,150,,,,,,,,,16-APR-26 10.00.00.000000 PM,,,,,,,,,,,,,,37005,,6068,16-Apr-26,6068,16-Apr-26,,,,,,,,,,,,,,,,,,,,,,,,,,
