ITEM_ID,ITEM_NAME,C_DATE,WATCH_LIST,OUT_OF_STOCK_LEVEL,SELLING_PRICE,PURCHASE_PRICE,BALANCE,FLAG,ITEM_CODE,SUPPLIER_ID,BARCODE,OPENING_STOCK_BAL,COA_ID,ITEM_TYPE,UOM,SERVICE_LOCATION,TEST_GROUP_ID,ITEM_CATEGORY,DRUG_TYPE,DRUG_STRENGTH,ALLOW_POSTING_FORM_POST,GENERIC_TEMPLATE_ID,RESULT_TEMPLATE,NHIS_COA_ID,SERVICE_COA_ID,SUB_GROUP_ID,TEST_GROUP_NAME,PACK_SIZE,DISCONTINUE_FLAG,IS_BATCHED_INVENTORY,NHIS_FLAG,NHIS_PRICE,FPP_PRICE,RETAINERSHIP_PRICE,ITEM_DESCRIPTION,IS_MEDICATION,ACCESSIBILITY,MACHINE_ID,SUB_ITEM_TYPE,BRANCH_ID,ITEM_RECEIVED_IN,ITEM_DISPENSED_IN,GENERIC_NAME,RXCUI_NO,DRUG_SYNONYM,CREATED_BY,CREATED_DATE,UPDATED_BY,UPDATED_DATE,,,,,,,,,,
6077,URINE ANALYSIS AND MICROSCOPY,,,,,,,,5678,,,,3030000001,Lab,,,21,,,,,,"<p>MED LAB SCI&#39;S COMMENT:</p>

<p>MICROSCOPY:</p>

<p>&nbsp;</p>

<p>&nbsp;</p>
",,3030000001,,,,,,0,,,,,,,,,1,,,,,,,,,,,,,,,,,,,
6079,URINE DRUG SCREENING,,,,,,,,9087,,,,3030000001,Lab,,,21,,,,,,"<table border=""1"" cellpadding=""1"" cellspacing=""1"" style=""width:300px"">
	<tbody>
		<tr>
			<td>S/N</td>
			<td>ACCRONYM</td>
			<td>MEANING</td>
			<td>RESULT</td>
			<td>S/N</td>
			<td>ACCRONYM</td>
			<td>MEANING</td>
			<td>RESULT</td>
		</tr>
		<tr>
			<td>1</td>
			<td>AMP</td>
			<td>AMPHETAMINE</td>
			<td>&nbsp;</td>
			<td>19</td>
			<td>BUP</td>
			<td>BUPRENORPHINE</td>
			<td>&nbsp;</td>
		</tr>
		<tr>
			<td>2</td>
			<td>BAR</td>
			<td>BARBITURATES/SECOBARBITAL</td>
			<td>&nbsp;</td>
			<td>20</td>
			<td>MOR</td>
			<td>MORPHINE</td>
			<td>&nbsp;</td>
		</tr>
		<tr>
			<td>3</td>
			<td>BZO</td>
			<td>BENZODIAZEPINES/OXAZEPAM</td>
			<td>&nbsp;</td>
			<td>21</td>
			<td>FYL</td>
			<td>FENTANYL</td>
			<td>&nbsp;</td>
		</tr>
		<tr>
			<td>4</td>
			<td>COC</td>
			<td>COCAINE</td>
			<td>&nbsp;</td>
			<td>22</td>
			<td>ALC</td>
			<td>ALCOHOL</td>
			<td>&nbsp;</td>
		</tr>
		<tr>
			<td>5</td>
			<td>COT</td>
			<td>COTININE</td>
			<td>&nbsp;</td>
			<td>23</td>
			<td>ALP</td>
			<td>ALPRAZOLAM</td>
			<td>&nbsp;</td>
		</tr>
		<tr>
			<td>6</td>
			<td>ETG</td>
			<td>ETHYL GLUCORONIDE</td>
			<td>&nbsp;</td>
			<td>24</td>
			<td>TRO</td>
			<td>TROPICAMIDE</td>
			<td>&nbsp;</td>
		</tr>
		<tr>
			<td>7</td>
			<td>K2</td>
			<td>CANNABIS(SYNTHETIC MARIJUANA)&nbsp;</td>
			<td>&nbsp;</td>
			<td>25</td>
			<td>PCC</td>
			<td>PYRIDINIUM CHLOROCHROMATE</td>
			<td>&nbsp;</td>
		</tr>
		<tr>
			<td>8</td>
			<td>KET</td>
			<td>KETAMINE</td>
			<td>&nbsp;</td>
			<td>26</td>
			<td>ZOP</td>
			<td>ZOPIDONE</td>
			<td>&nbsp;</td>
		</tr>
		<tr>
			<td>9</td>
			<td>OPI</td>
			<td>OPIATES</td>
			<td>&nbsp;</td>
			<td>27</td>
			<td>MCAT</td>
			<td>METHCATHINONE</td>
			<td>&nbsp;</td>
		</tr>
		<tr>
			<td>10</td>
			<td>TRA</td>
			<td>TRAMADOL</td>
			<td>&nbsp;</td>
			<td>28</td>
			<td>7-ACL</td>
			<td>7-AMINOGONAZEPAM</td>
			<td>&nbsp;</td>
		</tr>
		<tr>
			<td>11</td>
			<td>MET</td>
			<td>METHAMPHETAMINE</td>
			<td>&nbsp;</td>
			<td>29</td>
			<td>MEP</td>
			<td>MEPHEDRONE</td>
			<td>&nbsp;</td>
		</tr>
		<tr>
			<td>12</td>
			<td>THC</td>
			<td>MARIJUANA</td>
			<td>&nbsp;</td>
			<td>30</td>
			<td>MDPV</td>
			<td>3,4-METHYLENEDIOXYPYROVAFERONE</td>
			<td>&nbsp;</td>
		</tr>
		<tr>
			<td>13</td>
			<td>FTY</td>
			<td>FENTANYL</td>
			<td>&nbsp;</td>
			<td>31</td>
			<td>ZOL</td>
			<td>ZOIPIDEM</td>
			<td>&nbsp;</td>
		</tr>
		<tr>
			<td>14</td>
			<td>MTD</td>
			<td>METHADONE</td>
			<td>&nbsp;</td>
			<td>32</td>
			<td>CEY2</td>
			<td>CARFENTANYL</td>
			<td>&nbsp;</td>
		</tr>
		<tr>
			<td>15</td>
			<td>OXY</td>
			<td>OXYCODONE</td>
			<td>&nbsp;</td>
			<td>33</td>
			<td>MPD</td>
			<td>METHYLPHENIDATE</td>
			<td>&nbsp;</td>
		</tr>
		<tr>
			<td>16</td>
			<td>PCP</td>
			<td>PHENTYDIDINE</td>
			<td>&nbsp;</td>
			<td>34</td>
			<td>LSD</td>
			<td>LYSERGIC ACID DIETHYLAMIDE</td>
			<td>&nbsp;</td>
		</tr>
		<tr>
			<td>17</td>
			<td>TCA</td>
			<td>TRICYCLE ANTIDEPRESSANTS</td>
			<td>&nbsp;</td>
			<td>35</td>
			<td>CAF</td>
			<td>CAFFEINE</td>
			<td>&nbsp;</td>
		</tr>
		<tr>
			<td>18</td>
			<td>MDMA</td>
			<td>METHYLENEDIOXYMETHAMPHETAMINE</td>
			<td>&nbsp;</td>
			<td>36</td>
			<td>MAM</td>
			<td>6-MOMOACETYLMORPHINE</td>
			<td>&nbsp;</td>
		</tr>
	</tbody>
</table>

<p>&nbsp;</p>
",,3030000001,,,,,,0,,,,,,,,,1,,,,,,,,,,,,,,,,,,,
6138,Vitamin E 400IU (ENAT),,Add Item to Watch List,10,0,,,,,,,,3010000001,Pharmacy,,,285,,Tab,,,,,,,,,30,,0,0,,,,,1,,,Drugs,1,Packs,Tablet,,,,,,,,,,,,,,,,,
6140,Doxycycline 100mg,,Add Item to Watch List,,0,,,,,,,,3010000001,Pharmacy,,,412,,Cap,,,,,,,,,100,1,0,0,,,,,1,,,Drugs,1,Tablet,Tablet,,,,,,,,,,,,,,,,,
6154,Lithium Carbonate 400mg,,Add Item to Watch List,,0,,,,,,,,3010000001,Pharmacy,,,441,,Tab,,,,,,,,,1,1,0,0,,,,,1,,,Drugs,1,Packs,Tablet,,,,,,,,,,,,,,,,,
6156,Amoxicillin/ Clavulanic Acid 375mg,,Add Item to Watch List,,0,,,,,,,,3010000001,Pharmacy,,,412,,Tab,,,,,,,,,14,,0,0,,,,,1,,,Drugs,1,Packs,Capsule,,,,,,,,,,,,,,,,,
6167,Risperidone (Risperdal) 3mg ,,Add Item to Watch List,,0,,,,,,,,3010000001,Pharmacy,,,441,,Tab,,,,,,,,,20,,0,0,,,,,1,,,Drugs,1,Packs,Tablet,,,,,,,,,,,,,,,,,
6174,Coflin ,,Add Item to Watch List,1,0,,,,,,,,3010000001,Pharmacy,,,1025,,Syr,,,,,,,,,1,,0,0,,,,,1,,,Drugs,1,Packs,Bottle,,,,,,,,,,,,,,,,,
6176, Risperidone (Amidrex) 2mg,,Add Item to Watch List,,0,,,,,,,,3010000001,Pharmacy,,,441,,Tab,,,,,,,,,30,,0,0,,,,,1,,,Drugs,1,Packs,Tablet,,,,,,,,,,,,,,,,,
6180,Atropine 0.5mg/ml,,Add Item to Watch List,1,0,,,,,,,,3010000001,Pharmacy,,,1025,,Inj,,,,,,,,,10,,0,0,,,,,1,,,Drugs,1,Packs,Amp,,,,,,,,,,,,,,,,,
6182,Thiopentone Sodium 500mg,,Add Item to Watch List,1,0,,,,,,,,3010000001,Pharmacy,,,1025,,Inj,,,,,,,,,1,,0,0,,,,,1,,,Drugs,1,Packs,Pieces,,,,,,,,,,,,,,,,,
6188,Risperidone 2mg (Afrab),,Add Item to Watch List,,0,,,,,,,,3010000001,Pharmacy,,,441,,Tab,,,,,,,,,20,,0,0,,,,,1,,,Drugs,1,Packs,Tablet,,,,,,,,,,,,,,,,,
6207,Trifluoperazine       5mg,,Add Item to Watch List,,0,,,,,,,,3010000001,Pharmacy,,,441,,Tab,,,,,,,,,1000,,0,0,,,,,1,,,Drugs,1,Packs,Tablet,,,,,,,,,,,,,,,,,
6220,INJ. Haloperidol 5mg,,Add Item to Watch List,,0,,,,,,,,3010000001,Pharmacy,,,441,,Tab,,,,,,,,,5,1,0,0,,,,,1,,,Drugs,1,Packs,Amp,,,,,,,,,,,,,,,,,
6225,Needle & Syring 10cc,,Add Item to Watch List,1,0,,,,,,,,3010000001,Pharmacy,,,996,,Others,,,,,,,,,100,1,0,0,,,,,1,,,Drugs,1,Packs,Pieces,,,,,,,,,,,,,,,,,
6228,Cotrimoxazole,,Add Item to Watch List,,0,,,,,,,,3010000001,Pharmacy,,,412,,Syr,,,,,,,,,1,1,0,0,,,,,1,,,Drugs,1,Bottle,Bottle,,,,,,,,,,,,,,,,,
6229,Plaster 2",,Add Item to Watch List,1,0,,,,,,,,3010000001,Pharmacy,,,996,,General Consumables,,,,,,,,,1,0,0,0,,,,,1,,,Consumables,1,Packs,Pieces,,,,,,,,,,,,,,,,,
6235,Erythromycin,,Add Item to Watch List,,0,,,,,,,,3010000001,Pharmacy,,,412,,Syr,,,,,,,,,1,1,0,0,,,,,1,,,Drugs,1,Bottle,Bottle,,,,,,,,,,,,,,,,,
6242,Amoxicillin/Clavulanc Acid,,Add Item to Watch List,,0,,,,,,,,3010000001,Pharmacy,,,412,,Syr,,,,,,,,,1,1,0,0,,,,,1,,,Drugs,1,Bottle,Bottle,,,,,,,,,,,,,,,,,
6247,Zuclopenthxol decanoate 200mg,,Add Item to Watch List,,0,,,,,,,,3010000001,Pharmacy,,,441,,Inj,,,,,,,,,10,1,0,0,,,,,1,,,Drugs,1,Packs,Amp,,,,,,,,,,,,,,,,,
6257,Surgical Gloves 8,,Add Item to Watch List,,0,,,,,,,,3010000001,Pharmacy,,,289,,General Consumables,,,,,,,,,50,,0,0,,,,,0,,,Consumables,1,Packs,Pieces,,,,,,,,,,,,,,,,,
6674,APPOINTMENT CARD/CASE FILE (SHORT STAY ADMISSION),,,,,,,,91000110,,,,3000000028,Services,Unit,,1001,Other,,,,,,,,,,,,,0,,,,,,,,,1,,,,,,4254,22-Sep-23,5597,28-Feb-24,,,,,,,,,,
6707,INJ.Neostigmine,,Add Item to Watch List,,0,,,,,,,,3010000001,Pharmacy,,,247,,Inj,,,,,,,,,1,1,0,0,,,,,1,,,Drugs,1,Packs,Vial,,,,,,,,,,,,,,,,,
6870,Cimetidine 400mg,,Add Item to Watch List,,0,,,,,,,,3010000001,Pharmacy,,,437,,Tab,,,,,,,,,100,0,0,2,,,,,1,,,Drugs,1,Packs,Amp,,,,,,,,,,,,,,,,,
6932,Cough Syrup Adult,,Add Item to Watch List,,0,,,,,,,,3010000001,Pharmacy,,,1032,,Syr,,,,,,,,,1,,0,0,,,,,1,,,Drugs,1,Packs,Bottle,,,,,,,,,,,,,,,,,
7076,LABORATORY*,,,,,,,,61000104,,,,3000000008,Services,Unit,,999,Other,,,,,,,,,,,,,2,,,,,,,,,1,,,,,,4254,26-Sep-23,4943,30-Oct-23,,,,,,,,,,
7080,ABDOMEN(ADULT)-XRAY,,,,,,,,71000101,,,,3000000003,Services,Unit,,1003,Other,,,,,,,,,,,,,0,,,,,,,,,1,,,,,,4254,26-Sep-23,,,,,,,,,,,,
7084,ANKLE JOINT (ADULT),,,,,,,,71000103,,,,3000000003,Services,Unit,,967,Other,,,,,,,,,,,1,,0,,,,,,,,,1,,,,,,4254,26-Sep-23,,,,,,,,,,,,
7100,FACIAL BONES (CHILD),,,,,,,,71000112,,,,3000000009,Services,Unit,,967,Other,,,,,,,,,,,,,0,,,,,,,,,,,,,,,4254,26-Sep-23,,,,,,,,,,,,
7122,HUMERUS (CHILD),,,,,,,,71000123,,,,3000000003,Services,Unit,,967,Other,,,,,,,,,,,1,,0,,,,,,,,,1,,,,,,4254,26-Sep-23,,,,,,,,,,,,
7123,KNEEL JOINT (ADULT),,,,,,,,71000124,,,,3000000003,Services,Unit,,967,Other,,,,,,,,,,,1,,0,,,,,,,,,1,,,,,,4254,26-Sep-23,,,,,,,,,,,,
7124,KNEEL JOINT (CHILD),,,,,,,,71000125,,,,3000000003,Services,Unit,,967,Other,,,,,,,,,,,1,,0,,,,,,,,,1,,,,,,4254,26-Sep-23,,,,,,,,,,,,
7125,LEG (ADULT),,,,,,,,71000126,,,,3000000003,Services,Unit,,967,Other,,,,,,,,,,,1,,0,,,,,,,,,1,,,,,,4254,26-Sep-23,,,,,,,,,,,,
7126,LEG (CHILD),,,,,,,,71000127,,,,3000000003,Services,Unit,,967,Other,,,,,,,,,,,1,,0,,,,,,,,,1,,,,,,4254,26-Sep-23,,,,,,,,,,,,
7127,LUMBOSACRAL (ADULT),,,,,,,,71000128,,,,3000000003,Services,Unit,,967,Other,,,,,,,,,,,1,,0,,,,,,,,,1,,,,,,4254,26-Sep-23,,,,,,,,,,,,
7128,LUMBOSACRAL (CHILD),,,,,,,,71000129,,,,3000000003,Services,Unit,,967,Other,,,,,,,,,,,1,,0,,,,,,,,,1,,,,,,4254,26-Sep-23,,,,,,,,,,,,
7130,Needle,,Add Item to Watch List,1,0,,,,,,,,3010000001,Pharmacy,,,1021,,General Consumables,,,,,,,,,100,,0,2,,,,,1,,,Consumables,1,Packs,Packs,,,,,,,,,,,,,,,,,
7135,OPTIC FOREMEN (CHILD),,,,,,,,71000133,,,,3000000003,Services,Unit,,967,Other,,,,,,,,,,,1,,0,,,,,,,,,1,,,,,,4254,26-Sep-23,,,,,,,,,,,,
7148,SHOULDER (ADULT),,,,,,,,71000140,,,,3000000003,Services,Unit,,967,Other,,,,,,,,,,,1,,0,,,,,,,,,1,,,,,,4254,26-Sep-23,,,,,,,,,,,,
7149,SHOULDER (CHILD),,,,,,,,71000141,,,,3000000003,Services,Unit,,967,Other,,,,,,,,,,,1,,0,,,,,,,,,1,,,,,,4254,26-Sep-23,,,,,,,,,,,,
7155,THORACIC SPINE (ADULT),,,,,,,,71000146,,,,3000000003,Services,Unit,,967,Other,,,,,,,,,,,1,,0,,,,,,,,,1,,,,,,4254,26-Sep-23,,,,,,,,,,,,
7156,THORACIC SPINE (CHILD),,,,,,,,71000147,,,,3000000003,Services,Unit,,967,Other,,,,,,,,,,,1,,0,,,,,,,,,1,,,,,,4254,26-Sep-23,,,,,,,,,,,,
7158,THORACOLUMBER (CHILD),,,,,,,,71000149,,,,3000000003,Services,Unit,,967,Other,,,,,,,,,,,1,,0,,,,,,,,,1,,,,,,4254,26-Sep-23,,,,,,,,,,,,
7159,TMJ (ADULT),,,,,,,,71000150,,,,3000000003,Services,Unit,,967,Other,,,,,,,,,,,1,,0,,,,,,,,,1,,,,,,4254,26-Sep-23,,,,,,,,,,,,
7179,Perfusion lung scan,,,,,,,,NHIS-178-031,,,,3000000003,Radiology,,,123,,,,,,,,3000000003,,,,,,2,,,,,,,,,1,,,,,,,,,,,,,,,,,,,
7183,Muga scan,,,,,,,,NHIS-178-034,,,,3000000003,Radiology,,,123,,,,,,,,3000000003,,,,,,2,,,,,,,,,1,,,,,,,,,,,,,,,,,,,
7184,PHYSIOTHERAPY CHILDREN SERVICE PEDIATRIC,,,,,,,,,,,,3020000005,Services,Unit,,157,Procedure,,,,,,,,,,,,,2,,,,,,,,,1,,,,,,1,26-Sep-23,4943,30-Oct-23,,,,,,,,,,
7186,Doppler Scan,,,,,,,,NHIS-179-012,,,,3000000003,Radiology,,,123,,,,,,,,3000000003,,,,1,,1,,,,,,,,,1,,,,,,,,,,,,,,,,,,,
7187,Ocular Scan,,,,,,,,NHIS-179-013,,,,3000000003,Radiology,,,123,,,,,,,,3000000003,,,,,,1,,,,,,,,,1,,,,,,,,,,,,,,,,,,,
7212,CONSULTATION FEE- GYNAECOLOGY,,,,,,,,,,,,3000000025,Services,Unit,,1012,Other,,,,,,,,,,,,,0,,,,,,,,,1,,,,,,1,19-Oct-23,1,19-Oct-23,,,,,,,,,,
7224,GENERAL LAB SERVICE CHARGE-MICRO,,,,,,,,344,,,,3030000001,Lab,,,21,,,,,,"<p>LAB SCI COMMENT:</p>
",,3030000001,,,,,,0,,,,,,,,,1,,,,,,,,,,,,,,,,,,,
7228,GENERAL LAB SERVICE CHARGE-CHEM,,,,,,,,788,,,,3030000004,Lab,,,41,,,,,,"<p>LAB SCI COMMENT:</p>
",,3030000004,,,,,,0,,,,,,,,,1,,,,,,,,,,,,,,,,,,,
7246,Cetirizine 10mg,,Add Item to Watch List,,0,,,,,,,,3010000001,Pharmacy,,,249,,Tab,,,,,,,,,30,,0,0,,,,,0,,,Drugs,1,Packs,Sachet,,,,,,,,,,,,,,,,,
7253,GAMMA-GT,,,,,,,,NHIS-181-019,,,,3030000004,Lab,,,41,,,,,,,,3030000004,,,,,,2,,,,,,1,,,1,,,,,,,,,,,,,,,,,,,
7306,ENERGY GENERAL WARD ONE MONTH,,,,,,,,ENERGY GW ONE MONTH,,,,3000000030,Services,Days,,166,Other,,,,,,,,,,,,,0,,,,,,,,,1,,,,,,4626,1-Jan-24,,,,,,,,,,,,
7424,COGNITIVE BEHAVIOURAL THERAPY CBT,,,,,,,,,,,,3000000020,Radiology,,,866,,,,,,,,3000000020,,,,,,0,,,,,,,,,1,,,,,,,,,,,,,,,,,,,
7429,SERVICE CHARGE - MAIN PHARMACY,,,0,0,,,,,,,,3010000001,Pharmacy,,,1025,,General Consumables,,,,,,,,,1,,0,2,,,,,0,,,Consumables,1,Packs,Pieces,,,,,,,,,,,,,,,,,
7460,ACCOMMODATION GW 2 WEEKS,,,,,,,,,,,,3000000028,Services,Unit,,,Other,,,,,,,,,,,,,0,,,,,,1,,,1,,,,,,4626,22-Feb-24,,,,,,,,,,,,
7488,FEEDING PER DAY (GEN WARD),,,,,,,,,,,,3000000024,Services,Days,,1008,Other,,,,,,,,,,,,,0,,,,,,1,,,1,,,,,,4626,8-Mar-24,,,,,,,,,,,,
7489,ACCOMMODATION PER DAY,,,,,,,,,,,,3000000028,Services,Days,,,Other,,,,,,,,,,,,,0,,,,,,1,,,1,,,,,,4626,8-Mar-24,,,,,,,,,,,,
1934,RIGHT HAND/FINGER (AP/LAT) (ADULT),,,,,,0,,,,,,3000000003,Radiology,,,123,,,,,,,,3000000003,,UPPER LIMB,,,,2,1000,3500,,,,1,,,1,,,,,,,,,,,,,,,,,,,
1935,RIGHT WRIST (AP/LAT) (ADULT),,,,,,0,,,,,,3000000003,Radiology,,,123,,,,,,,,3000000003,,UPPER LIMB,,,,2,1000,3500,,,,1,,,1,,,,,,,,,,,,,,,,,,,
1936,RIGHT FOREARM  (AP/LAT) (ADULT),,,,,,0,,,,,,3000000003,Radiology,,,123,,,,,,,,3000000003,,UPPER LIMB,,,,2,1000,4000,,,,,,,1,,,,,,,,,,,,,,,,,,,
1937,RIGHT ELBOW (AP/LAT) (ADULT),,,,,,0,,,,,,3000000003,Radiology,,,123,,,,,,,,3000000003,,UPPER LIMB,,,,2,1000,4000,,,,,,,1,,,,,,,,,,,,,,,,,,,
1938,RIGHT HUMERUS (AP/LAT) (ADULT),,,,,,0,,,,,,3000000003,Radiology,,,123,,,,,,,,3000000003,,UPPER LIMB,,,,2,1000,4000,,,,,,,1,,,,,,,,,,,,,,,,,,,
1939,RIGHT SHOULDER (AP/LAT) (ADULT),,,,,,0,,,,,,3000000003,Radiology,,,123,,,,,,,,3000000003,,UPPER LIMB,,,,2,1500,4000,,,,,,,1,,,,,,,,,,,,,,,,,,,
1940,RIGHT CLAVICLE (AP/LAT) (ADULT),,,,,,0,,,,,,3000000003,Radiology,,,123,,,,,,,,3000000003,,UPPER LIMB,,,,2,1500,4000,,,,,,,1,,,,,,,,,,,,,,,,,,,
1941,RIGHT HAND/FINGER (AP/LAT) (CHILDREN),,,,,,0,,,,,,3000000003,Radiology,,,123,,,,,,,,3000000003,,UPPER LIMB,,,,2,1000,3080,,,,,,,1,,,,,,,,,,,,,,,,,,,
1942,RIGHT WRIST (AP/LAT) (CHILDREN),,,,,,0,,,,,,3000000003,Radiology,,,123,,,,,,,,3000000003,,UPPER LIMB,,,,2,1000,,,,,,,,1,,,,,,,,,,,,,,,,,,,
1943,UPPER LIMB FOREARM (CHILDREN),,,,,,0,,,,,,3000000003,Radiology,,,123,,,,,,,,,,UPPER LIMB,,1,,2,1000,3520,,,,,,,1,,,,,,,,,,,,,,,,,,,
1944,UPPER LIMB ELBOW (CHILDREN),,,,,,0,,,,,,3000000003,Radiology,,,123,,,,,,,,,,UPPER LIMB,,1,,2,1000,3520,,,,,,,1,,,,,,,,,,,,,,,,,,,
1945,UPPER LIMB HUMERUS (CHILDREN),,,,,,0,,,,,,3000000003,Radiology,,,123,,,,,,,,,,UPPER LIMB,,1,,2,1000,3520,,,,,,,1,,,,,,,,,,,,,,,,,,,
1946,UPPER LIMB SHOULDER (CHILDREN),,,,,,0,,,,,,3000000003,Radiology,,,123,,,,,,,,,,UPPER LIMB,,1,,2,1500,3520,,,,,,,1,,,,,,,,,,,,,,,,,,,
1947,UPPER LIMB CLAVICLE (CHILDREN),,,,,,0,,,,,,3000000003,Radiology,,,123,,,,,,,,,,UPPER LIMB,,1,,2,1500,3520,,,,,,,1,,,,,,,,,,,,,,,,,,,
1948,LOWER LIMB FOOT/TOE (ADULT),,,,,,0,,,,,,3000000003,Radiology,,,123,,,,,,"<p>---Lower Limb temaplate Foot/Teo---</p>
",,3000000009,,LOWER LIMB,,1,,2,1000,4000,,,,,,,1,,,,,,,,,,,,,,,,,,,
1949,RIGHT ANKLE (AP/LAT) (ADULT),,,,,,0,,,,,,3000000003,Radiology,,,123,,,,,,,,3000000003,,LOWER LIMB,,,,2,1000,4000,,,,,,,1,,,,,,,,,,,,,,,,,,,
1950,RIGHT LEG (TIBIA/FIBULA) (AP/LAT) (ADULT),,,,,,0,,,,,,3000000003,Radiology,,,123,,,,,,,,3000000003,,LOWER LIMB,,,,2,1500,4500,,,,,,,1,,,,,,,,,,,,,,,,,,,
1951,LOWER LIMB KNEE (ADULT),,,,,,0,,,,,,3000000003,Radiology,,,123,,,,,,,,,,LOWER LIMB,,1,,2,1500,4000,,,,,,,1,,,,,,,,,,,,,,,,,,,
1952,LOWER LIMB HIP (ADULT),,,,,,0,,,,,,3000000003,Radiology,,,123,,,,,,,,,,LOWER LIMB,,1,,2,1500,4500,,,,,,,1,,,,,,,,,,,,,,,,,,,
1953,RIGHT FEMUR OR THIGH (AP/LAT) (ADULT),,,,,,0,,,,,,3000000003,Radiology,,,123,,,,,,,,3000000003,,LOWER LIMB,,,,2,1500,5000,,,,,,,1,,,,,,,,,,,,,,,,,,,
1954,PELVIS (ADULT),,,,,,0,,,,,,3000000003,Radiology,,,123,,,,,,,,3000000003,,LOWER LIMB,,,,2,1500,4500,,,,,,,1,,,,,,,,,,,,,,,,,,,
1955,RIGHT FOOT/TOE (AP/LAT) (ADULT),,,,,,0,,,,,,3000000003,Radiology,,,123,,,,,,,,3000000003,,LOWER LIMB,,,,2,5720,6500,,,,,,,1,,,,,,,,,,,,,,,,,,,
1956,RIGHT ANKLE  (AP/LAT) (ADULT),,,,,,0,,,,,,3000000003,Radiology,,,123,,,,,,,,3000000003,,LOWER LIMB,,,,2,5080,6000,,,,,,,1,,,,,,,,,,,,,,,,,,,
1957,RIGHT LEG (TIBIA/FIBULA)  (ADULT),,,,,,0,,,,,,3000000003,Radiology,,,123,,,,,,,,3000000003,,LOWER LIMB,,1,,2,5250,6500,,,,,,,1,,,,,,,,,,,,,,,,,,,
1958,RIGHT KNEE (AP/LAT) (ADULT),,,,,,0,,,,,,3000000003,Radiology,,,123,,,,,,,,3000000003,,LOWER LIMB,,,,2,5250,6500,,,,,,,1,,,,,,,,,,,,,,,,,,,
1959,RIGHT HIP (AP/LAT) (ADULT),,,,,,0,,,,,,3000000003,Radiology,,,123,,,,,,,,3000000003,,LOWER LIMB,,,,2,5960,4000,,,,,,,1,,,,,,,,,,,,,,,,,,,
1960,LOWER LIMB FEMUR OR THIGH (BOTH) (AP/LAT) (ADULT),,,,,,0,,,,,,3000000003,Radiology,,,123,,,,,,,,3000000003,,LOWER LIMB,,,,2,6400,7000,,,,,,,1,,,,,,,,,,,,,,,,,,,
1961,RIGHT FOOT/TOE (AP/LAT) (CHILDREN),,,,,,0,,,,,,3000000003,Radiology,,,123,,,,,,,,3000000003,,LOWER LIMB,,,,2,1000,3080,,,,,,,1,,,,,,,,,,,,,,,,,,,
1962,RIGHT ANKLE (AP/LAT) (CHILDREN),,,,,,0,,,,,,3000000003,Radiology,,,123,,,,,,,,3000000003,,LOWER LIMB,,,,2,1000,3520,,,,,,,1,,,,,,,,,,,,,,,,,,,
1963,RIGHT LEG (TIBIA/FIBULA) (AP/LAT) (CHILDREN),,,,,,0,,,,,,3000000003,Radiology,,,123,,,,,,,,3000000003,,LOWER LIMB,,,,2,1500,3520,,,,,,,1,,,,,,,,,,,,,,,,,,,
1964,LEFT KNEE (AP/LAT) (CHILDREN),,,,,,0,,,,,,3000000003,Radiology,,,123,,,,,,,,3000000003,,LOWER LIMB,,,,2,1500,5720,,,,,,,1,,,,,,,,,,,,,,,,,,,
1965,LOWER LIMB HIP (CHILDREN),,,,,,0,,,,,,3000000003,Radiology,,,123,,,,,,,,,,LOWER LIMB,,1,,2,1500,3960,,,,,,,1,,,,,,,,,,,,,,,,,,,
1966,LEFT FEMUR OR THIGH (AP/LAT) (CHILDREN),,,,,,0,,,,,,3000000003,Radiology,,,123,,,,,,,,3000000003,,LOWER LIMB,,,,2,1500,4400,,,,,,,1,,,,,,,,,,,,,,,,,,,
1967,LOWER LIMB PELVIC (CHILDREN),,,,,,0,,,,,,3000000003,Radiology,,,123,,,,,,,,3000000003,,LOWER LIMB,,,,2,1500,3960,,,,,,,1,,,,,,,,,,,,,,,,,,,
1968,LOWER LIMB FOOT/TOE BOTH FEET (AP/LAT) (CHILDREN),,,,,,0,,,,,,3000000003,Radiology,,,123,,,,,,,,3000000003,,LOWER LIMB,,,,2,5720,6500,,,,,,,1,,,,,,,,,,,,,,,,,,,
1969,LOWER LIMB ANKLE  BOTH (AP/LAT) (CHILDREN),,,,,,0,,,,,,3000000003,Radiology,,,123,,,,,,,,3000000003,,LOWER LIMB,,,,2,5080,6000,,,,,,,1,,,,,,,,,,,,,,,,,,,
1970,LOWER LIMB LEG (TIBIA/FIBULA)  BOTH (AP/LAT) (CHILDREN),,,,,,0,,,,,,3000000003,Radiology,,,123,,,,,,,,3000000003,,LOWER LIMB,,,,2,5250,6500,,,,,,,1,,,,,,,,,,,,,,,,,,,
1971,LOWER LIMB KNEE  BOTH (CHILDREN),,,,,,0,,,,,,3000000003,Radiology,,,123,,,,,,,,,,LOWER LIMB,,1,,2,5250,6500,,,,,,,1,,,,,,,,,,,,,,,,,,,
1972,RIGHT HIP (AP/LAT) (CHILDREN),,,,,,0,,,,,,3000000003,Radiology,,,123,,,,,,,,3000000003,,LOWER LIMB,,,,2,5960,4000,,,,,,,1,,,,,,,,,,,,,,,,,,,
1973,LOWER LIMB FEMUR OR THIGH (BOTH) (AP/LAT) (CHILDREN),,,,,,0,,,,,,3000000003,Radiology,,,123,,,,,,,,3000000003,,LOWER LIMB,,,,2,6400,7000,,,,,,,1,,,,,,,,,,,,,,,,,,,
1974,CHEST (PA/AP) (ADULT),,,,,,0,,,,,,3000000003,Radiology,,,123,,,,,,,,3000000003,,THORAX,,,,2,1500,2000,,,,1,,,1,,,,,,,,,,,,,,,,,,,
1975,CHEST (PA/LATERAL) (ADULT),,,,,,0,,,,,,3000000003,Radiology,,,123,,,,,,,,3000000003,,THORAX,,,,2,1500,4000,,,,,,,1,,,,,,,,,,,,,,,,,,,
1976,CHEST FOR RIBS (OBLIQUE) (ADULT),,,,,,0,,,,,,3000000003,Radiology,,,123,,,,,,,,3000000003,,THORAX,,,,2,1500,3500,,,,,,,1,,,,,,,,,,,,,,,,,,,
1977,APICAL/LORDOTIC (ADULT),,,,,,0,,,,,,3000000003,Radiology,,,123,,,,,,,,3000000003,,THORAX,,,,2,1200,,,,,,,,1,,,,,,,,,,,,,,,,,,,
1978,STERNUM (ADULT),,,,,,0,,,,,,3000000003,Radiology,,,123,,,,,,,,3000000003,,THORAX,,,,2,1200,2500,,,,,,,1,,,,,,,,,,,,,,,,,,,
1979,THORACIC INLET (ADULT),,,,,,0,,,,,,3000000003,Radiology,,,123,,,,,,,,3000000003,,THORAX,,,,2,1500,3500,,,,,,,1,,,,,,,,,,,,,,,,,,,
1980,CHEST (PA/AP) (CHILDREN),,,,,,0,,,,,,3000000003,Radiology,,,123,,,,,,,,3000000003,,THORAX,,,,2,1500,1760,,,,,,,1,,,,,,,,,,,,,,,,,,,
1981,CHEST (PA/LATERAL) (CHILDREN),,,,,,0,,,,,,3000000003,Radiology,,,123,,,,,,,,3000000003,,THORAX,,,,2,1500,3520,,,,,,,1,,,,,,,,,,,,,,,,,,,
1982,CHEST FOR RIBS (OBLIQUE) (CHILDREN),,,,,,0,,,,,,3000000003,Radiology,,,123,,,,,,,,3000000003,,THORAX,,,,2,1500,1750,,,,,,,1,,,,,,,,,,,,,,,,,,,
1983,APICAL/LORDOTIC (CHILDREN),,,,,,0,,,,,,3000000003,Radiology,,,123,,,,,,,,3000000003,,THORAX,,,,2,1200,,,,,,,,1,,,,,,,,,,,,,,,,,,,
1984,STERNUM (CHILDREN),,,,,,0,,,,,,3000000003,Radiology,,,123,,,,,,,,3000000003,,THORAX,,,,2,1200,1000,,,,,,,1,,,,,,,,,,,,,,,,,,,
1985,THORACIC INLET (CHILDREN),,,,,,0,,,,,,3000000003,Radiology,,,123,,,,,,,,3000000003,,THORAX,,,,2,1500,2000,,,,,,,1,,,,,,,,,,,,,,,,,,,
1986,CERVICAL SPINE AP/LAT (ADULT),,,,,,0,,,,,,3000000003,Radiology,,,123,,,,,,,,3000000003,,VERTEBRAE,,,,2,2000,5000,,,,,,,1,,,,,,,,,,,,,,,,,,,
1987,LATERAL NECK (SOFT TISSUE) (ADULT),,,,,,0,,,,,,3000000003,Radiology,,,123,,,,,,,,3000000003,,VERTEBRAE,,,,2,2000,5000,,,,,,,1,,,,,,,,,,,,,,,,,,,
1988,THORACIC SPINE (AP/LAT) (ADULT),,,,,,0,,,,,,3000000003,Radiology,,,123,,,,,,,,3000000003,,VERTEBRAE,,,,2,2000,5000,,,,,,,1,,,,,,,,,,,,,,,,,,,
1989,THORACO LUMBAR SPINE (AP/LAT) (ADULT),,,,,,0,,,,,,3000000003,Radiology,,,123,,,,,,,,3000000003,,VERTEBRAE,,,,2,2500,5000,,,,,,,1,,,,,,,,,,,,,,,,,,,
1990,LUMBAR SPINE (ADULT),,,,,,0,,,,,,3000000003,Radiology,,,123,,,,,,,,3000000003,,VERTEBRAE,,,,2,2000,5000,,,,,,,1,,,,,,,,,,,,,,,,,,,
1991,LUMBO SACRAL SPINE (OBLIQUE) (ADULT),,,,,,0,,,,,,3000000003,Radiology,,,123,,,,,,,,3000000003,,VERTEBRAE,,,,2,2500,7000,,,,,,,1,,,,,,,,,,,,,,,,,,,
1992,SACRUM (ADULT),,,,,,0,,,,,,3000000003,Radiology,,,123,,,,,,,,3000000003,,VERTEBRAE,,,,2,1500,3000,,,,,,,1,,,,,,,,,,,,,,,,,,,
1993,SACRO ILLIAC JOINT (S.I.J.) (ADULT),,,,,,0,,,,,,3000000003,Radiology,,,123,,,,,,,,3000000003,,VERTEBRAE,,,,2,2000,3500,,,,,,,1,,,,,,,,,,,,,,,,,,,
1994,CERVICAL SPINE (Oblique) (ADULT),,,,,,0,,,,,,3000000003,Radiology,,,123,,,,,,,,3000000003,,VERTEBRAE,,,,2,2500,5500,,,,,,,1,,,,,,,,,,,,,,,,,,,
1995,SACRO-COCCXY (ADULT),,,,,,0,,,,,,3000000003,Radiology,,,123,,,,,,,,3000000003,,VERTEBRAE,,,,2,2000,,,,,,,,1,,,,,,,,,,,,,,,,,,,
1996,CERVICAL SPINE (ALL VIEWS) (ADULT),,,,,,0,,,,,,3000000003,Radiology,,,123,,,,,,,,3000000003,,VERTEBRAE,,,,2,,6000,,,,,,,1,,,,,,,,,,,,,,,,,,,
1997,CERVICAL SPINE AP/LAT (CHILDREN),,,,,,0,,,,,,3000000003,Radiology,,,123,,,,,,,,3000000003,,VERTEBRAE,,,,2,2000,4400,,,,,,,1,,,,,,,,,,,,,,,,,,,
1998,LATERAL NECK (SOFT TISSUE) (CHILDREN),,,,,,0,,,,,,3000000003,Radiology,,,123,,,,,,,,3000000003,,VERTEBRAE,,,,2,2000,4400,,,,,,,1,,,,,,,,,,,,,,,,,,,
1999,THORACIC SPINE (CHILDREN),,,,,,0,,,,,,3000000003,Radiology,,,123,,,,,,,,3000000003,,VERTEBRAE,,,,2,2000,4400,,,,,,,1,,,,,,,,,,,,,,,,,,,
2000,THORACO LUMBER SPINE (CHILDREN),,,,,,0,,,,,,3000000003,Radiology,,,123,,,,,,,,3000000003,,VERTEBRAE,,,,2,2500,2500,,,,,,,1,,,,,,,,,,,,,,,,,,,
2001,LUMBAR SPINE (CHILDREN),,,,,,0,,,,,,3000000003,Radiology,,,123,,,,,,,,3000000003,,VERTEBRAE,,,,2,2000,4400,,,,,,,1,,,,,,,,,,,,,,,,,,,
2002,LUMBO SACRAL SPINE (CHILDREN),,,,,,0,,,,,,3000000003,Radiology,,,123,,,,,,,,3000000003,,VERTEBRAE,,,,2,2500,6160,,,,,,,1,,,,,,,,,,,,,,,,,,,
2003,SACRUM (CHILDREN),,,,,,0,,,,,,3000000003,Radiology,,,123,,,,,,,,3000000003,,VERTEBRAE,,,,2,1500,1500,,,,,,,1,,,,,,,,,,,,,,,,,,,
2004,SACRO ILLIAC JOINT (S.I.J.) (CHILDREN),,,,,,0,,,,,,3000000003,Radiology,,,123,,,,,,,,3000000003,,VERTEBRAE,,,,2,2000,1750,,,,,,,1,,,,,,,,,,,,,,,,,,,
2005,CERVICAL SPINE (Oblique) (CHILDREN),,,,,,0,,,,,,3000000003,Radiology,,,123,,,,,,,,3000000003,,VERTEBRAE,,,,2,2500,2750,,,,,,,1,,,,,,,,,,,,,,,,,,,
2006,SACRO-COCCXY (CHILDREN),,,,,,0,,,,,,3000000003,Radiology,,,123,,,,,,,,3000000003,,VERTEBRAE,,,,2,2000,,,,,,,,1,,,,,,,,,,,,,,,,,,,
2007,CERVICAL SPINE (ALL VIEWS) (CHILDREN),,,,,,0,,,,,,3000000003,Radiology,,,123,,,,,,,,3000000003,,VERTEBRAE,,,,2,,5280,,,,,,,1,,,,,,,,,,,,,,,,,,,
2008,ABDOMEN (PLAIN) (ADULT),,,,,,0,,,,,,3000000003,Radiology,,,123,,,,,,,,3000000003,,ABDOMEN,,,,2,1500,4000,,,,,,,1,,,,,,,,,,,,,,,,,,,
2009,ABDOMEN (ERECT/SUPINE) (ADULT),,,,,,0,,,,,,3000000003,Radiology,,,123,,,,,,,,3000000003,,ABDOMEN,,,,2,1500,5500,,,,,,,1,,,,,,,,,,,,,,,,,,,
2010,ABDOMEN (PREGNANCY) (ADULT),,,,,,0,,,,,,3000000003,Radiology,,,123,,,,,,,,3000000003,,ABDOMEN,,,,2,1500,3000,,,,,,,1,,,,,,,,,,,,,,,,,,,
2011,ABDOMEN (PLAIN) (CHILDREN),,,,,,0,,,,,,3000000003,Radiology,,,123,,,,,,,,3000000003,,ABDOMEN,,,,2,1500,3520,,,,,,,1,,,,,,,,,,,,,,,,,,,
2012,ABDOMEN (ERECT/SUPINE) (CHILDREN),,,,,,0,,,,,,3000000003,Radiology,,,123,,,,,,,,3000000003,,ABDOMEN,,,,2,1500,4840,,,,,,,1,,,,,,,,,,,,,,,,,,,
2013,ABDOMEN (PREGNANCY) (CHILDREN),,,,,,0,,,,,,3000000003,Radiology,,,123,,,,,,,,3000000003,,ABDOMEN,,,,2,1500,,,,,,,,1,,,,,,,,,,,,,,,,,,,
2014,SKULL (AP/LAT) (ADULT),,,,,,0,,,,,,3000000003,Radiology,,,123,,,,,,,,3000000003,,SKULL SERIES,,,,2,2000,3500,,,,,,,1,,,,,,,,,,,,,,,,,,,
2015,SKULL (PA/LAT/TOWNES) (ADULT),,,,,,0,,,,,,3000000003,Radiology,,,123,,,,,,,,3000000003,,SKULL SERIES,,,,2,2000,6000,,,,,,,1,,,,,,,,,,,,,,,,,,,
2016,MASTOIDS (ADULT),,,,,,0,,,,,,3000000003,Radiology,,,123,,,,,,,,3000000003,,SKULL SERIES,,,,2,2000,6000,,,,,,,1,,,,,,,,,,,,,,,,,,,
2017,SINUSES (ADULT),,,,,,0,,,,,,3000000003,Radiology,,,123,,,,,,,,3000000003,,SKULL SERIES,,,,2,2500,6000,,,,,,,1,,,,,,,,,,,,,,,,,,,
2018,MANDIBLES (JAW) (ADULT),,,,,,0,,,,,,3000000003,Radiology,,,123,,,,,,,,3000000003,,SKULL SERIES,,,,2,2000,6000,,,,,,,1,,,,,,,,,,,,,,,,,,,
2019,TEMPORO-MANDIBULAR JOINTS (ADULT),,,,,,0,,,,,,3000000003,Radiology,,,123,,,,,,,,3000000003,,SKULL SERIES,,,,2,2000,6500,,,,,,,1,,,,,,,,,,,,,,,,,,,
2020,SELLA TURCICA (ADULT),,,,,,0,,,,,,3000000003,Radiology,,,123,,,,,,,,3000000003,,SKULL SERIES,,,,2,2000,,,,,,,,1,,,,,,,,,,,,,,,,,,,
2021,TAGENTIAL (ADULT),,,,,,0,,,,,,3000000003,Radiology,,,123,,,,,,,,3000000003,,SKULL SERIES,,,,2,2000,,,,,,,,1,,,,,,,,,,,,,,,,,,,
2022,OCCIPITO-MENTAL (OM) (ADULT),,,,,,0,,,,,,3000000003,Radiology,,,123,,,,,,,,3000000003,,SKULL SERIES,,,,2,2000,5000,,,,,,,1,,,,,,,,,,,,,,,,,,,
2023,SKULL (AP/LAT) (CHILDREN),,,,,,0,,,,,,3000000003,Radiology,,,123,,,,,,,,3000000003,,SKULL SERIES,,,,2,2000,1750,,,,,,,1,,,,,,,,,,,,,,,,,,,
2024,SKULL (PA/LAT/TOWNES) (CHILDREN),,,,,,0,,,,,,3000000003,Radiology,,,123,,,,,,,,3000000003,,SKULL SERIES,,,,2,2000,5280,,,,,,,1,,,,,,,,,,,,,,,,,,,
2025,MASTOIDS (CHILDREN),,,,,,0,,,,,,3000000003,Radiology,,,123,,,,,,,,3000000003,,SKULL SERIES,,,,2,2000,5280,,,,,,,1,,,,,,,,,,,,,,,,,,,
2026,SINUSES (CHILDREN),,,,,,0,,,,,,3000000003,Radiology,,,123,,,,,,,,3000000003,,SKULL SERIES,,,,2,2500,5280,,,,,,,1,,,,,,,,,,,,,,,,,,,
2027,MANDIBLES (JAW) (CHILDREN),,,,,,0,,,,,,3000000003,Radiology,,,123,,,,,,,,3000000003,,SKULL SERIES,,,,2,2000,4400,,,,,,,1,,,,,,,,,,,,,,,,,,,
2028,TEMPORO-MANDIBULAR JOINTS (CHILDREN),,,,,,0,,,,,,3000000003,Radiology,,,123,,,,,,,,3000000003,,SKULL SERIES,,,,2,2000,5280,,,,,,,1,,,,,,,,,,,,,,,,,,,
2029,SELLA TURCICA (CHILDREN),,,,,,0,,,,,,3000000003,Radiology,,,123,,,,,,,,3000000003,,SKULL SERIES,,,,2,2000,,,,,,,,1,,,,,,,,,,,,,,,,,,,
2030,TAGENTIAL (CHILDREN),,,,,,0,,,,,,3000000003,Radiology,,,123,,,,,,,,3000000003,,SKULL SERIES,,,,2,2000,,,,,,,,1,,,,,,,,,,,,,,,,,,,
2031,OCCIPITO-MENTAL (OM) (CHILDREN),,,,,,0,,,,,,3000000003,Radiology,,,123,,,,,,,,3000000003,,SKULL SERIES,,,,2,2000,5280,,,,,,,1,,,,,,,,,,,,,,,,,,,
2032,PERIAPICAL (ADULT),,,,,,0,,,,,,3000000003,Radiology,,,123,,,,,,,,3000000003,,DENTAL X-RAY,,,,2,2000,,,,,,,,1,,,,,,,,,,,,,,,,,,,
2033,BITEWINGS (ADULT),,,,,,0,,,,,,3000000003,Radiology,,,123,,,,,,,,3000000003,,DENTAL X-RAY,,,,2,2000,,,,,,,,1,,,,,,,,,,,,,,,,,,,
2034,PANORAMIC VIEW (ADULT),,,,,,0,,,,,,3000000003,Radiology,,,123,,,,,,,,3000000003,,DENTAL X-RAY,,,,2,2500,,,,,,,,1,,,,,,,,,,,,,,,,,,,
2035,PERIAPICAL (CHILDREN),,,,,,0,,,,,,3000000003,Radiology,,,123,,,,,,,,3000000003,,DENTAL X-RAY,,,,2,2000,,,,,,,,1,,,,,,,,,,,,,,,,,,,
2036,BITEWINGS (CHILDREN),,,,,,0,,,,,,3000000003,Radiology,,,123,,,,,,,,3000000003,,DENTAL X-RAY,,,,2,2000,,,,,,,,1,,,,,,,,,,,,,,,,,,,
2037,PANORAMIC VIEW (CHILDREN),,,,,,0,,,,,,3000000003,Radiology,,,123,,,,,,,,3000000003,,DENTAL X-RAY,,,,2,2500,,,,,,,,1,,,,,,,,,,,,,,,,,,,
2038,BARIUM SWALLOW,,,,,,0,,,,,,3000000003,Radiology,,,123,,,,,,,,3000000003,,SPECIAL INVESTIGATION,,,,2,10000,12000,,,,,,,1,,,,,,,,,,,,,,,,,,,
2039,BARIUM MEAL/FOLLOW THROUGH (ADULT),,,,,,0,,,,,,3000000003,Radiology,,,123,,,,,,,,3000000003,,SPECIAL INVESTIGATION,,,,2,15000,15000,,,,,,,1,,,,,,,,,,,,,,,,,,,
2040,BARIUM ENEMA (ADULT),,,,,,0,,,,,,3000000003,Radiology,,,123,,,,,,,,3000000003,,SPECIAL INVESTIGATION,,,,2,13000,18000,,,,,,,1,,,,,,,,,,,,,,,,,,,
2041,INTRAVENOUS UROGRAPHY (IVU) (ADULT),,,,,,0,,,,,,3000000003,Radiology,,,123,,,,,,,,3000000003,,SPECIAL INVESTIGATION,,,,2,15000,17000,,,,,,,1,,,,,,,,,,,,,,,,,,,
2042,HYSTEROSALPINGOGRAM (ADULT),,,,,,0,,,,,,3000000003,Radiology,,,123,,,,,,,,3000000003,,SPECIAL INVESTIGATION,,,,2,10000,10000,,,,,,,1,,,,,,,,,,,,,,,,,,,
2043,CYSTO-URETHROGRAM (ADULT),,,,,,0,,,,,,3000000003,Radiology,,,123,,,,,,,,3000000003,,SPECIAL INVESTIGATION,,,,2,10000,20000,,,,,,,1,,,,,,,,,,,,,,,,,,,
2044,FISTULOGRAM (ADULT),,,,,,0,,,,,,3000000003,Radiology,,,123,,,,,,,,3000000003,,SPECIAL INVESTIGATION,,,,2,9000,12000,,,,,,,1,,,,,,,,,,,,,,,,,,,
2045,MYELOGRAM (ADULT),,,,,,0,,,,,,3000000003,Radiology,,,123,,,,,,,,3000000003,,SPECIAL INVESTIGATION,,,,2,40000,,,,,,,,1,,,,,,,,,,,,,,,,,,,
2046,SKELETAL SURVEY (ADULT) (ADULT),,,,,,0,,,,,,3000000003,Radiology,,,123,,,,,,,,3000000003,,SPECIAL INVESTIGATION,,,,2,5000,15000,,,,,,,1,,,,,,,,,,,,,,,,,,,
2047,ELECTROCARDIOGRAPHY (E C G) (ADULT),,,,,,0,,,,,,3000000003,Radiology,,,123,,,,,,,,3000000003,,SPECIAL INVESTIGATION,,,,2,2000,3000,,,,,,,1,,,,,,,,,,,,,,,,,,,
2048,ECHOCARDIOGRAPHY (ADULT),,,,,,0,,,,,,3000000003,Radiology,,,123,,,,,,,,3000000003,,SPECIAL INVESTIGATION,,,,2,5000,10000,,,,,,,1,,,,,,,,,,,,,,,,,,,
2049,ELECTROENCEPHALOGRAPHY (ADULT),,,,,,0,,,,,,3000000003,Radiology,,,123,,,,,,,,3000000003,,SPECIAL INVESTIGATION,,,,2,7000,,,,,,,,1,,,,,,,,,,,,,,,,,,,
2050,MICTURATING CYTO-URETHROGRAM (ADULT),,,,,,0,,,,,,3000000003,Radiology,,,123,,,,,,,,3000000003,,SPECIAL INVESTIGATION,,,,2,7000,25000,,,,,,,1,,,,,,,,,,,,,,,,,,,
2051,PHLEBOGRAM-ONE LEG (ADULT),,,,,,0,,,,,,3000000003,Radiology,,,123,,,,,,,,3000000003,,SPECIAL INVESTIGATION,,,,2,10000,,,,,,,,1,,,,,,,,,,,,,,,,,,,
2052,VENOGRAM-ONE LEG (ADULT),,,,,,0,,,,,,3000000003,Radiology,,,123,,,,,,,,3000000003,,SPECIAL INVESTIGATION,,,,2,12000,20000,,,,,,,1,,,,,,,,,,,,,,,,,,,
2053,ARTHROGRAM (ADULT),,,,,,0,,,,,,3000000003,Radiology,,,123,,,,,,,,3000000003,,SPECIAL INVESTIGATION,,,,2,9500,30000,,,,,,,1,,,,,,,,,,,,,,,,,,,
2054,SIALOGRAM (ADULT),,,,,,0,,,,,,3000000003,Radiology,,,123,,,,,,,,3000000003,,SPECIAL INVESTIGATION,,,,2,6000,12000,,,,,,,1,,,,,,,,,,,,,,,,,,,
2055,SINOGRAM (ADULT),,,,,,0,,,,,,3000000003,Radiology,,,123,,,,,,,,3000000003,,SPECIAL INVESTIGATION,,,,2,6000,12000,,,,,,,1,,,,,,,,,,,,,,,,,,,
2056,MRI SCAN (ADULT),,,,,,0,,,,,,3000000003,Radiology,,,123,,,,,,,,3000000003,,SPECIAL INVESTIGATION,,,,2,70000,,,,,,,,1,,,,,,,,,,,,,,,,,,,
2057,CT SCAN (LIVER),,,,,,0,,,,,,3000000003,Radiology,,,123,,,,,,,,3000000003,,SPECIAL INVESTIGATION,,,,2,60000,,,,,,,,1,,,,,,,,,,,,,,,,,,,
2058,MAMMOGRAPHY (ADULT),,,,,,0,,,,,,3000000003,Radiology,,,123,,,,,,,,3000000003,,SPECIAL INVESTIGATION,,,,2,6000,15000,,,,,,,1,,,,,,,,,,,,,,,,,,,
2059,NON,,,,,,0,,,,,,3000000009,Radiology,,,123,,,,,,,,3000000009,,SPECIAL INVESTIGATION,,1,,2,,,,,,,,,1,,,,,,,,,,,,,,,,,,,
2060,BARIUM SWALLOW (CHILDREN),,,,,,0,,,,,,3000000003,Radiology,,,123,,,,,,,,3000000003,,SPECIAL INVESTIGATION,,,,2,10000,6000,,,,,,,1,,,,,,,,,,,,,,,,,,,
2061,BARIUM MEAL/FOLLOW THROUGH (CHILDREN),,,,,,0,,,,,,3000000003,Radiology,,,123,,,,,,,,3000000003,,SPECIAL INVESTIGATION,,,,2,15000,8000,,,,,,,1,,,,,,,,,,,,,,,,,,,
2062,BARIUM ENEMA (CHILDREN),,,,,,0,,,,,,3000000003,Radiology,,,123,,,,,,,,3000000003,,SPECIAL INVESTIGATION,,,,2,13000,9000,,,,,,,1,,,,,,,,,,,,,,,,,,,
2063,INTRAVENOUS UROGRAPHY (IVU) (CHILDREN),,,,,,0,,,,,,3000000003,Radiology,,,123,,,,,,,,3000000003,,SPECIAL INVESTIGATION,,,,2,15000,12000,,,,,,,1,,,,,,,,,,,,,,,,,,,
2064,HYSTEROSALPINGOGRAM (CHILDREN),,,,,,0,,,,,,3000000003,Radiology,,,123,,,,,,,,3000000003,,SPECIAL INVESTIGATION,,,,2,10000,,,,,,,,1,,,,,,,,,,,,,,,,,,,
2065,CYSTO-URETHROGRAM (CHILDREN),,,,,,0,,,,,,3000000003,Radiology,,,123,,,,,,,,3000000003,,SPECIAL INVESTIGATION,,,,2,10000,,,,,,,,1,,,,,,,,,,,,,,,,,,,
2066,FISTULOGRAM (CHILDREN),,,,,,0,,,,,,3000000003,Radiology,,,123,,,,,,,,3000000003,,SPECIAL INVESTIGATION,,,,2,9000,,,,,,,,1,,,,,,,,,,,,,,,,,,,
2067,MYELOGRAM (CHILDREN),,,,,,0,,,,,,3000000003,Radiology,,,123,,,,,,,,3000000003,,SPECIAL INVESTIGATION,,,,2,40000,,,,,,,,1,,,,,,,,,,,,,,,,,,,
2068,SKELETAL SURVEY (ADULT) (CHILDREN),,,,,,0,,,,,,3000000003,Radiology,,,123,,,,,,,,3000000003,,SPECIAL INVESTIGATION,,,,2,5000,7500,,,,,,,1,,,,,,,,,,,,,,,,,,,
2069,ELECTROCARDIOGRAPHY (E C G) (CHILDREN),,,,,,0,,,,,,3000000003,Radiology,,,123,,,,,,,,3000000003,,SPECIAL INVESTIGATION,,,,2,2000,2000,,,,,,,1,,,,,,,,,,,,,,,,,,,
6766,PYJAMAS (PRIVATE WARD) ,,,,,,,,92000106,,,,3000000029,Services,Unit,,1002,Other,,,,,,,,,,,,,2,,,,,,,,,1,,,,,,4816,22-Sep-23,,,,,,,,,,,,
6770,? Strength Darrow ,,Add Item to Watch List,,0,,,,,,,,3010000001,Pharmacy,,,1028,,General Consumables,,,,,,,,,20,1,0,0,,,,,0,,,Consumables,1,Packs,Packs,,,,,,,,,,,,,,,,,
7105, Ceftriazone 1g (Generic),,Add Item to Watch List,1,0,,,,,,,,3010000001,Pharmacy,,,414,,Inj,,,,,,,,,1,0,0,2,,,,,1,,,Drugs,1,Packs,Amp,,,,,,,,,,,,,,,,,
7106,FEMUR (ADULT),,,,,,,,71000113,,,,3000000003,Services,Unit,,967,Other,,,,,,,,,,,1,,0,,,,,,,,,1,,,,,,4254,26-Sep-23,,,,,,,,,,,,
7107,FEMUR (CHILD),,,,,,,,71000114,,,,3000000003,Services,Unit,,967,Other,,,,,,,,,,,1,,0,,,,,,,,,1,,,,,,4254,26-Sep-23,,,,,,,,,,,,
7108,FOOT (ADULT),,,,,,,,71000115,,,,3000000003,Services,Unit,,967,Other,,,,,,,,,,,1,,0,,,,,,,,,1,,,,,,4254,26-Sep-23,,,,,,,,,,,,
7119,HIP JOINT (CHILD),,,,,,,,71000121,,,,3000000003,Services,Unit,,967,Other,,,,,,,,,,,1,,0,,,,,,,,,1,,,,,,4254,26-Sep-23,,,,,,,,,,,,
7121,HUMERUS (ADULT),,,,,,,,71000122,,,,3000000003,Services,Unit,,967,Other,,,,,,,,,,,1,,0,,,,,,,,,1,,,,,,4254,26-Sep-23,,,,,,,,,,,,
7199,SERVICE CHARGES - GMPC PHARMACY,,Add Item to Watch List,,0,,,,,,,,3010000001,Pharmacy,,,1025,,General Consumables,,,,,,,,,1,0,0,0,,,,,0,,,Consumables,1,Packs,Pieces,,,,,,,,,,,,,,,,,
7295,GYM DATER WARD (ONE MONTH),,,,,,,,GYM DATER WARD (ONE MONTH),,,,3000000030,Services,Days,,166,Other,,,,,,,,,,,,,2,,,,,,,,,1,,,,,,4626,1-Jan-24,,,,,,,,,,,,
7296,UTILTY DATER WARD (ONE MONTH),,,,,,,,UTILITY DATER (ONE MONTH),,,,3000000030,Services,Days,,166,Other,,,,,,,,,,,,,0,,,,,,,,,1,,,,,,4626,1-Jan-24,,,,,,,,,,,,
7297,SKILL ACQUISITION ONE MONTH,,,,,,,,SKILL ACQUISITION DATER ONE MONTH,,,,3000000030,Services,Days,,166,Other,,,,,,,,,,,,,0,,,,,,,,,1,,,,,,4626,1-Jan-24,,,,,,,,,,,,
7300,NURSING CARE DATER WARD ONE (MONTH),,,,,,,,NURSING CARE DATER WARD,,,,3000000030,Services,Days,,166,Other,,,,,,,,,,,,,0,,,,,,,,,1,,,,,,4626,1-Jan-24,,,,,,,,,,,,
7305,NEW REGISTRATION AFTER 4PM-8AM (CHILDREN),,,,,,,,NEW REGISTRATION AFTER 4PM-8AM (CHILDREN),,,,3000000026,Services,Days,,306,Other,,,,,,,,,,,,,1,,,,,,,,,1,,,,,,5437,1-Jan-24,,,,,,,,,,,,
7307,CONSULTATION FEE 4PM-8AM/WEEKEND/PUBLIC HOLIDAY (ADULT),,,,,,,,CONSULTATION FEE 4PM-8AM/WEEKEND/PUBLIC HOLIDAY (ADULT),,,,3000000026,Services,Days,,306,Other,,,,,,,,,,,,,1,,,,,,,,,1,,,,,,5437,1-Jan-24,,,,,,,,,,,,
7308,SKILL ACQUISITION GENERAL WARD (DATER ONE MONTH,,,,,,,,SKILL ACQUISITION GW ONE MONTH,,,,3000000030,Services,Days,,166,Other,,,,,,,,,,,,,0,,,,,,,,,1,,,,,,4626,1-Jan-24,4818,1-Jan-24,,,,,,,,,,
7358,HERNIORRHAPHY(STANGULATED/OBSTRUCTED),,,,,,,,,,,,3000000026,Services,Unit,,1011,Surgery,,,,,,,,,,,,,1,,,,,,,,,1,,,,,,4252,1-Jan-24,4252,1-Jan-24,,,,,,,,,,
7365,Feeding (Dater 1 Month),,,,,,,,,,,,3000000024,Services,Months,,366,Other,,,,,,,,,,,,,0,,,,,,,,,1,,,,,,4818,1-Jan-24,4818,1-Jan-24,,,,,,,,,,
7366,excisional biopsy,,,,,,,,,,,,3000000026,Services,Unit,,148,Surgery,,,,,,,,,,,,,1,,,,,,,,,1,,,,,,4257,1-Jan-24,,,,,,,,,,,,
7371,THYROIDECTOMY,,,,,,,,,,,,3000000026,Services,Unit,,1011,Surgery,,,,,,,,,,,,,1,,,,,,,,,1,,,,,,4252,1-Jan-24,,,,,,,,,,,,
7389,REPATRATION FEE(OSHOGBO/IFE),,,,,,,,,,,,3000000007,Services,Unit,,366,Other,,,,,,,,,,,,,0,,,,,,,,,1,,,,,,4257,1-Jan-24,,,,,,,,,,,,
7397,REPATRIATION FEE(ABUJA/BENUE/JOS/NASSARAWA),,,,,,,,,,,,3000000007,Services,Unit,,366,Other,,,,,,,,,,,,,0,,,,,,,,,1,,,,,,4256,1-Jan-24,,,,,,,,,,,,
7399,WOUND EXPLORATION (UNDER ANAESTHESIA),,,,,,,,,,,,3000000025,Services,Unit,,1011,Procedure,,,,,,,,,,,,,2,,,,,,,,,1,,,,,,4624,2-Jan-24,,,,,,,,,,,,
7404,LABORATORY OPC  PER VISIT,,,,,,,,,,,,3030000002,Services,Unit,,991,Procedure,,,,,,,,,,,,,0,,,,,,,,,1,,,,,,4626,4-Jan-24,,,,,,,,,,,,
7408,CONSULTATION GENERAL SURGERY FEE ( follow-up),,,,,,,,,,,,3000000025,Services,Days,,1012,Surgery,,,,,,,,,,,,,0,,,,,,,,,1,,,,,,4818,11-Jan-24,,,,,,,,,,,,
7430,50% Dextrose Water,,Add Item to Watch List,1,0,,,,,,,,3010000001,Pharmacy,,,1028,,IVF,,,,,,,,,1,,0,0,,,,,1,,,Drugs,1,Bottle,Bottle,,,,,,,,,,,,,,,,,
7447,AMBULANCE FEE-(NON CRITICAL CASES WITHOUT OXYGEN FROM NHIS TO HOSPITAL WITHIN ABEOKUTA,,,,,,,,,,,,3000000007,Services,Unit,,1002,Other,,,,,,,,,,,,,0,,,,,,,,,1,,,,,,4624,10-Feb-24,,,,,,,,,,,,
7482,SERVICE CHARGE (DATER)-2 WEEKS,,,,,,,,,,,,3000000007,Services,Unit,,1001,Other,,,,,,,,,,,,,0,,,,,,,,,1,,,,,,4624,7-Mar-24,,,,,,,,,,,,
7496,NUTRITION DEPT- FOLLOW UP/REVIEW (ADULT)-,,,,,,,,,,,,3000000028,Services,Unit,,307,Other,,,,,,,,,,,,,2,,,,,,,,,1,,,,,,4624,21-Mar-24,,,,,,,,,,,,
6761,Chymoral,,Add Item to Watch List,1,0,,,,,,,,3010000001,Pharmacy,,,410,,Tab,,,,,,,,,30,1,1,0,,,,,1,,,Drugs,1,Tablet,Packs,,,,,,,,,,,,,,,,,
6459,ORS ORASUR KIT,,Add Item to Watch List,1,0,,,,,,,,3010000001,Pharmacy,,,1022,,Others,,,,,,,,,3,1,0,0,,,,,1,,,Drugs,1,Packs,Pieces,,,,,,,,,,,,,,,,,
6461,REPATRIATION FEES (EDO),,,,,,,,81000104,,,,3000000027,Services,Unit,,1000,Other,,,,,,,,,,,,,0,,,,,,,,,1,,,,,,4254,22-Sep-23,,,,,,,,,,,,
6462,DELIVERY-NORMAL TRIPLET -O & G,,,,,,,,42000138,,,,3000000025,Services,Unit,,970,Procedure,,,,,,,,,,,,,0,,,,,,,,,1,,,,,,1,22-Sep-23,,,,,,,,,,,,
6463,LOCAL ANAESTHESIA ( without cost of materials),,,,,,,,42000165,,,,3000000025,Services,Unit,,997,Other,,,,,,,,,,,,,0,,,,,,,,,1,,,,,,4253,22-Sep-23,,,,,,,,,,,,
6465,Ofloxacin 200mg,,Add Item to Watch List,,0,,,,,,,,3010000001,Pharmacy,,,247,,Tab,,,,,,,,,10,0,0,0,,,,,1,,,Drugs,1,Packs,Tablet,,,,,,,,,,,,,,,,,
6469,DRESSING (MAJOR),,,,,,,,42000141,,,,3000000025,Services,Unit,,997,Procedure,,,,,,,,,,,,,2,,,,,,,,,1,,,,,,1,22-Sep-23,,,,,,,,,,,,
6470,REPATRIATION FEES (IJEBU-ODE/IJEBU-IGBO/MOWE/IBAFO/AKUTE),,,,,,,,81000106,,,,3000000027,Services,Unit,,1000,Other,,,,,,,,,,,,,0,,,,,,,,,1,,,,,,4254,22-Sep-23,,,,,,,,,,,,
6472,Pregabalin+Methycobalamin 800mg (Meconerve),,Add Item to Watch List,,0,,,,,,,,3010000001,Pharmacy,,,248,,Tab,,,,,,,,,30,0,0,0,,,,,1,,,Drugs,1,Packs,Tablet,,,,,,,,,,,,,,,,,
6474,REPATRIATION FEES (ILORIN/KOGI AXIS),,,,,,,,81000107,,,,3000000027,Services,Unit,,1000,Other,,,,,,,,,,,,,0,,,,,,,,,1,,,,,,4254,22-Sep-23,,,,,,,,,,,,
6475,MANUAL EXPLORATION OF UTERUS  -O & G,,,,,,,,42000166,,,,3000000025,Services,Unit,,997,Other,,,,,,,,,,,,,0,,,,,,,,,,,,,,,4253,22-Sep-23,,,,,,,,,,,,
6476,Aspirin 75mg,,Add Item to Watch List,,0,,,,,,,,3010000001,Pharmacy,,,1027,,Tab,,,,,,,,,100,,0,2,,,,,1,,,Drugs,1,Packs,Tablet,,,,,,,,,,,,,,,,,
6480,4.3% DEXTROSE SALINE,,Add Item to Watch List,1,0,,,,,,,,3010000001,Pharmacy,,,1007,,Others,,,,,,,,,20,,0,0,,,,,1,,,Drugs,1,Packs,Pieces,,,,,,,,,,,,,,,,,
6485,EMERGENCY REGISTRATION FOR ADULT-NHIS,,,,,,,,42000143,,,,3000000025,Services,Unit,,997,Other,,,,,,,,,,,,,0,,,,,,,,,1,,,,,,1,22-Sep-23,,,,,,,,,,,,
6489,MANUAL REMOVAL OF PLACENTA- UNBOOKED  - O & G,,,,,,,,42000168,,,,3000000025,Services,Unit,,997,Other,,,,,,,,,,,,,0,,,,,,,,,1,,,,,,4253,22-Sep-23,,,,,,,,,,,,
6492,Metronidazole 400mg,,Add Item to Watch List,,0,,,,,,,,3010000001,Pharmacy,,,412,,Tab,,,,,,,,,100,,0,0,,,,,1,,,Drugs,1,Packs,Tablet,,,,,,,,,,,,,,,,,
6493,. Metronidazole,,Add Item to Watch List,1,0,,,,,,,,3010000001,Pharmacy,,,1022,,Susp,,,,,,,,,1,1,0,0,,,,,1,,,Drugs,1,Bottle,Packs,,,,,,,,,,,,,,,,,
6494,MEDICAL CARE ( Admission 2 Months),,,,,,,,42000170,,,,3000000028,Services,Months,,1009,Other,,,,,,,,,,,,,0,,,,,,,,,1,,,,,,4253,22-Sep-23,4818,1-Jan-24,,,,,,,,,,
6495,Inj.Cefotaxime 1g,,Add Item to Watch List,,0,,,,,,,,3010000001,Pharmacy,,,248,,Inj,,,,,,,,,1,1,0,0,,,,,1,,,Drugs,1,Packs,Vial,,,,,,,,,,,,,,,,,
6500,MEDICAL REPORT (WRITING OF REPORTS),,,,,,,,42000173,,,,3000000025,Services,Unit,,997,Other,,,,,,,,,,,,,0,,,,,,,,,1,,,,,,4253,22-Sep-23,,,,,,,,,,,,
6503,Tab. Pathal Suphatalsone 250mg,,Add Item to Watch List,,0,,,,,,,,3010000001,Pharmacy,,,412,,Tab,,,,,,,,,1,1,0,0,,,,,1,,,Drugs,1,Packs,Tablet,,,,,,,,,,,,,,,,,
6505,Scalp Vein 23G,,Add Item to Watch List,1,0,,,,,,,,3010000001,Pharmacy,,,996,,General Consumables,,,,,,,,,100,1,0,0,,,,,1,,,Consumables,1,Packs,Pieces,,,,,,,,,,,,,,,,,
6519,INJ. Gentamicin 80mg,,Add Item to Watch List,,0,,,,,,,,3010000001,Pharmacy,,,412,,Inj,,,,,,,,,100,1,0,0,,,,,1,,,Drugs,1,Packs,Tablet,,,,,,,,,,,,,,,,,
6520,Dexamethazone 5mg,,Add Item to Watch List,1,0,,,,,,,,3010000001,Pharmacy,,,1031,,Inj,,,,,,,,,10,1,0,0,,,,,1,,,Drugs,1,Amp,Packs,,,,,,,,,,,,,,,,,
6525,NEBULIZATION-GMPC,,,,,,,,42000176,,,,3000000025,Services,Unit,,997,Other,,,,,,,,,,,,,0,,,,,,,,,1,,,,,,4253,22-Sep-23,,,,,,,,,,,,
6528,Artemether + Amodaquine below 1yrs,,Add Item to Watch List,,0,,,,,,,,3010000001,Pharmacy,,,410,,Tab,,,,,,,,,6,0,0,0,,,,,1,,,Drugs,1,Packs,Tablet,,,,,,,,,,,,,,,,,
6535,REPATRIATION FEES (ONDO/AKURE/EKITI),,,,,,,,81000109,,,,3000000027,Services,Unit,,1000,Other,,,,,,,,,,,,,0,,,,,,,,,1,,,,,,4254,22-Sep-23,,,,,,,,,,,,
6536,NEW REGISTRATION (ADULT)  8am-4pm       -GMPC,,,,,,,,42000179,,,,3000000025,Services,Unit,,997,Other,,,,,,,,,,,,,0,,,,,,,,,1,,,,,,4253,22-Sep-23,5437,1-Jan-24,,,,,,,,,,
6551,NURSING CARE- NHIS CLINIC,,,,,,,,42000185,,,,3000000025,Services,Unit,,997,Other,,,,,,,,,,,,,0,,,,,,,,,1,,,,,,4253,22-Sep-23,1,25-Oct-23,,,,,,,,,,
6557, Diclofenac Sodium 100mg,,Add Item to Watch List,,0,,,,,,,,3010000001,Pharmacy,,,248,,Tab,,,,,,,,,100,1,0,0,,,,,1,,,Drugs,1,Packs,Tablet,,,,,,,,,,,,,,,,,
6560, Sulphadoxine Pyrimethamine,,Add Item to Watch List,,0,,,,,,,,3010000001,Pharmacy,,,410,,Susp,,,,,,,,,3,1,0,0,,,,,1,,,Drugs,1,Bottle,Bottle,,,,,,,,,,,,,,,,,
6561,REPATRIATION FEES (SANGO/OTA/ILARO/SAGAMU/ODEDA AREAS),,,,,,,,81000113,,,,3000000027,Services,Unit,,1000,Other,,,,,,,,,,,,,0,,,,,,,,,1,,,,,,4254,22-Sep-23,,,,,,,,,,,,
6570,Tab. Paracetamol 500mg ,,Add Item to Watch List,,0,,,,,,,,3010000001,Pharmacy,,,248,,Tab,,,,,,,,,1000,1,0,0,,,,,1,,,Drugs,1,Packs,Tablet,,,,,,,,,,,,,,,,,
6575,Paracetamol 500mg ,,Add Item to Watch List,,0,,,,,,,,3010000001,Pharmacy,,,248,,Tab,,,,,,,,,96,,0,0,,,,,1,,,Drugs,1,Packs,Tablet,,,,,,,,,,,,,,,,,
6577,ACCOMODATION GW 2 MONTH,,,,,,,,91000101,,,,3000000028,Services,Unit,,1001,Other,,,,,,,,,,,,,0,,,,,,,,,1,,,,,,4254,22-Sep-23,,,,,,,,,,,,
6578, NAT. B,,Add Item to Watch List,1,0,,,,,,,,3010000001,Pharmacy,,,1030,,Tab,,,,,,,,,30,,0,0,,,,,1,,,Drugs,1,Packs,Tablet,,,,,,,,,,,,,,,,,
6579,POLYPECTOMY- CERVICAL   -O & G,,,,,,,,42000192,,,,3000000025,Services,Unit,,998,Other,,,,,,,,,,,,,0,,,,,,,,,1,,,,,,4253,22-Sep-23,,,,,,,,,,,,
6583,Artovastatine 10mg,,Add Item to Watch List,1,0,,,,,,,,3010000001,Pharmacy,,,419,,Tab,,,,,,,,,30,1,0,0,,,,,1,,,Drugs,1,Packs,Tablet,,,,,,,,,,,,,,,,,
6586,REMOVAL OF I.U.C.D  -O & G,,,,,,,,42000194,,,,3000000025,Services,Unit,,997,Other,,,,,,,,,,,,,0,,,,,,,,,1,,,,,,4253,22-Sep-23,,,,,,,,,,,,
6587,Ibuprofen 200mg,,Add Item to Watch List,,0,,,,,,,,3010000001,Pharmacy,,,248,,Tab,,,,,,,,,1000,,0,0,,,,,1,,,Drugs,1,Packs,Tablet,,,,,,,,,,,,,,,,,
6591,REPAIR OF UTERIOUS & SUPPORTING LIGAMENTS  -O & G,,,,,,,,42000197,,,,3000000025,Services,Unit,,997,Other,,,,,,,,,,,,,0,,,,,,,,,1,,,,,,4253,22-Sep-23,,,,,,,,,,,,
6594, Risperidone 2mg (Milton),,Add Item to Watch List,1,0,,,,,,,,3010000001,Pharmacy,,,441,,Tab,,,,,,,,,30,1,0,0,,,,,1,,,Drugs,1,Packs,Tablet,,,,,,,,,,,,,,,,,
6597,CEREBRAL PALSY ASSESSMENT(MONTHLY SESSION)-SPEECH THERAPY,,,,,,,,91000113,,,,3000000028,Services,Unit,,1001,Other,,,,,,,,,,,,,2,,,,,,,,,1,,,,,,4816,22-Sep-23,,,,,,,,,,,,
6598,.Nifedipine 30mg,,Add Item to Watch List,,0,,,,,,,,3010000001,Pharmacy,,,1023,,Tab,,,,,,,,,30,1,0,0,,,,,1,,,Drugs,1,Packs,Tablet,,,,,,,,,,,,,,,,,
6599,CONSULTATION- PRIVATE WARD,,,,,,,,91000114,,,,3000000028,Services,Unit,,1001,Other,,,,,,,,,,,,,2,,,,,,,,,1,,,,,,4816,22-Sep-23,,,,,,,,,,,,
6600,Risperidone 3mg (orally dispersed),,Add Item to Watch List,1,0,,,,,,,,3010000001,Pharmacy,,,441,,Tab,,,,,,,,,30,,0,0,,,,,1,,,Drugs,1,Packs,Tablet,,,,,,,,,,,,,,,,,
6601,Diclofenac Potassium 100mg,,Add Item to Watch List,,0,,,,,,,,3010000001,Pharmacy,,,248,,Tab,,,,,,,,,100,,0,0,,,,,1,,,Drugs,1,Packs,Tablet,,,,,,,,,,,,,,,,,
6602,CONSULTATION  FEE FOR PATIENTS ON TRIAL LEAVE (GENERAL WARDS PER VISIT)  ,,,,,,,,91000115,,,,3000000028,Services,Unit,,1001,Other,,,,,,,,,,,,,2,,,,,,,,,1,,,,,,4816,22-Sep-23,,,,,,,,,,,,
6604,CONSULTATION FEE (PRIVATE WARD) ,,,,,,,,91000116,,,,3000000028,Services,Unit,,1001,Other,,,,,,,,,,,,,2,,,,,,,,,1,,,,,,4816,22-Sep-23,,,,,,,,,,,,
6606,CONSULTATION FEE FOR PATIENTS ON TRIAL LEAVE (PRIVATE WARD ),,,,,,,,91000117,,,,3000000028,Services,Unit,,1001,Other,,,,,,,,,,,,,2,,,,,,,,,1,,,,,,4816,22-Sep-23,,,,,,,,,,,,
6609,CONSULTATION FEE- OPC (Mon-Fri Excluding Wed),,,,,,,,91000118,,,,3000000028,Services,Unit,,1001,Other,,,,,,,,,,,,,0,,,,,,1,,,1,,,,,,4816,22-Sep-23,4818,1-Jan-24,,,,,,,,,,
6619,Orphesic 35/450mg,,Add Item to Watch List,,0,,,,,,,,3010000001,Pharmacy,,,248,,Tab,,,,,,,,,100,0,0,0,,,,,1,,,Drugs,1,Packs,Tablet,,,,,,,,,,,,,,,,,
6620,ACCOMODATION GW 1 MONTH,,,,,,,,91000102,,,,3000000028,Services,Unit,,1001,Other,,,,,,,,,,,,,0,,,,,,,,,1,,,,,,4254,22-Sep-23,,,,,,,,,,,,
6629,Tab. Methydopa 250mg,,Add Item to Watch List,,0,,,,,,,,3010000001,Pharmacy,,,1023,,Tab,,,,,,,,,100,1,0,0,,,,,1,,,Drugs,1,Packs,Tablet,,,,,,,,,,,,,,,,,
6630,UTILITY BILL (PER DAY),,,,,,,,42000206,,,,3000000025,Services,Unit,,997,Other,,,,,,,,,,,,,0,,,,,,,,,1,,,,,,4253,22-Sep-23,,,,,,,,,,,,
6633,FOLLOW-UP CARE FOR PRIVATE PATIENTS PER VISIT AT OUT-PATIENTS CLINIC,,,,,,,,91000125,,,,3000000028,Services,Unit,,1001,Other,,,,,,,,,,,,,2,,,,,,,,,1,,,,,,4816,22-Sep-23,,,,,,,,,,,,
6634, Cognium,,Add Item to Watch List,1,0,,,,,,,,3010000001,Pharmacy,,,995,,Tab,,,,,,,,,20,1,0,0,,,,,1,,,Drugs,1,Packs,Tablet,,,,,,,,,,,,,,,,,
6655,Ibuprofen,,Add Item to Watch List,,0,,,,,,,,3010000001,Pharmacy,,,248,,Syr,,,,,,,,,1,1,0,0,,,,,1,,,Drugs,1,Bottle,Bottle,,,,,,,,,,,,,,,,,
6788,0.9% Normal Saline,,Add Item to Watch List,,0,,,,,,,,3010000001,Pharmacy,,,1028,,General Consumables,,,,,,,,,20,1,0,0,,,,,1,,,Consumables,1,Packs,Pieces,,,,,,,,,,,,,,,,,
6792,Oropharyngeal Airway size 4,,Add Item to Watch List,,0,,,,,,,,3010000001,Pharmacy,,,248,,Inj,,,,,,,,,1,1,0,0,,,,,1,,,Drugs,1,Packs,Vial,,,,,,,,,,,,,,,,,
6795,Fluconazole 150mg,,Add Item to Watch List,,0,,,,,,,,3010000001,Pharmacy,,,411,,Cap,,,,,,,,,10,0,0,0,,,,,1,,,Drugs,1,Packs,Capsule,,,,,,,,,,,,,,,,,
6810,GYM- STAFF MEMBERS SUBSCRIPTION FEES- DROP-IN-USE ONLY,,,,,,,,93000115,,,,3000000030,Services,Unit,,1003,Other,,,,,,,,,,,,,2,,,,,,,,,1,,,,,,4816,22-Sep-23,,,,,,,,,,,,
6811,Risperidone CRISDON 2mg,,Add Item to Watch List,,0,,,,,,,,3010000001,Pharmacy,,,441,,Tab,,,,,,,,,100,,0,0,,,,,1,,,Drugs,1,Packs,Tablet,,,,,,,,,,,,,,,,,
6812,GYM- STAFF MEMBERS:MEMBERSHIP FEES- COUPLE  (ANNUALLY),,,,,,,,93000116,,,,3000000030,Services,Unit,,1003,Other,,,,,,,,,,,,,2,,,,,,,,,1,,,,,,4816,22-Sep-23,5438,1-Jan-24,,,,,,,,,,
6813,GYM- STAFF MEMBERS:MEMBERSHIP FEES- SINGLE  (ANNUALLY),,,,,,,,93000117,,,,3000000030,Services,Unit,,1003,Other,,,,,,,,,,,,,2,,,,,,,,,1,,,,,,4816,22-Sep-23,,,,,,,,,,,,
6818,GYM- STAFF MEMBERS:SUBSCRIPTION FEES- COUPLE & FAMILY(MAX. OF 5 MEMBERS) (MONTHLY),,,,,,,,93000120,,,,3000000030,Services,Unit,,1003,Other,,,,,,,,,,,,,2,,,,,,,,,1,,,,,,4816,22-Sep-23,,,,,,,,,,,,
6821,GYM- STAFF MEMBERS:SUBSCRIPTION FEES- SINGLE (MONTHLY),,,,,,,,93000122,,,,3000000030,Services,Unit,,1003,Other,,,,,,,,,,,,,2,,,,,,,,,1,,,,,,4816,22-Sep-23,,,,,,,,,,,,
6827,GYM-NON STAFF MEMBERS:MEMBERSHIP FEES-FAMILY(MAX. OF 5 MEMBERS) (ANNUALLY),,,,,,,,93000124,,,,3000000030,Services,Unit,,1003,Other,,,,,,,,,,,,,2,,,,,,,,,1,,,,,,4816,22-Sep-23,,,,,,,,,,,,
6830,GYM-NON STAFF MEMBERS:SUBSCRIPTION FEES- COUPLE (ANNUALLY),,,,,,,,93000126,,,,3000000030,Services,Unit,,1003,Other,,,,,,,,,,,,,2,,,,,,,,,1,,,,,,4816,22-Sep-23,,,,,,,,,,,,
6831,INJ. Artesunate,,Add Item to Watch List,,0,,,,,,,,3010000001,Pharmacy,,,410,,Inj,,,,,,,,,6,1,0,0,,,,,1,,,Drugs,1,Packs,Amp,,,,,,,,,,,,,,,,,
6833,GYM-NON STAFF MEMBERS:SUBSCRIPTION FEES- COUPLE (QUARTERLY),,,,,,,,93000128,,,,3000000030,Services,Unit,,1003,Other,,,,,,,,,,,,,2,,,,,,,,,1,,,,,,4816,22-Sep-23,5438,1-Jan-24,,,,,,,,,,
6835,GYM-NON STAFF MEMBERS:SUBSCRIPTION FEES- FAMILY (MAX. OF 5 MEMBERS)  (MONTHLY),,,,,,,,93000130,,,,3000000030,Services,Unit,,1003,Other,,,,,,,,,,,,,2,,,,,,,,,1,,,,,,4816,22-Sep-23,,,,,,,,,,,,
6836, Fluphenazine Decanote 25mg,,,,0,,,,,,,,3010000001,Pharmacy,,,441,,Inj,,,,,,,,,100,,0,2,,,,,0,,,Drugs,1,Packs,Amp,,,,,,,,,,,,,,,,,
6837,GYM-NON STAFF MEMBERS:SUBSCRIPTION FEES- FAMILY (MAX. OF 5 MEMBERS) (ANNUALLY),,,,,,,,93000131,,,,3000000030,Services,Unit,,1003,Other,,,,,,,,,,,,,2,,,,,,,,,1,,,,,,4816,22-Sep-23,,,,,,,,,,,,
6839,GYM-NON STAFF MEMBERS:SUBSCRIPTION FEES- SINGLE (MONTHLY),,,,,,,,93000133,,,,3000000030,Services,Unit,,1003,Other,,,,,,,,,,,,,2,,,,,,,,,1,,,,,,4816,22-Sep-23,,,,,,,,,,,,
6840,Amitriptyline 25mg,,Add Item to Watch List,,0,,,,,,,,3010000001,Pharmacy,,,1006,,Tab,,,,,,,,,1000,,0,0,,,,,1,,,Drugs,1,Packs,Tablet,,,,,,,,,,,,,,,,,
6841,GYM-NON STAFF MEMBERS:SUBSCRIPTION FEES- SINGLE (QUARTERLY),,,,,,,,93000134,,,,3000000030,Services,Unit,,1003,Other,,,,,,,,,,,,,2,,,,,,,,,1,,,,,,4816,22-Sep-23,,,,,,,,,,,,
6844,GYM-STAFF MEMBERS:SUBSCRIPTION FEES- SINGLE (ANNUALLY),,,,,,,,93000136,,,,3000000030,Services,Unit,,1003,Other,,,,,,,,,,,,,2,,,,,,,,,1,,,,,,4816,22-Sep-23,,,,,,,,,,,,
6845,Iso Plasma,,Add Item to Watch List,1,0,,,,,,,,3010000001,Pharmacy,,,247,,General Consumables,,,,,,,,,1,1,0,0,,,,,1,,,Consumables,1,Packs,Amp,,,,,,,,,,,,,,,,,
6847,GYM-STAFF MEMBERS:SUBSCRIPTION FEES- SINGLE (QUARTERLY),,,,,,,,93000137,,,,3000000030,Services,Unit,,1003,Other,,,,,,,,,,,,,2,,,,,,,,,1,,,,,,4816,22-Sep-23,,,,,,,,,,,,
6851,Phenobarbitone 30mg,,Add Item to Watch List,,0,,,,,,,,3010000001,Pharmacy,,,251,,Tab,,,,,,,,,1000,1,0,0,,,,,1,,,Drugs,1,Packs,Tablet,,,,,,,,,,,,,,,,,
6854,Sodium Valproate 200mg,,Add Item to Watch List,,0,,,,,,,,3010000001,Pharmacy,,,251,,Tab,,,,,,,,,100,,0,0,,,,,1,,,Drugs,1,Packs,Tablet,,,,,,,,,,,,,,,,,
7193,LAPAROTOMY ,,,,,,,,,,,,3000000025,Services,Unit,,148,Surgery,,,,,,,,,,,,,0,,,,,,,,,1,,,,,,4896,28-Sep-23,,,,,,,,,,,,
7194,CIRCUMCISION IN BORN,,,,,,,,,,,,3000000025,Services,Unit,,1026,Procedure,,,,,,,,,,,,,0,,,,,,,,,1,,,,,,1,3-Oct-23,1,3-Oct-23,,,,,,,,,,
7213,paroxetine 20mg,,,,0,,,,,,,,3010000001,Pharmacy,,,1006,,Tab,,,,,,,,,30,,0,0,,,,,0,,,Drugs,1,Packs,Sachet,,,,,,,,,,,,,,,,,
7256,2HPP,,,,,,,,1234,,,,3030000004,Lab,,,41,,,,,,"<p>MEDICAL LABORATORY SCIENTIST COMMENTS</p>
",,3030000004,,,,1,,2,,,,,,1,,,1,,,,,,,,,,,,,,,,,,,
6982,Eusol Lotion 2L,,Add Item to Watch List,,0,,,,,,,,3010000001,Pharmacy,,,270,,General Consumables,,,,,,,,,1,1,0,0,,,,,1,,,Consumables,1,Bottle,Bottle,,,,,,,,,,,,,,,,,
6983,Iodine Solution,,Add Item to Watch List,,0,,,,,,,,3010000001,Pharmacy,,,270,,General Consumables,,,,,,,,,1,1,0,2,,,,,1,,,Consumables,1,Bottle,Bottle,,,,,,,,,,,,,,,,,
7093, Plasma,,Add Item to Watch List,1,0,,,,,,,,3010000001,Pharmacy,,,280,,Inj,,,,,,,,,1,1,0,2,,,,,1,,,Drugs,1,Packs,Vial,,,,,,,,,,,,,,,,,
7298,ENERGY DATER ONE MONTH,,,,,,,,ENERGY DATER ONE MONTH,,,,3000000030,Services,Days,,166,Other,,,,,,,,,,,,,0,,,,,,,,,1,,,,,,4626,1-Jan-24,,,,,,,,,,,,
7299,SERVICE DATER WARD ONE MONTH,,,,,,,,SERVICE CHARGE DATER ONE MONTH,,,,3000000030,Services,Days,,166,Other,,,,,,,,,,,,,0,,,,,,,,,1,,,,,,4626,1-Jan-24,4626,1-Jan-24,,,,,,,,,,
7380,MEDICAL CARE DATER WARD ONE MONTH,,,,,,,,,,,,3000000007,Services,Unit,,166,Other,,,,,,,,,,,,,0,,,,,,,,,1,,,,,,4626,1-Jan-24,,,,,,,,,,,,
7381,SKILL ACQUISITION DATER WARD ONE MONTH ,,,,,,,,,,,,3000000028,Services,Unit,,166,Other,,,,,,,,,,,,,0,,,,,,,,,,,,,,,4626,1-Jan-24,,,,,,,,,,,,
7382,Utility (Dater 1 Month),,,,,,,,,,,,3000000030,Services,Months,,366,Other,,,,,,,,,,,,,0,,,,,,,,,1,,,,,,4818,1-Jan-24,,,,,,,,,,,,
7383,registration fee(private),,,,,,,,,,,,3000000028,Services,Unit,,366,Other,,,,,,,,,,,,,0,,,,,,,,,1,,,,,,4257,1-Jan-24,,,,,,,,,,,,
6981,Urine Bag,,Add Item to Watch List,,0,,,,,,,,3010000001,Pharmacy,,,289,,General Consumables,,,,,,,,,10,1,0,0,,,,,1,,,Consumables,1,Packs,Packs,,,,,,,,,,,,,,,,,
6644,Ibuprofen 400mg,,Add Item to Watch List,,0,,,,,,,,3010000001,Pharmacy,,,248,,Tab,,,,,,,,,100,,0,0,,,,,1,,,Drugs,1,Packs,Tablet,,,,,,,,,,,,,,,,,
6646,I.Q ASSESSMENT,,,,,,,,91000128,,,,3000000028,Services,Unit,,1001,Other,,,,,,,,,,,,,2,,,,,,,,,1,,,,,,4816,22-Sep-23,,,,,,,,,,,,
6648,ACCOMODATION DATER WARD 1 MONTH,,,,,,,,91000106,,,,3000000028,Services,Unit,,1001,Other,,,,,,,,,,,,,0,,,,,,,,,1,,,,,,4254,22-Sep-23,4818,1-Jan-24,,,,,,,,,,
6652,Cocodamol x100,,Add Item to Watch List,,0,,,,,,,,3010000001,Pharmacy,,,248,,Tab,,,,,,,,,100,1,0,0,,,,,1,,,Drugs,1,Packs,Tablet,,,,,,,,,,,,,,,,,
6675,LAUNDRY FEE (PRIVATE WARD) ,,,,,,,,91000135,,,,3000000028,Services,Unit,,1001,Other,,,,,,,,,,,,,2,,,,,,,,,1,,,,,,4816,22-Sep-23,,,,,,,,,,,,
6699,PSYCHOLOGIGAL EDUCATION (SHORT STAY ADMISSION),,,,,,,,91000147,,,,3000000028,Services,Unit,,1001,Other,,,,,,,,,,,,,2,,,,,,,,,1,,,,,,4816,22-Sep-23,,,,,,,,,,,,
6723,Halothane,,Add Item to Watch List,,0,,,,,,,,3010000001,Pharmacy,,,247,,Inj,,,,,,,,,5,,0,0,,,,,1,,,Drugs,1,Packs,Vial,,,,,,,,,,,,,,,,,
6732,SOCIAL INTERVENTION(PRIVATE WARD) ,,,,,,,,91000161,,,,3000000028,Services,Unit,,1001,Other,,,,,,,,,,,,,2,,,,,,,,,1,,,,,,4816,22-Sep-23,,,,,,,,,,,,
6748,DRUG ANALYSIS/SCREENING,,,,,,,,52000101,,,,3000000031,Services,Unit,,1005,Other,,,,,,,,,,,,,0,,,,,,,,,1,,,,,,4254,22-Sep-23,,,,,,,,,,,,
6778,SHIRT & TROUSER- TAILORING (O/T),,,,,,,,93000141,,,,3000000030,Services,Unit,,1003,Other,,,,,,,,,,,,,0,,,,,,,,,1,,,,,,4254,22-Sep-23,,,,,,,,,,,,
6956,Chloramphenicol,,Add Item to Watch List,,0,,,,,,,,3010000001,Pharmacy,,,1034,,Drop,,,,,,,,,1,0,0,0,,,,,1,,,Drugs,1,Packs,Packs,,,,,,,,,,,,,,,,,
6957,INDUCTION OF LABOUR  -O & G,,,,,,,,42000163,,,,3000000025,Services,Unit,,970,Other,,,,,,,,,,,,,0,,,,,,,,,1,,,,,,4254,22-Sep-23,,,,,,,,,,,,
6965,THERAPY SESSIONS PSY,,,,,,,,,,,,3000000020,Radiology,,,866,,,,,,,,3000000020,,,,,,0,,,,,,,,,1,,,,,,,,,,,,,,,,,,,
6967,INDIVIDUAL DRUG EDUCATION PSY,,,,,,,,,,,,3000000020,Radiology,,,866,,,,,,,,3000000020,,,,,,0,,,,,,,,,1,,,,,,,,,,,,,,,,,,,
6968,PSYCHOLOGICAL REVIEW- PSY,,,,,,,,,,,,3000000020,Radiology,,,866,,,,,,,,3000000020,,,,,,0,,,,,,,,,1,,,,,,,,,,,,,,,,,,,
6970,PERSONALITY ASSESSMENT,,,,,,,,,,,,3000000020,Services,Unit,,154,Other,,,,,,,,,,,,,0,,,,,,,,,1,,,,,,1,22-Sep-23,,,,,,,,,,,,
6974,PSYCHOLOGY FAMILY THERAPY,,,,,,,,,,,,3000000020,Services,Unit,,154,Other,,,,,,,,,,,1,,0,,,,,,,,,1,,,,,,1,22-Sep-23,,,,,,,,,,,,
7217,inj flupenthixol 40mg,,,,0,,,,,,,,3010000001,Pharmacy,,,441,,Inj,,,,,,,,,10,1,1,0,,,,,1,,,Drugs,1,Packs,Amp,,,,,,,,,,,,,,,,,
7410,   SPECIALIST FEES (REHAB. WARD LANTORO),,,,,,,,,,,,3000000007,Services,Unit,,1001,Other,,,,,,,,,,,,,0,,,,,,,,,1,,,,,,4624,16-Jan-24,,,,,,,,,,,,
7422,DELIVERY-VACCUM EXTRACTION UNBOOKED,,,,,,,,,,,,3000000025,Services,Unit,,,Procedure,,,,,,,,,,,,,2,,,,,,1,,,1,,,,,,4626,25-Jan-24,,,,,,,,,,,,
7421,DELIVERY-NORMAL (TWINS) UNBOOKED,,,,,,,,,,,,3000000025,Services,Unit,,,Procedure,,,,,,,,,,,,,2,,,,,,1,,,1,,,,,,4626,25-Jan-24,,,,,,,,,,,,
7439,Blue Cannula,,Add Item to Watch List,1,0,,,,,,,,3010000001,Pharmacy,,,1025,,General Consumables,,,,,,,,,50,,0,2,,,,,0,,,Consumables,1,Pieces,Pieces,,,,,,,,,,,,,,,,,
7441,Yellow Cannula,,Add Item to Watch List,1,0,,,,,,,,3010000001,Pharmacy,,,1025,,General Consumables,,,,,,,,,50,,0,2,,,,,0,,,Consumables,1,Packs,Pieces,,,,,,,,,,,,,,,,,
6080,RETICULOCYTE INFANT COUNT,,,,,,,,454,,,,3030000002,Lab,,,22,,,,,,"<p>MED LAB SCIENTIST COMMENT:</p>
",,3030000002,,,,,,0,,,,,,,,,1,,,,,,,,,,,,,,,,,,,
6083,MANTOUX TEST,,,,,,,,899,,,,3030000001,Lab,,,21,,,,,,"<p>MED LAB SCIENTIST&#39;S COMMENT:</p>
",,3030000001,,,,,,0,,,,,,,,,1,,,,,,,,,,,,,,,,,,,
6693, Hyoscine 10mg/ml,,Add Item to Watch List,1,0,,,,,,,,3010000001,Pharmacy,,,443,,Inj,,,,,,,,,100,,0,0,,,,,1,,,Drugs,1,Packs,Amp,,,,,,,,,,,,,,,,,
6694,PSYCHOLOGICAL ASSESSMENT,,,,,,,,91000144,,,,3000000028,Services,Unit,,1001,Other,,,,,,,,,,,,,2,,,,,,,,,1,,,,,,4816,22-Sep-23,,,,,,,,,,,,
6700, Furosemide 40mg,,Add Item to Watch List,1,0,,,,,,,,3010000001,Pharmacy,,,420,,Tab,,,,,,,,,100,,0,0,,,,,1,,,Drugs,1,Packs,Tablet,,,,,,,,,,,,,,,,,
6701,Tab. Risperidone 0.5mg (Zepidone),,Add Item to Watch List,,0,,,,,,,,3010000001,Pharmacy,,,441,,Tab,,,,,,,,,30,,0,0,,,,,1,,,Drugs,1,Packs,Tablet,,,,,,,,,,,,,,,,,
6712,INJ.Fentanyl 100mg,,Add Item to Watch List,,0,,,,,,,,3010000001,Pharmacy,,,247,,Inj,,,,,,,,,1,1,0,0,,,,,1,,,Drugs,1,Packs,Vial,,,,,,,,,,,,,,,,,
6741,DRUG DEPOSIT GENERAL WARD,,,,,,,,52000102,,,,3000000031,Services,Unit,,1005,Other,,,,,,,,,,,,,0,,,,,,,,,,,,,,,4254,22-Sep-23,,,,,,,,,,,,
6757,5% Dextrose Water,,Add Item to Watch List,,0,,,,,,,,3010000001,Pharmacy,,,1028,,General Consumables,,,,,,,,,20,1,0,0,,,,,1,,,Consumables,1,Packs,Packs,,,,,,,,,,,,,,,,,
6760,SKIRT SUIT-TAILORING (O/T),,,,,,,,93000145,,,,3000000030,Services,Unit,,1003,Other,,,,,,,,,,,,,0,,,,,,,,,1,,,,,,4254,22-Sep-23,,,,,,,,,,,,
6763,PHYSIOTHERAPY( PAEDIATRICS- 10 SESSIONS),,,,,,,,92000105,,,,3000000029,Services,Unit,,1002,Other,,,,,,,,,,,,,2,,,,,,,,,1,,,,,,4816,22-Sep-23,,,,,,,,,,,,
6764,4.3% Dextrose Water,,Add Item to Watch List,,0,,,,,,,,3010000001,Pharmacy,,,1028,,General Consumables,,,,,,,,,20,1,0,0,,,,,0,,,Consumables,1,Packs,Packs,,,,,,,,,,,,,,,,,
6779,Paracetamol 1g,,Add Item to Watch List,,0,,,,,,,,3010000001,Pharmacy,,,1007,,IVF,,,,,,,,,1,,0,0,,,,,1,,,Drugs,1,Packs,Vial,,,,,,,,,,,,,,,,,
6780,BIG BASKET (WEDDING BASKET)-O/T),,,,,,,,93000106,,,,3000000030,Services,Unit,,1003,Other,,,,,,,,,,,,,2,,,,,,,,,1,,,,,,4816,22-Sep-23,,,,,,,,,,,,
6782,BRAIDS(DEPENDS)- SALON (O/T),,,,,,,,93000107,,,,3000000030,Services,Unit,,1003,Other,,,,,,,,,,,,,2,,,,,,,,,1,,,,,,4816,22-Sep-23,,,,,,,,,,,,
6784,Infusion Ringer,,Add Item to Watch List,,0,,,,,,,,3010000001,Pharmacy,,,1028,,General Consumables,,,,,,,,,20,1,0,0,,,,,0,,,Consumables,1,Packs,Packs,,,,,,,,,,,,,,,,,
7202,REGISTRATION ASSESSMENT NEW PATIENT,,,,,,,,,,,,3000000025,Services,Unit,,306,Other,,,,,,,,,,,,,0,,,,,,,,,1,,,,,,1,11-Oct-23,,,,,,,,,,,,
6288,Elifoxim hydochloride,,Add Item to Watch List,,0,,,,,,,,3010000001,Pharmacy,,,1006,,Tab,,,,,,,,,1,1,0,0,,,,,1,,,Drugs,1,Packs,Tablet,,,,,,,,,,,,,,,,,
6291,Amlodidine 10mg x 100/30,,Add Item to Watch List,,0,,,,,,,,3010000001,Pharmacy,,,993,,Tab,,,,,,,,,30,1,0,0,,,,,1,,,Drugs,1,Packs,Tablet,,,,,,,,,,,,,,,,,
6292,Ointment Methylsalicylate 1KG,,Add Item to Watch List,1,0,,,,,,,,3010000001,Pharmacy,,,438,,General Consumables,,,,,,,,,1,,0,0,,,,,1,,,Consumables,1,Packs,Pieces,,,,,,,,,,,,,,,,,
6305, Mebendazole 100mg,,Add Item to Watch List,1,0,,,,,,,,3010000001,Pharmacy,,,413,,Tab,,,,,,,,,6,1,0,0,,,,,1,,,Drugs,1,Tablet,Tablet,,,,,,,,,,,,,,,,,
6310,Tab. Ako-pas,,Add Item to Watch List,,0,,,,,,,,3010000001,Pharmacy,,,248,,Tab,,,,,,,,,10,0,0,0,,,,,1,,,Drugs,1,Packs,Tablet,,,,,,,,,,,,,,,,,
6311,Identification Tag,,Add Item to Watch List,1,0,,,,,,,,3010000001,Pharmacy,,,270,,Tab,,,,,,,,,50,0,0,0,,,,,1,,,Drugs,1,Packs,Tablet,,,,,,,,,,,,,,,,,
6314,Artesunate 100mg +Fansider,,Add Item to Watch List,,0,,,,,,,,3010000001,Pharmacy,,,410,,Tab,,,,,,,,,1,1,0,0,,,,,1,,,Drugs,1,Packs,Tablet,,,,,,,,,,,,,,,,,
6326,FEEDING-(GENERAL WARD 1 Month),,,,,,,,,,,,3000000024,Services,Unit,,1008,Other,,,,,,,,,,,,,0,,,,,,,,,1,,,,,,1,21-Sep-23,4818,1-Jan-24,,,,,,,,,,
6330,ADHESIOLYSIS (INTRAUTERINE) -  O & G,,,,,,,,,,,,3000000025,Services,Unit,,970,Other,,,,,,,,,,,,,0,,,,,,,,,1,,,,,,1,21-Sep-23,,,,,,,,,,,,
6335,ANTENATAL BOOKING ABOVE 30 WEEKS  -GMPC,,,,,,,,,,,,3000000025,Services,Unit,,1010,Other,,,,,,,,,,,,,0,,,,,,,,,1,,,,,,1,21-Sep-23,,,,,,,,,,,,
6336,ANTENATAL CARE REGISTRATION  -GMPC,,,,,,,,,,,,3000000025,Services,Unit,,1010,Other,,,,,,,,,,,,,0,,,,,,,,,1,,,,,,1,21-Sep-23,,,,,,,,,,,,
6338,APPENDECTOMY SURGERY FEE,,,,,,,,,,,,3000000025,Services,Unit,,566,Surgery,,,,,,,,,,,,,0,,,,,,,,,1,,,,,,1,21-Sep-23,1,25-Jan-24,,,,,,,,,,
6343,CAESAREAN SECTION (CS) WITH HYSTERECTOMY-  O & G,,,,,,,,,,,,3000000025,Services,Unit,,970,Surgery,,,,,,,,,,,,,0,,,,,,,,,1,,,,,,1,21-Sep-23,,,,,,,,,,,,
6349,CERVICAL DILATATION & I.U.C.D INSERTION- O & G,,,,,,,,,,,,3000000025,Services,Unit,,970,Procedure,,,,,,,,,,,,,0,,,,,,,,,1,,,,,,1,21-Sep-23,,,,,,,,,,,,
6354,CONSULTATION FEE (ADULT) - GMPC 8AM-4PM,,,,,,,,,,,,3000000025,Services,Unit,,1012,Other,,,,,,,,,,,,,2,,,,,,,,,1,,,,,,1,21-Sep-23,4624,2-Jan-24,,,,,,,,,,
6359,CURETTAGE OF UTERUS- O & G,,,,,,,,,,,,3000000025,Services,Unit,,970,Procedure,,,,,,,,,,,,,0,,,,,,,,,1,,,,,,1,21-Sep-23,,,,,,,,,,,,
6367,Carbamazepine 200mg,,Add Item to Watch List,,0,,,,,,,,3010000001,Pharmacy,,,251,,Tab,,,,,,,,,1000,,0,0,,,,,1,,,Drugs,1,Packs,Tablet,,,,,,,,,,,,,,,,,
6371,Carbamazepine TEGRETOL (Plain) 200mg,,Add Item to Watch List,,0,,,,,,,,3010000001,Pharmacy,,,251,,Tab,,,,,,,,,50,,0,0,,,,,1,,,Drugs,1,Packs,Tablet,,,,,,,,,,,,,,,,,
6385,Sodium Valproate 500mg (Epilim),,Add Item to Watch List,,0,,,,,,,,3010000001,Pharmacy,,,251,,Tab,,,,,,,,,100,,0,0,,,,,1,,,Drugs,1,Packs,Tablet,,,,,,,,,,,,,,,,,
6391,Salbutamol Nebule 2.5mg,,Add Item to Watch List,1,0,,,,,,,,3010000001,Pharmacy,,,994,,Tab,,,,,,,,,10,1,0,0,,,,,1,,,Drugs,1,Packs,Packs,,,,,,,,,,,,,,,,,
6412,Dihydroartemisin +Piperaquine 40/320,,Add Item to Watch List,,0,,,,,,,,3010000001,Pharmacy,,,410,,Tab,,,,,,,,,9,1,0,0,,,,,1,,,Drugs,1,Packs,Tablet,,,,,,,,,,,,,,,,,
6422,EXTIRPATION OF LESION OF OVARIAN REGION-  O & G,,,,,,,,41000148,,,,3000000025,Services,Unit,,998,Other,,,,,,,,,,,,,0,,,,,,,,,1,,,,,,4253,22-Sep-23,,,,,,,,,,,,
6426,DELIVERY-ND & BREECH (TWINS) - O & G,,,,,,,,42000136,,,,3000000025,Services,Unit,,970,Procedure,,,,,,,,,,,,,0,,,,,,,,,1,,,,,,1,22-Sep-23,,,,,,,,,,,,
6430,GENERAL FACEMASK ANAESTHESIA ( WITHOUT COST OF MATERIALS),,,,,,,,41000152,,,,3000000025,Services,Unit,,998,Other,,,,,,,,,,,,,0,,,,,,,,,1,,,,,,4253,22-Sep-23,,,,,,,,,,,,
6433,Crepe Bandage 2'',,Add Item to Watch List,,0,,,,,,,,3010000001,Pharmacy,,,442,,General Consumables,,,,,,,,,1,1,0,0,,,,,0,,,Consumables,1,Packs,Pieces,,,,,,,,,,,,,,,,,
6435,HERNIORRHAPHY (ADULT),,,,,,,,41000154,,,,3000000025,Services,Unit,,998,Other,,,,,,,,,,,,,0,,,,,,,,,1,,,,,,4253,22-Sep-23,,,,,,,,,,,,
6444,HYSTERECTOMY-VAGINAL   -O & G,,,,,,,,41000159,,,,3000000025,Services,Unit,,998,Other,,,,,,,,,,,,,0,,,,,,,,,1,,,,,,4253,22-Sep-23,,,,,,,,,,,,
6453,DELIVERY-NORMAL SINGLE -O & G,,,,,,,,42000137,,,,3000000025,Services,Unit,,970,Procedure,,,,,,,,,,,,,0,,,,,,,,,1,,,,,,1,22-Sep-23,,,,,,,,,,,,
6464,REPATRIATION FEES (IGBO-ORA),,,,,,,,81000105,,,,3000000027,Services,Unit,,1000,Other,,,,,,,,,,,,,0,,,,,,,,,1,,,,,,4254,22-Sep-23,,,,,,,,,,,,
6471,Ciprofloxacin 200mg/100mls,,Add Item to Watch List,,0,,,,,,,,3010000001,Pharmacy,,,1028,,IVF,,,,,,,,,1,,0,0,,,,,1,,,Drugs,1,Packs,Pieces,,,,,,,,,,,,,,,,,
6478,Ciprofloxacin 500mg,,Add Item to Watch List,,0,,,,,,,,3010000001,Pharmacy,,,1022,,Tab,,,,,,,,,10,,0,0,,,,,1,,,Drugs,1,Packs,Tablet,,,,,,,,,,,,,,,,,
6481,Co-trimozole 480mg (Septrin),,Add Item to Watch List,,0,,,,,,,,3010000001,Pharmacy,,,412,,Tab,,,,,,,,,10,0,0,0,,,,,1,,,Drugs,1,Packs,Tablet,,,,,,,,,,,,,,,,,
6482,Dipyridamole,,Add Item to Watch List,,0,,,,,,,,3010000001,Pharmacy,,,1027,,Tab,,,,,,,,,1,0,0,0,,,,,1,,,Drugs,1,Packs,Tablet,,,,,,,,,,,,,,,,,
6484,Azithromycin 500mg,,Add Item to Watch List,,0,,,,,,,,3010000001,Pharmacy,,,1022,,Tab,,,,,,,,,10,0,0,0,,,,,1,,,Drugs,1,Packs,Tablet,,,,,,,,,,,,,,,,,
6487,MANUAL REMOVAL OF PLACENTA- BOOKED  -  O & G,,,,,,,,42000167,,,,3000000025,Services,Unit,,997,Other,,,,,,,,,,,,,0,,,,,,,,,1,,,,,,4253,22-Sep-23,,,,,,,,,,,,
6488,Erthromycin 500mg,,Add Item to Watch List,,0,,,,,,,,3010000001,Pharmacy,,,1022,,Cap,,,,,,,,,100,1,0,0,,,,,1,,,Drugs,1,Packs,Tablet,,,,,,,,,,,,,,,,,
6490,Tab.Azithromycin 250mg,,Add Item to Watch List,,0,,,,,,,,3010000001,Pharmacy,,,1022,,Tab,,,,,,,,,10,1,0,0,,,,,1,,,Drugs,1,Packs,Tablet,,,,,,,,,,,,,,,,,
6501,Crepe Bandage 6'',,Add Item to Watch List,1,0,,,,,,,,3010000001,Pharmacy,,,996,,General Consumables,,,,,,,,,1,1,0,0,,,,,0,,,Consumables,1,Packs,Bottle,,,,,,,,,,,,,,,,,
6502,Tab.Levocetirizine 5mg,,Add Item to Watch List,5,0,,,,,,,,3010000001,Pharmacy,,,249,,Tab,,,,,,,,,10,0,0,0,,,,,1,,,Drugs,1,Packs,Tablet,,,,,,,,,,,,,,,,,
6504,Cap. Tetracycline 250mg,,Add Item to Watch List,,0,,,,,,,,3010000001,Pharmacy,,,412,,Cap,,,,,,,,,100,1,0,0,,,,,1,,,Drugs,1,Packs,Pieces,,,,,,,,,,,,,,,,,
6506,Tab.Monetelukast Sodium 10mg,,Add Item to Watch List,,0,,,,,,,,3010000001,Pharmacy,,,994,,Tab,,,,,,,,,10,1,0,0,,,,,1,,,Drugs,1,Packs,Tablet,,,,,,,,,,,,,,,,,
6508,MYOMECTOMY-  O & G,,,,,,,,42000174,,,,3000000025,Services,Unit,,997,Other,,,,,,,,,,,,,0,,,,,,,,,1,,,,,,4253,22-Sep-23,,,,,,,,,,,,
6510,Cap. Amoxycillin 500mg x 100,,Add Item to Watch List,,0,,,,,,,,3010000001,Pharmacy,,,412,,Cap,,,,,,,,,100,1,0,0,,,,,1,,,Drugs,1,Packs,Tablet,,,,,,,,,,,,,,,,,
6512,PPE.Personal Protective Equipment,,Add Item to Watch List,1,0,,,,,,,,3010000001,Pharmacy,,,996,,General Consumables,,,,,,,,,1,1,0,0,,,,,0,,,Consumables,1,Packs,Pieces,,,,,,,,,,,,,,,,,
6522,Medical Face Shield,,Add Item to Watch List,,0,,,,,,,,3010000001,Pharmacy,,,289,,General Consumables,,,,,,,,,1,1,0,0,,,,,0,,,Consumables,1,,Pieces,,,,,,,,,,,,,,,,,
6529,NEW REGISTRATION  AFTER 4PM- 8AM (ADULT)  -GMPC,,,,,,,,42000177,,,,3000000025,Services,Unit,,997,Other,,,,,,,,,,,,,0,,,,,,,,,1,,,,,,4253,22-Sep-23,,,,,,,,,,,,
6531,REPATRIATION FEES (LAGOS/IBADAN AXIS),,,,,,,,81000108,,,,3000000027,Services,Unit,,1000,Other,,,,,,,,,,,,,0,,,,,,,,,1,,,,,,4254,22-Sep-23,,,,,,,,,,,,
6533,NEW REGISTRATION  AFTER 4PM- 8AM (CHILDREN) -  GMPC,,,,,,,,42000178,,,,3000000025,Services,Unit,,997,Other,,,,,,,,,,,,,0,,,,,,,,,,,,,,,4253,22-Sep-23,,,,,,,,,,,,
6537,INJ. Metronidazole 500mg,,Add Item to Watch List,,0,,,,,,,,3010000001,Pharmacy,,,412,,Inj,,,,,,,,,1,1,0,0,,,,,1,,,Drugs,1,Packs,Amp,,,,,,,,,,,,,,,,,
6538,NEW REGISTRATION (CHILDREN 8am-4pm) -GMPC,,,,,,,,42000180,,,,3000000025,Services,Unit,,997,Other,,,,,,,,,,,,,0,,,,,,,,,1,,,,,,4253,22-Sep-23,5437,1-Jan-24,,,,,,,,,,
6542,NEW REGISTRATION WEEKEND & PUBLIC HOLIDAY (CHILDREN) -NHIS,,,,,,,,42000182,,,,3000000025,Services,Unit,,998,Other,,,,,,,,,,,,,0,,,,,,,,,1,,,,,,4253,22-Sep-23,,,,,,,,,,,,
6543,REPATRIATION FEES (OTHER NORTHERN NIGERIAN STATES  NOT CAPTURED ABOVE,,,,,,,,81000111,,,,3000000027,Services,Unit,,1000,Other,,,,,,,,,,,,,0,,,,,,,,,1,,,,,,4254,22-Sep-23,,,,,,,,,,,,
6556,Artemether/ Lumefantrine (Lonart) 20/120mg,,Add Item to Watch List,,0,,,,,,,,3010000001,Pharmacy,,,410,,Syr,,,,,,,,,1,1,0,0,,,,,1,,,Drugs,1,Bottle,Bottle,,,,,,,,,,,,,,,,,
6558,Vipocetine 5mg (Cognitol),,Add Item to Watch List,1,0,,,,,,,,3010000001,Pharmacy,,,286,,Tab,,,,,,,,,30,,0,0,,,,,0,,,Drugs,1,Packs,Sachet,,,,,,,,,,,,,,,,,
6456,INDUCTION OF LABOUR,,,,,,,,41000162,,,,3000000025,Services,Unit,,998,Other,,,,,,,,,,,,,0,,,,,,,,,1,,,,,,4253,22-Sep-23,,,,,,,,,,,,
6559,OOPHORECTOMY-BILATERAL  -O & G,,,,,,,,42000188,,,,3000000025,Services,Unit,,997,Other,,,,,,,,,,,,,0,,,,,,,,,1,,,,,,4253,22-Sep-23,,,,,,,,,,,,
6626,Tramadol HCL 50mg,,Add Item to Watch List,,0,,,,,,,,3010000001,Pharmacy,,,248,,Cap,,,,,,,,,,1,0,0,,,,,1,,,Drugs,1,Packs,Capsule,,,,,,,,,,,,,,,,,
6636,ACCOMODATION (PRIVATE WARD) ,,,,,,,,91000104,,,,3000000028,Services,Unit,,1001,Other,,,,,,,,,,,,,0,,,,,,,,,1,,,,,,4254,22-Sep-23,,,,,,,,,,,,
6666,Diclofenac 75mg,,Add Item to Watch List,,0,,,,,,,,3010000001,Pharmacy,,,248,,Inj,,,,,,,,,100,,0,0,,,,,1,,,Drugs,1,Packs,Amp,,,,,,,,,,,,,,,,,
6681,NURSING CARE (SHORT STAY ADMISSION),,,,,,,,91000137,,,,3000000028,Services,Unit,,1001,Other,,,,,,,,,,,,,2,,,,,,,,,1,,,,,,4816,22-Sep-23,,,,,,,,,,,,
6686,OCCUPATIONAL THERAPY FEES,,,,,,,,91000139,,,,3000000028,Services,Unit,,1001,Other,,,,,,,,,,,,,2,,,,,,,,,1,,,,,,4816,22-Sep-23,,,,,,,,,,,,
6703,Tab.Paracetamol 500mgx1000,,Add Item to Watch List,,0,,,,,,,,3010000001,Pharmacy,,,248,,Tab,,,,,,,,,1000,1,0,0,,,,,1,,,Drugs,1,Packs,Tablet,,,,,,,,,,,,,,,,,
6727,Quetiapine 50mg,,Add Item to Watch List,1,0,,,,,,,,3010000001,Pharmacy,,,441,,Tab,,,,,,,,,30,,0,0,,,,,1,,,Drugs,1,Packs,Tablet,,,,,,,,,,,,,,,,,
6728,Diclofenac Cream,,Add Item to Watch List,,0,,,,,,,,3010000001,Pharmacy,,,248,,General Consumables,,,,,,,,,1,1,0,0,,,,,0,,,Consumables,1,Packs,Pieces,,,,,,,,,,,,,,,,,
6730,SOCIAL INTERVENTION (SHORT STAY ADMISSION),,,,,,,,91000160,,,,3000000028,Services,Unit,,1001,Other,,,,,,,,,,,,,2,,,,,,,,,1,,,,,,4816,22-Sep-23,,,,,,,,,,,,
6737,INJ.Panicuronium,,Add Item to Watch List,,0,,,,,,,,3010000001,Pharmacy,,,247,,Inj,,,,,,,,,1,,0,0,,,,,1,,,Drugs,1,Bottle,Vial,,,,,,,,,,,,,,,,,
6739,Multivitamin,,Add Item to Watch List,1,0,,,,,,,,3010000001,Pharmacy,,,1030,,Syr,,,,,,,,,10,1,1,0,,,,,1,,,Drugs,1,Bottle,Bottle,,,,,,,,,,,,,,,,,
6758,PATIENTS LODGEMENT-ACCOMODATION PER NIGHT,,,,,,,,92000102,,,,3000000029,Services,Unit,,1002,Other,,,,,,,,,,,,,2,,,,,,,,,1,,,,,,4816,22-Sep-23,,,,,,,,,,,,
6769,5% Dextrose water,,Add Item to Watch List,,0,,,,,,,,3010000001,Pharmacy,,,1028,,General Consumables,,,,,,,,,20,1,0,0,,,,,0,,,Consumables,1,Packs,Pieces,,,,,,,,,,,,,,,,,
6773,12'X16' MIRROR FRAME-O/T,,,,,,,,93000101,,,,3000000030,Services,Unit,,1003,Other,,,,,,,,,,,,,2,,,,,,,,,1,,,,,,4816,22-Sep-23,,,,,,,,,,,,
6775,AGBADA (DEPENDS)-TAILORING (O/T),,,,,,,,93000103,,,,3000000030,Services,Unit,,1003,Other,,,,,,,,,,,,,2,,,,,,,,,1,,,,,,4816,22-Sep-23,,,,,,,,,,,,
6776,BAG MENDING (DEPENDS) - LEATHER WORK O/T,,,,,,,,93000104,,,,3000000030,Services,Unit,,1003,Other,,,,,,,,,,,,,2,,,,,,,,,1,,,,,,4816,22-Sep-23,,,,,,,,,,,,
6777,BARBING -SALON (O/T),,,,,,,,93000105,,,,3000000030,Services,Unit,,1003,Other,,,,,,,,,,,,,2,,,,,,,,,1,,,,,,4816,22-Sep-23,,,,,,,,,,,,
6790,10% Mannitol,,Add Item to Watch List,,0,,,,,,,,3010000001,Pharmacy,,,1028,,General Consumables,,,,,,,,,20,0,0,0,,,,,0,,,Consumables,1,Packs,Packs,,,,,,,,,,,,,,,,,
6793,Chlorpromazine 100mg,,Add Item to Watch List,,0,,,,,,,,3010000001,Pharmacy,,,441,,Tab,,,,,,,,,1000,,0,0,,,,,1,,,Drugs,1,Packs,Tablet,,,,,,,,,,,,,,,,,
6888, Furosemide 20mg,,Add Item to Watch List,1,0,,,,,,,,3010000001,Pharmacy,,,420,,Inj,,,,,,,,,100,,0,0,,,,,1,,,Drugs,1,Packs,Amp,,,,,,,,,,,,,,,,,
6916,Cotton Wool,,Add Item to Watch List,,0,,,,,,,,3010000001,Pharmacy,,,996,,Others,,,,,,,,,1,,0,0,,,,,1,,,Drugs,1,Packs,Pieces,,,,,,,,,,,,,,,,,
6920, Multivitamin,,Add Item to Watch List,,0,,,,,,,,3010000001,Pharmacy,,,1030,,Syr,,,,,,,,,1,0,0,0,,,,,1,,,Drugs,1,Bottle,Bottle,,,,,,,,,,,,,,,,,
6925,Magnesium Sulphate 50%,,Add Item to Watch List,,0,,,,,,,,3010000001,Pharmacy,,,251,,Inj,,,,,,,,,10,1,0,0,,,,,1,,,Drugs,1,Packs,Amp,,,,,,,,,,,,,,,,,
6926,Metformin 500mg,,Add Item to Watch List,,0,,,,,,,,3010000001,Pharmacy,,,433,,Tab,,,,,,,,,100,1,0,2,,,,,1,,,Drugs,1,Packs,Tablet,,,,,,,,,,,,,,,,,
6935,Albendazole 400mg,,Add Item to Watch List,,0,,,,,,,,3010000001,Pharmacy,,,409,,Tab,,,,,,,,,1,,0,0,,,,,1,,,Drugs,1,Packs,Tablet,,,,,,,,,,,,,,,,,
6936,Mebendazole,,Add Item to Watch List,,0,,,,,,,,3010000001,Pharmacy,,,409,,Tab,,,,,,,,,1,1,0,0,,,,,1,,,Drugs,1,Packs,Tablet,,,,,,,,,,,,,,,,,
6937,Albendazole,,Add Item to Watch List,,0,,,,,,,,3010000001,Pharmacy,,,409,,Syr,,,,,,,,,1,1,0,0,,,,,1,,,Drugs,1,Bottle,Bottle,,,,,,,,,,,,,,,,,
6939,Nylon 2/0,,Add Item to Watch List,,0,,,,,,,,3010000001,Pharmacy,,,1021,,General Consumables,,,,,,,,,12,0,0,0,,,,,0,,,Consumables,1,Packs,Pieces,,,,,,,,,,,,,,,,,
6940,Chromic Catgut 1,,Add Item to Watch List,,0,,,,,,,,3010000001,Pharmacy,,,1021,,General Consumables,,,,,,,,,12,0,0,0,,,,,0,,,Consumables,1,Packs,Pieces,,,,,,,,,,,,,,,,,
6950,Diazepan 10mg,,Add Item to Watch List,,0,,,,,,,,3010000001,Pharmacy,,,1033,,Inj,,,,,,,,,10,1,0,0,,,,,1,,,Drugs,1,Packs,Amp,,,,,,,,,,,,,,,,,
6958,Gentamicin Eye/Ear Drop,,Add Item to Watch List,,0,,,,,,,,3010000001,Pharmacy,,,1034,,Drop,,,,,,,,,1,1,0,0,,,,,1,,,Drugs,1,Packs,Packs,,,,,,,,,,,,,,,,,
6962,Personality assessment- PSY,,,,,,,,,,,,3000000020,Radiology,,,866,,,,,,,,3000000020,,,,,,0,,,,,,,,,1,,,,,,,,,,,,,,,,,,,
6966,FAMILY THERAPY- PSY,,,,,,,,,,,,3000000020,Radiology,,,866,,,,,,,,3000000020,,,,,,0,,,,,,,,,1,,,,,,,,,,,,,,,,,,,
6985,Blood  Giving Set,,Add Item to Watch List,,0,,,,,,,,3010000001,Pharmacy,,,289,,General Consumables,,,,,,,,,1,0,0,2,,,,,0,,,Consumables,1,Packs,Packs,,,,,,,,,,,,,,,,,
6990,Crepe Bandage 4,,Add Item to Watch List,,0,,,,,,,,3010000001,Pharmacy,,,996,,General Consumables,,,,,,,,,1,0,0,2,,,,,0,,,Consumables,1,Packs,Packs,,,,,,,,,,,,,,,,,
6998,Intravenous Catheter (24g) Yellow,,Add Item to Watch List,,0,,,,,,,,3010000001,Pharmacy,,,289,,General Consumables,,,,,,,,,50,1,0,2,,,,,0,,,Consumables,1,Packs,Packs,,,,,,,,,,,,,,,,,
7004,Mucus Extractor,,Add Item to Watch List,,0,,,,,,,,3010000001,Pharmacy,,,289,,General Consumables,,,,,,,,,50,0,0,2,,,,,0,,,Consumables,1,Packs,Packs,,,,,,,,,,,,,,,,,
7005,Insulin Syringe,,Add Item to Watch List,,0,,,,,,,,3010000001,Pharmacy,,,289,,General Consumables,,,,,,,,,50,1,0,0,,,,,0,,,Consumables,1,Packs,Packs,,,,,,,,,,,,,,,,,
7007,Gentian Violet,,Add Item to Watch List,,0,,,,,,,,3010000001,Pharmacy,,,1047,,General Consumables,,,,,,,,,1,0,0,2,,,,,0,,,Consumables,1,Bottle,Bottle,,,,,,,,,,,,,,,,,
7009,Carrier Bags,,Add Item to Watch List,,0,,,,,,,,3010000001,Pharmacy,,,996,,General Consumables,,,,,,,,,100,,0,0,,,,,1,,,Consumables,1,Packs,Packs,,,,,,,,,,,,,,,,,
7010,Elbow Length Gloves,,Add Item to Watch List,,0,,,,,,,,3010000001,Pharmacy,,,996,,General Consumables,,,,,,,,,1,,0,0,,,,,0,,,Consumables,1,Packs,Packs,,,,,,,,,,,,,,,,,
7013, Promethazine,,Add Item to Watch List,,0,,,,,,,,3010000001,Pharmacy,,,444,,Inj,,,,,,,,,100,,0,2,,,,,1,,,Drugs,1,Packs,Packs,,,,,,,,,,,,,,,,,
7015,Avomine(Promethazine theocoate),,Add Item to Watch List,,0,,,,,,,,3010000001,Pharmacy,,,444,,Tab,,,,,,,,,60,0,0,2,,,,,1,,,Drugs,1,Packs,Packs,,,,,,,,,,,,,,,,,
7033,MATIODS,,,,,,,,,,,,3000000003,Radiology,,,123,,,,,,,,3000000003,,,,,,0,,,,,,,,,1,,,,,,,,,,,,,,,,,,,
7035,Erythrocyte Sedimentation Rate (ESR),,,,,,,,NHIS-180-005,,,,3030000002,Lab,,,22,,,,,,"<p>MED LAB SCI COMM</p>
",,3030000002,,,,,,0,,,,,,,,,1,,,,,,,,,,,,,,,,,,,
7050,Tab. Ciprofloxacin 500mg,,Add Item to Watch List,1,0,,,,,,,,3010000001,Pharmacy,,,1022,,Tab,,,,,,,,,1,1,0,0,,,,,1,,,Drugs,1,Packs,Tablet,,,,,,,,,,,,,,,,,
7054,Tab. Erythromycin 500mg,,Add Item to Watch List,1,0,,,,,,,,3010000001,Pharmacy,,,1022,,Tab,,,,,,,,,100,0,1,0,,,,,1,,,Drugs,1,Packs,Tablet,,,,,,,,,,,,,,,,,
7061,Infusion Omepraxole,,Add Item to Watch List,,0,,,,,,,,3010000001,Pharmacy,,,1028,,IVF,,,,,,,,,10,1,1,2,,,,,1,,,Drugs,1,Packs,Vial,,,,,,,,,,,,,,,,,
7067, Amoxicillin 500mg,,Add Item to Watch List,1,0,,,,,,,,3010000001,Pharmacy,,,1022,,Cap,,,,,,,,,100,,0,0,,,,,1,,,Drugs,1,Packs,Capsule,,,,,,,,,,,,,,,,,
7071,LABORATORY (SHORT STAY ADMISSION),,,,,,,,61000102,,,,3000000008,Services,Unit,,999,Other,,,,,,,,,,,,,0,,,,,,,,,1,,,,,,4254,26-Sep-23,,,,,,,,,,,,
7090,Chlorpheniramine 4mg ,,Add Item to Watch List,,0,,,,,,,,3010000001,Pharmacy,,,407,,Tab,,,,,,,,,100,0,0,2,,,,,1,,,Drugs,1,Packs,Tablet,,,,,,,,,,,,,,,,,
7096,CHEST (CHILD)  RADIODIAGNOSIS EXAMINATION,,,,,,,,71000108,,,,3000000003,Services,Unit,,967,Other,,,,,,,,,,,1,,0,,,,,,,,,1,,,,,,4254,26-Sep-23,,,,,,,,,,,,
7099,FACIAL BONES (ADULT),,,,,,,,71000111,,,,3000000003,Services,Unit,,967,Other,,,,,,,,,,,1,,0,,,,,,,,,1,,,,,,4254,26-Sep-23,,,,,,,,,,,,
7118,HIP JOINT (ADULT),,,,,,,,71000120,,,,3000000003,Services,Unit,,967,Other,,,,,,,,,,,1,,0,,,,,,,,,1,,,,,,4254,26-Sep-23,,,,,,,,,,,,
7144,PELVIS (CHILD),,,,,,,,71000137,,,,3000000003,Services,Unit,,967,Other,,,,,,,,,,,1,,0,,,,,,,,,1,,,,,,4254,26-Sep-23,,,,,,,,,,,,
7147,SACRUM (CHILD),,,,,,,,71000139,,,,3000000003,Services,Unit,,967,Other,,,,,,,,,,,1,,0,,,,,,,,,1,,,,,,4254,26-Sep-23,,,,,,,,,,,,
50,A) TRIIODOTHYRONINE (T3),,,,,,0,,,,,,3030000004,Lab,unit,,41,,,,,,"<p>none</p>
",,,,,,1,,2,4000,5000,10000,,,,,,1,,,,,,,,,,,,,,,,,,,
52,C) THYROID STIMULATING HORMONES,,,,,,0,,,,,,3030000004,Lab,unit,,41,,,,,,"<p>none</p>
",,,,,,1,,2,4000,5000,10000,,,,,,1,,,,,,,,,,,,,,,,,,,
102,CULTURE & SENSITIVITY (URINE),,,,,,0,,M11001,,,,3030000001,Lab,unit,,21,,,,,,"<p>MICROSCOPY:</p>

<p>&nbsp;</p>

<p>&nbsp;</p>

<p>&nbsp;</p>

<p>&nbsp;</p>

<p>GRAM STAIN:</p>

<p>&nbsp;</p>

<p>&nbsp;</p>

<p>CULTURE AND SENSITIVITY</p>

<p>CULTURE; 1.</p>

<p>&nbsp; &nbsp; &nbsp; &nbsp; &nbsp; &nbsp; &nbsp; &nbsp; &nbsp;&nbsp; 2.</p>

<p>&nbsp; &nbsp; &nbsp; &nbsp; &nbsp; &nbsp; &nbsp; &nbsp; &nbsp; &nbsp; 3.</p>

<p>&nbsp; &nbsp; <u><strong>&nbsp;ANTIBIOTICS&nbsp;</strong></u>&nbsp; &nbsp; &nbsp; &nbsp; &nbsp; &nbsp; &nbsp; &nbsp;&nbsp;&nbsp;1&nbsp; &nbsp;2 &nbsp; 3&nbsp; &nbsp; &nbsp;<u><strong>&nbsp;ANTIBIOTICS&nbsp;</strong></u> &nbsp; &nbsp; &nbsp; &nbsp;1&nbsp; 2&nbsp; 3 &nbsp; <u><strong>&nbsp;ANTIBIOTICS</strong></u><strong>&nbsp; &nbsp;</strong>1 &nbsp; 2&nbsp; 3&nbsp; &nbsp; &nbsp;<u><strong>ANTIFUNGAL</strong></u>&nbsp; &nbsp; &nbsp;&nbsp; 1 &nbsp; 2&nbsp; 3</p>

<table border=""1"" cellpadding=""1"" cellspacing=""1"">
	<tbody>
		<tr>
			<td>GENTAMYCIN</td>
			<td>&nbsp; &nbsp;</td>
			<td>&nbsp; &nbsp; &nbsp;&nbsp;</td>
			<td>&nbsp; &nbsp;&nbsp;</td>
			<td>&nbsp;CEFOTAXIME</td>
			<td>&nbsp; &nbsp;&nbsp;</td>
			<td>&nbsp;&nbsp;</td>
			<td>&nbsp;&nbsp;</td>
			<td>DAPTOMYCIN</td>
			<td>&nbsp;&nbsp;</td>
			<td>&nbsp; &nbsp;&nbsp;</td>
			<td>&nbsp; &nbsp;&nbsp;</td>
			<td>&nbsp;ITRACONAZOLE</td>
			<td>&nbsp; &nbsp;&nbsp;</td>
			<td>&nbsp;&nbsp;</td>
			<td>&nbsp; &nbsp;&nbsp;</td>
		</tr>
		<tr>
			<td>TOBRAMYCIN</td>
			<td>&nbsp;&nbsp;</td>
			<td>&nbsp;</td>
			<td>&nbsp;</td>
			<td>TRIMETHOPRIM</td>
			<td>&nbsp;</td>
			<td>&nbsp;</td>
			<td>&nbsp;&nbsp;</td>
			<td>DOXYCYCLINE</td>
			<td>&nbsp;</td>
			<td>&nbsp;</td>
			<td>&nbsp;</td>
			<td>KETOCONAZOLE</td>
			<td>&nbsp;</td>
			<td>&nbsp;</td>
			<td>&nbsp;</td>
		</tr>
		<tr>
			<td>CHLORAMPHENICOL</td>
			<td>&nbsp;</td>
			<td>&nbsp;</td>
			<td>&nbsp;</td>
			<td>MEROPENEN</td>
			<td>&nbsp;</td>
			<td>&nbsp;</td>
			<td>&nbsp;</td>
			<td>TETRACYCLINE</td>
			<td>&nbsp;</td>
			<td>&nbsp;</td>
			<td>&nbsp;</td>
			<td>AMPHOTERICIN B</td>
			<td>&nbsp; &nbsp;</td>
			<td>&nbsp;</td>
			<td>&nbsp;</td>
		</tr>
		<tr>
			<td>AMOXICILLIN/CA</td>
			<td>&nbsp;</td>
			<td>&nbsp;</td>
			<td>&nbsp;</td>
			<td>CEFTAZIDINE</td>
			<td>&nbsp;</td>
			<td>&nbsp;</td>
			<td>&nbsp;</td>
			<td>RIFAMPIN</td>
			<td>&nbsp;</td>
			<td>&nbsp;</td>
			<td>&nbsp;</td>
			<td>MICONAZOLE</td>
			<td>&nbsp;</td>
			<td>&nbsp;</td>
			<td>&nbsp;</td>
		</tr>
		<tr>
			<td>CIPROFLOXACIN</td>
			<td>&nbsp;</td>
			<td>&nbsp;</td>
			<td>&nbsp;</td>
			<td>MOXIFLOXACIN</td>
			<td>&nbsp;</td>
			<td>&nbsp;</td>
			<td>&nbsp;</td>
			<td>LINEZOLID</td>
			<td>&nbsp;</td>
			<td>&nbsp;</td>
			<td>&nbsp;</td>
			<td>NYSTATIN</td>
			<td>&nbsp;</td>
			<td>&nbsp;</td>
			<td>&nbsp;</td>
		</tr>
		<tr>
			<td>LEVOFLOXACIN</td>
			<td>&nbsp;</td>
			<td>&nbsp;</td>
			<td>&nbsp;</td>
			<td>CLARITHROMYCIN</td>
			<td>&nbsp;</td>
			<td>&nbsp;</td>
			<td>&nbsp;</td>
			<td>&nbsp;</td>
			<td>&nbsp;</td>
			<td>&nbsp;</td>
			<td>&nbsp;</td>
			<td>ECONAZOLE</td>
			<td>&nbsp;</td>
			<td>&nbsp;</td>
			<td>&nbsp;</td>
		</tr>
		<tr>
			<td>IMIPENEM</td>
			<td>&nbsp;</td>
			<td>&nbsp;</td>
			<td>&nbsp;</td>
			<td>ERYTHROMYCIN</td>
			<td>&nbsp;</td>
			<td>&nbsp;</td>
			<td>&nbsp;</td>
			<td>&nbsp;</td>
			<td>&nbsp;</td>
			<td>&nbsp;</td>
			<td>&nbsp;</td>
			<td>VORICONAZOLE</td>
			<td>&nbsp;</td>
			<td>&nbsp;</td>
			<td>&nbsp;</td>
		</tr>
		<tr>
			<td>AMPICILLIN/SULBACTAM</td>
			<td>&nbsp;</td>
			<td>&nbsp;</td>
			<td>&nbsp;</td>
			<td>CLINDAMYCIN</td>
			<td>&nbsp;</td>
			<td>&nbsp;</td>
			<td>&nbsp;</td>
			<td>&nbsp;</td>
			<td>&nbsp;</td>
			<td>&nbsp;</td>
			<td>&nbsp;</td>
			<td>FLUCONAZOLE</td>
			<td>&nbsp;</td>
			<td>&nbsp;</td>
			<td>&nbsp;</td>
		</tr>
		<tr>
			<td>CEFUROXIME</td>
			<td>&nbsp;</td>
			<td>&nbsp;</td>
			<td>&nbsp;</td>
			<td>AZITHROMYCIN</td>
			<td>&nbsp;</td>
			<td>&nbsp;</td>
			<td>&nbsp;</td>
			<td>&nbsp;</td>
			<td>&nbsp;</td>
			<td>&nbsp;</td>
			<td>&nbsp;</td>
			<td>5- FLUCYTOSINE</td>
			<td>&nbsp;</td>
			<td>&nbsp;</td>
			<td>&nbsp;</td>
		</tr>
		<tr>
			<td>AMIKACIN</td>
			<td>&nbsp;</td>
			<td>&nbsp;</td>
			<td>&nbsp;</td>
			<td>&nbsp;</td>
			<td>&nbsp;</td>
			<td>&nbsp;</td>
			<td>&nbsp;</td>
			<td>&nbsp;</td>
			<td>&nbsp;</td>
			<td>&nbsp;</td>
			<td>&nbsp;</td>
			<td>&nbsp;</td>
			<td>&nbsp;</td>
			<td>&nbsp;</td>
			<td>&nbsp;</td>
		</tr>
	</tbody>
</table>

<p>&nbsp;</p>
",,3030000001,,,,,,2,650,8000,16000,,,1,,,1,,,,,,,,,,,,,,,,,,,
2896,Routine Chest Xray,,,,,,0,,,,,,3000000003,Radiology,,,123,,,,,,,,3000000003,,,,,,2,,,,,,,,,1,,,,,,,,,,,,,,,,,,,
2897,Seminal Fluid Analysis MCS,,,,,,0,,SF001,,,,3030000001,Lab,,,21,,,,,,"<p>VOLUME:</p>

<p>ODOUR:</p>

<p>VISCOSITY:</p>

<p>TIME OF LIQUIFACTION:</p>

<p>TIME OF PRODUCTION:</p>

<p>TIME RECEIVED:</p>

<p>MODE OF PRODUCTION:</p>

<p>ABSTEINANCE:</p>

<p>&nbsp;</p>

<p>&nbsp;</p>

<p>MACROSCOPY:</p>

<p>&nbsp;</p>

<p>&nbsp;</p>

<p>&nbsp;</p>

<p>&nbsp;</p>

<p>MICROSCOPY:</p>

<p>&nbsp;</p>

<p>MOTILITY:</p>

<p>MORPHOLOGY:</p>

<p>TOTAL SPERM COUNT:</p>

<p>REFERENCE RANGE:</p>

<p>CULTURE AND SENSITIVITY:</p>

<p>CULTURE; 1.</p>

<p>&nbsp; &nbsp; &nbsp; &nbsp; &nbsp; &nbsp; &nbsp; &nbsp; &nbsp;&nbsp; 2.</p>

<p>&nbsp; &nbsp; &nbsp; &nbsp; &nbsp; &nbsp; &nbsp; &nbsp; &nbsp; &nbsp; 3.</p>

<p>&nbsp; &nbsp; <u><strong>&nbsp;ANTIBIOTICS&nbsp;</strong></u>&nbsp; &nbsp; &nbsp; &nbsp; &nbsp; &nbsp; &nbsp; &nbsp;&nbsp;&nbsp;1&nbsp; &nbsp;2 &nbsp; 3&nbsp; &nbsp; &nbsp;<u><strong>&nbsp;ANTIBIOTICS&nbsp;</strong></u> &nbsp; &nbsp; &nbsp; &nbsp;1&nbsp; 2&nbsp; 3 &nbsp; <u><strong>&nbsp;ANTIBIOTICS</strong></u><strong>&nbsp; &nbsp;</strong>1 &nbsp; 2&nbsp; 3&nbsp; &nbsp; &nbsp;<u><strong>ANTIFUNGAL</strong></u>&nbsp; &nbsp; &nbsp;&nbsp; 1 &nbsp; 2&nbsp; 3</p>

<table border=""1"" cellpadding=""1"" cellspacing=""1"">
	<tbody>
		<tr>
			<td>GENTAMYCIN</td>
			<td>&nbsp; &nbsp;</td>
			<td>&nbsp; &nbsp; &nbsp;&nbsp;</td>
			<td>&nbsp; &nbsp;&nbsp;</td>
			<td>&nbsp;CEFOTAXIME</td>
			<td>&nbsp; &nbsp;&nbsp;</td>
			<td>&nbsp;&nbsp;</td>
			<td>&nbsp;&nbsp;</td>
			<td>DAPTOMYCIN</td>
			<td>&nbsp;&nbsp;</td>
			<td>&nbsp; &nbsp;&nbsp;</td>
			<td>&nbsp; &nbsp;&nbsp;</td>
			<td>&nbsp;ITRACONAZOLE</td>
			<td>&nbsp; &nbsp;&nbsp;</td>
			<td>&nbsp;&nbsp;</td>
			<td>&nbsp; &nbsp;&nbsp;</td>
		</tr>
		<tr>
			<td>TOBRAMYCIN</td>
			<td>&nbsp;&nbsp;</td>
			<td>&nbsp;</td>
			<td>&nbsp;</td>
			<td>TRIMETHOPRIM</td>
			<td>&nbsp;</td>
			<td>&nbsp;</td>
			<td>&nbsp;&nbsp;</td>
			<td>DOXYCYCLINE</td>
			<td>&nbsp;</td>
			<td>&nbsp;</td>
			<td>&nbsp;</td>
			<td>KETOCONAZOLE</td>
			<td>&nbsp;</td>
			<td>&nbsp;</td>
			<td>&nbsp;</td>
		</tr>
		<tr>
			<td>CHLORAMPHENICOL</td>
			<td>&nbsp;</td>
			<td>&nbsp;</td>
			<td>&nbsp;</td>
			<td>MEROPENEN</td>
			<td>&nbsp;</td>
			<td>&nbsp;</td>
			<td>&nbsp;</td>
			<td>TETRACYCLINE</td>
			<td>&nbsp;</td>
			<td>&nbsp;</td>
			<td>&nbsp;</td>
			<td>AMPHOTERICIN B</td>
			<td>&nbsp; &nbsp;</td>
			<td>&nbsp;</td>
			<td>&nbsp;</td>
		</tr>
		<tr>
			<td>AMOXICILLIN/CA</td>
			<td>&nbsp;</td>
			<td>&nbsp;</td>
			<td>&nbsp;</td>
			<td>CEFTAZIDINE</td>
			<td>&nbsp;</td>
			<td>&nbsp;</td>
			<td>&nbsp;</td>
			<td>RIFAMPIN</td>
			<td>&nbsp;</td>
			<td>&nbsp;</td>
			<td>&nbsp;</td>
			<td>MICONAZOLE</td>
			<td>&nbsp;</td>
			<td>&nbsp;</td>
			<td>&nbsp;</td>
		</tr>
		<tr>
			<td>CIPROFLOXACIN</td>
			<td>&nbsp;</td>
			<td>&nbsp;</td>
			<td>&nbsp;</td>
			<td>MOXIFLOXACIN</td>
			<td>&nbsp;</td>
			<td>&nbsp;</td>
			<td>&nbsp;</td>
			<td>LINEZOLID</td>
			<td>&nbsp;</td>
			<td>&nbsp;</td>
			<td>&nbsp;</td>
			<td>NYSTATIN</td>
			<td>&nbsp;</td>
			<td>&nbsp;</td>
			<td>&nbsp;</td>
		</tr>
		<tr>
			<td>LEVOFLOXACIN</td>
			<td>&nbsp;</td>
			<td>&nbsp;</td>
			<td>&nbsp;</td>
			<td>CLARITHROMYCIN</td>
			<td>&nbsp;</td>
			<td>&nbsp;</td>
			<td>&nbsp;</td>
			<td>&nbsp;</td>
			<td>&nbsp;</td>
			<td>&nbsp;</td>
			<td>&nbsp;</td>
			<td>ECONAZOLE</td>
			<td>&nbsp;</td>
			<td>&nbsp;</td>
			<td>&nbsp;</td>
		</tr>
		<tr>
			<td>IMIPENEM</td>
			<td>&nbsp;</td>
			<td>&nbsp;</td>
			<td>&nbsp;</td>
			<td>ERYTHROMYCIN</td>
			<td>&nbsp;</td>
			<td>&nbsp;</td>
			<td>&nbsp;</td>
			<td>&nbsp;</td>
			<td>&nbsp;</td>
			<td>&nbsp;</td>
			<td>&nbsp;</td>
			<td>VORICONAZOLE</td>
			<td>&nbsp;</td>
			<td>&nbsp;</td>
			<td>&nbsp;</td>
		</tr>
		<tr>
			<td>AMPICILLIN/SULBACTAM</td>
			<td>&nbsp;</td>
			<td>&nbsp;</td>
			<td>&nbsp;</td>
			<td>CLINDAMYCIN</td>
			<td>&nbsp;</td>
			<td>&nbsp;</td>
			<td>&nbsp;</td>
			<td>&nbsp;</td>
			<td>&nbsp;</td>
			<td>&nbsp;</td>
			<td>&nbsp;</td>
			<td>FLUCONAZOLE</td>
			<td>&nbsp;</td>
			<td>&nbsp;</td>
			<td>&nbsp;</td>
		</tr>
		<tr>
			<td>CEFUROXIME</td>
			<td>&nbsp;</td>
			<td>&nbsp;</td>
			<td>&nbsp;</td>
			<td>AZITHROMYCIN</td>
			<td>&nbsp;</td>
			<td>&nbsp;</td>
			<td>&nbsp;</td>
			<td>&nbsp;</td>
			<td>&nbsp;</td>
			<td>&nbsp;</td>
			<td>&nbsp;</td>
			<td>5- FLUCYTOSINE</td>
			<td>&nbsp;</td>
			<td>&nbsp;</td>
			<td>&nbsp;</td>
		</tr>
		<tr>
			<td>AMIKACIN</td>
			<td>&nbsp;</td>
			<td>&nbsp;</td>
			<td>&nbsp;</td>
			<td>&nbsp;</td>
			<td>&nbsp;</td>
			<td>&nbsp;</td>
			<td>&nbsp;</td>
			<td>&nbsp;</td>
			<td>&nbsp;</td>
			<td>&nbsp;</td>
			<td>&nbsp;</td>
			<td>&nbsp;</td>
			<td>&nbsp;</td>
			<td>&nbsp;</td>
			<td>&nbsp;</td>
		</tr>
	</tbody>
</table>

<p>&nbsp;</p>

<p>&nbsp;</p>
",,3030000001,,,,,,2,,,,,,,,,1,,,,,,,,,,,,,,,,,,,
2898,Chest (PA/AP) Medical Fitness,,,,,,0,,,,,,3000000003,Radiology,,,123,,,,,,,,3000000003,,,,,,0,,,,,,,,,1,,,,,,,,,,,,,,,,,,,
6913,21G Needle,,Add Item to Watch List,1,0,,,,,,,,3010000001,Pharmacy,,,289,,Others,,,,,,,,,100,,0,0,,,,,1,,,Drugs,1,Packs,Pieces,,,,,,,,,,,,,,,,,
6938,Chromic Catgut 2/0,,Add Item to Watch List,,0,,,,,,,,3010000001,Pharmacy,,,1021,,General Consumables,,,,,,,,,12,0,0,0,,,,,0,,,Consumables,1,Packs,Pieces,,,,,,,,,,,,,,,,,
6942,Nylon 2 ,,Add Item to Watch List,,0,,,,,,,,3010000001,Pharmacy,,,1021,,General Consumables,,,,,,,,,12,0,0,0,,,,,0,,,Consumables,1,Packs,Pieces,,,,,,,,,,,,,,,,,
6944,Hydrogen Peroxide,,Add Item to Watch List,,0,,,,,,,,3010000001,Pharmacy,,,416,,General Consumables,,,,,,,,,1,0,0,0,,,,,0,,,Consumables,1,Bottle,Bottle,,,,,,,,,,,,,,,,,
6946,Purit Lotion,,Add Item to Watch List,,0,,,,,,,,3010000001,Pharmacy,,,416,,General Consumables,,,,,,,,,1,,0,0,,,,,0,,,Consumables,1,Bottle,Bottle,,,,,,,,,,,,,,,,,
2986,Electroyte Urea Creatine E/U/Cr,,,,,,0,,,,,,3030000004,Lab,,,41,,,,,,"<p>MED LAB SCIENTIST COMMENT:&nbsp;</p>
",,3030000004,,,,,,2,,,,,,,,,1,,,,,,,,,,,,,,,,,,,
2988,HCV,,,,,,0,,9900,,,,3030000002,Lab,,,22,,,,,,"<div style=""page-break-after:always""><span style=""display:none"">&nbsp;</span></div>

<p>MED LAB SCIENTIST COMMENT:</p>
",,3030000002,,,,0,,2,,,,,,,,,1,,,,,,,,,,,,,,,,,,,
6948,Nitrazepam 5mg,,Add Item to Watch List,,0,,,,,,,,3010000001,Pharmacy,,,1033,,Tab,,,,,,,,,100,1,0,0,,,,,1,,,Drugs,1,Packs,Tablet,,,,,,,,,,,,,,,,,
6951,Bromazepam 3mg,,Add Item to Watch List,,0,,,,,,,,3010000001,Pharmacy,,,1033,,Tab,,,,,,,,,30,,0,0,,,,,1,,,Drugs,1,Packs,Tablet,,,,,,,,,,,,,,,,,
6953,2cc Needle x Syringe,,Add Item to Watch List,,0,,,,,,,,3010000001,Pharmacy,,,289,,General Consumables,,,,,,,,,100,,0,0,,,,,0,,,Consumables,1,Packs,Pieces,,,,,,,,,,,,,,,,,
6955,5cc Needle x Syringe,,Add Item to Watch List,,0,,,,,,,,3010000001,Pharmacy,,,289,,General Consumables,,,,,,,,,100,,0,0,,,,,0,,,Consumables,1,Packs,Packs,,,,,,,,,,,,,,,,,
6988,Cotton Bandage 4,,Add Item to Watch List,,0,,,,,,,,3010000001,Pharmacy,,,996,,General Consumables,,,,,,,,,1,0,0,0,,,,,0,,,Consumables,1,Packs,Packs,,,,,,,,,,,,,,,,,
7001,Surgical Blade,,Add Item to Watch List,,0,,,,,,,,3010000001,Pharmacy,,,996,,General Consumables,,,,,,,,,100,0,0,2,,,,,0,,,Consumables,1,Packs,Packs,,,,,,,,,,,,,,,,,
7167,Scaphoid series,,,,,,,,NHIS-171-008,,,,3000000003,Radiology,,,123,,,,,,,,3000000003,,,,,,1,,,,,,,,,1,,,,,,,,,,,,,,,,,,,
7270,Patient requirement (short Stay),,,,,,,,,,,,3000000029,Services,Unit,,366,Other,,,,,,,,,,,,,0,,,,,,,,,1,,,,,,4818,11-Nov-23,,,,,,,,,,,,
7273,Cefuroxime 500mg ,,Add Item to Watch List,,0,,,,,,,,3010000001,Pharmacy,,,1022,,Tab,,,,,,,,,100,,0,0,,,,,1,,,Drugs,1,Packs,Sachet,,,,,,,,,,,,,,,,,
7411,AMBULANCE FEE-( IN-PATIENT FROM ARO TO LANTORO ANNEXE VICE VERSA,,,,,,,,,,,,3000000007,Services,Unit,,1002,Other,,,,,,,,,,,,,0,,,,,,,,,1,,,,,,4624,16-Jan-24,4624,21-Mar-24,,,,,,,,,,
7479,LAUNDRY SERVICE (DATER)- 2 WEEKS,,,,,,,,,,,,3000000007,Services,Unit,,1001,Other,,,,,,,,,,,,,0,,,,,,,,,1,,,,,,4624,7-Mar-24,,,,,,,,,,,,
7480,NURSING CARE,,,,,,,,,,,,3000000007,Services,Unit,,1001,Other,,,,,,,,,,,,,0,,,,,,,,,1,,,,,,4624,7-Mar-24,,,,,,,,,,,,
7484,skill acquisition (DATER)-2 WEEKS,,,,,,,,,,,,3000000007,Services,Unit,,1001,Other,,,,,,,,,,,,,0,,,,,,,,,1,,,,,,4624,7-Mar-24,,,,,,,,,,,,
7485,UTILITY (DATER)-2 WEEKS,,,,,,,,,,,,3000000007,Services,Unit,,1004,Other,,,,,,,,,,,,,0,,,,,,,,,1,,,,,,4624,7-Mar-24,,,,,,,,,,,,
7486,GYM (DATER)-2 WEEKS,,,,,,,,,,,,3000000007,Services,Unit,,1004,Other,,,,,,,,,,,,,0,,,,,,,,,1,,,,,,4624,7-Mar-24,,,,,,,,,,,,
2889,FULL BLOOD COUNT (CHILDREN),,,,,,0,,HAE001,,,,3030000002,Lab,,,22,,,,,,"<p>NONE</p>
",,3000000008,,,,1,,2,,,,,,,,,1,,,,,,,,,,,,,,,,,,,
2981,CT SCAN (BRAIN) WITH CONTRAST,,,,,,0,,,,,,3000000003,Radiology,,,123,,,,,,,,3000000003,,,,,,2,,,,,,,,,1,,,,,,,,,,,,,,,,,,,
2982,CT SCAN (CHEST),,,,,,0,,,,,,3000000003,Radiology,,,123,,,,,,,,3000000003,,,,,,2,,,,,,,,,1,,,,,,,,,,,,,,,,,,,
2983,CT SCAN (ABDOMEN),,,,,,0,,,,,,3000000003,Radiology,,,123,,,,,,,,3000000003,,,,,,2,,,,,,,,,1,,,,,,,,,,,,,,,,,,,
2987,FULL LIPID PROFILE [FLP],,,,,,0,,,,,,3030000004,Lab,,,41,,,,,,"<p>MED LAB SCIENTIST COMMENT:&nbsp; &nbsp;&nbsp;</p>
",,3030000004,,,,,,2,,,,,,,,,1,,,,,,,,,,,,,,,,,,,
2989,DIFFERENTIAL WITH CELL COPUNT ONLY,,,,,,0,,7889,,,,3030000002,Lab,,,22,,,,,,,,3030000002,,,,1,,0,,,,,,,,,1,,,,,,,,,,,,,,,,,,,
3108,PELVIC SCAN (MALE),,,,,,0,,,,,,3000000003,Radiology,,,123,,,,,,,,3000000003,,,,,,2,,,,,,,,,1,,,,,,,,,,,,,,,,,,,
3109,BLOOD CULTURE,,,,,,0,,,,,,3030000001,Lab,,,21,,,,,,"<p>MICROSCOPY:</p>

<p>&nbsp;</p>

<p>&nbsp;</p>

<p>&nbsp;</p>

<p>&nbsp;</p>

<p>GRAM STAIN:</p>

<p>&nbsp;</p>

<p>&nbsp;</p>

<p>TEST NAME: CULTURE AND SENSITIVITY</p>

<p>CULTURE; 1.</p>

<p>&nbsp; &nbsp; &nbsp; &nbsp; &nbsp; &nbsp; &nbsp; &nbsp; &nbsp;&nbsp; 2.</p>

<p>&nbsp; &nbsp; &nbsp; &nbsp; &nbsp; &nbsp; &nbsp; &nbsp; &nbsp; &nbsp; 3.</p>

<p>&nbsp; &nbsp; <u><strong>&nbsp;ANTIBIOTICS&nbsp;</strong></u>&nbsp; &nbsp; &nbsp; &nbsp; &nbsp; &nbsp; &nbsp; &nbsp;&nbsp;&nbsp;1&nbsp; &nbsp;2 &nbsp; 3&nbsp; &nbsp; &nbsp;<u><strong>&nbsp;ANTIBIOTICS&nbsp;</strong></u> &nbsp; &nbsp; &nbsp; &nbsp;1&nbsp; 2&nbsp; 3 &nbsp; <u><strong>&nbsp;ANTIBIOTICS</strong></u><strong>&nbsp; &nbsp;</strong>1 &nbsp; 2&nbsp; 3&nbsp; &nbsp; &nbsp;<u><strong>ANTIFUNGAL</strong></u>&nbsp; &nbsp; &nbsp;&nbsp; 1 &nbsp; 2&nbsp; 3</p>

<table border=""1"" cellpadding=""1"" cellspacing=""1"">
	<tbody>
		<tr>
			<td>GENTAMYCIN</td>
			<td>&nbsp; &nbsp;</td>
			<td>&nbsp; &nbsp; &nbsp;&nbsp;</td>
			<td>&nbsp; &nbsp;&nbsp;</td>
			<td>&nbsp;CEFOTAXIME</td>
			<td>&nbsp; &nbsp;&nbsp;</td>
			<td>&nbsp;&nbsp;</td>
			<td>&nbsp;&nbsp;</td>
			<td>DAPTOMYCIN</td>
			<td>&nbsp;&nbsp;</td>
			<td>&nbsp; &nbsp;&nbsp;</td>
			<td>&nbsp; &nbsp;&nbsp;</td>
			<td>&nbsp;</td>
			<td>&nbsp;</td>
			<td>&nbsp;</td>
			<td>&nbsp;</td>
		</tr>
		<tr>
			<td>TOBRAMYCIN</td>
			<td>&nbsp;&nbsp;</td>
			<td>&nbsp;</td>
			<td>&nbsp;</td>
			<td>TRIMETHOPRIM</td>
			<td>&nbsp;</td>
			<td>&nbsp;</td>
			<td>&nbsp;&nbsp;</td>
			<td>DOXYCYCLINE</td>
			<td>&nbsp;</td>
			<td>&nbsp;</td>
			<td>&nbsp;</td>
			<td>&nbsp;</td>
			<td>&nbsp;</td>
			<td>&nbsp;</td>
			<td>&nbsp;</td>
		</tr>
		<tr>
			<td>CHLORAMPHENICOL</td>
			<td>&nbsp;</td>
			<td>&nbsp;</td>
			<td>&nbsp;</td>
			<td>MEROPENEN</td>
			<td>&nbsp;</td>
			<td>&nbsp;</td>
			<td>&nbsp;</td>
			<td>TETRACYCLINE</td>
			<td>&nbsp;</td>
			<td>&nbsp;</td>
			<td>&nbsp;</td>
			<td>&nbsp;</td>
			<td>&nbsp;</td>
			<td>&nbsp;</td>
			<td>&nbsp;</td>
		</tr>
		<tr>
			<td>AMOXICILLIN/CA</td>
			<td>&nbsp;</td>
			<td>&nbsp;</td>
			<td>&nbsp;</td>
			<td>CEFTAZIDINE</td>
			<td>&nbsp;</td>
			<td>&nbsp;</td>
			<td>&nbsp;</td>
			<td>LINEZOLID</td>
			<td>&nbsp;</td>
			<td>&nbsp;</td>
			<td>&nbsp;</td>
			<td>&nbsp;</td>
			<td>&nbsp;</td>
			<td>&nbsp;</td>
			<td>&nbsp;</td>
		</tr>
		<tr>
			<td>CIPROFLOXACIN</td>
			<td>&nbsp;</td>
			<td>&nbsp;</td>
			<td>&nbsp;</td>
			<td>MOXIFLOXACIN</td>
			<td>&nbsp;</td>
			<td>&nbsp;</td>
			<td>&nbsp;</td>
			<td>LEVOFLOXACIN</td>
			<td>&nbsp;</td>
			<td>&nbsp;</td>
			<td>&nbsp;</td>
			<td>&nbsp;</td>
			<td>&nbsp;</td>
			<td>&nbsp;</td>
			<td>&nbsp;</td>
		</tr>
		<tr>
			<td>LEVOFLOXACIN</td>
			<td>&nbsp;</td>
			<td>&nbsp;</td>
			<td>&nbsp;</td>
			<td>CLARITHROMYCIN</td>
			<td>&nbsp;</td>
			<td>&nbsp;</td>
			<td>&nbsp;</td>
			<td>ANPICLOX</td>
			<td>&nbsp;</td>
			<td>&nbsp;</td>
			<td>&nbsp;</td>
			<td>&nbsp;</td>
			<td>&nbsp;</td>
			<td>&nbsp;</td>
			<td>&nbsp;</td>
		</tr>
		<tr>
			<td>IMIPENEM</td>
			<td>&nbsp;</td>
			<td>&nbsp;</td>
			<td>&nbsp;</td>
			<td>ERYTHROMYCIN</td>
			<td>&nbsp;</td>
			<td>&nbsp;</td>
			<td>&nbsp;</td>
			<td>CEFEXIME</td>
			<td>&nbsp;</td>
			<td>&nbsp;</td>
			<td>&nbsp;</td>
			<td>&nbsp;</td>
			<td>&nbsp;</td>
			<td>&nbsp;</td>
			<td>&nbsp;</td>
		</tr>
		<tr>
			<td>AMPICILLIN/SULBACTAM</td>
			<td>&nbsp;</td>
			<td>&nbsp;</td>
			<td>&nbsp;</td>
			<td>CLINDAMYCIN</td>
			<td>&nbsp;</td>
			<td>&nbsp;</td>
			<td>&nbsp;</td>
			<td>CEFOTAXIME</td>
			<td>&nbsp;</td>
			<td>&nbsp;</td>
			<td>&nbsp;</td>
			<td>&nbsp;</td>
			<td>&nbsp;</td>
			<td>&nbsp;</td>
			<td>&nbsp;</td>
		</tr>
		<tr>
			<td>CEFUROXIME</td>
			<td>&nbsp;</td>
			<td>&nbsp;</td>
			<td>&nbsp;</td>
			<td>AZITHROMYCIN</td>
			<td>&nbsp;</td>
			<td>&nbsp;</td>
			<td>&nbsp;</td>
			<td>IMIPENEM</td>
			<td>&nbsp;</td>
			<td>&nbsp;</td>
			<td>&nbsp;</td>
			<td>&nbsp;</td>
			<td>&nbsp;</td>
			<td>&nbsp;</td>
			<td>&nbsp;</td>
		</tr>
		<tr>
			<td>AMIKACIN</td>
			<td>&nbsp;</td>
			<td>&nbsp;</td>
			<td>&nbsp;</td>
			<td>&nbsp;</td>
			<td>&nbsp;</td>
			<td>&nbsp;</td>
			<td>&nbsp;</td>
			<td>&nbsp;</td>
			<td>&nbsp;</td>
			<td>&nbsp;</td>
			<td>&nbsp;</td>
			<td>&nbsp;</td>
			<td>&nbsp;</td>
			<td>&nbsp;</td>
			<td>&nbsp;</td>
		</tr>
	</tbody>
</table>
",,3030000001,,,,,,2,,,,,,,,,1,,,,,,,,,,,,,,,,,,,
3110,DISABLE ABCD,,,,,,0,,2222,,,,3030000004,Lab,,,41,,,,,,,,3000000008,,,,1,,2,,,,,,,,,1,,,,,,,,,,,,,,,,,,,
3130,LEFT LEG (TIBIA/FIBULA) (AP/LAT) (ADULT),,,,,,0,,,,,,3000000003,Radiology,,,123,,,,,,,,3000000003,,,,,,2,,,,,,,,,1,,,,,,,,,,,,,,,,,,,
3144,STOOL MICROSCOPY,,,,,,0,,SMOO1,,,,3030000001,Lab,,,21,,,,,,"<p>med lab sct comment&nbsp;</p>

<p>&nbsp;</p>

<p>consultant comment</p>
",,3030000001,,,,,,2,,,,,,,,,1,,,,,,,,,,,,,,,,,,,
3184,SCROTAL SCAN (FMC-EB),,,,,,0,,,,,,3000000003,Radiology,,,123,,,,,,,,3000000003,,,,1,,2,,,,,,,,,1,,,,,,,,,,,,,,,,,,,
3185,TRANSFOUTAL SCAN (FMC-EB),,,,,,0,,,,,,3000000003,Radiology,,,123,,,,,,,,3000000003,,,,1,,2,,,,,,,,,1,,,,,,,,,,,,,,,,,,,
3187,DOPPLER SCAN (FMC-EB),,,,,,0,,,,,,3000000009,Radiology,,,123,,,,,,,,3000000009,,,,1,,2,,,,,,,,,1,,,,,,,,,,,,,,,,,,,
3190,PELVIC SCAN (MALE) ,,,,,,0,,,,,,3000000003,Radiology,,,123,,,,,,,,3000000003,,,,,,2,,,,,,,,,1,,,,,,,,,,,,,,,,,,,
3191,CT Urograme,,,,,,0,,,,,,3000000003,Radiology,,,123,,,,,,,,3000000003,,,,,,2,,,,,,,,,1,,,,,,,,,,,,,,,,,,,
3194,CT FINGER,,,,,,0,,,,,,3000000003,Radiology,,,123,,,,,,,,3000000003,,,,,,2,,,,,,,,,1,,,,,,,,,,,,,,,,,,,
70,BLEEDING TIME,,,,,,0,,677,,,,3030000002,Lab,unit,,22,,,,,,"<table border=""1"" cellpadding=""1"" cellspacing=""1"" style=""width:500px"">
	<tbody>
		<tr>
			<td>BLEEDING TIME</td>
			<td>&nbsp; &nbsp; &nbsp; &nbsp;&nbsp;</td>
			<td>3-8</td>
			<td>Mins</td>
		</tr>
	</tbody>
</table>

<p>MED LAB SCIENTIST COMMENT:</p>
",,3030000002,,,,0,,2,500,1000,2000,,,,,,1,,,,,,,,,,,,,,,,,,,
3211,OVULOMETRY/TV SCAN (FMC-EB),,,,,,0,,,,,,3000000003,Radiology,,,123,,,,,,,,3000000003,,,,1,,2,,,,,,,,,1,,,,,,,,,,,,,,,,,,,
2890,MALARIA PARASITES (Children),,,,,,0,,HAE002,,,,3030000002,Lab,,,22,,,,,,"<p>NONE</p>
",,3030000002,,,,,,0,,,,,,1,,,1,,,,,,,,,,,,,,,,,,,
2891,High Vaginal Swab (HVS),,,,,,0,,MICR0001,,,,3030000001,Lab,,,21,,,,,,"<p>MICROSCOPY:</p>

<p>&nbsp;</p>

<p>&nbsp;</p>

<p>&nbsp;</p>

<p>&nbsp;</p>

<p>GRAM STAIN:</p>

<p>&nbsp;</p>

<p>&nbsp;</p>

<p>CULTURE AND SENSITIVITY</p>

<p>CULTURE; 1.</p>

<p>&nbsp; &nbsp; &nbsp; &nbsp; &nbsp; &nbsp; &nbsp; &nbsp; &nbsp;&nbsp; 2.</p>

<p>&nbsp; &nbsp; &nbsp; &nbsp; &nbsp; &nbsp; &nbsp; &nbsp; &nbsp; &nbsp; 3.</p>

<p>&nbsp; &nbsp; <u><strong>&nbsp;ANTIBIOTICS&nbsp;</strong></u>&nbsp; &nbsp; &nbsp; &nbsp; &nbsp; &nbsp; &nbsp; &nbsp;&nbsp;&nbsp;1&nbsp; &nbsp;2 &nbsp; 3&nbsp; &nbsp; &nbsp;<u><strong>&nbsp;ANTIBIOTICS&nbsp;</strong></u> &nbsp; &nbsp; &nbsp; &nbsp;1&nbsp; 2&nbsp; 3 &nbsp; <u><strong>&nbsp;ANTIBIOTICS</strong></u><strong>&nbsp; &nbsp;</strong>1 &nbsp; 2&nbsp; 3&nbsp; &nbsp; &nbsp;<u><strong>ANTIFUNGAL</strong></u>&nbsp; &nbsp; &nbsp;&nbsp; 1 &nbsp; 2&nbsp; 3</p>

<table border=""1"" cellpadding=""1"" cellspacing=""1"">
	<tbody>
		<tr>
			<td>GENTAMYCIN</td>
			<td>&nbsp; &nbsp;</td>
			<td>&nbsp; &nbsp; &nbsp;&nbsp;</td>
			<td>&nbsp; &nbsp;&nbsp;</td>
			<td>&nbsp;CEFOTAXIME</td>
			<td>&nbsp; &nbsp;&nbsp;</td>
			<td>&nbsp;&nbsp;</td>
			<td>&nbsp;&nbsp;</td>
			<td>DAPTOMYCIN</td>
			<td>&nbsp;&nbsp;</td>
			<td>&nbsp; &nbsp;&nbsp;</td>
			<td>&nbsp; &nbsp;&nbsp;</td>
			<td>&nbsp;ITRACONAZOLE</td>
			<td>&nbsp; &nbsp;&nbsp;</td>
			<td>&nbsp;&nbsp;</td>
			<td>&nbsp; &nbsp;&nbsp;</td>
		</tr>
		<tr>
			<td>TOBRAMYCIN</td>
			<td>&nbsp;&nbsp;</td>
			<td>&nbsp;</td>
			<td>&nbsp;</td>
			<td>TRIMETHOPRIM</td>
			<td>&nbsp;</td>
			<td>&nbsp;</td>
			<td>&nbsp;&nbsp;</td>
			<td>DOXYCYCLINE</td>
			<td>&nbsp;</td>
			<td>&nbsp;</td>
			<td>&nbsp;</td>
			<td>KETOCONAZOLE</td>
			<td>&nbsp;</td>
			<td>&nbsp;</td>
			<td>&nbsp;</td>
		</tr>
		<tr>
			<td>CHLORAMPHENICOL</td>
			<td>&nbsp;</td>
			<td>&nbsp;</td>
			<td>&nbsp;</td>
			<td>MEROPENEN</td>
			<td>&nbsp;</td>
			<td>&nbsp;</td>
			<td>&nbsp;</td>
			<td>TETRACYCLINE</td>
			<td>&nbsp;</td>
			<td>&nbsp;</td>
			<td>&nbsp;</td>
			<td>AMPHOTERICIN B</td>
			<td>&nbsp; &nbsp;</td>
			<td>&nbsp;</td>
			<td>&nbsp;</td>
		</tr>
		<tr>
			<td>AMOXICILLIN/CA</td>
			<td>&nbsp;</td>
			<td>&nbsp;</td>
			<td>&nbsp;</td>
			<td>CEFTAZIDINE</td>
			<td>&nbsp;</td>
			<td>&nbsp;</td>
			<td>&nbsp;</td>
			<td>RIFAMPIN</td>
			<td>&nbsp;</td>
			<td>&nbsp;</td>
			<td>&nbsp;</td>
			<td>MICONAZOLE</td>
			<td>&nbsp;</td>
			<td>&nbsp;</td>
			<td>&nbsp;</td>
		</tr>
		<tr>
			<td>CIPROFLOXACIN</td>
			<td>&nbsp;</td>
			<td>&nbsp;</td>
			<td>&nbsp;</td>
			<td>MOXIFLOXACIN</td>
			<td>&nbsp;</td>
			<td>&nbsp;</td>
			<td>&nbsp;</td>
			<td>LINEZOLID</td>
			<td>&nbsp;</td>
			<td>&nbsp;</td>
			<td>&nbsp;</td>
			<td>NYSTATIN</td>
			<td>&nbsp;</td>
			<td>&nbsp;</td>
			<td>&nbsp;</td>
		</tr>
		<tr>
			<td>LEVOFLOXACIN</td>
			<td>&nbsp;</td>
			<td>&nbsp;</td>
			<td>&nbsp;</td>
			<td>CLARITHROMYCIN</td>
			<td>&nbsp;</td>
			<td>&nbsp;</td>
			<td>&nbsp;</td>
			<td>&nbsp;</td>
			<td>&nbsp;</td>
			<td>&nbsp;</td>
			<td>&nbsp;</td>
			<td>ECONAZOLE</td>
			<td>&nbsp;</td>
			<td>&nbsp;</td>
			<td>&nbsp;</td>
		</tr>
		<tr>
			<td>IMIPENEM</td>
			<td>&nbsp;</td>
			<td>&nbsp;</td>
			<td>&nbsp;</td>
			<td>ERYTHROMYCIN</td>
			<td>&nbsp;</td>
			<td>&nbsp;</td>
			<td>&nbsp;</td>
			<td>&nbsp;</td>
			<td>&nbsp;</td>
			<td>&nbsp;</td>
			<td>&nbsp;</td>
			<td>VORICONAZOLE</td>
			<td>&nbsp;</td>
			<td>&nbsp;</td>
			<td>&nbsp;</td>
		</tr>
		<tr>
			<td>AMPICILLIN/SULBACTAM</td>
			<td>&nbsp;</td>
			<td>&nbsp;</td>
			<td>&nbsp;</td>
			<td>CLINDAMYCIN</td>
			<td>&nbsp;</td>
			<td>&nbsp;</td>
			<td>&nbsp;</td>
			<td>&nbsp;</td>
			<td>&nbsp;</td>
			<td>&nbsp;</td>
			<td>&nbsp;</td>
			<td>FLUCONAZOLE</td>
			<td>&nbsp;</td>
			<td>&nbsp;</td>
			<td>&nbsp;</td>
		</tr>
		<tr>
			<td>CEFUROXIME</td>
			<td>&nbsp;</td>
			<td>&nbsp;</td>
			<td>&nbsp;</td>
			<td>AZITHROMYCIN</td>
			<td>&nbsp;</td>
			<td>&nbsp;</td>
			<td>&nbsp;</td>
			<td>&nbsp;</td>
			<td>&nbsp;</td>
			<td>&nbsp;</td>
			<td>&nbsp;</td>
			<td>5- FLUCYTOSINE</td>
			<td>&nbsp;</td>
			<td>&nbsp;</td>
			<td>&nbsp;</td>
		</tr>
		<tr>
			<td>AMIKACIN</td>
			<td>&nbsp;</td>
			<td>&nbsp;</td>
			<td>&nbsp;</td>
			<td>&nbsp;</td>
			<td>&nbsp;</td>
			<td>&nbsp;</td>
			<td>&nbsp;</td>
			<td>&nbsp;</td>
			<td>&nbsp;</td>
			<td>&nbsp;</td>
			<td>&nbsp;</td>
			<td>&nbsp;</td>
			<td>&nbsp;</td>
			<td>&nbsp;</td>
			<td>&nbsp;</td>
		</tr>
	</tbody>
</table>

<p>&nbsp;</p>
",,3030000001,,,,,,2,,,,,,,,,1,,,,,,,,,,,,,,,,,,,
3121,LEFT WRIST (ADULT),,,,,,0,,,,,,3000000003,Radiology,,,123,,,,,,,,3000000003,,,,,,2,,,,,,,,,1,,,,,,,,,,,,,,,,,,,
3122,LEFT HIP (CHILDREN),,,,,,0,,,,,,3000000003,Radiology,,,123,,,,,,,,3000000003,,,,,,2,,,,,,,,,1,,,,,,,,,,,,,,,,,,,
3142,LEFT WRIST (CHILDREN),,,,,,0,,,,,,3000000003,Radiology,,,123,,,,,,,,3000000003,,,,,,2,,,,,,,,,1,,,,,,,,,,,,,,,,,,,
3174,ABDOMINAL PELVIC USS SCAN,,,,,,0,,,,,,3000000003,Radiology,,,123,,,,,,,,3000000003,,,,,,2,,,,,,,,,1,,,,,,,,,,,,,,,,,,,
3178,OBSTERIC SCAN (FMC-EB),,,,,,0,,,,,,3000000003,Radiology,,,123,,,,,,,,3000000003,,,,1,,2,,,,,,,,,1,,,,,,,,,,,,,,,,,,,
3180,PROSTATE SCAN (FMC-EB),,,,,,0,,,,,,3000000003,Radiology,,,123,,,,,,,,3000000003,,,,1,,2,,,,,,,,,1,,,,,,,,,,,,,,,,,,,
3182,BREAST SCAN (FMC-EB),,,,,,0,,,,,,3000000003,Radiology,,,123,,,,,,,,3000000003,,,,1,,2,,,,,,,,,1,,,,,,,,,,,,,,,,,,,
3183,THYRIOD SCAN (FMC-EB),,,,,,0,,,,,,3000000003,Radiology,,,123,,,,,,,,3000000003,,,,1,,2,,,,,,,,,1,,,,,,,,,,,,,,,,,,,
3192,CT Elbow,,,,,,0,,,,,,3000000003,Radiology,,,123,,,,,,,,3000000003,,,,,,2,,,,,,,,,1,,,,,,,,,,,,,,,,,,,
3193,CT FERMUR/THIGH,,,,,,0,,,,,,3000000003,Radiology,,,123,,,,,,,,3000000003,,,,,,2,,,,,,,,,1,,,,,,,,,,,,,,,,,,,
3195,CT FOOT,,,,,,0,,,,,,3000000003,Radiology,,,123,,,,,,,,3000000003,,,,,,2,,,,,,,,,1,,,,,,,,,,,,,,,,,,,
3199,CT KNEE,,,,,,0,,,,,,3000000003,Radiology,,,123,,,,,,,,3000000003,,,,,,2,,,,,,,,,1,,,,,,,,,,,,,,,,,,,
3204,ECHO SCAN (CHILDREN) (FMC-EB),,,,,,0,,,,,,3000000003,Radiology,,,123,,,,,,,,3000000003,,,,1,,2,,,,,,,,,1,,,,,,,,,,,,,,,,,,,
2892,Lipoma,,,,,,0,,,,,,3000000003,Radiology,,,123,,,,,,,,3000000009,,,,,,0,,,,,,,,,1,,,,,,,,,,,,,,,,,,,
41,GLYCOCYLATED HEAMOGLOBIN/ HBA1C,,,,,,0,,CP0001,,,,3030000004,Lab,unit,,41,,,,,,"<p>MED LAB SCIENTIST&#39;S COMMENT:</p>
",,3030000004,,,,,,2,1000,0,0,,,,,,1,,,,,,,,,,,,,,,,,,,
2984,CT SCAN (ABDOMINO PELVIC),,,,,,0,,,,,,3000000003,Radiology,,,123,,,,,,,,3000000003,,,,,,2,,,,,,,,,1,,,,,,,,,,,,,,,,,,,
3071,THROAT CULTURE,,,,,,0,,111,,,,3030000001,Lab,,,21,,,,,,"<p>MICROSCOPY:</p>

<p>&nbsp;</p>

<p>&nbsp;</p>

<p>&nbsp;</p>

<p>&nbsp;</p>

<p>GRAM STAIN:</p>

<p>&nbsp;</p>

<p>&nbsp;</p>

<p>TEST NAME: CULTURE AND SENSITIVITY</p>

<p>CULTURE; 1.</p>

<p>&nbsp; &nbsp; &nbsp; &nbsp; &nbsp; &nbsp; &nbsp; &nbsp; &nbsp;&nbsp; 2.</p>

<p>&nbsp; &nbsp; &nbsp; &nbsp; &nbsp; &nbsp; &nbsp; &nbsp; &nbsp; &nbsp; 3.</p>

<p>&nbsp; &nbsp; <u><strong>&nbsp;ANTIBIOTICS&nbsp;</strong></u>&nbsp; &nbsp; &nbsp; &nbsp; &nbsp; &nbsp; &nbsp; &nbsp;&nbsp;&nbsp;1&nbsp; &nbsp;2 &nbsp; 3&nbsp; &nbsp; &nbsp;<u><strong>&nbsp;ANTIBIOTICS&nbsp;</strong></u> &nbsp; &nbsp; &nbsp; &nbsp;1&nbsp; 2&nbsp; 3 &nbsp; <u><strong>&nbsp;ANTIBIOTICS</strong></u><strong>&nbsp; &nbsp;</strong>1 &nbsp; 2&nbsp; 3&nbsp; &nbsp; &nbsp;<u><strong>ANTIFUNGAL</strong></u>&nbsp; &nbsp; &nbsp;&nbsp; 1 &nbsp; 2&nbsp; 3</p>

<table border=""1"" cellpadding=""1"" cellspacing=""1"">
	<tbody>
		<tr>
			<td>GENTAMYCIN</td>
			<td>&nbsp; &nbsp;</td>
			<td>&nbsp; &nbsp; &nbsp;&nbsp;</td>
			<td>&nbsp; &nbsp;&nbsp;</td>
			<td>&nbsp;CEFOTAXIME</td>
			<td>&nbsp; &nbsp;&nbsp;</td>
			<td>&nbsp;&nbsp;</td>
			<td>&nbsp;&nbsp;</td>
			<td>DAPTOMYCIN</td>
			<td>&nbsp;&nbsp;</td>
			<td>&nbsp; &nbsp;&nbsp;</td>
			<td>&nbsp; &nbsp;&nbsp;</td>
			<td>&nbsp;</td>
			<td>&nbsp;</td>
			<td>&nbsp;</td>
			<td>&nbsp;</td>
		</tr>
		<tr>
			<td>TOBRAMYCIN</td>
			<td>&nbsp;&nbsp;</td>
			<td>&nbsp;</td>
			<td>&nbsp;</td>
			<td>TRIMETHOPRIM</td>
			<td>&nbsp;</td>
			<td>&nbsp;</td>
			<td>&nbsp;&nbsp;</td>
			<td>DOXYCYCLINE</td>
			<td>&nbsp;</td>
			<td>&nbsp;</td>
			<td>&nbsp;</td>
			<td>&nbsp;</td>
			<td>&nbsp;</td>
			<td>&nbsp;</td>
			<td>&nbsp;</td>
		</tr>
		<tr>
			<td>CHLORAMPHENICOL</td>
			<td>&nbsp;</td>
			<td>&nbsp;</td>
			<td>&nbsp;</td>
			<td>MEROPENEN</td>
			<td>&nbsp;</td>
			<td>&nbsp;</td>
			<td>&nbsp;</td>
			<td>TETRACYCLINE</td>
			<td>&nbsp;</td>
			<td>&nbsp;</td>
			<td>&nbsp;</td>
			<td>&nbsp;</td>
			<td>&nbsp;</td>
			<td>&nbsp;</td>
			<td>&nbsp;</td>
		</tr>
		<tr>
			<td>AMOXICILLIN/CA</td>
			<td>&nbsp;</td>
			<td>&nbsp;</td>
			<td>&nbsp;</td>
			<td>CEFTAZIDINE</td>
			<td>&nbsp;</td>
			<td>&nbsp;</td>
			<td>&nbsp;</td>
			<td>LINEZOLID</td>
			<td>&nbsp;</td>
			<td>&nbsp;</td>
			<td>&nbsp;</td>
			<td>&nbsp;</td>
			<td>&nbsp;</td>
			<td>&nbsp;</td>
			<td>&nbsp;</td>
		</tr>
		<tr>
			<td>CIPROFLOXACIN</td>
			<td>&nbsp;</td>
			<td>&nbsp;</td>
			<td>&nbsp;</td>
			<td>MOXIFLOXACIN</td>
			<td>&nbsp;</td>
			<td>&nbsp;</td>
			<td>&nbsp;</td>
			<td>LEVOFLOXACIN</td>
			<td>&nbsp;</td>
			<td>&nbsp;</td>
			<td>&nbsp;</td>
			<td>&nbsp;</td>
			<td>&nbsp;</td>
			<td>&nbsp;</td>
			<td>&nbsp;</td>
		</tr>
		<tr>
			<td>LEVOFLOXACIN</td>
			<td>&nbsp;</td>
			<td>&nbsp;</td>
			<td>&nbsp;</td>
			<td>CLARITHROMYCIN</td>
			<td>&nbsp;</td>
			<td>&nbsp;</td>
			<td>&nbsp;</td>
			<td>ANPICLOX</td>
			<td>&nbsp;</td>
			<td>&nbsp;</td>
			<td>&nbsp;</td>
			<td>&nbsp;</td>
			<td>&nbsp;</td>
			<td>&nbsp;</td>
			<td>&nbsp;</td>
		</tr>
		<tr>
			<td>IMIPENEM</td>
			<td>&nbsp;</td>
			<td>&nbsp;</td>
			<td>&nbsp;</td>
			<td>ERYTHROMYCIN</td>
			<td>&nbsp;</td>
			<td>&nbsp;</td>
			<td>&nbsp;</td>
			<td>CEFEXIME</td>
			<td>&nbsp;</td>
			<td>&nbsp;</td>
			<td>&nbsp;</td>
			<td>&nbsp;</td>
			<td>&nbsp;</td>
			<td>&nbsp;</td>
			<td>&nbsp;</td>
		</tr>
		<tr>
			<td>AMPICILLIN/SULBACTAM</td>
			<td>&nbsp;</td>
			<td>&nbsp;</td>
			<td>&nbsp;</td>
			<td>CLINDAMYCIN</td>
			<td>&nbsp;</td>
			<td>&nbsp;</td>
			<td>&nbsp;</td>
			<td>CEFOTAXIME</td>
			<td>&nbsp;</td>
			<td>&nbsp;</td>
			<td>&nbsp;</td>
			<td>&nbsp;</td>
			<td>&nbsp;</td>
			<td>&nbsp;</td>
			<td>&nbsp;</td>
		</tr>
		<tr>
			<td>CEFUROXIME</td>
			<td>&nbsp;</td>
			<td>&nbsp;</td>
			<td>&nbsp;</td>
			<td>AZITHROMYCIN</td>
			<td>&nbsp;</td>
			<td>&nbsp;</td>
			<td>&nbsp;</td>
			<td>IMIPENEM</td>
			<td>&nbsp;</td>
			<td>&nbsp;</td>
			<td>&nbsp;</td>
			<td>&nbsp;</td>
			<td>&nbsp;</td>
			<td>&nbsp;</td>
			<td>&nbsp;</td>
		</tr>
		<tr>
			<td>AMIKACIN</td>
			<td>&nbsp;</td>
			<td>&nbsp;</td>
			<td>&nbsp;</td>
			<td>&nbsp;</td>
			<td>&nbsp;</td>
			<td>&nbsp;</td>
			<td>&nbsp;</td>
			<td>&nbsp;</td>
			<td>&nbsp;</td>
			<td>&nbsp;</td>
			<td>&nbsp;</td>
			<td>&nbsp;</td>
			<td>&nbsp;</td>
			<td>&nbsp;</td>
			<td>&nbsp;</td>
		</tr>
	</tbody>
</table>
",,3030000001,,,,,,2,,,,,,,,,1,,,,,,,,,,,,,,,,,,,
3105,NECK X-RAY,,,,,,0,,08655,,,,3000000003,Radiology,,,123,,,,,,,,3000000003,,,,,,2,,,,,,1,,,1,,,,,,,,,,,,,,,,,,,
3125,LEFT LEG (TIBIA/FIBULA) (AP/LAT) (CHILDREN),,,,,,0,,,,,,3000000003,Radiology,,,123,,,,,,,,3000000003,,,,,,2,,,,,,,,,1,,,,,,,,,,,,,,,,,,,
3136,LEFT FOREARM (ADULT),,,,,,0,,,,,,3000000003,Radiology,,,123,,,,,,,,3000000003,,,,,,2,,,,,,,,,1,,,,,,,,,,,,,,,,,,,
3137,LEFT ELBOW (AP/LAT) (ADULT),,,,,,0,,,,,,3000000003,Radiology,,,123,,,,,,,,3000000003,,,,,,2,,,,,,,,,1,,,,,,,,,,,,,,,,,,,
3138,LEFT HUMERUS (ADULT),,,,,,0,,,,,,3000000003,Radiology,,,123,,,,,,,,3000000003,,,,,,2,,,,,,,,,1,,,,,,,,,,,,,,,,,,,
3196,CT FOREARM,,,,,,0,,,,,,3000000003,Radiology,,,123,,,,,,,,3000000003,,,,,,2,,,,,,,,,1,,,,,,,,,,,,,,,,,,,
3197,CT HAND,,,,,,0,,,,,,3000000003,Radiology,,,123,,,,,,,,3000000003,,,,,,2,,,,,,,,,1,,,,,,,,,,,,,,,,,,,
3198,CT HIP JOINT,,,,,,0,,,,,,3000000003,Radiology,,,123,,,,,,,,3000000003,,,,,,2,,,,,,,,,1,,,,,,,,,,,,,,,,,,,
3200,CT LEG,,,,,,0,,,,,,3000000003,Radiology,,,123,,,,,,,,3000000003,,,,,,2,,,,,,,,,1,,,,,,,,,,,,,,,,,,,
3201,CT SCANOGRAM,,,,,,0,,,,,,3000000003,Radiology,,,123,,,,,,,,3000000003,,,,,,2,,,,,,,,,1,,,,,,,,,,,,,,,,,,,
60,PACKED CELL VOLUME (PCV),,,,,,0,,,,,,3030000002,Lab,unit,,22,,,,,,"<p>MED LAB SCIENTIST COMMENT:</p>
",,3030000002,,,,,,2,400,1000,2000,,,1,,,1,,,,,,,,,,,,,,,,,,,
2979,CT SCAN (BRAIN),,,,,,0,,,,,,3000000003,Radiology,,,123,,,,,,,,3000000003,,,,,,2,,,,,,,,,1,,,,,,,,,,,,,,,,,,,
2980,CT SCAN (NECK),,,,,,0,,,,,,3000000003,Radiology,,,123,,,,,,,,3000000003,,,,,,2,,,,,,,,,1,,,,,,,,,,,,,,,,,,,
2985,CT SCAN (BRAIN) CHILDREN,,,,,,0,,,,,,3000000003,Radiology,,,123,,,,,,,,3000000003,,,,,,2,,,,,,,,,1,,,,,,,,,,,,,,,,,,,
125,C) HEAF?S/ MANTOUX TEST,,,,,,0,,,,,,3030000001,Lab,unit,,21,,,,,,,,,,,,1,,2,800,,0,,,,,,1,,,,,,,,,,,,,,,,,,,
3126,LEFT ANKLE (AP/LAT) (CHILDREN),,,,,,0,,,,,,3000000003,Radiology,,,123,,,,,,,,3000000003,,,,,,0,,,,,,,,,1,,,,,,,,,,,,,,,,,,,
3134,LEFT LEG (TIBIA/FIBULA) (ADULT),,,,,,0,,,,,,3000000003,Radiology,,,123,,,,,,,,3000000003,,,,1,,2,,,,,,,,,1,,,,,,,,,,,,,,,,,,,
3135,LEFT ANKLE (ADULT),,,,,,0,,,,,,3000000003,Radiology,,,123,,,,,,,,3000000003,,,,1,,2,,,,,,,,,1,,,,,,,,,,,,,,,,,,,
3140,LEFT CLAVICLE (ADULT),,,,,,0,,,,,,3000000003,Radiology,,,123,,,,,,,,3000000003,,,,,,2,,,,,,,,,1,,,,,,,,,,,,,,,,,,,
3188,TVS  SCAN (FMC-EB),,,,,,0,,,,,,3000000003,Radiology,,,123,,,,,,,,3000000003,,,,1,,2,,,,,,,,,1,,,,,,,,,,,,,,,,,,,
3189,TRUS SCAN (FMC-EB),,,,,,0,,,,,,3000000003,Radiology,,,123,,,,,,,,3000000003,,,,1,,2,,,,,,,,,1,,,,,,,,,,,,,,,,,,,
3203,ABDOMINAL USS SCAN (CHILDREN) (FMC-EB),,,,,,0,,,,,,3000000003,Radiology,,,123,,,,,,,,3000000003,,,,1,,2,,,,,,,,,1,,,,,,,,,,,,,,,,,,,
6085,PARANASAL SINUSES ADULT,,,,,,,,,,,,3000000003,Radiology,,,123,,,,,,,,3000000003,,,,,,0,,,,,,,,,1,,,,,,,,,,,,,,,,,,,
6087,PARANASAL SINUSES CHILDREN,,,,,,,,,,,,3000000003,Radiology,,,123,,,,,,,,3000000003,,,,,,0,,,,,,,,,1,,,,,,,,,,,,,,,,,,,
6089,HIP JOINT ADULT,,,,,,,,,,,,3000000003,Radiology,,,123,,,,,,,,3000000003,,,,,,0,,,,,,,,,1,,,,,,,,,,,,,,,,,,,
6090,RIGHT WRIST ADULT,,,,,,,,,,,,3000000003,Radiology,,,123,,,,,,,,3000000003,,,,,,0,,,,,,,,,1,,,,,,,,,,,,,,,,,,,
6091,RIGHT HAND ADULT,,,,,,,,,,,,3000000003,Radiology,,,123,,,,,,,,3000000003,,,,,,0,,,,,,,,,1,,,,,,,,,,,,,,,,,,,
6092,LEFT HAND ADULT,,,,,,,,,,,,3000000003,Radiology,,,123,,,,,,,,3000000003,,,,,,0,,,,,,,,,1,,,,,,,,,,,,,,,,,,,
6093,LEFT HAND ADULT ,,,,,,,,,,,,3000000003,Radiology,,,123,,,,,,,,3000000003,,,,,,0,,,,,,,,,1,,,,,,,,,,,,,,,,,,,
6099,LEFT FOREARM CHILDREN,,,,,,,,,,,,3000000003,Radiology,,,123,,,,,,,,3000000003,,,,,,0,,,,,,,,,1,,,,,,,,,,,,,,,,,,,
6103,RIGHT ELBOW ADULT,,,,,,,,,,,,3000000003,Radiology,,,123,,,,,,,,3000000003,,,,,,0,,,,,,,,,1,,,,,,,,,,,,,,,,,,,
6104,RIGHT ELBOW CHILDREN,,,,,,,,,,,,3000000003,Radiology,,,123,,,,,,,,3000000003,,,,,,0,,,,,,,,,1,,,,,,,,,,,,,,,,,,,
6106,LEFT HUMEROUS CHILDREN ,,,,,,,,,,,,3000000003,Radiology,,,123,,,,,,,,3000000003,,,,,,0,,,,,,,,,1,,,,,,,,,,,,,,,,,,,
6111,FACIAL BONES ADULT,,,,,,,,,,,,3000000003,Radiology,,,123,,,,,,,,3000000003,,,,,,0,,,,,,,,,1,,,,,,,,,,,,,,,,,,,
6114,OPTIC FOREARM ADULT,,,,,,,,,,,,3000000003,Radiology,,,123,,,,,,,,3000000003,,,,,,0,,,,,,,,,1,,,,,,,,,,,,,,,,,,,
6121,Amlodipine 5mg,,Add Item to Watch List,,0,,,,,,,,3010000001,Pharmacy,,,993,,Tab,,,,,,,,,28,,0,0,,,,,1,,,Drugs,1,Packs,Tablet,,,,,,,,,,,,,,,,,
6123,Amlodipine 10mg,,Add Item to Watch List,,0,,,,,,,,3010000001,Pharmacy,,,993,,Tab,,,,,,,,,28,,0,0,,,,,1,,,Drugs,1,Packs,Tablet,,,,,,,,,,,,,,,,,
6124,Erythromycin 250mg,,Add Item to Watch List,,0,,,,,,,,3010000001,Pharmacy,,,412,,Tab,,,,,,,,,10,1,0,0,,,,,1,,,Drugs,1,Tablet,Tablet,,,,,,,,,,,,,,,,,
6132,Vitamin B Complex,,Add Item to Watch List,1,0,,,,,,,,3010000001,Pharmacy,,,766,,Tab,,,,,,,,,1000,1,0,0,,,,,1,,,Drugs,1,Packs,Tablet,,,,,,,,,,,,,,,,,
6133,Vitamin C 100mg,,Add Item to Watch List,1,0,,,,,,,,3010000001,Pharmacy,,,766,,Tab,,,,,,,,,1000,,0,0,,,,,1,,,Drugs,1,Packs,Tablet,,,,,,,,,,,,,,,,,
6139,Nitrofurantion 100MG,,Add Item to Watch List,,0,,,,,,,,3010000001,Pharmacy,,,412,,Tab,,,,,,,,,100,1,0,0,,,,,1,,,Drugs,1,Tablet,Tablet,,,,,,,,,,,,,,,,,
6148,Chlorpheniramine Maleate,,Add Item to Watch List,1,0,,,,,,,,3010000001,Pharmacy,,,407,,Tab,,,,,,,,,1,1,0,0,,,,,1,,,Drugs,1,Packs,Tablet,,,,,,,,,,,,,,,,,
6164, Risperidone (Risperdal) 2mg,,Add Item to Watch List,,0,,,,,,,,3010000001,Pharmacy,,,441,,Tab,,,,,,,,,20,,0,0,,,,,1,,,Drugs,1,Packs,Tablet,,,,,,,,,,,,,,,,,
6192,Dextrose Saline 5%,,Add Item to Watch List,1,0,,,,,,,,3010000001,Pharmacy,,,1007,,General Consumables,,,,,,,,,20,1,0,0,,,,,0,,,Consumables,1,Packs,Packs,,,,,,,,,,,,,,,,,
6194,Dextrose Water 50%,,Add Item to Watch List,1,0,,,,,,,,3010000001,Pharmacy,,,1007,,General Consumables,,,,,,,,,20,1,0,0,,,,,0,,,Consumables,1,Packs,Packs,,,,,,,,,,,,,,,,,
6203,Chloroxylenor (Dettol),,Add Item to Watch List,1,0,,,,,,,,3010000001,Pharmacy,,,270,,Others,,,,,,,,,1,,0,0,,,,,1,,,Drugs,1,Packs,Pieces,,,,,,,,,,,,,,,,,
6206,Lysol,,,1,0,,,,,,,,3010000001,Pharmacy,,,270,,Others,,,,,,,,,1,,0,0,,,,,1,,,Drugs,1,Packs,Pieces,,,,,,,,,,,,,,,,,
6212,Amoxicillin/Clavulanic Acid 1.2G,,Add Item to Watch List,,0,,,,,,,,3010000001,Pharmacy,,,412,,Inj,,,,,,,,,5,,0,0,,,,,1,,,Drugs,1,Packs,Pieces,,,,,,,,,,,,,,,,,
6213,INJ. Flupenthixol Decanoate 20mg,,Add Item to Watch List,,0,,,,,,,,3010000001,Pharmacy,,,441,,Inj,,,,,,,,,10,1,0,0,,,,,1,,,Drugs,1,Packs,Amp,,,,,,,,,,,,,,,,,
6221,Needle & Syring 5cc,,Add Item to Watch List,1,0,,,,,,,,3010000001,Pharmacy,,,996,,AMP,,,,,,,,,1,1,0,0,,,,,0,,,Drugs,1,Packs,Packs,,,,,,,,,,,,,,,,,
6259, Methylphenidate 10mg x 30,,Add Item to Watch List,,0,,,,,,,,3010000001,Pharmacy,,,441,,Tab,,,,,,,,,1,1,0,0,,,,,1,,,Drugs,1,Packs,Tablet,,,,,,,,,,,,,,,,,
6268,Amitriptyline 50mg,,Add Item to Watch List,,0,,,,,,,,3010000001,Pharmacy,,,1006,,Tab,,,,,,,,,1,1,0,0,,,,,1,,,Drugs,1,Packs,Tablet,,,,,,,,,,,,,,,,,
6276,Indapamide 1.5mg,,Add Item to Watch List,,0,,,,Tab.Indapamide 1.5mg,,,,3010000001,Pharmacy,,,993,,Tab,,,,,,,,,30,0,0,0,,,,,1,,,Drugs,1,Tablet,Packs,,,,,,,,,,,,,,,,,
6281,.Setraline 50mg,,Add Item to Watch List,,0,,,,,,,,3010000001,Pharmacy,,,1006,,Tab,,,,,,,,,30,,0,0,,,,,1,,,Drugs,1,Packs,Tablet,,,,,,,,,,,,,,,,,
6282,Escitalopram 10mg,,Add Item to Watch List,,0,,,,,,,,3010000001,Pharmacy,,,1006,,Tab,,,,,,,,,30,1,0,0,,,,,1,,,Drugs,1,Packs,Tablet,,,,,,,,,,,,,,,,,
6301,Propranolol 40mg x 28,,Add Item to Watch List,,0,,,,,,,,3010000001,Pharmacy,,,993,,Tab,,,,,,,,,1,1,0,0,,,,,1,,,Drugs,1,Packs,Tablet,,,,,,,,,,,,,,,,,
6306, Nitrazepam 5mg,,Add Item to Watch List,,0,,,,,,,,3010000001,Pharmacy,,,1017,,Tab,,,,,,,,,1,1,0,0,,,,,1,,,Drugs,1,Packs,Tablet,,,,,,,,,,,,,,,,,
6312,50cc Needle/Syring,,Add Item to Watch List,1,0,,,,,,,,3010000001,Pharmacy,,,289,,General Consumables,,,,,,,,,100,,0,0,,,,,1,,,Consumables,1,Packs,Pieces,,,,,,,,,,,,,,,,,
6316,Loratadine 5mg/5ml,,Add Item to Watch List,,0,,,,,,,,3010000001,Pharmacy,,,249,,Syr,,,,,,,,,1,0,0,0,,,,,1,,,Drugs,1,Pieces,Bottle,,,,,,,,,,,,,,,,,
6317,Face Mask,,,1,0,,,,,,,,3010000001,Pharmacy,,,996,,General Consumables,,,,,,,,,1,1,0,0,,,,,1,,,Consumables,1,Packs,Pieces,,,,,,,,,,,,,,,,,
6319,Madium Vial,,,1,0,,,,,,,,3010000001,Pharmacy,,,996,,General Consumables,,,,,,,,,1,1,0,0,,,,,1,,,Consumables,1,Packs,Pieces,,,,,,,,,,,,,,,,,
6323,Artemether/Lumefantrine 80/480mg by 6,,Add Item to Watch List,,0,,,,,,,,3010000001,Pharmacy,,,410,,Tab,,,,,,,,,1,,0,0,,,,,1,,,Drugs,1,Packs,Tablet,,,,,,,,,,,,,,,,,
6346,CERVICAL CERCLAGE (REMOVAL) -  O & G,,,,,,,,,,,,3000000025,Services,Unit,,970,Procedure,,,,,,,,,,,,,0,,,,,,,,,1,,,,,,1,21-Sep-23,,,,,,,,,,,,
6351,COLPOTOMY- O & G,,,,,,,,,,,,3000000025,Services,Unit,,970,Procedure,,,,,,,,,,,,,0,,,,,,,,,1,,,,,,1,21-Sep-23,,,,,,,,,,,,
6355,CONSULTATION FEE (CHILDREN)  -GMPC 8am-4pm,,,,,,,,,,,,3000000025,Services,Unit,,1012,Other,,,,,,,,,,,,,1,,,,,,,,,1,,,,,,1,21-Sep-23,4624,2-Jan-24,,,,,,,,,,
6366,URINE BAG,,,,0,,,,,,,,3010000001,Pharmacy,,,996,,General Consumables,,,,,,,,,1,1,0,0,,,,,1,,,Consumables,1,Packs,Pieces,,,,,,,,,,,,,,,,,
6432,GENERAL TIVA/KETAMINE ( WITHOUT COST OF MATERIALS),,,,,,,,41000153,,,,3000000025,Services,Unit,,998,Other,,,,,,,,,,,,,0,,,,,,,,,1,,,,,,4253,22-Sep-23,,,,,,,,,,,,
6499,Artovastatin 10mg,,Add Item to Watch List,,0,,,,,,,,3010000001,Pharmacy,,,419,,Tab,,,,,,,,,30,,0,0,,,,,1,,,Drugs,1,Packs,Tablet,,,,,,,,,,,,,,,,,
6555,Artocare Forte,,Add Item to Watch List,,0,,,,,,,,3010000001,Pharmacy,,,285,,Tab,,,,,,,,,30,,0,0,,,,,1,,,Drugs,1,Packs,Tablet,,,,,,,,,,,,,,,,,
6562,Nitrofurantion 100mg,,Add Item to Watch List,,0,,,,,,,,3010000001,Pharmacy,,,1022,,Tab,100mg,,,,,,,,1000,,0,0,,,,,1,,,Drugs,1,Packs,Tablet,,,,,,,,,,,,,,,,,
6572, Risperidone 2mg x60,,Add Item to Watch List,1,0,,,,,,,,3010000001,Pharmacy,,,1025,,Tab,,,,,,,,,1,1,0,0,,,,,1,,,Drugs,1,Tablet,Bottle,,,,,,,,,,,,,,,,,
6574,Paracetamol 300mg ,,Add Item to Watch List,,0,,,,,,,,3010000001,Pharmacy,,,248,,Inj,300mg,,,,,,,,1,,0,0,,,,,1,,,Drugs,1,Packs,Amp,,,,,,,,,,,,,,,,,
6590,REPAIR OF EPISIOTOMY- GMPC,,,,,,,,42000196,,,,3000000025,Services,Unit,,997,Other,,,,,,,,,,,,,0,,,,,,,,,1,,,,,,4253,22-Sep-23,,,,,,,,,,,,
6605,Tab. Nifedipine 20mg,,Add Item to Watch List,,0,,,,,,,,3010000001,Pharmacy,,,1023,,Tab,,,,,,,,,100,1,0,0,,,,,1,,,Drugs,1,Packs,Tablet,,,,,,,,,,,,,,,,,
6608, Quetiapine 300mg,,Add Item to Watch List,1,0,,,,,,,,3010000001,Pharmacy,,,441,,Tab,300m,,,,,,,,60,1,0,0,,,,,1,,,Drugs,1,Packs,Tablet,,,,,,,,,,,,,,,,,
6612,DATER INSTRUMENT FEE,,,,,,,,91000119,,,,3000000028,Services,Unit,,1001,Other,,,,,,,,,,,,,2,,,,,,,,,1,,,,,,4816,22-Sep-23,,,,,,,,,,,,
6641,ACCOMODATION (SHORT STAY ADMISSION),,,,,,,,91000105,,,,3000000028,Services,Unit,,1001,Other,,,,,,,,,,,,,0,,,,,,,,,1,,,,,,4254,22-Sep-23,,,,,,,,,,,,
6642,HAIR RELAXING-SALON (O/T),,,,,,,,91000127,,,,3000000028,Services,Unit,,1001,Other,,,,,,,,,,,,,2,,,,,,,,,1,,,,,,4816,22-Sep-23,,,,,,,,,,,,
6651,CONSUMABLE  FOR ADMISSION,,,,,,,,910000133,,,,3000000028,Services,Unit,,1001,Other,,,,,,,,,,,,,2,,,,,,,,,1,,,,,,4816,22-Sep-23,4816,22-Sep-23,,,,,,,,,,
6656,Atenolol 50mg ,,Add Item to Watch List,1,0,,,,,,,,3010000001,Pharmacy,,,993,,Tab,,,,,,,,,28,,0,0,,,,,1,,,Drugs,1,Packs,Tablet,,,,,,,,,,,,,,,,,
6662,Tramadol,,Add Item to Watch List,,0,,,,,,,,3010000001,Pharmacy,,,248,,Inj,,,,,,,,,1,1,0,0,,,,,1,,,Drugs,1,Packs,Amp,,,,,,,,,,,,,,,,,
6754,5% Dextrose Saline,,Add Item to Watch List,,0,,,,,,,,3010000001,Pharmacy,,,1007,,General Consumables,,,,,,,,,1,1,0,0,,,,,1,,,Consumables,1,Packs,Pieces,,,,,,,,,,,,,,,,,
6756,SMALL BASKET (WEDDING BASKET)-O/T,,,,,,,,93000146,,,,3000000030,Services,Unit,,1004,Other,,,,,,,,,,,,,0,,,,,,,,,1,,,,,,4254,22-Sep-23,,,,,,,,,,,,
6762,PHYSIOTHERAPY( ADULT- 10 SESSIONS),,,,,,,,92000104,,,,3000000029,Services,Unit,,1002,Other,,,,,,,,,,,,,2,,,,,,,,,1,,,,,,4816,22-Sep-23,,,,,,,,,,,,
6768,SKIRT & BLOUSE (NATIVE)- TAILORING (O/T),,,,,,,,93000143,,,,3000000030,Services,Unit,,1004,Other,,,,,,,,,,,,,0,,,,,,,,,1,,,,,,4254,22-Sep-23,,,,,,,,,,,,
6781,Full Strength Darrow,,Add Item to Watch List,,0,,,,,,,,3010000001,Pharmacy,,,1028,,General Consumables,,,,,,,,,20,0,0,0,,,,,0,,,Consumables,1,Packs,Packs,,,,,,,,,,,,,,,,,
6789,Oropharyngeal Airway size 3,,Add Item to Watch List,,0,,,,,,,,3010000001,Pharmacy,,,248,,Inj,,,,,,,,,1,1,0,0,,,,,1,,,Drugs,1,Packs,Vial,,,,,,,,,,,,,,,,,
6801,BUBA & WRAPPER-TAILORING (O/T),,,,,,,,93000109,,,,3000000030,Services,Unit,,1003,Other,,,,,,,,,,,,,2,,,,,,,,,1,,,,,,4816,22-Sep-23,,,,,,,,,,,,
6815,GYM- STAFF MEMBERS:SUBSCRIPTION FEES- COUPLE & FAMILY (MAX OF 5 MEMBERS) (ANNUALLY),,,,,,,,93000119,,,,3000000030,Services,Unit,,1003,Other,,,,,,,,,,,,,2,,,,,,,,,1,,,,,,4816,22-Sep-23,,,,,,,,,,,,
6826,Artemether/Lumefantie x 6sachets,,Add Item to Watch List,,0,,,,,,,,3010000001,Pharmacy,,,410,,Tab,,,,,,,,,1,1,0,0,,,,,1,,,Drugs,1,Packs,Sachet,,,,,,,,,,,,,,,,,
6834,GYM-NON STAFF MEMBERS:SUBSCRIPTION FEES- FAMILY  (MAX. OF 5 MEMBERS) (QUARTERLY),,,,,,,,93000129,,,,3000000030,Services,Unit,,1003,Other,,,,,,,,,,,,,2,,,,,,,,,1,,,,,,4816,22-Sep-23,,,,,,,,,,,,
6838,GYM-NON STAFF MEMBERS:SUBSCRIPTION FEES- SINGLE (ANNUALLY),,,,,,,,93000132,,,,3000000030,Services,Unit,,1003,Other,,,,,,,,,,,,,2,,,,,,,,,1,,,,,,4816,22-Sep-23,,,,,,,,,,,,
6867,Diclofenac sodium 50mg,,Add Item to Watch List,,0,,,,,,,,3010000001,Pharmacy,,,248,,Tab,50mg,,,,,,,,100,1,0,0,,,,,1,,,Drugs,1,Packs,Tablet,,,,,,,,,,,,,,,,,
6871,Biperiden (Akineton) 5mg,,Add Item to Watch List,,0,,,,,,,,3010000001,Pharmacy,,,247,,Inj,5mg,,,,,,,,5,,0,0,,,,,0,,,Drugs,1,Packs,Amp,,,,,,,,,,,,,,,,,
6923,Loratadine 10mg,,Add Item to Watch List,,0,,,,,,,,3010000001,Pharmacy,,,407,,Tab,10mg,,,,,,,,100,,0,0,,,,,1,,,Drugs,1,Packs,Sachet,,,,,,,,,,,,,,,,,
6927,Glibenclamide 5mg,,Add Item to Watch List,,0,,,,,,,,3010000001,Pharmacy,,,433,,Tab,5mg,,,,,,,,100,,0,0,,,,,1,,,Drugs,1,Packs,Tablet,,,,,,,,,,,,,,,,,
6930, Fluconaxole 50mg,,Add Item to Watch List,,0,,,,,,,,3010000001,Pharmacy,,,411,,Tab,50mg,,,,,,,,6,1,0,0,,,,,1,,,Drugs,1,Packs,Tablet,,,,,,,,,,,,,,,,,
6931,Clotrimazole 1%,,Add Item to Watch List,,0,,,,,,,,3010000001,Pharmacy,,,411,,Cream,,,,,,,,,1,1,0,0,,,,,1,,,Drugs,1,Pieces,Pieces,,,,,,,,,,,,,,,,,
7045,Dihydroartemisin +  Piperaquine 40/320,,Add Item to Watch List,,0,,,,,,,,3010000001,Pharmacy,,,410,,Tab,40/320mg,,,,,,,,1,1,0,1,,,,,1,,,Drugs,1,Packs,Tablet,,,,,,,,,,,,,,,,,
7081,Diclofenac Potassium 50mg,,Add Item to Watch List,1,0,,,,,,,,3010000001,Pharmacy,,,248,,Tab,50mg,,,,,,,,100,,0,0,,,,,1,,,Drugs,1,Packs,Sachet,,,,,,,,,,,,,,,,,
7085,ANKLE JOINT (CHILD),,,,,,,,71000104,,,,3000000003,Services,Unit,,967,Other,,,,,,,,,,,1,,0,,,,,,,,,1,,,,,,4254,26-Sep-23,,,,,,,,,,,,
7086,1% Silver Sulfadiazine (Dermazin),,Add Item to Watch List,1,0,,,,,,,,3010000001,Pharmacy,,,422,,Cream,,,,,,,,,1,0,0,0,,,,,1,,,Drugs,1,Packs,Packs,,,,,,,,,,,,,,,,,
7087,CERVICAL SPINE (ADULT),,,,,,,,71000105,,,,3000000003,Services,Unit,,967,Other,,,,,,,,,,,1,,0,,,,,,,,,1,,,,,,4254,26-Sep-23,,,,,,,,,,,,
7088,Chloramphenicol Ear Drop,,Add Item to Watch List,,0,,,,,,,,3010000001,Pharmacy,,,1034,,Gutt,,,,,,,,,1,0,0,2,,,,,1,,,Drugs,1,Packs,Packs,,,,,,,,,,,,,,,,,
7154,THORACIC INLET (CHILD),,,,,,,,71000145,,,,3000000003,Services,Unit,,967,Other,,,,,,,,,,,1,,0,,,,,,,,,1,,,,,,4254,26-Sep-23,,,,,,,,,,,,
7157,THORACOLUMBER (ADULT),,,,,,,,71000148,,,,3000000003,Services,Unit,,967,Other,,,,,,,,,,,1,,0,,,,,,,,,1,,,,,,4254,26-Sep-23,,,,,,,,,,,,
7160,TMJ (CHILD),,,,,,,,71000151,,,,3000000003,Services,Unit,,967,Other,,,,,,,,,,,1,,0,,,,,,,,,1,,,,,,4254,26-Sep-23,,,,,,,,,,,,
7161,WRIST (ADULT),,,,,,,,71000152,,,,3000000003,Services,Unit,,967,Other,,,,,,,,,,,1,,0,,,,,,,,,1,,,,,,4254,26-Sep-23,,,,,,,,,,,,
7162,WRIST (CHILDT),,,,,,,,71000153,,,,3000000003,Services,Unit,,967,Other,,,,,,,,,,,1,,0,,,,,,,,,1,,,,,,4254,26-Sep-23,,,,,,,,,,,,
7169,Nasopharynx,,,,,,,,NHIS-176-011,,,,3000000003,Radiology,,,123,,,,,,,,3000000003,,,,,,1,,,,,,,,,1,,,,,,,,,,,,,,,,,,,
7171,Intravenous cholangiogram (IVC),,,,,,,,NHIS-178-015,,,,3000000003,Radiology,,,123,,,,,,,,3000000003,,,,,,1,,,,,,,,,1,,,,,,,,,,,,,,,,,,,
7172,CT Scan (Adult),,,,,,,,NHIS-178-023,,,,3000000003,Radiology,,,123,,,,,,,,3000000003,,,,,,1,,,,,,,,,1,,,,,,,,,,,,,,,,,,,
7175,Radiotherapy - palliative (per session) - Partial Coverage (50%),,,,,,,,NHIS-178-027,,,,3000000003,Radiology,,,123,,,,,,,,3000000003,,,,,,1,,,,,,,,,1,,,,,,,,,,,,,,,,,,,
7177,"Renal scan (DTPA, DMSA)",,,,,,,,NHIS-178-029,,,,3000000003,Radiology,,,123,,,,,,,,3000000003,,,,,,1,,,,,,,,,1,,,,,,,,,,,,,,,,,,,
7178,GIT: Hepatobillary scan; Mackel scan,,,,,,,,NHIS-178-030,,,,3000000003,Radiology,,,123,,,,,,,,3000000003,,,,,,1,,,,,,,,,1,,,,,,,,,,,,,,,,,,,
7180,PHYSIOTHERAPY ADULT SERVICE,,,,,,,,,,,,3020000005,Services,Unit,,157,Procedure,,,,,,,,,,,,,0,,,,,,,,,1,,,,,,1,26-Sep-23,,,,,,,,,,,,
7196,GLOVES,,,,,,,,,,,,3000000025,Services,Unit,,997,Other,,,,,,,,,,,,,0,,,,,,1,,,1,,,,,,1,3-Oct-23,4943,11-Oct-23,,,,,,,,,,
7282,AMBULANCE(SAGAMU),,,,,,,,,,,,3000000029,Services,Days,,166,Other,,,,,,,,,,,,,2,,,,,,,,,1,,,,,,4626,1-Jan-24,,,,,,,,,,,,
7283,AMBULANCE(BABCOCK),,,,,,,,,,,,3000000029,Services,Days,,166,Other,,,,,,,,,,,,,2,,,,,,,,,1,,,,,,4626,1-Jan-24,,,,,,,,,,,,
7284,AMBULANCE(IBADAN),,,,,,,,,,,,3000000029,Services,Days,,166,Other,,,,,,,,,,,,,2,,,,,,,,,1,,,,,,4626,1-Jan-24,,,,,,,,,,,,
7288,Utility GW (2months),,,,,,,,,,,,3000000030,Services,Months,,166,Other,,,,,,,,,,,,,0,,,,,,,,,1,,,,,,4818,1-Jan-24,,,,,,,,,,,,
7289,Energy GW (2 months),,,,,,,,,,,,3000000030,Services,Months,,166,Other,,,,,,,,,,,,,0,,,,,,,,,1,,,,,,4818,1-Jan-24,,,,,,,,,,,,
7293,Consultation OPC (Wed/weekend/public holiday Call hours))) ,,,,,,,,,,,,3000000028,Services,Days,,307,Other,,,,,,,,,,,,,0,,,,,,,,,1,,,,,,4818,1-Jan-24,4818,1-Jan-24,,,,,,,,,,
7294,GYM,,,,,,,,ENERGY,,,,3000000030,Services,Days,,166,Other,,,,,,,,,,,,,2,,,,,,,,,1,,,,,,4626,1-Jan-24,,,,,,,,,,,,
7400,PSYCHIATRIST LIASON COSULTATION FEE,,,,,,,,,,,,3000000018,Services,Unit,,307,Other,,,,,,,,,,,,,2,,,,,,,,,1,,,,,,4624,2-Jan-24,4818,11-Jan-24,,,,,,,,,,
7457,BALANCE OF FEEDING (LANTORO WARD),,,,,,,,,,,,3000000024,Services,Unit,,1008,Other,,,,,,,,,,,,,0,,,,,,,,,1,,,,,,4624,22-Feb-24,,,,,,,,,,,,
7471,Theatre consumable (balance),,,,,,,,,,,,3000000025,Services,Unit,,1013,Surgery,,,,,,,,,,,,,0,,,,,,,,,1,,,,,,4624,26-Feb-24,4624,26-Feb-24,,,,,,,,,,
2894,B) CULTURE & SENSITIVITY (WOUND SWAB),,,,,,0,,CS001,,,,3030000001,Lab,,,21,,,,,,"<p>MICROSCOPY:</p>

<p>&nbsp;</p>

<p>&nbsp;</p>

<p>&nbsp;</p>

<p>&nbsp;</p>

<p>GRAM STAIN:</p>

<p>&nbsp;</p>

<p>&nbsp;</p>

<p>TEST NAME: CULTURE AND SENSITIVITY</p>

<p>CULTURE; 1.</p>

<p>&nbsp; &nbsp; &nbsp; &nbsp; &nbsp; &nbsp; &nbsp; &nbsp; &nbsp;&nbsp; 2.</p>

<p>&nbsp; &nbsp; &nbsp; &nbsp; &nbsp; &nbsp; &nbsp; &nbsp; &nbsp; &nbsp; 3.</p>

<p>&nbsp; &nbsp; <u><strong>&nbsp;ANTIBIOTICS&nbsp;</strong></u>&nbsp; &nbsp; &nbsp; &nbsp; &nbsp; &nbsp; &nbsp; &nbsp;&nbsp;&nbsp;1&nbsp; &nbsp;2 &nbsp; 3&nbsp; &nbsp; &nbsp;<u><strong>&nbsp;ANTIBIOTICS&nbsp;</strong></u> &nbsp; &nbsp; &nbsp; &nbsp;1&nbsp; 2&nbsp; 3 &nbsp; <u><strong>&nbsp;ANTIBIOTICS</strong></u><strong>&nbsp; &nbsp;</strong>1 &nbsp; 2&nbsp; 3&nbsp; &nbsp; &nbsp;<u><strong>ANTIFUNGAL</strong></u>&nbsp; &nbsp; &nbsp;&nbsp; 1 &nbsp; 2&nbsp; 3</p>

<table border=""1"" cellpadding=""1"" cellspacing=""1"">
	<tbody>
		<tr>
			<td>GENTAMYCIN</td>
			<td>&nbsp; &nbsp;</td>
			<td>&nbsp; &nbsp; &nbsp;&nbsp;</td>
			<td>&nbsp; &nbsp;&nbsp;</td>
			<td>&nbsp;CEFOTAXIME</td>
			<td>&nbsp; &nbsp;&nbsp;</td>
			<td>&nbsp;&nbsp;</td>
			<td>&nbsp;&nbsp;</td>
			<td>DAPTOMYCIN</td>
			<td>&nbsp;&nbsp;</td>
			<td>&nbsp; &nbsp;&nbsp;</td>
			<td>&nbsp; &nbsp;&nbsp;</td>
			<td>&nbsp;</td>
			<td>&nbsp;</td>
			<td>&nbsp;</td>
			<td>&nbsp;</td>
		</tr>
		<tr>
			<td>TOBRAMYCIN</td>
			<td>&nbsp;&nbsp;</td>
			<td>&nbsp;</td>
			<td>&nbsp;</td>
			<td>TRIMETHOPRIM</td>
			<td>&nbsp;</td>
			<td>&nbsp;</td>
			<td>&nbsp;&nbsp;</td>
			<td>DOXYCYCLINE</td>
			<td>&nbsp;</td>
			<td>&nbsp;</td>
			<td>&nbsp;</td>
			<td>&nbsp;</td>
			<td>&nbsp;</td>
			<td>&nbsp;</td>
			<td>&nbsp;</td>
		</tr>
		<tr>
			<td>CHLORAMPHENICOL</td>
			<td>&nbsp;</td>
			<td>&nbsp;</td>
			<td>&nbsp;</td>
			<td>MEROPENEN</td>
			<td>&nbsp;</td>
			<td>&nbsp;</td>
			<td>&nbsp;</td>
			<td>TETRACYCLINE</td>
			<td>&nbsp;</td>
			<td>&nbsp;</td>
			<td>&nbsp;</td>
			<td>&nbsp;</td>
			<td>&nbsp;</td>
			<td>&nbsp;</td>
			<td>&nbsp;</td>
		</tr>
		<tr>
			<td>AMOXICILLIN/CA</td>
			<td>&nbsp;</td>
			<td>&nbsp;</td>
			<td>&nbsp;</td>
			<td>CEFTAZIDINE</td>
			<td>&nbsp;</td>
			<td>&nbsp;</td>
			<td>&nbsp;</td>
			<td>LINEZOLID</td>
			<td>&nbsp;</td>
			<td>&nbsp;</td>
			<td>&nbsp;</td>
			<td>&nbsp;</td>
			<td>&nbsp;</td>
			<td>&nbsp;</td>
			<td>&nbsp;</td>
		</tr>
		<tr>
			<td>CIPROFLOXACIN</td>
			<td>&nbsp;</td>
			<td>&nbsp;</td>
			<td>&nbsp;</td>
			<td>MOXIFLOXACIN</td>
			<td>&nbsp;</td>
			<td>&nbsp;</td>
			<td>&nbsp;</td>
			<td>LEVOFLOXACIN</td>
			<td>&nbsp;</td>
			<td>&nbsp;</td>
			<td>&nbsp;</td>
			<td>&nbsp;</td>
			<td>&nbsp;</td>
			<td>&nbsp;</td>
			<td>&nbsp;</td>
		</tr>
		<tr>
			<td>LEVOFLOXACIN</td>
			<td>&nbsp;</td>
			<td>&nbsp;</td>
			<td>&nbsp;</td>
			<td>CLARITHROMYCIN</td>
			<td>&nbsp;</td>
			<td>&nbsp;</td>
			<td>&nbsp;</td>
			<td>ANPICLOX</td>
			<td>&nbsp;</td>
			<td>&nbsp;</td>
			<td>&nbsp;</td>
			<td>&nbsp;</td>
			<td>&nbsp;</td>
			<td>&nbsp;</td>
			<td>&nbsp;</td>
		</tr>
		<tr>
			<td>IMIPENEM</td>
			<td>&nbsp;</td>
			<td>&nbsp;</td>
			<td>&nbsp;</td>
			<td>ERYTHROMYCIN</td>
			<td>&nbsp;</td>
			<td>&nbsp;</td>
			<td>&nbsp;</td>
			<td>CEFEXIME</td>
			<td>&nbsp;</td>
			<td>&nbsp;</td>
			<td>&nbsp;</td>
			<td>&nbsp;</td>
			<td>&nbsp;</td>
			<td>&nbsp;</td>
			<td>&nbsp;</td>
		</tr>
		<tr>
			<td>AMPICILLIN/SULBACTAM</td>
			<td>&nbsp;</td>
			<td>&nbsp;</td>
			<td>&nbsp;</td>
			<td>CLINDAMYCIN</td>
			<td>&nbsp;</td>
			<td>&nbsp;</td>
			<td>&nbsp;</td>
			<td>CEFOTAXIME</td>
			<td>&nbsp;</td>
			<td>&nbsp;</td>
			<td>&nbsp;</td>
			<td>&nbsp;</td>
			<td>&nbsp;</td>
			<td>&nbsp;</td>
			<td>&nbsp;</td>
		</tr>
		<tr>
			<td>CEFUROXIME</td>
			<td>&nbsp;</td>
			<td>&nbsp;</td>
			<td>&nbsp;</td>
			<td>AZITHROMYCIN</td>
			<td>&nbsp;</td>
			<td>&nbsp;</td>
			<td>&nbsp;</td>
			<td>IMIPENEM</td>
			<td>&nbsp;</td>
			<td>&nbsp;</td>
			<td>&nbsp;</td>
			<td>&nbsp;</td>
			<td>&nbsp;</td>
			<td>&nbsp;</td>
			<td>&nbsp;</td>
		</tr>
		<tr>
			<td>AMIKACIN</td>
			<td>&nbsp;</td>
			<td>&nbsp;</td>
			<td>&nbsp;</td>
			<td>&nbsp;</td>
			<td>&nbsp;</td>
			<td>&nbsp;</td>
			<td>&nbsp;</td>
			<td>&nbsp;</td>
			<td>&nbsp;</td>
			<td>&nbsp;</td>
			<td>&nbsp;</td>
			<td>&nbsp;</td>
			<td>&nbsp;</td>
			<td>&nbsp;</td>
			<td>&nbsp;</td>
		</tr>
	</tbody>
</table>
",,3030000001,,,,,,2,,,,,,,,,1,,,,,,,,,,,,,,,,,,,
2895,Fasting Lipid Profile,,,,,,0,,FL0001,,,,3030000004,Lab,,,41,,,,,,"<p>non</p>
",,3000000008,,,,1,,2,,,,,,,,,1,,,,,,,,,,,,,,,,,,,
2978,PROTHROMBIN TIME (PT/ INR),,,,,,0,,,,,,3030000002,Lab,,,22,,,,,,"<p>nil</p>
",,3030000002,,,,,,2,,,,,,,,,1,,,,,,,,,,,,,,,,,,,
3104,PELVIC SCAN (FEMALE),,,,,,0,,,,,,3000000003,Radiology,,,123,,,,,,,,3000000007,,,,,,2,,,,,,,,,1,,,,,,,,,,,,,,,,,,,
3112,MALE INFERTILITY HORMONES,,,,,,0,,345,,,,3030000004,Lab,,,41,,,,,,,,3030000004,,,,,,2,,,,,,,,,1,,,,,,,,,,,,,,,,,,,
3127,LEFT FOOT/TOE (CHILDREN),,,,,,0,,,,,,3000000003,Radiology,,,123,,,,,,,,3000000003,,,,,,2,,,,,,,,,1,,,,,,,,,,,,,,,,,,,
3128,LEFT HIP (ADULT),,,,,,0,,,,,,3000000003,Radiology,,,123,,,,,,,,3000000003,,,,,,2,,,,,,,,,1,,,,,,,,,,,,,,,,,,,
3132,LEFT FOOT/TOE (ADULT),,,,,,0,,,,,,3000000003,Radiology,,,123,,,,,,,,3000000003,,,,,,2,,,,,,,,,1,,,,,,,,,,,,,,,,,,,
3133,LEFT FEMUR OR THIGH (ADULT),,,,,,0,,,,,,3000000003,Radiology,,,123,,,,,,,,3000000003,,,,,,2,,,,,,,,,1,,,,,,,,,,,,,,,,,,,
3139,LEFT SHOULDER (AP/LAT) (ADULT),,,,,,0,,,,,,3000000003,Radiology,,,123,,,,,,,,3000000003,,,,,,2,,,,,,,,,1,,,,,,,,,,,,,,,,,,,
3141,LEFT HAND/FINGER (AP/LAT) (CHILDREN),,,,,,0,,,,,,3000000003,Radiology,,,123,,,,,,,,3000000003,,,,,,2,,,,,,,,,1,,,,,,,,,,,,,,,,,,,
82,CROSS MATCH,,,,,,0,,,,,,3030000002,Lab,unit,,448,,,,,,"<p>NONE</p>
",,3030000002,,,,,,2,500,3000,6000,,,,,,1,,,,,,,,,,,,,,,,,,,
3179,PELVIC SCAN (FMC-EB),,,,,,0,,,,,,3000000003,Radiology,,,123,,,,,,,,3000000003,,,,1,,2,,,,,,,,,1,,,,,,,,,,,,,,,,,,,
3186,ECHOCARDIOGRAM SCAN,,,,,,0,,,,,,3000000003,Radiology,,,123,,,,,,,,3000000003,,,,,,2,,,,,,,,,1,,,,,,,,,,,,,,,,,,,
39,THYROID FUNCTION TEST,,,,,,0,,TF0001,,,,3030000004,Lab,unit,,41,,,,,,"<p>NONE</p>
",,3030000004,,,,,,2,1500,0,0,,,,,,1,,,,,,,,,,,,,,,,,,,
2888,Blood Pregnancy Test,,,,,,0,,M0003,,,,3030000004,Lab,,,41,,,,,,"<p>none</p>
",,3030000004,,,,0,,2,,,,,,,,,1,,,,,,,,,,,,,,,,,,,
2899,CULTURE & SENSITIVITY (Endocervical Swab),,,,,,0,,CS0003,,,,3030000001,Lab,,,21,,,,,,"<p>MICROSCOPY:</p>

<p>&nbsp;</p>

<p>&nbsp;</p>

<p>&nbsp;</p>

<p>&nbsp;</p>

<p>GRAM STAIN:</p>

<p>&nbsp;</p>

<p>&nbsp;</p>

<p>TEST NAME: CULTURE AND SENSITIVITY</p>

<p>CULTURE; 1.</p>

<p>&nbsp; &nbsp; &nbsp; &nbsp; &nbsp; &nbsp; &nbsp; &nbsp; &nbsp;&nbsp; 2.</p>

<p>&nbsp; &nbsp; &nbsp; &nbsp; &nbsp; &nbsp; &nbsp; &nbsp; &nbsp; &nbsp; 3.</p>

<p>&nbsp; &nbsp; <u><strong>&nbsp;ANTIBIOTICS&nbsp;</strong></u>&nbsp; &nbsp; &nbsp; &nbsp; &nbsp; &nbsp; &nbsp; &nbsp;&nbsp;&nbsp;1&nbsp; &nbsp;2 &nbsp; 3&nbsp; &nbsp; &nbsp;<u><strong>&nbsp;ANTIBIOTICS&nbsp;</strong></u> &nbsp; &nbsp; &nbsp; &nbsp;1&nbsp; 2&nbsp; 3 &nbsp; <u><strong>&nbsp;ANTIBIOTICS</strong></u><strong>&nbsp; &nbsp;</strong>1 &nbsp; 2&nbsp; 3&nbsp; &nbsp; &nbsp;<u><strong>ANTIFUNGAL</strong></u>&nbsp; &nbsp; &nbsp;&nbsp; 1 &nbsp; 2&nbsp; 3</p>

<table border=""1"" cellpadding=""1"" cellspacing=""1"">
	<tbody>
		<tr>
			<td>GENTAMYCIN</td>
			<td>&nbsp; &nbsp;</td>
			<td>&nbsp; &nbsp; &nbsp;&nbsp;</td>
			<td>&nbsp; &nbsp;&nbsp;</td>
			<td>&nbsp;CEFOTAXIME</td>
			<td>&nbsp; &nbsp;&nbsp;</td>
			<td>&nbsp;&nbsp;</td>
			<td>&nbsp;&nbsp;</td>
			<td>DAPTOMYCIN</td>
			<td>&nbsp;&nbsp;</td>
			<td>&nbsp; &nbsp;&nbsp;</td>
			<td>&nbsp; &nbsp;&nbsp;</td>
			<td>&nbsp;</td>
			<td>&nbsp;</td>
			<td>&nbsp;</td>
			<td>&nbsp;</td>
		</tr>
		<tr>
			<td>TOBRAMYCIN</td>
			<td>&nbsp;&nbsp;</td>
			<td>&nbsp;</td>
			<td>&nbsp;</td>
			<td>TRIMETHOPRIM</td>
			<td>&nbsp;</td>
			<td>&nbsp;</td>
			<td>&nbsp;&nbsp;</td>
			<td>DOXYCYCLINE</td>
			<td>&nbsp;</td>
			<td>&nbsp;</td>
			<td>&nbsp;</td>
			<td>&nbsp;</td>
			<td>&nbsp;</td>
			<td>&nbsp;</td>
			<td>&nbsp;</td>
		</tr>
		<tr>
			<td>CHLORAMPHENICOL</td>
			<td>&nbsp;</td>
			<td>&nbsp;</td>
			<td>&nbsp;</td>
			<td>MEROPENEN</td>
			<td>&nbsp;</td>
			<td>&nbsp;</td>
			<td>&nbsp;</td>
			<td>TETRACYCLINE</td>
			<td>&nbsp;</td>
			<td>&nbsp;</td>
			<td>&nbsp;</td>
			<td>&nbsp;</td>
			<td>&nbsp;</td>
			<td>&nbsp;</td>
			<td>&nbsp;</td>
		</tr>
		<tr>
			<td>AMOXICILLIN/CA</td>
			<td>&nbsp;</td>
			<td>&nbsp;</td>
			<td>&nbsp;</td>
			<td>CEFTAZIDINE</td>
			<td>&nbsp;</td>
			<td>&nbsp;</td>
			<td>&nbsp;</td>
			<td>LINEZOLID</td>
			<td>&nbsp;</td>
			<td>&nbsp;</td>
			<td>&nbsp;</td>
			<td>&nbsp;</td>
			<td>&nbsp;</td>
			<td>&nbsp;</td>
			<td>&nbsp;</td>
		</tr>
		<tr>
			<td>CIPROFLOXACIN</td>
			<td>&nbsp;</td>
			<td>&nbsp;</td>
			<td>&nbsp;</td>
			<td>MOXIFLOXACIN</td>
			<td>&nbsp;</td>
			<td>&nbsp;</td>
			<td>&nbsp;</td>
			<td>LEVOFLOXACIN</td>
			<td>&nbsp;</td>
			<td>&nbsp;</td>
			<td>&nbsp;</td>
			<td>&nbsp;</td>
			<td>&nbsp;</td>
			<td>&nbsp;</td>
			<td>&nbsp;</td>
		</tr>
		<tr>
			<td>LEVOFLOXACIN</td>
			<td>&nbsp;</td>
			<td>&nbsp;</td>
			<td>&nbsp;</td>
			<td>CLARITHROMYCIN</td>
			<td>&nbsp;</td>
			<td>&nbsp;</td>
			<td>&nbsp;</td>
			<td>ANPICLOX</td>
			<td>&nbsp;</td>
			<td>&nbsp;</td>
			<td>&nbsp;</td>
			<td>&nbsp;</td>
			<td>&nbsp;</td>
			<td>&nbsp;</td>
			<td>&nbsp;</td>
		</tr>
		<tr>
			<td>IMIPENEM</td>
			<td>&nbsp;</td>
			<td>&nbsp;</td>
			<td>&nbsp;</td>
			<td>ERYTHROMYCIN</td>
			<td>&nbsp;</td>
			<td>&nbsp;</td>
			<td>&nbsp;</td>
			<td>CEFEXIME</td>
			<td>&nbsp;</td>
			<td>&nbsp;</td>
			<td>&nbsp;</td>
			<td>&nbsp;</td>
			<td>&nbsp;</td>
			<td>&nbsp;</td>
			<td>&nbsp;</td>
		</tr>
		<tr>
			<td>AMPICILLIN/SULBACTAM</td>
			<td>&nbsp;</td>
			<td>&nbsp;</td>
			<td>&nbsp;</td>
			<td>CLINDAMYCIN</td>
			<td>&nbsp;</td>
			<td>&nbsp;</td>
			<td>&nbsp;</td>
			<td>CEFOTAXIME</td>
			<td>&nbsp;</td>
			<td>&nbsp;</td>
			<td>&nbsp;</td>
			<td>&nbsp;</td>
			<td>&nbsp;</td>
			<td>&nbsp;</td>
			<td>&nbsp;</td>
		</tr>
		<tr>
			<td>CEFUROXIME</td>
			<td>&nbsp;</td>
			<td>&nbsp;</td>
			<td>&nbsp;</td>
			<td>AZITHROMYCIN</td>
			<td>&nbsp;</td>
			<td>&nbsp;</td>
			<td>&nbsp;</td>
			<td>IMIPENEM</td>
			<td>&nbsp;</td>
			<td>&nbsp;</td>
			<td>&nbsp;</td>
			<td>&nbsp;</td>
			<td>&nbsp;</td>
			<td>&nbsp;</td>
			<td>&nbsp;</td>
		</tr>
		<tr>
			<td>AMIKACIN</td>
			<td>&nbsp;</td>
			<td>&nbsp;</td>
			<td>&nbsp;</td>
			<td>&nbsp;</td>
			<td>&nbsp;</td>
			<td>&nbsp;</td>
			<td>&nbsp;</td>
			<td>&nbsp;</td>
			<td>&nbsp;</td>
			<td>&nbsp;</td>
			<td>&nbsp;</td>
			<td>&nbsp;</td>
			<td>&nbsp;</td>
			<td>&nbsp;</td>
			<td>&nbsp;</td>
		</tr>
	</tbody>
</table>
",,3030000001,,,,,,2,,,,,,,,,1,,,,,,,,,,,,,,,,,,,
2958,Occlusal,,,,,,0,,,,,,3000000003,Radiology,,,123,,,,,,,,3000000003,,,,,,2,,,,,,,,,1,,,,,,,,,,,,,,,,,,,
2975,CULTURE & SENSITIVITY (lURECTRA  Swab),,,,,,0,,MI023,,,,3030000001,Lab,,,21,,,,,,"<p>MICROSCOPY:</p>

<p>&nbsp;</p>

<p>&nbsp;</p>

<p>&nbsp;</p>

<p>&nbsp;</p>

<p>GRAM STAIN:</p>

<p>&nbsp;</p>

<p>&nbsp;</p>

<p>TEST NAME: CULTURE AND SENSITIVITY</p>

<p>CULTURE; 1.</p>

<p>&nbsp; &nbsp; &nbsp; &nbsp; &nbsp; &nbsp; &nbsp; &nbsp; &nbsp;&nbsp; 2.</p>

<p>&nbsp; &nbsp; &nbsp; &nbsp; &nbsp; &nbsp; &nbsp; &nbsp; &nbsp; &nbsp; 3.</p>

<p>&nbsp; &nbsp; <u><strong>&nbsp;ANTIBIOTICS&nbsp;</strong></u>&nbsp; &nbsp; &nbsp; &nbsp; &nbsp; &nbsp; &nbsp; &nbsp;&nbsp;&nbsp;1&nbsp; &nbsp;2 &nbsp; 3&nbsp; &nbsp; &nbsp;<u><strong>&nbsp;ANTIBIOTICS&nbsp;</strong></u> &nbsp; &nbsp; &nbsp; &nbsp;1&nbsp; 2&nbsp; 3 &nbsp; <u><strong>&nbsp;ANTIBIOTICS</strong></u><strong>&nbsp; &nbsp;</strong>1 &nbsp; 2&nbsp; 3&nbsp; &nbsp; &nbsp;<u><strong>ANTIFUNGAL</strong></u>&nbsp; &nbsp; &nbsp;&nbsp; 1 &nbsp; 2&nbsp; 3</p>

<table border=""1"" cellpadding=""1"" cellspacing=""1"">
	<tbody>
		<tr>
			<td>GENTAMYCIN</td>
			<td>&nbsp; &nbsp;</td>
			<td>&nbsp; &nbsp; &nbsp;&nbsp;</td>
			<td>&nbsp; &nbsp;&nbsp;</td>
			<td>&nbsp;CEFOTAXIME</td>
			<td>&nbsp; &nbsp;&nbsp;</td>
			<td>&nbsp;&nbsp;</td>
			<td>&nbsp;&nbsp;</td>
			<td>DAPTOMYCIN</td>
			<td>&nbsp;&nbsp;</td>
			<td>&nbsp; &nbsp;&nbsp;</td>
			<td>&nbsp; &nbsp;&nbsp;</td>
			<td>&nbsp;</td>
			<td>&nbsp;</td>
			<td>&nbsp;</td>
			<td>&nbsp;</td>
		</tr>
		<tr>
			<td>TOBRAMYCIN</td>
			<td>&nbsp;&nbsp;</td>
			<td>&nbsp;</td>
			<td>&nbsp;</td>
			<td>TRIMETHOPRIM</td>
			<td>&nbsp;</td>
			<td>&nbsp;</td>
			<td>&nbsp;&nbsp;</td>
			<td>DOXYCYCLINE</td>
			<td>&nbsp;</td>
			<td>&nbsp;</td>
			<td>&nbsp;</td>
			<td>&nbsp;</td>
			<td>&nbsp;</td>
			<td>&nbsp;</td>
			<td>&nbsp;</td>
		</tr>
		<tr>
			<td>CHLORAMPHENICOL</td>
			<td>&nbsp;</td>
			<td>&nbsp;</td>
			<td>&nbsp;</td>
			<td>MEROPENEN</td>
			<td>&nbsp;</td>
			<td>&nbsp;</td>
			<td>&nbsp;</td>
			<td>TETRACYCLINE</td>
			<td>&nbsp;</td>
			<td>&nbsp;</td>
			<td>&nbsp;</td>
			<td>&nbsp;</td>
			<td>&nbsp;</td>
			<td>&nbsp;</td>
			<td>&nbsp;</td>
		</tr>
		<tr>
			<td>AMOXICILLIN/CA</td>
			<td>&nbsp;</td>
			<td>&nbsp;</td>
			<td>&nbsp;</td>
			<td>CEFTAZIDINE</td>
			<td>&nbsp;</td>
			<td>&nbsp;</td>
			<td>&nbsp;</td>
			<td>LINEZOLID</td>
			<td>&nbsp;</td>
			<td>&nbsp;</td>
			<td>&nbsp;</td>
			<td>&nbsp;</td>
			<td>&nbsp;</td>
			<td>&nbsp;</td>
			<td>&nbsp;</td>
		</tr>
		<tr>
			<td>CIPROFLOXACIN</td>
			<td>&nbsp;</td>
			<td>&nbsp;</td>
			<td>&nbsp;</td>
			<td>MOXIFLOXACIN</td>
			<td>&nbsp;</td>
			<td>&nbsp;</td>
			<td>&nbsp;</td>
			<td>LEVOFLOXACIN</td>
			<td>&nbsp;</td>
			<td>&nbsp;</td>
			<td>&nbsp;</td>
			<td>&nbsp;</td>
			<td>&nbsp;</td>
			<td>&nbsp;</td>
			<td>&nbsp;</td>
		</tr>
		<tr>
			<td>LEVOFLOXACIN</td>
			<td>&nbsp;</td>
			<td>&nbsp;</td>
			<td>&nbsp;</td>
			<td>CLARITHROMYCIN</td>
			<td>&nbsp;</td>
			<td>&nbsp;</td>
			<td>&nbsp;</td>
			<td>ANPICLOX</td>
			<td>&nbsp;</td>
			<td>&nbsp;</td>
			<td>&nbsp;</td>
			<td>&nbsp;</td>
			<td>&nbsp;</td>
			<td>&nbsp;</td>
			<td>&nbsp;</td>
		</tr>
		<tr>
			<td>IMIPENEM</td>
			<td>&nbsp;</td>
			<td>&nbsp;</td>
			<td>&nbsp;</td>
			<td>ERYTHROMYCIN</td>
			<td>&nbsp;</td>
			<td>&nbsp;</td>
			<td>&nbsp;</td>
			<td>CEFEXIME</td>
			<td>&nbsp;</td>
			<td>&nbsp;</td>
			<td>&nbsp;</td>
			<td>&nbsp;</td>
			<td>&nbsp;</td>
			<td>&nbsp;</td>
			<td>&nbsp;</td>
		</tr>
		<tr>
			<td>AMPICILLIN/SULBACTAM</td>
			<td>&nbsp;</td>
			<td>&nbsp;</td>
			<td>&nbsp;</td>
			<td>CLINDAMYCIN</td>
			<td>&nbsp;</td>
			<td>&nbsp;</td>
			<td>&nbsp;</td>
			<td>CEFOTAXIME</td>
			<td>&nbsp;</td>
			<td>&nbsp;</td>
			<td>&nbsp;</td>
			<td>&nbsp;</td>
			<td>&nbsp;</td>
			<td>&nbsp;</td>
			<td>&nbsp;</td>
		</tr>
		<tr>
			<td>CEFUROXIME</td>
			<td>&nbsp;</td>
			<td>&nbsp;</td>
			<td>&nbsp;</td>
			<td>AZITHROMYCIN</td>
			<td>&nbsp;</td>
			<td>&nbsp;</td>
			<td>&nbsp;</td>
			<td>IMIPENEM</td>
			<td>&nbsp;</td>
			<td>&nbsp;</td>
			<td>&nbsp;</td>
			<td>&nbsp;</td>
			<td>&nbsp;</td>
			<td>&nbsp;</td>
			<td>&nbsp;</td>
		</tr>
		<tr>
			<td>AMIKACIN</td>
			<td>&nbsp;</td>
			<td>&nbsp;</td>
			<td>&nbsp;</td>
			<td>&nbsp;</td>
			<td>&nbsp;</td>
			<td>&nbsp;</td>
			<td>&nbsp;</td>
			<td>&nbsp;</td>
			<td>&nbsp;</td>
			<td>&nbsp;</td>
			<td>&nbsp;</td>
			<td>&nbsp;</td>
			<td>&nbsp;</td>
			<td>&nbsp;</td>
			<td>&nbsp;</td>
		</tr>
	</tbody>
</table>
",,3030000001,,,,,,2,,,,,,,,,1,,,,,,,,,,,,,,,,,,,
2977,Electrolyte/Urea/Creatine (E/U/C),,,,,,0,,,,,,3030000004,Lab,,,41,,,,,,"<p>none</p>
",,3030000004,,,,1,,1,,,,,,,,,1,,,,,,,,,,,,,,,,,,,
3120,LEFT HAND/FINGER (AP/LAT) (ADULT),,,,,,0,,,,,,3000000003,Radiology,,,123,,,,,,,,3000000003,,,,,,2,,,,,,,,,1,,,,,,,,,,,,,,,,,,,
3123,RIGHT FEMUR OR THIGH (CHILDREN),,,,,,0,,,,,,3000000003,Radiology,,,123,,,,,,,,3000000003,,,,,,2,,,,,,,,,1,,,,,,,,,,,,,,,,,,,
3124,RIGHT KNEE (AP/LAT) (CHILDREN),,,,,,0,,,,,,3000000003,Radiology,,,123,,,,,,,,3000000003,,,,,,2,,,,,,,,,1,,,,,,,,,,,,,,,,,,,
3129,LEFT KNEE (AP/LAT) (ADULT),,,,,,0,,,,,,3000000003,Radiology,,,123,,,,,,,,3000000003,,,,,,2,,,,,,,,,1,,,,,,,,,,,,,,,,,,,
3169,Transvaginal,,,,,,0,,,,,,3000000003,Radiology,,,123,,,,,,,,3000000003,,,,,,2,,,,,,,,,1,,,,,,,,,,,,,,,,,,,
104,B) CULTURE & SENSITIVITY (STOOL),,,,,,0,,M004,,,,3030000001,Lab,unit,,21,,,,,,"<p>MICROSCOPY:</p>

<p>&nbsp;</p>

<p>&nbsp;</p>

<p>&nbsp;</p>

<p>&nbsp;</p>

<p>GRAM STAIN:</p>

<p>&nbsp;</p>

<p>&nbsp;</p>

<p>TEST NAME: CULTURE AND SENSITIVITY</p>

<p>CULTURE; 1.</p>

<p>&nbsp; &nbsp; &nbsp; &nbsp; &nbsp; &nbsp; &nbsp; &nbsp; &nbsp;&nbsp; 2.</p>

<p>&nbsp; &nbsp; &nbsp; &nbsp; &nbsp; &nbsp; &nbsp; &nbsp; &nbsp; &nbsp; 3.</p>

<p>&nbsp; &nbsp; <u><strong>&nbsp;ANTIBIOTICS&nbsp;</strong></u>&nbsp; &nbsp; &nbsp; &nbsp; &nbsp; &nbsp; &nbsp; &nbsp;&nbsp;&nbsp;1&nbsp; &nbsp;2 &nbsp; 3&nbsp; &nbsp; &nbsp;<u><strong>&nbsp;ANTIBIOTICS&nbsp;</strong></u> &nbsp; &nbsp; &nbsp; &nbsp;1&nbsp; 2&nbsp; 3 &nbsp; <u><strong>&nbsp;ANTIBIOTICS</strong></u><strong>&nbsp; &nbsp;</strong>1 &nbsp; 2&nbsp; 3&nbsp; &nbsp; &nbsp;<u><strong>ANTIFUNGAL</strong></u>&nbsp; &nbsp; &nbsp;&nbsp; 1 &nbsp; 2&nbsp; 3</p>

<table border=""1"" cellpadding=""1"" cellspacing=""1"">
	<tbody>
		<tr>
			<td>GENTAMYCIN</td>
			<td>&nbsp; &nbsp;</td>
			<td>&nbsp; &nbsp; &nbsp;&nbsp;</td>
			<td>&nbsp; &nbsp;&nbsp;</td>
			<td>&nbsp;CEFOTAXIME</td>
			<td>&nbsp; &nbsp;&nbsp;</td>
			<td>&nbsp;&nbsp;</td>
			<td>&nbsp;&nbsp;</td>
			<td>DAPTOMYCIN</td>
			<td>&nbsp;&nbsp;</td>
			<td>&nbsp; &nbsp;&nbsp;</td>
			<td>&nbsp; &nbsp;&nbsp;</td>
			<td>&nbsp;</td>
			<td>&nbsp;</td>
			<td>&nbsp;</td>
			<td>&nbsp;</td>
		</tr>
		<tr>
			<td>TOBRAMYCIN</td>
			<td>&nbsp;&nbsp;</td>
			<td>&nbsp;</td>
			<td>&nbsp;</td>
			<td>TRIMETHOPRIM</td>
			<td>&nbsp;</td>
			<td>&nbsp;</td>
			<td>&nbsp;&nbsp;</td>
			<td>DOXYCYCLINE</td>
			<td>&nbsp;</td>
			<td>&nbsp;</td>
			<td>&nbsp;</td>
			<td>&nbsp;</td>
			<td>&nbsp;</td>
			<td>&nbsp;</td>
			<td>&nbsp;</td>
		</tr>
		<tr>
			<td>CHLORAMPHENICOL</td>
			<td>&nbsp;</td>
			<td>&nbsp;</td>
			<td>&nbsp;</td>
			<td>MEROPENEN</td>
			<td>&nbsp;</td>
			<td>&nbsp;</td>
			<td>&nbsp;</td>
			<td>TETRACYCLINE</td>
			<td>&nbsp;</td>
			<td>&nbsp;</td>
			<td>&nbsp;</td>
			<td>&nbsp;</td>
			<td>&nbsp;</td>
			<td>&nbsp;</td>
			<td>&nbsp;</td>
		</tr>
		<tr>
			<td>AMOXICILLIN/CA</td>
			<td>&nbsp;</td>
			<td>&nbsp;</td>
			<td>&nbsp;</td>
			<td>CEFTAZIDINE</td>
			<td>&nbsp;</td>
			<td>&nbsp;</td>
			<td>&nbsp;</td>
			<td>LINEZOLID</td>
			<td>&nbsp;</td>
			<td>&nbsp;</td>
			<td>&nbsp;</td>
			<td>&nbsp;</td>
			<td>&nbsp;</td>
			<td>&nbsp;</td>
			<td>&nbsp;</td>
		</tr>
		<tr>
			<td>CIPROFLOXACIN</td>
			<td>&nbsp;</td>
			<td>&nbsp;</td>
			<td>&nbsp;</td>
			<td>MOXIFLOXACIN</td>
			<td>&nbsp;</td>
			<td>&nbsp;</td>
			<td>&nbsp;</td>
			<td>LEVOFLOXACIN</td>
			<td>&nbsp;</td>
			<td>&nbsp;</td>
			<td>&nbsp;</td>
			<td>&nbsp;</td>
			<td>&nbsp;</td>
			<td>&nbsp;</td>
			<td>&nbsp;</td>
		</tr>
		<tr>
			<td>LEVOFLOXACIN</td>
			<td>&nbsp;</td>
			<td>&nbsp;</td>
			<td>&nbsp;</td>
			<td>CLARITHROMYCIN</td>
			<td>&nbsp;</td>
			<td>&nbsp;</td>
			<td>&nbsp;</td>
			<td>ANPICLOX</td>
			<td>&nbsp;</td>
			<td>&nbsp;</td>
			<td>&nbsp;</td>
			<td>&nbsp;</td>
			<td>&nbsp;</td>
			<td>&nbsp;</td>
			<td>&nbsp;</td>
		</tr>
		<tr>
			<td>IMIPENEM</td>
			<td>&nbsp;</td>
			<td>&nbsp;</td>
			<td>&nbsp;</td>
			<td>ERYTHROMYCIN</td>
			<td>&nbsp;</td>
			<td>&nbsp;</td>
			<td>&nbsp;</td>
			<td>CEFEXIME</td>
			<td>&nbsp;</td>
			<td>&nbsp;</td>
			<td>&nbsp;</td>
			<td>&nbsp;</td>
			<td>&nbsp;</td>
			<td>&nbsp;</td>
			<td>&nbsp;</td>
		</tr>
		<tr>
			<td>AMPICILLIN/SULBACTAM</td>
			<td>&nbsp;</td>
			<td>&nbsp;</td>
			<td>&nbsp;</td>
			<td>CLINDAMYCIN</td>
			<td>&nbsp;</td>
			<td>&nbsp;</td>
			<td>&nbsp;</td>
			<td>CEFOTAXIME</td>
			<td>&nbsp;</td>
			<td>&nbsp;</td>
			<td>&nbsp;</td>
			<td>&nbsp;</td>
			<td>&nbsp;</td>
			<td>&nbsp;</td>
			<td>&nbsp;</td>
		</tr>
		<tr>
			<td>CEFUROXIME</td>
			<td>&nbsp;</td>
			<td>&nbsp;</td>
			<td>&nbsp;</td>
			<td>AZITHROMYCIN</td>
			<td>&nbsp;</td>
			<td>&nbsp;</td>
			<td>&nbsp;</td>
			<td>IMIPENEM</td>
			<td>&nbsp;</td>
			<td>&nbsp;</td>
			<td>&nbsp;</td>
			<td>&nbsp;</td>
			<td>&nbsp;</td>
			<td>&nbsp;</td>
			<td>&nbsp;</td>
		</tr>
		<tr>
			<td>AMIKACIN</td>
			<td>&nbsp;</td>
			<td>&nbsp;</td>
			<td>&nbsp;</td>
			<td>&nbsp;</td>
			<td>&nbsp;</td>
			<td>&nbsp;</td>
			<td>&nbsp;</td>
			<td>&nbsp;</td>
			<td>&nbsp;</td>
			<td>&nbsp;</td>
			<td>&nbsp;</td>
			<td>&nbsp;</td>
			<td>&nbsp;</td>
			<td>&nbsp;</td>
			<td>&nbsp;</td>
		</tr>
	</tbody>
</table>
",,3030000001,,,,,,2,650,8000,16000,,,,,,1,,,,,,,,,,,,,,,,,,,
3177,ABDOMINAL USS SCAN (FMC-EB),,,,,,0,,,,,,3000000003,Radiology,,,123,,,,,,,,3000000003,,,,1,,2,,,,,,,,,1,,,,,,,,,,,,,,,,,,,
3206,CT Urograme (CHILDREN),,,,,,0,,,,,,3000000003,Radiology,,,123,,,,,,,,3000000003,,,,,,2,,,,,,,,,1,,,,,,,,,,,,,,,,,,,
71,CLOTTING TIME,,,,,,0,,9988,,,,3030000002,Lab,unit,,22,,,,,,"<p>&nbsp;</p>

<table border=""1"" cellpadding=""1"" cellspacing=""1"" style=""width:500px"">
	<tbody>
		<tr>
			<td>CLOTTING TIME</td>
			<td>&nbsp; &nbsp; &nbsp; &nbsp;</td>
			<td>2-9</td>
			<td>Mins</td>
		</tr>
	</tbody>
</table>

<p>&nbsp;</p>
",,3030000002,,,,0,,2,500,1000,2000,,,,,,1,,,,,,,,,,,,,,,,,,,
3228,RHENMATOID FACTOR,,,,,,0,,RF001,,,,3030000001,Lab,,,21,,,,,,,,3000000008,,,,1,,2,,,,,,,,,1,,,,,,,,,,,,,,,,,,,
3111,FEMALE INFERTILITY HORMONES,,,,,,0,,,,,,3030000004,Lab,,,41,,,,,,"<table border=""1"" cellpadding=""1"" cellspacing=""1"" style=""height:300px; width:300px"">
	<tbody>
		<tr>
			<td>PHASES/PROFILE&nbsp;</td>
			<td>FOLLICLE STIMULATING HORMONE</td>
			<td>LEUTEINIZING HORMONE&nbsp;</td>
			<td>ESTRADIOL</td>
			<td>PROGESTERONE&nbsp;</td>
		</tr>
		<tr>
			<td>FOLLICULAR&nbsp;&nbsp;&nbsp;&nbsp;</td>
			<td>3.2-15.0&nbsp;</td>
			<td>&nbsp;1.2-12.5</td>
			<td>&nbsp;15-112&nbsp;&nbsp;&nbsp;&nbsp;&nbsp;</td>
			<td>&nbsp;0.36-1.21</td>
		</tr>
		<tr>
			<td>OVULATORY/PREOVUL.</td>
			<td>&nbsp;&nbsp;7.5-20.0&nbsp;&nbsp;&nbsp;</td>
			<td>12-82&nbsp;&nbsp;&nbsp;</td>
			<td>&nbsp;136-251&nbsp;&nbsp;&nbsp;&nbsp;</td>
			<td>&nbsp;&nbsp;&nbsp;&nbsp;0.39-22.87</td>
		</tr>
		<tr>
			<td>LUTEAL&nbsp;&nbsp;</td>
			<td>&nbsp;1.3-11.0</td>
			<td>&nbsp;&nbsp;0.4-19&nbsp;&nbsp;&nbsp;</td>
			<td>48-172&nbsp;&nbsp;</td>
			<td>2.12- 26.87</td>
		</tr>
		<tr>
			<td>POST MENSTRUAL&nbsp;</td>
			<td>&nbsp;36-138&nbsp;&nbsp;&nbsp;</td>
			<td>&nbsp;14-48&nbsp;&nbsp;&nbsp;&nbsp;&nbsp;</td>
			<td>&nbsp;&nbsp;10-66&nbsp;</td>
			<td>&nbsp;0.89</td>
		</tr>
	</tbody>
</table>

<p>&nbsp;</p>
",,3030000004,,,,,,2,,,,,,,,,1,,,,,,,,,,,,,,,,,,,
3264,VAGINAL SWAB (CHILDREN),,,,,,0,,VS004,,,,3030000001,Lab,,,21,,,,,,"<p>MICROSCOPY:</p>

<p>&nbsp;</p>

<p>&nbsp;</p>

<p>&nbsp;</p>

<p>&nbsp;</p>

<p>GRAM STAIN:</p>

<p>&nbsp;</p>

<p>&nbsp;</p>

<p>CULTURE AND SENSITIVITY</p>

<p>CULTURE; 1.</p>

<p>&nbsp; &nbsp; &nbsp; &nbsp; &nbsp; &nbsp; &nbsp; &nbsp; &nbsp;&nbsp; 2.</p>

<p>&nbsp; &nbsp; &nbsp; &nbsp; &nbsp; &nbsp; &nbsp; &nbsp; &nbsp; &nbsp; 3.</p>

<p>&nbsp; &nbsp; <u><strong>&nbsp;ANTIBIOTICS&nbsp;</strong></u>&nbsp; &nbsp; &nbsp; &nbsp; &nbsp; &nbsp; &nbsp; &nbsp;&nbsp;&nbsp;1&nbsp; &nbsp;2 &nbsp; 3&nbsp; &nbsp; &nbsp;<u><strong>&nbsp;ANTIBIOTICS&nbsp;</strong></u> &nbsp; &nbsp; &nbsp; &nbsp;1&nbsp; 2&nbsp; 3 &nbsp; <u><strong>&nbsp;ANTIBIOTICS</strong></u><strong>&nbsp; &nbsp;</strong>1 &nbsp; 2&nbsp; 3&nbsp; &nbsp; &nbsp;<u><strong>ANTIFUNGAL</strong></u>&nbsp; &nbsp; &nbsp;&nbsp; 1 &nbsp; 2&nbsp; 3</p>

<table border=""1"" cellpadding=""1"" cellspacing=""1"">
	<tbody>
		<tr>
			<td>GENTAMYCIN</td>
			<td>&nbsp; &nbsp;</td>
			<td>&nbsp; &nbsp; &nbsp;&nbsp;</td>
			<td>&nbsp; &nbsp;&nbsp;</td>
			<td>&nbsp;CEFOTAXIME</td>
			<td>&nbsp; &nbsp;&nbsp;</td>
			<td>&nbsp;&nbsp;</td>
			<td>&nbsp;&nbsp;</td>
			<td>DAPTOMYCIN</td>
			<td>&nbsp;&nbsp;</td>
			<td>&nbsp; &nbsp;&nbsp;</td>
			<td>&nbsp; &nbsp;&nbsp;</td>
			<td>&nbsp;ITRACONAZOLE</td>
			<td>&nbsp; &nbsp;&nbsp;</td>
			<td>&nbsp;&nbsp;</td>
			<td>&nbsp; &nbsp;&nbsp;</td>
		</tr>
		<tr>
			<td>TOBRAMYCIN</td>
			<td>&nbsp;&nbsp;</td>
			<td>&nbsp;</td>
			<td>&nbsp;</td>
			<td>TRIMETHOPRIM</td>
			<td>&nbsp;</td>
			<td>&nbsp;</td>
			<td>&nbsp;&nbsp;</td>
			<td>DOXYCYCLINE</td>
			<td>&nbsp;</td>
			<td>&nbsp;</td>
			<td>&nbsp;</td>
			<td>KETOCONAZOLE</td>
			<td>&nbsp;</td>
			<td>&nbsp;</td>
			<td>&nbsp;</td>
		</tr>
		<tr>
			<td>CHLORAMPHENICOL</td>
			<td>&nbsp;</td>
			<td>&nbsp;</td>
			<td>&nbsp;</td>
			<td>MEROPENEN</td>
			<td>&nbsp;</td>
			<td>&nbsp;</td>
			<td>&nbsp;</td>
			<td>TETRACYCLINE</td>
			<td>&nbsp;</td>
			<td>&nbsp;</td>
			<td>&nbsp;</td>
			<td>AMPHOTERICIN B</td>
			<td>&nbsp; &nbsp;</td>
			<td>&nbsp;</td>
			<td>&nbsp;</td>
		</tr>
		<tr>
			<td>AMOXICILLIN/CA</td>
			<td>&nbsp;</td>
			<td>&nbsp;</td>
			<td>&nbsp;</td>
			<td>CEFTAZIDINE</td>
			<td>&nbsp;</td>
			<td>&nbsp;</td>
			<td>&nbsp;</td>
			<td>RIFAMPIN</td>
			<td>&nbsp;</td>
			<td>&nbsp;</td>
			<td>&nbsp;</td>
			<td>MICONAZOLE</td>
			<td>&nbsp;</td>
			<td>&nbsp;</td>
			<td>&nbsp;</td>
		</tr>
		<tr>
			<td>CIPROFLOXACIN</td>
			<td>&nbsp;</td>
			<td>&nbsp;</td>
			<td>&nbsp;</td>
			<td>MOXIFLOXACIN</td>
			<td>&nbsp;</td>
			<td>&nbsp;</td>
			<td>&nbsp;</td>
			<td>LINEZOLID</td>
			<td>&nbsp;</td>
			<td>&nbsp;</td>
			<td>&nbsp;</td>
			<td>NYSTATIN</td>
			<td>&nbsp;</td>
			<td>&nbsp;</td>
			<td>&nbsp;</td>
		</tr>
		<tr>
			<td>LEVOFLOXACIN</td>
			<td>&nbsp;</td>
			<td>&nbsp;</td>
			<td>&nbsp;</td>
			<td>CLARITHROMYCIN</td>
			<td>&nbsp;</td>
			<td>&nbsp;</td>
			<td>&nbsp;</td>
			<td>&nbsp;</td>
			<td>&nbsp;</td>
			<td>&nbsp;</td>
			<td>&nbsp;</td>
			<td>ECONAZOLE</td>
			<td>&nbsp;</td>
			<td>&nbsp;</td>
			<td>&nbsp;</td>
		</tr>
		<tr>
			<td>IMIPENEM</td>
			<td>&nbsp;</td>
			<td>&nbsp;</td>
			<td>&nbsp;</td>
			<td>ERYTHROMYCIN</td>
			<td>&nbsp;</td>
			<td>&nbsp;</td>
			<td>&nbsp;</td>
			<td>&nbsp;</td>
			<td>&nbsp;</td>
			<td>&nbsp;</td>
			<td>&nbsp;</td>
			<td>VORICONAZOLE</td>
			<td>&nbsp;</td>
			<td>&nbsp;</td>
			<td>&nbsp;</td>
		</tr>
		<tr>
			<td>AMPICILLIN/SULBACTAM</td>
			<td>&nbsp;</td>
			<td>&nbsp;</td>
			<td>&nbsp;</td>
			<td>CLINDAMYCIN</td>
			<td>&nbsp;</td>
			<td>&nbsp;</td>
			<td>&nbsp;</td>
			<td>&nbsp;</td>
			<td>&nbsp;</td>
			<td>&nbsp;</td>
			<td>&nbsp;</td>
			<td>FLUCONAZOLE</td>
			<td>&nbsp;</td>
			<td>&nbsp;</td>
			<td>&nbsp;</td>
		</tr>
		<tr>
			<td>CEFUROXIME</td>
			<td>&nbsp;</td>
			<td>&nbsp;</td>
			<td>&nbsp;</td>
			<td>AZITHROMYCIN</td>
			<td>&nbsp;</td>
			<td>&nbsp;</td>
			<td>&nbsp;</td>
			<td>&nbsp;</td>
			<td>&nbsp;</td>
			<td>&nbsp;</td>
			<td>&nbsp;</td>
			<td>5- FLUCYTOSINE</td>
			<td>&nbsp;</td>
			<td>&nbsp;</td>
			<td>&nbsp;</td>
		</tr>
		<tr>
			<td>AMIKACIN</td>
			<td>&nbsp;</td>
			<td>&nbsp;</td>
			<td>&nbsp;</td>
			<td>&nbsp;</td>
			<td>&nbsp;</td>
			<td>&nbsp;</td>
			<td>&nbsp;</td>
			<td>&nbsp;</td>
			<td>&nbsp;</td>
			<td>&nbsp;</td>
			<td>&nbsp;</td>
			<td>&nbsp;</td>
			<td>&nbsp;</td>
			<td>&nbsp;</td>
			<td>&nbsp;</td>
		</tr>
	</tbody>
</table>

<p>&nbsp;</p>
",,3030000001,,,,,,2,,,,,,,,,1,,,,,,,,,,,,,,,,,,,
6189,Dextrose Water 5%,,Add Item to Watch List,1,0,,,,,,,,3010000001,Pharmacy,,,1007,,i.m,,,,,,,,,1,1,0,0,,,,,1,,,Drugs,1,Packs,Packs,,,,,,,,,,,,,,,,,
6195, Amoxicillin 250mg,,Add Item to Watch List,,0,,,,,,,,3010000001,Pharmacy,,,1022,,Inj,,,,,,,,,1,,0,0,,,,,1,,,Drugs,1,Packs,Amp,,,,,,,,,,,,,,,,,
6271, Lisinopril 5mg,,Add Item to Watch List,,0,,,,,,,,3010000001,Pharmacy,,,993,,Tab,,,,,,,,,28,,0,0,,,,,1,,,Drugs,1,Tablet,Tablet,,,,,,,,,,,,,,,,,
6272, Lisinopril 10mg,,Add Item to Watch List,,0,,,,,,,,3010000001,Pharmacy,,,993,,Tab,,,,,,,,,28,,0,0,,,,,1,,,Drugs,1,Tablet,Tablet,,,,,,,,,,,,,,,,,
2886,Helicobacter Pylori (Stool),,,,,,0,,M0001,,,,3030000001,Lab,,,21,,,,,,"<p>none</p>
",,3030000001,,,,,,0,,,,,,,,,1,,,,,,,,,,,,,,,,,,,
2887,Helicobacter Pylori (Blood),,,,,,0,,M0002,,,,3030000001,Lab,,,21,,,,,,"<p>none</p>
",,3000000008,,,,,,0,,,,,,,,,1,,,,,,,,,,,,,,,,,,,
12,D) ALANINE AMINOTRANSFERASE...,,,,,,0,,,,,,3030000004,Lab,unit,,41,,,,,,"<p>NONE</p>
",,,,,,1,,2,500,1500,3000,,,,,,1,,,,,,,,,,,,,,,,,,,
74,HB GENOTYPE,,,,,,0,,07667,,,,3030000002,Lab,unit,,22,,,,,,"<p>MED LAB SCIENTIST COMMENT:</p>
",,3030000002,,,,0,,2,500,1500,3000,,,,,,1,,,,,,,,,,,,,,,,,,,
6277, Captopril 25mg,,Add Item to Watch List,,0,,,,,,,,3010000001,Pharmacy,,,993,,Tab,,,,,,,,,30,,0,0,,,,,1,,,Drugs,1,Tablet,Tablet,,,,,,,,,,,,,,,,,
6295,Mebendazole 100mg,,,1,0,,,,,,,,3010000001,Pharmacy,,,247,,Tab,,,,,,,,,1,1,0,0,,,,,1,,,Drugs,1,Tablet,Tablet,,,,,,,,,,,,,,,,,
6299,Dispensing Tray,,,1,0,,,,,,,,3010000001,Pharmacy,,,270,,General Consumables,,,,,,,,,,1,0,0,,,,,1,,,Consumables,1,Packs,Packs,,,,,,,,,,,,,,,,,
6300, Diazepam 5mg,,Add Item to Watch List,,0,,,,,,,,3010000001,Pharmacy,,,1033,,Tab,,,,,,,,,100,,0,0,,,,,1,,,Drugs,1,Packs,Tablet,,,,,,,,,,,,,,,,,
6303,Propranolol 40mg,,Add Item to Watch List,,0,,,,,,,,3010000001,Pharmacy,,,993,,Tab,,,,,,,,,1000,0,0,0,,,,,1,,,Drugs,1,Packs,Tablet,,,,,,,,,,,,,,,,,
2959,Study Cast,,,,,,0,,,,,,3000000003,Radiology,,,123,,,,,,,,3000000003,,,,,,2,,,,,,,,,1,,,,,,,,,,,,,,,,,,,
6320,Artemether/Lumefantrine 20/120 mg,,Add Item to Watch List,,0,,,,,,,,3010000001,Pharmacy,,,410,,Tab,,,,,,,,,1,1,0,0,,,,,1,,,Drugs,1,Packs,Tablet,,,,,,,,,,,,,,,,,
6332,ADMISSION OVERNIGHT FOR CHILDREN-GMPC,,,,,,,,,,,,3000000025,Services,Unit,,366,Other,,,,,,,,,,,,,0,,,,,,,,,1,,,,,,1,21-Sep-23,,,,,,,,,,,,
6365,Carrier Bag,,,1,0,,,,,,,,3010000001,Pharmacy,,,996,,General Consumables,,,,,,,,,1,1,0,0,,,,,1,,,Consumables,1,Packs,Pieces,,,,,,,,,,,,,,,,,
6372,ESCITALOPRAM 10MG,,Add Item to Watch List,1,0,,,,,,,,3010000001,Pharmacy,,,1006,,Tab,,,,,,,,,1,1,0,0,,,,,1,,,Drugs,1,Packs,Tablet,,,,,,,,,,,,,,,,,
6378, Phenobarbitone 30mg,,Add Item to Watch List,,0,,,,,,,,3010000001,Pharmacy,,,251,,Tab,,,,,,,,,1000,,0,0,,,,,1,,,Drugs,1,Packs,Tablet,,,,,,,,,,,,,,,,,
6389,Lamotrigine 25mg,,Add Item to Watch List,,0,,,,,,,,3010000001,Pharmacy,,,251,,Tab,,,,,,,,,56,,0,0,,,,,1,,,Drugs,1,Packs,Tablet,,,,,,,,,,,,,,,,,
2990,CSF: MICROSCOPY & COUNT,,,,,,0,,555,,,,3030000004,Lab,,,41,,,,,,,,3030000004,,,,,,2,,,,,,,,,1,,,,,,,,,,,,,,,,,,,
6399,Pyrimethamine/Sulphadoxine (fansider),,Add Item to Watch List,,0,,,,,,,,3010000001,Pharmacy,,,410,,Tab,,,,,,,,,1,1,0,0,,,,,1,,,Drugs,1,Packs,Tablet,,,,,,,,,,,,,,,,,
6402,INJ. Chloroquine 300mg,,Add Item to Watch List,,0,,,,,,,,3010000001,Pharmacy,,,410,,Inj,,,,,,,,,1,1,0,0,,,,,1,,,Drugs,1,Packs,Tablet,,,,,,,,,,,,,,,,,
6585,BASAT,,,,,,,,91000112,,,,3000000028,Services,Unit,,1001,Other,,,,,,,,,,,,,2,,,,,,,,,1,,,,,,4816,22-Sep-23,,,,,,,,,,,,
3106,EAR SWAB M/C/S,,,,,,0,,,,,,3030000001,Lab,,,21,,,,,,"<p>MICROSCOPY:</p>

<p>&nbsp;</p>

<p>&nbsp;</p>

<p>&nbsp;</p>

<p>&nbsp;</p>

<p>GRAM STAIN:</p>

<p>&nbsp;</p>

<p>&nbsp;</p>

<p>CULTURE AND SENSITIVITY</p>

<p>CULTURE; 1.</p>

<p>&nbsp; &nbsp; &nbsp; &nbsp; &nbsp; &nbsp; &nbsp; &nbsp; &nbsp;&nbsp; 2.</p>

<p>&nbsp; &nbsp; &nbsp; &nbsp; &nbsp; &nbsp; &nbsp; &nbsp; &nbsp; &nbsp; 3.</p>

<p>&nbsp; &nbsp; <u><strong>&nbsp;ANTIBIOTICS&nbsp;</strong></u>&nbsp; &nbsp; &nbsp; &nbsp; &nbsp; &nbsp; &nbsp; &nbsp;&nbsp;&nbsp;1&nbsp; &nbsp;2 &nbsp; 3&nbsp; &nbsp; &nbsp;<u><strong>&nbsp;ANTIBIOTICS&nbsp;</strong></u> &nbsp; &nbsp; &nbsp; &nbsp;1&nbsp; 2&nbsp; 3 &nbsp; <u><strong>&nbsp;ANTIBIOTICS</strong></u><strong>&nbsp; &nbsp;</strong>1 &nbsp; 2&nbsp; 3&nbsp; &nbsp; &nbsp;<u><strong>ANTIFUNGAL</strong></u>&nbsp; &nbsp; &nbsp;&nbsp; 1 &nbsp; 2&nbsp; 3</p>

<table border=""1"" cellpadding=""1"" cellspacing=""1"">
	<tbody>
		<tr>
			<td>GENTAMYCIN</td>
			<td>&nbsp; &nbsp;</td>
			<td>&nbsp; &nbsp; &nbsp;&nbsp;</td>
			<td>&nbsp; &nbsp;&nbsp;</td>
			<td>&nbsp;CEFOTAXIME</td>
			<td>&nbsp; &nbsp;&nbsp;</td>
			<td>&nbsp;&nbsp;</td>
			<td>&nbsp;&nbsp;</td>
			<td>DAPTOMYCIN</td>
			<td>&nbsp;&nbsp;</td>
			<td>&nbsp; &nbsp;&nbsp;</td>
			<td>&nbsp; &nbsp;&nbsp;</td>
			<td>&nbsp;ITRACONAZOLE</td>
			<td>&nbsp; &nbsp;&nbsp;</td>
			<td>&nbsp;&nbsp;</td>
			<td>&nbsp; &nbsp;&nbsp;</td>
		</tr>
		<tr>
			<td>TOBRAMYCIN</td>
			<td>&nbsp;&nbsp;</td>
			<td>&nbsp;</td>
			<td>&nbsp;</td>
			<td>TRIMETHOPRIM</td>
			<td>&nbsp;</td>
			<td>&nbsp;</td>
			<td>&nbsp;&nbsp;</td>
			<td>DOXYCYCLINE</td>
			<td>&nbsp;</td>
			<td>&nbsp;</td>
			<td>&nbsp;</td>
			<td>KETOCONAZOLE</td>
			<td>&nbsp;</td>
			<td>&nbsp;</td>
			<td>&nbsp;</td>
		</tr>
		<tr>
			<td>CHLORAMPHENICOL</td>
			<td>&nbsp;</td>
			<td>&nbsp;</td>
			<td>&nbsp;</td>
			<td>MEROPENEN</td>
			<td>&nbsp;</td>
			<td>&nbsp;</td>
			<td>&nbsp;</td>
			<td>TETRACYCLINE</td>
			<td>&nbsp;</td>
			<td>&nbsp;</td>
			<td>&nbsp;</td>
			<td>AMPHOTERICIN B</td>
			<td>&nbsp; &nbsp;</td>
			<td>&nbsp;</td>
			<td>&nbsp;</td>
		</tr>
		<tr>
			<td>AMOXICILLIN/CA</td>
			<td>&nbsp;</td>
			<td>&nbsp;</td>
			<td>&nbsp;</td>
			<td>CEFTAZIDINE</td>
			<td>&nbsp;</td>
			<td>&nbsp;</td>
			<td>&nbsp;</td>
			<td>RIFAMPIN</td>
			<td>&nbsp;</td>
			<td>&nbsp;</td>
			<td>&nbsp;</td>
			<td>MICONAZOLE</td>
			<td>&nbsp;</td>
			<td>&nbsp;</td>
			<td>&nbsp;</td>
		</tr>
		<tr>
			<td>CIPROFLOXACIN</td>
			<td>&nbsp;</td>
			<td>&nbsp;</td>
			<td>&nbsp;</td>
			<td>MOXIFLOXACIN</td>
			<td>&nbsp;</td>
			<td>&nbsp;</td>
			<td>&nbsp;</td>
			<td>LINEZOLID</td>
			<td>&nbsp;</td>
			<td>&nbsp;</td>
			<td>&nbsp;</td>
			<td>NYSTATIN</td>
			<td>&nbsp;</td>
			<td>&nbsp;</td>
			<td>&nbsp;</td>
		</tr>
		<tr>
			<td>LEVOFLOXACIN</td>
			<td>&nbsp;</td>
			<td>&nbsp;</td>
			<td>&nbsp;</td>
			<td>CLARITHROMYCIN</td>
			<td>&nbsp;</td>
			<td>&nbsp;</td>
			<td>&nbsp;</td>
			<td>&nbsp;</td>
			<td>&nbsp;</td>
			<td>&nbsp;</td>
			<td>&nbsp;</td>
			<td>ECONAZOLE</td>
			<td>&nbsp;</td>
			<td>&nbsp;</td>
			<td>&nbsp;</td>
		</tr>
		<tr>
			<td>IMIPENEM</td>
			<td>&nbsp;</td>
			<td>&nbsp;</td>
			<td>&nbsp;</td>
			<td>ERYTHROMYCIN</td>
			<td>&nbsp;</td>
			<td>&nbsp;</td>
			<td>&nbsp;</td>
			<td>&nbsp;</td>
			<td>&nbsp;</td>
			<td>&nbsp;</td>
			<td>&nbsp;</td>
			<td>VORICONAZOLE</td>
			<td>&nbsp;</td>
			<td>&nbsp;</td>
			<td>&nbsp;</td>
		</tr>
		<tr>
			<td>AMPICILLIN/SULBACTAM</td>
			<td>&nbsp;</td>
			<td>&nbsp;</td>
			<td>&nbsp;</td>
			<td>CLINDAMYCIN</td>
			<td>&nbsp;</td>
			<td>&nbsp;</td>
			<td>&nbsp;</td>
			<td>&nbsp;</td>
			<td>&nbsp;</td>
			<td>&nbsp;</td>
			<td>&nbsp;</td>
			<td>FLUCONAZOLE</td>
			<td>&nbsp;</td>
			<td>&nbsp;</td>
			<td>&nbsp;</td>
		</tr>
		<tr>
			<td>CEFUROXIME</td>
			<td>&nbsp;</td>
			<td>&nbsp;</td>
			<td>&nbsp;</td>
			<td>AZITHROMYCIN</td>
			<td>&nbsp;</td>
			<td>&nbsp;</td>
			<td>&nbsp;</td>
			<td>&nbsp;</td>
			<td>&nbsp;</td>
			<td>&nbsp;</td>
			<td>&nbsp;</td>
			<td>5- FLUCYTOSINE</td>
			<td>&nbsp;</td>
			<td>&nbsp;</td>
			<td>&nbsp;</td>
		</tr>
		<tr>
			<td>AMIKACIN</td>
			<td>&nbsp;</td>
			<td>&nbsp;</td>
			<td>&nbsp;</td>
			<td>&nbsp;</td>
			<td>&nbsp;</td>
			<td>&nbsp;</td>
			<td>&nbsp;</td>
			<td>&nbsp;</td>
			<td>&nbsp;</td>
			<td>&nbsp;</td>
			<td>&nbsp;</td>
			<td>&nbsp;</td>
			<td>&nbsp;</td>
			<td>&nbsp;</td>
			<td>&nbsp;</td>
		</tr>
	</tbody>
</table>

<p>&nbsp;</p>
",,3030000001,,,,,,2,,,,,,,,,1,,,,,,,,,,,,,,,,,,,
3107,EYE SWAB M/C/S,,,,,,0,,,,,,3030000001,Lab,,,21,,,,,,"<p>MICROSCOPY:</p>

<p>&nbsp;</p>

<p>&nbsp;</p>

<p>&nbsp;</p>

<p>&nbsp;</p>

<p>GRAM STAIN:</p>

<p>&nbsp;</p>

<p>&nbsp;</p>

<p>CULTURE AND SENSITIVITY</p>

<p>CULTURE; 1.</p>

<p>&nbsp; &nbsp; &nbsp; &nbsp; &nbsp; &nbsp; &nbsp; &nbsp; &nbsp;&nbsp; 2.</p>

<p>&nbsp; &nbsp; &nbsp; &nbsp; &nbsp; &nbsp; &nbsp; &nbsp; &nbsp; &nbsp; 3.</p>

<p>&nbsp; &nbsp; <u><strong>&nbsp;ANTIBIOTICS&nbsp;</strong></u>&nbsp; &nbsp; &nbsp; &nbsp; &nbsp; &nbsp; &nbsp; &nbsp;&nbsp;&nbsp;1&nbsp; &nbsp;2 &nbsp; 3&nbsp; &nbsp; &nbsp;<u><strong>&nbsp;ANTIBIOTICS&nbsp;</strong></u> &nbsp; &nbsp; &nbsp; &nbsp;1&nbsp; 2&nbsp; 3 &nbsp; <u><strong>&nbsp;ANTIBIOTICS</strong></u><strong>&nbsp; &nbsp;</strong>1 &nbsp; 2&nbsp; 3&nbsp; &nbsp; &nbsp;<u><strong>ANTIFUNGAL</strong></u>&nbsp; &nbsp; &nbsp;&nbsp; 1 &nbsp; 2&nbsp; 3</p>

<table border=""1"" cellpadding=""1"" cellspacing=""1"">
	<tbody>
		<tr>
			<td>GENTAMYCIN</td>
			<td>&nbsp; &nbsp;</td>
			<td>&nbsp; &nbsp; &nbsp;&nbsp;</td>
			<td>&nbsp; &nbsp;&nbsp;</td>
			<td>&nbsp;CEFOTAXIME</td>
			<td>&nbsp; &nbsp;&nbsp;</td>
			<td>&nbsp;&nbsp;</td>
			<td>&nbsp;&nbsp;</td>
			<td>DAPTOMYCIN</td>
			<td>&nbsp;&nbsp;</td>
			<td>&nbsp; &nbsp;&nbsp;</td>
			<td>&nbsp; &nbsp;&nbsp;</td>
			<td>&nbsp;ITRACONAZOLE</td>
			<td>&nbsp; &nbsp;&nbsp;</td>
			<td>&nbsp;&nbsp;</td>
			<td>&nbsp; &nbsp;&nbsp;</td>
		</tr>
		<tr>
			<td>TOBRAMYCIN</td>
			<td>&nbsp;&nbsp;</td>
			<td>&nbsp;</td>
			<td>&nbsp;</td>
			<td>TRIMETHOPRIM</td>
			<td>&nbsp;</td>
			<td>&nbsp;</td>
			<td>&nbsp;&nbsp;</td>
			<td>DOXYCYCLINE</td>
			<td>&nbsp;</td>
			<td>&nbsp;</td>
			<td>&nbsp;</td>
			<td>KETOCONAZOLE</td>
			<td>&nbsp;</td>
			<td>&nbsp;</td>
			<td>&nbsp;</td>
		</tr>
		<tr>
			<td>CHLORAMPHENICOL</td>
			<td>&nbsp;</td>
			<td>&nbsp;</td>
			<td>&nbsp;</td>
			<td>MEROPENEN</td>
			<td>&nbsp;</td>
			<td>&nbsp;</td>
			<td>&nbsp;</td>
			<td>TETRACYCLINE</td>
			<td>&nbsp;</td>
			<td>&nbsp;</td>
			<td>&nbsp;</td>
			<td>AMPHOTERICIN B</td>
			<td>&nbsp; &nbsp;</td>
			<td>&nbsp;</td>
			<td>&nbsp;</td>
		</tr>
		<tr>
			<td>AMOXICILLIN/CA</td>
			<td>&nbsp;</td>
			<td>&nbsp;</td>
			<td>&nbsp;</td>
			<td>CEFTAZIDINE</td>
			<td>&nbsp;</td>
			<td>&nbsp;</td>
			<td>&nbsp;</td>
			<td>RIFAMPIN</td>
			<td>&nbsp;</td>
			<td>&nbsp;</td>
			<td>&nbsp;</td>
			<td>MICONAZOLE</td>
			<td>&nbsp;</td>
			<td>&nbsp;</td>
			<td>&nbsp;</td>
		</tr>
		<tr>
			<td>CIPROFLOXACIN</td>
			<td>&nbsp;</td>
			<td>&nbsp;</td>
			<td>&nbsp;</td>
			<td>MOXIFLOXACIN</td>
			<td>&nbsp;</td>
			<td>&nbsp;</td>
			<td>&nbsp;</td>
			<td>LINEZOLID</td>
			<td>&nbsp;</td>
			<td>&nbsp;</td>
			<td>&nbsp;</td>
			<td>NYSTATIN</td>
			<td>&nbsp;</td>
			<td>&nbsp;</td>
			<td>&nbsp;</td>
		</tr>
		<tr>
			<td>LEVOFLOXACIN</td>
			<td>&nbsp;</td>
			<td>&nbsp;</td>
			<td>&nbsp;</td>
			<td>CLARITHROMYCIN</td>
			<td>&nbsp;</td>
			<td>&nbsp;</td>
			<td>&nbsp;</td>
			<td>&nbsp;</td>
			<td>&nbsp;</td>
			<td>&nbsp;</td>
			<td>&nbsp;</td>
			<td>ECONAZOLE</td>
			<td>&nbsp;</td>
			<td>&nbsp;</td>
			<td>&nbsp;</td>
		</tr>
		<tr>
			<td>IMIPENEM</td>
			<td>&nbsp;</td>
			<td>&nbsp;</td>
			<td>&nbsp;</td>
			<td>ERYTHROMYCIN</td>
			<td>&nbsp;</td>
			<td>&nbsp;</td>
			<td>&nbsp;</td>
			<td>&nbsp;</td>
			<td>&nbsp;</td>
			<td>&nbsp;</td>
			<td>&nbsp;</td>
			<td>VORICONAZOLE</td>
			<td>&nbsp;</td>
			<td>&nbsp;</td>
			<td>&nbsp;</td>
		</tr>
		<tr>
			<td>AMPICILLIN/SULBACTAM</td>
			<td>&nbsp;</td>
			<td>&nbsp;</td>
			<td>&nbsp;</td>
			<td>CLINDAMYCIN</td>
			<td>&nbsp;</td>
			<td>&nbsp;</td>
			<td>&nbsp;</td>
			<td>&nbsp;</td>
			<td>&nbsp;</td>
			<td>&nbsp;</td>
			<td>&nbsp;</td>
			<td>FLUCONAZOLE</td>
			<td>&nbsp;</td>
			<td>&nbsp;</td>
			<td>&nbsp;</td>
		</tr>
		<tr>
			<td>CEFUROXIME</td>
			<td>&nbsp;</td>
			<td>&nbsp;</td>
			<td>&nbsp;</td>
			<td>AZITHROMYCIN</td>
			<td>&nbsp;</td>
			<td>&nbsp;</td>
			<td>&nbsp;</td>
			<td>&nbsp;</td>
			<td>&nbsp;</td>
			<td>&nbsp;</td>
			<td>&nbsp;</td>
			<td>5- FLUCYTOSINE</td>
			<td>&nbsp;</td>
			<td>&nbsp;</td>
			<td>&nbsp;</td>
		</tr>
		<tr>
			<td>AMIKACIN</td>
			<td>&nbsp;</td>
			<td>&nbsp;</td>
			<td>&nbsp;</td>
			<td>&nbsp;</td>
			<td>&nbsp;</td>
			<td>&nbsp;</td>
			<td>&nbsp;</td>
			<td>&nbsp;</td>
			<td>&nbsp;</td>
			<td>&nbsp;</td>
			<td>&nbsp;</td>
			<td>&nbsp;</td>
			<td>&nbsp;</td>
			<td>&nbsp;</td>
			<td>&nbsp;</td>
		</tr>
	</tbody>
</table>

<p>&nbsp;</p>
",,3030000001,,,,,,2,,,,,,,,,1,,,,,,,,,,,,,,,,,,,
3113,OESTRADIOL,,,,,,0,,3456,,,,3030000004,Lab,,,41,,,,,,,,3030000004,,,,,,2,,,,,,,,,1,,,,,,,,,,,,,,,,,,,
6595,SALPINGECTOMY- O & G,,,,,,,,42000199,,,,3000000025,Services,Unit,,997,Other,,,,,,,,,,,,,0,,,,,,,,,1,,,,,,4253,22-Sep-23,,,,,,,,,,,,
3131,LEFT ANKLE (AP/LAT) (ADULT),,,,,,0,,,,,,3000000003,Radiology,,,123,,,,,,,,3000000003,,,,,,2,,,,,,,,,1,,,,,,,,,,,,,,,,,,,
6610,SUTURE LACERATION(MAJOR),,,,,,,,42000202,,,,3000000025,Services,Unit,,997,Other,,,,,,,,,,,,,0,,,,,,,,,1,,,,,,4253,22-Sep-23,,,,,,,,,,,,
6614,Piroxicam 20mg,,Add Item to Watch List,,0,,,,,,,,3010000001,Pharmacy,,,248,,Tab,,,,,,,,,10,1,0,0,,,,,1,,,Drugs,1,Packs,Tablet,,,,,,,,,,,,,,,,,
6677,INJ.Glycopyrrolate,,Add Item to Watch List,,0,,,,,,,,3010000001,Pharmacy,,,248,,Inj,,,,,,,,,1,1,0,0,,,,,1,,,Drugs,1,Packs,Vial,,,,,,,,,,,,,,,,,
6679,AUSTISM ASSESSMENT(MONTHLY INTERVENTION)-SPEECH THERAPY,,,,,,,,91000111,,,,3000000028,Services,Unit,,1001,Other,,,,,,,,,,,,,0,,,,,,,,,1,,,,,,4254,22-Sep-23,,,,,,,,,,,,
6710,Nylon 2,,Add Item to Watch List,1,0,,,,,,,,3010000001,Pharmacy,,,1021,,General Consumables,,,,,,,,,12,1,0,0,,,,,1,,,Consumables,1,Packs,Packs,,,,,,,,,,,,,,,,,
6714,Methysalicylate Ointment,,Add Item to Watch List,,0,,,,,,,,3010000001,Pharmacy,,,248,,Cream,,,,,,,,,1,,0,0,,,,,1,,,Drugs,1,Packs,Pieces,,,,,,,,,,,,,,,,,
6733,DRUG DEPOSIT (SHORT STAY ADMISSION),,,,,,,,52000103,,,,3000000031,Services,Unit,,1005,Other,,,,,,,,,,,,,0,,,,,,,,,1,,,,,,4254,22-Sep-23,,,,,,,,,,,,
105,WIDAL TEST,,,,,,0,,,,,,3030000001,Lab,unit,,21,,,,,,"<p>WIDAL TEST RESULT.&nbsp; &nbsp; &nbsp; &nbsp; &nbsp; &nbsp; &nbsp; &nbsp; &nbsp; &nbsp; &nbsp; &nbsp; &nbsp; &nbsp; &nbsp; &nbsp; &nbsp; &nbsp; &nbsp; &nbsp; &nbsp; &nbsp; &nbsp; &nbsp; &nbsp; &nbsp; &nbsp;O.&nbsp; &nbsp; &nbsp; &nbsp; &nbsp; &nbsp; &nbsp; &nbsp; &nbsp; &nbsp; &nbsp; &nbsp; &nbsp;H</p>

<table border=""1"" cellpadding=""1"" cellspacing=""1"" style=""width:500px"">
	<tbody>
		<tr>
			<td><u><em>S. TYPHI O.</em></u></td>
			<td>&nbsp; &nbsp; &nbsp; &nbsp; &nbsp; &nbsp; &nbsp; &nbsp; &nbsp; &nbsp;&nbsp;</td>
			<td>&nbsp; &nbsp; &nbsp; &nbsp; &nbsp; &nbsp; &nbsp; &nbsp;&nbsp; &nbsp;</td>
			<td>&nbsp; &nbsp; &nbsp; &nbsp; &nbsp; &nbsp; &nbsp; &nbsp; &nbsp; &nbsp; &nbsp;&nbsp;</td>
		</tr>
		<tr>
			<td><u><em>S. PARATYPHI A. O.</em></u></td>
			<td>&nbsp;</td>
			<td>&nbsp; &nbsp; &nbsp; &nbsp; &nbsp; &nbsp; &nbsp;&nbsp;</td>
			<td>&nbsp;</td>
		</tr>
		<tr>
			<td><u><em><span style=""background-color:#ffffff; color:#333333; font-family:sans-serif,Arial,Verdana,&quot;Trebuchet MS&quot;; font-size:13px"">S. PARATYPHI B. O.</span></em></u></td>
			<td>&nbsp;</td>
			<td>&nbsp; &nbsp; &nbsp; &nbsp; &nbsp; &nbsp; &nbsp; &nbsp;</td>
			<td>&nbsp;</td>
		</tr>
		<tr>
			<td><u><em><span style=""background-color:#ffffff; color:#333333; font-family:sans-serif,Arial,Verdana,&quot;Trebuchet MS&quot;; font-size:13px"">S. PARATYPHI C. O.</span></em></u></td>
			<td>&nbsp;</td>
			<td>&nbsp; &nbsp; &nbsp; &nbsp; &nbsp; &nbsp; &nbsp;&nbsp;</td>
			<td>&nbsp;</td>
		</tr>
		<tr>
			<td><u><em>OTHERS: VI</em></u></td>
			<td>&nbsp;</td>
			<td>&nbsp; &nbsp; &nbsp; &nbsp; &nbsp; &nbsp; &nbsp;&nbsp;</td>
			<td>&nbsp;</td>
		</tr>
	</tbody>
</table>

<p>NOTE: SIGNIFICANT TITRE &gt;/=&nbsp;</p>

<p>MED LAB SCIENTIST&#39;S COMMENT:</p>
",,3030000001,,,,,,2,600,2000,4000,,,,,,1,,,,,,,,,,,,,,,,,,,
6735,SPECIAL AMMENITIES (PRIVATE WARD) ,,,,,,,,91000162,,,,3000000028,Services,Unit,,1001,Other,,,,,,,,,,,,,2,,,,,,,,,1,,,,,,4816,22-Sep-23,,,,,,,,,,,,
3210,HYSTEROSALPINGOGRAM (FMC-EB),,,,,,0,,,,,,3000000009,Radiology,,,123,,,,,,,,3000000009,,,,1,,2,,,,,,,,,1,,,,,,,,,,,,,,,,,,,
6787,Sufratule (Fracemytin sulphate),,Add Item to Watch List,1,0,,,,,,,,3010000001,Pharmacy,,,1021,,General Consumables,,,,,,,,,10,0,0,0,,,,,1,,,Consumables,1,Packs,Packs,,,,,,,,,,,,,,,,,
6819,Ketoconazole 2%,,Add Item to Watch List,,0,,,,,,,,3010000001,Pharmacy,,,411,,Cream,,,,,,,,,1,,0,0,,,,,1,,,Drugs,1,Packs,Packs,,,,,,,,,,,,,,,,,
6820,GYM- STAFF MEMBERS:SUBSCRIPTION FEES- COUPLE & FAMILY(MAX. OF 5 MEMBERS) (QUARTERLY),,,,,,,,93000121,,,,3000000030,Services,Unit,,1003,Other,,,,,,,,,,,,,2,,,,,,,,,1,,,,,,4816,22-Sep-23,,,,,,,,,,,,
6822,Ergometrine 250mcg,,Add Item to Watch List,1,0,,,,,,,,3010000001,Pharmacy,,,280,,Inj,,,,,,,,,1,0,1,0,,,,,1,,,Drugs,1,Packs,Amp,,,,,,,,,,,,,,,,,
6823,GYM-NON STAFF MEMBERS:MEMBERSHIP FEES-COUPLE (ANNUALLY),,,,,,,,93000123,,,,3000000030,Services,Unit,,1003,Other,,,,,,,,,,,,,2,,,,,,,,,1,,,,,,4816,22-Sep-23,,,,,,,,,,,,
6824,Flupentixol decanoate 20mg (Depixol),,Add Item to Watch List,1,0,,,,,,,,3010000001,Pharmacy,,,441,,Inj,,,,,,,,,10,,0,0,,,,,1,,,Drugs,1,Packs,Amp,,,,,,,,,,,,,,,,,
6828,GYM-NON STAFF MEMBERS:MEMBERSHIP FEES-SINGLE (ANNUALLY),,,,,,,,93000125,,,,3000000030,Services,Unit,,1003,Other,,,,,,,,,,,,,2,,,,,,,,,1,,,,,,4816,22-Sep-23,,,,,,,,,,,,
6829,Flupentixol decanoate 40mg (Depixol),,Add Item to Watch List,1,0,,,,,,,,3010000001,Pharmacy,,,441,,Inj,,,,,,,,,10,,0,0,,,,,1,,,Drugs,1,Packs,Amp,,,,,,,,,,,,,,,,,
6832,GYM-NON STAFF MEMBERS:SUBSCRIPTION FEES- COUPLE (MONTHLY),,,,,,,,93000127,,,,3000000030,Services,Unit,,1003,Other,,,,,,,,,,,,,2,,,,,,,,,1,,,,,,4816,22-Sep-23,,,,,,,,,,,,
6863,Oxytocin 10iu/1ml,,Add Item to Watch List,1,0,,,,,,,,3010000001,Pharmacy,,,280,,Inj,,,,,,,,,10,1,1,0,,,,,1,,,Drugs,1,Packs,Amp,,,,,,,,,,,,,,,,,
6876,NG Tube Size 6,,Add Item to Watch List,,0,,,,,,,,3010000001,Pharmacy,,,289,,General Consumables,,,,,,,,,12,1,0,0,,,,,0,,,Consumables,1,Packs,Packs,,,,,,,,,,,,,,,,,
6893, Ascorbic Acid (Vit.C) 100mg,,Add Item to Watch List,,0,,,,,,,,3010000001,Pharmacy,,,1030,,Tab,,,,,,,,,1000,,0,2,,,,,1,,,Drugs,1,Packs,Tablet,,,,,,,,,,,,,,,,,
6895, Multivite,,Add Item to Watch List,,0,,,,,,,,3010000001,Pharmacy,,,1030,,Tab,,,,,,,,,1000,1,0,0,,,,,1,,,Drugs,1,Packs,Tablet,,,,,,,,,,,,,,,,,
6897, Ferous Sulphate  200mg,,Add Item to Watch List,,0,,,,,,,,3010000001,Pharmacy,,,1030,,Tab,,,,,,,,,1000,1,0,0,,,,,1,,,Drugs,1,Packs,Tablet,,,,,,,,,,,,,,,,,
6906,Aminophyline 250mg/10ml,,Add Item to Watch List,,0,,,,,,,,3010000001,Pharmacy,,,1020,,Inj,,,,,,,,,10,0,0,0,,,,,1,,,Drugs,1,Packs,Amp,,,,,,,,,,,,,,,,,
6917,Hyoscine 10mg,,Add Item to Watch List,1,0,,,,,,,,3010000001,Pharmacy,,,443,,Tab,,,,,,,,,100,,0,0,,,,,1,,,Drugs,1,Packs,Tablet,,,,,,,,,,,,,,,,,
6924,Vitamin B.co,,Add Item to Watch List,,0,,,,,,,,3010000001,Pharmacy,,,1030,,Inj,,,,,,,,,1,,0,0,,,,,1,,,Drugs,1,Packs,Amp,,,,,,,,,,,,,,,,,
6933,Cough Syr (PEAD),,Add Item to Watch List,,0,,,,,,,,3010000001,Pharmacy,,,1032,,Syr,,,,,,,,,1,,0,0,,,,,1,,,Drugs,1,Packs,Bottle,,,,,,,,,,,,,,,,,
6945,Hand Washing (Liquid Soap),,Add Item to Watch List,,0,,,,,,,,3010000001,Pharmacy,,,416,,General Consumables,,,,,,,,,1,1,0,0,,,,,1,,,Consumables,1,Packs,Packs,,,,,,,,,,,,,,,,,
7008,Cord Clamp,,Add Item to Watch List,,0,,,,,,,,3010000001,Pharmacy,,,289,,General Consumables,,,,,,,,,50,0,0,0,,,,,1,,,Consumables,1,Packs,Packs,,,,,,,,,,,,,,,,,
7011,Sanitary Pad,,Add Item to Watch List,,0,,,,,,,,3010000001,Pharmacy,,,996,,General Consumables,,,,,,,,,1,0,0,0,,,,,1,,,Consumables,1,Packs,Packs,,,,,,,,,,,,,,,,,
7014,Metoclopramide 10mg/2ml,,Add Item to Watch List,,0,,,,,,,,3010000001,Pharmacy,,,444,,Inj,,,,,,,,,100,,0,0,,,,,1,,,Drugs,1,Packs,Amp,,,,,,,,,,,,,,,,,
7060,Phthalysulfalfathiazole,,Add Item to Watch List,,0,,,,,,,,3010000001,Pharmacy,,,412,,Tab,,,,,,,,,,1,0,0,,,,,1,,,Drugs,1,Packs,Tablet,,,,,,,,,,,,,,,,,
7094,CERVICAL SPINE (CHILD),,,,,,,,71000106,,,,3000000003,Services,Unit,,967,Other,,,,,,,,,,,1,,0,,,,,,,,,1,,,,,,4254,26-Sep-23,,,,,,,,,,,,
7098,ELBOW JOINT(CHILD),,,,,,,,71000110,,,,3000000003,Services,Unit,,967,Other,,,,,,,,,,,1,,0,,,,,,,,,1,,,,,,4254,26-Sep-23,,,,,,,,,,,,
7104,Cefuroxine 750MG,,Add Item to Watch List,1,0,,,,,,,,3010000001,Pharmacy,,,1022,,Inj,,,,,,,,,1,1,1,2,,,,,1,,,Drugs,1,Packs,Amp,,,,,,,,,,,,,,,,,
7109,FOOT (CHILD),,,,,,,,71000116,,,,3000000003,Services,Unit,,967,Other,,,,,,,,,,,1,,0,,,,,,,,,1,,,,,,4254,26-Sep-23,,,,,,,,,,,,
7112,FOREARM (ADULT),,,,,,,,71000117,,,,3000000003,Services,Unit,,967,Other,,,,,,,,,,,1,,0,,,,,,,,,1,,,,,,4254,26-Sep-23,,,,,,,,,,,,
7115,FOREARM (CHILD),,,,,,,,71000118,,,,3000000003,Services,Unit,,967,Other,,,,,,,,,,,1,,0,,,,,,,,,1,,,,,,4254,26-Sep-23,,,,,,,,,,,,
7116,HAND (CHILD),,,,,,,,71000119,,,,3000000003,Services,Unit,,967,Other,,,,,,,,,,,1,,0,,,,,,,,,1,,,,,,4254,26-Sep-23,,,,,,,,,,,,
7133,MASTOIDS (CHILD),,,,,,,,71000131,,,,3000000003,Services,Unit,,967,Other,,,,,,,,,,,1,,0,,,,,,,,,1,,,,,,4254,26-Sep-23,,,,,,,,,,,,
7134,OPTIC FOREMEN (ADULT),,,,,,,,71000132,,,,3000000003,Services,Unit,,967,Other,,,,,,,,,,,1,,0,,,,,,,,,1,,,,,,4254,26-Sep-23,,,,,,,,,,,,
7201,ENDOCRINOLOGY CONSULTATION,,,,,,,,,,,,3000000025,Services,Unit,,1012,Other,,,,,,,,,,,,,0,,,,,,,,,1,,,,,,4817,6-Oct-23,1,3-Nov-23,,,,,,,,,,
7206,Patient Ward Requirement (DATER) ,,,,,,,,,,,,3000000007,Services,Unit,,366,Other,,,,,,,,,,,,,0,,,,,,,,,1,,,,,,1,12-Oct-23,,,,,,,,,,,,
7207,Patient Ward Requirements Fee- GEN WARD,,,,,,,,,,,,3000000007,Services,Unit,,1009,Other,,,,,,,,,,,,,0,,,,,,,,,1,,,,,,1,12-Oct-23,,,,,,,,,,,,
7211,Surgical Gloves 7.5,,Add Item to Watch List,,0,,,,,,,,3010000001,Pharmacy,,,289,,General Consumables,,,,,,,,,50,,0,0,,,,,0,,,Consumables,1,Packs,Pieces,,,,,,,,,,,,,,,,,
7235,tramadol 50mg,,Add Item to Watch List,,0,,,,,,,,3010000001,Pharmacy,,,248,,Tab,,,,,,,,,20,,0,0,,,,,0,,,Drugs,1,Packs,Sachet,,,,,,,,,,,,,,,,,
7236,tramadol 50mg/ml,,Add Item to Watch List,,0,,,,,,,,3010000001,Pharmacy,,,248,,Inj,,,,,,,,,10,1,0,0,,,,,0,,,Drugs,1,Packs,Bottle,,,,,,,,,,,,,,,,,
7242,Fluconazole 50mg,,Add Item to Watch List,,0,,,,,,,,3010000001,Pharmacy,,,411,,Cap,,,,,,,,,10,,0,0,,,,,0,,,Drugs,1,Packs,Sachet,,,,,,,,,,,,,,,,,
7245,celecoxib 200mg,,Add Item to Watch List,,0,,,,,,,,3010000001,Pharmacy,,,276,,Tab,,,,,,,,,10,,0,0,,,,,0,,,Drugs,1,Packs,Sachet,,,,,,,,,,,,,,,,,
7250,LAUNDRY FEE GENERAL WARD 2 MONTHS,,,,,,,,,,,,3000000028,Services,Unit,,366,Other,,,,,,,,,,,,,0,,,,,,,,,1,,,,,,1,25-Oct-23,,,,,,,,,,,,
7269,Consultation general surgery clinic,,,,,,,,,,,,3000000025,Services,Unit,,307,Other,,,,,,,,,,,,,0,,,,,,,,,1,,,,,,4818,7-Nov-23,,,,,,,,,,,,
7274,metoclopramide 10mg,,Add Item to Watch List,,0,,,,,,,,3010000001,Pharmacy,,,439,,Tab,,,,,,,,,10,,0,0,,,,,0,,,Drugs,1,Packs,Sachet,,,,,,,,,,,,,,,,,
7275,Artemether/Lumefantrine 20/120mg by 24,,Add Item to Watch List,1,0,,,,,,,,3010000001,Pharmacy,,,410,,Tab,,,,,,,,,24,,0,2,,,,,1,,,Drugs,1,Packs,Tablet,,,,,,,,,,,,,,,,,
7276,metronidazlole 500mg/100ml,,Add Item to Watch List,,0,,,,,,,,3010000001,Pharmacy,,,1022,,i.v,,,,,,,,,50,,0,0,,,,,0,,,Drugs,1,Packs,Bottle,,,,,,,,,,,,,,,,,
7277,chlorpheniramine 2mg/5mls,,Add Item to Watch List,,0,,,,,,,,3010000001,Pharmacy,,,249,,Syr,,,,,,,,,1,,0,2,,,,,0,,,Drugs,1,Bottle,Bottle,,,,,,,,,,,,,,,,,
7302,AMBULANCE (LAGOS),,,,,,,,AMBULANCE,,,,3000000029,Services,Days,,166,Other,,,,,,,,,,,,,2,,,,,,,,,1,,,,,,4626,1-Jan-24,,,,,,,,,,,,
7309,CONSULTATION FEE 4PM-8AM/WEEKEND/PUBLIC HOLIDAY (CHILDREN),,,,,,,,CONSULTATION FEE 4PM-8AM/WEEKEND/PUBLIC HOLIDAY (CHILDREN),,,,3000000026,Services,Days,,306,Other,,,,,,,,,,,,,1,,,,,,,,,1,,,,,,5437,1-Jan-24,,,,,,,,,,,,
7311,ECG - NON-REGISTERED ADULT,,,,,,,,,,,,3000000025,Services,Unit,,998,Other,,,,,,,,,,,,,2,,,,,,,,,1,,,,,,5444,1-Jan-24,4624,2-Jan-24,,,,,,,,,,
7312,SOCIAL INTERVENTION GENERAL WARD ONE MONTH,,,,,,,,SOCIAL INTERVENTION,,,,3000000028,Services,Days,,166,Other,,,,,,,,,,,,,0,,,,,,,,,1,,,,,,4626,1-Jan-24,4818,1-Jan-24,,,,,,,,,,
7313,MEDICAL CARE GENERAL WARD ONE MONTH,,,,,,,,MEDICAL CARE,,,,3000000028,Services,Days,,166,Other,,,,,,,,,,,,,0,,,,,,,,,1,,,,,,4626,1-Jan-24,,,,,,,,,,,,
7320,REGISTRATION FOR WALK IN PATIENTS,,,,,,,,,,,,3000000028,Services,Days,,907,Other,,,,,,,,,,,,,0,,,,,,,,,1,,,,,,5442,1-Jan-24,,,,,,,,,,,,
7322,REHABILITATION DATER WARD,,,,,,,,,,,,3000000028,Services,Months,,166,,,,,,,,,,,,,,0,,,,,,,,,1,,,,,,4626,1-Jan-24,,,,,,,,,,,,
7324,LIBRARY,,,,,,,,,,,,3000000030,Services,Months,,166,Other,,,,,,,,,,,,,0,,,,,,,,,1,,,,,,4626,1-Jan-24,,,,,,,,,,,,
7325,Echocardiogram (ECHO) Registered Patients-ADULT,,,,,,,,,,,,3000000025,Services,Days,,1051,Procedure,,,,,,,,,,,,,2,,,,,,,,,1,,,,,,5444,1-Jan-24,,,,,,,,,,,,
7326,Suturing of laceration(intermediate),,,,,,,,,,,,3000000026,Services,Days,,1011,Other,,,,,,,,,,,,,1,,,,,,,,,1,,,,,,4255,1-Jan-24,,,,,,,,,,,,
7330,catheterization,,,,,,,,,,,,3000000026,Services,Days,,1011,Procedure,,,,,,,,,,,,,1,,,,,,,,,1,,,,,,4255,1-Jan-24,,,,,,,,,,,,
7331,Antenatal Booking,,,,,,,,,,,,3000000025,Services,Days,,970,Procedure,,,,,,,,,,,,,1,,,,,,,,,1,,,,,,5444,1-Jan-24,,,,,,,,,,,,
7332,Chest Tube insertion,,,,,,,,,,,,3000000026,Services,Unit,,1011,Surgery,,,,,,,,,,,,,0,,,,,,,,,,,,,,,4257,1-Jan-24,,,,,,,,,,,,
7333,SPECIALIST CONSULTATION(FOLLOW-UP),,,,,,,,SPECIALIST CONSULTATION(FOLLOW-UP),,,,3000000025,Services,Days,,1051,Other,,,,,,,,,,,,,1,,,,,,,,,1,,,,,,5437,1-Jan-24,,,,,,,,,,,,
7342,UTILITY/Day,,,,,,,,,,,,3000000025,Services,Days,,1051,Other,,,,,,,,,,,,,1,,,,,,,,,1,,,,,,5444,1-Jan-24,,,,,,,,,,,,
7346,SPECIAL INTERVENTION DATER WARD ONE MONTH,,,,,,,,,,,,3000000028,Services,Months,,166,Other,,,,,,,,,,,,,0,,,,,,,,,1,,,,,,4626,1-Jan-24,,,,,,,,,,,,
7348,Suprapubiccystostomy,,,,,,,,,,,,3000000026,Services,Unit,,148,Surgery,,,,,,,,,,,,,1,,,,,,,,,1,,,,,,4255,1-Jan-24,,,,,,,,,,,,
7349,GYM-STAFF MEMBERS:SUBSCRIPTION FEES-COUPLE (MONTHLY),,,,,,,,,,,,3000000030,Services,Days,,1003,Other,,,,,,,,,,,,,0,,,,,,,,,1,,,,,,5438,1-Jan-24,5438,1-Jan-24,,,,,,,,,,
7353,secondary suturing,,,,,,,,,,,,3000000026,Services,Unit,,148,Surgery,,,,,,,,,,,,,1,,,,,,,,,1,,,,,,4257,1-Jan-24,,,,,,,,,,,,
7356,HERNIORRHAPHY(CHILD),,,,,,,,,,,,3000000026,Services,Unit,,148,Surgery,,,,,,,,,,,,,1,,,,,,,,,1,,,,,,4267,1-Jan-24,,,,,,,,,,,,
7357,appendectomy,,,,,,,,,,,,3000000026,Services,Unit,,148,Surgery,,,,,,,,,,,,,1,,,,,,,,,1,,,,,,4257,1-Jan-24,,,,,,,,,,,,
7359,Repair of cleft Lip,,,,,,,,,,,,3000000026,Services,Unit,,148,Surgery,,,,,,,,,,,,,1,,,,,,,,,1,,,,,,4255,1-Jan-24,,,,,,,,,,,,
7385,SERVICE CHARGE(SEMI PRIVATE),,,,,,,,,,,,3000000028,Services,Unit,,366,Other,,,,,,,,,,,,,0,,,,,,,,,1,,,,,,4257,1-Jan-24,,,,,,,,,,,,
7386,UTILITY(SEMI PRIVATE0,,,,,,,,,,,,3000000030,Services,Unit,,366,Other,,,,,,,,,,,,,0,,,,,,,,,1,,,,,,4257,1-Jan-24,4257,1-Jan-24,,,,,,,,,,
7387,ENERGY(SEMI PRIVATE),,,,,,,,,,,,3000000030,Services,Unit,,366,Other,,,,,,,,,,,,,0,,,,,,,,,1,,,,,,4257,1-Jan-24,4257,1-Jan-24,,,,,,,,,,
7398,CONSULTATION FEE (Adult)  -GMPC 8am-4pm,,,,,,,,,,,,3000000025,Services,Days,,307,Other,,,,,,,,,,,,,2,,,,,,,,,1,,,,,,4624,2-Jan-24,4624,2-Jan-24,,,,,,,,,,
7405,ENDOCRINOLOGY CONSULTATION FEE ( Follow-up) ,,,,,,,,,,,,3000000025,Services,Days,,307,Other,,,,,,,,,,,,,0,,,,,,,,,1,,,,,,4818,11-Jan-24,,,,,,,,,,,,
7412,balance of admission fee(ward),,,,,,,,,,,,3000000028,Services,Unit,,1009,Other,,,,,,,,,,,,,0,,,,,,,,,1,,,,,,4624,17-Jan-24,,,,,,,,,,,,
7431,Amoxicillin 125mg/5ml,,Add Item to Watch List,1,0,,,,,,,,3010000001,Pharmacy,,,1022,,Susp,,,,,,,,,1,,0,2,,,,,1,,,Drugs,1,Packs,Bottle,,,,,,,,,,,,,,,,,
7475,MARSUPIALIZATION- INCISION OF BARTHOLIN'S GLAND,,,,,,,,,,,,3000000025,Services,Unit,,997,Procedure,,,,,,,,,,,,,0,,,,,,,,,1,,,,,,4624,7-Mar-24,,,,,,,,,,,,
2070,ECHOCARDIOGRAPHY (CHILDREN),,,,,,0,,,,,,3000000003,Radiology,,,123,,,,,,,,3000000003,,SPECIAL INVESTIGATION,,,,2,5000,5000,,,,,,,1,,,,,,,,,,,,,,,,,,,
2071,ELECTROENCEPHALOGRAPHY (CHILDREN),,,,,,0,,,,,,3000000003,Radiology,,,123,,,,,,,,3000000003,,SPECIAL INVESTIGATION,,,,2,7000,,,,,,,,1,,,,,,,,,,,,,,,,,,,
2072,MICTURATING CYTO-URETHROGRAM (CHILDREN),,,,,,0,,,,,,3000000003,Radiology,,,123,,,,,,,,3000000003,,SPECIAL INVESTIGATION,,,,2,7000,,,,,,,,1,,,,,,,,,,,,,,,,,,,
2073,PHLEBOGRAM-ONE LEG (CHILDREN),,,,,,0,,,,,,3000000003,Radiology,,,123,,,,,,,,3000000003,,SPECIAL INVESTIGATION,,,,2,10000,,,,,,,,1,,,,,,,,,,,,,,,,,,,
2074,VENOGRAM-ONE LEG (CHILDREN),,,,,,0,,,,,,3000000003,Radiology,,,123,,,,,,,,3000000003,,SPECIAL INVESTIGATION,,,,2,12000,17600,,,,,,,1,,,,,,,,,,,,,,,,,,,
6116,Chlorpromazine 50mg,,Add Item to Watch List,,0,,,,,,,,3010000001,Pharmacy,,,441,,Tab,,,,,,,,,1,1,0,0,,,,,1,,,Drugs,1,Packs,Tablet,,,,,,,,,,,,,,,,,
6118, Clozapine (leponet) 25mg,,Add Item to Watch List,,0,,,,,,,,3010000001,Pharmacy,,,441,,Tab,,,,,,,,,1,1,0,0,,,,,1,,,Drugs,1,Packs,Tablet,,,,,,,,,,,,,,,,,
6119, Haloperidol 5mg,,Add Item to Watch List,,0,,,,,,,,3010000001,Pharmacy,,,441,,Inj,,,,,,,,,5,,0,0,,,,,1,,,Drugs,1,Packs,Amp,,,,,,,,,,,,,,,,,
6122,Ciprofloxacin 5oomg,,Add Item to Watch List,,0,,,,,,,,3010000001,Pharmacy,,,412,,Tab,,,,,,,,,1,1,0,1,,,,,1,,,Drugs,1,Packs,Tablet,,,,,,,,,,,,,,,,,
6127,Erythromycin 500mg,,Add Item to Watch List,,0,,,,,,,,3010000001,Pharmacy,,,412,,Tab,,,,,,,,,1,1,0,0,,,,,1,,,Drugs,1,Tablet,Tablet,,,,,,,,,,,,,,,,,
6128,Tab. Metformin,,Add Item to Watch List,1,0,,,,,,,,3010000001,Pharmacy,,,992,,Tab,,,,,,,,,,1,0,0,,,,,1,,,Drugs,1,Packs,Tablet,,,,,,,,,,,,,,,,,
6130, Folic Acid 5mg,,Add Item to Watch List,1,0,,,,,,,,3010000001,Pharmacy,,,766,,Tab,,,,,,,,,1000,,0,0,,,,,1,,,Drugs,1,Packs,Tablet,,,,,,,,,,,,,,,,,
6131, Multivitamin ,,Add Item to Watch List,1,0,,,,,,,,3010000001,Pharmacy,,,766,,Tab,,,,,,,,,1000,,0,0,,,,,1,,,Drugs,1,Packs,Tablet,,,,,,,,,,,,,,,,,
6136,Gingkobiloba,,Add Item to Watch List,1,0,,,,,,,,3010000001,Pharmacy,,,766,,Tab,,,,,,,,,100,,0,0,,,,,1,,,Drugs,1,Bottle,Tablet,,,,,,,,,,,,,,,,,
6152,Chlorphenramine Maleate 10mg,,Add Item to Watch List,1,0,,,,,,,,3010000001,Pharmacy,,,407,,Tab,,,,,,,,,1,1,0,0,,,,,1,,,Drugs,1,Packs,Tablet,,,,,,,,,,,,,,,,,
6159,Inhaler Salbutamol,,Add Item to Watch List,1,0,,,,,,,,3010000001,Pharmacy,,,994,,Inhalation,,,,,,,,,1,1,0,0,,,,,1,,,Drugs,1,Packs,Tablet,,,,,,,,,,,,,,,,,
6160,Salbutamol 2mg,,Add Item to Watch List,1,0,,,,,,,,3010000001,Pharmacy,,,994,,Tab,,,,,,,,,1,1,0,0,,,,,1,,,Drugs,1,Packs,Tablet,,,,,,,,,,,,,,,,,
6161,Amplicillin/Cloxacin 500mg,,Add Item to Watch List,,0,,,,,,,,3010000001,Pharmacy,,,412,,Cap,,,,,,,,,100,,0,0,,,,,1,,,Drugs,1,Packs,Capsule,,,,,,,,,,,,,,,,,
6165,Gentamycin Eye Drop,,Add Item to Watch List,1,0,,,,,,,,3010000001,Pharmacy,,,1035,,Gutt,,,,,,,,,1,1,0,0,,,,,1,,,Drugs,1,Packs,Pieces,,,,,,,,,,,,,,,,,
6168,Hydrocortisone 100mg,,Add Item to Watch List,1,0,,,,,,,,3010000001,Pharmacy,,,1025,,Inj,,,,,,,,,1,,0,0,,,,,1,,,Drugs,1,Bottle,Amp,,,,,,,,,,,,,,,,,
6177, Magnesium Trislicate,,Add Item to Watch List,1,0,,,,,,,,3010000001,Pharmacy,,,1025,,Tab,,,,,,,,,1,1,0,0,,,,,1,,,Drugs,1,Packs,Pieces,,,,,,,,,,,,,,,,,
6179,Antacids,,Add Item to Watch List,1,0,,,,,,,,3010000001,Pharmacy,,,437,,Susp,,,,,,,,,1,,0,0,,,,,1,,,Drugs,1,Bottle,Bottle,,,,,,,,,,,,,,,,,
6181,Risperidone 3mg x 30,,Add Item to Watch List,,0,,,,,,,,3010000001,Pharmacy,,,441,,Tab,,,,,,,,,30,,0,0,,,,,1,,,Drugs,1,Packs,Tablet,,,,,,,,,,,,,,,,,
6183,Tetracycline 250mg,,Add Item to Watch List,,0,,,,,,,,3010000001,Pharmacy,,,412,,Cap,,,,,,,,,100,,0,0,,,,,1,,,Drugs,1,Packs,Capsule,,,,,,,,,,,,,,,,,
6185,Cefuroxime 500mg,,Add Item to Watch List,,0,,,,,,,,3010000001,Pharmacy,,,412,,Tab,,,,,,,,,10,1,0,0,,,,,1,,,Drugs,1,Packs,Tablet,,,,,,,,,,,,,,,,,
6190,Ciprofloxacin 200mg,,Add Item to Watch List,,0,,,,,,,,3010000001,Pharmacy,,,412,,Inj,,,,,,,,,1,1,0,0,,,,,1,,,Drugs,1,Packs,Amp,,,,,,,,,,,,,,,,,
6191,Olanzapine (Ozace)10mg x 30,,Add Item to Watch List,,0,,,,,,,,3010000001,Pharmacy,,,441,,Tab,,,,,,,,,30,,0,0,,,,,1,,,Drugs,1,Packs,Tablet,,,,,,,,,,,,,,,,,
6193, Olanzapine 5mg (Ozace) x 30,,Add Item to Watch List,,0,,,,,,,,3010000001,Pharmacy,,,441,,Tab,,,,,,,,,30,,0,0,,,,,1,,,Drugs,1,Packs,Tablet,,,,,,,,,,,,,,,,,
6197,Normal Saline 0.9%,,Add Item to Watch List,1,0,,,,,,,,3010000001,Pharmacy,,,1007,,IVF,,,,,,,,,20,,0,2,,,,,1,,,Drugs,1,Packs,Packs,,,,,,,,,,,,,,,,,
6200, Olanzapine 10mg x 100,,Add Item to Watch List,,0,,,,,,,,3010000001,Pharmacy,,,441,,Tab,,,,,,,,,100,1,0,0,,,,,1,,,Drugs,1,Packs,Tablet,,,,,,,,,,,,,,,,,
6208,Ampplicillin Cloxacillin 1G,,Add Item to Watch List,,0,,,,,,,,3010000001,Pharmacy,,,412,,Inj,,,,,,,,,1,,0,0,,,,,1,,,Drugs,1,Packs,Amp,,,,,,,,,,,,,,,,,
6214,Cefuroxime 750mg,,Add Item to Watch List,,0,,,,,,,,3010000001,Pharmacy,,,412,,Inj,,,,,,,,,1,1,0,0,,,,,1,,,Drugs,1,Packs,Amp,,,,,,,,,,,,,,,,,
6215,INJ. Flupenthixol Decanoate 40mg,,Add Item to Watch List,,0,,,,,,,,3010000001,Pharmacy,,,441,,Inj,,,,,,,,,1,1,0,0,,,,,1,,,Drugs,1,Packs,Amp,,,,,,,,,,,,,,,,,
6234,Two way Foleys Catheter (18·,,,1,0,,,,,,,,3010000001,Pharmacy,,,996,,Others,,,,,,,,,1,1,0,0,,,,,1,,,Drugs,1,Packs,Pieces,,,,,,,,,,,,,,,,,
6239,Disposable Glove,,Add Item to Watch List,1,0,,,,,,,,3010000001,Pharmacy,,,996,,Others,,,,,,,,,1,,0,0,,,,,1,,,Drugs,1,Packs,Tablet,,,,,,,,,,,,,,,,,
6270,Salbultamol Nebule 5mg,,Add Item to Watch List,1,0,,,,,,,,3010000001,Pharmacy,,,1025,,Inhalation,,,,,,,,,20,0,0,0,,,,,1,,,Drugs,1,Packs,Pieces,,,,,,,,,,,,,,,,,
6296, Bromazepam 3mg,,Add Item to Watch List,,0,,,,,,,,3010000001,Pharmacy,,,1017,,Tab,,,,,,,,,30,1,0,0,,,,,1,,,Drugs,1,Packs,Tablet,,,,,,,,,,,,,,,,,
6302, Flunitrazepan 1mg,,Add Item to Watch List,,0,,,,,,,,3010000001,Pharmacy,,,1017,,Tab,,,,,,,,,1,1,0,0,,,,,1,,,Drugs,1,Packs,Tablet,,,,,,,,,,,,,,,,,
6313, Zopiclone 7.5mg,,Add Item to Watch List,,0,,,,,,,,3010000001,Pharmacy,,,1017,,Tab,,,,,,,,,14,,0,0,,,,,1,,,Drugs,1,Packs,Tablet,,,,,,,,,,,,,,,,,
6318,INJ.Biperiden Decanoate 5mg,,Add Item to Watch List,,0,,,,,,,,3010000001,Pharmacy,,,1018,,Tab,,,,,,,,,1,1,0,0,,,,,1,,,Drugs,1,Packs,Tablet,,,,,,,,,,,,,,,,,
6328,FEEDING (SHORT STAY ADMISSION),,,,,,,,,,,,3000000024,Services,Unit,,1008,Other,,,,,,,,,,,,,0,,,,,,,,,1,,,,,,1,21-Sep-23,,,,,,,,,,,,
6329,SPECIAL DIET (2 MONTHS @ #2000 PER MEAL) -CATERING,,,,,,,,,,,,3000000024,Services,Unit,,1008,Other,,,,,,,,,,,,,0,,,,,,,,,1,,,,,,1,21-Sep-23,,,,,,,,,,,,
6352,COLPOTOMY/VAGINOTOMY -O & G,,,,,,,,,,,,3000000025,Services,Unit,,970,Procedure,,,,,,,,,,,,,0,,,,,,,,,1,,,,,,1,21-Sep-23,,,,,,,,,,,,
6360,CYSTOTOMY-  O & G,,,,,,,,,,,,3000000025,Services,Unit,,970,Procedure,,,,,,,,,,,,,0,,,,,,,,,1,,,,,,1,21-Sep-23,,,,,,,,,,,,
6414,.Orphenadrine 100mg,,Add Item to Watch List,,0,,,,,,,,3010000001,Pharmacy,,,248,,Tab,,,,,,,,,100,,0,0,,,,,1,,,Drugs,1,Packs,Tablet,,,,,,,,,,,,,,,,,
6418,Ketamine,,Add Item to Watch List,1,0,,,,,,,,3010000001,Pharmacy,,,247,,Inj,,,,,,,,,1,1,0,0,,,,,1,,,Drugs,1,Packs,Vial,,,,,,,,,,,,,,,,,
6419,DELIVERY-DESTRUCTIVE- O & G,,,,,,,,42000133,,,,3000000025,Services,Unit,,970,Other,,,,,,,,,,,,,0,,,,,,,,,1,,,,,,1,22-Sep-23,,,,,,,,,,,,
6421,DELIVERY-FORCEPS -O & G,,,,,,,,42000134,,,,3000000025,Services,Unit,,970,Procedure,,,,,,,,,,,,,0,,,,,,,,,1,,,,,,1,22-Sep-23,,,,,,,,,,,,
6423,DELIVERY-ND & BREECH (TRIPLET) -O & G,,,,,,,,42000135,,,,3000000025,Services,Unit,,970,Procedure,,,,,,,,,,,,,0,,,,,,,,,1,,,,,,1,22-Sep-23,,,,,,,,,,,,
6428,GENERAL ETT ANAESTHESIA ( WITHOUT COST OF MATERIALS),,,,,,,,41000151,,,,3000000025,Services,Unit,,998,Other,,,,,,,,,,,,,0,,,,,,,,,1,,,,,,4253,22-Sep-23,,,,,,,,,,,,
6429,Tab.Valsartan 80mg,,Add Item to Watch List,,0,,,,,,,,3010000001,Pharmacy,,,248,,Tab,,,,,,,,,30,,0,0,,,,,1,,,Drugs,1,Packs,Tablet,,,,,,,,,,,,,,,,,
6869,Liquid Paraffin,,Add Item to Watch List,,0,,,,,,,,3010000001,Pharmacy,,,289,,Others,,,,,,,,,1,,0,0,,,,,1,,,Drugs,1,Bottle,Bottle,,,,,,,,,,,,,,,,,
6873,Omeprazole 20mg,,Add Item to Watch List,,0,,,,,,,,3010000001,Pharmacy,,,276,,Cap,,,,,,,,,14,,0,2,,,,,1,,,Drugs,1,Packs,Tablet,,,,,,,,,,,,,,,,,
6874, Bisacodyl 5mg,,Add Item to Watch List,,0,,,,,,,,3010000001,Pharmacy,,,276,,Tab,,,,,,,,,60,1,0,0,,,,,1,,,Drugs,1,Packs,Tablet,,,,,,,,,,,,,,,,,
6877, Gestid,,Add Item to Watch List,,0,,,,,,,,3010000001,Pharmacy,,,437,,Susp,,,,,,,,,1,1,0,0,,,,,1,,,Drugs,1,Bottle,Bottle,,,,,,,,,,,,,,,,,
6878,Amoxicillin/Clavulanic Acid 457mg(Fleming),,Add Item to Watch List,,0,,,,,,,,3010000001,Pharmacy,,,1022,,Susp,,,,,,,,,1,,0,0,,,,,1,,,Drugs,1,Pieces,Pieces,,,,,,,,,,,,,,,,,
6879,Mist Mag Trisilicate,,Add Item to Watch List,,0,,,,,,,,3010000001,Pharmacy,,,437,,Tab,,,,,,,,,1,,0,0,,,,,1,,,Drugs,1,Packs,Tablet,,,,,,,,,,,,,,,,,
6885, Cefuroxine,,Add Item to Watch List,1,0,,,,,,,,3010000001,Pharmacy,,,1022,,Tab,,,,,,,,,1,1,0,0,,,,,1,,,Drugs,1,Packs,Amp,,,,,,,,,,,,,,,,,
6889, Vitamin B.Co,,Add Item to Watch List,,0,,,,,,,,3010000001,Pharmacy,,,1030,,Tab,,,,,,,,,1,1,0,0,,,,,1,,,Drugs,1,Packs,Tablet,,,,,,,,,,,,,,,,,
6899,.Dexamethasone 4mg,,Add Item to Watch List,,0,,,,,,,,3010000001,Pharmacy,,,1031,,Inj,,,,,,,,,100,0,0,0,,,,,1,,,Drugs,1,Packs,Vial,,,,,,,,,,,,,,,,,
6910, Ciprofloxacin ,,Add Item to Watch List,1,0,,,,,,,,3010000001,Pharmacy,,,1022,,Tab,,,,,,,,,1,1,0,0,,,,,1,,,Drugs,1,Packs,Tablet,,,,,,,,,,,,,,,,,
6911, Ferous Gluconate,,Add Item to Watch List,,0,,,,,,,,3010000001,Pharmacy,,,1030,,Tab,,,,,,,,,1,1,0,0,,,,,1,,,Drugs,1,Packs,Tablet,,,,,,,,,,,,,,,,,
6914, Vitamin B.co,,,,0,,,,,,,,3010000001,Pharmacy,,,1030,,Tab,,,,,,,,,1000,1,0,0,,,,,1,,,Drugs,1,Packs,Tablet,,,,,,,,,,,,,,,,,
6994,Urinary Catheter 18,,Add Item to Watch List,,0,,,,,,,,3010000001,Pharmacy,,,996,,General Consumables,,,,,,,,,1,1,0,2,,,,,1,,,Consumables,1,Packs,Packs,,,,,,,,,,,,,,,,,
7089,10cc Needle  x Syringe,,Add Item to Watch List,,0,,,,,,,,3010000001,Pharmacy,,,289,,General Consumables,,,,,,,,,100,,0,2,,,,,1,,,Consumables,1,Packs,Pieces,,,,,,,,,,,,,,,,,
7150,SKULL (ADULT),,,,,,,,71000142,,,,3000000003,Services,Unit,,967,Other,,,,,,,,,,,1,,0,,,,,,,,,1,,,,,,4254,26-Sep-23,,,,,,,,,,,,
7205,Patient Requirements Fee -Lodgement ,,,,,,,,,,,,3000000029,Services,Unit,,366,Other,,,,,,,,,,,,,0,,,,,,,,,1,,,,,,1,12-Oct-23,,,,,,,,,,,,
7214,Fluoxetine 20mg,,Add Item to Watch List,,0,,,,,,,,3010000001,Pharmacy,,,1006,,Tab,,,,,,,,,30,,0,0,,,,,1,,,Drugs,1,Packs,Tablet,,,,,,,,,,,,,,,,,
7255,MEDICAL CARE NHIS CLINIC,,,,,,,,,,,,3000000025,Services,Unit,,366,Other,,,,,,,,,,,,,0,,,,,,,,,1,,,,,,1,2-Nov-23,,,,,,,,,,,,
7268,ORAL GLUCOSE TOLERANCE TEST (PREGNANT),,,,,,,,909888,,,,3030000004,Lab,,,41,,,,,,"<p>MED LAB SCI COMMENT:</p>
",,3030000004,,,,,,0,,,,,,,,,1,,,,,,,,,,,,,,,,,,,
7281,Escitalopram 10mg ,,Add Item to Watch List,,0,,,,,,,,3010000001,Pharmacy,,,1006,,Tab,,,,,,,,,30,,0,2,,,,,1,,,Drugs,1,Packs,Sachet,,,,,,,,,,,,,,,,,
7415,ELECTROLYTE,,,,,,,,345566,,,,3030000004,Lab,,,41,,,,,,"<p>MED LAB SCI COMMENT:</p>
",,3030000004,,,,,,0,,,,,,,,,1,,,,,,,,,,,,,,,,,,,
7428,Ceftriaxone 1g (Biophin),,Add Item to Watch List,,0,,,,,,,,3010000001,Pharmacy,,,1022,,Inj,,,,,,,,,1,,0,0,,,,,1,,,Drugs,1,Pieces,Pieces,,,,,,,,,,,,,,,,,
7433,Relcer gel,,Add Item to Watch List,1,0,,,,,,,,3010000001,Pharmacy,,,437,,Susp,,,,,,,,,1,,0,0,,,,,1,,,Drugs,1,Bottle,Bottle,,,,,,,,,,,,,,,,,
7474,PSYCHOLOGICAL ASSESSMENT DATER WARD,,,,,,,,,,,,3000000029,Services,Unit,,,Other,,,,,,,,,,,,,0,,,,,,1,,,1,,,,,,4626,28-Feb-24,,,,,,,,,,,,
7492,Levetiracetam 500mg (SUVITRA),,Add Item to Watch List,10,0,,,,,,,,3010000001,Pharmacy,,,251,,Tab,,,,,,,,,30,,0,0,,,,,1,,,Drugs,1,Packs,Tablet,,,,,,,,,,,,,,,,,
7498,NUTRITION DEPT- (MENU TABLE)-,,,,,,,,,,,,3000000028,Services,Unit,,166,Other,,,,,,,,,,,,,2,,,,,,,,,1,,,,,,4624,21-Mar-24,,,,,,,,,,,,
7499,NUTRITION DEPT-THERAPEUTIC DIET (ADDITIONAL) PER MEAL,,,,,,,,,,,,3000000024,Services,Unit,,1008,Other,,,,,,,,,,,,,2,,,,,,,,,1,,,,,,4624,21-Mar-24,,,,,,,,,,,,
7500,AMBULANCE FEE-LOCATION SAGAMU ( NON-CRITICAL CASES )WITHOUT OXYGEN,,,,,,,,,,,,3000000029,Services,Unit,,1002,Other,,,,,,,,,,,,,2,,,,,,,,,1,,,,,,4624,21-Mar-24,4624,21-Mar-24,,,,,,,,,,
2075,ARTHROGRAM (CHILDREN),,,,,,0,,,,,,3000000003,Radiology,,,123,,,,,,,,3000000003,,SPECIAL INVESTIGATION,,,,2,9500,26400,,,,,,,1,,,,,,,,,,,,,,,,,,,
2076,SIALOGRAM (CHILDREN),,,,,,0,,,,,,3000000003,Radiology,,,123,,,,,,,,3000000003,,SPECIAL INVESTIGATION,,,,2,6000,,,,,,,,1,,,,,,,,,,,,,,,,,,,
2077,SINOGRAM (CHILDREN),,,,,,0,,,,,,3000000003,Radiology,,,123,,,,,,,,3000000003,,SPECIAL INVESTIGATION,,,,2,6000,5000,,,,,,,1,,,,,,,,,,,,,,,,,,,
2078,MRI SCAN (CHILDREN),,,,,,0,,,,,,3000000003,Radiology,,,123,,,,,,,,3000000003,,SPECIAL INVESTIGATION,,,,2,70000,,,,,,,,1,,,,,,,,,,,,,,,,,,,
2079,CT SCAN (SINUSES),,,,,,0,,,,,,3000000003,Radiology,,,123,,,,,,,,3000000003,,SPECIAL INVESTIGATION,,,,2,60000,,,,,,,,1,,,,,,,,,,,,,,,,,,,
2080,MAMMOGRAPHY (CHILDREN),,,,,,0,,,,,,3000000003,Radiology,,,123,,,,,,,,3000000003,,SPECIAL INVESTIGATION,,,,2,6000,,,,,,,,1,,,,,,,,,,,,,,,,,,,
2081,OBSTETRIC SCAN (ADULT),,,,,,0,,,,,,3000000003,Radiology,,,123,,,,,,,,3000000003,,ULTASOUND SCANNING,,,,2,3500,1500,,,,,,,1,,,,,,,,,,,,,,,,,,,
2082,ABDOMINAL SCAN (ADULT),,,,,,0,,,,,,3000000003,Radiology,,,123,,,,,,,,3000000003,,ULTASOUND SCANNING,,,,2,3500,3000,,,,,,,1,,,,,,,,,,,,,,,,,,,
2083,PELVIC SCAN (ADULT),,,,,,0,,,,,,3000000003,Radiology,,,123,,,,,,,,3000000003,,ULTASOUND SCANNING,,,,2,3500,1500,,,,,,,1,,,,,,,,,,,,,,,,,,,
2084,BREAST SCAN (ADULT),,,,,,0,,,,,,3000000003,Radiology,,,123,,,,,,,,3000000003,,ULTASOUND SCANNING,,,,2,3500,5000,,,,,,,1,,,,,,,,,,,,,,,,,,,
2085,BLADDER SCAN (ADULT),,,,,,0,,,,,,3000000003,Radiology,,,123,,,,,,,,3000000003,,ULTASOUND SCANNING,,,,2,3500,4000,,,,,,,1,,,,,,,,,,,,,,,,,,,
2086,ABDOMINAL PELVIC SCAN (ADULT),,,,,,0,,,,,,3000000003,Radiology,,,123,,,,,,,,3000000003,,ULTASOUND SCANNING,,,,2,3500,4000,,,,,,,1,,,,,,,,,,,,,,,,,,,
2087,PROSTATE SCAN (ADULT),,,,,,0,,,,,,3000000003,Radiology,,,123,,,,,,,,3000000003,,ULTASOUND SCANNING,,,,2,3500,5000,,,,,,,1,,,,,,,,,,,,,,,,,,,
2088,THYROID SCAN (ADULT),,,,,,0,,,,,,3000000003,Radiology,,,123,,,,,,,,3000000003,,ULTASOUND SCANNING,,,,2,3500,4000,,,,,,,1,,,,,,,,,,,,,,,,,,,
2089,TESTES/SCROTAL SCAN (EACH) (ADULT),,,,,,0,,,,,,3000000003,Radiology,,,123,,,,,,,,3000000003,,ULTASOUND SCANNING,,,,2,3500,5500,,,,,,,1,,,,,,,,,,,,,,,,,,,
2090,OVULOMETRY/TV SCAN (ADULT),,,,,,0,,,,,,3000000003,Radiology,,,123,,,,,,,,3000000003,,ULTASOUND SCANNING,,,,2,3500,3500,,,,,,,1,,,,,,,,,,,,,,,,,,,
2091,TRANS-FONTANELLAR (CHILDREN) (ADULT),,,,,,0,,,,,,3000000003,Radiology,,,123,,,,,,,,3000000003,,ULTASOUND SCANNING,,,,2,4000,,,,,,,,1,,,,,,,,,,,,,,,,,,,
2092,OBSTETRIC SCAN (CHILDREN),,,,,,0,,,,,,3000000003,Radiology,,,123,,,,,,,,3000000003,,ULTASOUND SCANNING,,,,2,3500,750,,,,,,,1,,,,,,,,,,,,,,,,,,,
2093,ABDOMINAL SCAN (CHILDREN),,,,,,0,,,,,,3000000003,Radiology,,,123,,,,,,,,3000000003,,ULTASOUND SCANNING,,,,2,3500,1500,,,,,,,1,,,,,,,,,,,,,,,,,,,
2094,PELVIC SCAN (CHILDREN),,,,,,0,,,,,,3000000003,Radiology,,,123,,,,,,,,3000000003,,ULTASOUND SCANNING,,,,2,3500,750,,,,,,,1,,,,,,,,,,,,,,,,,,,
2095,BREAST SCAN (CHILDREN),,,,,,0,,,,,,3000000003,Radiology,,,123,,,,,,,,3000000003,,ULTASOUND SCANNING,,,,2,3500,,,,,,,,1,,,,,,,,,,,,,,,,,,,
2096,BLADDER SCAN (CHILDREN),,,,,,0,,,,,,3000000003,Radiology,,,123,,,,,,,,3000000003,,ULTASOUND SCANNING,,,,2,3500,2000,,,,,,,1,,,,,,,,,,,,,,,,,,,
2097,ABDOMINAL PELVIC SCAN (CHILDREN),,,,,,0,,,,,,3000000003,Radiology,,,123,,,,,,,,3000000003,,ULTASOUND SCANNING,,,,2,3500,1500,,,,,,,1,,,,,,,,,,,,,,,,,,,
2098,PROSTATE SCAN (CHILDREN),,,,,,0,,,,,,3000000003,Radiology,,,123,,,,,,,,3000000003,,ULTASOUND SCANNING,,,,2,3500,,,,,,,,1,,,,,,,,,,,,,,,,,,,
2099,THYROID SCAN (CHILDREN),,,,,,0,,,,,,3000000003,Radiology,,,123,,,,,,,,3000000003,,ULTASOUND SCANNING,,,,2,3500,2000,,,,,,,1,,,,,,,,,,,,,,,,,,,
2100,TESTES/SCROTAL SCAN (EACH) (CHILDREN),,,,,,0,,,,,,3000000003,Radiology,,,123,,,,,,,,3000000003,,ULTASOUND SCANNING,,,,2,3500,3000,,,,,,,1,,,,,,,,,,,,,,,,,,,
2101,OVULOMETRY/TV SCAN (CHILDREN),,,,,,0,,,,,,3000000003,Radiology,,,123,,,,,,,,3000000003,,ULTASOUND SCANNING,,,,2,3500,,,,,,,,1,,,,,,,,,,,,,,,,,,,
2102,TRANS-FONTANELLAR (CHILDREN) (CHILDREN),,,,,,0,,,,,,3000000003,Radiology,,,123,,,,,,,,3000000003,,ULTASOUND SCANNING,,,,2,4000,5000,,,,,,,1,,,,,,,,,,,,,,,,,,,
6209,Methylated Spirit (Drum),,Add Item to Watch List,1,0,,,,,,,,3010000001,Pharmacy,,,270,,Others,,,,,,,,,1,,0,0,,,,,1,,,Drugs,1,Packs,Pieces,,,,,,,,,,,,,,,,,
6216,Gentamycin 80mg/2ml,,Add Item to Watch List,,0,,,,,,,,3010000001,Pharmacy,,,412,,Inj,,,,,,,,,10,,1,0,,,,,1,,,Drugs,1,Packs,Amp,,,,,,,,,,,,,,,,,
6217,Amplicillin/Cloxacillin,,Add Item to Watch List,,0,,,,,,,,3010000001,Pharmacy,,,412,,Syr,,,,,,,,,1,1,0,0,,,,,1,,,Drugs,1,Bottle,Bottle,,,,,,,,,,,,,,,,,
6223,Metronidazole 200mg/5ml,,Add Item to Watch List,,0,,,,,,,,3010000001,Pharmacy,,,412,,Syr,,,,,,,,,1,1,0,0,,,,,1,,,Drugs,1,Bottle,Bottle,,,,,,,,,,,,,,,,,
6226,Cotton Gauze,,Add Item to Watch List,1,0,,,,,,,,3010000001,Pharmacy,,,996,,Others,,,,,,,,,1,,0,0,,,,,1,,,Drugs,1,Packs,Pieces,,,,,,,,,,,,,,,,,
6244,Zuclopenthxol decanoate 200mg (Clopixol),,Add Item to Watch List,1,0,,,,,,,,3010000001,Pharmacy,,,441,,Inj,,,,,,,,,10,,0,0,,,,,1,,,Drugs,1,Packs,Amp,,,,,,,,,,,,,,,,,
6254,.Risperdaral consta 25mg,,Add Item to Watch List,,0,,,,,,,,3010000001,Pharmacy,,,441,,Inj,,,,,,,,,1,,0,0,,,,,1,,,Drugs,1,Packs,Amp,,,,,,,,,,,,,,,,,
6260,Tab. Paroxetin (Seroxart) 20mg,,Add Item to Watch List,,0,,,,,,,,3010000001,Pharmacy,,,1006,,Tab,,,,,,,,,30,,0,0,,,,,1,,,Drugs,1,Packs,Sachet,,,,,,,,,,,,,,,,,
6264,Fluoxetin 20mg,,Add Item to Watch List,,0,,,,,,,,3010000001,Pharmacy,,,1006,,Tab,,,,,,,,,30,1,0,0,,,,,1,,,Drugs,1,Packs,Sachet,,,,,,,,,,,,,,,,,
6273, Imipramine 25mg,,Add Item to Watch List,,0,,,,,,,,3010000001,Pharmacy,,,1006,,Tab,,,,,,,,,1,1,0,0,,,,,1,,,Drugs,1,Packs,Tablet,,,,,,,,,,,,,,,,,
6284,"Cotton Bandage 21·,,Add Item to Watch List""",1,0,,,,,,,,3010000001,Pharmacy,,,996,,General Consumables,,,,,,,,,1,1,0,0,,,,,1,,,Consumables,1,Packs,Packs,,,,,,,,,,,,,,,,,,,
6290, Amlodipine 5mg x 100,,Add Item to Watch List,,0,,,,,,,,3010000001,Pharmacy,,,993,,Tab,,,,,,,,,1,1,0,0,,,,,1,,,Drugs,1,Tablet,Tablet,,,,,,,,,,,,,,,,,
6294,Atenolol 25mg,,Add Item to Watch List,,0,,,,,,,,3010000001,Pharmacy,,,993,,Tab,,,,,,,,,28,0,0,0,,,,,1,,,Drugs,1,Packs,Tablet,,,,,,,,,,,,,,,,,
6297,Formalin 35L,,Add Item to Watch List,1,0,,,,,,,,3010000001,Pharmacy,,,270,,General Consumables,,,,,,,,,1,,0,0,,,,,1,,,Consumables,1,Packs,Packs,,,,,,,,,,,,,,,,,
6307,Essential Drug List,,Add Item to Watch List,1,0,,,,,,,,3010000001,Pharmacy,,,270,,Tab,,,,,,,,,1,1,0,0,,,,,1,,,Drugs,1,Packs,Tablet,,,,,,,,,,,,,,,,,
6322,Digital Thermometer,,Add Item to Watch List,,0,,,,Digital Thermometer,,,,3010000001,Pharmacy,,,289,,General Consumables,,,,,,,,,50,0,0,0,,,,,1,,,Consumables,1,Packs,Tablet,,,,,,,,,,,,,,,,,
6325,Artemether + Amodaquine 7-13 yrs,,Add Item to Watch List,,0,,,,,,,,3010000001,Pharmacy,,,410,,Tab,,,,,,,,,1,,0,0,,,,,1,,,Drugs,1,Packs,Tablet,,,,,,,,,,,,,,,,,
6327,FEEDING (PRIVATE WARD) PER MONTH,,,,,,,,,,,,3000000024,Services,Unit,,1008,Other,,,,,,,,,,,,,0,,,,,,,,,1,,,,,,1,21-Sep-23,,,,,,,,,,,,
6331,ADMISSION OVERNIGHT FOR ADULT-GMPC,,,,,,,,,,,,3000000025,Services,Unit,,366,Other,,,,,,,,,,,,,0,,,,,,,,,1,,,,,,1,21-Sep-23,,,,,,,,,,,,
6334,ADNEXECTOMY(SALPINGO-OOPHORECTOMY)-   O&G,,,,,,,,,,,,3000000025,Services,Unit,,970,Other,,,,,,,,,,,,,0,,,,,,,,,1,,,,,,1,21-Sep-23,,,,,,,,,,,,
6339,BILETERAL TUBALIZATION,,,,,,,,,,,,3000000025,Services,Unit,,998,Other,,,,,,,,,,,,,0,,,,,,,,,1,,,,,,1,21-Sep-23,,,,,,,,,,,,
6341,CAESAREAN SECTION (CS) PREVIOUS-  O & G,,,,,,,,,,,,3000000025,Services,Unit,,970,Surgery,,,,,,,,,,,,,0,,,,,,,,,1,,,,,,1,21-Sep-23,,,,,,,,,,,,
6361,Frusemide,,Add Item to Watch List,1,0,,,,,,,,3010000001,Pharmacy,,,996,,General Consumables,,,,,,,,,1,1,0,0,,,,,1,,,Consumables,1,Packs,Pieces,,,,,,,,,,,,,,,,,
6363,Cod Liver Oil,,Add Item to Watch List,,0,,,,,,,,3010000001,Pharmacy,,,996,,General Consumables,,,,,,,,,1,1,0,0,,,,,1,,,Consumables,1,Packs,Pieces,,,,,,,,,,,,,,,,,
6373,Plaster 1,,Add Item to Watch List,,0,,,,,,,,3010000001,Pharmacy,,,996,,General Consumables,,,,,,,,,1,1,0,0,,,,,0,,,Consumables,1,Packs,Packs,,,,,,,,,,,,,,,,,
6376,HAND WASH ANTISEPTIC,,Add Item to Watch List,1,0,,,,,,,,3010000001,Pharmacy,,,270,,General Consumables,,,,,,,,,1,,0,0,,,,,1,,,Consumables,1,Bottle,Packs,,,,,,,,,,,,,,,,,
6386,Seretide Inhaler,,Add Item to Watch List,1,0,,,,,,,,3010000001,Pharmacy,,,248,,General Consumables,,,,,,,,,,1,0,0,,,,,1,,,Consumables,1,Packs,Packs,,,,,,,,,,,,,,,,,
6387,Gabapentin 300mg,,Add Item to Watch List,,0,,,,,,,,3010000001,Pharmacy,,,406,,Tab,,,,,,,,,30,0,0,0,,,,,1,,,Drugs,1,Packs,Tablet,,,,,,,,,,,,,,,,,
6388,Sodium Valproate 200mg/5ml (Epilim) ,,Add Item to Watch List,1,0,,,,,,,,3010000001,Pharmacy,,,251,,Syr,,,,,,,,,1,,0,0,,,,,1,,,Drugs,1,Packs,Bottle,,,,,,,,,,,,,,,,,
6392,Chlorpheniramine ,,Add Item to Watch List,,0,,,,,,,,3010000001,Pharmacy,,,407,,Syr,,,,,,,,,1,1,0,0,,,,,1,,,Drugs,1,Bottle,Bottle,,,,,,,,,,,,,,,,,
6393, Lamotrigine 50mg,,Add Item to Watch List,,0,,,,,,,,3010000001,Pharmacy,,,251,,Tab,,,,,,,,,56,,0,0,,,,,1,,,Drugs,1,Packs,Tablet,,,,,,,,,,,,,,,,,
6395, Keppra (Lecetricetam) 250mg,,Add Item to Watch List,,0,,,,,,,,3010000001,Pharmacy,,,251,,Tab,,,,,,,,,50,1,0,0,,,,,1,,,Drugs,1,Packs,Tablet,,,,,,,,,,,,,,,,,
6396, Keppra (Lecetricetam) 500mg,,Add Item to Watch List,,0,,,,,,,,3010000001,Pharmacy,,,251,,Tab,,,,,,,,,50,,0,0,,,,,1,,,Drugs,1,Packs,Tablet,,,,,,,,,,,,,,,,,
6397,Scalp Vein Needle21cm,,,1,0,,,,,,,,3010000001,Pharmacy,,,996,,General Consumables,,,,,,,,,1,1,0,0,,,,,1,,,Consumables,1,Packs,Pieces,,,,,,,,,,,,,,,,,
6398,EMERGENCY REGISTRATION FOR CHILDREN-NHIS,,,,,,,,91000122,,,,3000000028,Services,Unit,,1001,Other,,,,,,,,,,,,,2,,,,,,,,,1,,,,,,4253,22-Sep-23,4816,22-Sep-23,,,,,,,,,,
6400,Artesunate 50mg/100mg,,Add Item to Watch List,,0,,,,,,,,3010000001,Pharmacy,,,410,,Tab,,,,,,,,,1,1,0,0,,,,,1,,,Drugs,1,Packs,Tablet,,,,,,,,,,,,,,,,,
6403,EPISIOTOMY AND EPISIORRHAPHY -O & G,,,,,,,,42000145,,,,3000000025,Services,Unit,,998,Other,,,,,,,,,,,,,0,,,,,,,,,1,,,,,,4253,22-Sep-23,,,,,,,,,,,,
6405,Lidocaine,,Add Item to Watch List,,0,,,,,,,,3010000001,Pharmacy,,,247,,Inj,,,,,,,,,1,,0,0,,,,,1,,,Drugs,1,Packs,Vial,,,,,,,,,,,,,,,,,
6406,Suction Tube,,Add Item to Watch List,,0,,,,,,,,3010000001,Pharmacy,,,1021,,General Consumables,,,,,,,,,1,1,0,0,,,,,1,,,Consumables,1,Packs,Packs,,,,,,,,,,,,,,,,,
6407,Metronidazole 200mg ,,Add Item to Watch List,1,0,,,,,,,,3010000001,Pharmacy,,,1022,,Tab,,,,,,,,,100,,0,0,,,,,1,,,Drugs,1,Packs,Tablet,,,,,,,,,,,,,,,,,
6408,EVACUATION /MANUAL VACCUM ASPIRATION -O & G,,,,,,,,42000146,,,,3000000025,Services,Unit,,998,Other,,,,,,,,,,,,,0,,,,,,,,,1,,,,,,4253,22-Sep-23,,,,,,,,,,,,
6413,Artemeter/Lumefantine 80/480,,Add Item to Watch List,,0,,,,,,,,3010000001,Pharmacy,,,410,,Tab,,,,,,,,,1,1,0,0,,,,,1,,,Drugs,1,Packs,Tablet,,,,,,,,,,,,,,,,,
6424,EXTRA-UTERINE REMOVAL OF ECTOPIC GESTATION- O & G,,,,,,,,41000149,,,,3000000025,Services,Unit,,998,Other,,,,,,,,,,,,,0,,,,,,,,,1,,,,,,4253,22-Sep-23,,,,,,,,,,,,
6427,FOREIGN BODY REMOVAL,,,,,,,,41000150,,,,3000000025,Services,Unit,,998,Other,,,,,,,,,,,,,0,,,,,,,,,1,,,,,,4253,22-Sep-23,,,,,,,,,,,,
6431,Cap. Ampicillin/Cloxacillin,,Add Item to Watch List,,0,,,,,,,,3010000001,Pharmacy,,,412,,Cap,,,,,,,,,1,1,0,0,,,,,1,,,Drugs,1,Packs,Tablet,,,,,,,,,,,,,,,,,
6434,REPATRIATION FEES (ABEOKUTA METROPOLIS),,,,,,,,81000101,,,,3000000027,Services,Unit,,1000,Other,,,,,,,,,,,,,0,,,,,,,,,1,,,,,,4254,22-Sep-23,,,,,,,,,,,,
6436,HERNIORRHAPHY (CHILD),,,,,,,,41000155,,,,3000000025,Services,Unit,,998,Other,,,,,,,,,,,,,0,,,,,,,,,1,,,,,,4253,22-Sep-23,,,,,,,,,,,,
6437,HERNIORRHAPHY (GIANT),,,,,,,,41000156,,,,3000000025,Services,Unit,,998,Other,,,,,,,,,,,,,0,,,,,,,,,1,,,,,,4253,22-Sep-23,,,,,,,,,,,,
6439,HYSTERECTOMY-SUB-TOTAL  -O & G,,,,,,,,41000157,,,,3000000025,Services,Unit,,998,Other,,,,,,,,,,,,,0,,,,,,,,,1,,,,,,4253,22-Sep-23,,,,,,,,,,,,
6441,HYSTERECTOMY-TOTAL- O & G,,,,,,,,41000158,,,,3000000025,Services,Unit,,998,Other,,,,,,,,,,,,,0,,,,,,,,,1,,,,,,4253,22-Sep-23,,,,,,,,,,,,
6442,Polyvalent (Anti Snake),,Add Item to Watch List,,0,,,,,,,,3010000001,Pharmacy,,,1024,,Inj,,,,,,,,,1,0,0,0,,,,,1,,,Drugs,1,Vial,Vial,,,,,,,,,,,,,,,,,
6446,Cap. Amoxycillin 250mg,,Add Item to Watch List,,0,,,,,,,,3010000001,Pharmacy,,,412,,Cap,,,,,,,,,1,1,0,0,,,,,1,,,Drugs,1,Bottle,Pieces,,,,,,,,,,,,,,,,,
6447,I.U.C.D  INSERTION -O & G,,,,,,,,41000160,,,,3000000025,Services,Unit,,998,Other,,,,,,,,,,,,,0,,,,,,,,,1,,,,,,4253,22-Sep-23,,,,,,,,,,,,
6450,REPATRIATION FEES (ABUJA/BENUE/JOS/ NASSARAWA),,,,,,,,81000102,,,,3000000027,Services,Unit,,1000,Other,,,,,,,,,,,,,0,,,,,,,,,1,,,,,,4254,22-Sep-23,,,,,,,,,,,,
6466,DELIVERY-NORMAL TWINS  -O & G,,,,,,,,42000139,,,,3000000025,Services,Unit,,970,Procedure,,,,,,,,,,,,,0,,,,,,,,,1,,,,,,1,22-Sep-23,,,,,,,,,,,,
6467,DIAZEPAM 10MG,,Add Item to Watch List,1,0,,,,,,,,3010000001,Pharmacy,,,1025,,Inj,,,,,,,,,1,1,0,0,,,,,1,,,Drugs,1,Packs,Pieces,,,,,,,,,,,,,,,,,
6473,DRESSING (MINOR),,,,,,,,42000142,,,,3000000025,Services,Unit,,997,Procedure,,,,,,,,,,,,,2,,,,,,1,,,1,,,,,,1,22-Sep-23,4943,11-Oct-23,,,,,,,,,,
6479,Tab.Dihydroatemin+Piperaquine,,Add Item to Watch List,,0,,,,,,,,3010000001,Pharmacy,,,410,,Tab,,,,,,,,,1,1,0,0,,,,,1,,,Drugs,1,Packs,Packs,,,,,,,,,,,,,,,,,
6486,HALF STRENGTH DARROWS,,Add Item to Watch List,1,0,,,,,,,,3010000001,Pharmacy,,,1007,,Others,,,,,,,,,20,,0,0,,,,,1,,,Drugs,1,Bottle,Pieces,,,,,,,,,,,,,,,,,
6491,MARSUPIALIZATION- INCISION OF BARTHOLIN'S GLAND -  O & G,,,,,,,,42000169,,,,3000000025,Services,Unit,,997,Other,,,,,,,,,,,,,0,,,,,,,,,,,,,,,4253,22-Sep-23,,,,,,,,,,,,
6497, Erythromycin,,Add Item to Watch List,1,0,,,,,,,,3010000001,Pharmacy,,,1022,,Susp,,,,,,,,,1,1,0,0,,,,,1,,,Drugs,1,Bottle,Packs,,,,,,,,,,,,,,,,,
6532,Activated Chacoal,,Add Item to Watch List,,0,,,,,,,,3010000001,Pharmacy,,,250,,Tab,,,,,,,,,50,0,0,0,,,,,1,,,Drugs,1,Packs,Tablet,,,,,,,,,,,,,,,,,
6539, Donepezil 5mg,,Add Item to Watch List,1,0,,,,,,,,3010000001,Pharmacy,,,1025,,Tab,,,,,,,,,30,1,0,0,,,,,1,,,Drugs,1,Packs,Tablet,,,,,,,,,,,,,,,,,
6544, Sulphadoxine/ Pyprimethane 525mg +  Artemether,,Add Item to Watch List,,0,,,,,,,,3010000001,Pharmacy,,,410,,Tab,,,,,,,,,1,1,0,0,,,,,1,,,Drugs,1,Packs,Tablet,,,,,,,,,,,,,,,,,
6553,REPATRIATION FEES (PORT-HARCOURT/BAYELSA/CROSS-RIVER/AKWA-IBOM),,,,,,,,81000112,,,,3000000027,Services,Unit,,1000,Other,,,,,,,,,,,,,0,,,,,,,,,1,,,,,,4254,22-Sep-23,,,,,,,,,,,,
6618,TUBAL LIGATION (BILATERAL)-  O & G,,,,,,,,42000204,,,,3000000025,Services,Unit,,997,Other,,,,,,,,,,,,,0,,,,,,,,,1,,,,,,4253,22-Sep-23,,,,,,,,,,,,
6623,UNBOOKED PATIENT FEE-  O & G,,,,,,,,42000205,,,,3000000025,Services,Unit,,997,Other,,,,,,,,,,,,,0,,,,,,,,,,,,,,,4253,22-Sep-23,,,,,,,,,,,,
6624,FIXING-SALON (O/T),,,,,,,,19000123,,,,3000000028,Services,Unit,,1001,Other,,,,,,,,,,,,,2,,,,,,,,,1,,,,,,4816,22-Sep-23,,,,,,,,,,,,
6632,FOLLOW UP {DEFAULTERS} PER YEAR ,,,,,,,,91000124,,,,3000000028,Services,Unit,,1001,Other,,,,,,,,,,,,,2,,,,,,,,,1,,,,,,4816,22-Sep-23,,,,,,,,,,,,
6635,GOWN- TAILORING (O/T),,,,,,,,91000126,,,,3000000028,Services,Unit,,1001,Other,,,,,,,,,,,,,2,,,,,,,,,1,,,,,,4816,22-Sep-23,,,,,,,,,,,,
6640, Ibuprofen 200mg,,Add Item to Watch List,,0,,,,,,,,3010000001,Pharmacy,,,248,,Tab,,,,,,,,,1,1,0,0,,,,,1,,,Drugs,1,Packs,Tablet,,,,,,,,,,,,,,,,,
6649,Artovastation,,Add Item to Watch List,1,0,,,,,,,,3010000001,Pharmacy,,,419,,Tab,,,,,,,,,1,1,0,0,,,,,1,,,Drugs,1,Packs,Tablet,,,,,,,,,,,,,,,,,
6650,LAUNDRY GEN WARD- 1 month,,,,,,,,91000130,,,,3000000028,Services,Unit,,1001,Other,,,,,,,,,,,,,2,,,,,,,,,1,,,,,,4816,22-Sep-23,,,,,,,,,,,,
6653,Donepezil 10mg,,Add Item to Watch List,1,0,,,,,,,,3010000001,Pharmacy,,,1025,,Tab,,,,,,,,,30,,1,0,,,,,1,,,Drugs,1,Packs,Tablet,,,,,,,,,,,,,,,,,
6658,APHASIC CLIENTS:( ADULT)ASSESSMENT(MONTHLY SESSION)-SPEECH THERAPY,,,,,,,,91000107,,,,3000000028,Services,Unit,,1001,Other,,,,,,,,,,,,,0,,,,,,,,,1,,,,,,4254,22-Sep-23,,,,,,,,,,,,
6664,Vitamin K3,,Add Item to Watch List,1,0,,,,,,,,3010000001,Pharmacy,,,425,,Inj,,,,,,,,,1,0,0,0,,,,,1,,,Drugs,1,Packs,Amp,,,,,,,,,,,,,,,,,
6665,APPOINTMENT CARD/CASE FILE,,,,,,,,91000109,,,,3000000028,Services,Unit,,1001,Other,,,,,,,,,,,,,0,,,,,,,,,1,,,,,,4254,22-Sep-23,,,,,,,,,,,,
6669, Fluphenazine Decanoate 50mg,,Add Item to Watch List,1,0,,,,,,,,3010000001,Pharmacy,,,1025,,Inj,,,,,,,,,1,1,0,0,,,,,1,,,Drugs,1,Packs,Tablet,,,,,,,,,,,,,,,,,
6671,Tab. Risperidone (Amidirex) 1mg,,Add Item to Watch List,,0,,,,,,,,3010000001,Pharmacy,,,441,,Tab,,,,,,,,,30,,0,0,,,,,1,,,Drugs,1,Packs,Packs,,,,,,,,,,,,,,,,,
6688,OGSAT,,,,,,,,91000140,,,,3000000028,Services,Unit,,1001,Other,,,,,,,,,,,,,2,,,,,,,,,1,,,,,,4816,22-Sep-23,,,,,,,,,,,,
6704,REGISTRATION FEE (PRIVATE WARD) -NEW PATIENTS,,,,,,,,91000149,,,,3000000028,Services,Unit,,1001,Other,,,,,,,,,,,,,2,,,,,,,,,1,,,,,,4816,22-Sep-23,,,,,,,,,,,,
6713,SASAT,,,,,,,,91000154,,,,3000000028,Services,Unit,,1001,Other,,,,,,,,,,,,,2,,,,,,,,,1,,,,,,4816,22-Sep-23,,,,,,,,,,,,
6722,SERVICE CHARGE (SHORT STAY ADMISSION),,,,,,,,91000158,,,,3000000028,Services,Unit,,1001,Other,,,,,,,,,,,,,2,,,,,,,,,1,,,,,,4816,22-Sep-23,,,,,,,,,,,,
6745,INJ.Morphine 10mg,,Add Item to Watch List,,0,,,,,,,,3010000001,Pharmacy,,,248,,Inj,,,,,,,,,1,1,0,0,,,,,1,,,Drugs,1,Packs,Vial,,,,,,,,,,,,,,,,,
6753,SMALL SIZE-CENTRE TABLE-OT,,,,,,,,93000147,,,,3000000030,Services,Unit,,1004,Other,,,,,,,,,,,,,0,,,,,,,,,1,,,,,,4254,22-Sep-23,,,,,,,,,,,,
6859,Benxhezol 5mg,,Add Item to Watch List,,0,,,,,,,,3010000001,Pharmacy,,,430,,Tab,,,,,,,,,500,1,0,0,,,,,1,,,Drugs,1,Packs,Tablet,,,,,,,,,,,,,,,,,
6872,Ng Tube Size 5,,Add Item to Watch List,,0,,,,,,,,3010000001,Pharmacy,,,289,,General Consumables,,,,,,,,,1,1,0,0,,,,,0,,,Consumables,1,Packs,Packs,,,,,,,,,,,,,,,,,
6880,Omeprazole 40mg,,Add Item to Watch List,,0,,,,,,,,3010000001,Pharmacy,,,276,,IVF,,,,,,,,,1,,0,0,,,,,0,,,Drugs,1,Packs,Packs,,,,,,,,,,,,,,,,,
7195,CIRCUMCISION OUT-BORN,,,,,,,,,,,,3000000025,Services,Unit,,1026,Procedure,,,,,,,,,,,,,0,,,,,,,,,1,,,,,,1,3-Oct-23,,,,,,,,,,,,
7215,Olanzapine 10mg,,Add Item to Watch List,,0,,,,,,,,3010000001,Pharmacy,,,441,,Tab,,,,,,,,,30,,0,0,,,,,0,,,Drugs,1,Packs,Sachet,,,,,,,,,,,,,,,,,
7219,Atenolol 100mg,,Add Item to Watch List,,0,,,,,,,,3010000001,Pharmacy,,,993,,Tab,,,,,,,,,28,,0,0,,,,,0,,,Drugs,1,Packs,Sachet,,,,,,,,,,,,,,,,,
7238,.Tramadol 50mg/ml,,Add Item to Watch List,,0,,,,,,,,3010000001,Pharmacy,,,248,,Inj,,,,,,,,,10,,0,0,,,,,0,,,Drugs,1,Packs,Bottle,,,,,,,,,,,,,,,,,
7239,Naloxone 0.4mg/ml,,Add Item to Watch List,,0,,,,,,,,3010000001,Pharmacy,,,1025,,Inj,,,,,,,,,,,0,0,,,,,0,,,Drugs,1,Packs,Amp,,,,,,,,,,,,,,,,,
7240,paracetamol,,Add Item to Watch List,,0,,,,,,,,3010000001,Pharmacy,,,248,,Drop,,,,,,,,,1,,0,0,,,,,0,,,Drugs,1,Bottle,Bottle,,,,,,,,,,,,,,,,,
7241,Ibuprofen 100mg/5ml,,Add Item to Watch List,1,0,,,,,,,,3010000001,Pharmacy,,,248,,Syr,,,,,,,,,10,,0,0,,,,,1,,,Drugs,1,Packs,Bottle,,,,,,,,,,,,,,,,,
7248,UDS,,,,,,,,66666,,,,3030000001,Lab,,,21,,,,,,"<table border=""1"" cellpadding=""1"" cellspacing=""1"">
	<tbody>
		<tr>
			<td>S/N</td>
			<td>ACCRONYM</td>
			<td>MEANING</td>
			<td>RESULT</td>
			<td>S/N</td>
			<td>ACCRONYM</td>
			<td>MEANING</td>
			<td>RESULT</td>
		</tr>
		<tr>
			<td>1</td>
			<td>AMP</td>
			<td>AMPHETAMINE</td>
			<td>&nbsp;</td>
			<td>19</td>
			<td>BUP</td>
			<td>BUPRENORPHINE</td>
			<td>&nbsp;</td>
		</tr>
		<tr>
			<td>2</td>
			<td>BAR</td>
			<td>BARBITURATES/SECOBARBITAL</td>
			<td>&nbsp;</td>
			<td>20</td>
			<td>MOR</td>
			<td>MORPHINE</td>
			<td>&nbsp;</td>
		</tr>
		<tr>
			<td>3</td>
			<td>BZO</td>
			<td>BENZODIAZEPINES/OXAZEPAM</td>
			<td>&nbsp;</td>
			<td>21</td>
			<td>FYL</td>
			<td>FENTANYL</td>
			<td>&nbsp;</td>
		</tr>
		<tr>
			<td>4</td>
			<td>COC</td>
			<td>COCAINE</td>
			<td>&nbsp;</td>
			<td>22</td>
			<td>ALC</td>
			<td>ALCOHOL</td>
			<td>&nbsp;</td>
		</tr>
		<tr>
			<td>5</td>
			<td>COT</td>
			<td>COTININE</td>
			<td>&nbsp;</td>
			<td>23</td>
			<td>ALP</td>
			<td>ALPRAZOLAM</td>
			<td>&nbsp;</td>
		</tr>
		<tr>
			<td>6</td>
			<td>ETG</td>
			<td>ETHYL GLUCORONIDE</td>
			<td>&nbsp;</td>
			<td>24</td>
			<td>TRO</td>
			<td>TROPICAMIDE</td>
			<td>&nbsp;</td>
		</tr>
		<tr>
			<td>7</td>
			<td>K2</td>
			<td>CANNABIS(SYNTHETIC MARIJUANA)&nbsp;</td>
			<td>&nbsp;</td>
			<td>25</td>
			<td>PCC</td>
			<td>PYRIDINIUM CHLOROCHROMATE</td>
			<td>&nbsp;</td>
		</tr>
		<tr>
			<td>8</td>
			<td>KET</td>
			<td>KETAMINE</td>
			<td>&nbsp;</td>
			<td>26</td>
			<td>ZOP</td>
			<td>ZOPIDONE</td>
			<td>&nbsp;</td>
		</tr>
		<tr>
			<td>9</td>
			<td>OPI</td>
			<td>OPIATES</td>
			<td>&nbsp;</td>
			<td>27</td>
			<td>MCAT</td>
			<td>METHCATHINONE</td>
			<td>&nbsp;</td>
		</tr>
		<tr>
			<td>10</td>
			<td>TRA</td>
			<td>TRAMADOL</td>
			<td>&nbsp;</td>
			<td>28</td>
			<td>7-ACL</td>
			<td>7-AMINOGONAZEPAM</td>
			<td>&nbsp;</td>
		</tr>
		<tr>
			<td>11</td>
			<td>MET</td>
			<td>METHAMPHETAMINE</td>
			<td>&nbsp;</td>
			<td>29</td>
			<td>MEP</td>
			<td>MEPHEDRONE</td>
			<td>&nbsp;</td>
		</tr>
		<tr>
			<td>12</td>
			<td>THC</td>
			<td>MARIJUANA</td>
			<td>&nbsp;</td>
			<td>30</td>
			<td>MDPV</td>
			<td>3,4-METHYLENEDIOXYPYROVAFERONE</td>
			<td>&nbsp;</td>
		</tr>
		<tr>
			<td>13</td>
			<td>FTY</td>
			<td>FENTANYL</td>
			<td>&nbsp;</td>
			<td>31</td>
			<td>ZOL</td>
			<td>ZOIPIDEM</td>
			<td>&nbsp;</td>
		</tr>
		<tr>
			<td>14</td>
			<td>MTD</td>
			<td>METHADONE</td>
			<td>&nbsp;</td>
			<td>32</td>
			<td>CEY2</td>
			<td>CARFENTANYL</td>
			<td>&nbsp;</td>
		</tr>
		<tr>
			<td>15</td>
			<td>OXY</td>
			<td>OXYCODONE</td>
			<td>&nbsp;</td>
			<td>33</td>
			<td>MPD</td>
			<td>METHYLPHENIDATE</td>
			<td>&nbsp;</td>
		</tr>
		<tr>
			<td>16</td>
			<td>PCP</td>
			<td>PHENTYDIDINE</td>
			<td>&nbsp;</td>
			<td>34</td>
			<td>LSD</td>
			<td>LYSERGIC ACID DIETHYLAMIDE</td>
			<td>&nbsp;</td>
		</tr>
		<tr>
			<td>17</td>
			<td>TCA</td>
			<td>TRICYCLE ANTIDEPRESSANTS</td>
			<td>&nbsp;</td>
			<td>35</td>
			<td>CAF</td>
			<td>CAFFEINE</td>
			<td>&nbsp;</td>
		</tr>
		<tr>
			<td>18</td>
			<td>MDMA</td>
			<td>METHYLENEDIOXYMETHAMPHETAMINE</td>
			<td>&nbsp;</td>
			<td>36</td>
			<td>MAM</td>
			<td>6-MOMOACETYLMORPHINE</td>
			<td>&nbsp;</td>
		</tr>
	</tbody>
</table>

<p>&nbsp;</p>
",,3030000001,,,,,,2,,,,,,,,,1,,,,,,,,,,,,,,,,,,,
7254,urine bag,,Add Item to Watch List,,0,,,,,,,,3010000001,Pharmacy,,,289,,General Consumables,,,,,,,,,50,,0,0,,,,,0,,,Consumables,1,Packs,Pieces,,,,,,,,,,,,,,,,,
7314,Specialist Consultation (1 Review),,,,,,,,,,,,3000000026,Services,Days,,1012,Other,,,,,,,,,,,,,1,,,,,,,,,1,,,,,,4255,1-Jan-24,,,,,,,,,,,,
7317,medical report (filling of forms),,,,,,,,,,,,3000000026,Services,Days,,166,Other,,,,,,,,,,,,,1,,,,,,,,,1,,,,,,4255,1-Jan-24,,,,,,,,,,,,
7319,Death certificate,,,,,,,,,,,,3000000026,Services,Days,,166,Other,,,,,,,,,,,,,1,,,,,,,,,1,,,,,,4255,1-Jan-24,,,,,,,,,,,,
7409,CONSULTATION PSYCHIATRIST LIASON FEE (follow-up),,,,,,,,,,,,3000000025,Services,Days,,307,Other,,,,,,,,,,,,,0,,,,,,,,,1,,,,,,4818,11-Jan-24,,,,,,,,,,,,
7416,OBSERVATION,,,,,,,,,,,,3000000025,Services,Unit,,,Other,,,,,,,,,,,,,2,,,,,,1,,,1,,,,,,4626,25-Jan-24,,,,,,,,,,,,
7418,DELIVERY-DESTRUCTIVE UNBOOKED,,,,,,,,,,,,3000000025,Services,Unit,,,Procedure,,,,,,,,,,,,,2,,,,,,1,,,1,,,,,,4626,25-Jan-24,,,,,,,,,,,,
7423,EVACUATION (MISSED ABORTION) UNBOOKED,,,,,,,,,,,,3000000025,Services,Unit,,,Procedure,,,,,,,,,,,,,2,,,,,,1,,,1,,,,,,4626,25-Jan-24,,,,,,,,,,,,
7425,ASSESSMENT/EMERGENCY WEEKEND/PUBLIC HOLIDAY CONSULTATION FEE,,,,,,,,,,,,3000000022,Services,Days,,307,Other,,,,,,,,,,,1,,0,,,,,,,,,1,,,,,,4816,26-Jan-24,,,,,,,,,,,,
7438, ACT 20/120mg X 18,,Add Item to Watch List,1,0,,,,,,,,3010000001,Pharmacy,,,410,,Tab,,,,,,,,,24,1,0,0,,,,,1,,,Drugs,1,Sachet,Tablet,,,,,,,,,,,,,,,,,
7455,Oral Rehydration Salt (ORS),,Add Item to Watch List,1,0,,,,,,,,3010000001,Pharmacy,,,276,,Satchet,,,,,,,,,3,,0,0,,,,,1,,,Drugs,1,Packs,Sachet,,,,,,,,,,,,,,,,,
7456,Zinc 20mg,,Add Item to Watch List,1,0,,,,,,,,3010000001,Pharmacy,,,286,,Tab,,,,,,,,,10,,0,0,,,,,1,,,Drugs,1,Packs,Tablet,,,,,,,,,,,,,,,,,
7462,NURSING CARE GW TWO WEEEKS,,,,,,,,,,,,3000000028,Services,Unit,,,Other,,,,,,,,,,,,,0,,,,,,1,,,1,,,,,,4626,22-Feb-24,,,,,,,,,,,,
7463,SERVICE CHARGE GW TWO WEEKS,,,,,,,,,,,,3000000028,Services,Unit,,,Other,,,,,,,,,,,,,0,,,,,,,,,1,,,,,,4626,22-Feb-24,,,,,,,,,,,,
7464,UTILITY GW TWO WEEKS,,,,,,,,,,,,3000000030,Services,Unit,,,Other,,,,,,,,,,,,,0,,,,,,1,,,1,,,,,,4626,22-Feb-24,,,,,,,,,,,,
7465,ENERGY GW TWO WEEKS,,,,,,,,,,,,3000000030,Services,Unit,,,Other,,,,,,,,,,,,,0,,,,,,1,,,1,,,,,,4626,22-Feb-24,,,,,,,,,,,,
7466,SKILL ACQUISITION GW TWO WEEKS,,,,,,,,,,,,3000000030,Services,Unit,,,Other,,,,,,,,,,,,,0,,,,,,1,,,1,,,,,,4626,22-Feb-24,,,,,,,,,,,,
7473,Gloves 1 pack,,Add Item to Watch List,1,0,,,,,,,,3010000001,Pharmacy,,,289,,General Consumables,,,,,,,,,10,,0,0,,,,,0,,,Consumables,1,Packs,Packs,,,,,,,,,,,,,,,,,
7494,NUTRITION DEPT-CONSULTATION FEE (ADULT)-,,,,,,,,,,,,3000000028,Services,Unit,,307,Other,,,,,,,,,,,,,2,,,,,,,,,1,,,,,,4624,21-Mar-24,,,,,,,,,,,,
7495,NUTRITION DEPT-CONSULTATION FEE (CHILDREN),,,,,,,,,,,,3000000028,Services,Unit,,307,Other,,,,,,,,,,,,,2,,,,,,,,,1,,,,,,4624,21-Mar-24,,,,,,,,,,,,
6117, Chlorpromazine 100mg,,Add Item to Watch List,,0,,,,,,,,3010000001,Pharmacy,,,441,,Tab,,,,,,,,,1,1,0,0,,,,,1,,,Drugs,1,Packs,Tablet,,,,,,,,,,,,,,,,,
6298,Natrixam 1.5mg/5mg,,Add Item to Watch List,,0,,,,,,,,3010000001,Pharmacy,,,993,,Tab,,,,,,,,,30,0,0,0,,,,,1,,,Drugs,1,Packs,Sachet,,,,,,,,,,,,,,,,,
6357,CONSUMABLES FOR ADMISSION NHIS CLINIC,,,,,,,,,,,,3000000025,Services,Unit,,1013,Other,,,,,,,,,,,,,0,,,,,,,,,1,,,,,,1,21-Sep-23,1,3-Nov-23,,,,,,,,,,
6625,Risperidone 4mg ,,Add Item to Watch List,1,0,,,,,,,,3010000001,Pharmacy,,,1025,,Tab,,,,,,,,,1,1,0,0,,,,,1,,,Drugs,1,Packs,Tablet,,,,,,,,,,,,,,,,,
6643,Hand Sanitizer,,Add Item to Watch List,1,0,,,,,,,,3010000001,Pharmacy,,,270,,General Consumables,,,,,,,,,1,1,0,0,,,,,0,,,Consumables,1,Bottle,Bottle,,,,,,,,,,,,,,,,,
6647,INTELLECTUAL DISABILITY ASSESSMENT(MONTHLY SESSION)- SPEECH THERAPY,,,,,,,,91000129,,,,3000000028,Services,Unit,,1001,Other,,,,,,,,,,,,,2,,,,,,,,,1,,,,,,4816,22-Sep-23,,,,,,,,,,,,
6657,Haloperidol 10mg,,Add Item to Watch List,,0,,,,,,,,3010000001,Pharmacy,,,441,,Tab,,,,,,,,,1000,,0,0,,,,,1,,,Drugs,1,Packs,Tablet,,,,,,,,,,,,,,,,,
6659,Glimepiride 2mg,,Add Item to Watch List,,0,,,,,,,,3010000001,Pharmacy,,,433,,Tab,,,,,,,,,100,,0,0,,,,,1,,,Drugs,1,Packs,Tablet,,,,,,,,,,,,,,,,,
6663,Klovinal ,,Add Item to Watch List,,0,,,,,,,,3010000001,Pharmacy,,,423,,Pessary,,,,,,,,,1,1,0,2,,,,,1,1,,Drugs,1,Packs,Tablet,,,,,,,,,,,,,,,,,
6673,Pentazocine 30mg,,,,0,,,,,,,,3010000001,Pharmacy,,,248,,Inj,,,,,,,,,10,0,0,2,,,,,0,,,Drugs,1,Packs,Amp,,,,,,,,,,,,,,,,,
6678,LAUNDRY FEE (SHORT STAY ADMISSION),,,,,,,,91000136,,,,3000000028,Services,Unit,,1001,Other,,,,,,,,,,,,,2,,,,,,,,,1,,,,,,4816,22-Sep-23,,,,,,,,,,,,
6684,Ergometrine 0.05%,,Add Item to Watch List,1,0,,,,,,,,3010000001,Pharmacy,,,1025,,Inj,,,,,,,,,1,1,0,0,,,,,1,,,Drugs,1,Packs,Tablet,,,,,,,,,,,,,,,,,
6685,NURSING CARE (PRIVATE WARD) ,,,,,,,,91000138,,,,3000000028,Services,Unit,,1001,Other,,,,,,,,,,,,,2,,,,,,,,,1,,,,,,4816,22-Sep-23,4257,1-Jan-24,,,,,,,,,,
6698,20% Infusion Mannitol,,Add Item to Watch List,,0,,,,,,,,3010000001,Pharmacy,,,1028,,Others,,,,,,,,,10,,0,0,,,,,1,,,Drugs,1,Packs,Bottle,,,,,,,,,,,,,,,,,
6708,REHABILITATION (Admission 2 Months),,,,,,,,91000151,,,,3000000028,Services,Unit,,1001,Other,,,,,,,,,,,,,0,,,,,,,,,1,,,,,,4816,22-Sep-23,4818,1-Jan-24,,,,,,,,,,
6715,SERVICE CHARGE TWO MONTH GW,,,,,,,,91000155,,,,3000000028,Services,Unit,,1001,Other,,,,,,,,,,,,,2,,,,,,,,,1,,,,,,4816,22-Sep-23,,,,,,,,,,,,
6718,DHA PLUS(Chlorine&Inositol),,Add Item to Watch List,1,0,,,,,,,,3010000001,Pharmacy,,,1025,,Syr,,,,,,,,,1,,0,0,,,,,1,,,Drugs,1,Bottle,Bottle,,,,,,,,,,,,,,,,,
6726,DRUG FEE (PRIVATE WARD) ,,,,,,,,52000104,,,,3000000031,Services,Unit,,1005,Other,,,,,,,,,,,,,0,,,,,,,,,1,,,,,,4254,22-Sep-23,,,,,,,,,,,,
6743,SPECIAL THERAPY (Dater 1 Month),,,,,,,,91000165,,,,3000000028,Services,Unit,,1001,Other,,,,,,,,,,,,,0,,,,,,,,,1,,,,,,4816,22-Sep-23,4818,1-Jan-24,,,,,,,,,,
6744,Misoprostol 200mcg,,Add Item to Watch List,,0,,,,,,,,3010000001,Pharmacy,,,280,,Tab,,,,,,,,,10,0,0,0,,,,,1,,,Drugs,1,Packs,Tablet,,,,,,,,,,,,,,,,,
6752,SPECIFIC LEARNING DISABILITY ASSESSMENT(MONTHLY SESSION)-SPEECH THERAPY,,,,,,,,91000166,,,,3000000028,Services,Unit,,1001,Other,,,,,,,,,,,,,2,,,,,,,,,1,,,,,,4816,22-Sep-23,,,,,,,,,,,,
6759,PHYSIOTHERAPY (PAEDIATRICS- 10 SESSIONS),,,,,,,,92000103,,,,3000000029,Services,Unit,,1002,Other,,,,,,,,,,,,,2,,,,,,,,,1,,,,,,4816,22-Sep-23,,,,,,,,,,,,
6774,16'X36'MIRROR FRAME-O/T,,,,,,,,93000102,,,,3000000030,Services,Unit,,1003,Other,,,,,,,,,,,,,2,,,,,,,,,1,,,,,,4816,22-Sep-23,,,,,,,,,,,,
6783,OVER DUE CHARGES(PER DAY)- LIBRARY,,,,,,,,93000140,,,,3000000030,Services,Unit,,1003,Other,,,,,,,,,,,,,0,,,,,,,,,1,,,,,,4254,22-Sep-23,,,,,,,,,,,,
6786,INJ.Ephedrine,,Add Item to Watch List,,0,,,,,,,,3010000001,Pharmacy,,,248,,Inj,,,,,,,,,1,1,0,0,,,,,1,,,Drugs,1,,,,,,,,,,,,,,,,,,,
6791,Spirinolactone 25mg,,Add Item to Watch List,1,0,,,,,,,,3010000001,Pharmacy,,,1023,,Tab,,,,,,,,,100,,0,1,,,,,1,,,Drugs,1,Packs,Tablet,,,,,,,,,,,,,,,,,
6794,Dermazin (Silver Sulfadiazing),,Add Item to Watch List,,0,,,,,,,,3010000001,Pharmacy,,,1021,,General Consumables,,,,,,,,,1,1,0,0,,,,,1,,,Consumables,1,Packs,Packs,,,,,,,,,,,,,,,,,
6798,Loperamide 2mg,,Add Item to Watch List,1,0,,,,,,,,3010000001,Pharmacy,,,439,,Tab,,,,,,,,,10,1,0,0,,,,,1,,,Drugs,1,Packs,Tablet,,,,,,,,,,,,,,,,,
6799, Haloperidol 10mg,,Add Item to Watch List,,0,,,,,,,,3010000001,Pharmacy,,,441,,Tab,,,,,,,,,1,1,0,0,,,,,1,,,Drugs,1,Packs,Tablet,,,,,,,,,,,,,,,,,
6800,BUBA & SOKOTO -TAILORING(O/T),,,,,,,,93000108,,,,3000000030,Services,Unit,,1003,Other,,,,,,,,,,,,,2,,,,,,,,,1,,,,,,4816,22-Sep-23,,,,,,,,,,,,
6802,MEDIUM BASKET(WEDDING BASKET)-O/T,,,,,,,,93000110,,,,3000000030,Services,Unit,,1003,Other,,,,,,,,,,,,,2,,,,,,,,,1,,,,,,4816,22-Sep-23,,,,,,,,,,,,
6803,Neurogesic Ointment,,Add Item to Watch List,1,0,,,,,,,,3010000001,Pharmacy,,,247,,General Consumables,,,,,,,,,1,0,0,0,,,,,1,,,Consumables,1,Packs,Packs,,,,,,,,,,,,,,,,,
6804,NEW SHOE (SANDAL)-LEATHER WORK O/T,,,,,,,,93000111,,,,3000000027,Services,Unit,,1003,Other,,,,,,,,,,,,,2,,,,,,,,,1,,,,,,4816,22-Sep-23,,,,,,,,,,,,
6805,Trifluoperazine 5mg,,Add Item to Watch List,,0,,,,,,,,3010000001,Pharmacy,,,441,,Tab,,,,,,,,,1000,,0,0,,,,,1,,,Drugs,1,Packs,Tablet,,,,,,,,,,,,,,,,,
6806,TROUSER SUIT-TAILORING (O/T),,,,,,,,93000112,,,,3000000030,Services,Unit,,1003,Other,,,,,,,,,,,,,2,,,,,,,,,1,,,,,,4816,22-Sep-23,,,,,,,,,,,,
6807,WASHING AND SETTING-SALON (O/T),,,,,,,,93000113,,,,3000000030,Services,Unit,,1003,Other,,,,,,,,,,,,,2,,,,,,,,,1,,,,,,4816,22-Sep-23,,,,,,,,,,,,
6808,Suxamethonurn,,Add Item to Watch List,1,0,,,,,,,,3010000001,Pharmacy,,,247,,Inj,,,,,,,,,1,1,0,0,,,,,1,,,Drugs,1,Packs,Amp,,,,,,,,,,,,,,,,,
6809,WEAVING-SALON (O/T),,,,,,,,93000114,,,,3000000027,Services,Unit,,1004,Other,,,,,,,,,,,,,2,,,,,,,,,1,,,,,,4816,22-Sep-23,,,,,,,,,,,,
7017,Prednisolone 5mg ,,Add Item to Watch List,,0,,,,,,,,3010000001,Pharmacy,,,427,,Tab,,,,,,,,,100,,0,2,,,,,1,,,Drugs,1,Packs,Tablet,,,,,,,,,,,,,,,,,
7018,Salbutamol 4mg,,Add Item to Watch List,,0,,,,,,,,3010000001,Pharmacy,,,1020,,Tab,,,,,,,,,1000,0,0,2,,,,,1,,,Drugs,1,Packs,Tablet,,,,,,,,,,,,,,,,,
7023,Amoxicillin/Clavuanic Acid 228.5mg/5ml,,Add Item to Watch List,,0,,,,,,,,3010000001,Pharmacy,,,1022,,Susp,,,,,,,,,1,,0,0,,,,,1,,,Drugs,1,Bottle,Bottle,,,,,,,,,,,,,,,,,
7051,Tab. Artovastatin 20mg,,Add Item to Watch List,1,0,,,,,,,,3010000001,Pharmacy,,,419,,Tab,,,,,,,,,30,,0,0,,,,,1,,,Drugs,1,Packs,Tablet,,,,,,,,,,,,,,,,,
7052,Tab. Erythromycin 250mg,,Add Item to Watch List,1,0,,,,,,,,3010000001,Pharmacy,,,1022,,Tab,,,,,,,,,100,0,0,0,,,,,1,,,Drugs,1,Packs,Tablet,,,,,,,,,,,,,,,,,
7136,PARANASALSINUSES (ADULT),,,,,,,,71000134,,,,3000000003,Services,Unit,,967,Other,,,,,,,,,,,1,,0,,,,,,,,,1,,,,,,4254,26-Sep-23,,,,,,,,,,,,
7137,PARANASALSINUSES (CHILD),,,,,,,,71000135,,,,3000000003,Services,Unit,,967,Other,,,,,,,,,,,1,,0,,,,,,,,,1,,,,,,4254,26-Sep-23,,,,,,,,,,,,
7203,CONSULTATION FEE-ASSESSMENT/EMERGENCY ,,,,,,,,,,,,3000000025,Services,Unit,,307,Other,,,,,,,,,,,,,0,,,,,,,,,1,,,,,,1,11-Oct-23,,,,,,,,,,,,
7223,Vicryl 2/0,,Add Item to Watch List,,0,,,,,,,,3010000001,Pharmacy,,,1021,,General Consumables,,,,,,,,,28,,0,0,,,,,0,,,Consumables,1,Packs,Pieces,,,,,,,,,,,,,,,,,
7243,THEATRE CONSUMABLE,,,,,,,,,,,,3000000025,Services,Unit,,1013,Surgery,,,,,,,,,,,,,0,,,,,,,,,1,,,,,,4818,21-Oct-23,4624,26-Feb-24,,,,,,,,,,
7247,RVS,,,,,,,,09989,,,,3030000002,Lab,,,22,,,,,,"<p>MED LAB SCI COMMENT:</p>
",,3030000002,,,,,,2,,,,,,1,,,1,,,,,,,,,,,,,,,,,,,
7420,DELIVERY-ND&BREECH (TWINS) UNBOOKED,,,,,,,,,,,,3000000025,Services,Unit,,,Procedure,,,,,,,,,,,,,2,,,,,,1,,,1,,,,,,4626,25-Jan-24,,,,,,,,,,,,
7458,NURSING CARE REHAB BALANCE,,,,,,,,,,,,3000000028,Services,Unit,,,Other,,,,,,,,,,,,,0,,,,,,1,,,1,,,,,,4626,22-Feb-24,,,,,,,,,,,,
7461,LAUNDRY GW TWO WEEKS,,,,,,,,,,,,3000000028,Services,Unit,,,Other,,,,,,,,,,,,,0,,,,,,1,,,1,,,,,,4626,22-Feb-24,,,,,,,,,,,,
7467,PSYCHOLOGICAL INTERVENTION,,,,,,,,,,,,3000000028,Services,Unit,,,Other,,,,,,,,,,,,,0,,,,,,1,,,1,,,,,,4626,22-Feb-24,,,,,,,,,,,,
7469,MEDICAL CARE GW TWO WEEKS,,,,,,,,,,,,3000000028,Services,Unit,,,Other,,,,,,,,,,,,,0,,,,,,1,,,1,,,,,,4626,22-Feb-24,,,,,,,,,,,,
7481,NURSING CARE (DATER)-2 WEEKS,,,,,,,,,,,,3000000007,Services,Unit,,1001,Other,,,,,,,,,,,,,0,,,,,,,,,1,,,,,,4624,7-Mar-24,,,,,,,,,,,,
5990,Consultation fee Emergency Complain,,,,,,,,,,,,3000000007,Services,Months,,,Other,,,,,,,,,,,,,2,,,,,,1,,,1,,,,,,,,1,29-Aug-23,,,,,,,,,,
5725,FEEDING(2 MONTHS GENERAL WARD),,,,,,,,,,,,3000000024,Services,Unit,,1008,Other,,,,,,,,,,,,,2,,,,,,,,,1,,,,,,1,21-Sep-23,1,21-Sep-23,,,,,,,,,,
5741,Drug Ward - Accommodation ,,,,,,,,,,,,3020000004,Services,Unit,,366,Other,,,,,,,,,,,,,2,,,,,,,,,1,,,,,,,,,,,,,,,,,,,
5791,Feeding,,,,,,,,,,,,3000000007,Services,Unit,,969,Other,,,,,,,,,,,1,,2,,,,,,,,,1,,,,,,,,,,,,,,,,,,,
5806,Intelligent Quotient ,,,,,,,,,,,,3000000007,Services,Unit,,969,Other,,,,,,,,,,,,,2,,,,,,,,,1,,,,,,,,,,,,,,,,,,,
5808,Repatriation,,,,,,,,,,,,3000000007,Services,Unit,,969,Other,,,,,,,,,,,,,2,,,,,,,,,1,,,,,,,,,,,,,,,,,,,
5820,E-CARD FEE,,,,,,,,,,,,3000000025,Services,Unit,,306,Other,,,,,,,,,,,,,2,,,,,,1,,,1,,,,,,1,29-Sep-23,1,29-Sep-23,,,,,,,,,,
5825,EMERGENCY DEFAULTER FEE,,,,,,,,,,,,3000000018,Services,Unit,,307,Other,,,,,,,,,,,,,2,,,,,,,,,1,,,,,,,,,,,,,,,,,,,
5826,EMERGENCY REG & CONSULTATION FEE,,,,,,,,,,,,3000000018,Services,Unit,,307,Other,,,,,,,,,,,,,2,,,,,,,,,1,,,,,,,,,,,,,,,,,,,
5827,EMERGENCY COMPLAIN FEE,,,,,,,,,,,,3000000018,Services,Unit,,987,Other,,,,,,,,,,,,,2,,,,,,,,,1,,,,,,,,,,,,,,,,,,,
5981,Individual Psychotherapy  (CBT) CA,,,,,,,,,,,,3000000020,Services,Days,,,Other,,,,,,,,,,,1,,2,,,,,,1,,,1,,,,,,,,,,,,,,,,,,,
5983,Family Therapy,,,,,,,,,,,,3000000020,Services,Unit,,154,Other,,,,,,,,,,,,,2,,,,,,1,,,1,,,,,,1,1-Feb-24,1,1-Feb-24,,,,,,,,,,
6030,Couples / Marital Psychotherapy,,,,,,,,,,,,3000000020,Services,Unit,,,Other,,,,,,,,,,,,,2,,,,,,,,,,,,,,,,,,,,,,,,,,,,
6031,Couples / Marital Psychotherapy C&A,,,,,,,,,,,,3000000020,Services,Unit,,,Other,,,,,,,,,,,,,0,,,,,,,,,1,,,,,,,,,,,,,,,,,,,
6037,OCCUPATIONAL-NON-DRUG MONTHLY,,,,,,,,,,,,3020000004,Services,Months,,366,Other,,,,,,,,,,,1,,0,,,,,,,,,1,,,,,,,,,,,,,,,,,,,
6070,Occupational Therapy-monthly,,,,,,,,,,,,3020000004,Services,Months,,366,Other,,,,,,,,,,,,,0,,,,,,,,,1,,,,,,,,,,,,,,,,,,,
6019,ACCOMMODATION MONTHLY NON DRUG WARD,,,,,,,,,,,,3020000004,Services,Unit,,366,Other,,,,,,,,,,,,,0,,,,,,,,,1,,,,,,,,,,,,,,,,,,,
6020,OT MONTHLY DRUG WARD,,,,,,,,,,,,3020000004,Services,Unit,,366,Other,,,,,,,,,,,,,0,,,,,,,,,1,,,,,,,,,,,,,,,,,,,
6022,GROUP THERAPY MONTHLY DRUG WARD,,,,,,,,,,,,3020000004,Services,Unit,,366,Other,,,,,,,,,,,,,0,,,,,,,,,1,,,,,,,,,,,,,,,,,,,
5835,CONSULTATION FEE OPC ,,,,,,,,,,,,3000000028,Services,Unit,,307,Other,,,,,,,,,,,,,0,,,,,,,,,1,,,,,,4818,1-Jan-24,4818,1-Jan-24,,,,,,,,,,
5836,DEFAULTER FEE OPC,,,,,,,,,,,,3000000018,Services,Unit,,307,Other,,,,,,,,,,,,,0,,,,,,,,,1,,,,,,,,,,,,,,,,,,,
5935,Group Therapy ,,,,,,,,,,,,3020000004,Services,Months,,366,Other,,,,,,,,,,,1,,2,,,,,,1,,,1,,,,,,,,,,,,,,,,,,,
5978,Group therapy,,,,,,,,,,,,3000000020,Services,Days,,,Other,,,,,,,,,,,1,,2,,,,,,1,,,1,,,,,,,,,,,,,,,,,,,
6025,Psychoilogical Assessment: Intelligent Quotient ,,,,,,,,,,,,3000000020,Services,Unit,,,Other,,,,,,,,,,,1,,2,,,,,,,,,1,,,,,,,,,,,,,,,,,,,
6026,Psychoilogical Assessment: Intelligent Quotient  C&A,,,,,,,,,,,,3000000020,Services,Unit,,,Other,,,,,,,,,,,1,,0,,,,,,,,,1,,,,,,,,,,,,,,,,,,,
5713,Laboratory,,,,,,,,,,,,3000000007,Services,Unit,,166,Other,,,,,,,,,,,1,,2,,,,,,,,,1,,,,,,,,,,,,,,,,,,,
5735,Psychotherapy Assessment,,,,,,,,,,,,3000000007,Services,Unit,,506,Other,,,,,,,,,,,,,2,,,,,,,,,1,,,,,,,,,,,,,,,,,,,
5746,Drug Ward - Group Therapy,,,,,,,,,,,,3000000018,Services,Unit,,366,Other,,,,,,,,,,,,,2,,,,,,,,,1,,,,,,,,,,,,,,,,,,,
5752,Non Drug Ward - X-ray,,,,,,,,,,,,3020000004,Services,Unit,,366,Other,,,,,,,,,,,,,2,,,,,,,,,1,,,,,,,,,,,,,,,,,,,
5772,Family Physician's Fee,,,,,,,,,,,,3000000007,Services,Unit,,989,Other,,,,,,,,,,,,,2,,,,,,,,,1,,,,,,,,,,,,,,,,,,,
5778,Minor Surgery,,,,,,,,,,,,3000000007,Services,Unit,,989,Other,,,,,,,,,,,,,2,,,,,,,,,1,,,,,,,,,,,,,,,,,,,
5780,I & D 2,,,,,,,,,,,,3000000007,Services,Unit,,989,Other,,,,,,,,,,,,,2,,,,,,,,,1,,,,,,,,,,,,,,,,,,,
5783,FB Removal,,,,,,,,,,,,3000000007,Services,Unit,,989,Other,,,,,,,,,,,1,,2,,,,,,,,,1,,,,,,,,,,,,,,,,,,,
5790,Accommodation and Bedding,,,,,,,,,,,,3000000007,Services,Unit,,969,Other,,,,,,,,,,,,,2,,,,,,,,,1,,,,,,,,,,,,,,,,,,,
5792,Medication,,,,,,,,,,,,3000000007,Services,Unit,,969,Other,,,,,,,,,,,,,2,,,,,,,,,1,,,,,,,,,,,,,,,,,,,
5931,Hospital Charges Feeding  (Drug Ward),,,,,,,,,,,,3020000004,Services,Days,,366,Other,,,,,,,,,,,1,,2,,,,,,1,,,1,,,,,,,,,,,,,,,,,,,
5932,Feeding per Month  (Drug Ward),,,,,,,,,,,,3020000004,Services,Months,,366,Other,,,,,,,,,,,1,,2,,,,,,1,,,1,,,,,,,,,,,,,,,,,,,
5933,Accommodation per Month (Drug Ward),,,,,,,,,,,,3020000004,Services,Months,,366,Other,,,,,,,,,,,1,,2,,,,,,1,,,1,,,,,,,,,,,,,,,,,,,
5934,Professional Fees,,,,,,,,,,,,3020000004,Services,Months,,366,Other,,,,,,,,,,,1,,2,,,,,,1,,,1,,,,,,,,,,,,,,,,,,,
6027,PROFESSIONAL FEE MONTHLY DRUG WARD,,,,,,,,,,,,3020000004,Services,Unit,,366,Other,,,,,,,,,,,,,0,,,,,,,,,1,,,,,,,,,,,,,,,,,,,
6028,LAUNDRY MONTHLY DRUG WARD,,,,,,,,,,,,3020000004,Services,Unit,,366,Other,,,,,,,,,,,,,0,,,,,,,,,1,,,,,,,,,,,,,,,,,,,
6029,LAUNDRY MONTHLY NON DRUG WARD,,,,,,,,,,,,3020000004,Services,Unit,,366,Other,,,,,,,,,,,,,0,,,,,,,,,1,,,,,,,,,,,,,,,,,,,
5837,MEDICAL REPORT(with letter head) for wards/opc,,,,,,,,,,,,3000000004,Services,Unit,,1001,Other,,,,,,,,,,,,,0,,,,,,,,,1,,,,,,4818,1-Jan-24,4818,1-Jan-24,,,,,,,,,,
5841,HARVEY ROAD REGISTRATION FEE,,,,,,,,,,,,3000000004,Services,Unit,,306,Other,,,,,,,,,,,1,,0,,,,,,,,,1,,,,,,,,,,,,,,,,,,,
5910,FEEDING- DRUG WARD,,,,,,,,,,,,3020000004,Services,Unit,,366,Other,,,,,,,,,,,,,0,,,,,,1,,,1,,,,,,,,,,,,,,,,,,,
5970,I Q Assessment ,,,,,,,,,,,,3000000020,Services,Unit,,154,Other,,,,,,,,,,,1,,2,,,,,,1,,,1,,,,,,4257,1-Jan-24,1,1-Feb-24,,,,,,,,,,
5971,Individual Psychotherapy  (CBT),,,,,,,,,,,,3000000020,Services,Unit,,154,Other,,,,,,,,,,,,,2,,,,,,1,,,1,,,,,,1,1-Feb-24,1,1-Feb-24,,,,,,,,,,
5972,Personality Assessment (C&A),,,,,,,,,,,,3000000020,Services,Days,,,Other,,,,,,,,,,,,,2,,,,,,1,,,,,,,,,,,,,,,,,,,,,,
5974,Personality Assessment (C/A),,,,,,,,,,,,3000000020,Services,Days,,,Other,,,,,,,,,,,1,,2,,,,,,1,,,1,,,,,,,,,,,,,,,,,,,
5975,Family Therapy ,,,,,,,,,,,,3000000020,Services,Days,,,Other,,,,,,,,,,,1,,2,,,,,,1,,,1,,,,,,,,,,,,,,,,,,,
5979,Trait (C&A),,,,,,,,,,,,3000000020,Services,Days,,,Other,,,,,,,,,,,1,,2,,,,,,1,,,1,,,,,,,,,,,,,,,,,,,
5980,IQ Assessment  (C/A),,,,,,,,,,,,3000000020,Services,Days,,,Other,,,,,,,,,,,1,,2,,,,,,1,,,1,,,,,,,,,,,,,,,,,,,
5982,Behavior therapy ,,,,,,,,,,,,3000000020,Services,Unit,,154,Other,,,,,,,,,,,,,2,,,,,,1,,,1,,,,,,1,1-Feb-24,1,1-Feb-24,,,,,,,,,,
5719,Fee for those who visit for Medication refills,,,,,,,,,,,,3000000007,Services,Unit,,986,Other,,,,,,,,,,,,,2,,,,,,,,,1,,,,,,,,,,,,,,,,,,,
5720,Emergency services fee for those who require immediate interventions,,,,,,,,,,,,3000000007,Services,Unit,,986,Other,,,,,,,,,,,,,2,,,,,,,,,1,,,,,,,,,,,,,,,,,,,
5722,Non drug Ward (Long Stay),,,,,,,,,,,,3020000004,Services,Unit,,366,Other,,,,,,,,,,,,,2,,,,,,,,,1,,,,,,,,,,,,,,,,,,,
5723,Feeding Short Stay Drug Ward,,,,,,,,,,,,3020000004,Services,Unit,,366,Other,,,,,,,,,,,,,2,,,,,,,,,1,,,,,,,,,,,,,,,,,,,
5727,New Registration fee ,,,,,,,,,,,,3000000017,Services,Unit,,988,Other,,,,,,,,,,,1,,2,,,,,,,,,1,,,,,,,,,,,,,,,,,,,
5729,Testamentary Capacity ,,,,,,,,,,,,3000000007,Services,Unit,,988,Other,,,,,,,,,,,,,2,,,,,,,,,1,,,,,,,,,,,,,,,,,,,
5731,Appointment Card Replacement Fee,,,,,,,,,,,,3000000007,Services,Unit,,988,Other,,,,,,,,,,,,,2,,,,,,,,,1,,,,,,,,,,,,,,,,,,,
5732,Defaulters,,,,,,,,,,,,3000000007,Services,Unit,,988,Other,,,,,,,,,,,,,2,,,,,,,,,1,,,,,,,,,,,,,,,,,,,
5736,IQ Assessment,,,,,,,,,,,,3000000020,Services,Unit,,154,Other,,,,,,,,,,,,,2,,,,,,,,,1,,,,,,1,1-Feb-24,1,1-Feb-24,,,,,,,,,,
5737,Psychotherapies Intervention,,,,,,,,,,,,3000000007,Services,Unit,,506,Other,,,,,,,,,,,,,2,,,,,,,,,1,,,,,,,,,,,,,,,,,,,
5743,Drug Ward - Occupational Therapy,,,,,,,,,,,,3020000004,Services,Unit,,366,Other,,,,,,,,,,,,,2,,,,,,,,,1,,,,,,,,,,,,,,,,,,,
5744,Drug Ward - X-ray,,,,,,,,,,,,3020000004,Services,Unit,,366,Other,,,,,,,,,,,,,2,,,,,,,,,1,,,,,,,,,,,,,,,,,,,
5747,Drug Ward - Laundry,,,,,,,,,,,,3020000004,Services,Unit,,366,Other,,,,,,,,,,,,,2,,,,,,,,,1,,,,,,,,,,,,,,,,,,,
5751,Non Drug Ward - Occupational Therapy,,,,,,,,,,,,3020000004,Services,Unit,,366,Other,,,,,,,,,,,,,2,,,,,,,,,1,,,,,,,,,,,,,,,,,,,
5756,Side Ward - Feeding,,,,,,,,,,,,3020000004,Services,Unit,,366,Other,,,,,,,,,,,,,2,,,,,,,,,1,,,,,,,,,,,,,,,,,,,
5757,Side Ward - Accommodation,,,,,,,,,,,,3020000004,Services,Unit,,366,Other,,,,,,,,,,,,,2,,,,,,,,,1,,,,,,,,,,,,,,,,,,,
5758,Side Ward - Medication,,,,,,,,,,,,3020000004,Services,Unit,,366,Other,,,,,,,,,,,,,2,,,,,,,,,1,,,,,,,,,,,,,,,,,,,
5762,Side Ward - X-ray,,,,,,,,,,,,3020000004,Services,Unit,,366,Other,,,,,,,,,,,,,2,,,,,,,,,1,,,,,,,,,,,,,,,,,,,
5763,Side Ward - Occupational Therapy,,,,,,,,,,,,3020000004,Services,Unit,,366,Other,,,,,,,,,,,,,2,,,,,,,,,1,,,,,,,,,,,,,,,,,,,
5764,Semi Private (Oshodi) - Feeding ,,,,,,,,,,,,3020000004,Services,Unit,,366,Other,,,,,,,,,,,1,,2,,,,,,,,,1,,,,,,,,,,,,,,,,,,,
5765,Semi Private (Oshodi) - Accommodation,,,,,,,,,,,,3020000004,Services,Unit,,366,Other,,,,,,,,,,,1,,2,,,,,,,,,1,,,,,,,,,,,,,,,,,,,
5769,Semi Private (Oshodi) - Occupational Therapy,,,,,,,,,,,,3020000004,Services,Unit,,366,Other,,,,,,,,,,,1,,2,,,,,,,,,1,,,,,,,,,,,,,,,,,,,
5775, Cardiology Consultation fee,,,,,,,,,,,,3000000007,Services,Unit,,989,Other,,,,,,,,,,,,,2,,,,,,,,,1,,,,,,,,,,,,,,,,,,,
5776,Neurology Consultation Fee,,,,,,,,,,,,3000000007,Services,Unit,,989,Other,,,,,,,,,,,,,2,,,,,,,,,1,,,,,,,,,,,,,,,,,,,
5781,Admission / Day ,,,,,,,,,,,,3000000007,Services,Unit,,989,Other,,,,,,,,,,,,,2,,,,,,,,,1,,,,,,,,,,,,,,,,,,,
5784,Ear Syringing,,,,,,,,,,,,3000000007,Services,Unit,,989,Other,,,,,,,,,,,,,2,,,,,,,,,1,,,,,,,,,,,,,,,,,,,
5788,Educational Assessment & Therapy (4) Sessions,,,,,,,,,,,,3000000007,Services,Unit,,969,Other,,,,,,,,,,,,,2,,,,,,,,,,,,,,,,,,,,,,,,,,,,
5793,Laundry,,,,,,,,,,,,3000000007,Services,Unit,,969,Other,,,,,,,,,,,,,2,,,,,,,,,1,,,,,,,,,,,,,,,,,,,
5830,Accommodation Short Stay Drug Ward ,,,,,,,,,,,,3020000004,Services,Unit,,366,Other,,,,,,,,,,,,,0,,,,,,,,,1,,,,,,,,,,,,,,,,,,,
5717,Consultation fee for defaulters without complaints ,,,,,,,,,,,,3000000018,Services,Unit,,986,Other,,,,,,,,,,,,,2,,,,,,,,,1,,,,,,,,,,,,,,,,,,,
5718,Consultation fee for defaulters with complaints ,,,,,,,,,,,,3000000018,Services,Unit,,986,Other,,,,,,,,,,,,,2,,,,,,,,,1,,,,,,,,,,,,,,,,,,,
5730,Medical Report Fee,,,,,,,,,,,,3000000007,Services,Unit,,988,Other,,,,,,,,,,,,,2,,,,,,,,,1,,,,,,,,,,,,,,,,,,,
5738,Drug Ward - Feeding,,,,,,,,,,,,3020000004,Services,Unit,,366,Other,,,,,,,,,,,,,2,,,,,,,,,,,,,,,,,,,,,,,,,,,,
5753,Non Drug Ward - Professional ,,,,,,,,,,,,3020000004,Services,Unit,,366,Other,,,,,,,,,,,,,2,,,,,,,,,1,,,,,,,,,,,,,,,,,,,
5755,Non Drug Ward - Laundry,,,,,,,,,,,,3020000004,Services,Unit,,366,Other,,,,,,,,,,,,,2,,,,,,,,,1,,,,,,,,,,,,,,,,,,,
5759,Side Ward - Professional Fee,,,,,,,,,,,,3020000004,Services,Unit,,366,Other,,,,,,,,,,,,,2,,,,,,,,,,,,,,,,,,,,,,,,,,,,
5766,Semi Private (Oshodi) - Professional Fee,,,,,,,,,,,,3020000004,Services,Unit,,366,Other,,,,,,,,,,,1,,2,,,,,,,,,1,,,,,,,,,,,,,,,,,,,
5797,Registration,,,,,,,,,,,,3000000017,Services,Unit,,969,Other,,,,,,,,,,,1,,2,,,,,,,,,1,,,,,,,,,,,,,,,,,,,
5798,Occupational Therapy,,,,,,,,,,,,3000000007,Services,Unit,,969,Other,,,,,,,,,,,,,2,,,,,,,,,1,,,,,,,,,,,,,,,,,,,
5799,Physiotherapy,,,,,,,,,,,,3000000007,Services,Unit,,969,Other,,,,,,,,,,,,,2,,,,,,,,,1,,,,,,,,,,,,,,,,,,,
5800,Educational Therapy,,,,,,,,,,,,3000000007,Services,Unit,,969,Other,,,,,,,,,,,,,2,,,,,,,,,1,,,,,,,,,,,,,,,,,,,
5801,Speech Therapy,,,,,,,,,,,,3000000007,Services,Unit,,969,Other,,,,,,,,,,,,,2,,,,,,,,,1,,,,,,,,,,,,,,,,,,,
5802,Follow up Consultation,,,,,,,,,,,,3000000007,Services,Unit,,969,Other,,,,,,,,,,,,,2,,,,,,,,,1,,,,,,,,,,,,,,,,,,,
5807,Psychological Intervention,,,,,,,,,,,,3000000007,Services,Unit,,969,Other,,,,,,,,,,,,,2,,,,,,,,,1,,,,,,,,,,,,,,,,,,,
5724,Semi Private (Oshodi),,,,,,,,,,,,3020000004,Services,Unit,,366,Other,,,,,,,,,,,1,,2,,,,,,,,,1,,,,,,,,,,,,,,,,,,,
5728,Old Patient (Transfer) ,,,,,,,,,,,,3000000007,Services,Unit,,988,Other,,,,,,,,,,,,,2,,,,,,,,,1,,,,,,,,,,,,,,,,,,,
5852,APPOINTMENT FEE EMERGENCY,,,,,,,,,,,,3000000017,Services,Unit,,306,Other,,,,,,,,,,,,,2,,,,,,1,,,1,,,,,,,,,,,,,,,,,,,
5950,Over Posting,,,,,,,,,,,,3000000007,Services,Days,,,Other,,,,,,,,,,,,,0,,,,,,1,,,1,,,,,,,,,,,,,,,,,,,
6010,Individual Psychotherapy  : Interpersonal Psychotherapy,,,,,,,,,,,,3000000020,Services,Unit,,966,Other,,,,,,,,,,,,,2,,,,,,,,,1,,,,,,,,,,,,,,,,,,,
6011,Individuala Psychotherapy : Insight oriented therapy,,,,,,,,,,,,3000000020,Services,Unit,,966,Other,,,,,,,,,,,,,2,,,,,,,,,1,,,,,,,,,,,,,,,,,,,
6014,Individuala Psychotherapy : Parental Management Training (C&A),,,,,,,,,,,,3000000020,Services,Unit,,966,Other,,,,,,,,,,,,,2,,,,,,,,,,,,,,,,,,,,,,,,,,,,
6015,FEEDING MONTHLY DRUG WARD,,,,,,,,,,,,3020000004,Services,Unit,,366,Other,,,,,,,,,,,,,0,,,,,,,,,1,,,,,,,,,,,,,,,,,,,
6016,FEEDING MONTHLY NON DRUG WARD,,,,,,,,,,,,3020000004,Services,Unit,,366,Other,,,,,,,,,,,,,0,,,,,,,,,1,,,,,,,,,,,,,,,,,,,
6017,Psychological Assessment: Personality,,,,,,,,,,,,3000000020,Services,Unit,,,Other,,,,,,,,,,,1,,2,,,,,,,,,1,,,,,,,,,,,,,,,,,,,
6021,OT MONTHLY NON DRUG WARD,,,,,,,,,,,,3020000004,Services,Unit,,366,Other,,,,,,,,,,,,,0,,,,,,,,,1,,,,,,,,,,,,,,,,,,,
6023,GROUP THERAPY MONTHLY NON DRUG WARD,,,,,,,,,,,,3020000004,Services,Unit,,366,Other,,,,,,,,,,,,,0,,,,,,,,,1,,,,,,,,,,,,,,,,,,,
5838,CONSULTATION FEE AMENITY ,,,,,,,,,,,,3000000018,Services,Unit,,307,Other,,,,,,,,,,,1,,0,,,,,,,,,1,,,,,,,,,,,,,,,,,,,
5839,DEFAULTER FEE AMENITY,,,,,,,,,,,,3000000004,Services,Unit,,988,Procedure,,,,,,,,,,,1,,0,,,,,,,,,1,,,,,,,,,,,,,,,,,,,
6035,Couples/Marital Psychotherapy,,,,,,,,,,,,3000000020,Services,Unit,,154,Other,,,,,,,,,,,,,0,,,,,,,,,1,,,,,,1,1-Feb-24,1,1-Feb-24,,,,,,,,,,
5715,Insurance fee,,,,,,,,,,,,3000000007,Services,Unit,,986,Other,,,,,,,,,,,1,,2,,,,,,,,,1,,,,,,,,,,,,,,,,,,,
5716,Consultation fee on appointment day,,,,,,,,,,,,3000000018,Services,Unit,,986,Other,,,,,,,,,,,,,2,,,,,,,,,1,,,,,,,,,,,,,,,,,,,
5726,Consultation fee ,,,,,,,,,,,,3000000018,Services,Unit,,988,Other,,,,,,,,,,,,,2,,,,,,,,,1,,,,,,,,,,,,,,,,,,,
6012,Individuala Psychotherapy :  anger management,,,,,,,,,,,,3000000020,Services,Unit,,966,Other,,,,,,,,,,,,,2,,,,,,,,,1,,,,,,,,,,,,,,,,,,,
6013,Individuala Psychotherapy : Behavioural Modification Therapy (C&A),,,,,,,,,,,,3000000020,Services,Unit,,966,Other,,,,,,,,,,,,,2,,,,,,,,,1,,,,,,,,,,,,,,,,,,,
6018,ACCOMMODATION MONTHLY DRUG WARD,,,,,,,,,,,,3020000004,Services,Unit,,366,Other,,,,,,,,,,,,,0,,,,,,,,,1,,,,,,,,,,,,,,,,,,,
5734,License for gun assessment,,,,,,,,,,,,3000000007,Services,Unit,,366,Other,,,,,,,,,,,,,2,,,,,,,,,1,,,,,,,,,,,,,,,,,,,
5745,Drug Ward - Professional ,,,,,,,,,,,,3020000004,Services,Unit,,366,Other,,,,,,,,,,,,,2,,,,,,,,,1,,,,,,,,,,,,,,,,,,,
5748,Non Drug Ward - Feeding,,,,,,,,,,,,3020000004,Services,Unit,,366,Other,,,,,,,,,,,,,2,,,,,,,,,1,,,,,,,,,,,,,,,,,,,
5749,Non Drug Ward - Accommodation,,,,,,,,,,,,3020000004,Services,Unit,,366,Other,,,,,,,,,,,,,2,,,,,,,,,1,,,,,,,,,,,,,,,,,,,
5750,Non Drug Ward - Medication,,,,,,,,,,,,3020000004,Services,Unit,,366,Other,,,,,,,,,,,,,2,,,,,,,,,1,,,,,,,,,,,,,,,,,,,
5768,Semi Private (Oshodi) - Laundry,,,,,,,,,,,,3020000004,Services,Unit,,366,Other,,,,,,,,,,,1,,2,,,,,,,,,1,,,,,,,,,,,,,,,,,,,
5770,Semi Private (Oshodi) - Medication,,,,,,,,,,,,3020000004,Services,Unit,,366,Other,,,,,,,,,,,1,,2,,,,,,,,,1,,,,,,,,,,,,,,,,,,,
5771,Registration HRCC,,,,,,,,,,,,3000000007,Services,Unit,,989,Other,,,,,,,,,,,1,,2,,,,,,,,,1,,,,,,,,,,,,,,,,,,,
5777,ECG- (REGISTERED ADULT),,,,,,,,,,,,3000000025,Services,Unit,,998,Other,,,,,,,,,,,,,2,,,,,,,,,1,,,,,,,,,,,,,,,,,,,
5779,I & D,,,,,,,,,,,,3000000007,Services,Unit,,989,Other,,,,,,,,,,,,,2,,,,,,,,,1,,,,,,,,,,,,,,,,,,,
5782,Medical Report,,,,,,,,,,,,3000000007,Services,Unit,,989,Other,,,,,,,,,,,,,2,,,,,,,,,1,,,,,,,,,,,,,,,,,,,
5785,Glucometer use,,,,,,,,,,,,3000000007,Services,Unit,,989,Other,,,,,,,,,,,,,2,,,,,,,,,1,,,,,,,,,,,,,,,,,,,
5787,ECT,,,,,,,,,,,,3000000007,Services,Unit,,990,Other,,,,,,,,,,,,,2,,,,,,,,,1,,,,,,,,,,,,,,,,,,,
5789,Adult Speech Therapy (4) Sessions,,,,,,,,,,,,3000000020,Services,Unit,,907,Other,,,,,,,,,,,,,2,,,,,,,,,1,,,,,,1,2-Feb-24,1,2-Feb-24,,,,,,,,,,
5834,Consumable Short Stay Non Drug Ward  ,,,,,,,,,,,,3020000004,Services,Unit,,366,Other,,,,,,,,,,,,,0,,,,,,,,,1,,,,,,,,,,,,,,,,,,,
5930,Cognitive Behavioural Therapy,,,,,,,,,,,,3000000020,Services,Weeks,,506,Other,,,,,,,,,,,,,0,,,,,,,,,1,,,,,,1,25-Jan-24,1,25-Jan-24,,,,,,,,,,
5721,Drug Wards (Long Stay),,,,,,,,,,,,3020000004,Services,Unit,,366,Other,,,,,,,,,,,,,2,,,,,,,,,1,,,,,,,,,,,,,,,,,,,
5714,"Registration & Consultation	",,,,,,,,,,,,3000000017,Services,Unit,,306,Other,,,,,,,,,,,1,,2,,,,,,,,,1,,,,,,,,,,,,,,,,,,,
5936,Occupational Therapy ,,,,,,,,,,,,3020000004,Services,Months,,366,,,,,,,,,,,,1,,2,,,,,,1,,,1,,,,,,,,,,,,,,,,,,,
5937,Laundry ,,,,,,,,,,,,3020000004,Services,Months,,366,,,,,,,,,,,,1,,2,,,,,,1,,,1,,,,,,,,,,,,,,,,,,,
5984,Parental Management Training ,,,,,,,,,,,,3000000020,Services,Days,,,Other,,,,,,,,,,,1,,2,,,,,,1,,,1,,,,,,,,,,,,,,,,,,,
5742,Drug Ward - Medication,,,,,,,,,,,,3020000004,Services,Unit,,366,Other,,,,,,,,,,,,,2,,,,,,,,,1,,,,,,,,,,,,,,,,,,,
5754,Non Drug Ward - Group Therapy,,,,,,,,,,,,3020000004,Services,Unit,,366,Other,,,,,,,,,,,,,2,,,,,,,,,1,,,,,,,,,,,,,,,,,,,
5767,Semi Private (Oshodi) - X-ray,,,,,,,,,,,,3020000004,Services,Unit,,366,Other,,,,,,,,,,,1,,2,,,,,,,,,1,,,,,,,,,,,,,,,,,,,
5786,Dressing,,,,,,,,,,,,3000000007,Services,Unit,,989,Other,,,,,,,,,,,,,2,,,,,,,,,1,,,,,,,,,,,,,,,,,,,
5831,Consumable Short Stay Drug Ward  ,,,,,,,,,,,,3020000004,Services,Unit,,366,Other,,,,,,,,,,,,,0,,,,,,,,,1,,,,,,,,,,,,,,,,,,,
5832,Feeding Short Stay Non Drug Ward,,,,,,,,,,,,3020000004,Services,Unit,,366,Other,,,,,,,,,,,,,0,,,,,,,,,1,,,,,,,,,,,,,,,,,,,
5833,Accommodation Short Stay Non Drug Ward ,,,,,,,,,,,,3020000004,Services,Unit,,366,Other,,,,,,,,,,,,,0,,,,,,,,,1,,,,,,,,,,,,,,,,,,,
5840,MEDICAL REPORT AMENITY,,,,,,,,,,,,3000000004,Services,Unit,,988,Procedure,,,,,,,,,,,1,,0,,,,,,,,,1,,,,,,,,,,,,,,,,,,,
5842,CONSULTATION FEE FAMILY PHYSICIAN,,,,,,,,,,,,3000000018,Services,Unit,,307,Other,,,,,,,,,,,,,0,,,,,,,,,,,,,,,,,,,,,,,,,,,,
5843,CONSULTATION FEE CARDIOLOGY,,,,,,,,,,,,3000000018,Services,Unit,,307,Other,,,,,,,,,,,,,0,,,,,,,,,1,,,,,,,,,,,,,,,,,,,
5844,NEUROLOGY FOLLOW UP FEES,,,,,,,,,,,,3000000018,Services,Unit,,307,Other,,,,,,,,,,,,,2,,,,,,1,,,1,,,,,,,,,,,,,,,,,,,
5845,MEDICAL REPORT HARVEY ,,,,,,,,,,,,3000000004,Services,Unit,,159,Other,,,,,,,,,,,1,,0,,,,,,,,,1,,,,,,,,,,,,,,,,,,,
5501,Haloperidol (Afrab) 10mg,,Add Item to Watch List,1,0,,,,,,,,3010000001,Pharmacy,,,441,,Tab,,,,,,,,,1,1,0,0,,,,,1,,,Drugs,1,Packs,Tablet,,,,,,,,,,,,,,,,,
5503,Inderal 40mg,,Add Item to Watch List,1,0,,,,,,,,3010000001,Pharmacy,,,272,,Tab,,,,,,,,,1,1,0,0,,,,,1,,,Drugs,1,Packs,Tablet,,,,,,,,,,,,,,,,,
5523,Metronidazole 200mg,,Add Item to Watch List,1,0,,,,,,,,3010000001,Pharmacy,,,266,,Tab,,,,,,,,,1,1,0,0,,,,,1,,,Drugs,1,Packs,Tablet,,,,,,,,,,,,,,,,,
5524,Mirtazepine 15mg (Milpharm),,Add Item to Watch List,1,0,,,,,,,,3010000001,Pharmacy,,,432,,Tab,,,,,,,,,1,1,0,0,,,,,1,,,Drugs,1,Packs,Tablet,,,,,,,,,,,,,,,,,
5526,Moclopine(clozapine) 25mg,,Add Item to Watch List,1,0,,,,,,,,3010000001,Pharmacy,,,441,,Tab,,,,,,,,,1,1,0,0,,,,,1,,,Drugs,1,Packs,Tablet,,,,,,,,,,,,,,,,,
5527,Neuro-vit Forte,,Add Item to Watch List,1,0,,,,,,,,3010000001,Pharmacy,,,285,,Tab,,,,,,,,,100,,0,0,,,,,1,,,Drugs,1,Packs,Tablet,,,,,,,,,,,,,,,,,
5531,Artify (flouxetine),,Add Item to Watch List,1,0,,,,,,,,3010000001,Pharmacy,,,432,,Tab,,,,,,,,,1,1,0,0,,,,,1,,,Drugs,1,Packs,Tablet,,,,,,,,,,,,,,,,,
5532,Olanzapine 5mg,,Add Item to Watch List,1,0,,,,,,,,3010000001,Pharmacy,,,441,,Tab,,,,,,,,,100,,0,0,,,,,1,,,Drugs,1,Packs,Tablet,,,,,,,,,,,,,,,,,
5533,Olanzapine10mg,,Add Item to Watch List,1,0,,,,,,,,3010000001,Pharmacy,,,441,,Tab,,,,,,,,,100,1,0,0,,,,,1,,,Drugs,1,Packs,Tablet,,,,,,,,,,,,,,,,,
5534,Omeprazole (HOVID) 20mg,,Add Item to Watch List,1,0,,,,,,,,3010000001,Pharmacy,,,276,,Tab,,,,,,,,,1,1,0,0,,,,,1,,,Drugs,1,Packs,Tablet,,,,,,,,,,,,,,,,,
5537,Opelan (Olanzapine) 5mg,,Add Item to Watch List,1,0,,,,,,,,3010000001,Pharmacy,,,441,,Tab,,,,,,,,,1,1,0,0,,,,,1,,,Drugs,1,Packs,Tablet,,,,,,,,,,,,,,,,,
5554,Septrin 480mg,,Add Item to Watch List,1,0,,,,,,,,3010000001,Pharmacy,,,266,,Tab,,,,,,,,,100,1,0,0,,,,,1,,,Drugs,1,Packs,Tablet,,,,,,,,,,,,,,,,,
5555,Seroxat 20mg,,Add Item to Watch List,1,0,,,,,,,,3010000001,Pharmacy,,,432,,Tab,,,,,,,,,1,1,0,0,,,,,1,,,Drugs,1,Packs,Tablet,,,,,,,,,,,,,,,,,
5561,Thiamine 100mg,,Add Item to Watch List,1,0,,,,,,,,3010000001,Pharmacy,,,285,,Tab,,,,,,,,,1000,,0,0,,,,,1,,,Drugs,1,Packs,Packs,,,,,,,,,,,,,,,,,
5562,Topiramate 50mg,,Add Item to Watch List,1,0,,,,,,,,3010000001,Pharmacy,,,408,,Tab,,,,,,,,,1,1,0,0,,,,,1,,,Drugs,1,Packs,Tablet,,,,,,,,,,,,,,,,,
5563,Topiramate 100mg,,Add Item to Watch List,1,0,,,,,,,,3010000001,Pharmacy,,,408,,Tab,,,,,,,,,1,1,0,0,,,,,1,,,Drugs,1,Packs,Tablet,,,,,,,,,,,,,,,,,
5566,Valcontin CR 200mg,,Add Item to Watch List,1,0,,,,,,,,3010000001,Pharmacy,,,408,,Tab,,,,,,,,,1,1,0,0,,,,,1,,,Drugs,1,Packs,Tablet,,,,,,,,,,,,,,,,,
5567,Valcontin CR 500mg,,Add Item to Watch List,1,0,,,,,,,,3010000001,Pharmacy,,,408,,Tab,,,,,,,,,1,1,0,0,,,,,1,,,Drugs,1,Packs,Tablet,,,,,,,,,,,,,,,,,
5568,Vasoprin 75mg,,Add Item to Watch List,1,0,,,,,,,,3010000001,Pharmacy,,,272,,Tab,,,,,,,,,100,1,0,0,,,,,1,,,Drugs,1,Tablet,Tablet,,,,,,,,,,,,,,,,,
5570,Vitamin B co,,Add Item to Watch List,1,0,,,,,,,,3010000001,Pharmacy,,,285,,Tab,,,,,,,,,1,1,0,0,,,,,1,,,Drugs,1,Packs,Tablet,,,,,,,,,,,,,,,,,
5571,Xycloza 25mg,,Add Item to Watch List,1,0,,,,,,,,3010000001,Pharmacy,,,441,,Tab,,,,,,,,,1,1,0,0,,,,,1,,,Drugs,1,Packs,Tablet,,,,,,,,,,,,,,,,,
5573,Zepidone 0.5mg,,Add Item to Watch List,1,0,,,,,,,,3010000001,Pharmacy,,,441,,Tab,,,,,,,,,30,1,0,0,,,,,1,,,Drugs,1,Packs,Tablet,,,,,,,,,,,,,,,,,
5575,Zepidone 3mg,,Add Item to Watch List,1,0,,,,,,,,3010000001,Pharmacy,,,441,,Tab,,,,,,,,,30,,0,0,,,,,1,,,Drugs,1,Packs,Tablet,,,,,,,,,,,,,,,,,
5576,Zopice 7.5mg,,Add Item to Watch List,1,0,,,,,,,,3010000001,Pharmacy,,,441,,Tab,,,,,,,,,1,1,0,0,,,,,1,,,Drugs,1,Packs,Tablet,,,,,,,,,,,,,,,,,
5578,Topiramate (Jansson),,Add Item to Watch List,1,0,,,,,,,,3010000001,Pharmacy,,,408,,Tab,,,,,,,,,1,1,0,0,,,,,1,,,Drugs,1,Packs,Tablet,,,,,,,,,,,,,,,,,
5580,Ampiclox 500mg,,Add Item to Watch List,1,0,,,,,,,,3010000001,Pharmacy,,,412,,Cap,,,,,,,,,1,1,0,0,,,,,1,,,Drugs,1,Packs,Tablet,,,,,,,,,,,,,,,,,
5581,Codliver Oil,,Add Item to Watch List,1,0,,,,,,,,3010000001,Pharmacy,,,419,,Cap,,,,,,,,,1,1,0,0,,,,,1,,,Drugs,1,Packs,Capsule,,,,,,,,,,,,,,,,,
5582,Giloba,,Add Item to Watch List,1,0,,,,,,,,3010000001,Pharmacy,,,286,,Cap,,,,,,,,,90,,0,0,,,,,1,,,Drugs,1,Packs,Tablet,,,,,,,,,,,,,,,,,
5586,Efamol,,Add Item to Watch List,1,0,,,,,,,,3010000001,Pharmacy,,,283,,Cap,,,,,,,,,1,1,0,0,,,,,1,1,,Drugs,1,Packs,Capsule,,,,,,,,,,,,,,,,,
5587,Adrenaline,,Add Item to Watch List,1,0,,,,,,,,3010000001,Pharmacy,,,249,,Inj,,,,,,,,,1,1,0,0,,,,,1,,,Drugs,1,Amp,Amp,,,,,,,,,,,,,,,,,
5589,Amoxicillin 500mg,,Add Item to Watch List,1,0,,,,,,,,3010000001,Pharmacy,,,412,,Inj,,,,,,,,,1,1,0,0,,,,,1,,,Drugs,1,Vial,Vial,,,,,,,,,,,,,,,,,
5590,Apresoline,,Add Item to Watch List,1,0,,,,,,,,3010000001,Pharmacy,,,272,,Inj,,,,,,,,,1,1,0,0,,,,,1,,,Drugs,1,Amp,Amp,,,,,,,,,,,,,,,,,
5592,Buscopan ,,Add Item to Watch List,1,0,,,,,,,,3010000001,Pharmacy,,,443,,Inj,,,,,,,,,1,1,0,0,,,,,1,,,Drugs,1,Amp,Amp,,,,,,,,,,,,,,,,,
5594,Pink Cannula,,Add Item to Watch List,1,0,,,,,,,,3010000001,Pharmacy,,,289,,General Consumables,,,,,,,,,50,0,0,2,,,,,0,,,Consumables,1,Pieces,Pieces,,,,,,,,,,,,,,,,,
5596,Clopixol depot 200mg,,Add Item to Watch List,1,0,,,,,,,,3010000001,Pharmacy,,,441,,Inj,,,,,,,,,1,1,0,0,,,,,1,,,Drugs,1,Amp,Amp,,,,,,,,,,,,,,,,,
5598,Dextrose/ Water,,Add Item to Watch List,1,0,,,,,,,,3010000001,Pharmacy,,,289,,Inj,,,,,,,,,1,1,0,0,,,,,1,,,Drugs,1,Bottle,Bottle,,,,,,,,,,,,,,,,,
5599,Diazepam 10mg,,Add Item to Watch List,1,0,,,,,,,,3010000001,Pharmacy,,,434,,Inj,,,,,,,,,1,1,0,0,,,,,1,,,Drugs,1,Amp,Amp,,,,,,,,,,,,,,,,,
5601,Fluanxol Depot 20mg,,Add Item to Watch List,1,0,,,,,,,,3010000001,Pharmacy,,,441,,Inj,,,,,,,,,1,1,0,0,,,,,1,,,Drugs,1,Amp,Amp,,,,,,,,,,,,,,,,,
5603,Fluphenazine Dec. 25mg,,Add Item to Watch List,1,0,,,,,,,,3010000001,Pharmacy,,,441,,Inj,,,,,,,,,1,1,0,0,,,,,1,,,Drugs,1,Amp,Amp,,,,,,,,,,,,,,,,,
5604,Gentamicin,,Add Item to Watch List,1,0,,,,,,,,3010000001,Pharmacy,,,412,,Inj,,,,,,,,,1,1,0,0,,,,,1,,,Drugs,1,Amp,Amp,,,,,,,,,,,,,,,,,
5607,Phenytoin,,Add Item to Watch List,1,0,,,,,,,,3010000001,Pharmacy,,,408,,Inj,,,,,,,,,1,1,0,0,,,,,1,,,Drugs,1,Amp,Amp,,,,,,,,,,,,,,,,,
5608,Hydrocortisone,,Add Item to Watch List,1,0,,,,,,,,3010000001,Pharmacy,,,249,,Inj,,,,,,,,,1,1,0,0,,,,,1,,,Drugs,1,Vial,Vial,,,,,,,,,,,,,,,,,
5609,Infusion giving set,,,1,0,,,,,,,,3010000001,Pharmacy,,,996,,Others,,,,,,,,,1,1,0,0,,,,,1,,,Drugs,1,Packs,Pieces,,,,,,,,,,,,,,,,,
5614,Paliperidone (Invega suste) 50mg,,Add Item to Watch List,1,0,,,,,,,,3010000001,Pharmacy,,,441,,Inj,,,,,,,,,1,,0,0,,,,,1,,,Drugs,1,Amp,Amp,,,,,,,,,,,,,,,,,
5616,Paliperidone (Invega suste) 100mg,,Add Item to Watch List,1,0,,,,,,,,3010000001,Pharmacy,,,441,,Inj,,,,,,,,,1,,0,0,,,,,1,,,Drugs,1,Amp,Amp,,,,,,,,,,,,,,,,,
5617,Paliperidone (Invega suste) 150mg,,Add Item to Watch List,1,0,,,,,,,,3010000001,Pharmacy,,,441,,Inj,,,,,,,,,1,,0,0,,,,,1,,,Drugs,1,Amp,Supp,,,,,,,,,,,,,,,,,
5619,anti-snake Venom,,Add Item to Watch List,1,0,,,,,,,,3010000001,Pharmacy,,,250,,Inj,,,,,,,,,1,1,0,0,,,,,1,,,Drugs,1,Amp,Amp,,,,,,,,,,,,,,,,,
5621,Vitamin B co 10ml,,Add Item to Watch List,1,0,,,,,,,,3010000001,Pharmacy,,,285,,Inj,,,,,,,,,1,1,0,0,,,,,1,,,Drugs,1,Vial,Vial,,,,,,,,,,,,,,,,,
5622,Disposable gloves,,Add Item to Watch List,1,0,,,,,,,,3010000001,Pharmacy,,,289,,General Consumables,,,,,,,,,100,1,0,0,,,,,1,,,Consumables,1,Pieces,Pieces,,,,,,,,,,,,,,,,,
5623,Needle & Syringe,,Add Item to Watch List,1,0,,,,,,,,3010000001,Pharmacy,,,289,,General Consumables,,,,,,,,,1,1,0,0,,,,,1,,,Consumables,1,Pieces,Pieces,,,,,,,,,,,,,,,,,
5627,Epilim 300ml,,Add Item to Watch List,1,0,,,,,,,,3010000001,Pharmacy,,,408,,Syr,,,,,,,,,1,1,0,0,,,,,1,,,Drugs,1,Bottle,Bottle,,,,,,,,,,,,,,,,,
5629,Mentat 100ml,,Add Item to Watch List,1,0,,,,,,,,3010000001,Pharmacy,,,286,,Syr,,,,,,,,,1,1,0,0,,,,,1,,,Drugs,1,Bottle,Bottle,,,,,,,,,,,,,,,,,
5190,Amlovar 10mg,,Add Item to Watch List,1,0,,,,,,,,3010000001,Pharmacy,,,272,,Tab,10mg,,,,,,,,1,1,0,0,,,,,1,,,Drugs,1,Packs,Tablet,amlodipine,,,,,,,,,,,,,,,,
5500,Haloperidol 5mg,,Add Item to Watch List,1,0,,,,,,,,3010000001,Pharmacy,,,441,,Tab,,,,,,,,,1000,,0,0,,,,,1,,,Drugs,1,Packs,Tablet,,,,,,,,,,,,,,,,,
5502,Imipramine 25mg,,Add Item to Watch List,1,0,,,,,,,,3010000001,Pharmacy,,,283,,Tab,,,,,,,,,1000,,0,0,,,,,1,,,Drugs,1,Packs,Tablet,,,,,,,,,,,,,,,,,
5504,Levetiracetam 250mg,,Add Item to Watch List,1,0,,,,,,,,3010000001,Pharmacy,,,408,,Tab,,,,,,,,,60,,0,0,,,,,1,,,Drugs,1,Packs,Tablet,,,,,,,,,,,,,,,,,
5519,Mentat,,Add Item to Watch List,1,0,,,,,,,,3010000001,Pharmacy,,,283,,Tab,,,,,,,,,1,1,0,0,,,,,1,,,Drugs,1,Bottle,Tablet,,,,,,,,,,,,,,,,,
5520,Met B forte,,Add Item to Watch List,1,0,,,,,,,,3010000001,Pharmacy,,,283,,Tab,,,,,,,,,100,,0,0,,,,,1,,,Drugs,1,Packs,Tablet,,,,,,,,,,,,,,,,,
5521,Metformin,,Add Item to Watch List,1,0,,,,,,,,3010000001,Pharmacy,,,992,,Tab,,,,,,,,,100,1,0,0,,,,,0,,,Drugs,1,Packs,Tablet,,,,,,,,,,,,,,,,,
5522,Methyldopa 250mg,,Add Item to Watch List,1,0,,,,,,,,3010000001,Pharmacy,,,272,,Tab,,,,,,,,,100,,0,2,,,,,1,,,Drugs,1,Packs,Tablet,,,,,,,,,,,,,,,,,
5525,Clozapine  25mg,,Add Item to Watch List,1,0,,,,,,,,3010000001,Pharmacy,,,441,,Tab,,,,,,,,,50,,0,0,,,,,1,,,Drugs,1,Packs,Tablet,,,,,,,,,,,,,,,,,
5528,Nifecard Retard 20mg,,Add Item to Watch List,1,0,,,,,,,,3010000001,Pharmacy,,,272,,Tab,,,,,,,,,100,,0,0,,,,,1,,,Drugs,1,Packs,Tablet,,,,,,,,,,,,,,,,,
5529,Nitrazepam (swidon) 5mg,,Add Item to Watch List,1,0,,,,,,,,3010000001,Pharmacy,,,434,,Tab,,,,,,,,,500,,0,0,,,,,1,,,Drugs,1,Packs,Tablet,,,,,,,,,,,,,,,,,
5530,Normoretic ,,Add Item to Watch List,1,0,,,,,,,,3010000001,Pharmacy,,,420,,Tab,,,,,,,,,500,,0,0,,,,,1,,,Drugs,1,Packs,Tablet,,,,,,,,,,,,,,,,,
5548,Risperidone 2mg (Aquatix),,Add Item to Watch List,1,0,,,,,,,,3010000001,Pharmacy,,,441,,Tab,,,,,,,,,30,,0,0,,,,,1,,,Drugs,1,Packs,Tablet,,,,,,,,,,,,,,,,,
5549,Risperidone (Sandoz) 2mg,,Add Item to Watch List,1,0,,,,,,,,3010000001,Pharmacy,,,441,,Tab,,,,,,,,,1,1,0,0,,,,,1,,,Drugs,1,Packs,Tablet,,,,,,,,,,,,,,,,,
5550,Risperdal 2mg,,Add Item to Watch List,1,0,,,,,,,,3010000001,Pharmacy,,,441,,Tab,,,,,,,,,20,,0,0,,,,,1,,,Drugs,1,Packs,Tablet,,,,,,,,,,,,,,,,,
5551,Risperdal 3mg,,Add Item to Watch List,1,0,,,,,,,,3010000001,Pharmacy,,,441,,Tab,,,,,,,,,20,,0,0,,,,,1,,,Drugs,1,Packs,Tablet,,,,,,,,,,,,,,,,,
5552,Ritalin 10mg,,Add Item to Watch List,1,0,,,,,,,,3010000001,Pharmacy,,,283,,Tab,,,,,,,,,1,,0,0,,,,,1,,,Drugs,1,Packs,Tablet,,,,,,,,,,,,,,,,,
5180,Albendazole 200mg (Zolat),,Add Item to Watch List,50,0,,,,,,,,3010000001,Pharmacy,,,413,,Tab,,,,,,,,,2,1,0,0,,,,,1,,,Drugs,1,Packs,Tablet,,,,,,,,,,,,,,,,,
5183,Amatem Soft Gel,,Add Item to Watch List,1,0,,,,,,,,3010000001,Pharmacy,,,410,,Tab,,,,,,,,,6,,0,0,,,,,1,,,Drugs,1,Packs,Packs,,,,,,,,,,,,,,,,,
5191,Amlodipine (Norvatis),,Add Item to Watch List,1,0,,,,,,,,3010000001,Pharmacy,,,272,,Tab,,,,,,,,,1,1,0,0,,,,,1,,,Drugs,1,Packs,Tablet,,,,,,,,,,,,,,,,,
5192,Amoxiciillin/clavulanate ( Fleming) 625mg,,Add Item to Watch List,1,0,,,,,,,,3010000001,Pharmacy,,,412,,Tab,,,,,,,,,14,1,0,0,,,,,1,,,Drugs,1,Packs,Tablet,,,,,,,,,,,,,,,,,
5193,Aripiprazole (debixa) 10mg,,Add Item to Watch List,1,0,,,,,,,,3010000001,Pharmacy,,,441,,Tab,,,,,,,,,30,,0,0,,,,,1,,,Drugs,1,Packs,Tablet,,,,,,,,,,,,,,,,,
5194,Aripiprazole (Tenify) 10mg,,Add Item to Watch List,1,0,,,,,,,,3010000001,Pharmacy,,,441,,Tab,,,,,,,,,1,1,0,0,,,,,1,,,Drugs,1,Packs,Tablet,,,,,,,,,,,,,,,,,
5195,Aripiprazole (Aqued) 10mg,,Add Item to Watch List,1,0,,,,,,,,3010000001,Pharmacy,,,441,,Tab,,,,,,,,,1,1,0,0,,,,,1,,,Drugs,1,Packs,Tablet,,,,,,,,,,,,,,,,,
5198,Atorvastatin 10mg,,Add Item to Watch List,1,0,,,,,,,,3010000001,Pharmacy,,,419,,Tab,,,,,,,,,30,,0,0,,,,,1,,,Drugs,1,Packs,Sachet,,,,,,,,,,,,,,,,,
5200,Brufen 400mg,,,1,0,,,,,,,,3010000001,Pharmacy,,,248,,Tab,,,,,,,,,1,1,0,0,,,,,1,,,Drugs,1,Packs,Tablet,,,,,,,,,,,,,,,,,
5208,Cognium,,Add Item to Watch List,1,0,,,,,,,,3010000001,Pharmacy,,,286,,Tab,,,,,,,,,20,,0,0,,,,,1,,,Drugs,1,Packs,Tablet,,,,,,,,,,,,,,,,,
6038,service charge,,Add Item to Watch List,1.0000E+12,0,,,,,,,,3010000001,Pharmacy,,,289,,General Consumables,,,,,,,,,1000000,1,0,0,,,,,1,,,Consumables,1,Pieces,Pieces,,,,,,,,,,,,,,,,,
6042,lisinopril (zisty) 10mg,,Add Item to Watch List,,0,,,,,,,,3010000001,Pharmacy,,,272,,Tab,,,,,,,,,28,1,0,0,,,,,1,1,,Drugs,1,Packs,Tablet,,,,,,,,,,,,,,,,,
5553,Salbutamol (Ventolin) 4mg,,Add Item to Watch List,1,0,,,,,,,,3010000001,Pharmacy,,,284,,Tab,,,,,,,,,1,1,0,0,,,,,1,,,Drugs,1,Packs,Tablet,,,,,,,,,,,,,,,,,
5206,Ciprofloxacin 500mg sar,,Add Item to Watch List,1,0,,,,,,,,3010000001,Pharmacy,,,412,,Tab,,,,,,,,,1,1,0,0,,,,,1,,,Drugs,1,Packs,Packs,,,,,,,,,,,,,,,,,
5207,Cognitol 10mg,,Add Item to Watch List,1,0,,,,,,,,3010000001,Pharmacy,,,286,,Tab,,,,,,,,,30,,0,0,,,,,1,1,,Drugs,1,Packs,Tablet,,,,,,,,,,,,,,,,,
5209,Cilentra 10mg,,Add Item to Watch List,1,0,,,,,,,,3010000001,Pharmacy,,,432,,Tab,,,,,,,,,1,1,0,0,,,,,1,,,Drugs,1,Packs,Tablet,,,,,,,,,,,,,,,,,
5481,Clonazepam,,Add Item to Watch List,1,0,,,,,,,,3010000001,Pharmacy,,,434,,Tab,,,,,,,,,10,1,0,0,,,,,1,,,Drugs,1,Packs,Tablet,,,,,,,,,,,,,,,,,
5485,Donepezil (UK) 10mg,,Add Item to Watch List,1,0,,,,,,,,3010000001,Pharmacy,,,283,,Tab,,,,,,,,,1,1,0,0,,,,,1,,,Drugs,1,Packs,Tablet,,,,,,,,,,,,,,,,,
5486,Diazepam 5mg,,Add Item to Watch List,1,0,,,,,,,,3010000001,Pharmacy,,,434,,Tab,,,,,,,,,1,1,0,0,,,,,1,,,Drugs,1,Packs,Tablet,,,,,,,,,,,,,,,,,
5487,Diazepam Supp.,,Add Item to Watch List,1,0,,,,,,,,3010000001,Pharmacy,,,434,,Tab,,,,,,,,,1,1,0,0,,,,,1,,,Drugs,1,Packs,Supp,,,,,,,,,,,,,,,,,
5488,Diclofenac 50mg,,Add Item to Watch List,1,0,,,,,,,,3010000001,Pharmacy,,,248,,Tab,,,,,,,,,1,1,0,0,,,,,1,,,Drugs,1,Packs,Tablet,,,,,,,,,,,,,,,,,
5489,Diclofenac SR,,Add Item to Watch List,1,0,,,,,,,,3010000001,Pharmacy,,,248,,Tab,,,,,,,,,1,1,0,0,,,,,1,,,Drugs,1,Packs,Tablet,,,,,,,,,,,,,,,,,
5490,Encorate chrono 500mg,,Add Item to Watch List,1,0,,,,,,,,3010000001,Pharmacy,,,408,,Tab,,,,,,,,,30,,0,0,,,,,1,,,Drugs,1,Packs,Tablet,,,,,,,,,,,,,,,,,
5491,Encorate chrono 200mg,,Add Item to Watch List,1,0,,,,,,,,3010000001,Pharmacy,,,408,,Tab,,,,,,,,,30,,0,0,,,,,1,,,Drugs,1,Packs,Tablet,,,,,,,,,,,,,,,,,
5492,Escital 10mg,,Add Item to Watch List,1,0,,,,,,,,3010000001,Pharmacy,,,432,,Tab,,,,,,,,,1,1,0,0,,,,,1,,,Drugs,1,Packs,Tablet,,,,,,,,,,,,,,,,,
5493,Epilim 200mg,,Add Item to Watch List,1,0,,,,,,,,3010000001,Pharmacy,,,408,,Tab,,,,,,,,,100,,0,0,,,,,1,,,Drugs,1,Packs,Tablet,,,,,,,,,,,,,,,,,
5494,Epilim Chrono 500mg,,Add Item to Watch List,1,0,,,,,,,,3010000001,Pharmacy,,,408,,Tab,,,,,,,,,100,,0,0,,,,,1,,,Drugs,1,Packs,Tablet,,,,,,,,,,,,,,,,,
5535,Ozace 5mg ,,Add Item to Watch List,1,0,,,,,,,,3010000001,Pharmacy,,,441,,Tab,,,,,,,,,1,1,0,0,,,,,1,,,Drugs,1,Packs,Tablet,,,,,,,,,,,,,,,,,
5538,Opelan (Olanzapine) 10mg,,Add Item to Watch List,1,0,,,,,,,,3010000001,Pharmacy,,,441,,Tab,,,,,,,,,1,1,0,0,,,,,1,,,Drugs,1,Packs,Tablet,,,,,,,,,,,,,,,,,
5539,Paracetamol 500mg,,Add Item to Watch List,1,0,,,,,,,,3010000001,Pharmacy,,,248,,Tab,,,,,,,,,1,1,0,0,,,,,1,,,Drugs,1,Packs,Tablet,,,,,,,,,,,,,,,,,
5541,Prednisolone 5mg,,Add Item to Watch List,1,0,,,,,,,,3010000001,Pharmacy,,,1025,,Tab,,,,,,,,,1,1,0,0,,,,,1,,,Drugs,1,Packs,Tablet,,,,,,,,,,,,,,,,,
5542,Prexal 5mg,,Add Item to Watch List,1,0,,,,,,,,3010000001,Pharmacy,,,441,,Tab,,,,,,,,,1,1,0,0,,,,,1,,,Drugs,1,Packs,Tablet,,,,,,,,,,,,,,,,,
5543,Prexal 10mg,,Add Item to Watch List,1,0,,,,,,,,3010000001,Pharmacy,,,441,,Tab,,,,,,,,,1,1,0,0,,,,,1,,,Drugs,1,Packs,Tablet,,,,,,,,,,,,,,,,,
5544,Paroxetine 20mg,,Add Item to Watch List,1,0,,,,,,,,3010000001,Pharmacy,,,432,,Tab,,,,,,,,,1,1,0,0,,,,,1,,,Drugs,1,Packs,Tablet,,,,,,,,,,,,,,,,,
5545,Quetiapine 200mg,,Add Item to Watch List,1,0,,,,,,,,3010000001,Pharmacy,,,441,,Tab,,,,,,,,,60,,0,0,,,,,1,,,Drugs,1,Packs,Tablet,,,,,,,,,,,,,,,,,
5546,Quetiapine 300mg,,Add Item to Watch List,1,0,,,,,,,,3010000001,Pharmacy,,,441,,Tab,,,,,,,,,1,1,0,0,,,,,1,,,Drugs,1,Packs,Tablet,,,,,,,,,,,,,,,,,
5547,Quetiapine CR 400mg,,Add Item to Watch List,1,0,,,,,,,,3010000001,Pharmacy,,,441,,Tab,,,,,,,,,1,1,0,0,,,,,1,,,Drugs,1,Packs,Tablet,,,,,,,,,,,,,,,,,
5890,AMATEM,,Add Item to Watch List,10,0,,,,,,,,3010000001,Pharmacy,,,410,,Tab,80/480,,,,,,,,6,1,0,0,,,,,1,,,Drugs,1,Packs,Packs,ARTEMETHER LUMEFANTINE 80/480,,,,,,,,,,,,,,,,
5516,Levetiracetam (suvitra) 500mg,,Add Item to Watch List,1,0,,,,,,,,3010000001,Pharmacy,,,408,,Tab,,,,,,,,,1,1,0,0,,,,,1,,,Drugs,1,Packs,Tablet,,,,,,,,,,,,,,,,,
5495,Sulphadoxine/Pyrimethamine,,Add Item to Watch List,1,0,,,,,,,,3010000001,Pharmacy,,,410,,Tab,,,,,,,,,3,,0,0,,,,,1,,,Drugs,1,Packs,Tablet,,,,,,,,,,,,,,,,,
5496,Flutex ,,Add Item to Watch List,1,0,,,,,,,,3010000001,Pharmacy,,,432,,Cap,,,,,,,,,1,1,0,0,,,,,1,,,Drugs,1,Packs,Tablet,,,,,,,,,,,,,,,,,
5497,Folic acid,,Add Item to Watch List,1,0,,,,,,,,3010000001,Pharmacy,,,766,,Tab,,,,,,,,,1,1,0,0,,,,,1,,,Drugs,1,Packs,Tablet,,,,,,,,,,,,,,,,,
5556,Setral 50mg,,Add Item to Watch List,1,0,,,,,,,,3010000001,Pharmacy,,,432,,Tab,,,,,,,,,1,1,0,0,,,,,1,,,Drugs,1,Packs,Tablet,,,,,,,,,,,,,,,,,
5557,Swiclone 7.5mg,,Add Item to Watch List,1,0,,,,,,,,3010000001,Pharmacy,,,434,,Tab,,,,,,,,,1,1,0,0,,,,,1,,,Drugs,1,Packs,Tablet,,,,,,,,,,,,,,,,,
5559,Tegertol CR 400mg,,Add Item to Watch List,1,0,,,,,,,,3010000001,Pharmacy,,,441,,Tab,,,,,,,,,1,1,0,0,,,,,1,,,Drugs,1,Packs,Tablet,,,,,,,,,,,,,,,,,
6051,Atorvastatin (Aquatix) 10mg,,Add Item to Watch List,1,0,,,,,,,,3010000001,Pharmacy,,,419,,Tab,,,,,,,,,1,1,1,0,,,,,1,,,Drugs,1,Packs,Tablet,,,,,,,,,,,,,,,,,
6052,Omeprazole (Aquatix) 20mg,,Add Item to Watch List,1,0,,,,,,,,3010000001,Pharmacy,,,276,,Tab,,,,,,,,,1,1,0,0,,,,,1,,,Drugs,1,Packs,Tablet,,,,,,,,,,,,,,,,,
6053,OlanzaODT (Olanzapine) 10mg,,Add Item to Watch List,1,0,,,,,,,,3010000001,Pharmacy,,,441,,Tab,,,,,,,,,1,1,0,0,,,,,1,,,Drugs,1,Packs,Tablet,,,,,,,,,,,,,,,,,
6054,Quetiapine 100mg,,Add Item to Watch List,1,0,,,,,,,,3010000001,Pharmacy,,,441,,Tab,,,,,,,,,30,,0,0,,,,,1,,,Drugs,1,Packs,Tablet,,,,,,,,,,,,,,,,,
5846,Ferrous Sulfate 200mg,,Add Item to Watch List,,0,,,,,,,,3010000001,Pharmacy,,,286,,Tab,200mg,,,,,,,,1000,,0,0,,,,,1,,,Drugs,1,Packs,Tablet,Fesul,,,,,,,,,,,,,,,,
5848,Mirtazapine 15mg (Medreich),,Add Item to Watch List,,0,,,,,,,,3010000001,Pharmacy,,,1006,,Tab,15mg,,,,,,,,1,1,1,0,,,,,1,,,Drugs,1,Packs,Pieces,Mirtazapine,,,,,,,,,,,,,,,,
5849,NORMAL SALINE 500ml,,Add Item to Watch List,,0,,,,,,,,3010000001,Pharmacy,,,1007,,IVF,500ml,,,,,,,,20,1,1,0,,,,,1,,,Drugs,1,Packs,Pieces,Normal Saline,,,,,,,,,,,,,,,,
5498,Glibenclamide,,Add Item to Watch List,1,0,,,,,,,,3010000001,Pharmacy,,,433,,Tab,,,,,,,,,1,1,0,0,,,,,1,,,Drugs,1,Bottle,Tablet,,,,,,,,,,,,,,,,,
5499,Glimepiride,,Add Item to Watch List,1,0,,,,,,,,3010000001,Pharmacy,,,433,,Tab,,,,,,,,,1,1,0,0,,,,,1,,,Drugs,1,Packs,Tablet,,,,,,,,,,,,,,,,,
5505,Lexotan,,Add Item to Watch List,1,0,,,,,,,,3010000001,Pharmacy,,,434,,Tab,,,,,,,,,1,1,0,0,,,,,1,,,Drugs,1,Packs,Tablet,,,,,,,,,,,,,,,,,
6036,Efamol Active,,Add Item to Watch List,100,0,,,,,,,,3010000001,Pharmacy,,,285,,Cap,,,,,,,,,30,1,0,0,,,,,1,1,,Drugs,1,Capsule,Capsule,,,,,,,,,,,,,,,,,
6039,lisinopril (zisty) 5mg,,Add Item to Watch List,,0,,,,,,,,3010000001,Pharmacy,,,418,,Tab,,,,,,,,,28,1,0,0,,,,,1,1,,Drugs,1,Packs,Tablet,,,,,,,,,,,,,,,,,
5182,Risperidone 2mg (Altadon),,Add Item to Watch List,1,0,,,,,,,,3010000001,Pharmacy,,,441,,Tab,,,,,,,,,20,,0,0,,,,,1,,,Drugs,1,Packs,Tablet,,,,,,,,,,,,,,,,,
5188,Amlovar 5mg,,,1,0,,,,,,,,3010000001,Pharmacy,,,272,,Tab,5mg,,,,,,,,1,1,0,0,,,,,1,,,Drugs,1,Packs,Tablet,amlodipine,,,,,,,,,,,,,,,,
6050,Amoxil/clavulanate ( Medreich) 625mg,,Add Item to Watch List,1,0,,,,,,,,3010000001,Pharmacy,,,412,,Tab,,,,,,,,,14,1,1,0,,,,,1,,,Drugs,1,Packs,Tablet,,,,,,,,,,,,,,,,,
6055,Fluphenazine Dec. 50mg,,Add Item to Watch List,1,0,,,,,,,,3010000001,Pharmacy,,,441,,Inj,,,,,,,,,1,1,0,0,,,,,1,,,Drugs,1,Amp,Amp,,,,,,,,,,,,,,,,,
5181,Risperidone 1mg (Altadon),,Add Item to Watch List,1,0,,,,,,,,3010000001,Pharmacy,,,283,,Tab,,,,,,,,,20,,0,0,,,,,1,,,Drugs,1,Packs,Tablet,,,,,,,,,,,,,,,,,
5187,Amitryptyline 25mg,,Add Item to Watch List,,0,,,,,,,,3010000001,Pharmacy,,,1006,,Tab,,,,,,,,,1,1,0,0,,,,,1,,,Drugs,1,Packs,Tablet,,,,,,,,,,,,,,,,,
5196,Ascipram 10mg,,Add Item to Watch List,1,0,,,,,,,,3010000001,Pharmacy,,,432,,Tab,,,,,,,,,1,1,0,0,,,,,1,,,Drugs,1,Packs,Tablet,,,,,,,,,,,,,,,,,
5197,Ascipram 20mg,,Add Item to Watch List,1,0,,,,,,,,3010000001,Pharmacy,,,432,,Tab,,,,,,,,,1,1,0,0,,,,,1,,,Drugs,1,Packs,Tablet,,,,,,,,,,,,,,,,,
5199,Benzhexol 5mg,,Add Item to Watch List,1,0,,,,,,,,3010000001,Pharmacy,,,430,,Tab,,,,,,,,,1000,,0,0,,,,,1,,,Drugs,1,Packs,Tablet,,,,,,,,,,,,,,,,,
5201,Carbamazepine (Hovid) 200mg,,Add Item to Watch List,1,0,,,,,,,,3010000001,Pharmacy,,,408,,Tab,,,,,,,,,30,1,0,0,,,,,1,,,Drugs,1,Packs,Tablet,,,,,,,,,,,,,,,,,
5202,Carbamazepine (cartol) 200mg,,Add Item to Watch List,1,0,,,,,,,,3010000001,Pharmacy,,,408,,Tab,,,,,,,,,30,1,0,0,,,,,1,,,Drugs,1,Packs,Tablet,,,,,,,,,,,,,,,,,
5203,"Carbamazepine (Carbimi CR) 400mg	",,Add Item to Watch List,1,0,,,,,,,,3010000001,Pharmacy,,,408,,Tab,,,,,,,,,30,,0,0,,,,,1,,,Drugs,1,Packs,Tablet,,,,,,,,,,,,,,,,,
5205,chlorpromazine (FC) 100mg,,Add Item to Watch List,1,0,,,,,,,,3010000001,Pharmacy,,,441,,Tab,,,,,,,,,1,1,0,0,,,,,1,,,Drugs,1,Packs,Tablet,,,,,,,,,,,,,,,,,
5558,Tegertol CR 200mg,,Add Item to Watch List,1,0,,,,,,,,3010000001,Pharmacy,,,408,,Tab,,,,,,,,,50,,0,0,,,,,1,,,Drugs,1,Packs,Tablet,,,,,,,,,,,,,,,,,
5560,Thalazole 500mg,,Add Item to Watch List,1,0,,,,,,,,3010000001,Pharmacy,,,266,,Tab,,,,,,,,,1,1,0,0,,,,,1,,,Drugs,1,Packs,Tablet,,,,,,,,,,,,,,,,,
5564,Trifluoperazine (FC),,Add Item to Watch List,1,0,,,,,,,,3010000001,Pharmacy,,,441,,Tab,,,,,,,,,1,1,0,0,,,,,1,,,Drugs,1,Packs,Tablet,,,,,,,,,,,,,,,,,
5565,Trifluoperazine (Remedica),,Add Item to Watch List,1,0,,,,,,,,3010000001,Pharmacy,,,441,,Tab,,,,,,,,,1,1,0,0,,,,,1,,,Drugs,1,Packs,Tablet,,,,,,,,,,,,,,,,,
5569,Vitamin C,,Add Item to Watch List,1,0,,,,,,,,3010000001,Pharmacy,,,285,,Tab,,,,,,,,,1,1,0,0,,,,,1,,,Drugs,1,Bottle,Tablet,,,,,,,,,,,,,,,,,
5572,Xycloza 100mg,,Add Item to Watch List,1,0,,,,,,,,3010000001,Pharmacy,,,441,,Tab,,,,,,,,,1,1,0,0,,,,,1,,,Drugs,1,Packs,Tablet,,,,,,,,,,,,,,,,,
5574,Zepidone 2mg,,Add Item to Watch List,1,0,,,,,,,,3010000001,Pharmacy,,,441,,Tab,,,,,,,,,1,1,0,0,,,,,1,,,Drugs,1,Packs,Tablet,,,,,,,,,,,,,,,,,
5577,Swidem 10mg,,Add Item to Watch List,1,0,,,,,,,,3010000001,Pharmacy,,,441,,Tab,,,,,,,,,1,1,0,0,,,,,1,,,Drugs,1,Packs,Tablet,,,,,,,,,,,,,,,,,
5579,Amoxycillin 500mg,,Add Item to Watch List,1,0,,,,,,,,3010000001,Pharmacy,,,412,,Cap,,,,,,,,,1,1,0,0,,,,,1,,,Drugs,1,Packs,Capsule,,,,,,,,,,,,,,,,,
5583,GInsomin,,Add Item to Watch List,1,0,,,,,,,,3010000001,Pharmacy,,,286,,Cap,,,,,,,,,1,1,0,0,,,,,1,,,Drugs,1,Packs,Capsule,,,,,,,,,,,,,,,,,
5584,Setraline (Zoloft),,Add Item to Watch List,1,0,,,,,,,,3010000001,Pharmacy,,,432,,Cap,,,,,,,,,1,1,0,0,,,,,1,,,Drugs,1,Packs,Capsule,,,,,,,,,,,,,,,,,
5585,Vitamin E ,,Add Item to Watch List,1,0,,,,,,,,3010000001,Pharmacy,,,766,,Tab,,,,,,,,,100,1,0,0,,,,,1,,,Drugs,1,Packs,Tablet,,,,,,,,,,,,,,,,,
5588,Aminopylline,,Add Item to Watch List,1,0,,,,,,,,3010000001,Pharmacy,,,284,,Inj,,,,,,,,,1,1,0,0,,,,,1,,,Drugs,1,Vial,Vial,,,,,,,,,,,,,,,,,
5591,Biperidin (Akineton),,Add Item to Watch List,1,0,,,,,,,,3010000001,Pharmacy,,,283,,Inj,,,,,,,,,1,1,0,0,,,,,1,,,Drugs,1,Amp,Amp,,,,,,,,,,,,,,,,,
5593,Ceftriaxone 1g,,Add Item to Watch List,1,0,,,,,,,,3010000001,Pharmacy,,,412,,Inj,,,,,,,,,1,1,0,0,,,,,1,,,Drugs,1,Vial,Vial,,,,,,,,,,,,,,,,,
5595,Chlorpromazine  50mg,,Add Item to Watch List,1,0,,,,,,,,3010000001,Pharmacy,,,289,,Inj,,,,,,,,,1,1,0,0,,,,,1,,,Drugs,1,Amp,Amp,,,,,,,,,,,,,,,,,
5597,5% Dextrose Saline 500mls,,Add Item to Watch List,1,0,,,,,,,,3010000001,Pharmacy,,,1028,,IVF,,,,,,,,,20,,0,0,,,,,1,,,Drugs,1,Bottle,Bottle,,,,,,,,,,,,,,,,,
5600,Disposable syringes 2ML,,Add Item to Watch List,1,0,,,,,,,,3010000001,Pharmacy,,,289,,General Consumables,,,,,,,,,1,1,0,0,,,,,1,,,Consumables,1,Pieces,,,,,,,,,,,,,,,,,,
5602,Fluanxol Depot 40mg,,Add Item to Watch List,1,0,,,,,,,,3010000001,Pharmacy,,,441,,Inj,,,,,,,,,1,1,0,0,,,,,1,,,Drugs,1,Amp,Amp,,,,,,,,,,,,,,,,,
5605,Haloperidol (sterop) 5mg,,Add Item to Watch List,1,0,,,,,,,,3010000001,Pharmacy,,,441,,Inj,,,,,,,,,1,1,0,0,,,,,1,,,Drugs,1,Amp,Amp,,,,,,,,,,,,,,,,,
5606,Haloperidol (Janseen) 5mg,,Add Item to Watch List,1,0,,,,,,,,3010000001,Pharmacy,,,441,,Inj,,,,,,,,,1,1,0,0,,,,,1,,,Drugs,1,Amp,Amp,,,,,,,,,,,,,,,,,
5610,Lasix,,Add Item to Watch List,1,0,,,,,,,,3010000001,Pharmacy,,,420,,Inj,,,,,,,,,1,1,0,0,,,,,1,,,Drugs,1,Amp,Amp,,,,,,,,,,,,,,,,,
5611,Metronidazole 500mg,,Add Item to Watch List,1,0,,,,,,,,3010000001,Pharmacy,,,266,,Inj,,,,,,,,,1,1,0,0,,,,,1,,,Drugs,1,Amp,Amp,,,,,,,,,,,,,,,,,
5612,Promethazine,,Add Item to Watch List,1,0,,,,,,,,3010000001,Pharmacy,,,444,,Inj,,,,,,,,,1,1,0,0,,,,,1,,,Drugs,1,Amp,Amp,,,,,,,,,,,,,,,,,
5613,Paracetamol 300mg,,Add Item to Watch List,1,0,,,,,,,,3010000001,Pharmacy,,,248,,Inj,,,,,,,,,1,1,0,0,,,,,1,,,Drugs,1,Amp,Amp,,,,,,,,,,,,,,,,,
5615,Paliperidone (Invega suste) 75mg,,Add Item to Watch List,1,0,,,,,,,,3010000001,Pharmacy,,,441,,Inj,,,,,,,,,1,,0,0,,,,,1,,,Drugs,1,Amp,Amp,,,,,,,,,,,,,,,,,
5618,Scalp Vein Needle,,,1,0,,,,,,,,3010000001,Pharmacy,,,996,,Others,,,,,,,,,1,1,0,0,,,,,1,,,Drugs,1,Packs,Pieces,,,,,,,,,,,,,,,,,
5620,Tetanus Toxoid,,Add Item to Watch List,1,0,,,,,,,,3010000001,Pharmacy,,,250,,Inj,,,,,,,,,1,1,0,0,,,,,1,,,Drugs,1,Amp,Amp,,,,,,,,,,,,,,,,,
5624,Water for Injection,,Add Item to Watch List,1,0,,,,,,,,3010000001,Pharmacy,,,996,,Others,,,,,,,,,100,,0,0,,,,,1,,,Drugs,1,Packs,Pieces,,,,,,,,,,,,,,,,,
5625,Codliver Oil (Haliborange),,Add Item to Watch List,1,0,,,,,,,,3010000001,Pharmacy,,,286,,Syr,,,,,,,,,1,1,0,0,,,,,1,,,Drugs,1,Bottle,Bottle,,,,,,,,,,,,,,,,,
5626,DHA ,,Add Item to Watch List,1,0,,,,,,,,3010000001,Pharmacy,,,286,,Syr,,,,,,,,,1,1,0,0,,,,,1,,,Drugs,1,Bottle,Bottle,,,,,,,,,,,,,,,,,
5628,Metronidazole 60ml,,Add Item to Watch List,1,0,,,,,,,,3010000001,Pharmacy,,,266,,Syr,,,,,,,,,1,1,0,0,,,,,1,,,Drugs,1,Bottle,Bottle,,,,,,,,,,,,,,,,,
5630,Neofylin Cough Syrup,,Add Item to Watch List,1,0,,,,,,,,3010000001,Pharmacy,,,249,,Syr,,,,,,,,,1,1,0,0,,,,,1,,,Drugs,1,Bottle,Bottle,,,,,,,,,,,,,,,,,
5631,Cabarmazepine Tegretol 2% 100mls,,Add Item to Watch List,1,0,,,,,,,,3010000001,Pharmacy,,,408,,Syr,,,,,,,,,1,,0,0,,,,,1,,,Drugs,1,Bottle,Bottle,,,,,,,,,,,,,,,,,
5632,Efamol ,,Add Item to Watch List,1,0,,,,,,,,3010000001,Pharmacy,,,286,,Syr,,,,,,,,,1,1,0,0,,,,,1,,,Drugs,1,Bottle,Bottle,,,,,,,,,,,,,,,,,
5633,Supermag,,Add Item to Watch List,1,0,,,,,,,,3010000001,Pharmacy,,,437,,Syr,,,,,,,,,1,1,0,0,,,,,1,,,Drugs,1,Bottle,Bottle,,,,,,,,,,,,,,,,,
5634,Kidz Omega,,Add Item to Watch List,1,0,,,,,,,,3010000001,Pharmacy,,,286,,Syr,,,,,,,,,1,1,0,0,,,,,1,,,Drugs,1,Bottle,Bottle,,,,,,,,,,,,,,,,,
5635,Methyl salicylate,,Add Item to Watch List,1,0,,,,,,,,3010000001,Pharmacy,,,248,,General Consumables,,,,,,,,,1,1,0,0,,,,,1,,,Consumables,1,Bottle,Bottle,,,,,,,,,,,,,,,,,
5636,Methyl salicylate small jar,,Add Item to Watch List,1,0,,,,,,,,3010000001,Pharmacy,,,248,,General Consumables,,,,,,,,,1,,0,0,,,,,1,,,Consumables,1,Bottle,Bottle,,,,,,,,,,,,,,,,,
5480,Cilentra 20mg,,Add Item to Watch List,1,0,,,,,,,,3010000001,Pharmacy,,,432,,Tab,,,,,,,,,1,1,0,0,,,,,1,,,Drugs,1,Packs,Tablet,,,,,,,,,,,,,,,,,
5482,Clonex 100mg,,Add Item to Watch List,1,0,,,,,,,,3010000001,Pharmacy,,,441,,Tab,,,,,,,,,1,1,0,0,,,,,1,,,Drugs,1,Packs,Tablet,,,,,,,,,,,,,,,,,
5483,Clonex 25mg,,Add Item to Watch List,1,0,,,,,,,,3010000001,Pharmacy,,,441,,Tab,,,,,,,,,1,1,0,0,,,,,1,,,Drugs,1,Packs,Tablet,,,,,,,,,,,,,,,,,
5484,Donepezil 5mg ,,Add Item to Watch List,1,0,,,,,,,,3010000001,Pharmacy,,,283,,Tab,,,,,,,,,28,,0,0,,,,,1,,,Drugs,1,Packs,Tablet,,,,,,,,,,,,,,,,,
5510,Kepra 500mg,,Add Item to Watch List,1,0,,,,,,,,3010000001,Pharmacy,,,408,,Tab,,,,,,,,,1,1,0,0,,,,,1,,,Drugs,1,Packs,Tablet,,,,,,,,,,,,,,,,,
5511,Lisinopril 10mg,,Add Item to Watch List,1,0,,,,,,,,3010000001,Pharmacy,,,272,,Tab,,,,,,,,,1,1,0,0,,,,,1,,,Drugs,1,Packs,Tablet,,,,,,,,,,,,,,,,,
5512,Lisinopril 5mg,,Add Item to Watch List,1,0,,,,,,,,3010000001,Pharmacy,,,272,,Tab,,,,,,,,,1,1,0,0,,,,,1,,,Drugs,1,Packs,Tablet,,,,,,,,,,,,,,,,,
5513,Loratidine,,Add Item to Watch List,1,0,,,,,,,,3010000001,Pharmacy,,,249,,Tab,,,,,,,,,1,1,0,0,,,,,1,,,Drugs,1,Packs,Tablet,,,,,,,,,,,,,,,,,
5514,Lorazepam,,Add Item to Watch List,1,0,,,,,,,,3010000001,Pharmacy,,,434,,Tab,,,,,,,,,1,1,0,0,,,,,1,,,Drugs,1,Packs,Tablet,,,,,,,,,,,,,,,,,
5515,Losartan,,Add Item to Watch List,1,0,,,,,,,,3010000001,Pharmacy,,,272,,Tab,,,,,,,,,1,1,0,0,,,,,1,,,Drugs,1,Packs,Tablet,,,,,,,,,,,,,,,,,
5517,Levetiracetam (suvitra) 750mg,,Add Item to Watch List,1,0,,,,,,,,3010000001,Pharmacy,,,408,,Tab,,,,,,,,,1,1,0,0,,,,,1,,,Drugs,1,Packs,Tablet,,,,,,,,,,,,,,,,,
5518,Melatonin,,Add Item to Watch List,1,0,,,,,,,,3010000001,Pharmacy,,,283,,Tab,,,,,,,,,1,1,0,0,,,,,1,,,Drugs,1,Tablet,Tablet,,,,,,,,,,,,,,,,,
5536,Ozace 10mg,,Add Item to Watch List,1,0,,,,,,,,3010000001,Pharmacy,,,276,,Tab,,,,,,,,,1,1,0,0,,,,,1,,,Drugs,1,Packs,Tablet,,,,,,,,,,,,,,,,,
5540,Piriton 4mg,,Add Item to Watch List,1,0,,,,,,,,3010000001,Pharmacy,,,249,,Tab,,,,,,,,,1,1,0,0,,,,,1,,,Drugs,1,Packs,Tablet,,,,,,,,,,,,,,,,,
5847,Dispensing Envelope ,,Add Item to Watch List,,0,,,,,,,,3010000001,Pharmacy,,,289,,General Consumables,,,,,,,,,1,1,0,0,,,,,1,,,Consumables,1,Packs,Pieces,,,,,,,,,,,,,,,,,
6072,FASTING LIPID PROFILE,,,,,,,,0099,,,,3030000004,Lab,,,41,,,,,,,,3030000004,,,,1,,0,,,,,,,,,1,,,,,,,,,,,,,,,,,,,
6082,SEMINAL FLUID ANALYSIS,,,,,,,,098,,,,3030000001,Lab,,,21,,,,,,"<p>VOLUME:</p>

<p>ODOUR:</p>

<p>VISCOSITY:</p>

<p>TIME OF LIQUIFACTION:</p>

<p>TIME OF PRODUCTION:</p>

<p>TIME RECEIVED:</p>

<p>MODE OF PRODUCTION:</p>

<p>ABSTEINANCE:</p>

<p>&nbsp;</p>

<p>&nbsp;</p>

<p>MACROSCOPY:</p>

<p>&nbsp;</p>

<p>&nbsp;</p>

<p>&nbsp;</p>

<p>&nbsp;</p>

<p>MICROSCOPY:</p>

<p>&nbsp;</p>

<p>MOTILITY:</p>

<p>MORPHOLOGY:</p>

<p>TOTAL SPERM COUNT:</p>

<p>REFERENCE RANGE:</p>

<p>&nbsp;</p>

<p>&nbsp;</p>
",,3030000001,,,,,,0,,,,,,,,,1,,,,,,,,,,,,,,,,,,,
6084,URINE PREGNACY TEST,,,,,,,,888,,,,3030000001,Lab,,,21,,,,,,"<p>MED LAB SCIENTIST&#39;S COMMENT:</p>
",,3030000001,,,,,,0,,,,,,,,,1,,,,,,,,,,,,,,,,,,,
6261,Ketoconazole 200mg,,Add Item to Watch List,,0,,,,,,,,3010000001,Pharmacy,,,411,,Tab,,,,,,,,,30,,0,0,,,,,1,,,Drugs,1,Packs,Tablet,,,,,,,,,,,,,,,,,
6269,Nifedipine 30mg,,Add Item to Watch List,,0,,,,,,,,3010000001,Pharmacy,,,993,,Tab,,,,,,,,,30,,0,0,,,,,1,,,Drugs,1,Tablet,Tablet,,,,,,,,,,,,,,,,,
6280,Pink Canula (Size 24),,Add Item to Watch List,1,0,,,,,,,,3010000001,Pharmacy,,,289,,General Consumables,,,,,,,,,50,1,0,0,,,,,1,,,Consumables,1,Packs,Pieces,,,,,,,,,,,,,,,,,
6304, .Gliclazide 30mg,,Add Item to Watch List,,0,,,,,,,,3010000001,Pharmacy,,,993,,Tab,,,,,,,,,30,0,1,0,,,,,1,,,Drugs,1,Packs,Tablet,,,,,,,,,,,,,,,,,
6350,CERVICAL DILATATION- O & G,,,,,,,,,,,,3000000025,Services,Unit,,970,Procedure,,,,,,,,,,,,,0,,,,,,,,,1,,,,,,1,21-Sep-23,,,,,,,,,,,,
6375,Carbamazepine (Zeptol) 200mg,,,,0,,,,,,,,3010000001,Pharmacy,,,251,,Tab,,,,,,,,,1,1,1,0,,,,,1,,,Drugs,1,Packs,Packs,,,,,,,,,,,,,,,,,
6409,DELIVERY- ASSISTED  BREECH - O & G,,,,,,,,42000132,,,,3000000025,Services,Unit,,998,Procedure,,,,,,,,,,,,,0,,,,,,,,,1,,,,,,1,22-Sep-23,,,,,,,,,,,,
6603,SALPINGO-OOPHORECTOMY -O & G,,,,,,,,42000200,,,,3000000025,Services,Unit,,997,Other,,,,,,,,,,,,,0,,,,,,,,,1,,,,,,4253,22-Sep-23,,,,,,,,,,,,
6615,SUTURE LACERATION(MINOR),,,,,,,,42000203,,,,3000000025,Services,Unit,,997,Other,,,,,,,,,,,,,0,,,,,,,,,1,,,,,,4253,22-Sep-23,,,,,,,,,,,,
6617,EEG FEE,,,,,,,,19000121,,,,3000000028,Services,Unit,,1001,Other,,,,,,,,,,,,,2,,,,,,,,,1,,,,,,4816,22-Sep-23,,,,,,,,,,,,
6755,AMBULANCE FEE(ABEOKUTA AXIS INCLUDING REFERRALS),,,,,,,,92000101,,,,3000000029,Services,Unit,,1002,Other,,,,,,,,,,,,,0,,,,,,,,,1,,,,,,4816,22-Sep-23,,,,,,,,,,,,
6814,GYM- STAFF MEMBERS:MEMBERSHIP FEES-FAMILY   (ANNUALLY),,,,,,,,93000118,,,,3000000030,Services,Unit,,1003,Other,,,,,,,,,,,,,2,,,,,,,,,1,,,,,,4816,22-Sep-23,,,,,,,,,,,,
6842,GYM (ALL WARDS),,,,,,,,93000135,,,,3000000030,Services,Unit,,1003,Other,,,,,,,,,,,,,2,,,,,,,,,1,,,,,,4816,22-Sep-23,,,,,,,,,,,,
6857,Tab. Sodium Valproate 500mg,,Add Item to Watch List,,0,,,,,,,,3010000001,Pharmacy,,,1022,,Tab,,,,,,,,,1,1,1,0,,,,,1,,,Drugs,1,Packs,Tablet,,,,,,,,,,,,,,,,,
6868,Atropine ,,,1,0,,,,,,,,3010000001,Pharmacy,,,247,,Inj,,,,,,,,,1,1,1,0,,,,,1,,,Drugs,1,Packs,Amp,,,,,,,,,,,,,,,,,
6928,Clotrimazole,,Add Item to Watch List,,0,,,,,,,,3010000001,Pharmacy,,,411,,Tab,,,,,,,,,1,1,0,0,,,,,1,,,Drugs,1,Packs,Tablet,,,,,,,,,,,,,,,,,
6978,Infusion Giving Set,,Add Item to Watch List,1,0,,,,,,,,3010000001,Pharmacy,,,289,,General Consumables,,,,,,,,,50,1,1,0,,,,,1,,,Consumables,1,Packs,Packs,,,,,,,,,,,,,,,,,
6979,Oral Rehydration Salt,,Add Item to Watch List,,0,,,,,,,,3010000001,Pharmacy,,,289,,General Consumables,,,,,,,,,3,1,0,2,,,,,1,,,Consumables,1,Packs,Packs,,,,,,,,,,,,,,,,,
6984,Calamine Lotion,,Add Item to Watch List,,0,,,,,,,,3010000001,Pharmacy,,,274,,General Consumables,,,,,,,,,1,1,0,2,,,,,1,,,Consumables,1,Bottle,Bottle,,,,,,,,,,,,,,,,,
6986,Water For Injection (Aqua),,Add Item to Watch List,,0,,,,,,,,3010000001,Pharmacy,,,289,,General Consumables,,,,,,,,,100,1,0,2,,,,,1,,,Consumables,1,Packs,Packs,,,,,,,,,,,,,,,,,
6997,Intravenous Catheter (22g) Blue,,Add Item to Watch List,,0,,,,,,,,3010000001,Pharmacy,,,996,,General Consumables,,,,,,,,,1,1,0,2,,,,,1,,,Consumables,1,Packs,Packs,,,,,,,,,,,,,,,,,
6999,Surgical Gloves,,Add Item to Watch List,,0,,,,,,,,3010000001,Pharmacy,,,996,,General Consumables,,,,,,,,,1,1,0,0,,,,,1,,,Consumables,1,Packs,Packs,,,,,,,,,,,,,,,,,
7000,Disposable Gloves,,Add Item to Watch List,,0,,,,,,,,3010000001,Pharmacy,,,996,,General Consumables,,,,,,,,,1,1,0,0,,,,,1,,,Consumables,1,Packs,Packs,,,,,,,,,,,,,,,,,
7024,Captopril 25mg,,Add Item to Watch List,,0,,,,,,,,3010000001,Pharmacy,,,993,,Tab,,,,,,,,,100,,0,0,,,,,1,,,Drugs,1,Packs,Tablet,,,,,,,,,,,,,,,,,
7027,Artemether/Lumefantrine 20/120mg,,Add Item to Watch List,,0,,,,,,,,3010000001,Pharmacy,,,410,,Tab,,,,,,,,,24,1,0,2,,,,,1,,,Drugs,1,Packs,Tablet,,,,,,,,,,,,,,,,,
7028,Tab. Menthylphenidate 10mgx30,,Add Item to Watch List,,0,,,,,,,,3010000001,Pharmacy,,,441,,Tab,,,,,,,,,1,1,0,0,,,,,1,,,Drugs,1,Packs,Supp,,,,,,,,,,,,,,,,,
7036,Blood Film for Malarial Parasites (MP),,,,,,,,NHIS-180-006,,,,3030000002,Lab,,,22,,,,,,,,3030000002,,,,,,0,,,,,,,,,1,,,,,,,,,,,,,,,,,,,
7095,CHEST (ADULT)  RADIODIAGNOSIS EXAMINATION,,,,,,,,71000107,,,,3000000003,Services,Unit,,967,Other,,,,,,,,,,,1,,0,,,,,,,,,1,,,,,,4254,26-Sep-23,,,,,,,,,,,,
7097,ELBOW JOINT(ADULT),,,,,,,,71000109,,,,3000000003,Services,Unit,,967,Other,,,,,,,,,,,1,,0,,,,,,,,,1,,,,,,4254,26-Sep-23,,,,,,,,,,,,
7168,Cranio-cordial,,,,,,,,NHIS-176-010,,,,3000000003,Radiology,,,123,,,,,,,,3000000003,,,,,,1,,,,,,,,,1,,,,,,,,,,,,,,,,,,,
7170,Retrograde Urethrogram,,,,,,,,NHIS-178-014,,,,3000000003,Radiology,,,123,,,,,,,,3000000003,,,,,,1,,,,,,,,,1,,,,,,,,,,,,,,,,,,,
7173,CT Scan (Children),,,,,,,,NHIS-178-024,,,,3000000003,Radiology,,,123,,,,,,,,3000000003,,,,,,1,,,,,,,,,1,,,,,,,,,,,,,,,,,,,
7174,Radiotherapy - radical treatment (per session) - Partial Coverage (50%),,,,,,,,NHIS-178-026,,,,3000000003,Radiology,,,123,,,,,,,,3000000003,,,,,,1,,,,,,,,,1,,,,,,,,,,,,,,,,,,,
7176,Bone Scan,,,,,,,,NHIS-178-028,,,,3000000003,Radiology,,,123,,,,,,,,3000000003,,,,,,1,,,,,,,,,1,,,,,,,,,,,,,,,,,,,
7181,CNS: Cisternography; celebral perfusion,,,,,,,,NHIS-178-032,,,,3000000003,Radiology,,,123,,,,,,,,3000000003,,,,,,1,,,,,,,,,1,,,,,,,,,,,,,,,,,,,
7182,Lymphoscintography,,,,,,,,NHIS-178-033,,,,3000000003,Radiology,,,123,,,,,,,,3000000003,,,,,,1,,,,,,,,,1,,,,,,,,,,,,,,,,,,,
7198,DISPOSABLE GLOVES,,,,,,,,,,,,3000000025,Services,Unit,,159,Other,,,,,,,,,,,,,0,,,,,,,,,1,,,,,,1,3-Oct-23,,,,,,,,,,,,
7226,.Chlorpromazine 50mg,,Add Item to Watch List,,0,,,,,,,,3010000001,Pharmacy,,,441,,Inj,,,,,,,,,100,,0,0,,,,,0,,,Drugs,1,Packs,Amp,,,,,,,,,,,,,,,,,
7227,GENERAL LAB SERVICE CHARGE-HAEMA,,,,,,,,988,,,,3030000002,Lab,,,22,,,,,,"<p>LAB SCI COMMENT:</p>
",,3030000002,,,,,,0,,,,,,,,,1,,,,,,,,,,,,,,,,,,,
7233,ketamine 50mg/ml,,Add Item to Watch List,,0,,,,,,,,3010000001,Pharmacy,,,247,,Inj,,,,,,,,,,,0,0,,,,,0,,,Drugs,1,Packs,Bottle,,,,,,,,,,,,,,,,,
7234,Atropine 1mg/ml,,Add Item to Watch List,,0,,,,,,,,3010000001,Pharmacy,,,247,,Inj,,,,,,,,,10,,0,0,,,,,1,,,Drugs,1,Bottle,Bottle,,,,,,,,,,,,,,,,,
7244,Atorvastatin 20mg ,,Add Item to Watch List,,0,,,,,,,,3010000001,Pharmacy,,,419,,Tab,,,,,,,,,30,,0,0,,,,,1,,,Drugs,1,Packs,Sachet,,,,,,,,,,,,,,,,,
7252,gauze bandage 6",,Add Item to Watch List,,0,,,,,,,,3010000001,Pharmacy,,,289,,General Consumables,,,,,,,,,12,,0,0,,,,,0,,,Consumables,1,Packs,Pieces,,,,,,,,,,,,,,,,,
7278,Bisoprolol 2.5mg,,Add Item to Watch List,1,0,,,,,,,,3010000001,Pharmacy,,,1023,,Tab,,,,,,,,,30,,0,0,,,,,1,,,Drugs,1,Packs,Sachet,,,,,,,,,,,,,,,,,
7286,Utility (Shortstay Adm),,,,,,,,,,,,3000000030,Services,Weeks,,166,Other,,,,,,,,,,,,,0,,,,,,,,,1,,,,,,4818,1-Jan-24,,,,,,,,,,,,
7315,specialist consultation(follow up),,,,,,,,,,,,3000000026,Services,Days,,1012,Other,,,,,,,,,,,,,1,,,,,,,,,,,,,,,4255,1-Jan-24,,,,,,,,,,,,
7316,LAUNDRY SERVICE DATER ADMISSION,,,,,,,,LAUNDRY SERVICE,,,,3000000028,Services,Days,,366,Other,,,,,,,,,,,,,0,,,,,,,,,1,,,,,,4626,1-Jan-24,,,,,,,,,,,,
7318,Medical report(with letter head),,,,,,,,,,,,3000000026,Services,Days,,166,Other,,,,,,,,,,,,,1,,,,,,,,,1,,,,,,4255,1-Jan-24,,,,,,,,,,,,
7321,LABORATORY/DRUG ANALYSIS (Dater),,,,,,,,LABORATORY/DRUG ANALYSIS,,,,3000000028,Services,Months,,166,Other,,,,,,,,,,,,,0,,,,,,,,,1,,,,,,4626,1-Jan-24,4818,1-Jan-24,,,,,,,,,,
7323,Nebulization/session,,,,,,,,,,,,3000000026,Services,Unit,,166,Procedure,,,,,,,,,,,,,1,,,,,,,,,1,,,,,,4255,1-Jan-24,,,,,,,,,,,,
7327,Echocardiogram (ECHO) Unregistered Patients- ADULT,,,,,,,,,,,,3000000025,Services,Days,,998,Procedure,,,,,,,,,,,,,2,,,,,,,,,1,,,,,,5444,1-Jan-24,,,,,,,,,,,,
7328,Adhesiolysis,,,,,,,,,,,,3000000026,Services,Days,,1011,Procedure,,,,,,,,,,,,,1,,,,,,,,,1,,,,,,4255,1-Jan-24,,,,,,,,,,,,
7329,Nursing Care (Ward 1 Month),,,,,,,,,,,,3000000028,Services,Months,,366,Other,,,,,,,,,,,,,0,,,,,,,,,1,,,,,,4818,1-Jan-24,,,,,,,,,,,,
7360,haemorrhoidectomy,,,,,,,,,,,,3000000026,Services,Unit,,148,Surgery,,,,,,,,,,,,,1,,,,,,,,,1,,,,,,4257,1-Jan-24,,,,,,,,,,,,
7361,Cholecystectomy,,,,,,,,,,,,3000000026,Services,Unit,,148,Surgery,,,,,,,,,,,,,1,,,,,,,,,1,,,,,,4255,1-Jan-24,,,,,,,,,,,,
7367,HERNIORRHAPHY(ADULT),,,,,,,,,,,,3000000026,Services,Unit,,148,Surgery,,,,,,,,,,,,,1,,,,,,,,,1,,,,,,4267,1-Jan-24,,,,,,,,,,,,
7369,SPLENNECTOMY,,,,,,,,,,,,3000000026,Services,Unit,,1011,Surgery,,,,,,,,,,,,,1,,,,,,,,,1,,,,,,4252,1-Jan-24,,,,,,,,,,,,
7372,foreign body removal,,,,,,,,,,,,3000000026,Services,Unit,,148,Surgery,,,,,,,,,,,,,1,,,,,,,,,1,,,,,,4257,1-Jan-24,,,,,,,,,,,,
7373,EXPLORATORYLAPARATOMY (ADULT),,,,,,,,,,,,3000000026,Services,Unit,,1011,Surgery,,,,,,,,,,,,,1,,,,,,,,,1,,,,,,4252,1-Jan-24,,,,,,,,,,,,
7374,circumcision in born,,,,,,,,,,,,3000000026,Services,Unit,,148,Surgery,,,,,,,,,,,,,1,,,,,,,,,1,,,,,,4257,1-Jan-24,,,,,,,,,,,,
7375,circumcision out  born,,,,,,,,,,,,3000000026,Services,Unit,,148,Surgery,,,,,,,,,,,,,1,,,,,,,,,1,,,,,,4257,1-Jan-24,,,,,,,,,,,,
7376,Laundry (Dater 1 Month),,,,,,,,,,,,3000000028,Services,Months,,366,Other,,,,,,,,,,,,,0,,,,,,,,,1,,,,,,4818,1-Jan-24,,,,,,,,,,,,
7377,EXPLORATORYLAPARATOMY(CHILD),,,,,,,,,,,,3000000026,Services,Unit,,1011,Surgery,,,,,,,,,,,,,1,,,,,,,,,1,,,,,,4252,1-Jan-24,,,,,,,,,,,,
7384,ACCOMODATION (SEMI PRIVATE),,,,,,,,,,,,3000000028,Services,Unit,,366,Other,,,,,,,,,,,,,0,,,,,,,,,1,,,,,,4257,1-Jan-24,4257,1-Jan-24,,,,,,,,,,
7388,PSYCHOLOGICAL ASSESMENT(SEMI PRIVATE),,,,,,,,,,,,3000000028,Services,Unit,,1016,Other,,,,,,,,,,,,,0,,,,,,,,,1,,,,,,4267,1-Jan-24,,,,,,,,,,,,
7390,"REPATRATION(WARRI,ASABA,IMO)",,,,,,,,,,,,3000000007,Services,Unit,,366,Other,,,,,,,,,,,,,0,,,,,,,,,1,,,,,,4257,1-Jan-24,,,,,,,,,,,,
7391,REPATRATION FEE(OGBOMOSO / SAKI/ OKE IHO),,,,,,,,,,,,3000000007,Services,Unit,,366,Other,,,,,,,,,,,,,0,,,,,,,,,1,,,,,,4267,1-Jan-24,,,,,,,,,,,,
7392,REPATRATION FEE(COTONOU/BENIN REPUBLIC)),,,,,,,,,,,,3000000007,Services,Unit,,366,Other,,,,,,,,,,,,,0,,,,,,,,,1,,,,,,4257,1-Jan-24,,,,,,,,,,,,
7393,REPATRIATION FEE (ABUJA/BENEN/JOS/NASSARAWA),,,,,,,,,,,,3000000007,Services,Unit,,366,Other,,,,,,,,,,,,,0,,,,,,,,,,,,,,,4256,1-Jan-24,,,,,,,,,,,,
7396,REPATRIATION FEE(ABUJA/BENEN/JOS/NASSARAWA),,,,,,,,,,,,3000000007,Services,Unit,,366,Other,,,,,,,,,,,,,0,,,,,,,,,,,,,,,4256,1-Jan-24,,,,,,,,,,,,
7403,consultation FEE (CHILDREN)  -GMPC 8am-4,,,,,,,,,,,,3000000028,Services,Unit,,307,Other,,,,,,,,,,,,,1,,,,,,,,,1,,,,,,4624,3-Jan-24,4624,3-Jan-24,,,,,,,,,,
7406,GYNAECOLOGY CONSULTATION FEE ( follow-up),,,,,,,,,,,,3000000025,Services,Days,,1012,Other,,,,,,,,,,,,,0,,,,,,,,,1,,,,,,4818,11-Jan-24,,,,,,,,,,,,
7407,CARDIOCOLOGY CONSULTATION FEE( follow-up),,,,,,,,,,,,3000000025,Services,Days,,1012,Other,,,,,,,,,,,,,0,,,,,,,,,1,,,,,,4818,11-Jan-24,,,,,,,,,,,,
7414,CONSULTATION FEE WEEKEND/PUBLIC HOLIDAY (ADULT) - NHIS/GMPC,,,,,,,,,,,,3000000025,Services,Days,,1012,Other,,,,,,,,,,,,,0,,,,,,1,,,1,,,,,,4816,20-Jan-24,,,,,,,,,,,,
7417,DELIVERY-ASSISTED BREECH UNBOOKED,,,,,,,,,,,,3000000025,Services,Unit,,,Procedure,,,,,,,,,,,,,2,,,,,,1,,,1,,,,,,4626,25-Jan-24,,,,,,,,,,,,
7419,DELIVERY-FORCEPS UNBOOKED,,,,,,,,,,,,3000000025,Services,Unit,,,Procedure,,,,,,,,,,,,,2,,,,,,1,,,1,,,,,,4626,25-Jan-24,,,,,,,,,,,,
7427,SPEECH THERAPY CHILDREN 4 SESSION,,,,,,,,,,,,3000000020,Services,Unit,,907,Other,,,,,,,,,,,,,0,,,,,,,,,1,,,,,,1,2-Feb-24,,,,,,,,,,,,
7432,Salbutamol Inhaler,,Add Item to Watch List,1,0,,,,,,,,3010000001,Pharmacy,,,1020,,Spray,,,,,,,,,1,,0,0,,,,,1,,,Drugs,1,Packs,Packs,,,,,,,,,,,,,,,,,
7434,Labetalol 50mg,,Add Item to Watch List,1,0,,,,,,,,3010000001,Pharmacy,,,1023,,Inj,,,,,,,,,1,,0,0,,,,,1,,,Drugs,1,Packs,Packs,,,,,,,,,,,,,,,,,
7440,Green Cannula,,Add Item to Watch List,1,0,,,,,,,,3010000001,Pharmacy,,,1025,,General Consumables,,,,,,,,,50,,0,2,,,,,0,,,Consumables,1,Pieces,Pieces,,,,,,,,,,,,,,,,,
7459,FEEDING  G/W 2 WEEKS,,,,,,,,,,,,3000000024,Services,Unit,,,Other,,,,,,,,,,,,,0,,,,,,,,,1,,,,,,4626,22-Feb-24,,,,,,,,,,,,
7470,PSYCHOLOGICAL INTERVENTION TWO WEEKS,,,,,,,,,,,,3000000028,Services,Unit,,,Other,,,,,,,,,,,,,0,,,,,,1,,,1,,,,,,4626,22-Feb-24,,,,,,,,,,,,
7476,FEEDING (DATER) -2 WK ,,,,,,,,,,,,3000000024,Services,Unit,,1008,Other,,,,,,,,,,,,,0,,,,,,,,,1,,,,,,4624,7-Mar-24,,,,,,,,,,,,
7483,ENERGY (DATER)- 2 WEEKS,,,,,,,,,,,,3000000007,Services,Unit,,1004,Other,,,,,,,,,,,,,0,,,,,,,,,1,,,,,,4624,7-Mar-24,,,,,,,,,,,,
7493,ACT 20/120 x 24,,Add Item to Watch List,1,0,,,,,,,,3010000001,Pharmacy,,,410,,Tab,,,,,,,,,24,1,0,2,,,,,1,,,Drugs,1,Packs,Tablet,,,,,,,,,,,,,,,,,
7497,NUTRITION DEPT- FOLLOW UP/REVIEW (CHILDREN)-,,,,,,,,,,,,3000000028,Services,Unit,,1012,Other,,,,,,,,,,,,,2,,,,,,,,,1,,,,,,4624,21-Mar-24,,,,,,,,,,,,
6086,TJM ADULT,,,,,,,,,,,,3000000003,Radiology,,,123,,,,,,,,3000000003,,,,,,0,,,,,,,,,1,,,,,,,,,,,,,,,,,,,
6088,TJM CHILDREN,,,,,,,,,,,,3000000003,Radiology,,,123,,,,,,,,3000000003,,,,,,0,,,,,,,,,1,,,,,,,,,,,,,,,,,,,
6096,LEFT HAND CHILDREN,,,,,,,,,,,,3000000003,Radiology,,,123,,,,,,,,3000000003,,,,,,0,,,,,,,,,1,,,,,,,,,,,,,,,,,,,
6097,RIGHT HAND CHILDREN,,,,,,,,,,,,3000000003,Radiology,,,123,,,,,,,,3000000003,,,,,,0,,,,,,,,,1,,,,,,,,,,,,,,,,,,,
6098,RIGHT FOREARM CHILDREN,,,,,,,,,,,,3000000003,Radiology,,,123,,,,,,,,3000000003,,,,,,0,,,,,,,,,1,,,,,,,,,,,,,,,,,,,
6102,RIGHT FOREARM ADULT,,,,,,,,,,,,3000000003,Radiology,,,123,,,,,,,,3000000003,,,,,,0,,,,,,,,,1,,,,,,,,,,,,,,,,,,,
6105,RIGHT HUMEROUS ADULT,,,,,,,,,,,,3000000003,Radiology,,,123,,,,,,,,3000000003,,,,,,0,,,,,,,,,1,,,,,,,,,,,,,,,,,,,
6107,RIGHT HUMEROUS CHILDREN,,,,,,,,,,,,3000000003,Radiology,,,123,,,,,,,,3000000003,,,,,,0,,,,,,,,,1,,,,,,,,,,,,,,,,,,,
6110,RIGHT SHOULDER CHILDREN,,,,,,,,,,,,3000000003,Radiology,,,123,,,,,,,,3000000003,,,,,,0,,,,,,,,,1,,,,,,,,,,,,,,,,,,,
6113,FACIAL BONES CHILDREN,,,,,,,,,,,,3000000003,Radiology,,,123,,,,,,,,3000000003,,,,,,0,,,,,,,,,1,,,,,,,,,,,,,,,,,,,
6115,OPTIC FOREARM CHILDREN,,,,,,,,,,,,3000000003,Radiology,,,123,,,,,,,,3000000003,,,,,,0,,,,,,,,,1,,,,,,,,,,,,,,,,,,,
6342,CAESAREAN SECTION (CS) PRIMARY- O & G,,,,,,,,,,,,3000000025,Services,Unit,,970,Surgery,,,,,,,,,,,,,0,,,,,,,,,1,,,,,,1,21-Sep-23,,,,,,,,,,,,
6345,CERVICAL BIOPSY (PUNCH BIOPSY)-  O & G,,,,,,,,,,,,3000000025,Services,Unit,,970,Procedure,,,,,,,,,,,,,0,,,,,,,,,1,,,,,,1,21-Sep-23,,,,,,,,,,,,
6353,CONSCIOUS SEDATION (WITHOUT COST OF MATERIALS),,,,,,,,,,,,3000000025,Services,Unit,,998,Other,,,,,,,,,,,,,0,,,,,,,,,1,,,,,,1,21-Sep-23,,,,,,,,,,,,
6356,CONSUMABLE  FOR SURGERY,,,,,,,,,,,,3000000025,Services,Unit,,1013,Other,,,,,,,,,,,,,0,,,,,,,,,1,,,,,,1,21-Sep-23,,,,,,,,,,,,
6358,"COSULTATION FEE (CALL HOURS 4PM-8AM,WEEKENDS & PUBLIC HOLIDAYS)  -GMPC",,,,,,,,,,,,3000000025,Services,Unit,,1012,Other,,,,,,,,,,,,,0,,,,,,,,,1,,,,,,1,21-Sep-23,,,,,,,,,,,,
6368,Pregabalin 75mg,,Add Item to Watch List,,0,,,,,,,,3010000001,Pharmacy,,,248,,Tab,,,,,,,,,30,,0,0,,,,,1,,,Drugs,1,Packs,Tablet,,,,,,,,,,,,,,,,,
6369, Carbamazepine (Tegretol) 200mg CR,,Add Item to Watch List,,0,,,,,,,,3010000001,Pharmacy,,,251,,Tab,,,,,,,,,50,,0,0,,,,,1,,,Drugs,1,Packs,Tablet,,,,,,,,,,,,,,,,,
6616,ECT FEE (EXCLUDING PRE-ECT MEDICATION} FOR 6 SHOTS,,,,,,,,91000120,,,,3000000028,Services,Unit,,1001,Other,,,,,,,,,,,,,2,,,,,,,,,1,,,,,,4816,22-Sep-23,,,,,,,,,,,,
6750,Atorvastatin 10mg/20mg,,Add Item to Watch List,1,0,,,,,,,,3010000001,Pharmacy,,,1023,,Tab,,,,,,,,,1,1,0,0,,,,,1,,,Drugs,1,Packs,Tablet,,,,,,,,,,,,,,,,,
6850,Ointment Chloraphenicol Eye,,Add Item to Watch List,,0,,,,,,,,3010000001,Pharmacy,,,279,,Cream,,,,,,,,,1,,0,0,,,,,1,,,Drugs,1,Packs,Packs,,,,,,,,,,,,,,,,,
6852,LAUNDRY BOX-(CANE PRODUCT) O/T,,,,,,,,93000138,,,,3000000030,Services,Unit,,1003,Other,,,,,,,,,,,,,2,,,,,,,,,1,,,,,,4816,22-Sep-23,,,,,,,,,,,,
6894,Vein Needle,,Add Item to Watch List,1,0,,,,,,,,3010000001,Pharmacy,,,1021,,General Consumables,,,,,,,,,1,1,0,0,,,,,1,,,Consumables,1,Packs,Amp,,,,,,,,,,,,,,,,,
6896,INJ. Hydrocortisone 100mg,,Add Item to Watch List,,0,,,,,,,,3010000001,Pharmacy,,,1031,,Inj,,,,,,,,,1,1,0,0,,,,,1,,,Drugs,1,Packs,Vial,,,,,,,,,,,,,,,,,
6898,Dihydroartemisinin + Piperaquine 40/320mg (P-Alaxin by 9),,Add Item to Watch List,1,0,,,,,,,,3010000001,Pharmacy,,,410,,Tab,,,,,,,,,9,0,0,0,,,,,1,,,Drugs,1,Packs,Tablet,,,,,,,,,,,,,,,,,
6918,Syrup. Vitamin C,,Add Item to Watch List,,0,,,,,,,,3010000001,Pharmacy,,,1030,,Tab,,,,,,,,,1,1,0,0,,,,,1,,,Drugs,1,Packs,Bottle,,,,,,,,,,,,,,,,,
6934,Levamisole 150mg,,Add Item to Watch List,,0,,,,,,,,3010000001,Pharmacy,,,409,,Tab,,,,,,,,,3,1,0,0,,,,,1,,,Drugs,1,Packs,Tablet,,,,,,,,,,,,,,,,,
6993,Urinary Catheter Size 16,,Add Item to Watch List,1,0,,,,,,,,3010000001,Pharmacy,,,996,,General Consumables,,,,,,,,,10,,0,0,,,,,1,,,Consumables,1,Packs,Packs,,,,,,,,,,,,,,,,,
6996,Intravenous Catheter (20g) Pink,,Add Item to Watch List,,0,,,,,,,,3010000001,Pharmacy,,,996,,General Consumables,,,,,,,,,1,1,0,2,,,,,1,,,Consumables,1,Packs,Packs,,,,,,,,,,,,,,,,,
7025,Amloride/Hydroclorothiazide 5/50mg (Modiretic),,Add Item to Watch List,,0,,,,,,,,3010000001,Pharmacy,,,993,,Tab,,,,,,,,,1,1,0,0,,,,,1,,,Drugs,1,Packs,Tablet,,,,,,,,,,,,,,,,,
7038,Urine Microscopy,,,,,,,,NHIS-180-011,,,,3030000002,Lab,,,22,,,,,,,,3030000002,,,,,,0,,,,,,,,,1,,,,,,,,,,,,,,,,,,,
7039,Stool Analysis (R/E Only),,,,,,,,NHIS-180-014,,,,3030000002,Lab,,,22,,,,,,,,3030000002,,,,,,0,,,,,,,,,1,,,,,,,,,,,,,,,,,,,
7062,LABORATORY (PRIVATE WARD) ,,,,,,,,61000101,,,,3000000026,Services,Unit,,999,Other,,,,,,,,,,,,,0,,,,,,,,,1,,,,,,4254,26-Sep-23,,,,,,,,,,,,
7082,ABDOMEN(CHILD)-XRAY,,,,,,,,71000102,,,,3000000003,Services,Unit,,967,Other,,,,,,,,,,,1,,0,,,,,,,,,1,,,,,,4254,26-Sep-23,,,,,,,,,,,,
7151,SKULL (CHILD)),,,,,,,,71000143,,,,3000000003,Services,Unit,,967,Other,,,,,,,,,,,1,,0,,,,,,,,,1,,,,,,4254,26-Sep-23,,,,,,,,,,,,
7287,AMBULANCE(LAGOS),,,,,,,,,,,,3000000029,Services,Days,,166,Other,,,,,,,,,,,,,2,,,,,,,,,2,,,,,,4626,1-Jan-24,,,,,,,,,,,,
7303,Laboratory (OPC/CAC/psychogeratric),,,,,,,,,,,,3030000001,Services,Days,,999,Other,,,,,,,,,,,,,0,,,,,,,,,,,,,,,4818,1-Jan-24,,,,,,,,,,,,
7304,UTILITY GENERAL WARD ONE MONTH,,,,,,,,UTILTY GW ONE MONTH,,,,3000000030,Services,Days,,166,,,,,,,,,,,,,,0,,,,,,,,,1,,,,,,4626,1-Jan-24,,,,,,,,,,,,
7310,PSYCHOLOGICAL INTERVENTION GENERAL WARD ONE MONTH,,,,,,,,PSYCHOLOGICAL INTERVENTION G/W- 1 MONTH,,,,3000000028,Services,Unit,,1001,Other,,,,,,,,,,,,,0,,,,,,,,,1,,,,,,4626,1-Jan-24,4624,17-Jan-24,,,,,,,,,,
7426,PSYCHOTHERAPY UNSPECIFIED,,,,,,,,,,,,3000000020,Services,Unit,,154,Other,,,,,,,,,,,,,0,,,,,,,,,1,,,,,,1,1-Feb-24,,,,,,,,,,,,
7435,Dispersible ACT 20/120mg X6,,Add Item to Watch List,1,0,,,,,,,,3010000001,Pharmacy,,,410,,Tab,,,,,,,,,24,1,0,0,,,,,1,,,Drugs,1,Sachet,Tablet,,,,,,,,,,,,,,,,,
7443,Infusion Giving Set    ,,Add Item to Watch List,1,0,,,,,,,,3010000001,Pharmacy,,,1025,,General Consumables,,,,,,,,,50,,0,0,,,,,0,,,Consumables,1,Packs,Pieces,,,,,,,,,,,,,,,,,
7454,5% Dextrose Water     ,,Add Item to Watch List,1,0,,,,,,,,3010000001,Pharmacy,,,1028,,General Consumables,,,,,,,,,20,,0,0,,,,,0,,,Consumables,1,Packs,Bottle,,,,,,,,,,,,,,,,,
7472,theater ,,,,,,,,THEATER CONSUMABLES TEMPOARARY,,,,3000000025,Services,Unit,,,Surgery,,,,,,,,,,,,,1,,,,,,1,,,1,,,,,,4626,26-Feb-24,,,,,,,,,,,,
7487,Balance of Feeding (DATER),,,,,,,,,,,,3000000007,Services,Unit,,1008,Other,,,,,,,,,,,,,0,,,,,,,,,1,,,,,,4624,7-Mar-24,,,,,,,,,,,,
111,MALARIA PARASITES (MP),,,,,,0,,LAB03953,,,,3030000002,Lab,unit,,22,,,,,,"<p>NONE</p>
",,3030000002,,,,,,2,350,2200,4400,,,1,,,1,,,,,,,,,,,,,,,,,,,
112,C) MICROFILARIA,,,,,,0,,,,,,3030000001,Lab,unit,,21,,,,,,,,3030000001,,,,,,2,350,2000,4000,,,,,,1,,,,,,,,,,,,,,,,,,,
113,D) TRYPANOSOMES,,,,,,0,,,,,,3030000001,Lab,unit,,21,,,,,,,,3030000001,,,,,,2,400,2000,4000,,,,,,1,,,,,,,,,,,,,,,,,,,
114,A) ANALYSIS,,,,,,0,,,,,,3030000001,Lab,unit,,21,,,,,,,,,,,,1,,2,1000,3000,6000,,,,,,1,,,,,,,,,,,,,,,,,,,
115,A) GRAM STAIN,,,,,,0,,,,,,3030000001,Lab,unit,,21,,,,,,,,,,,,1,,2,500,1000,2000,,,,,,1,,,,,,,,,,,,,,,,,,,
116,B) Z.N STAIN FOR AFB,,,,,,0,,,,,,3030000001,Lab,unit,,21,,,,,,,,,,,,1,,2,1000,2000,4000,,,,,,1,,,,,,,,,,,,,,,,,,,
117,A) CSF: MICROSCOPY & COUNT,,,,,,0,,,,,,3030000001,Lab,unit,,21,,,,,,,,,,,,1,,2,500,3000,6000,,,,,,1,,,,,,,,,,,,,,,,,,,
118,B) CSF: GRAM STAIN,,,,,,0,,,,,,3030000001,Lab,unit,,21,,,,,,,,,,,,1,,2,500,0,0,,,,,,1,,,,,,,,,,,,,,,,,,,
119,C) CSF: CULTURE & SENSITIVITY,,,,,,0,,,,,,3030000001,Lab,unit,,21,,,,,,"<p>TEST NAME: CULTURE AND SENSITIVITY</p>

<p>CULTURE; 1.</p>

<p>&nbsp; &nbsp; &nbsp; &nbsp; &nbsp; &nbsp; &nbsp; &nbsp; &nbsp;&nbsp; 2.</p>

<p>&nbsp; &nbsp; &nbsp; &nbsp; &nbsp; &nbsp; &nbsp; &nbsp; &nbsp; &nbsp; 3.</p>

<p>&nbsp; &nbsp; <u><strong>&nbsp;ANTIBIOTICS&nbsp;</strong></u>&nbsp; &nbsp; &nbsp; &nbsp; &nbsp; &nbsp; &nbsp; &nbsp;&nbsp;&nbsp;1&nbsp; &nbsp;2 &nbsp; 3&nbsp; &nbsp; &nbsp;<u><strong>&nbsp;ANTIBIOTICS&nbsp;</strong></u> &nbsp; &nbsp; &nbsp; &nbsp;1&nbsp; 2&nbsp; 3 &nbsp; <u><strong>&nbsp;ANTIBIOTICS</strong></u><strong>&nbsp; &nbsp;</strong>1 &nbsp; 2&nbsp; 3&nbsp; &nbsp; &nbsp;<u><strong>ANTIFUNGAL</strong></u>&nbsp; &nbsp; &nbsp;&nbsp; 1 &nbsp; 2&nbsp; 3</p>

<table border=""1"" cellpadding=""1"" cellspacing=""1"">
	<tbody>
		<tr>
			<td>GENTAMYCIN</td>
			<td>&nbsp; &nbsp;</td>
			<td>&nbsp; &nbsp; &nbsp;&nbsp;</td>
			<td>&nbsp; &nbsp;&nbsp;</td>
			<td>&nbsp;CEFOTAXIME</td>
			<td>&nbsp; &nbsp;&nbsp;</td>
			<td>&nbsp;&nbsp;</td>
			<td>&nbsp;&nbsp;</td>
			<td>DAPTOMYCIN</td>
			<td>&nbsp;&nbsp;</td>
			<td>&nbsp; &nbsp;&nbsp;</td>
			<td>&nbsp; &nbsp;&nbsp;</td>
			<td>&nbsp;</td>
			<td>&nbsp;</td>
			<td>&nbsp;</td>
			<td>&nbsp;</td>
		</tr>
		<tr>
			<td>TOBRAMYCIN</td>
			<td>&nbsp;&nbsp;</td>
			<td>&nbsp;</td>
			<td>&nbsp;</td>
			<td>TRIMETHOPRIM</td>
			<td>&nbsp;</td>
			<td>&nbsp;</td>
			<td>&nbsp;&nbsp;</td>
			<td>DOXYCYCLINE</td>
			<td>&nbsp;</td>
			<td>&nbsp;</td>
			<td>&nbsp;</td>
			<td>&nbsp;</td>
			<td>&nbsp;</td>
			<td>&nbsp;</td>
			<td>&nbsp;</td>
		</tr>
		<tr>
			<td>CHLORAMPHENICOL</td>
			<td>&nbsp;</td>
			<td>&nbsp;</td>
			<td>&nbsp;</td>
			<td>MEROPENEN</td>
			<td>&nbsp;</td>
			<td>&nbsp;</td>
			<td>&nbsp;</td>
			<td>TETRACYCLINE</td>
			<td>&nbsp;</td>
			<td>&nbsp;</td>
			<td>&nbsp;</td>
			<td>&nbsp;</td>
			<td>&nbsp;</td>
			<td>&nbsp;</td>
			<td>&nbsp;</td>
		</tr>
		<tr>
			<td>AMOXICILLIN/CA</td>
			<td>&nbsp;</td>
			<td>&nbsp;</td>
			<td>&nbsp;</td>
			<td>CEFTAZIDINE</td>
			<td>&nbsp;</td>
			<td>&nbsp;</td>
			<td>&nbsp;</td>
			<td>LINEZOLID</td>
			<td>&nbsp;</td>
			<td>&nbsp;</td>
			<td>&nbsp;</td>
			<td>&nbsp;</td>
			<td>&nbsp;</td>
			<td>&nbsp;</td>
			<td>&nbsp;</td>
		</tr>
		<tr>
			<td>CIPROFLOXACIN</td>
			<td>&nbsp;</td>
			<td>&nbsp;</td>
			<td>&nbsp;</td>
			<td>MOXIFLOXACIN</td>
			<td>&nbsp;</td>
			<td>&nbsp;</td>
			<td>&nbsp;</td>
			<td>LEVOFLOXACIN</td>
			<td>&nbsp;</td>
			<td>&nbsp;</td>
			<td>&nbsp;</td>
			<td>&nbsp;</td>
			<td>&nbsp;</td>
			<td>&nbsp;</td>
			<td>&nbsp;</td>
		</tr>
		<tr>
			<td>LEVOFLOXACIN</td>
			<td>&nbsp;</td>
			<td>&nbsp;</td>
			<td>&nbsp;</td>
			<td>CLARITHROMYCIN</td>
			<td>&nbsp;</td>
			<td>&nbsp;</td>
			<td>&nbsp;</td>
			<td>ANPICLOX</td>
			<td>&nbsp;</td>
			<td>&nbsp;</td>
			<td>&nbsp;</td>
			<td>&nbsp;</td>
			<td>&nbsp;</td>
			<td>&nbsp;</td>
			<td>&nbsp;</td>
		</tr>
		<tr>
			<td>IMIPENEM</td>
			<td>&nbsp;</td>
			<td>&nbsp;</td>
			<td>&nbsp;</td>
			<td>ERYTHROMYCIN</td>
			<td>&nbsp;</td>
			<td>&nbsp;</td>
			<td>&nbsp;</td>
			<td>CEFEXIME</td>
			<td>&nbsp;</td>
			<td>&nbsp;</td>
			<td>&nbsp;</td>
			<td>&nbsp;</td>
			<td>&nbsp;</td>
			<td>&nbsp;</td>
			<td>&nbsp;</td>
		</tr>
		<tr>
			<td>AMPICILLIN/SULBACTAM</td>
			<td>&nbsp;</td>
			<td>&nbsp;</td>
			<td>&nbsp;</td>
			<td>CLINDAMYCIN</td>
			<td>&nbsp;</td>
			<td>&nbsp;</td>
			<td>&nbsp;</td>
			<td>CEFOTAXIME</td>
			<td>&nbsp;</td>
			<td>&nbsp;</td>
			<td>&nbsp;</td>
			<td>&nbsp;</td>
			<td>&nbsp;</td>
			<td>&nbsp;</td>
			<td>&nbsp;</td>
		</tr>
		<tr>
			<td>CEFUROXIME</td>
			<td>&nbsp;</td>
			<td>&nbsp;</td>
			<td>&nbsp;</td>
			<td>AZITHROMYCIN</td>
			<td>&nbsp;</td>
			<td>&nbsp;</td>
			<td>&nbsp;</td>
			<td>IMIPENEM</td>
			<td>&nbsp;</td>
			<td>&nbsp;</td>
			<td>&nbsp;</td>
			<td>&nbsp;</td>
			<td>&nbsp;</td>
			<td>&nbsp;</td>
			<td>&nbsp;</td>
		</tr>
		<tr>
			<td>AMIKACIN</td>
			<td>&nbsp;</td>
			<td>&nbsp;</td>
			<td>&nbsp;</td>
			<td>&nbsp;</td>
			<td>&nbsp;</td>
			<td>&nbsp;</td>
			<td>&nbsp;</td>
			<td>&nbsp;</td>
			<td>&nbsp;</td>
			<td>&nbsp;</td>
			<td>&nbsp;</td>
			<td>&nbsp;</td>
			<td>&nbsp;</td>
			<td>&nbsp;</td>
			<td>&nbsp;</td>
		</tr>
	</tbody>
</table>

<p>&nbsp;</p>
",,3030000001,,,,,,2,650,8000,16000,,,,,,1,,,,,,,,,,,,,,,,,,,
120,A) MICROSCOPY (SWABS),,,,,,0,,,,,,3030000001,Lab,unit,,21,,,,,,"<p>none</p>
",,,,,,1,,2,350,1000,2000,,,,,,1,,,,,,,,,,,,,,,,,,,
121,B) GRAM STAIN (WHERE APPLIC...,,,,,,0,,,,,,3030000001,Lab,unit,,21,,,,,,,,,,,,1,,2,500,0,0,,,,,,1,,,,,,,,,,,,,,,,,,,
122,SKIN SNIP (MICROFILARIA),,,,,,0,,,,,,3030000001,Lab,unit,,21,,,,,,,,3030000001,,,,,,2,500,2000,4000,,,,,,1,,,,,,,,,,,,,,,,,,,
123,B) MICROSCOPY (KOH MOUNT),,,,,,0,,,,,,3030000001,Lab,unit,,21,,,,,,,,,,,,1,,2,500,2000,4000,,,,,,1,,,,,,,,,,,,,,,,,,,
124,C) SCRAPING FOR FUNGAL ELEMENT,,,,,,0,,,,,,3030000001,Lab,unit,,21,,,,,,,,,,,,1,,2,1000,,0,,,,,,1,,,,,,,,,,,,,,,,,,,
126,SERUM TUBERCULOSIS ANTIGEN,,,,,,0,,,,,,3030000001,Lab,unit,,21,,,,,,,,,,,,1,,2,2500,0,0,,,,,,1,,,,,,,,,,,,,,,,,,,
127,CHLAMYDIA ANTIGEN,,,,,,0,,,,,,3030000001,Lab,unit,,21,,,,,,,,,,,,1,,2,2000,0,0,,,,,,1,,,,,,,,,,,,,,,,,,,
128,HERPES SIMPLEX 1 & 11 ANTIGEN,,,,,,0,,,,,,3030000001,Lab,unit,,21,,,,,,,,,,,,1,,2,3000,0,0,,,,,,1,,,,,,,,,,,,,,,,,,,
129,TOXOPLASMA GONDII,,,,,,0,,,,,,3030000001,Lab,unit,,21,,,,,,,,,,,,1,,2,2750,0,0,,,,,,1,,,,,,,,,,,,,,,,,,,
130,RUBELLA,,,,,,0,,,,,,3030000001,Lab,unit,,21,,,,,,,,,,,,1,,2,2000,0,0,,,,,,1,,,,,,,,,,,,,,,,,,,
131,HELICOBACTER PYLORI,,,,,,0,,,,,,3030000001,Lab,unit,,21,,,,,,"<p>none</p>
",,,,,,1,,2,2750,1500,3000,,,,,,1,,,,,,,,,,,,,,,,,,,
132,INFECTIOUS MONONUCLEOSIS,,,,,,0,,,,,,3030000001,Lab,unit,,21,,,,,,,,,,,,1,,2,2750,0,0,,,,,,1,,,,,,,,,,,,,,,,,,,
133,C-REACTIVE PROTEIN,,,,,,0,,C0001,,,,3030000004,Lab,unit,,41,,,,,,,,3000000008,,,,1,,2,4000,0,0,,,,,,1,,,,,,,,,,,,,,,,,,,
6589,REMOVAL OF I.U.C.D- THEATRE  -O & G,,,,,,,,42000195,,,,3000000025,Services,Unit,,159,Other,,,,,,,,,,,,,0,,,,,,,,,1,,,,,,4253,22-Sep-23,,,,,,,,,,,,
6593,REPOSITION OF INVERTED UTERUS -  O & G,,,,,,,,42000198,,,,3000000025,Services,Unit,,997,Other,,,,,,,,,,,,,0,,,,,,,,,1,,,,,,4253,22-Sep-23,,,,,,,,,,,,
6622,Tap. Ramipril,,Add Item to Watch List,,0,,,,,,,,3010000001,Pharmacy,,,993,,Tab,,,,,,,,,30,,0,0,,,,,1,,,Drugs,1,Packs,Pieces,,,,,,,,,,,,,,,,,
6628,ACCOMODATION DATER 2 WARD 1 MONTH,,,,,,,,91000103,,,,3000000028,Services,Unit,,1001,Other,,,,,,,,,,,,,0,,,,,,,,,1,,,,,,4254,22-Sep-23,,,,,,,,,,,,
6645,Arthrotec 75mg,,Add Item to Watch List,,0,,,,,,,,3010000001,Pharmacy,,,248,,Tab,,,,,,,,,10,,0,0,,,,,1,,,Drugs,1,Packs,Tablet,,,,,,,,,,,,,,,,,
6661,APPOINTMENT CARD REPLACEMENT FEE,,,,,,,,91000108,,,,3000000028,Services,Unit,,1001,Other,,,,,,,,,,,,,0,,,,,,,,,1,,,,,,4254,22-Sep-23,,,,,,,,,,,,
6691,PHOTOCOPYING SERVICES(PER PAGE),,,,,,,,91000142,,,,3000000028,Services,Unit,,1001,Other,,,,,,,,,,,,,2,,,,,,,,,1,,,,,,4816,22-Sep-23,,,,,,,,,,,,
6692,PLAITING-SALON (O/T),,,,,,,,91000143,,,,3000000028,Services,Unit,,1001,Other,,,,,,,,,,,,,2,,,,,,,,,1,,,,,,4816,22-Sep-23,,,,,,,,,,,,
6702,PSYCHOTHERAPY SESSION (PER SESSION),,,,,,,,91000148,,,,3000000028,Services,Unit,,1001,Other,,,,,,,,,,,,,2,,,,,,,,,1,,,,,,4816,22-Sep-23,,,,,,,,,,,,
6705,REGISTRATION FEE (PRIVATE WARD) -OLD PATIENTS,,,,,,,,91000150,,,,3000000028,Services,Unit,,1001,Other,,,,,,,,,,,,,2,,,,,,,,,1,,,,,,4816,22-Sep-23,,,,,,,,,,,,
6706,Paliperidone 100mg,,Add Item to Watch List,1,0,,,,,,,,3010000001,Pharmacy,,,1025,,Inj,,,,,,,,,1,,0,0,,,,,1,,,Drugs,1,Packs,Amp,,,,,,,,,,,,,,,,,
6709,REHABILITATION (SHORT STAY ADMISSION),,,,,,,,91000152,,,,3000000028,Services,Unit,,1001,Other,,,,,,,,,,,,,2,,,,,,,,,1,,,,,,4816,22-Sep-23,,,,,,,,,,,,
6721,SERVICE CHARGE (PRIVATE WARD) ,,,,,,,,91000157,,,,3000000028,Services,Unit,,1001,Other,,,,,,,,,,,,,2,,,,,,,,,1,,,,,,4816,22-Sep-23,,,,,,,,,,,,
6725,SOCIAL INTERVENTION (2Months Admission),,,,,,,,91000159,,,,3000000028,Services,Unit,,1001,Other,,,,,,,,,,,,,2,,,,,,,,,1,,,,,,4816,22-Sep-23,4818,1-Jan-24,,,,,,,,,,
6740,SPECIAL INTERVENTION ,,,,,,,,91000163,,,,3000000028,Services,Unit,,1001,Other,,,,,,,,,,,,,2,,,,,,,,,1,,,,,,4816,22-Sep-23,,,,,,,,,,,,
6751,Amodiaquine,,Add Item to Watch List,1,0,,,,,,,,3010000001,Pharmacy,,,410,,Tab,,,,,,,,,1,1,0,0,,,,,1,,,Drugs,1,Packs,Tablet,,,,,,,,,,,,,,,,,
6767,NIGHT GOWN/PYJAMAS ,,,,,,,,92000107,,,,3000000029,Services,Unit,,1002,Other,,,,,,,,,,,,,2,,,,,,,,,1,,,,,,4816,22-Sep-23,1,25-Oct-23,,,,,,,,,,
6771,SHOE MENDING (DEPENDS)- LEATHER WORKS O/T,,,,,,,,93000142,,,,3000000030,Services,Unit,,1004,Other,,,,,,,,,,,,,0,,,,,,,,,1,,,,,,4254,22-Sep-23,,,,,,,,,,,,
6772,Potassium Citrate,,Add Item to Watch List,1,0,,,,,,,,3010000001,Pharmacy,,,419,,Susp,,,,,,,,,1,,0,0,,,,,1,,,Drugs,1,Bottle,Bottle,,,,,,,,,,,,,,,,,
6941,Chromic Catgut 2,,Add Item to Watch List,,0,,,,,,,,3010000001,Pharmacy,,,1021,,General Consumables,,,,,,,,,12,0,0,0,,,,,0,,,Consumables,1,Packs,Pieces,,,,,,,,,,,,,,,,,
6943,Methylated Spirit 2L,,Add Item to Watch List,,0,,,,,,,,3010000001,Pharmacy,,,416,,General Consumables,,,,,,,,,1,,0,0,,,,,0,,,Consumables,1,Bottle,Bottle,,,,,,,,,,,,,,,,,
6954,Loratidine 10mg,,Add Item to Watch List,,0,,,,,,,,3010000001,Pharmacy,,,407,,Tab,,,,,,,,,1,1,0,0,,,,,1,,,Drugs,1,Packs,Packs,,,,,,,,,,,,,,,,,
6991,Crepe Bandage 6,,Add Item to Watch List,,0,,,,,,,,3010000001,Pharmacy,,,996,,General Consumables,,,,,,,,,1,0,0,0,,,,,1,,,Consumables,1,Packs,Packs,,,,,,,,,,,,,,,,,
6992,Cotton Bandage 6,,Add Item to Watch List,,0,,,,,,,,3010000001,Pharmacy,,,996,,General Consumables,,,,,,,,,1,0,0,2,,,,,1,,,Consumables,1,Packs,Packs,,,,,,,,,,,,,,,,,
6995,Intravenous Catheter (18g) Green,,Add Item to Watch List,,0,,,,,,,,3010000001,Pharmacy,,,996,,General Consumables,,,,,,,,,1,1,0,2,,,,,1,,,Consumables,1,Packs,Packs,,,,,,,,,,,,,,,,,
7003,20cc Needle and Syringe,,Add Item to Watch List,,0,,,,,,,,3010000001,Pharmacy,,,996,,General Consumables,,,,,,,,,1,0,0,0,,,,,1,,,Consumables,1,Packs,Packs,,,,,,,,,,,,,,,,,
7016,Syrup Promethasine,,Add Item to Watch List,,0,,,,,,,,3010000001,Pharmacy,,,444,,Syr,,,,,,,,,1,1,0,2,,,,,1,,,Drugs,1,Bottle,Bottle,,,,,,,,,,,,,,,,,
7026,Artesunate 60mg,,Add Item to Watch List,,0,,,,,,,,3010000001,Pharmacy,,,410,,Inj,,,,,,,,,12,,0,0,,,,,1,,,Drugs,1,Packs,Vial,,,,,,,,,,,,,,,,,
7032,Artemether + Amodaquine 100/30 14yrs above,,Add Item to Watch List,,0,,,,,,,,3010000001,Pharmacy,,,410,,Tab,,,,,,,,,12,1,0,0,,,,,1,,,Drugs,1,Packs,Tablet,,,,,,,,,,,,,,,,,
7034,White Cell Count (WBC),,,,,,,,NHIS-180-003,,,,3030000002,Lab,,,22,,,,,,,,3030000002,,,,,,0,,,,,,,,,1,,,,,,,,,,,,,,,,,,,
7044,Salbultamol Nebule 2.5mg,,Add Item to Watch List,,0,,,,,,,,3010000001,Pharmacy,,,1020,,Inhalation,,,,,,,,,10,0,0,0,,,,,1,,,Drugs,1,Packs,Vial,,,,,,,,,,,,,,,,,
7063,Sulphadoxine+Pyrimethamine500/25mg,,Add Item to Watch List,,0,,,,,,,,3010000001,Pharmacy,,,410,,Inj,,,,,,,,,3,1,0,0,,,,,1,,,Drugs,1,Packs,Tablet,,,,,,,,,,,,,,,,,
7075,LABORATORY FEE-OPC PER VISIT,,,,,,,,61000103,,,,3000000008,Services,Unit,,999,Other,,,,,,,,,,,,,0,,,,,,,,,1,,,,,,4254,26-Sep-23,,,,,,,,,,,,
7200,ADMISSION DEPOSIT GMPC,,,,,,,,,,,,3000000025,Services,Unit,,366,Other,,,,,,,,,,,,,0,,,,,,,,,1,,,,,,1,5-Oct-23,,,,,,,,,,,,
7218,.Gliclazide MR 60,,,,0,,,,,,,,3010000001,Pharmacy,,,993,,Tab,,,,,,,,,30,1,0,0,,,,,0,,,Drugs,1,Packs,Sachet,,,,,,,,,,,,,,,,,
7222,.Vicryl 2,,,,0,,,,,,,,3010000001,Pharmacy,,,1021,,General Consumables,,,,,,,,,28,1,0,0,,,,,0,,,Consumables,1,Packs,Pieces,,,,,,,,,,,,,,,,,
7251,WARD REQUIREMENT SHORT STAY,,,,,,,,,,,,3000000007,Services,Unit,,366,Other,,,,,,,,,,,,,0,,,,,,,,,1,,,,,,4626,30-Oct-23,,,,,,,,,,,,
7279,Bisoprolol 5mg,,Add Item to Watch List,,0,,,,,,,,3010000001,Pharmacy,,,1023,,Tab,,,,,,,,,30,,0,1,,,,,0,,,Drugs,1,Packs,Sachet,,,,,,,,,,,,,,,,,
7451,Calamine lotion,,Add Item to Watch List,1,0,,,,,,,,3010000001,Pharmacy,,,274,,Cream,,,,,,,,,10,,0,2,,,,,1,,,Drugs,1,Packs,Pieces,,,,,,,,,,,,,,,,,
7452,Amiloride/hydroclorothiazide (Moduretic),,Add Item to Watch List,1,0,,,,,,,,3010000001,Pharmacy,,,1023,,Tab,,,,,,,,,100,,0,2,,,,,1,,,Drugs,1,Sachet,Tablet,,,,,,,,,,,,,,,,,
7468,SOCIAL  INTERVENTION GW TWO WEEKS,,,,,,,,,,,,3000000028,Services,Unit,,,Other,,,,,,,,,,,,,0,,,,,,1,,,1,,,,,,4626,22-Feb-24,,,,,,,,,,,,
7478,SPECIAL THERAPY (DATER)- 2 WEEKS,,,,,,,,,,,,3000000007,Services,Unit,,1001,Other,,,,,,,,,,,,,0,,,,,,,,,1,,,,,,4624,7-Mar-24,,,,,,,,,,,,
6137,Pyridoxine 50mg,,Add Item to Watch List,1,0,,,,,,,,3010000001,Pharmacy,,,766,,Tab,,,,,,,,,1000,,0,0,,,,,1,,,Drugs,1,Packs,Tablet,,,,,,,,,,,,,,,,,
6158,Olanzapine ODT/Prexal 5mg x 30,,Add Item to Watch List,,0,,,,,,,,3010000001,Pharmacy,,,441,,Tab,,,,,,,,,30,1,0,0,,,,,1,,,Drugs,1,Packs,Tablet,,,,,,,,,,,,,,,,,
6162, Clozapine 100mg,,Add Item to Watch List,,0,,,,,,,,3010000001,Pharmacy,,,441,,Tab,,,,,,,,,30,,0,0,,,,,1,,,Drugs,1,Packs,Tablet,,,,,,,,,,,,,,,,,
6163,Chloramphenicol Eye Drop,,Add Item to Watch List,1,0,,,,,,,,3010000001,Pharmacy,,,1025,,Drop,,,,,,,,,1,1,0,0,,,,,1,,,Drugs,1,Packs,Tablet,,,,,,,,,,,,,,,,,
6166,Predinisolone 5mg,,Add Item to Watch List,1,0,,,,,,,,3010000001,Pharmacy,,,427,,Tab,,,,,,,,,1,1,0,0,,,,,1,,,Drugs,1,Packs,Tablet,,,,,,,,,,,,,,,,,
6186,Risperidone 2mg x 100,,Add Item to Watch List,,0,,,,,,,,3010000001,Pharmacy,,,441,,Tab,,,,,,,,,1,1,0,0,,,,,1,,,Drugs,1,Packs,Tablet,,,,,,,,,,,,,,,,,
6196,Aripiprazole 10mg x30,,Add Item to Watch List,,0,,,,,,,,3010000001,Pharmacy,,,441,,Tab,,,,,,,,,1,1,0,0,,,,,1,,,Drugs,1,Packs,Tablet,,,,,,,,,,,,,,,,,
6201,Dichloroxylnol Izal,,Add Item to Watch List,1,0,,,,,,,,3010000001,Pharmacy,,,270,,Others,,,,,,,,,1,,0,0,,,,,1,,,Drugs,1,Packs,Pieces,,,,,,,,,,,,,,,,,
6210,INJ.Chlopromazine 50mg x100,,Add Item to Watch List,,0,,,,,,,,3010000001,Pharmacy,,,441,,Inj,,,,,,,,,1,1,0,0,,,,,1,,,Drugs,1,Packs,Amp,,,,,,,,,,,,,,,,,
6222,Amoxicillin,,Add Item to Watch List,,0,,,,,,,,3010000001,Pharmacy,,,412,,Syr,,,,,,,,,1,1,0,0,,,,,1,,,Drugs,1,Bottle,Bottle,,,,,,,,,,,,,,,,,
6224,Fluphenazine Decanoate 50mg,,Add Item to Watch List,,0,,,,,,,,3010000001,Pharmacy,,,441,,Inj,,,,,,,,,100,,0,0,,,,,1,,,Drugs,1,Packs,Amp,,,,,,,,,,,,,,,,,
6227,Needle & Syring 2cc,,,1,0,,,,,,,,3010000001,Pharmacy,,,996,,Others,,,,,,,,,1,1,0,0,,,,,1,,,Drugs,1,Packs,Pieces,,,,,,,,,,,,,,,,,
6245, Cefuroxime,,Add Item to Watch List,,0,,,,,,,,3010000001,Pharmacy,,,412,,Susp,,,,,,,,,1,,0,0,,,,,1,,,Drugs,1,Bottle,Bottle,,,,,,,,,,,,,,,,,
6248,Green Canula (Size 18),,Add Item to Watch List,1,0,,,,,,,,3010000001,Pharmacy,,,996,,General Consumables,,,,,,,,,1,1,0,0,,,,,1,,,Consumables,1,Packs,Packs,,,,,,,,,,,,,,,,,
6253,Pink Canula (Size 20),,,1,0,,,,,,,,3010000001,Pharmacy,,,996,,General Consumables,,,,,,,,,1,1,0,0,,,,,1,,,Consumables,1,Packs,Pieces,,,,,,,,,,,,,,,,,
6279,Amlodipine 5mg x 30,,Add Item to Watch List,,0,,,,,,,,3010000001,Pharmacy,,,993,,Tab,,,,,,,,,1,1,0,0,,,,,1,,,Drugs,1,Tablet,Tablet,,,,,,,,,,,,,,,,,
6293,Tetanus Toxoid 0.5ml,,Add Item to Watch List,1,0,,,,,,,,3010000001,Pharmacy,,,1025,,i.m,,,,,,,,,50,0,0,0,,,,,1,,,Drugs,1,Packs,Packs,,,,,,,,,,,,,,,,,
6308,Artesunate 50mg,,Add Item to Watch List,,0,,,,,,,,3010000001,Pharmacy,,,410,,Tab,,,,,,,,,1,1,0,0,,,,,1,,,Drugs,1,Packs,Tablet,,,,,,,,,,,,,,,,,
6374,ESCITALOPRAM 20MG,,Add Item to Watch List,1,0,,,,,,,,3010000001,Pharmacy,,,1006,,Tab,,,,,,,,,30,1,0,0,,,,,1,,,Drugs,1,Packs,Packs,,,,,,,,,,,,,,,,,
6383, Phenytoin Sodium 100mg,,Add Item to Watch List,,0,,,,,,,,3010000001,Pharmacy,,,251,,Tab,,,,,,,,,1,1,0,0,,,,,1,,,Drugs,1,Packs,Tablet,,,,,,,,,,,,,,,,,
6390,20''SYRINGE,,,1,0,,,,,,,,3010000001,Pharmacy,,,1006,,General Consumables,,,,,,,,,1,1,0,0,,,,,1,,,Consumables,1,Packs,Pieces,,,,,,,,,,,,,,,,,
6540,REPATRIATION FEES (OSOGBO/IFE/OGBOMOSO/SAKI/OKE-IHO),,,,,,,,81000110,,,,3000000027,Services,Unit,,1000,Other,,,,,,,,,,,,,0,,,,,,,,,1,,,,,,4254,22-Sep-23,,,,,,,,,,,,
6546,Propofol 10mg,,Add Item to Watch List,,0,,,,,,,,3010000001,Pharmacy,,,248,,Inj,,,,,,,,,5,,0,0,,,,,1,,,Drugs,1,Packs,Vial,,,,,,,,,,,,,,,,,
6550,Artemether 80mg,,Add Item to Watch List,,0,,,,,,,,3010000001,Pharmacy,,,410,,Inj,,,,,,,,,1,,0,0,,,,,1,,,Drugs,1,Packs,Amp,,,,,,,,,,,,,,,,,
6554,OOPHORECTOMY- PARTIAL   -O & G,,,,,,,,42000187,,,,3000000025,Services,Unit,,997,Other,,,,,,,,,,,,,0,,,,,,,,,1,,,,,,4253,22-Sep-23,,,,,,,,,,,,
6569,PERINEAL TEAR - GMPC,,,,,,,,42000190,,,,3000000025,Services,Unit,,997,Other,,,,,,,,,,,,,0,,,,,,,,,1,,,,,,4253,22-Sep-23,,,,,,,,,,,,
6571,Bisacodyl 5mg,,Add Item to Watch List,,0,,,,,,,,3010000001,Pharmacy,,,289,,Tab,,,,,,,,,105,,0,0,,,,,1,,,Drugs,1,Packs,Tablet,,,,,,,,,,,,,,,,,
6573,PERINEAL TEAR -O & G,,,,,,,,42000191,,,,3000000025,Services,Unit,,998,Other,,,,,,,,,,,,,0,,,,,,,,,,,,,,,4253,22-Sep-23,,,,,,,,,,,,
66,RED CELL COUNT (RBC),,,,,,0,,464,,,,3030000002,Lab,unit,,22,,,,,,"<p>MED LAB SCIENTIST COMMENT:</p>
",,3030000002,,,,0,,2,400,0,0,,,,,,1,,,,,,,,,,,,,,,,,,,
67,RETICULOCYTE ADULT COUNT,,,,,,0,,,,,,3030000002,Lab,unit,,22,,,,,,"<p>MED LAB SCIENTIST COMMENT:</p>
",,3030000002,,,,,,2,400,3000,6000,,,,,,1,,,,,,,,,,,,,,,,,,,
68,PLATELETS COUNT,,,,,,0,,4566,,,,3030000002,Lab,unit,,22,,,,,,"<p>MED LAB SCIENTIST COMMENT:</p>
",,3030000002,,,,0,,2,400,3000,6000,,,,,,1,,,,,,,,,,,,,,,,,,,
69,ERYTHROCYTE SEDIMENTATION,,,,,,0,,,,,,3030000002,Lab,unit,,22,,,,,,"<p>MED LAB SCIENTIST COMMENT:</p>
",,3030000002,,,,,,2,350,1000,2000,,,,,,1,,,,,,,,,,,,,,,,,,,
72,PROTHROMBIN TIME (PT),,,,,,0,,,,,,3030000002,Lab,unit,,22,,,,,,,,,,,,1,,2,1000,1000,2000,,,,,,1,,,,,,,,,,,,,,,,,,,
73,ACTIVATED PARTIAL PROTHROMBIN TIME (APTT),,,,,,0,,,,,,3030000002,Lab,unit,,22,,,,,,,,,,,,1,,2,1000,1000,2000,,,,,,1,,,,,,,,,,,,,,,,,,,
75,BLOOD GROUPING (ABO & RH),,,,,,0,,,,,,3030000002,Lab,unit,,22,,,,,,"<p>MED LAB SCIENTIST COMMENT:</p>
",,3030000002,,,,,,2,400,1500,3000,,,,,,1,,,,,,,,,,,,,,,,,,,
1,ELECTROLYTES-(A-D),,,,,,0,,785,,,,3030000004,Lab,unit,,41,,,,,,"<p>none</p>
",,3030000004,,,,1,,2,1600,2000,4000,,,,,,1,,,,,,,,,,,,,,,,,,,
2,A) SODIUM,,,,,,0,,,,,,3030000004,Lab,unit,,41,,,,,,"<p>none</p>
",,3030000004,,,,,,2,400,500,1000,,,,,,1,,,,,,,,,,,,,,,,,,,
3,B) POTASSIUM,,,,,,0,,,,,,3030000004,Lab,unit,,41,,,,,,"<p>NONE</p>
",,3030000004,,,,,,2,400,500,1000,,,,,,1,,,,,,,,,,,,,,,,,,,
4,CHLORIDE,,,,,,0,,7443,,,,3030000004,Lab,unit,,41,,,,,,"<p>MED LAB SCI COMMENT</p>
",,3030000004,,,,0,,2,400,500,1000,,,,,,1,,,,,,,,,,,,,,,,,,,
5,BICARBONATE,,,,,,0,,,,,,3030000004,Lab,unit,,41,,,,,,"<p>none</p>
",,3030000004,,,,,,2,400,500,1000,,,,,,1,,,,,,,,,,,,,,,,,,,
6,UREA,,,,,,0,,,,,,3030000004,Lab,unit,,41,,,,,,"<p>MED LAB SCI. COMMENT:</p>
",,3030000004,,,,,,2,500,1500,3000,,,,,,1,,,,,,,,,,,,,,,,,,,
7,CREATININE,,,,,,0,,,,,,3030000004,Lab,unit,,41,,,,,,"<p>MED LAB SCI. COMMENT:</p>
",,3030000004,,,,,,2,500,1500,3000,,,,,,1,,,,,,,,,,,,,,,,,,,
8,LIVER FUNCTION TESTS-(A-E),,,,,,0,,001,,,,3030000004,Lab,unit,,41,,,,,,"<p>MED LAB SCIENTIST COMMENT:&nbsp;</p>
",,3030000004,,,,,,0,2300,5000,10000,,,,,,1,,,,,,,,,,,,,,,,,,,
9,A) TOTAL BILIRUBIN,,,,,,0,,,,,,3030000004,Lab,unit,,41,,,,,,,,3030000004,,,,,,2,400,1000,2000,,,,,,1,,,,,,,,,,,,,,,,,,,
10,B) DIRECT BILIRUBIN,,,,,,0,,,,,,3030000004,Lab,unit,,41,,,,,,,,3030000004,,,,,,2,400,0,0,,,,,,1,,,,,,,,,,,,,,,,,,,
11,C) ALKALINE PHOSPHATASE,,,,,,0,,,,,,3030000004,Lab,unit,,41,,,,,,"<p>NONE</p>
",,3030000004,,,,,,2,500,1500,3000,,,,,,1,,,,,,,,,,,,,,,,,,,
13,E) ASPARTATE AMINOTRANSFER...,,,,,,0,,,,,,3030000004,Lab,unit,,41,,,,,,"<p>NONE</p>
",,3030000004,,,,,,2,500,1500,3000,,,,,,1,,,,,,,,,,,,,,,,,,,
14,TOTAL PROTEIN,,,,,,0,,,,,,3030000004,Lab,unit,,41,,,,,,"<p>none</p>
",,3030000004,,,,,,2,500,1500,3000,,,,,,1,,,,,,,,,,,,,,,,,,,
15,ALBUMIN,,,,,,0,,,,,,3030000004,Lab,unit,,41,,,,,,"<p>NONE</p>
",,3030000004,,,,,,2,500,1500,3000,,,,,,1,,,,,,,,,,,,,,,,,,,
16,GLOBULIN,,,,,,0,,,,,,3030000004,Lab,unit,,41,,,,,,"<p>MEDICAL LAB SCIENTIST COMMENT</p>
",,3030000004,,,,,,2,500,1500,3000,,,,,,1,,,,,,,,,,,,,,,,,,,
17,ACID PHOSPHATASE (TOTAL & PR...,,,,,,0,,,,,,3030000004,Lab,unit,,41,,,,,,,,3030000004,,,,,,2,900,1500,3000,,,,,,1,,,,,,,,,,,,,,,,,,,
18,CHOLESTEROL,,,,,,0,,,,,,3030000004,Lab,unit,,41,,,,,,"<p>none</p>
",,3030000004,,,,,,2,600,1500,3000,,,,,,1,,,,,,,,,,,,,,,,,,,
19,TRIGLYCERIDE,,,,,,0,,,,,,3030000004,Lab,unit,,41,,,,,,"<p>none</p>
",,3030000004,,,,,,2,900,1500,3000,,,,,,1,,,,,,,,,,,,,,,,,,,
20,AMYLASE,,,,,,0,,,,,,3030000004,Lab,unit,,41,,,,,,,,3030000004,,,,,,2,650,1500,3000,,,,,,1,,,,,,,,,,,,,,,,,,,
21,FASTING BLOOD SUGAR,,,,,,0,,345546,,,,3030000004,Lab,unit,,41,,,,,,"<p>MED LAB SCIENTIST&#39;S COMMENT:</p>
",,3030000004,,,,0,,2,400,1000,2000,,,,,,1,,,,,,,,,,,,,,,,,,,
22,RANDOM BLOOD SUGAR,,,,,,0,,,,,,3030000004,Lab,unit,,41,,,,,,"<p>MED LAB SCIENTIST&#39;S COMMENT:</p>
",,3030000004,,,,0,,2,400,1000,2000,,,,,,1,,,,,,,,,,,,,,,,,,,
23,2-HR POST PRANDIAL BLOOD SUGAR,,,,,,0,,,,,,3030000004,Lab,unit,,41,,,,,,"<p>non</p>
",,3000000008,,,,,,2,700,1000,2000,,,,,,1,,,,,,,,,,,,,,,,,,,
24,ORAL GLUCOSE TOLERENCE TEST (NON PREGNANT),,,,,,0,,,,,,3030000004,Lab,unit,,41,,,,,,"<p>MEDICAL LAB SCIENTIST COMMENTS</p>
",,3030000004,,,,,,2,1500,6000,12000,,,,,,1,,,,,,,,,,,,,,,,,,,
25,URIC ACID,,,,,,0,,,,,,3030000004,Lab,unit,,41,,,,,,"<p>MED LAB SCIENTIST COMMENT:&nbsp;</p>
",,3030000004,,,,,,2,500,1500,3000,,,,,,1,,,,,,,,,,,,,,,,,,,
26,IRON,,,,,,0,,,,,,3030000004,Lab,unit,,41,,,,,,,,3030000004,,,,,,2,600,0,0,,,,,,1,,,,,,,,,,,,,,,,,,,
27,MAGNESIUM,,,,,,0,,,,,,3030000004,Lab,unit,,41,,,,,,,,3030000004,,,,,,2,600,0,0,,,,,,1,,,,,,,,,,,,,,,,,,,
28,CREATINE PHOSPHOKINASE (CPK),,,,,,0,,,,,,3030000004,Lab,unit,,41,,,,,,,,3030000004,,,,,,2,1000,0,0,,,,,,1,,,,,,,,,,,,,,,,,,,
29,PHOSPHATE,,,,,,0,,,,,,3030000004,Lab,unit,,41,,,,,,,,3030000004,,,,,,2,450,0,0,,,,,,1,,,,,,,,,,,,,,,,,,,
37,PROSTATIC SPECIFIC ANTIGEN (PSA),,,,,,0,,,,,,3030000004,Lab,unit,,41,,,,,,,,3030000004,,,,,,2,0,5000,10000,,,,,,1,,,,,,,,,,,,,,,,,,,
38,A) TOTAL,,,,,,0,,,,,,3030000004,Lab,unit,,41,,,,,,,,3030000004,,,,,,2,5000,0,0,,,,,,1,,,,,,,,,,,,,,,,,,,
40,CREATININE CLEARANCE,,,,,,0,,,,,,3030000004,Lab,unit,,41,,,,,,"<p>MED LAB SCIENTIST COMMENT:&nbsp;</p>
",,3030000004,,,,,,2,700,0,0,,,,,,1,,,,,,,,,,,,,,,,,,,
42,CALCIUM,,,,,,0,,,,,,3030000004,Lab,unit,,41,,,,,,"<p>MED LAB SCIENTIST COMMENT:&nbsp;</p>
",,3030000004,,,,,,2,600,1500,3000,,,,,,1,,,,,,,,,,,,,,,,,,,
43,A) FOLLICLE STIMULATING HOR...,,,,,,0,,990,,,,3030000004,Lab,unit,,41,,,,,,,,3030000004,,,,0,,2,4000,5000,10000,,,,,,1,,,,,,,,,,,,,,,,,,,
44,B) LUTEINIZING HORMONE (LH),,,,,,0,,,,,,3030000004,Lab,unit,,41,,,,,,,,,,,,1,,2,4000,5000,10000,,,,,,1,,,,,,,,,,,,,,,,,,,
45,C) PROLACTIN,,,,,,0,,,,,,3030000004,Lab,unit,,41,,,,,,,,,,,,1,,2,4000,5000,10000,,,,,,1,,,,,,,,,,,,,,,,,,,
46,D) PROGESTERONE,,,,,,0,,,,,,3030000004,Lab,unit,,41,,,,,,,,3030000004,,,,0,,2,4000,5000,10000,,,,,,1,,,,,,,,,,,,,,,,,,,
47,E) TESTOSTERONE,,,,,,0,,,,,,3030000004,Lab,unit,,41,,,,,,,,3030000004,,,,,,2,4000,5000,10000,,,,,,1,,,,,,,,,,,,,,,,,,,
48,F) OESTRADIOL (E2),,,,,,0,,,,,,3030000004,Lab,unit,,41,,,,,,,,3030000004,,,,,,2,4000,5000,10000,,,,,,1,,,,,,,,,,,,,,,,,,,
49,MOLAR PREGNANCY (HCG-B ),,,,,,0,,,,,,3030000004,Lab,unit,,41,,,,,,"<p>NONE</p>
",,3030000004,,,,,,2,4000,2000,4000,,,,,,1,,,,,,,,,,,,,,,,,,,
51,B) THYROXINE (T4),,,,,,0,,,,,,3030000004,Lab,unit,,41,,,,,,"<p>none</p>
",,,,,,1,,2,4000,5000,10000,,,,,,1,,,,,,,,,,,,,,,,,,,
53,CARDIAC/HYPERTENSIVE PROFILE,,,,,,0,,,,,,3030000004,Lab,unit,,41,,,,,,,,3030000004,,,,,,2,5000,5000,10000,,,,,,1,,,,,,,,,,,,,,,,,,,
54,KIDNEY PROFILE,,,,,,0,,,,,,3030000004,Lab,unit,,41,,,,,,,,3030000004,,,,,,2,5000,3000,6000,,,,,,1,,,,,,,,,,,,,,,,,,,
55,HEPATIC PROFILE,,,,,,0,,,,,,3030000004,Lab,unit,,41,,,,,,,,3030000004,,,,,,2,5000,5000,10000,,,,,,1,,,,,,,,,,,,,,,,,,,
56,VANILYL MANDELLIC ACID (VMA),,,,,,0,,,,,,3030000004,Lab,unit,,41,,,,,,,,3030000004,,,,,,2,2750,0,0,,,,,,1,,,,,,,,,,,,,,,,,,,
58,FULL BLOOD COUNT,,,,,,0,,HAE0005,,,,3030000002,Lab,unit,,22,,,,,,"<p>MED LAB SCIENTIST COMMENT:</p>
",,3000000008,,,,,,2,1000,5000,10000,,,1,,,1,,,,,,,,,,,,,,,,,,,
59,HAEMOGLOBIN (HB),,,,,,0,,,,,,3030000002,Lab,unit,,22,,,,,,"<p>MED LAB SCIENTIST COMMENT:</p>
",,3030000002,,,,,,2,400,1000,2000,,,,,,1,,,,,,,,,,,,,,,,,,,
61,WHITE CELL COUNT (WBC),,,,,,0,,,,,,3030000002,Lab,unit,,22,,,,,,,,,,,,1,,2,400,1000,2000,,,,,,1,,,,,,,,,,,,,,,,,,,
62,DIFFERENTIAL WHITE CELL COUNT,,,,,,0,,,,,,3030000002,Lab,unit,,22,,,,,,,,,,,,1,,2,450,3000,6000,,,,,,1,,,,,,,,,,,,,,,,,,,
63,MEAN CORP. HB CONC. (MCHC),,,,,,0,,,,,,3030000002,Lab,unit,,22,,,,,,,,,,,,1,,2,250,1000,2000,,,,,,1,,,,,,,,,,,,,,,,,,,
64,MEAN CELL VOLUME (MCV),,,,,,0,,,,,,3030000002,Lab,unit,,22,,,,,,,,,,,,1,,2,250,1000,2000,,,,,,1,,,,,,,,,,,,,,,,,,,
65,MEAN CELL HAEMOGLOBIN (MCH),,,,,,0,,,,,,3030000002,Lab,unit,,22,,,,,,,,,,,,1,,2,250,1000,2000,,,,,,1,,,,,,,,,,,,,,,,,,,
30,LACTATE DEHYDROGENASE (LDH),,,,,,0,,,,,,3030000004,Lab,unit,,41,,,,,,,,,,,,1,,2,700,1500,3000,,,,,,1,,,,,,,,,,,,,,,,,,,
31,CSF: CHLORIDE,,,,,,0,,,,,,3030000004,Lab,unit,,41,,,,,,,,3030000004,,,,,,2,450,1500,3000,,,,,,1,,,,,,,,,,,,,,,,,,,
32,CSF: PROTEIN ( TOTAL),,,,,,0,,,,,,3030000004,Lab,unit,,41,,,,,,,,3030000004,,,,,,2,450,1500,3000,,,,,,1,,,,,,,,,,,,,,,,,,,
33,CSF: GLUCOSE,,,,,,0,,,,,,3030000004,Lab,unit,,41,,,,,,,,3030000004,,,,,,2,450,1000,2000,,,,,,1,,,,,,,,,,,,,,,,,,,
34,B) URINALYSIS & MICROSCOPY (CHILDREN),,,,,,0,,M001,,,,3030000001,Lab,unit,,21,,,,,,"<p>none</p>
",,3000000008,,,,1,,2,350,1500,3000,,,,,,1,,,,,,,,,,,,,,,,,,,
35,UREA CLEARANCE,,,,,,0,,,,,,3030000004,Lab,unit,,41,,,,,,,,3030000004,,,,,,2,700,1500,3000,,,,,,1,,,,,,,,,,,,,,,,,,,
36,INORGANIC PHOSPHORUS,,,,,,0,,,,,,3030000004,Lab,unit,,41,,,,,,,,3030000004,,,,,,2,500,0,0,,,,,,1,,,,,,,,,,,,,,,,,,,
76,SICKLING TEST,,,,,,0,,,,,,3030000002,Lab,unit,,22,,,,,,"<p>MED LAB SCIENTIST COMMENT:</p>
",,3030000002,,,,,,2,400,0,0,,,,,,1,,,,,,,,,,,,,,,,,,,
77,DIRECT COOMB?S TEST,,,,,,0,,,,,,3030000002,Lab,unit,,22,,,,,,"<p>MED LAB SCIENTIST COMMENT:</p>
",,3030000002,,,,,,2,500,2000,4000,,,,,,1,,,,,,,,,,,,,,,,,,,
78,INDIRECT COOMB?S TEST,,,,,,0,,,,,,3030000002,Lab,unit,,22,,,,,,"<p>MED LAB SCIENTIST COMMENT:</p>
",,3030000002,,,,,,2,800,2000,4000,,,,,,1,,,,,,,,,,,,,,,,,,,
79,SCREENING OF DONOR BLOOD,,,,,,0,,,,,,3030000002,Lab,unit,,22,,,,,,"<p>MED LAB SCIENTIST COMMENT:</p>
",,3030000002,,,,,,2,3000,10000,20000,,,,,,1,,,,,,,,,,,,,,,,,,,
80,UNIT OF SCREENED,,,,,,0,,,,,,3030000002,Lab,unit,,22,,,,,,,,3030000002,,,,1,,2,7000,0,0,,,,,,1,,,,,,,,,,,,,,,,,,,
81,UNIT OF SCREENED RH- NEGATI...,,,,,,0,,,,,,3030000002,Lab,unit,,22,,,,,,,,3030000002,,,,1,,2,10000,0,0,,,,,,1,,,,,,,,,,,,,,,,,,,
83,LE CELLS,,,,,,0,,,,,,3030000002,Lab,unit,,22,,,,,,,,3030000002,,,,,,2,1000,0,0,,,,,,1,,,,,,,,,,,,,,,,,,,
84,G-6-PD SCREENING,,,,,,0,,,,,,3030000002,Lab,unit,,22,,,,,,,,3030000002,,,,,,2,2000,0,0,,,,,,1,,,,,,,,,,,,,,,,,,,
85,OSMOTIC FRAGILITY,,,,,,0,,,,,,3030000002,Lab,unit,,22,,,,,,,,3030000002,,,,,,2,800,0,0,,,,,,1,,,,,,,,,,,,,,,,,,,
86,COAGULATION PROFILE,,,,,,0,,,,,,3030000002,Lab,unit,,22,,,,,,,,3030000002,,,,,,2,5000,3000,6000,,,,,,1,,,,,,,,,,,,,,,,,,,
134,ALPHA-FETO PROTEIN (AFP),,,,,,0,,,,,,3030000001,Lab,unit,,21,,,,,,,,3030000002,,,,,,2,3000,0,0,,,,,,1,,,,,,,,,,,,,,,,,,,
135,TISSUE BIOPSY,,,,,,0,,,,,,3030000003,Lab,unit,,42,,,,,,,,3030000003,,,,,,2,4500,7500,15000,,,,,,1,,,,,,,,,,,,,,,,,,,
136,LYMPH NODES BIOPSY,,,,,,0,,,,,,3030000003,Lab,unit,,42,,,,,,,,,,,,1,,2,4500,7500,15000,,,,,,1,,,,,,,,,,,,,,,,,,,
137,PAP SMEAR,,,,,,0,,,,,,3030000003,Lab,unit,,42,,,,,,,,3030000003,,,,,,2,4000,2500,5000,,,,,,1,,,,,,,,,,,,,,,,,,,
138,FINE NEEDLE ASPIRATION,,,,,,0,,,,,,3030000003,Lab,unit,,42,,,,,,"<p>test test</p>
",,3030000003,,,,,,2,4000,2500,5000,,,,,,1,,,,,,,,,,,,,,,,,,,
6576,Paracetamol 125mg/ml,,Add Item to Watch List,,0,,,,,,,,3010000001,Pharmacy,,,248,,Syr,,,,,,,,,1,,0,0,,,,,1,,,Drugs,1,Packs,Tablet,,,,,,,,,,,,,,,,,
6580,REGISTRATION-NHIS,,,,,,,,42000193,,,,3000000025,Services,Unit,,997,Other,,,,,,,,,,,,,0,,,,,,,,,1,,,,,,4253,22-Sep-23,,,,,,,,,,,,
6582,Tab. Ibuprofen 400mg,,Add Item to Watch List,,0,,,,,,,,3010000001,Pharmacy,,,248,,Tab,,,,,,,,,1,1,0,0,,,,,1,,,Drugs,1,Packs,Tablet,,,,,,,,,,,,,,,,,
6592,Tab. Risperidone 0.5mg x 30,,Add Item to Watch List,,0,,,,,,,,3010000001,Pharmacy,,,1025,,Tab,,,,,,,,,1,1,0,0,,,,,1,,,Drugs,1,Packs,Tablet,,,,,,,,,,,,,,,,,
6817, Chlorpromazine 50mg,,Add Item to Watch List,,0,,,,,,,,3010000001,Pharmacy,,,441,,Inj,,,,,,,,,1,1,1,0,,,,,1,,,Drugs,1,Packs,Tablet,,,,,,,,,,,,,,,,,
6866,Biperiden,,Add Item to Watch List,,0,,,,,,,,3010000001,Pharmacy,,,430,,Inj,,,,,,,,,1,1,0,0,,,,,1,,,Drugs,1,Packs,Amp,,,,,,,,,,,,,,,,,
6890,Ciprofloxacin,,Add Item to Watch List,1,0,,,,,,,,3010000001,Pharmacy,,,1022,,Inj,,,,,,,,,1,1,0,0,,,,,1,,,Drugs,1,Packs,Amp,,,,,,,,,,,,,,,,,
6901, Paractamol,,Add Item to Watch List,1,0,,,,,,,,3010000001,Pharmacy,,,248,,Syr,,,,,,,,,1,1,0,0,,,,,1,,,Drugs,1,Bottle,Bottle,,,,,,,,,,,,,,,,,
6903,Neurovite Forte,,Add Item to Watch List,,0,,,,,,,,3010000001,Pharmacy,,,1030,,Tab,,,,,,,,,1,1,0,0,,,,,1,,,Drugs,1,Packs,Tablet,,,,,,,,,,,,,,,,,
6908,Calcium Lactate,,Add Item to Watch List,,0,,,,,,,,3010000001,Pharmacy,,,1030,,Tab,,,,,,,,,,1,0,0,,,,,1,,,Drugs,1,Packs,Tablet,,,,,,,,,,,,,,,,,
6915, Zuclopenthixol Decanoate ,,,1,0,,,,,,,,3010000001,Pharmacy,,,248,,Inj,,,,,,,,,1,1,1,0,,,,,1,,,Drugs,1,Packs,Amp,,,,,,,,,,,,,,,,,
6919, Nat B (Vitamin B Formula),,Add Item to Watch List,1,0,,,,,,,,3010000001,Pharmacy,,,1030,,Tab,,,,,,,,,1,1,0,0,,,,,1,,,Drugs,1,Packs,Tablet,,,,,,,,,,,,,,,,,
6963,LACERATION REPAIR- CERVICAL (BOOKED)  -  O & G,,,,,,,,42000164,,,,3000000025,Services,Unit,,970,Other,,,,,,,,,,,,,0,,,,,,,,,1,,,,,,4254,22-Sep-23,,,,,,,,,,,,
6964,IQ ASSESSMENT- PSY,,,,,,,,,,,,3000000020,Radiology,,,866,,,,,,,,3000000020,,,,,,0,,,,,,,,,1,,,,,,,,,,,,,,,,,,,
6972,PSYCHOLOGY THERAPY SESSIONS,,,,,,,,,,,,3000000020,Services,Unit,,154,Other,,,,,,,,,,,,,0,,,,,,,,,1,,,,,,1,22-Sep-23,,,,,,,,,,,,
87,HIV SCREENING,,,,,,0,,2331,,,,3030000002,Lab,unit,,22,,,,,,"<p>MED LAB SCIENTIST COMMENT:</p>
",,3030000002,,,,0,,2,1600,3000,6000,,,,,,1,,,,,,,,,,,,,,,,,,,
88,HIV CONFIRMATORY TEST,,,,,,0,,,,,,3030000002,Lab,unit,,22,,,,,,,,,,,,1,,2,4800,0,0,,,,,,1,,,,,,,,,,,,,,,,,,,
89,A) CD4 COUNT,,,,,,0,,,,,,3030000002,Lab,unit,,22,,,,,,,,,,,,1,,2,4000,0,0,,,,,,1,,,,,,,,,,,,,,,,,,,
90,B) VIRAL LOAD,,,,,,0,,,,,,3030000002,Lab,unit,,22,,,,,,,,,,,,1,,2,5000,0,0,,,,,,1,,,,,,,,,,,,,,,,,,,
91,BONE MARROW EXAMINATION,,,,,,0,,,,,,3030000002,Lab,unit,,22,,,,,,,,,,,,1,,2,5000,0,0,,,,,,1,,,,,,,,,,,,,,,,,,,
92,PACKED CELL VOLUME (PCV) ONLY,,,,,,0,,,,,,3030000002,Lab,unit,,22,,,,,,"<p>none</p>
",,,,,,1,,2,400,1000,2000,,,,,,1,,,,,,,,,,,,,,,,,,,
93,HAEMOGLOBIN (HB) ONLY,,,,,,0,,,,,,3030000002,Lab,unit,,22,,,,,,,,,,,,1,,2,400,1000,2000,,,,,,1,,,,,,,,,,,,,,,,,,,
94,WHITE CELL COUNT (WBC) ONLY,,,,,,0,,,,,,3030000002,Lab,unit,,22,,,,,,,,,,,,1,,2,400,1000,2000,,,,,,1,,,,,,,,,,,,,,,,,,,
95,HEPATITIS B SURFACE ANTIGEN,,,,,,0,,,,,,3030000002,Lab,unit,,22,,,,,,"<p>NONE</p>
",,3030000002,,,,0,,2,800,2000,4000,,,,,,1,,,,,,,,,,,,,,,,,,,
96,HEPATITIS CONFIRMATORY TEST,,,,,,0,,,,,,3030000002,Lab,unit,,22,,,,,,"<p>MED LAB SCIENTIST COMMENT:</p>
",,3030000002,,,,0,,2,2500,3000,6000,,,,,,1,,,,,,,,,,,,,,,,,,,
97,HEPATITIS C ANTIGEN (HBCAG),,,,,,0,,,,,,3030000002,Lab,unit,,22,,,,,,"<p>MED LAB SCIENTIST COMMENT:</p>
",,3030000002,,,,0,,2,800,2000,4000,,,,,,1,,,,,,,,,,,,,,,,,,,
98,DIFFERENTIAL WHITE CELL COUNT ONLY,,,,,,0,,,,,,3030000002,Lab,unit,,22,,,,,,"<p>MED LAB SCIENTIST COMMENT:</p>
",,3030000002,,,,0,,2,450,3000,6000,,,,,,1,,,,,,,,,,,,,,,,,,,
99,URINE ANALYSIS (DIP STICK),,,,,,0,,,,,,3030000001,Lab,unit,,21,,,,,,"<p>MED LAB SCI COMMENT:</p>
",,3030000001,,,,0,,2,,,0,,,,,,1,,,,,,,,,,,,,,,,,,,
100,A) MICROSCOPY,,,,,,0,,,,,,3030000001,Lab,unit,,21,,,,,,"<p>none</p>
",,,,,,1,,2,350,1000,2000,,,,,,1,,,,,,,,,,,,,,,,,,,
101,URINALYSIS & MICROSCOPY,,,,,,0,,M0004,,,,3030000001,Lab,unit,,21,,,,,,"<p>MED LAB SCIENTIST COMMENT:&nbsp;</p>
",,3030000001,,,,0,,2,350,1500,3000,,,,,,1,,,,,,,,,,,,,,,,,,,
103,A) MICROSCOPY R/E ONLY,,,,,,0,,,,,,3030000001,Lab,unit,,21,,,,,,,,,,,,1,,2,350,1500,3000,,,,,,1,,,,,,,,,,,,,,,,,,,
106,VDRL,,,,,,0,,HEA004,,,,3030000002,Lab,unit,,22,,,,,,"<p>none</p>
",,3000000008,,,,,,2,600,2000,4000,,,,,,1,,,,,,,,,,,,,,,,,,,
107,RHEUMATIOD FACTOR,,,,,,0,,,,,,3030000001,Lab,unit,,21,,,,,,,,3030000001,,,,0,,2,500,2000,4000,,,,,,1,,,,,,,,,,,,,,,,,,,
108,ANTI-STREPTOLYSIN O TITRE,,,,,,0,,,,,,3030000001,Lab,unit,,21,,,,,,,,3030000001,,,,,,2,600,0,0,,,,,,1,,,,,,,,,,,,,,,,,,,
109,C) OCCULT BLOOD-FECAL,,,,,,0,,,,,,3030000001,Lab,unit,,21,,,,,,"<p>NONE</p>
",,3030000001,,,,,,2,600,2000,4000,,,,,,1,,,,,,,,,,,,,,,,,,,
110,A) CULTURE & SENSITIVITY (SPUTUM),,,,,,0,,M1100,,,,3030000001,Lab,unit,,21,,,,,,"<p>TEST NAME: CULTURE AND SENSITIVITY</p>

<p>CULTURE; 1.</p>

<p>&nbsp; &nbsp; &nbsp; &nbsp; &nbsp; &nbsp; &nbsp; &nbsp; &nbsp;&nbsp; 2.</p>

<p>&nbsp; &nbsp; &nbsp; &nbsp; &nbsp; &nbsp; &nbsp; &nbsp; &nbsp; &nbsp; 3.</p>

<p>&nbsp; &nbsp; <u><strong>&nbsp;ANTIBIOTICS&nbsp;</strong></u>&nbsp; &nbsp; &nbsp; &nbsp; &nbsp; &nbsp; &nbsp; &nbsp;&nbsp;&nbsp;1&nbsp; &nbsp;2 &nbsp; 3&nbsp; &nbsp; &nbsp;<u><strong>&nbsp;ANTIBIOTICS&nbsp;</strong></u> &nbsp; &nbsp; &nbsp; &nbsp;1&nbsp; 2&nbsp; 3 &nbsp; <u><strong>&nbsp;ANTIBIOTICS</strong></u><strong>&nbsp; &nbsp;</strong>1 &nbsp; 2&nbsp; 3&nbsp; &nbsp; &nbsp;<u><strong>ANTIFUNGAL</strong></u>&nbsp; &nbsp; &nbsp;&nbsp; 1 &nbsp; 2&nbsp; 3</p>

<table border=""1"" cellpadding=""1"" cellspacing=""1"">
	<tbody>
		<tr>
			<td>GENTAMYCIN</td>
			<td>&nbsp; &nbsp;</td>
			<td>&nbsp; &nbsp; &nbsp;&nbsp;</td>
			<td>&nbsp; &nbsp;&nbsp;</td>
			<td>&nbsp;CEFOTAXIME</td>
			<td>&nbsp; &nbsp;&nbsp;</td>
			<td>&nbsp;&nbsp;</td>
			<td>&nbsp;&nbsp;</td>
			<td>DAPTOMYCIN</td>
			<td>&nbsp;&nbsp;</td>
			<td>&nbsp; &nbsp;&nbsp;</td>
			<td>&nbsp; &nbsp;&nbsp;</td>
			<td>&nbsp;</td>
			<td>&nbsp;</td>
			<td>&nbsp;</td>
			<td>&nbsp;</td>
		</tr>
		<tr>
			<td>TOBRAMYCIN</td>
			<td>&nbsp;&nbsp;</td>
			<td>&nbsp;</td>
			<td>&nbsp;</td>
			<td>TRIMETHOPRIM</td>
			<td>&nbsp;</td>
			<td>&nbsp;</td>
			<td>&nbsp;&nbsp;</td>
			<td>DOXYCYCLINE</td>
			<td>&nbsp;</td>
			<td>&nbsp;</td>
			<td>&nbsp;</td>
			<td>&nbsp;</td>
			<td>&nbsp;</td>
			<td>&nbsp;</td>
			<td>&nbsp;</td>
		</tr>
		<tr>
			<td>CHLORAMPHENICOL</td>
			<td>&nbsp;</td>
			<td>&nbsp;</td>
			<td>&nbsp;</td>
			<td>MEROPENEN</td>
			<td>&nbsp;</td>
			<td>&nbsp;</td>
			<td>&nbsp;</td>
			<td>TETRACYCLINE</td>
			<td>&nbsp;</td>
			<td>&nbsp;</td>
			<td>&nbsp;</td>
			<td>&nbsp;</td>
			<td>&nbsp;</td>
			<td>&nbsp;</td>
			<td>&nbsp;</td>
		</tr>
		<tr>
			<td>AMOXICILLIN/CA</td>
			<td>&nbsp;</td>
			<td>&nbsp;</td>
			<td>&nbsp;</td>
			<td>CEFTAZIDINE</td>
			<td>&nbsp;</td>
			<td>&nbsp;</td>
			<td>&nbsp;</td>
			<td>LINEZOLID</td>
			<td>&nbsp;</td>
			<td>&nbsp;</td>
			<td>&nbsp;</td>
			<td>&nbsp;</td>
			<td>&nbsp;</td>
			<td>&nbsp;</td>
			<td>&nbsp;</td>
		</tr>
		<tr>
			<td>CIPROFLOXACIN</td>
			<td>&nbsp;</td>
			<td>&nbsp;</td>
			<td>&nbsp;</td>
			<td>MOXIFLOXACIN</td>
			<td>&nbsp;</td>
			<td>&nbsp;</td>
			<td>&nbsp;</td>
			<td>LEVOFLOXACIN</td>
			<td>&nbsp;</td>
			<td>&nbsp;</td>
			<td>&nbsp;</td>
			<td>&nbsp;</td>
			<td>&nbsp;</td>
			<td>&nbsp;</td>
			<td>&nbsp;</td>
		</tr>
		<tr>
			<td>LEVOFLOXACIN</td>
			<td>&nbsp;</td>
			<td>&nbsp;</td>
			<td>&nbsp;</td>
			<td>CLARITHROMYCIN</td>
			<td>&nbsp;</td>
			<td>&nbsp;</td>
			<td>&nbsp;</td>
			<td>ANPICLOX</td>
			<td>&nbsp;</td>
			<td>&nbsp;</td>
			<td>&nbsp;</td>
			<td>&nbsp;</td>
			<td>&nbsp;</td>
			<td>&nbsp;</td>
			<td>&nbsp;</td>
		</tr>
		<tr>
			<td>IMIPENEM</td>
			<td>&nbsp;</td>
			<td>&nbsp;</td>
			<td>&nbsp;</td>
			<td>ERYTHROMYCIN</td>
			<td>&nbsp;</td>
			<td>&nbsp;</td>
			<td>&nbsp;</td>
			<td>CEFEXIME</td>
			<td>&nbsp;</td>
			<td>&nbsp;</td>
			<td>&nbsp;</td>
			<td>&nbsp;</td>
			<td>&nbsp;</td>
			<td>&nbsp;</td>
			<td>&nbsp;</td>
		</tr>
		<tr>
			<td>AMPICILLIN/SULBACTAM</td>
			<td>&nbsp;</td>
			<td>&nbsp;</td>
			<td>&nbsp;</td>
			<td>CLINDAMYCIN</td>
			<td>&nbsp;</td>
			<td>&nbsp;</td>
			<td>&nbsp;</td>
			<td>CEFOTAXIME</td>
			<td>&nbsp;</td>
			<td>&nbsp;</td>
			<td>&nbsp;</td>
			<td>&nbsp;</td>
			<td>&nbsp;</td>
			<td>&nbsp;</td>
			<td>&nbsp;</td>
		</tr>
		<tr>
			<td>CEFUROXIME</td>
			<td>&nbsp;</td>
			<td>&nbsp;</td>
			<td>&nbsp;</td>
			<td>AZITHROMYCIN</td>
			<td>&nbsp;</td>
			<td>&nbsp;</td>
			<td>&nbsp;</td>
			<td>IMIPENEM</td>
			<td>&nbsp;</td>
			<td>&nbsp;</td>
			<td>&nbsp;</td>
			<td>&nbsp;</td>
			<td>&nbsp;</td>
			<td>&nbsp;</td>
			<td>&nbsp;</td>
		</tr>
		<tr>
			<td>AMIKACIN</td>
			<td>&nbsp;</td>
			<td>&nbsp;</td>
			<td>&nbsp;</td>
			<td>&nbsp;</td>
			<td>&nbsp;</td>
			<td>&nbsp;</td>
			<td>&nbsp;</td>
			<td>&nbsp;</td>
			<td>&nbsp;</td>
			<td>&nbsp;</td>
			<td>&nbsp;</td>
			<td>&nbsp;</td>
			<td>&nbsp;</td>
			<td>&nbsp;</td>
			<td>&nbsp;</td>
		</tr>
	</tbody>
</table>
",,3030000001,,,,0,,2,1500,8000,16000,,,,,,1,,,,,,,,,,,,,,,,,,,
6976,PSYCHOLOGY INDIVIDUAL DRUG EDUCATION,,,,,,,,,,,,3000000020,Services,Unit,,154,Other,,,,,,,,,,,,,0,,,,,,,,,1,,,,,,1,22-Sep-23,,,,,,,,,,,,
6977,PSYCHOLOGICAL REVIEW WITHOUT TEST,,,,,,,,,,,,3000000020,Services,Unit,,154,Other,,,,,,,,,,,,,0,,,,,,,,,1,,,,,,1,22-Sep-23,,,,,,,,,,,,
7216,flupenthixol 20mg,,,,0,,,,,,,,3010000001,Pharmacy,,,441,,Inj,,,,,,,,,10,1,0,0,,,,,0,,,Drugs,1,Packs,Amp,,,,,,,,,,,,,,,,,
7230,UTILITY CHARGES FEE-MICRO,,,,,,,,099,,,,3030000001,Lab,,,21,,,,,,"<p>MED LAB SCI COMMENT:</p>
",,3030000001,,,,,,0,,,,,,,,,1,,,,,,,,,,,,,,,,,,,
7231,UTILITY CHARGES FEE-CHEM,,,,,,,,9887,,,,3030000004,Lab,,,41,,,,,,"<p>MED LAB SCI COMMENT:</p>
",,3030000004,,,,,,0,,,,,,,,,1,,,,,,,,,,,,,,,,,,,
7232,UTILITY CHARGES FEE-HAEMA,,,,,,,,090,,,,3030000002,Lab,,,22,,,,,,"<p>LAB SCI COMMENT:</p>
",,3030000002,,,,,,0,,,,,,,,,1,,,,,,,,,,,,,,,,,,,
7436,Dispersible ACT 20/120mg X12,,Add Item to Watch List,,0,,,,,,,,3010000001,Pharmacy,,,410,,Tab,,,,,,,,,24,1,0,0,,,,,1,,,Drugs,1,Sachet,Tablet,,,,,,,,,,,,,,,,,
7437,Dispersible ACT 20/120mg X18,,Add Item to Watch List,1,0,,,,,,,,3010000001,Pharmacy,,,410,,Tab,,,,,,,,,24,1,0,0,,,,,1,,,Drugs,1,Sachet,Tablet,,,,,,,,,,,,,,,,,
7448,AMBULANCE FEE-(NON CRITICAL CASES WITH OXYGEN FROM NHIS TO HOSPITAL WITHIN ABEOKUTA,,,,,,,,,,,,3000000007,Services,Unit,,1002,Other,,,,,,,,,,,,,0,,,,,,,,,1,,,,,,4624,10-Feb-24,,,,,,,,,,,,
7449,AMBULANCE FEE- ( CRITICAL CASES WITHOUT OXYGEN FROM NHIS TO HOSPITAL WITHIN ABEOKUTA,,,,,,,,,,,,3000000007,Services,Unit,,1002,Other,,,,,,,,,,,,,0,,,,,,,,,1,,,,,,4624,10-Feb-24,,,,,,,,,,,,
7450,AMBULANCE FEE- ( CRITICAL CASES WITH OXYGEN FROM NHIS TO HOSPITAL WITHIN ABEOKUTA,,,,,,,,,,,,3000000007,Services,Unit,,1002,Other,,,,,,,,,,,,,0,,,,,,,,,1,,,,,,4624,10-Feb-24,,,,,,,,,,,,
4530,HCG,,,,,,0,,4556,,,,3000000008,Lab,,,806,,,,,,"<p>Lab Scientist Comment</p>

<p>&nbsp;</p>

<p>Consultant Comment</p>
",,3000000008,,,,0,,2,,,,,,,,,1,,,,,,,,,,,,,,,,,,,
4627,HIVstopped,,,,,,0,,5666,,,,3030000002,Lab,,,827,,,,,,"<p>MED LAB SCI COMMENT</p>

<p>&nbsp;</p>

<p>&nbsp;</p>
",,3000000008,,,,1,,2,,,,,,,,,1,,,,,,,,,,,,,,,,,,,
4630,HIV,,,,,,0,,807,,,,3030000002,Lab,,,827,,,,,,"<p>Med Lab Scientist&#39;s comment</p>

<p>&nbsp;</p>
",,3030000002,,,,0,,2,,,,,,,,,1,,,,,,,,,,,,,,,,,,,
4636,H.PYLORI,,,,,,0,,600,,,,3030000001,Lab,,,827,,,,,,,,3030000001,,,,,,2,,,,,,,,,1,,,,,,,,,,,,,,,,,,,
4710,Psychological Assessment- PSY,,,,,,0,,,,,,3000000020,Radiology,,,866,,,,,,"<p style=""text-align:center""><span style=""font-size:11pt""><span style=""font-family:Calibri,sans-serif""><span style=""font-size:14.0pt""><span style=""font-family:&quot;Times New Roman&quot;,serif"">INTAKE INTERVIEW TEMPLATE</span></span></span></span></p>

<p><strong><span style=""font-size:14.0pt""><span style=""font-family:&quot;Times New Roman&quot;,serif"">&nbsp; &nbsp; &nbsp;BIO DATA</span></span></strong></p>

<p style=""margin-left:48px""><span style=""font-size:14.0pt""><span style=""font-family:&quot;Times New Roman&quot;,serif"">Name </span></span></p>

<p style=""margin-left:48px""><span style=""font-size:14.0pt""><span style=""font-family:&quot;Times New Roman&quot;,serif"">Sex</span></span></p>

<p style=""margin-left:48px""><span style=""font-size:14.0pt""><span style=""font-family:&quot;Times New Roman&quot;,serif"">DOB</span></span></p>

<p style=""margin-left:48px""><span style=""font-size:14.0pt""><span style=""font-family:&quot;Times New Roman&quot;,serif"">DO Testing</span></span></p>

<p style=""margin-left:48px""><span style=""font-size:14.0pt""><span style=""font-family:&quot;Times New Roman&quot;,serif"">Chrono Age</span></span></p>

<p style=""margin-left:48px""><span style=""font-size:14.0pt""><span style=""font-family:&quot;Times New Roman&quot;,serif"">Mental Age</span></span></p>

<p style=""margin-left:48px""><span style=""font-size:14.0pt""><span style=""font-family:&quot;Times New Roman&quot;,serif"">Marital Status</span></span></p>

<p style=""margin-left:48px""><span style=""font-size:14.0pt""><span style=""font-family:&quot;Times New Roman&quot;,serif"">Occupation</span></span></p>

<p style=""margin-left:48px""><span style=""font-size:14.0pt""><span style=""font-family:&quot;Times New Roman&quot;,serif"">Education</span></span></p>

<p style=""margin-left:48px""><span style=""font-size:14.0pt""><span style=""font-family:&quot;Times New Roman&quot;,serif"">Religion</span></span></p>

<p style=""margin-left:48px""><span style=""font-size:14.0pt""><span style=""font-family:&quot;Times New Roman&quot;,serif"">Ethnic Group</span></span></p>

<p style=""margin-left:48px""><span style=""font-size:14.0pt""><span style=""font-family:&quot;Times New Roman&quot;,serif"">Referred by</span></span></p>

<p style=""margin-left:48px""><span style=""font-size:14.0pt""><span style=""font-family:&quot;Times New Roman&quot;,serif"">Reasons for referral</span></span></p>

<p style=""margin-left:48px""><span style=""font-size:14.0pt""><span style=""font-family:&quot;Times New Roman&quot;,serif"">Tests Administered</span></span></p>

<p style=""margin-left:48px"">&nbsp;</p>

<ul>
	<li><strong><span style=""font-size:14.0pt""><span style=""font-family:&quot;Times New Roman&quot;,serif"">BROUGHT BY</span></span></strong></li>
</ul>

<p style=""margin-left:48px"">&nbsp;</p>

<ul>
	<li><strong><span style=""font-size:14.0pt""><span style=""font-family:&quot;Times New Roman&quot;,serif"">PRESENTING COMPLAINTS</span></span></strong></li>
</ul>

<p style=""margin-left:48px"">&nbsp;</p>

<ul>
	<li><strong><span style=""font-size:14.0pt""><span style=""font-family:&quot;Times New Roman&quot;,serif"">BACK GROUND INFORMATION &amp; PSY DIAGNOSIS</span></span></strong></li>
</ul>

<p style=""margin-left:48px"">&nbsp;</p>

<ul>
	<li><strong><span style=""font-size:14.0pt""><span style=""font-family:&quot;Times New Roman&quot;,serif"">PHYSICAL DESCRIPTION</span></span></strong></li>
	<li><strong><span style=""font-size:14.0pt""><span style=""font-family:&quot;Times New Roman&quot;,serif"">FAMILY HISTORY</span></span></strong></li>
</ul>

<ul>
	<li><strong><span style=""font-size:14.0pt""><span style=""font-family:&quot;Times New Roman&quot;,serif"">DEVELOPMENTAL HISTORY</span></span></strong></li>
	<li><strong><span style=""font-size:14.0pt""><span style=""font-family:&quot;Times New Roman&quot;,serif"">EDUCATIONAL HISTORY</span></span></strong></li>
	<li><strong><span style=""font-size:14.0pt""><span style=""font-family:&quot;Times New Roman&quot;,serif"">OCCUPATIONAL HISTORY</span></span></strong></li>
	<li><strong><span style=""font-size:14.0pt""><span style=""font-family:&quot;Times New Roman&quot;,serif"">PSYCHOSEXUAL HISTORY</span></span></strong></li>
</ul>

<p style=""margin-left:48px"">&nbsp;</p>

<ul>
	<li><strong><span style=""font-size:14.0pt""><span style=""font-family:&quot;Times New Roman&quot;,serif"">DRUG HISTORY</span></span></strong></li>
	<li><strong><span style=""font-size:14.0pt""><span style=""font-family:&quot;Times New Roman&quot;,serif"">FORENSIC HISTORY</span></span></strong></li>
	<li><strong><span style=""font-size:14.0pt""><span style=""font-family:&quot;Times New Roman&quot;,serif"">ASSESSMENT FOR SUICIDAL INTENT</span></span></strong></li>
	<li><strong><span style=""font-size:14.0pt""><span style=""font-family:&quot;Times New Roman&quot;,serif"">PREMORBID PERSONALITY</span></span></strong></li>
</ul>

<ul>
	<li><strong><span style=""font-size:14.0pt""><span style=""font-family:&quot;Times New Roman&quot;,serif"">MENTAL STATE EXAMINATION</span></span></strong></li>
	<li><strong><span style=""font-size:14.0pt""><span style=""font-family:&quot;Times New Roman&quot;,serif"">TEST RESULT</span></span></strong></li>
	<li><strong><span style=""font-size:14.0pt""><span style=""font-family:&quot;Times New Roman&quot;,serif"">RECOMMENDATION </span></span></strong></li>
</ul>
",,3000000020,,,,,,0,,,,,,,,,1,,,,,,,,,,,,,,,,,,,
4770,Finger Xray,,,,,,0,,,,,,3000000003,Radiology,,,123,,,,,,,,3000000003,,,,,,2,,,,,,,,,1,,,,,,,,,,,,,,,,,,,
4771,Post Nasal Space,,,,,,0,,,,,,3000000003,Radiology,,,123,,,,,,,,3000000003,,,,,,0,,,,,,,,,1,,,,,,,,,,,,,,,,,,,
4772,finger x-ray,,,,,,0,,,,,,3000000003,Radiology,,,123,,,,,,"<p>tte</p>
",,3000000003,,,,,,2,,,,,,,,,1,,,,,,,,,,,,,,,,,,,
4773,chest ,,,,,,0,,,,,,3000000003,Radiology,,,123,,,,,,,,3000000003,,,,,,0,,,,,,,,,1,,,,,,,,,,,,,,,,,,,
4881,RBS,,,,,,0,,1001,,,,3030000004,Lab,,,41,,,,,,"<p>SET</p>
",,3030000004,,,,1,,2,,,,,,,,,1,,,,,,,,,,,,,,,,,,,
5010,Tooth Cleaning,,,,,,0,,,,,,3000000003,Radiology,,,123,,,,,,,,3000000003,,,,,,2,,,,,,,,,1,,,,,,,,,,,,,,,,,,,
4250,TEST,,,,,,0,,,,,,3020000007,Lab,,,41,,,,,,"<p>TEST</p>
",,3000000007,,,,1,,0,,,,,,,,,1,,,,,,,,,,,,,,,,,,,
4279,FF-1,,,,,,0,,FF-1,,,,3000000003,Radiology,,,123,,,,,,,,3000000003,,,,,,0,,,,,,,,,1,,,,,,,,,,,,,,,,,,,
4592,COVID 19 PCR,,,,,,0,,667,,,,3000000008,Lab,,,826,,,,,,"<p>MED LAB SCI COMMENT</p>

<p>&nbsp;</p>

<p>&nbsp;</p>
",,3000000008,,,,1,,2,,,,,,,,,1,,,,,,,,,,,,,,,,,,,
4599,Covid 19 PCR,,,,,,0,,003,,,,3000000008,Lab,,,826,,,,,,,,3000000008,,,,,,2,,,,,,,,,1,,,,,,,,,,,,,,,,,,,
4602,covid 19 pcr,,,,,,0,,sm001,,,,3000000008,Lab,,,826,,,,,,,,3000000008,,,,1,,2,,,,,,,,,1,,,,,,,,,,,,,,,,,,,
4637,hiv,,,,,,0,,1567,,,,3030000002,Lab,,,827,,,,,,,,3000000008,,,,1,,0,,,,,,,,,1,,,,,,,,,,,,,,,,,,,
4791,Speech Therapy Adult 20 above,,,,,,0,,,,,,3000000020,Radiology,,,966,,,,,,"<p style=""text-align:center"">&nbsp;</p>

<p style=""text-align:center""><span style=""font-size:11pt""><span style=""font-family:Calibri,sans-serif""><strong><em><span style=""font-size:12.0pt""><span style=""font-family:&quot;Times New Roman&quot;,serif""><span style=""color:red"">SPEECH THERAPY ASSESSMENT FORM</span></span></span></em></strong></span></span></p>

<p>&nbsp;</p>

<p>&nbsp;</p>

<p><span style=""font-size:11pt""><span style=""font-family:Calibri,sans-serif""><em><span style=""font-size:12.0pt""><span style=""font-family:&quot;Times New Roman&quot;,serif"">SPEECH THERAPIST IN CHARGE: </span></span></em></span></span></p>

<p><span style=""font-size:11pt""><span style=""font-family:Calibri,sans-serif""><em><span style=""font-size:12.0pt""><span style=""font-family:&quot;Times New Roman&quot;,serif"">CONTACT ADDRESS: </span></span></em></span></span></p>

<p><span style=""font-size:11pt""><span style=""font-family:Calibri,sans-serif""><em><span style=""font-size:12.0pt""><span style=""font-family:&quot;Times New Roman&quot;,serif"">DATE OF ASSESSMENT: </span></span></em></span></span></p>

<p>&nbsp;</p>

<p><span style=""font-size:11pt""><span style=""font-family:Calibri,sans-serif""><strong><em><span style=""font-size:14.0pt""><span style=""font-family:&quot;Times New Roman&quot;,serif"">REASON FOR REFERRAL:</span></span></em></strong></span></span></p>

<p>&nbsp;</p>

<p style=""margin-left:48px"">&nbsp;</p>

<p><span style=""font-size:11pt""><span style=""font-family:Calibri,sans-serif""><strong><em><span style=""font-size:14.0pt""><span style=""font-family:&quot;Times New Roman&quot;,serif"">Presenting complaints / baseline current speech report:</span></span></em></strong></span></span></p>

<p><span style=""font-size:11pt""><span style=""font-family:Calibri,sans-serif""><strong><em><span style=""font-size:14.0pt""><span style=""font-family:&quot;Times New Roman&quot;,serif"">Shade as appropriate</span></span></em></strong></span></span></p>

<p><span style=""font-size:11pt""><span style=""font-family:Calibri,sans-serif""><strong><em><span style=""font-size:14.0pt""><span style=""font-family:&quot;Times New Roman&quot;,serif"">&nbsp;&nbsp; &nbsp;&nbsp;&nbsp;&nbsp;Non-verbal&nbsp;&nbsp;&nbsp;&nbsp;&nbsp;&nbsp;&nbsp;&nbsp;&nbsp;&nbsp;&nbsp;&nbsp;&nbsp; Vocalization&nbsp;&nbsp;&nbsp;&nbsp;&nbsp;&nbsp;&nbsp;&nbsp; &nbsp;&nbsp;&nbsp;&nbsp;&nbsp;&nbsp;&nbsp;&nbsp;&nbsp; Echolalia</span></span></em></strong></span></span></p>

<p><span style=""font-size:11pt""><span style=""font-family:Calibri,sans-serif""><strong><em><span style=""font-size:14.0pt""><span style=""font-family:&quot;Times New Roman&quot;,serif"">&nbsp;&nbsp;&nbsp; &nbsp;&nbsp;&nbsp;&nbsp;Sign language&nbsp;&nbsp;&nbsp;&nbsp;&nbsp;&nbsp;&nbsp; &nbsp;&nbsp;&nbsp;&nbsp; Assistive technology&nbsp;&nbsp;&nbsp;&nbsp;&nbsp;&nbsp;&nbsp;&nbsp;&nbsp;&nbsp;&nbsp;&nbsp; &nbsp;Single word request</span></span></em></strong></span></span></p>

<p><span style=""font-size:11pt""><span style=""font-family:Calibri,sans-serif""><strong><em><span style=""font-size:14.0pt""><span style=""font-family:&quot;Times New Roman&quot;,serif"">&nbsp;&nbsp;&nbsp;&nbsp;&nbsp;&nbsp;&nbsp; Stammering&nbsp;&nbsp;&nbsp;&nbsp;&nbsp;&nbsp;&nbsp;&nbsp;&nbsp;&nbsp;&nbsp;&nbsp; &nbsp;&nbsp;&nbsp;&nbsp;&nbsp;Distorted speech&nbsp;&nbsp;&nbsp;&nbsp;&nbsp;&nbsp;&nbsp;&nbsp;&nbsp;&nbsp;&nbsp;&nbsp;&nbsp;&nbsp;&nbsp;&nbsp; &nbsp;&nbsp;&nbsp;Articulatory errors</span></span></em></strong></span></span></p>

<p><span style=""font-size:11pt""><span style=""font-family:Calibri,sans-serif""><strong><em><span style=""font-size:14.0pt""><span style=""font-family:&quot;Times New Roman&quot;,serif"">&nbsp; &nbsp;&nbsp;&nbsp;&nbsp;&nbsp;&nbsp;Swallowing disorder</span></span></em></strong></span></span></p>

<table cellspacing=""0"" class=""MsoTableGrid"" style=""border-collapse:collapse; border:none"">
	<tbody>
		<tr>
			<td style=""border-bottom:1px solid black; border-left:1px solid black; border-right:1px solid black; border-top:1px solid black; vertical-align:top; width:301px"">
			<p><span style=""font-size:11pt""><span style=""font-family:Calibri,sans-serif""><span style=""font-size:12.0pt""><span style=""font-family:&quot;Times New Roman&quot;,serif"">Has difficulty imitating speech sounds</span></span></span></span></p>
			</td>
			<td style=""border-bottom:1px solid black; border-left:none; border-right:1px solid black; border-top:1px solid black; vertical-align:top; width:301px"">
			<p>&nbsp;</p>
			</td>
		</tr>
		<tr>
			<td style=""border-bottom:1px solid black; border-left:1px solid black; border-right:1px solid black; border-top:none; vertical-align:top; width:301px"">
			<p><span style=""font-size:11pt""><span style=""font-family:Calibri,sans-serif""><span style=""font-size:12.0pt""><span style=""font-family:&quot;Times New Roman&quot;,serif"">Omits, adds, substitutes, or rearranges sounds or words when speaking</span></span></span></span></p>
			</td>
			<td style=""border-bottom:1px solid black; border-left:none; border-right:1px solid black; border-top:none; vertical-align:top; width:301px"">
			<p>&nbsp;</p>
			</td>
		</tr>
		<tr>
			<td style=""border-bottom:1px solid black; border-left:1px solid black; border-right:1px solid black; border-top:none; vertical-align:top; width:301px"">
			<p><span style=""font-size:11pt""><span style=""font-family:Calibri,sans-serif""><span style=""font-size:12.0pt""><span style=""font-family:&quot;Times New Roman&quot;,serif"">Reads words correctly in one context but not in another (e.g., can read a word printed on a flashcard but cannot read the same word in a sentence)</span></span></span></span></p>
			</td>
			<td style=""border-bottom:1px solid black; border-left:none; border-right:1px solid black; border-top:none; vertical-align:top; width:301px"">
			<p>&nbsp;</p>
			</td>
		</tr>
		<tr>
			<td style=""border-bottom:1px solid black; border-left:1px solid black; border-right:1px solid black; border-top:none; vertical-align:top; width:301px"">
			<p><span style=""font-size:11pt""><span style=""font-family:Calibri,sans-serif""><span style=""font-size:12.0pt""><span style=""font-family:&quot;Times New Roman&quot;,serif"">Distorts or mispronounces words or sounds when speaking (not attributed to dialect or accents</span></span></span></span></p>
			</td>
			<td style=""border-bottom:1px solid black; border-left:none; border-right:1px solid black; border-top:none; vertical-align:top; width:301px"">
			<p>&nbsp;</p>
			</td>
		</tr>
	</tbody>
</table>

<p>&nbsp;</p>

<p>&nbsp;</p>

<p><span style=""font-size:11pt""><span style=""font-family:Calibri,sans-serif""><strong><em><span style=""font-size:14.0pt""><span style=""font-family:&quot;Times New Roman&quot;,serif"">SPEECH THERAPY HISTORY:</span></span></em></strong></span></span></p>

<p>&nbsp;</p>

<p>&nbsp;</p>

<p>&nbsp;</p>

<p>&nbsp;</p>

<p>&nbsp;</p>

<p>&nbsp;</p>

<p>&nbsp;</p>

<p>&nbsp;</p>

<p><span style=""font-size:11pt""><span style=""font-family:Calibri,sans-serif""><strong><em><span style=""font-size:14.0pt""><span style=""font-family:&quot;Times New Roman&quot;,serif"">ORAL EXAMINATION:</span></span></em></strong></span></span></p>

<p><span style=""font-size:11pt""><span style=""font-family:Calibri,sans-serif""><strong><em><span style=""font-size:12.0pt""><span style=""font-family:&quot;Times New Roman&quot;,serif"">Kindly indicate as un remarkable if no pathology observed or described the pathology noticed</span></span></em></strong></span></span></p>

<p><span style=""font-size:11pt""><span style=""font-family:Calibri,sans-serif""><em><span style=""font-size:12.0pt""><span style=""font-family:&quot;Times New Roman&quot;,serif"">Respiration: </span></span></em></span></span></p>

<p><span style=""font-size:11pt""><span style=""font-family:Calibri,sans-serif""><em><span style=""font-size:12.0pt""><span style=""font-family:&quot;Times New Roman&quot;,serif"">phonation: </span></span></em></span></span></p>

<p><span style=""font-size:11pt""><span style=""font-family:Calibri,sans-serif""><em><span style=""font-size:12.0pt""><span style=""font-family:&quot;Times New Roman&quot;,serif"">Lips: </span></span></em></span></span></p>

<p><span style=""font-size:11pt""><span style=""font-family:Calibri,sans-serif""><em><span style=""font-size:12.0pt""><span style=""font-family:&quot;Times New Roman&quot;,serif"">Tongue: </span></span></em></span></span></p>

<p><span style=""font-size:11pt""><span style=""font-family:Calibri,sans-serif""><em><span style=""font-size:12.0pt""><span style=""font-family:&quot;Times New Roman&quot;,serif"">Jaw: </span></span></em></span></span></p>

<p><span style=""font-size:11pt""><span style=""font-family:Calibri,sans-serif""><em><span style=""font-size:12.0pt""><span style=""font-family:&quot;Times New Roman&quot;,serif"">Uvula: </span></span></em></span></span></p>

<p><span style=""font-size:11pt""><span style=""font-family:Calibri,sans-serif""><em><span style=""font-size:12.0pt""><span style=""font-family:&quot;Times New Roman&quot;,serif"">Palate: </span></span></em></span></span></p>

<p><span style=""font-size:11pt""><span style=""font-family:Calibri,sans-serif""><em><span style=""font-size:12.0pt""><span style=""font-family:&quot;Times New Roman&quot;,serif"">Teeth: </span></span></em></span></span></p>

<p><span style=""font-size:11pt""><span style=""font-family:Calibri,sans-serif""><em><span style=""font-size:12.0pt""><span style=""font-family:&quot;Times New Roman&quot;,serif"">Velum:</span></span></em></span></span></p>

<p><span style=""font-size:11pt""><span style=""font-family:Calibri,sans-serif""><em><span style=""font-size:12.0pt""><span style=""font-family:&quot;Times New Roman&quot;,serif"">Other relevant information:</span></span></em><em> </em></span></span></p>

<p>&nbsp;</p>

<p>&nbsp;</p>

<p>&nbsp;</p>

<p>&nbsp;</p>

<p><span style=""font-size:11pt""><span style=""font-family:Calibri,sans-serif""><strong><em><span style=""font-size:14.0pt""><span style=""font-family:&quot;Times New Roman&quot;,serif"">SPEECH ASSESSMENT:</span></span></em></strong></span></span></p>

<p><span style=""font-size:11pt""><span style=""font-family:Calibri,sans-serif""><strong><em><span style=""font-size:12.0pt""><span style=""font-family:&quot;Times New Roman&quot;,serif"">Assessment of speech sounds, fluency and phonology process.</span></span></em></strong></span></span></p>

<p>&nbsp;</p>

<p>&nbsp;</p>

<p>&nbsp;</p>

<p>&nbsp;</p>

<p>&nbsp;</p>

<p>&nbsp;</p>

<p>&nbsp;</p>

<p><span style=""font-size:11pt""><span style=""font-family:Calibri,sans-serif""><strong><em><span style=""font-size:14.0pt""><span style=""font-family:&quot;Times New Roman&quot;,serif"">ASSESSMENT OF RECEPTIVE LANGUAGE:</span></span></em></strong></span></span></p>

<p>&nbsp;</p>

<p>&nbsp;</p>

<p>&nbsp;</p>

<p>&nbsp;</p>

<p>&nbsp;</p>

<p>&nbsp;</p>

<p>&nbsp;</p>

<p><span style=""font-size:11pt""><span style=""font-family:Calibri,sans-serif""><strong><em><span style=""font-size:14.0pt""><span style=""font-family:&quot;Times New Roman&quot;,serif"">ASSESSMENT OF EXPRESSIVE LANGUAGE: (Reading comprehension</span></span></em></strong></span></span></p>

<p><span style=""font-size:11pt""><span style=""font-family:Calibri,sans-serif""><strong><em><span style=""font-size:14.0pt""><span style=""font-family:&quot;Times New Roman&quot;,serif"">&nbsp;and written expression)</span></span></em></strong></span></span></p>

<p>&nbsp;</p>

<p>&nbsp;</p>

<p>&nbsp;</p>

<p>&nbsp;</p>

<p>&nbsp;</p>

<p>&nbsp;</p>

<p><span style=""font-size:11pt""><span style=""font-family:Calibri,sans-serif""><strong><em><span style=""font-size:14.0pt""><span style=""font-family:&quot;Times New Roman&quot;,serif"">ASSESSMENT OF VOICE:</span></span></em></strong></span></span></p>

<p>&nbsp;</p>

<p>&nbsp;</p>

<p>&nbsp;</p>

<p>&nbsp;</p>

<p><span style=""font-size:11pt""><span style=""font-family:Calibri,sans-serif""><strong><em><span style=""font-size:14.0pt""><span style=""font-family:&quot;Times New Roman&quot;,serif"">SPEECH DIAGNOSIS:</span></span></em></strong></span></span></p>

<p>&nbsp;</p>

<p>&nbsp;</p>

<p>&nbsp;</p>

<p>&nbsp;</p>

<p><span style=""font-size:11pt""><span style=""font-family:Calibri,sans-serif""><strong><em><span style=""font-size:14.0pt""><span style=""font-family:&quot;Times New Roman&quot;,serif"">SPEECH THERAPY INTERVENTION:</span></span></em></strong></span></span></p>

<p>&nbsp;</p>

<p>&nbsp;</p>

<p>&nbsp;</p>

<p>&nbsp;</p>

<p>&nbsp;</p>

<p><span style=""font-size:11pt""><span style=""font-family:Calibri,sans-serif""><strong><em><span style=""font-size:14.0pt""><span style=""font-family:&quot;Times New Roman&quot;,serif"">SPEECH THERAPY TREATMENT PLAN:</span></span></em></strong></span></span></p>

<ul>
	<li><span style=""font-size:11pt""><span style=""font-family:Calibri,sans-serif""><strong><em><span style=""font-size:14.0pt""><span style=""font-family:&quot;Times New Roman&quot;,serif"">Short term:</span></span></em></strong></span></span></li>
</ul>

<p>&nbsp;</p>

<ul>
	<li><span style=""font-size:11pt""><span style=""font-family:Calibri,sans-serif""><strong><em><span style=""font-size:14.0pt""><span style=""font-family:&quot;Times New Roman&quot;,serif"">Long term:</span></span></em></strong></span></span></li>
</ul>

<p>&nbsp;</p>

<p>&nbsp;</p>

<p><span style=""font-size:11pt""><span style=""font-family:Calibri,sans-serif""><strong><em><span style=""font-size:14.0pt""><span style=""font-family:&quot;Times New Roman&quot;,serif"">SPEECH THERAPY CONCLUSION/SUMMARY:</span></span></em></strong></span></span></p>

<p>&nbsp;</p>

<p>&nbsp;</p>

<p>&nbsp;</p>

<p>&nbsp;</p>

<p>&nbsp;</p>

<p><span style=""font-size:11pt""><span style=""font-family:Calibri,sans-serif""><a name=""_Hlk125347004""><strong><em><span style=""font-size:14.0pt""><span style=""font-family:&quot;Times New Roman&quot;,serif"">REFERRED TO:</span></span></em></strong></a></span></span></p>

<p>&nbsp;</p>

<p>&nbsp;</p>

<p>&nbsp;</p>

<p>&nbsp;</p>

<p>&nbsp;</p>

<p>&nbsp;</p>

<p><span style=""font-size:11pt""><span style=""font-family:Calibri,sans-serif""><strong><em><span style=""font-size:14.0pt""><span style=""font-family:&quot;Times New Roman&quot;,serif"">RECOMMENDATION:</span></span></em></strong></span></span></p>

<p>&nbsp;</p>

<p>&nbsp;</p>

<p><span style=""font-size:11pt""><span style=""font-family:Calibri,sans-serif""><a name=""_Hlk125347060""></a></span></span></p>

<p><span style=""font-size:11pt""><span style=""font-family:Calibri,sans-serif""><strong><em><span style=""font-size:14.0pt""><span style=""font-family:&quot;Times New Roman&quot;,serif"">SPEECH THERAPY FOLLOW UP:</span></span></em></strong></span></span></p>

<p>Date:</p>

<p>Current Speech Level:</p>

<p>Next follow up Date:</p>

<p>&nbsp;</p>

<p>&nbsp;</p>

<p>&nbsp;</p>

<p>&nbsp;</p>

<p>&nbsp;</p>

<p>&nbsp;</p>

<p><span style=""font-size:11pt""><span style=""font-family:Calibri,sans-serif""><strong><em><span style=""font-size:14.0pt""><span style=""font-family:&quot;Times New Roman&quot;,serif"">SPEECH THERAPIST CHARGE:</span></span></em></strong></span></span></p>

<p><span style=""font-size:11pt""><span style=""font-family:Calibri,sans-serif""><em><span style=""font-size:14.0pt""><span style=""font-family:&quot;Times New Roman&quot;,serif"">Sign &amp; Date:</span></span></em></span></span></p>

<p>&nbsp;</p>

<p>&nbsp;</p>

<p>&nbsp;</p>

<p>&nbsp;</p>

<p><span style=""font-size:11pt""><span style=""font-family:Calibri,sans-serif""><strong><em><span style=""font-size:14.0pt""><span style=""font-family:&quot;Times New Roman&quot;,serif"">SUPERVISOR / HEAD OF UNIT IN CHARGE:</span></span></em></strong></span></span></p>

<p><span style=""font-size:11pt""><span style=""font-family:Calibri,sans-serif""><em><span style=""font-size:14.0pt""><span style=""font-family:&quot;Times New Roman&quot;,serif"">Sign &amp; Date: </span></span></em></span></span></p>

<p>&nbsp;</p>

<p>&nbsp;</p>

<p>&nbsp;</p>

<p>&nbsp;</p>
",,3000000020,,,,,,0,,,,,,,,,1,,,,,,,,,,,,,,,,,,,
4883,FASTING LIPID PROFILE TEST,,,,,,0,,10002,,,,3030000004,Lab,,,41,,,,,,"<p>SET</p>
",,3030000004,,,,,,2,,,,,,,,,1,,,,,,,,,,,,,,,,,,,
4884,CHEST X-RAY,,,,,,0,,,,,,3000000003,Radiology,,,123,,,,,,,,3000000003,,,,,,2,,,,,,,,,1,,,,,,,,,,,,,,,,,,,
4885,SCROTAL SCAN,,,,,,0,,6554,,,,3000000003,Radiology,,,123,,,,,,,,3000000003,,,,,,2,,,,,,,,,1,,,,,,,,,,,,,,,,,,,
4886,HAND X-RAY,,,,,,0,,,,,,3000000003,Radiology,,,123,,,,,,,,3000000003,,,,,,2,,,,,,,,,1,,,,,,,,,,,,,,,,,,,
5011,Scaling and Polishing,,,,,,0,,,,,,3000000003,Radiology,,,123,,,,,,,,3000000003,,,,,,2,,,,,,,,,1,,,,,,,,,,,,,,,,,,,
4050,Full Blood Count (FBC)(ALL PARAMETERS) testing,,,,,,0,,234567,,,,3030000002,Lab,,,22,,,,,,,,3030000002,,,,1,,2,,,,,,,,,1,,,,,,,,,,,,,,,,,,,
4230,histology,,,,,,0,,7654,,,,3030000003,Lab,,,42,,,,,,,,3030000003,,,,,,2,,,,,,1,,,1,,,,,,,,,,,,,,,,,,,
4277,AWA-009,,,,,,0,,AWA-009,,,,3000000014,Lab,,,41,,,,,,,,3000000003,,,,1,,0,,,,,,,,,1,,,,,,,,,,,,,,,,,,,
4278,OOO-1,,,,,,0,,OOO-1,,,,3000000003,Lab,,,41,,,,,,,,3020000007,,,,1,,0,,,,,,,,,1,,,,,,,,,,,,,,,,,,,
4310,,,,,,,0,,,,,,,,,,,,,,,,,,,,,,,,,,,,,0,,,,,,,,,,,,,,,,,,,,,,,
4350,IT TEST,,,,,,0,,,,,,3010000001,Radiology,,,83,,,,,,,,3010000001,,,,,,0,,,,,,,,,,,,,,,,,,,,,,,,,,,,
4450,X-ray ,,,,,,0,,,,,,3000000003,Radiology,,,123,,,,,,"<p>ThThe lung cage is intact</p>
",,3000000003,,,,,,0,,,,,,,,,1,,,,,,,,,,,,,,,,,,,
4690,Occupational Therapy Assessment...,,,,,,0,,1222,,,,3000000020,Radiology,,,886,,,,,,"<p style=""text-align:center"">&nbsp;</p>

<p><span style=""font-size:11pt""><span style=""font-family:Calibri,sans-serif""><span style=""font-size:12.0pt"">CHIEF COMPLAINTS&nbsp; </span></span></span></p>

<p>&nbsp;</p>

<p><span style=""font-size:11pt""><span style=""font-family:Calibri,sans-serif""><span style=""font-size:12.0pt"">HISTORY OF PRESENT ILLNESS </span></span></span></p>

<p>&nbsp;</p>

<p>&nbsp;</p>

<p><span style=""font-size:11pt""><span style=""font-family:Calibri,sans-serif""><span style=""font-size:12.0pt"">MEDICAL HISTORY </span></span></span></p>

<p>&nbsp;</p>

<p>&nbsp;</p>

<p><span style=""font-size:11pt""><span style=""font-family:Calibri,sans-serif""><span style=""font-size:12.0pt"">CHILDHOOD HISTORY </span></span></span></p>

<p>&nbsp;</p>

<p>&nbsp;</p>

<p><span style=""font-size:11pt""><span style=""font-family:Calibri,sans-serif""><span style=""font-size:12.0pt"">EDUCATIONAL HISTORY </span></span></span></p>

<p>&nbsp;</p>

<p><span style=""font-size:11pt""><span style=""font-family:Calibri,sans-serif""><span style=""font-size:12.0pt"">OCCUPATIONAL HISTORY </span></span></span></p>

<p>&nbsp;</p>

<p><span style=""font-size:11pt""><span style=""font-family:Calibri,sans-serif""><span style=""font-size:12.0pt"">PSYCHOSEXUAL HISTORY </span></span></span></p>

<p>&nbsp;</p>

<p><span style=""font-size:11pt""><span style=""font-family:Calibri,sans-serif""><span style=""font-size:12.0pt"">FAMILY HISTORY </span></span></span></p>

<p>&nbsp;</p>

<p>&nbsp;</p>

<p><span style=""font-size:11pt""><span style=""font-family:Calibri,sans-serif""><span style=""font-size:12.0pt"">HOBBIES/HABITS </span></span></span></p>

<p><span style=""font-size:11pt""><span style=""font-family:Calibri,sans-serif""><span style=""font-size:12.0pt"">PREMORBID PERSONALITY</span></span></span></p>

<ul>
	<li><span style=""font-size:11pt""><span style=""font-family:Calibri,sans-serif""><span style=""font-size:12.0pt"">ASPIRATION:&nbsp; HIGH&nbsp;&nbsp;&nbsp;&nbsp;&nbsp;&nbsp;&nbsp;&nbsp;&nbsp; AVERAGE&nbsp;&nbsp;&nbsp;&nbsp;&nbsp;&nbsp;&nbsp;&nbsp;&nbsp;&nbsp; LOW&nbsp;&nbsp;&nbsp;&nbsp;&nbsp;&nbsp;&nbsp;&nbsp;&nbsp;&nbsp; </span></span></span></li>
	<li><span style=""font-size:11pt""><span style=""font-family:Calibri,sans-serif""><span style=""font-size:12.0pt"">PERFECTIONIST&nbsp;&nbsp;&nbsp;&nbsp;&nbsp;&nbsp;&nbsp;&nbsp;&nbsp;&nbsp;&nbsp;&nbsp; FLEXIBLE&nbsp;&nbsp;&nbsp;&nbsp;&nbsp;&nbsp;&nbsp;&nbsp;&nbsp;&nbsp;&nbsp;&nbsp;&nbsp;&nbsp; </span></span></span></li>
	<li><span style=""font-size:11pt""><span style=""font-family:Calibri,sans-serif""><span style=""font-size:12.0pt"">&nbsp;OPTIMISTIC &nbsp;&nbsp;&nbsp;&nbsp;&nbsp;&nbsp;&nbsp;&nbsp;&nbsp;PESSIMISTIC &nbsp;&nbsp;&nbsp;&nbsp;&nbsp;&nbsp;&nbsp;&nbsp;&nbsp;</span></span></span></li>
	<li><span style=""font-size:11pt""><span style=""font-family:Calibri,sans-serif""><span style=""font-size:12.0pt"">MOOD: CHEERFUL &nbsp;&nbsp;&nbsp;&nbsp;&nbsp;&nbsp;&nbsp;&nbsp;&nbsp;&nbsp;WORRYING &nbsp;&nbsp;&nbsp;&nbsp;&nbsp;&nbsp;&nbsp;&nbsp;&nbsp;&nbsp;RESPONSIVE &nbsp;&nbsp;&nbsp;&nbsp;&nbsp;&nbsp;&nbsp;&nbsp;&nbsp;SENSITIVE&nbsp;&nbsp;&nbsp; &nbsp;&nbsp;&nbsp;&nbsp;&nbsp;</span></span></span></li>
</ul>

<p style=""margin-left:48px""><span style=""font-size:11pt""><span style=""font-family:Calibri,sans-serif""><span style=""font-size:12.0pt"">&nbsp;&nbsp;&nbsp;&nbsp;&nbsp;&nbsp;&nbsp;&nbsp;&nbsp;&nbsp;&nbsp;&nbsp;&nbsp;&nbsp; OVERSENSITIVE</span></span></span></p>

<p><span style=""font-size:11pt""><span style=""font-family:Calibri,sans-serif""><span style=""font-size:12.0pt"">INTERPERSONAL SKILLS</span></span></span></p>

<ul>
	<li><span style=""font-size:11pt""><span style=""font-family:Calibri,sans-serif""><span style=""font-size:12.0pt"">TRUSTING&nbsp;&nbsp;&nbsp;&nbsp;&nbsp;&nbsp;&nbsp;&nbsp;&nbsp; SUSPICIOUS &nbsp;&nbsp;&nbsp;&nbsp;&nbsp;&nbsp;&nbsp;&nbsp;&nbsp;JEALOUSY&nbsp;&nbsp;&nbsp;&nbsp;&nbsp;&nbsp;&nbsp;&nbsp;&nbsp; EXTROVERT&nbsp;&nbsp;&nbsp;&nbsp;&nbsp;&nbsp;&nbsp;&nbsp; AMBIVALENT </span></span></span></li>
</ul>

<p style=""margin-left:48px""><span style=""font-size:11pt""><span style=""font-family:Calibri,sans-serif""><span style=""font-size:12.0pt"">INTROVERT&nbsp;&nbsp;&nbsp;&nbsp;&nbsp;&nbsp;&nbsp;&nbsp;&nbsp; DEPENDENT&nbsp;&nbsp;&nbsp;&nbsp;&nbsp;&nbsp;&nbsp;&nbsp;&nbsp; OVERDEPENDENT </span></span></span></p>

<p>&nbsp;</p>

<p>&nbsp;</p>

<p>&nbsp;</p>

<p style=""text-align:center""><span style=""font-size:11pt""><span style=""font-family:Calibri,sans-serif""><span style=""font-size:12.0pt"">OCCUPATIONAL THERAPY EVALUATION</span></span></span></p>

<p><span style=""font-size:11pt""><span style=""font-family:Calibri,sans-serif""><span style=""font-size:12.0pt"">GENERAL APPEARANCE</span></span></span></p>

<p>&nbsp;</p>

<p><span style=""font-size:11pt""><span style=""font-family:Calibri,sans-serif""><span style=""font-size:12.0pt"">PERSONAL HYGIENCE </span></span></span></p>

<p>&nbsp;</p>

<p><span style=""font-size:11pt""><span style=""font-family:Calibri,sans-serif""><span style=""font-size:12.0pt"">BEHAVIOUR AND PSYCHOMOTOR ACTIVITY: RESTLESSNESS&nbsp;&nbsp;&nbsp;&nbsp;&nbsp;&nbsp;&nbsp;&nbsp;&nbsp; TICS&nbsp;&nbsp;&nbsp;&nbsp;&nbsp;&nbsp;&nbsp;&nbsp; TWITCHES</span></span></span></p>

<p style=""margin-left:48px""><span style=""font-size:11pt""><span style=""font-family:Calibri,sans-serif""><span style=""font-size:12.0pt"">&nbsp;&nbsp;&nbsp;&nbsp;&nbsp;&nbsp;&nbsp;&nbsp;&nbsp;&nbsp;&nbsp;&nbsp;&nbsp;&nbsp;&nbsp;&nbsp;&nbsp;&nbsp;&nbsp;&nbsp;&nbsp;&nbsp;&nbsp;&nbsp;&nbsp;&nbsp;&nbsp;&nbsp;&nbsp;&nbsp;&nbsp;&nbsp;&nbsp;&nbsp;&nbsp;&nbsp;&nbsp;&nbsp;&nbsp;&nbsp;&nbsp;&nbsp;&nbsp;&nbsp;&nbsp;&nbsp;&nbsp;&nbsp;&nbsp;&nbsp;&nbsp;&nbsp;&nbsp;&nbsp;&nbsp;&nbsp;&nbsp;&nbsp;&nbsp;&nbsp;&nbsp;&nbsp;&nbsp;&nbsp;&nbsp;&nbsp;&nbsp;&nbsp;&nbsp;&nbsp;&nbsp;&nbsp;&nbsp;&nbsp;&nbsp;&nbsp;&nbsp;&nbsp;&nbsp; MANNERISM&nbsp;&nbsp;&nbsp; &nbsp;&nbsp;&nbsp;&nbsp;&nbsp;GESTURE&nbsp; &nbsp;&nbsp;&nbsp;&nbsp;&nbsp;&nbsp;&nbsp;</span></span></span></p>

<p style=""margin-left:48px""><span style=""font-size:11pt""><span style=""font-family:Calibri,sans-serif""><span style=""font-size:12.0pt"">&nbsp;&nbsp;&nbsp;&nbsp;&nbsp;&nbsp;&nbsp;&nbsp;&nbsp;&nbsp;&nbsp;&nbsp;&nbsp;&nbsp;&nbsp;&nbsp;&nbsp;&nbsp;&nbsp;&nbsp;&nbsp;&nbsp;&nbsp;&nbsp;&nbsp;&nbsp;&nbsp;&nbsp;&nbsp;&nbsp;&nbsp;&nbsp;&nbsp;&nbsp;&nbsp;&nbsp;&nbsp;&nbsp;&nbsp;&nbsp;&nbsp;&nbsp;&nbsp;&nbsp;&nbsp;&nbsp;&nbsp;&nbsp;&nbsp;&nbsp;&nbsp;&nbsp;&nbsp;&nbsp;&nbsp;&nbsp;&nbsp;&nbsp;&nbsp;&nbsp;&nbsp;&nbsp;&nbsp;&nbsp;&nbsp;&nbsp;&nbsp;&nbsp;&nbsp;&nbsp;&nbsp;&nbsp;&nbsp;&nbsp;&nbsp;&nbsp;&nbsp;&nbsp;&nbsp; AGGRESSION&nbsp;&nbsp;&nbsp;&nbsp;&nbsp;&nbsp;&nbsp;&nbsp; COMPULSION </span></span></span></p>

<p style=""margin-left:48px""><span style=""font-size:11pt""><span style=""font-family:Calibri,sans-serif""><span style=""font-size:12.0pt"">&nbsp;&nbsp;&nbsp;&nbsp;&nbsp;&nbsp;&nbsp;&nbsp;&nbsp;&nbsp;&nbsp;&nbsp;&nbsp;&nbsp;&nbsp;&nbsp;&nbsp;&nbsp;&nbsp;&nbsp;&nbsp;&nbsp;&nbsp;&nbsp;&nbsp;&nbsp;&nbsp;&nbsp;&nbsp;&nbsp;&nbsp;&nbsp;&nbsp;&nbsp;&nbsp;&nbsp;&nbsp;&nbsp;&nbsp;&nbsp;&nbsp;&nbsp;&nbsp;&nbsp;&nbsp;&nbsp;&nbsp;&nbsp;&nbsp;&nbsp;&nbsp;&nbsp;&nbsp;&nbsp;&nbsp;&nbsp;&nbsp;&nbsp;&nbsp;&nbsp;&nbsp;&nbsp;&nbsp;&nbsp;&nbsp;&nbsp;&nbsp;&nbsp;&nbsp;&nbsp;&nbsp;&nbsp;&nbsp;&nbsp;&nbsp;&nbsp;&nbsp;&nbsp;&nbsp; LAUGHING TO SELF </span></span></span></p>

<p style=""margin-left:48px""><span style=""font-size:11pt""><span style=""font-family:Calibri,sans-serif""><span style=""font-size:12.0pt"">GAIT </span></span></span></p>

<p style=""margin-left:48px"">&nbsp;</p>

<p style=""margin-left:48px""><span style=""font-size:11pt""><span style=""font-family:Calibri,sans-serif""><span style=""font-size:12.0pt"">POSTURE </span></span></span></p>

<p><span style=""font-size:11pt""><span style=""font-family:Calibri,sans-serif""><span style=""font-size:12.0pt"">ATTITUDE TOWARDS EXAMINER</span></span></span></p>

<p style=""margin-left:72px""><span style=""font-size:11pt""><span style=""font-family:Calibri,sans-serif""><span style=""font-size:12.0pt"">COOPERATIVE&nbsp;&nbsp;&nbsp;&nbsp;&nbsp;&nbsp;&nbsp;&nbsp; UNCOOPERATIVE&nbsp;&nbsp;&nbsp;&nbsp;&nbsp;&nbsp;&nbsp;&nbsp; INTERESTED &nbsp;&nbsp;&nbsp;&nbsp;&nbsp;&nbsp;&nbsp;&nbsp;PLAYFUL&nbsp;&nbsp;&nbsp;&nbsp;&nbsp;&nbsp;&nbsp;&nbsp; EVASIVE </span></span></span></p>

<p style=""margin-left:72px""><span style=""font-size:11pt""><span style=""font-family:Calibri,sans-serif""><span style=""font-size:12.0pt"">HOSTILE&nbsp;&nbsp;&nbsp;&nbsp;&nbsp;&nbsp;&nbsp;&nbsp; SEDUCTIVE&nbsp;&nbsp;&nbsp;&nbsp;&nbsp;&nbsp;&nbsp;&nbsp; </span></span></span></p>

<p><span style=""font-size:11pt""><span style=""font-family:Calibri,sans-serif""><span style=""font-size:12.0pt"">COGNITIVE FUNCTIONS</span></span></span></p>

<p style=""margin-left:72px""><span style=""font-size:11pt""><span style=""font-family:Calibri,sans-serif""><span style=""font-size:12.0pt"">ORIENTATION </span></span></span></p>

<p style=""margin-left:72px"">&nbsp;</p>

<p style=""margin-left:72px""><span style=""font-size:11pt""><span style=""font-family:Calibri,sans-serif""><span style=""font-size:12.0pt"">MEMORY </span></span></span></p>

<p style=""margin-left:72px"">&nbsp;</p>

<p style=""margin-left:72px"">&nbsp;</p>

<p style=""margin-left:72px""><span style=""font-size:11pt""><span style=""font-family:Calibri,sans-serif""><span style=""font-size:12.0pt"">ATTENTION AND CONCENTRATION </span></span></span></p>

<p style=""margin-left:72px""><span style=""font-size:11pt""><span style=""font-family:Calibri,sans-serif""><span style=""font-size:12.0pt"">CONCEPT FORMATION </span></span></span></p>

<p style=""margin-left:72px"">&nbsp;</p>

<p style=""margin-left:72px"">&nbsp;</p>

<p style=""margin-left:72px"">&nbsp;</p>

<p style=""margin-left:72px""><span style=""font-size:11pt""><span style=""font-family:Calibri,sans-serif""><span style=""font-size:12.0pt"">RECOGNITION </span></span></span></p>

<p style=""margin-left:72px"">&nbsp;</p>

<p style=""margin-left:72px"">&nbsp;</p>

<p style=""margin-left:72px""><span style=""font-size:11pt""><span style=""font-family:Calibri,sans-serif""><span style=""font-size:12.0pt"">LEVEL OF AROUSAL </span></span></span></p>

<p style=""margin-left:72px"">&nbsp;</p>

<p style=""margin-left:72px"">&nbsp;</p>

<p style=""margin-left:72px""><span style=""font-size:11pt""><span style=""font-family:Calibri,sans-serif""><span style=""font-size:12.0pt"">INITIATION OF ACTIVITY </span></span></span></p>

<p style=""margin-left:72px"">&nbsp;</p>

<p style=""margin-left:72px"">&nbsp;</p>

<p style=""margin-left:72px""><span style=""font-size:11pt""><span style=""font-family:Calibri,sans-serif""><span style=""font-size:12.0pt"">TERMINATION OF ACTIVITY </span></span></span></p>

<p style=""margin-left:72px"">&nbsp;</p>

<p style=""margin-left:72px"">&nbsp;</p>

<p style=""margin-left:72px"">&nbsp;</p>

<p style=""margin-left:72px""><span style=""font-size:11pt""><span style=""font-family:Calibri,sans-serif""><span style=""font-size:12.0pt"">SEQUENCING </span></span></span></p>

<p style=""margin-left:72px"">&nbsp;</p>

<p style=""margin-left:72px"">&nbsp;</p>

<p style=""margin-left:72px"">&nbsp;</p>

<p style=""margin-left:72px""><span style=""font-size:11pt""><span style=""font-family:Calibri,sans-serif""><span style=""font-size:12.0pt"">CATERGORIZATION </span></span></span></p>

<p style=""margin-left:72px"">&nbsp;</p>

<p style=""margin-left:72px"">&nbsp;</p>

<p style=""margin-left:72px""><span style=""font-size:11pt""><span style=""font-family:Calibri,sans-serif""><span style=""font-size:12.0pt"">SPATIAL OPERATION </span></span></span></p>

<p style=""margin-left:72px"">&nbsp;</p>

<p style=""margin-left:72px"">&nbsp;</p>

<p style=""margin-left:72px""><span style=""font-size:11pt""><span style=""font-family:Calibri,sans-serif""><span style=""font-size:12.0pt"">PROBLEM SOLVING </span></span></span></p>

<p style=""margin-left:72px"">&nbsp;</p>

<p style=""margin-left:72px"">&nbsp;</p>

<p style=""margin-left:72px""><span style=""font-size:11pt""><span style=""font-family:Calibri,sans-serif""><span style=""font-size:12.0pt"">LEARNING </span></span></span></p>

<p style=""margin-left:72px"">&nbsp;</p>

<p style=""margin-left:72px"">&nbsp;</p>

<p style=""margin-left:72px""><span style=""font-size:11pt""><span style=""font-family:Calibri,sans-serif""><span style=""font-size:12.0pt"">GENERALIZATION </span></span></span></p>

<p>&nbsp;</p>

<p><span style=""font-size:11pt""><span style=""font-family:Calibri,sans-serif""><span style=""font-size:12.0pt"">PSYCHOSOCIAL SKILLS AND PSYCHOLOGICAL COMPONENTS</span></span></span></p>

<p style=""margin-left:48px""><span style=""font-size:11pt""><span style=""font-family:Calibri,sans-serif""><span style=""font-size:12.0pt"">VALUES </span></span></span></p>

<p style=""margin-left:48px"">&nbsp;</p>

<p style=""margin-left:48px"">&nbsp;</p>

<p style=""margin-left:48px""><span style=""font-size:11pt""><span style=""font-family:Calibri,sans-serif""><span style=""font-size:12.0pt"">INTERESTS </span></span></span></p>

<p style=""margin-left:48px"">&nbsp;</p>

<p style=""margin-left:48px""><span style=""font-size:11pt""><span style=""font-family:Calibri,sans-serif""><span style=""font-size:12.0pt"">SELF-CONCEPT </span></span></span></p>

<p style=""margin-left:24px""><span style=""font-size:11pt""><span style=""font-family:Calibri,sans-serif""><span style=""font-size:12.0pt"">INSIGHT </span></span></span></p>

<p style=""margin-left:24px"">&nbsp;</p>

<p style=""margin-left:24px"">&nbsp;</p>

<p style=""margin-left:24px""><span style=""font-size:11pt""><span style=""font-family:Calibri,sans-serif""><span style=""font-size:12.0pt"">ROLE IDENTIFICATION AND ROLE PERFORMANCE </span></span></span></p>

<p style=""margin-left:24px"">&nbsp;</p>

<p style=""margin-left:24px"">&nbsp;</p>

<p style=""margin-left:24px""><span style=""font-size:11pt""><span style=""font-family:Calibri,sans-serif""><span style=""font-size:12.0pt"">SOCIAL CONDUCT </span></span></span></p>

<p style=""margin-left:24px"">&nbsp;</p>

<p style=""margin-left:24px"">&nbsp;</p>

<p style=""margin-left:24px""><span style=""font-size:11pt""><span style=""font-family:Calibri,sans-serif""><span style=""font-size:12.0pt"">INTERPERSONAL SKILLS </span></span></span></p>

<p style=""margin-left:24px"">&nbsp;</p>

<p><span style=""font-size:11pt""><span style=""font-family:Calibri,sans-serif""><span style=""font-size:12.0pt"">&nbsp;&nbsp;&nbsp;&nbsp;&nbsp;&nbsp; SELF EXPRESSION </span></span></span></p>

<p><span style=""font-size:11pt""><span style=""font-family:Calibri,sans-serif"">&nbsp;&nbsp;&nbsp;&nbsp;&nbsp;&nbsp;&nbsp; </span></span></p>

<p><span style=""font-size:11pt""><span style=""font-family:Calibri,sans-serif""><span style=""font-size:12.0pt"">&nbsp;&nbsp;&nbsp;&nbsp;&nbsp;&nbsp; COPING SKILLS </span></span></span></p>

<p style=""margin-left:24px"">&nbsp;</p>

<p><span style=""font-size:11pt""><span style=""font-family:Calibri,sans-serif""><span style=""font-size:12.0pt"">&nbsp;&nbsp;&nbsp;&nbsp;&nbsp;&nbsp; TIME MANAGEMENT </span></span></span></p>

<p>&nbsp;</p>

<p><span style=""font-size:11pt""><span style=""font-family:Calibri,sans-serif""><span style=""font-size:12.0pt"">&nbsp;&nbsp;&nbsp;&nbsp;&nbsp;&nbsp; SELF CONTROL </span></span></span></p>

<p style=""margin-left:48px"">&nbsp;</p>

<p style=""margin-left:48px"">&nbsp;</p>

<p style=""margin-left:48px"">&nbsp;</p>

<p><span style=""font-size:11pt""><span style=""font-family:Calibri,sans-serif""><span style=""font-size:12.0pt"">&nbsp;&nbsp;&nbsp;&nbsp;&nbsp;&nbsp; SELF ESTEEM </span></span></span></p>

<p style=""margin-left:48px"">&nbsp;</p>

<p><span style=""font-size:11pt""><span style=""font-family:Calibri,sans-serif""><span style=""font-size:12.0pt"">&nbsp;&nbsp;&nbsp;&nbsp;&nbsp; ROUTINES&nbsp; </span></span></span></p>

<p style=""margin-left:48px"">&nbsp;</p>

<p>&nbsp;</p>

<p><span style=""font-size:11pt""><span style=""font-family:Calibri,sans-serif""><span style=""font-size:12.0pt"">&nbsp;&nbsp;&nbsp;&nbsp; WORK ASSESSMENT</span></span></span></p>

<p>&nbsp;</p>

<p><span style=""font-size:11pt""><span style=""font-family:Calibri,sans-serif""><span style=""font-size:12.0pt"">&nbsp;&nbsp;&nbsp;&nbsp; OCCUPATION (PAST, PRESENT, FUTURE JOBS) </span></span></span></p>

<p>&nbsp;</p>

<p><span style=""font-size:11pt""><span style=""font-family:Calibri,sans-serif""><span style=""font-size:12.0pt"">NATURE OF OCCUPATION </span></span></span></p>

<p>&nbsp;</p>

<p><span style=""font-size:11pt""><span style=""font-family:Calibri,sans-serif""><span style=""font-size:12.0pt"">DESCRIPTION (SKILLS REQUIRED AND WHAT JOB ENTAILS)</span></span></span></p>

<p>&nbsp;</p>

<p><span style=""font-size:11pt""><span style=""font-family:Calibri,sans-serif""><span style=""font-size:12.0pt"">TIMING (HOUR(S)) </span></span></span></p>

<p style=""margin-left:24px"">&nbsp;</p>

<p><span style=""font-size:11pt""><span style=""font-family:Calibri,sans-serif""><span style=""font-size:12.0pt"">PERFORMANCE (HOW SUCCESSFUL IS PATIENT AT WORK) </span></span></span></p>

<p>&nbsp;</p>

<p><span style=""font-size:11pt""><span style=""font-family:Calibri,sans-serif""><span style=""font-size:12.0pt"">STRESSORS AT WORK AND HOW PATIENT HANDLED THE STRESSORS (OVERLOAD? COLLEAGUES?) </span></span></span></p>

<p>&nbsp;</p>

<p style=""margin-left:24px""><span style=""font-size:11pt""><span style=""font-family:Calibri,sans-serif""><span style=""font-size:12.0pt"">RELATIONSHIP WITH COWORKER (CORDIAL OR NOT) </span></span></span></p>

<p style=""margin-left:48px"">&nbsp;</p>

<p style=""margin-left:48px"">&nbsp;</p>

<p style=""margin-left:48px"">&nbsp;</p>

<p><span style=""font-size:11pt""><span style=""font-family:Calibri,sans-serif""><span style=""font-size:12.0pt"">SUMMARY OF ASSESSMENT OF OCCUPATIONAL FUNCTIONING </span></span></span></p>

<p>&nbsp;</p>

<p><span style=""font-size:11pt""><span style=""font-family:Calibri,sans-serif""><span style=""font-size:12.0pt"">ASSESSMENT TOOLS USED</span></span></span></p>

<p>&nbsp;</p>

<p>&nbsp;</p>

<p>&nbsp;</p>

<p>&nbsp;</p>

<p>&nbsp;</p>

<p>&nbsp;</p>

<p>&nbsp;</p>

<p>&nbsp;</p>

<p><span style=""font-size:11pt""><span style=""font-family:Calibri,sans-serif"">PROBLEM IDENTIFICATION GRID</span></span></p>

<table cellspacing=""0"" class=""Table"" style=""border-collapse:collapse; border:none; margin-left:-67px; width:813px"">
	<tbody>
		<tr>
			<td colspan=""7"" style=""border-bottom:1px solid black; border-left:1px solid black; border-right:1px solid black; border-top:1px solid black; height:17px; vertical-align:top; width:292px"">
			<p><span style=""font-size:11pt""><span style=""font-family:Calibri,sans-serif"">ADL</span></span></p>
			</td>
			<td colspan=""6"" style=""border-bottom:1px solid black; border-left:none; border-right:1px solid black; border-top:1px solid black; height:17px; vertical-align:top; width:302px"">
			<p><span style=""font-size:11pt""><span style=""font-family:Calibri,sans-serif"">SOCIAL SKILLS</span></span></p>
			</td>
			<td colspan=""5"" style=""border-bottom:1px solid black; border-left:none; border-right:1px solid black; border-top:1px solid black; height:17px; vertical-align:top; width:218px"">
			<p><span style=""font-size:11pt""><span style=""font-family:Calibri,sans-serif"">PHYSICAL</span></span></p>
			</td>
		</tr>
		<tr>
			<td style=""border-bottom:1px solid black; border-left:1px solid black; border-right:1px solid black; border-top:none; height:20px; vertical-align:top; width:93px"">
			<p>&nbsp;</p>
			</td>
			<td style=""border-bottom:1px solid black; border-left:none; border-right:1px solid black; border-top:none; height:20px; vertical-align:top; width:69px"">
			<p><span style=""font-size:11pt""><span style=""font-family:Calibri,sans-serif"">Performs</span></span></p>
			</td>
			<td colspan=""3"" style=""border-bottom:1px solid black; border-left:none; border-right:1px solid black; border-top:none; height:20px; vertical-align:top; width:63px"">
			<p><span style=""font-size:11pt""><span style=""font-family:Calibri,sans-serif"">Doesn&rsquo;t Perform</span></span></p>
			</td>
			<td colspan=""2"" style=""border-bottom:1px solid black; border-left:none; border-right:1px solid black; border-top:none; height:20px; vertical-align:top; width:66px"">
			<p><span style=""font-size:11pt""><span style=""font-family:Calibri,sans-serif"">Remarks</span></span></p>
			</td>
			<td colspan=""2"" style=""border-bottom:1px solid black; border-left:none; border-right:1px solid black; border-top:none; height:20px; vertical-align:top; width:162px"">
			<p>&nbsp;</p>
			</td>
			<td colspan=""2"" style=""border-bottom:1px solid black; border-left:none; border-right:1px solid black; border-top:none; height:20px; vertical-align:top; width:60px"">
			<p><span style=""font-size:11pt""><span style=""font-family:Calibri,sans-serif"">Good</span></span></p>
			</td>
			<td style=""border-bottom:1px solid black; border-left:none; border-right:1px solid black; border-top:none; height:20px; vertical-align:top; width:37px"">
			<p><span style=""font-size:11pt""><span style=""font-family:Calibri,sans-serif"">Fair</span></span></p>
			</td>
			<td style=""border-bottom:1px solid black; border-left:none; border-right:1px solid black; border-top:none; height:20px; vertical-align:top; width:43px"">
			<p><span style=""font-size:11pt""><span style=""font-family:Calibri,sans-serif"">Poor</span></span></p>
			</td>
			<td style=""border-bottom:1px solid black; border-left:none; border-right:1px solid black; border-top:none; height:20px; vertical-align:top; width:92px"">
			<p>&nbsp;</p>
			</td>
			<td colspan=""2"" style=""border-bottom:1px solid black; border-left:none; border-right:1px solid black; border-top:none; height:20px; vertical-align:top; width:47px"">
			<p><span style=""font-size:11pt""><span style=""font-family:Calibri,sans-serif"">Good</span></span></p>
			</td>
			<td style=""border-bottom:1px solid black; border-left:none; border-right:1px solid black; border-top:none; height:20px; vertical-align:top; width:37px"">
			<p><span style=""font-size:11pt""><span style=""font-family:Calibri,sans-serif"">Fair</span></span></p>
			</td>
			<td style=""border-bottom:1px solid black; border-left:none; border-right:1px solid black; border-top:none; height:20px; vertical-align:top; width:43px"">
			<p><span style=""font-size:11pt""><span style=""font-family:Calibri,sans-serif"">Poor</span></span></p>
			</td>
		</tr>
		<tr>
			<td style=""border-bottom:1px solid black; border-left:1px solid black; border-right:1px solid black; border-top:none; height:34px; vertical-align:top; width:93px"">
			<p><span style=""font-size:11pt""><span style=""font-family:Calibri,sans-serif"">Oral Hygiene</span></span></p>
			</td>
			<td style=""border-bottom:1px solid black; border-left:none; border-right:1px solid black; border-top:none; height:34px; vertical-align:top; width:69px"">
			<p>&nbsp;</p>
			</td>
			<td colspan=""3"" style=""border-bottom:1px solid black; border-left:none; border-right:1px solid black; border-top:none; height:34px; vertical-align:top; width:63px"">
			<p>&nbsp;</p>
			</td>
			<td colspan=""2"" style=""border-bottom:1px solid black; border-left:none; border-right:1px solid black; border-top:none; height:34px; vertical-align:top; width:66px"">
			<p>&nbsp;</p>
			</td>
			<td colspan=""2"" style=""border-bottom:1px solid black; border-left:none; border-right:1px solid black; border-top:none; height:34px; vertical-align:top; width:162px"">
			<p><span style=""font-size:11pt""><span style=""font-family:Calibri,sans-serif"">General Behavior</span></span></p>
			</td>
			<td colspan=""2"" style=""border-bottom:1px solid black; border-left:none; border-right:1px solid black; border-top:none; height:34px; vertical-align:top; width:60px"">
			<p>&nbsp;</p>
			</td>
			<td style=""border-bottom:1px solid black; border-left:none; border-right:1px solid black; border-top:none; height:34px; vertical-align:top; width:37px"">
			<p>&nbsp;</p>
			</td>
			<td style=""border-bottom:1px solid black; border-left:none; border-right:1px solid black; border-top:none; height:34px; vertical-align:top; width:43px"">
			<p>&nbsp;</p>
			</td>
			<td style=""border-bottom:1px solid black; border-left:none; border-right:1px solid black; border-top:none; height:34px; vertical-align:top; width:92px"">
			<p><span style=""font-size:11pt""><span style=""font-family:Calibri,sans-serif"">Balance</span></span></p>
			</td>
			<td colspan=""2"" style=""border-bottom:1px solid black; border-left:none; border-right:1px solid black; border-top:none; height:34px; vertical-align:top; width:47px"">
			<p>&nbsp;</p>
			</td>
			<td style=""border-bottom:1px solid black; border-left:none; border-right:1px solid black; border-top:none; height:34px; vertical-align:top; width:37px"">
			<p>&nbsp;</p>
			</td>
			<td style=""border-bottom:1px solid black; border-left:none; border-right:1px solid black; border-top:none; height:34px; vertical-align:top; width:43px"">
			<p>&nbsp;</p>
			</td>
		</tr>
		<tr>
			<td style=""border-bottom:1px solid black; border-left:1px solid black; border-right:1px solid black; border-top:none; height:35px; vertical-align:top; width:93px"">
			<p><span style=""font-size:11pt""><span style=""font-family:Calibri,sans-serif"">Dressing</span></span></p>
			</td>
			<td style=""border-bottom:1px solid black; border-left:none; border-right:1px solid black; border-top:none; height:35px; vertical-align:top; width:69px"">
			<p>&nbsp;</p>
			</td>
			<td colspan=""3"" style=""border-bottom:1px solid black; border-left:none; border-right:1px solid black; border-top:none; height:35px; vertical-align:top; width:63px"">
			<p>&nbsp;</p>
			</td>
			<td colspan=""2"" style=""border-bottom:1px solid black; border-left:none; border-right:1px solid black; border-top:none; height:35px; vertical-align:top; width:66px"">
			<p>&nbsp;</p>
			</td>
			<td colspan=""2"" style=""border-bottom:1px solid black; border-left:none; border-right:1px solid black; border-top:none; height:35px; vertical-align:top; width:162px"">
			<p><span style=""font-size:11pt""><span style=""font-family:Calibri,sans-serif"">Posture</span></span></p>
			</td>
			<td colspan=""2"" style=""border-bottom:1px solid black; border-left:none; border-right:1px solid black; border-top:none; height:35px; vertical-align:top; width:60px"">
			<p>&nbsp;</p>
			</td>
			<td style=""border-bottom:1px solid black; border-left:none; border-right:1px solid black; border-top:none; height:35px; vertical-align:top; width:37px"">
			<p>&nbsp;</p>
			</td>
			<td style=""border-bottom:1px solid black; border-left:none; border-right:1px solid black; border-top:none; height:35px; vertical-align:top; width:43px"">
			<p>&nbsp;</p>
			</td>
			<td style=""border-bottom:1px solid black; border-left:none; border-right:1px solid black; border-top:none; height:35px; vertical-align:top; width:92px"">
			<p><span style=""font-size:11pt""><span style=""font-family:Calibri,sans-serif"">Speed</span></span></p>
			</td>
			<td colspan=""2"" style=""border-bottom:1px solid black; border-left:none; border-right:1px solid black; border-top:none; height:35px; vertical-align:top; width:47px"">
			<p>&nbsp;</p>
			</td>
			<td style=""border-bottom:1px solid black; border-left:none; border-right:1px solid black; border-top:none; height:35px; vertical-align:top; width:37px"">
			<p>&nbsp;</p>
			</td>
			<td style=""border-bottom:1px solid black; border-left:none; border-right:1px solid black; border-top:none; height:35px; vertical-align:top; width:43px"">
			<p>&nbsp;</p>
			</td>
		</tr>
		<tr>
			<td style=""border-bottom:1px solid black; border-left:1px solid black; border-right:1px solid black; border-top:none; height:27px; vertical-align:top; width:93px"">
			<p><span style=""font-size:11pt""><span style=""font-family:Calibri,sans-serif"">Bathing</span></span></p>
			</td>
			<td style=""border-bottom:1px solid black; border-left:none; border-right:1px solid black; border-top:none; height:27px; vertical-align:top; width:69px"">
			<p>&nbsp;</p>
			</td>
			<td colspan=""3"" style=""border-bottom:1px solid black; border-left:none; border-right:1px solid black; border-top:none; height:27px; vertical-align:top; width:63px"">
			<p>&nbsp;</p>
			</td>
			<td colspan=""2"" style=""border-bottom:1px solid black; border-left:none; border-right:1px solid black; border-top:none; height:27px; vertical-align:top; width:66px"">
			<p>&nbsp;</p>
			</td>
			<td colspan=""2"" style=""border-bottom:1px solid black; border-left:none; border-right:1px solid black; border-top:none; height:27px; vertical-align:top; width:162px"">
			<p><span style=""font-size:11pt""><span style=""font-family:Calibri,sans-serif"">Facial Expression</span></span></p>
			</td>
			<td colspan=""2"" style=""border-bottom:1px solid black; border-left:none; border-right:1px solid black; border-top:none; height:27px; vertical-align:top; width:60px"">
			<p>&nbsp;</p>
			</td>
			<td style=""border-bottom:1px solid black; border-left:none; border-right:1px solid black; border-top:none; height:27px; vertical-align:top; width:37px"">
			<p>&nbsp;</p>
			</td>
			<td style=""border-bottom:1px solid black; border-left:none; border-right:1px solid black; border-top:none; height:27px; vertical-align:top; width:43px"">
			<p>&nbsp;</p>
			</td>
			<td style=""border-bottom:1px solid black; border-left:none; border-right:1px solid black; border-top:none; height:27px; vertical-align:top; width:92px"">
			<p><span style=""font-size:11pt""><span style=""font-family:Calibri,sans-serif"">Endurance</span></span></p>
			</td>
			<td colspan=""2"" style=""border-bottom:1px solid black; border-left:none; border-right:1px solid black; border-top:none; height:27px; vertical-align:top; width:47px"">
			<p>&nbsp;</p>
			</td>
			<td style=""border-bottom:1px solid black; border-left:none; border-right:1px solid black; border-top:none; height:27px; vertical-align:top; width:37px"">
			<p>&nbsp;</p>
			</td>
			<td style=""border-bottom:1px solid black; border-left:none; border-right:1px solid black; border-top:none; height:27px; vertical-align:top; width:43px"">
			<p>&nbsp;</p>
			</td>
		</tr>
		<tr>
			<td style=""border-bottom:1px solid black; border-left:1px solid black; border-right:1px solid black; border-top:none; height:29px; vertical-align:top; width:93px"">
			<p><span style=""font-size:11pt""><span style=""font-family:Calibri,sans-serif"">Grooming</span></span></p>
			</td>
			<td style=""border-bottom:1px solid black; border-left:none; border-right:1px solid black; border-top:none; height:29px; vertical-align:top; width:69px"">
			<p>&nbsp;</p>
			</td>
			<td colspan=""3"" style=""border-bottom:1px solid black; border-left:none; border-right:1px solid black; border-top:none; height:29px; vertical-align:top; width:63px"">
			<p>&nbsp;</p>
			</td>
			<td colspan=""2"" style=""border-bottom:1px solid black; border-left:none; border-right:1px solid black; border-top:none; height:29px; vertical-align:top; width:66px"">
			<p>&nbsp;</p>
			</td>
			<td colspan=""2"" style=""border-bottom:1px solid black; border-left:none; border-right:1px solid black; border-top:none; height:29px; vertical-align:top; width:162px"">
			<p><span style=""font-size:11pt""><span style=""font-family:Calibri,sans-serif"">Eye contact</span></span></p>
			</td>
			<td colspan=""2"" style=""border-bottom:1px solid black; border-left:none; border-right:1px solid black; border-top:none; height:29px; vertical-align:top; width:60px"">
			<p>&nbsp;</p>
			</td>
			<td style=""border-bottom:1px solid black; border-left:none; border-right:1px solid black; border-top:none; height:29px; vertical-align:top; width:37px"">
			<p>&nbsp;</p>
			</td>
			<td style=""border-bottom:1px solid black; border-left:none; border-right:1px solid black; border-top:none; height:29px; vertical-align:top; width:43px"">
			<p>&nbsp;</p>
			</td>
			<td style=""border-bottom:1px solid black; border-left:none; border-right:1px solid black; border-top:none; height:29px; vertical-align:top; width:92px"">
			<p><span style=""font-size:11pt""><span style=""font-family:Calibri,sans-serif"">Coordination</span></span></p>
			</td>
			<td colspan=""2"" style=""border-bottom:1px solid black; border-left:none; border-right:1px solid black; border-top:none; height:29px; vertical-align:top; width:47px"">
			<p>&nbsp;</p>
			</td>
			<td style=""border-bottom:1px solid black; border-left:none; border-right:1px solid black; border-top:none; height:29px; vertical-align:top; width:37px"">
			<p>&nbsp;</p>
			</td>
			<td style=""border-bottom:1px solid black; border-left:none; border-right:1px solid black; border-top:none; height:29px; vertical-align:top; width:43px"">
			<p>&nbsp;</p>
			</td>
		</tr>
		<tr>
			<td colspan=""7"" style=""border-bottom:1px solid black; border-left:1px solid black; border-right:1px solid black; border-top:none; height:83px; vertical-align:top; width:292px"">&amp",,3000000020,,,,,,0,,,,,,,,,1,,,,,,,,,,,,,,,,,,,
4790,EEG,,,,,,0,,,,,,3000000020,Radiology,,,906,,,,,,"<p style=""text-align:center""><strong>EEG TECHNICAL AND NEUROLOGIST REPORT:</strong></p>

<p>The Patient was alert and cooperative</p>

<p>An 6Hz alpha rhythm recording posteriorly that is asymmetrical. There was attenuation on eye opening and mixed wih 5-6Hz theta activities.</p>

<p>&nbsp;</p>

<p><u>DESCRIPTION</u></p>

<p>&nbsp;</p>

<p>&nbsp;</p>

<p><u>IMPRESSION</u></p>

<p>&nbsp;</p>

<p><strong>OPERATOR:</strong></p>

<p>&nbsp;</p>

<p><strong>COMMENT:</strong>&nbsp; EPISODIC UNUSUAL BEHAVIOR 4 EPISODESIN LAST 8/12</p>

<p>DR. OA TALABI</p>

<p>CONSULTANT NEUROLOGIST.</p>
",,3000000020,,,,,,0,,,,,,,,,1,,,,,,,,,,,,,,,,,,,
4792,Speech Therapy Children 2-18,,,,,,0,,,,,,3000000020,Radiology,,,966,,,,,,,,3000000020,,,,,,0,,,,,,,,,1,,,,,,,,,,,,,,,,,,,
4796,Special Education Assessment Adult 20 Above,,,,,,0,,,,,,3000000020,Radiology,,,886,,,,,,"<p style=""text-align:center""><span style=""font-size:11pt""><span style=""font-family:Calibri,sans-serif""><strong><em><span style=""font-size:12.0pt""><span style=""font-family:&quot;Times New Roman&quot;,serif""><span style=""color:red"">SPECIAL EDUCATION ASSESSMENT FORM</span></span></span></em></strong></span></span></p>

<p>&nbsp;</p>

<p><span style=""font-size:11pt""><span style=""font-family:Calibri,sans-serif""><strong><em><span style=""font-size:14.0pt""><span style=""font-family:&quot;Times New Roman&quot;,serif"">PATIENT PROFILE:</span></span></em></strong><em>&nbsp;&nbsp;&nbsp;&nbsp;&nbsp;&nbsp;&nbsp;&nbsp;&nbsp;&nbsp;&nbsp;&nbsp;&nbsp;&nbsp;&nbsp;&nbsp;&nbsp;&nbsp;&nbsp;&nbsp;&nbsp;&nbsp;&nbsp;&nbsp;&nbsp;&nbsp;&nbsp;&nbsp;&nbsp;&nbsp;&nbsp;&nbsp;&nbsp;&nbsp;&nbsp;&nbsp;&nbsp;&nbsp;&nbsp;&nbsp;&nbsp;&nbsp;&nbsp;&nbsp;&nbsp;&nbsp;&nbsp;&nbsp; </em></span></span></p>

<p><span style=""font-size:11pt""><span style=""font-family:Calibri,sans-serif""><em><span style=""font-size:12.0pt""><span style=""font-family:&quot;Times New Roman&quot;,serif"">PATIENT&rsquo;S NAME</span></span></em><em><span style=""font-size:12.0pt""><span style=""font-family:&quot;Times New Roman&quot;,serif"">: </span></span>&nbsp;&nbsp;&nbsp;&nbsp;&nbsp;&nbsp;&nbsp;&nbsp;&nbsp;&nbsp;&nbsp;&nbsp;&nbsp;&nbsp; </em></span></span></p>

<p><span style=""font-size:11pt""><span style=""font-family:Calibri,sans-serif""><em><span style=""font-size:12.0pt""><span style=""font-family:&quot;Times New Roman&quot;,serif"">AGE:&nbsp;&nbsp;&nbsp;&nbsp;&nbsp;&nbsp;&nbsp;&nbsp;&nbsp;&nbsp;&nbsp;&nbsp;&nbsp;&nbsp;&nbsp;&nbsp;&nbsp;&nbsp;&nbsp;&nbsp;&nbsp;&nbsp;&nbsp;&nbsp;&nbsp;&nbsp; </span></span></em></span></span></p>

<p><span style=""font-size:11pt""><span style=""font-family:Calibri,sans-serif""><em><span style=""font-size:12.0pt""><span style=""font-family:&quot;Times New Roman&quot;,serif"">EDUCATION LEVEL:&nbsp;&nbsp;&nbsp;&nbsp;&nbsp;&nbsp;&nbsp;&nbsp;&nbsp;&nbsp;&nbsp;&nbsp;&nbsp;&nbsp;&nbsp;&nbsp;&nbsp;&nbsp;&nbsp;&nbsp;&nbsp;&nbsp;&nbsp;&nbsp;&nbsp;&nbsp;&nbsp;&nbsp;&nbsp;&nbsp;&nbsp;&nbsp;&nbsp;&nbsp; </span></span></em></span></span></p>

<p><span style=""font-size:11pt""><span style=""font-family:Calibri,sans-serif""><em><span style=""font-size:12.0pt""><span style=""font-family:&quot;Times New Roman&quot;,serif"">MARITAL STATUS: &nbsp;&nbsp;&nbsp;&nbsp;&nbsp;&nbsp;&nbsp;&nbsp;&nbsp;&nbsp;&nbsp;&nbsp;&nbsp;&nbsp;&nbsp;&nbsp;&nbsp;&nbsp;&nbsp;&nbsp;&nbsp;&nbsp;&nbsp;&nbsp;&nbsp;&nbsp;&nbsp;&nbsp;&nbsp;&nbsp;&nbsp;&nbsp;&nbsp;&nbsp;&nbsp;&nbsp;&nbsp; </span></span></em></span></span></p>

<p><span style=""font-size:11pt""><span style=""font-family:Calibri,sans-serif""><em><span style=""font-size:12.0pt""><span style=""font-family:&quot;Times New Roman&quot;,serif"">SEX:&nbsp;&nbsp;&nbsp; </span></span></em></span></span></p>

<p><span style=""font-size:11pt""><span style=""font-family:Calibri,sans-serif""><em><span style=""font-size:12.0pt""><span style=""font-family:&quot;Times New Roman&quot;,serif"">DATE OF BIRTH: &nbsp;&nbsp;&nbsp;&nbsp;&nbsp;&nbsp;&nbsp;&nbsp;&nbsp;&nbsp;&nbsp;&nbsp;&nbsp;&nbsp;&nbsp;&nbsp;&nbsp;&nbsp;&nbsp;&nbsp;&nbsp;&nbsp;&nbsp;&nbsp;&nbsp;&nbsp;&nbsp;&nbsp;&nbsp;&nbsp;&nbsp;&nbsp;&nbsp;&nbsp;&nbsp;&nbsp;&nbsp;&nbsp;&nbsp;&nbsp; </span></span></em></span></span></p>

<p><span style=""font-size:11pt""><span style=""font-family:Calibri,sans-serif""><em><span style=""font-size:12.0pt""><span style=""font-family:&quot;Times New Roman&quot;,serif"">REFERRED BY: </span></span></em></span></span></p>

<p><span style=""font-size:11pt""><span style=""font-family:Calibri,sans-serif""><em><span style=""font-size:12.0pt""><span style=""font-family:&quot;Times New Roman&quot;,serif"">WARD: &nbsp;&nbsp;&nbsp;&nbsp;&nbsp;&nbsp;&nbsp;&nbsp;&nbsp;&nbsp;&nbsp;&nbsp;&nbsp;&nbsp;&nbsp;&nbsp;&nbsp;&nbsp;&nbsp;&nbsp;&nbsp;&nbsp; &nbsp;&nbsp;</span></span></em></span></span></p>

<p><span style=""font-size:11pt""><span style=""font-family:Calibri,sans-serif""><em><span style=""font-size:12.0pt""><span style=""font-family:&quot;Times New Roman&quot;,serif"">&nbsp;OPC: </span></span></em></span></span></p>

<p><span style=""font-size:11pt""><span style=""font-family:Calibri,sans-serif""><em><span style=""font-size:12.0pt""><span style=""font-family:&quot;Times New Roman&quot;,serif"">OCCUPATION: </span></span></em></span></span></p>

<p><span style=""font-size:11pt""><span style=""font-family:Calibri,sans-serif""><em><span style=""font-size:12.0pt""><span style=""font-family:&quot;Times New Roman&quot;,serif"">PHONE NO: </span></span></em></span></span></p>

<p><span style=""font-size:11pt""><span style=""font-family:Calibri,sans-serif""><em><span style=""font-size:12.0pt""><span style=""font-family:&quot;Times New Roman&quot;,serif"">NAME OF UNIT: </span></span></em></span></span></p>

<p><span style=""font-size:11pt""><span style=""font-family:Calibri,sans-serif""><em><span style=""font-size:12.0pt""><span style=""font-family:&quot;Times New Roman&quot;,serif"">EDUCATION OFFICER IN CHARGE: </span></span></em></span></span></p>

<p><span style=""font-size:11pt""><span style=""font-family:Calibri,sans-serif""><em><span style=""font-size:12.0pt""><span style=""font-family:&quot;Times New Roman&quot;,serif"">HOME ADDRESS:&nbsp; </span></span></em></span></span></p>

<p><span style=""font-size:11pt""><span style=""font-family:Calibri,sans-serif""><em><span style=""font-size:12.0pt""><span style=""font-family:&quot;Times New Roman&quot;,serif"">CONTACT ADDRESS: </span></span></em></span></span></p>

<p><span style=""font-size:11pt""><span style=""font-family:Calibri,sans-serif""><em><span style=""font-size:12.0pt""><span style=""font-family:&quot;Times New Roman&quot;,serif"">DATE OF ASSESSMENT: </span></span></em></span></span></p>

<p><span style=""font-size:11pt""><span style=""font-family:Calibri,sans-serif""><em><span style=""font-size:12.0pt""><span style=""font-family:&quot;Times New Roman&quot;,serif"">AGE ATASSESSMENT:</span></span></em></span></span></p>

<p><span style=""font-size:11pt""><span style=""font-family:Calibri,sans-serif""><strong><em><span style=""font-size:14.0pt""><span style=""font-family:&quot;Times New Roman&quot;,serif"">Reason for referral:</span></span></em></strong></span></span></p>

<p>&nbsp;</p>

<p>&nbsp;</p>

<p>&nbsp;</p>

<p>&nbsp;</p>

<p>&nbsp;</p>

<p>&nbsp;</p>

<p><span style=""font-size:11pt""><span style=""font-family:Calibri,sans-serif""><strong><em><span style=""font-size:14.0pt""><span style=""font-family:&quot;Times New Roman&quot;,serif"">presenting complaints / baseline current Learning disabilities signs:</span></span></em></strong></span></span></p>

<p><span style=""font-size:11pt""><span style=""font-family:Calibri,sans-serif""><strong><em><span style=""font-size:13.0pt""><span style=""font-family:&quot;Times New Roman&quot;,serif"">Please indicate Yes / No as appropriate to the clients</span></span></em></strong></span></span></p>

<table cellspacing=""0"" class=""MsoTableGrid"" style=""border-collapse:collapse; border:none"">
	<tbody>
		<tr>
			<td style=""border-bottom:1px solid black; border-left:1px solid black; border-right:1px solid black; border-top:1px solid black; vertical-align:top; width:301px"">
			<p><span style=""font-size:11pt""><span style=""font-family:Calibri,sans-serif""><span style=""font-size:12.0pt""><span style=""font-family:&quot;Times New Roman&quot;,serif"">Does not read independently (i.e., does not choose reading as an independent activity, avoids reading, etc.)</span></span></span></span></p>
			</td>
			<td style=""border-bottom:1px solid black; border-left:none; border-right:1px solid black; border-top:1px solid black; vertical-align:top; width:301px"">
			<p>&nbsp;</p>
			</td>
		</tr>
		<tr>
			<td style=""border-bottom:1px solid black; border-left:1px solid black; border-right:1px solid black; border-top:none; vertical-align:top; width:301px"">
			<p><span style=""font-size:11pt""><span style=""font-family:Calibri,sans-serif""><span style=""font-size:12.0pt""><span style=""font-family:&quot;Times New Roman&quot;,serif"">Fails to remember sequences (e.g., events in a daily routine, days of the week, months of the year, etc.)</span></span></span></span></p>
			</td>
			<td style=""border-bottom:1px solid black; border-left:none; border-right:1px solid black; border-top:none; vertical-align:top; width:301px"">
			<p>&nbsp;</p>
			</td>
		</tr>
		<tr>
			<td style=""border-bottom:1px solid black; border-left:1px solid black; border-right:1px solid black; border-top:none; vertical-align:top; width:301px"">
			<p><span style=""font-size:11pt""><span style=""font-family:Calibri,sans-serif""><span style=""font-size:12.0pt""><span style=""font-family:&quot;Times New Roman&quot;,serif"">Loses place when reading (e.g., leaves out words, lines, or sentences when reading)</span></span></span></span></p>
			</td>
			<td style=""border-bottom:1px solid black; border-left:none; border-right:1px solid black; border-top:none; vertical-align:top; width:301px"">
			<p>&nbsp;</p>
			</td>
		</tr>
		<tr>
			<td style=""border-bottom:1px solid black; border-left:1px solid black; border-right:1px solid black; border-top:none; vertical-align:top; width:301px"">
			<p><span style=""font-size:11pt""><span style=""font-family:Calibri,sans-serif""><em><span style=""font-size:12.0pt""><span style=""font-family:&quot;Times New Roman&quot;,serif"">Has messy handwriting, and clumsiness</span></span></em></span></span></p>
			</td>
			<td style=""border-bottom:1px solid black; border-left:none; border-right:1px solid black; border-top:none; vertical-align:top; width:301px"">
			<p>&nbsp;</p>
			</td>
		</tr>
		<tr>
			<td style=""border-bottom:1px solid black; border-left:1px solid black; border-right:1px solid black; border-top:none; vertical-align:top; width:301px"">
			<p><span style=""font-size:11pt""><span style=""font-family:Calibri,sans-serif""><span style=""font-size:12.0pt""><span style=""font-family:&quot;Times New Roman&quot;,serif"">Is unsuccessful in activities requiring listening (e.g., games, following oral directions, etc.</span></span></span></span></p>
			</td>
			<td style=""border-bottom:1px solid black; border-left:none; border-right:1px solid black; border-top:none; vertical-align:top; width:301px"">
			<p>&nbsp;</p>
			</td>
		</tr>
		<tr>
			<td style=""border-bottom:1px solid black; border-left:1px solid black; border-right:1px solid black; border-top:none; vertical-align:top; width:301px"">
			<p><span style=""font-size:11pt""><span style=""font-family:Calibri,sans-serif""><span style=""font-size:12.0pt""><span style=""font-family:&quot;Times New Roman&quot;,serif"">Uses inappropriate letter size when writing (i.e., too large or too small)</span></span></span></span></p>
			</td>
			<td style=""border-bottom:1px solid black; border-left:none; border-right:1px solid black; border-top:none; vertical-align:top; width:301px"">
			<p>&nbsp;</p>
			</td>
		</tr>
		<tr>
			<td style=""border-bottom:1px solid black; border-left:1px solid black; border-right:1px solid black; border-top:none; vertical-align:top; width:301px"">
			<p><span style=""font-size:11pt""><span style=""font-family:Calibri,sans-serif""><span style=""font-size:12.0pt""><span style=""font-family:&quot;Times New Roman&quot;,serif"">Confuses operational signs when working math problems (e.g., +, -, &divide;, &times;)</span></span></span></span></p>
			</td>
			<td style=""border-bottom:1px solid black; border-left:none; border-right:1px solid black; border-top:none; vertical-align:top; width:301px"">
			<p>&nbsp;</p>
			</td>
		</tr>
		<tr>
			<td style=""border-bottom:1px solid black; border-left:1px solid black; border-right:1px solid black; border-top:none; vertical-align:top; width:301px"">
			<p><span style=""font-size:11pt""><span style=""font-family:Calibri,sans-serif""><span style=""font-size:12.0pt""><span style=""font-family:&quot;Times New Roman&quot;,serif"">Fails to use spelling rules (e.g., &ldquo;i before e except after c,&rdquo; rules for changing words to plural form, etc.). </span></span></span></span></p>

			<p>&nbsp;</p>
			</td>
			<td style=""border-bottom:1px solid black; border-left:none; border-right:1px solid black; border-top:none; vertical-align:top; width:301px"">
			<p>&nbsp;</p>
			</td>
		</tr>
		<tr>
			<td style=""border-bottom:1px solid black; border-left:1px solid black; border-right:1px solid black; border-top:none; vertical-align:top; width:301px"">
			<p><span style=""font-size:11pt""><span style=""font-family:Calibri,sans-serif""><span style=""font-size:12.0pt""><span style=""font-family:&quot;Times New Roman&quot;,serif"">Has diffi</span></span><span style=""font-size:12.0pt""><span style=""font-family:&quot;Times New Roman&quot;,serif"">c</span></span><span style=""font-size:12.0pt""><span style=""font-family:&quot;Times New Roman&quot;,serif"">ulty with phonetic approaches to spelling (i.e., does not spell words the way they sound) </span></span></span></span></p>
			</td>
			<td style=""border-bottom:1px solid black; border-left:none; border-right:1px solid black; border-top:none; vertical-align:top; width:301px"">
			<p>&nbsp;</p>
			</td>
		</tr>
		<tr>
			<td style=""border-bottom:1px solid black; border-left:1px solid black; border-right:1px solid black; border-top:none; vertical-align:top; width:301px"">
			<p><span style=""font-size:11pt""><span style=""font-family:Calibri,sans-serif""><span style=""font-size:12.0pt""><span style=""font-family:&quot;Times New Roman&quot;,serif"">Fails to correctly solve math problems involving fractions or decimals (e.g., understanding parts of the whole, recognizing fractional values, performing operations, etc.)</span></span></span></span></p>
			</td>
			<td style=""border-bottom:1px solid black; border-left:none; border-right:1px solid black; border-top:none; vertical-align:top; width:301px"">
			<p>&nbsp;</p>
			</td>
		</tr>
		<tr>
			<td style=""border-bottom:1px solid black; border-left:1px solid black; border-right:1px solid black; border-top:none; vertical-align:top; width:301px"">
			<p><span style=""font-size:11pt""><span style=""font-family:Calibri,sans-serif""><span style=""font-size:12.0pt""><span style=""font-family:&quot;Times New Roman&quot;,serif"">Requires slow, sequential, substantially broken</span></span> <span style=""font-size:12.0pt""><span style=""font-family:&quot;Times New Roman&quot;,serif"">down presentation of concepts</span></span></span></span></p>
			</td>
			<td style=""border-bottom:1px solid black; border-left:none; border-right:1px solid black; border-top:none; vertical-align:top; width:301px"">
			<p>&nbsp;</p>
			</td>
		</tr>
		<tr>
			<td style=""border-bottom:1px solid black; border-left:1px solid black; border-right:1px solid black; border-top:none; vertical-align:top; width:301px"">
			<p><span style=""font-size:11pt""><span style=""font-family:Calibri,sans-serif""><span style=""font-size:12.0pt""><span style=""font-family:&quot;Times New Roman&quot;,serif"">Fails to finish assignments because of reading difficulties (i.e., reads too slowly </span></span><span style=""font-size:12.0pt""><span style=""font-family:&quot;Times New Roman&quot;,serif"">or fails to finish on time.</span></span></span></span></p>
			</td>
			<td style=""border-bottom:1px solid black; border-left:none; border-right:1px solid black; border-top:none; vertical-align:top; width:301px"">
			<p>&nbsp;</p>
			</td>
		</tr>
		<tr>
			<td style=""border-bottom:1px solid black; border-left:1px solid black; border-right:1px solid black; border-top:none; vertical-align:top; width:301px"">
			<p><span style=""font-size:11pt""><span style=""font-family:Calibri,sans-serif""><span style=""font-size:12.0pt""><span style=""font-family:&quot;Times New Roman&quot;,serif"">Does not carry on conversations with peers and adults</span></span><span style=""font-size:12.0pt""><span style=""font-family:&quot;Times New Roman&quot;,serif""> ,and he </span></span>&nbsp;<span style=""font-size:12.0pt""><span style=""font-family:&quot;Times New Roman&quot;,serif"">h</span></span><span style=""font-size:12.0pt""><span style=""font-family:&quot;Times New Roman&quot;,serif"">as a limited speaking vocabulary</span></span></span></span></p>
			</td>
			<td style=""border-bottom:1px solid black; border-left:none; border-right:1px solid black; border-top:none; vertical-align:top; width:301px"">
			<p>&nbsp;</p>
			</td>
		</tr>
		<tr>
			<td style=""border-bottom:1px solid black; border-left:1px solid black; border-right:1px solid black; border-top:none; vertical-align:top; width:301px"">
			<p><span style=""font-size:11pt""><span style=""font-family:Calibri,sans-serif""><span style=""font-size:12.0pt""><span style=""font-family:&quot;Times New Roman&quot;,serif"">Fails to use capitalization correctly when</span></span><span style=""font-size:12.0pt""><span style=""font-family:&quot;Times New Roman&quot;,serif""> writing.</span></span></span></span></p>
			</td>
			<td style=""border-bottom:1px solid black; border-left:none; border-right:1px solid black; border-top:none; vertical-align:top; width:301px"">
			<p>&nbsp;</p>
			</td>
		</tr>
		<tr>
			<td style=""border-bottom:1px solid black; border-left:1px solid black; border-right:1px solid black; border-top:none; vertical-align:top; width:301px"">
			<p><span style=""font-size:11pt""><span style=""font-family:Calibri,sans-serif""><span style=""font-size:12.0pt""><span style=""font-family:&quot;Times New Roman&quot;,serif"">Reverses letters and numbers when writing</span></span><span style=""font-size:12.0pt""><span style=""font-family:&quot;Times New Roman&quot;,serif""> and </span></span><span style=""font-size:12.0pt""><span style=""font-family:&quot;Times New Roman&quot;,serif"">Fails to write within a given space (e.g., writes off of the page, does not write on a line, etc</span></span></span></span></p>
			</td>
			<td style=""border-bottom:1px solid black; border-left:none; border-right:1px solid black; border-top:none; vertical-align:top; width:301px"">
			<p>&nbsp;</p>

			<p>&nbsp;</p>
			</td>
		</tr>
		<tr>
			<td style=""border-bottom:1px solid black; border-left:1px solid black; border-right:1px solid black; border-top:none; vertical-align:top; width:301px"">
			<p><span style=""font-size:11pt""><span style=""font-family:Calibri,sans-serif""><span style=""font-size:12.0pt""><span style=""font-family:&quot;Times New Roman&quot;,serif"">Fails to correctly solve problems involving money, interms of recognition, values, counting money, and&nbsp; doing monetary transactions</span></span></span></span></p>
			</td>
			<td style=""border-bottom:1px solid black; border-left:none; border-right:1px solid black; border-top:none; vertical-align:top; width:301px"">
			<p>&nbsp;</p>
			</td>
		</tr>
	</tbody>
</table>

<p>&nbsp;</p>

<p>&nbsp;</p>

<p><span style=""font-size:11pt""><span style=""font-family:Calibri,sans-serif""><strong><em><span style=""font-size:14.0pt""><span style=""font-family:&quot;Times New Roman&quot;,serif"">&nbsp;EDUCATIONAL HISTORY:</span></span></em></strong></span></span></p>

<p>&nbsp;</p>

<p>&nbsp;</p>

<p>&nbsp;</p>

<p>&nbsp;</p>

<p>&nbsp;</p>

<p>&nbsp;</p>

<p>&nbsp;</p>

<p>&nbsp;</p>

<p>&nbsp;</p>

<p>&nbsp;</p>

<p><span style=""font-size:11pt""><span style=""font-family:Calibri,sans-serif""><strong><em><span style=""font-size:14.0pt""><span style=""font-family:&quot;Times New Roman&quot;,serif"">EDUCATIONAL ASSESSMENT:</span></span></em></strong></span></span></p>

<p>&nbsp;</p>

<p>&nbsp;</p>

<p>&nbsp;</p>

<p>&nbsp;</p>

<p>&nbsp;</p>

<p>&nbsp;</p>

<p>&nbsp;</p>

<p>&nbsp;</p>

<p><span style=""font-size:11pt""><span style=""font-family:Calibri,sans-serif""><strong><em><span style=""font-size:14.0pt""><span style=""font-family:&quot;Times New Roman&quot;,serif"">EDUCATIONAL PROBLEMS IDENTIFIED:</span></span></em></strong></span></span></p>

<p>&nbsp;</p>

<p>&nbsp;</p>

<p>&nbsp;</p>

<p>&nbsp;</p>

<p>&nbsp;</p>

<p>&nbsp;</p>

<p>&nbsp;</p>

<p><span style=""font-size:11pt""><span style=""font-family:Calibri,sans-serif""><strong><em><span style=""font-size:14.0pt""><span style=""font-family:&quot;Times New Roman&quot;,serif"">EDUCATIONAL PRIORITY:</span></span></em></strong></span></span></p>

<p>&nbsp;</p>

<p>&nbsp;</p>

<p>&nbsp;</p>

<p>&nbsp;</p>

<p>&nbsp;</p>

<p>&nbsp;</p>

<p><span style=""font-size:11pt""><span style=""font-family:Calibri,sans-serif""><strong><em><span style=""font-size:14.0pt""><span style=""font-family:&quot;Times New Roman&quot;,serif"">EDUCATIONAL INTERVENTION:</span></span></em></strong></span></span></p>

<p>&nbsp;</p>

<p>&nbsp;</p>

<p>&nbsp;</p>

<p>&nbsp;</p>

<p>&nbsp;</p>

<p>&nbsp;</p>

<p>&nbsp;</p>

<p>&nbsp;</p>

<p>&nbsp;</p>

<p><span style=""font-size:11pt""><span style=""font-family:Calibri,sans-serif""><strong><em><span style=""font-size:14.0pt""><span style=""font-family:&quot;Times New Roman&quot;,serif"">EDUCATIONAL DIAGNOSIS:</span></span></em></strong></span></span></p>

<p>&nbsp;</p>

<p>&nbsp;</p>

<p>&nbsp;</p>

<p><span style=""font-size:11pt""><span style=""font-family:Calibri,sans-serif""><strong><em><span style=""font-size:14.0pt""><span style=""font-family:&quot;Times New Roman&quot;,serif"">CONCLUSION/SUMMARY:</span></span></em></strong></span></span></p>

<p>&nbsp;</p>

<p>&nbsp;</p>

<p><span style=""font-size:11pt""><span style=""font-family:Calibri,sans-serif""><strong><em><span style=""font-size:14.0pt""><span style=""font-family:&quot;Times New Roman&quot;,serif"">REFERRED TO:</span></span></em></strong></span></span></p>

<table cellspacing=""0"" class=""MsoTableGrid"" style=""border-collapse:collapse; border:none; width:652px"">
	<tbody>
		<tr>
			<td style=""border-bottom:1px solid black; border-left:1px solid black; border-right:1px solid black; border-top:1px solid black; height:156px; vertical-align:top; width:274px"">
			<p>&nbsp;</p>

			<p>&nbsp;</p>

			<p>&nbsp;</p>

			<p>&nbsp;</p>

			<p><span style=""font-size:11pt""><span style=""font-family:Calibri,sans-serif""><em><span style=""font-size:14.0pt""><span style=""font-family:&quot;Times New Roman&quot;,serif"">Referred to&hellip;&hellip;&hellip;&hellip;&hellip;.</span></span></em></span></span></p>
			</td>
			<td style=""border-bottom:1px solid black; border-left:none; border-right:1px solid black; border-top:1px solid black; height:156px; vertical-align:top; width:378px"">
			<p>&nbsp;</p>

			<p>&nbsp;</p>
			&nbsp;

			<p><span style=""font-size:11pt""><span style=""font-family:Calibri,sans-serif""><strong><em>&nbsp;&nbsp;&nbsp;&nbsp;&nbsp;&nbsp;&nbsp;&nbsp;&nbsp;&nbsp; </em></strong><em><span style=""font-size:14.0pt""><span style=""font-family:&quot;Times New Roman&quot;,serif"">Psychologist</span></span></em></span></span></p>

			<p><span style=""font-size:11pt""><span style=""font-family:Calibri,sans-serif""><em><span style=""font-size:14.0pt""><span style=""font-family:&quot;Times New Roman&quot;,serif"">&nbsp;&nbsp;&nbsp;&nbsp;&nbsp;&nbsp;&nbsp;&nbsp;&nbsp;&nbsp; Occupational therapist</span></span></em></span></span></p>

			<p><span style=""font-size:11pt""><span style=""font-family:Calibri,sans-serif""><em><span style=""font-size:14.0pt""><span style=""font-family:&quot;Times New Roman&quot;,serif"">&nbsp;&nbsp;&nbsp;&nbsp;&nbsp;&nbsp;&nbsp;&nbsp;&nbsp;&nbsp; School counsellor</span></span></em></span></span></p>

			<p><span style=""font-size:11pt""><span style=""font-family:Calibri,sans-serif""><em><span style=""font-size:14.0pt""><span style=""font-family:&quot;Times New Roman&quot;,serif"">&nbsp;&nbsp;&nbsp;&nbsp;&nbsp;&nbsp;&nbsp;&nbsp;&nbsp;&nbsp; Social worker</span></span></em></span></span></p>

			<p><span style=""font-size:11pt""><span style=""font-family:Calibri,sans-serif""><em><span style=""font-size:14.0pt""><span style=""font-family:&quot;Times New Roman&quot;,serif"">&nbsp;&nbsp;&nbsp;&nbsp;&nbsp;&nbsp;&nbsp;&nbsp;&nbsp;&nbsp; Pediatricians </span></span></em></span></span></p>

			<p>&nbsp;</p>
			</td>
		</tr>
	</tbody>
</table>

<p>&nbsp;</p>

<p>&nbsp;</p>

<p>&nbsp;</p>

<p><span style=""font-size:11pt""><span style=""font-family:Calibri,sans-serif""><strong><em><span style=""font-size:14.0pt""><span style=""font-family:&quot;Times New Roman&quot;,serif"">RECOMMENDATION:</span></span></em></strong></span></span></p>

<p>&nbsp;</p>

<p>&nbsp;</p>

<p>&nbsp;</p>

<p><span style=""font-size:11pt""><span style=""font-family:Calibri,sans-serif""><strong><em><span style=""font-size:14.0pt""><span style=""font-family:&quot;Times New Roman&quot;,serif"">EDUCATIONAL THERAPY FOLLOWUP:</span></span></em></strong></span></span></p>

<table cellspacing=""0"" class=""MsoTableGrid"" style=""border-collapse:collapse; border:none"">
	<tbody>
		<tr>
			<td style=""border-bottom:1px solid black; border-left:1px solid black; border-right:1px solid black; border-top:1px solid black; vertical-align:top; width:301px"">
			<p><span style=""font-size:11pt""><span style=""font-family:Calibri,sans-serif""><em><span style=""font-size:14.0pt""><span style=""font-family:&quot;Times New Roman&quot;,serif"">Date</span></span></em></span></span></p>
			</td>
			<td style=""border-bottom:1px solid black; border-left:none; border-right:1px solid black; border-top:1px solid black; vertical-align:top; width:301px"">
			<p>&nbsp;</p>
			</td>
		</tr>
		<tr>
			<td style=""border-bottom:1px solid black; border-left:1px solid black; border-right:1px solid black; border-top:none; vertical-align:top; width:301px"">
			<p><span style=""font-size:11pt""><span style=""font-family:Calibri,sans-serif""><em><span style=""font-size:14.0pt""><span style=""font-family:&quot;Times New Roman&quot;,serif"">Patient&rsquo;s name</span></span></em></span></span></p>
			</td>
			<td style=""border-bottom:1px solid black; border-left:none; border-right:1px solid black; border-top:none; vertical-align:top; width:301px"">
			<p>&nbsp;</p>
			</td>
		</tr>
		<tr>
			<td style=""border-bottom:1px solid black; border-left:1px solid black; border-right:1px solid black; border-top:none; vertical-align:top; width:301px"">
			<p><span style=""font-size:11pt""><span style=""font-family:Calibri,sans-serif""><em><span style=""font-size:14.0pt""><span style=""font-family:&quot;Times New Roman&quot;,serif"">Current education level</span></span></em></span></span></p>
			</td>
			<td style=""border-bottom:1px solid black; border-left:none; border-right:1px solid black; border-top:none; vertical-align:top; width:301px"">
			<p>&nbsp;</p>
			</td>
		</tr>
		<tr>
			<td style=""border-bottom:1px solid black; border-left:1px solid black; border-right:1px solid black; border-top:none; vertical-align:top; width:301px"">
			<p><span style=""font-size:11pt""><span style=""font-family:Calibri,sans-serif""><em><span style=""font-size:14.0pt""><span style=""font-family:&quot;Times New Roman&quot;,serif"">Next follow up date</span></span></em></span></span></p>
			</td>
			<td style=""border-bottom:1px solid black; border-left:none; border-right:1px solid black; border-top:none; vertical-align:top; width:301px"">
			<p>&nbsp;</p>
			</td>
		</tr>
	</tbody>
</table>

<p>&nbsp;</p>

<p><span style=""font-size:11pt""><span style=""font-family:Calibri,sans-serif""><strong><em><span style=""font-size:14.0pt""><span style=""font-family:&quot;Times New Roman&quot;,serif"">EDUCATIONAL THERAPIST IN CHARGE:</span></span></em></strong></span></span></p>

<p>&nbsp;</p>

<p>&nbsp;</p>

<p>&nbsp;</p>

<p><span style=""font-size:11pt""><span style=""font-family:Calibri,sans-serif""><strong><em><span style=""font-size:14.0pt""><span style=""font-family:&quot;Times New Roman&quot;,serif"">Supervisor /Head of unit in Charge:</span></span></em></strong></span></span></p>
",,3000000020,,,,,,0,,,,,,,,,1,,,,,,,,,,,,,,,,,,,
4798,Special Education Assessment Request Children age 18 below,,,,,,0,,,,,,3000000020,Radiology,,,886,,,,,,"<p style=""text-align:center""><span style=""font-size:11pt""><span style=""font-family:Calibri,sans-serif""><strong><em><span style=""font-size:12.0pt""><span style=""font-family:&quot;Times New Roman&quot;,serif""><span style=""color:red"">SPECIAL EDUCATION ASSESSMENT FORM</span></span></span></em></strong></span></span></p>

<p>&nbsp;</p>

<p><span style=""font-size:11pt""><span style=""font-family:Calibri,sans-serif""><strong><em><span style=""font-size:14.0pt""><span style=""font-family:&quot;Times New Roman&quot;,serif"">PATIENT PROFILE:</span></span></em></strong><em>&nbsp;&nbsp;&nbsp;&nbsp;&nbsp;&nbsp;&nbsp;&nbsp;&nbsp;&nbsp;&nbsp;&nbsp;&nbsp;&nbsp;&nbsp;&nbsp;&nbsp;&nbsp;&nbsp;&nbsp;&nbsp;&nbsp;&nbsp;&nbsp;&nbsp;&nbsp;&nbsp;&nbsp;&nbsp;&nbsp;&nbsp;&nbsp;&nbsp;&nbsp;&nbsp;&nbsp;&nbsp;&nbsp;&nbsp;&nbsp;&nbsp;&nbsp;&nbsp;&nbsp;&nbsp;&nbsp;&nbsp;&nbsp; </em></span></span></p>

<p><span style=""font-size:11pt""><span style=""font-family:Calibri,sans-serif""><em><span style=""font-size:12.0pt""><span style=""font-family:&quot;Times New Roman&quot;,serif"">PATIENT&rsquo;S NAME</span></span></em><em><span style=""font-size:12.0pt""><span style=""font-family:&quot;Times New Roman&quot;,serif"">: </span></span>&nbsp;&nbsp;&nbsp;&nbsp;&nbsp;&nbsp;&nbsp;&nbsp;&nbsp;&nbsp;&nbsp;&nbsp;&nbsp;&nbsp; </em></span></span></p>

<p><span style=""font-size:11pt""><span style=""font-family:Calibri,sans-serif""><em><span style=""font-size:12.0pt""><span style=""font-family:&quot;Times New Roman&quot;,serif"">AGE:&nbsp;&nbsp;&nbsp;&nbsp;&nbsp;&nbsp;&nbsp;&nbsp;&nbsp;&nbsp;&nbsp;&nbsp;&nbsp;&nbsp;&nbsp;&nbsp;&nbsp;&nbsp;&nbsp;&nbsp;&nbsp;&nbsp;&nbsp;&nbsp;&nbsp;&nbsp; </span></span></em></span></span></p>

<p><span style=""font-size:11pt""><span style=""font-family:Calibri,sans-serif""><em><span style=""font-size:12.0pt""><span style=""font-family:&quot;Times New Roman&quot;,serif"">EDUCATION LEVEL:&nbsp;&nbsp;&nbsp;&nbsp;&nbsp;&nbsp;&nbsp;&nbsp;&nbsp;&nbsp;&nbsp;&nbsp;&nbsp;&nbsp;&nbsp;&nbsp;&nbsp;&nbsp;&nbsp;&nbsp;&nbsp;&nbsp;&nbsp;&nbsp;&nbsp;&nbsp;&nbsp;&nbsp;&nbsp;&nbsp;&nbsp;&nbsp;&nbsp;&nbsp; </span></span></em></span></span></p>

<p><span style=""font-size:11pt""><span style=""font-family:Calibri,sans-serif""><em><span style=""font-size:12.0pt""><span style=""font-family:&quot;Times New Roman&quot;,serif"">MARITAL STATUS: &nbsp;&nbsp;&nbsp;&nbsp;&nbsp;&nbsp;&nbsp;&nbsp;&nbsp;&nbsp;&nbsp;&nbsp;&nbsp;&nbsp;&nbsp;&nbsp;&nbsp;&nbsp;&nbsp;&nbsp;&nbsp;&nbsp;&nbsp;&nbsp;&nbsp;&nbsp;&nbsp;&nbsp;&nbsp;&nbsp;&nbsp;&nbsp;&nbsp;&nbsp;&nbsp;&nbsp;&nbsp; </span></span></em></span></span></p>

<p><span style=""font-size:11pt""><span style=""font-family:Calibri,sans-serif""><em><span style=""font-size:12.0pt""><span style=""font-family:&quot;Times New Roman&quot;,serif"">SEX:&nbsp;&nbsp;&nbsp; </span></span></em></span></span></p>

<p><span style=""font-size:11pt""><span style=""font-family:Calibri,sans-serif""><em><span style=""font-size:12.0pt""><span style=""font-family:&quot;Times New Roman&quot;,serif"">DATE OF BIRTH: &nbsp;&nbsp;&nbsp;&nbsp;&nbsp;&nbsp;&nbsp;&nbsp;&nbsp;&nbsp;&nbsp;&nbsp;&nbsp;&nbsp;&nbsp;&nbsp;&nbsp;&nbsp;&nbsp;&nbsp;&nbsp;&nbsp;&nbsp;&nbsp;&nbsp;&nbsp;&nbsp;&nbsp;&nbsp;&nbsp;&nbsp;&nbsp;&nbsp;&nbsp;&nbsp;&nbsp;&nbsp;&nbsp;&nbsp;&nbsp; </span></span></em></span></span></p>

<p><span style=""font-size:11pt""><span style=""font-family:Calibri,sans-serif""><em><span style=""font-size:12.0pt""><span style=""font-family:&quot;Times New Roman&quot;,serif"">REFERRED BY: </span></span></em></span></span></p>

<p><span style=""font-size:11pt""><span style=""font-family:Calibri,sans-serif""><em><span style=""font-size:12.0pt""><span style=""font-family:&quot;Times New Roman&quot;,serif"">WARD: &nbsp;&nbsp;&nbsp;&nbsp;&nbsp;&nbsp;&nbsp;&nbsp;&nbsp;&nbsp;&nbsp;&nbsp;&nbsp;&nbsp;&nbsp;&nbsp;&nbsp;&nbsp;&nbsp;&nbsp;&nbsp;&nbsp; &nbsp;&nbsp;</span></span></em></span></span></p>

<p><span style=""font-size:11pt""><span style=""font-family:Calibri,sans-serif""><em><span style=""font-size:12.0pt""><span style=""font-family:&quot;Times New Roman&quot;,serif"">&nbsp;OPC: </span></span></em></span></span></p>

<p><span style=""font-size:11pt""><span style=""font-family:Calibri,sans-serif""><em><span style=""font-size:12.0pt""><span style=""font-family:&quot;Times New Roman&quot;,serif"">OCCUPATION: </span></span></em></span></span></p>

<p><span style=""font-size:11pt""><span style=""font-family:Calibri,sans-serif""><em><span style=""font-size:12.0pt""><span style=""font-family:&quot;Times New Roman&quot;,serif"">PHONE NO: </span></span></em></span></span></p>

<p><span style=""font-size:11pt""><span style=""font-family:Calibri,sans-serif""><em><span style=""font-size:12.0pt""><span style=""font-family:&quot;Times New Roman&quot;,serif"">NAME OF UNIT: </span></span></em></span></span></p>

<p><span style=""font-size:11pt""><span style=""font-family:Calibri,sans-serif""><em><span style=""font-size:12.0pt""><span style=""font-family:&quot;Times New Roman&quot;,serif"">EDUCATION OFFICER IN CHARGE: </span></span></em></span></span></p>

<p><span style=""font-size:11pt""><span style=""font-family:Calibri,sans-serif""><em><span style=""font-size:12.0pt""><span style=""font-family:&quot;Times New Roman&quot;,serif"">HOME ADDRESS:&nbsp; </span></span></em></span></span></p>

<p><span style=""font-size:11pt""><span style=""font-family:Calibri,sans-serif""><em><span style=""font-size:12.0pt""><span style=""font-family:&quot;Times New Roman&quot;,serif"">CONTACT ADDRESS: </span></span></em></span></span></p>

<p><span style=""font-size:11pt""><span style=""font-family:Calibri,sans-serif""><em><span style=""font-size:12.0pt""><span style=""font-family:&quot;Times New Roman&quot;,serif"">DATE OF ASSESSMENT: </span></span></em></span></span></p>

<p><span style=""font-size:11pt""><span style=""font-family:Calibri,sans-serif""><em><span style=""font-size:12.0pt""><span style=""font-family:&quot;Times New Roman&quot;,serif"">AGE ATASSESSMENT:_</span></span></em><strong><em><span style=""font-size:14.0pt""><span style=""font-family:&quot;Times New Roman&quot;,serif"">_______________________________________________</span></span></em></strong></span></span></p>

<p><span style=""font-size:11pt""><span style=""font-family:Calibri,sans-serif""><strong><em><span style=""font-size:14.0pt""><span style=""font-family:&quot;Times New Roman&quot;,serif"">Reason for referral:</span></span></em></strong></span></span></p>

<p>&nbsp;</p>

<p>&nbsp;</p>

<p>&nbsp;</p>

<p>&nbsp;</p>

<p>&nbsp;</p>

<p>&nbsp;</p>

<p><span style=""font-size:11pt""><span style=""font-family:Calibri,sans-serif""><strong><em><span style=""font-size:14.0pt""><span style=""font-family:&quot;Times New Roman&quot;,serif"">presenting complaints / baseline current Learning disabilities signs:</span></span></em></strong></span></span></p>

<p><span style=""font-size:11pt""><span style=""font-family:Calibri,sans-serif""><strong><em><span style=""font-size:13.0pt""><span style=""font-family:&quot;Times New Roman&quot;,serif"">Please indicate Yes / No as appropriate to the clients</span></span></em></strong></span></span></p>

<table cellspacing=""0"" class=""MsoTableGrid"" style=""border-collapse:collapse; border:none"">
	<tbody>
		<tr>
			<td style=""border-bottom:1px solid black; border-left:1px solid black; border-right:1px solid black; border-top:1px solid black; vertical-align:top; width:301px"">
			<p><span style=""font-size:11pt""><span style=""font-family:Calibri,sans-serif""><span style=""font-size:12.0pt""><span style=""font-family:&quot;Times New Roman&quot;,serif"">Does not read independently (i.e., does not choose reading as an independent activity, avoids reading, etc.)</span></span></span></span></p>
			</td>
			<td style=""border-bottom:1px solid black; border-left:none; border-right:1px solid black; border-top:1px solid black; vertical-align:top; width:301px"">
			<p>&nbsp;</p>
			</td>
		</tr>
		<tr>
			<td style=""border-bottom:1px solid black; border-left:1px solid black; border-right:1px solid black; border-top:none; vertical-align:top; width:301px"">
			<p><span style=""font-size:11pt""><span style=""font-family:Calibri,sans-serif""><span style=""font-size:12.0pt""><span style=""font-family:&quot;Times New Roman&quot;,serif"">Fails to remember sequences (e.g., events in a daily routine, days of the week, months of the year, etc.)</span></span></span></span></p>
			</td>
			<td style=""border-bottom:1px solid black; border-left:none; border-right:1px solid black; border-top:none; vertical-align:top; width:301px"">
			<p>&nbsp;</p>
			</td>
		</tr>
		<tr>
			<td style=""border-bottom:1px solid black; border-left:1px solid black; border-right:1px solid black; border-top:none; vertical-align:top; width:301px"">
			<p><span style=""font-size:11pt""><span style=""font-family:Calibri,sans-serif""><span style=""font-size:12.0pt""><span style=""font-family:&quot;Times New Roman&quot;,serif"">Loses place when reading (e.g., leaves out words, lines, or sentences when reading)</span></span></span></span></p>
			</td>
			<td style=""border-bottom:1px solid black; border-left:none; border-right:1px solid black; border-top:none; vertical-align:top; width:301px"">
			<p>&nbsp;</p>
			</td>
		</tr>
		<tr>
			<td style=""border-bottom:1px solid black; border-left:1px solid black; border-right:1px solid black; border-top:none; vertical-align:top; width:301px"">
			<p><span style=""font-size:11pt""><span style=""font-family:Calibri,sans-serif""><em><span style=""font-size:12.0pt""><span style=""font-family:&quot;Times New Roman&quot;,serif"">Has messy handwriting, and clumsiness</span></span></em></span></span></p>
			</td>
			<td style=""border-bottom:1px solid black; border-left:none; border-right:1px solid black; border-top:none; vertical-align:top; width:301px"">
			<p>&nbsp;</p>
			</td>
		</tr>
		<tr>
			<td style=""border-bottom:1px solid black; border-left:1px solid black; border-right:1px solid black; border-top:none; vertical-align:top; width:301px"">
			<p><span style=""font-size:11pt""><span style=""font-family:Calibri,sans-serif""><span style=""font-size:12.0pt""><span style=""font-family:&quot;Times New Roman&quot;,serif"">Is unsuccessful in activities requiring listening (e.g., games, following oral directions, etc.</span></span></span></span></p>
			</td>
			<td style=""border-bottom:1px solid black; border-left:none; border-right:1px solid black; border-top:none; vertical-align:top; width:301px"">
			<p>&nbsp;</p>
			</td>
		</tr>
		<tr>
			<td style=""border-bottom:1px solid black; border-left:1px solid black; border-right:1px solid black; border-top:none; vertical-align:top; width:301px"">
			<p><span style=""font-size:11pt""><span style=""font-family:Calibri,sans-serif""><span style=""font-size:12.0pt""><span style=""font-family:&quot;Times New Roman&quot;,serif"">Uses inappropriate letter size when writing (i.e., too large or too small)</span></span></span></span></p>
			</td>
			<td style=""border-bottom:1px solid black; border-left:none; border-right:1px solid black; border-top:none; vertical-align:top; width:301px"">
			<p>&nbsp;</p>
			</td>
		</tr>
		<tr>
			<td style=""border-bottom:1px solid black; border-left:1px solid black; border-right:1px solid black; border-top:none; vertical-align:top; width:301px"">
			<p><span style=""font-size:11pt""><span style=""font-family:Calibri,sans-serif""><span style=""font-size:12.0pt""><span style=""font-family:&quot;Times New Roman&quot;,serif"">Confuses operational signs when working math problems (e.g., +, -, &divide;, &times;)</span></span></span></span></p>
			</td>
			<td style=""border-bottom:1px solid black; border-left:none; border-right:1px solid black; border-top:none; vertical-align:top; width:301px"">
			<p>&nbsp;</p>
			</td>
		</tr>
		<tr>
			<td style=""border-bottom:1px solid black; border-left:1px solid black; border-right:1px solid black; border-top:none; vertical-align:top; width:301px"">
			<p><span style=""font-size:11pt""><span style=""font-family:Calibri,sans-serif""><span style=""font-size:12.0pt""><span style=""font-family:&quot;Times New Roman&quot;,serif"">Fails to use spelling rules (e.g., &ldquo;i before e except after c,&rdquo; rules for changing words to plural form, etc.). </span></span></span></span></p>

			<p>&nbsp;</p>
			</td>
			<td style=""border-bottom:1px solid black; border-left:none; border-right:1px solid black; border-top:none; vertical-align:top; width:301px"">
			<p>&nbsp;</p>
			</td>
		</tr>
		<tr>
			<td style=""border-bottom:1px solid black; border-left:1px solid black; border-right:1px solid black; border-top:none; vertical-align:top; width:301px"">
			<p><span style=""font-size:11pt""><span style=""font-family:Calibri,sans-serif""><span style=""font-size:12.0pt""><span style=""font-family:&quot;Times New Roman&quot;,serif"">Has diffi</span></span><span style=""font-size:12.0pt""><span style=""font-family:&quot;Times New Roman&quot;,serif"">c</span></span><span style=""font-size:12.0pt""><span style=""font-family:&quot;Times New Roman&quot;,serif"">ulty with phonetic approaches to spelling (i.e., does not spell words the way they sound) </span></span></span></span></p>
			</td>
			<td style=""border-bottom:1px solid black; border-left:none; border-right:1px solid black; border-top:none; vertical-align:top; width:301px"">
			<p>&nbsp;</p>
			</td>
		</tr>
		<tr>
			<td style=""border-bottom:1px solid black; border-left:1px solid black; border-right:1px solid black; border-top:none; vertical-align:top; width:301px"">
			<p><span style=""font-size:11pt""><span style=""font-family:Calibri,sans-serif""><span style=""font-size:12.0pt""><span style=""font-family:&quot;Times New Roman&quot;,serif"">Fails to correctly solve math problems involving fractions or decimals (e.g., understanding parts of the whole, recognizing fractional values, performing operations, etc.)</span></span></span></span></p>
			</td>
			<td style=""border-bottom:1px solid black; border-left:none; border-right:1px solid black; border-top:none; vertical-align:top; width:301px"">
			<p>&nbsp;</p>
			</td>
		</tr>
		<tr>
			<td style=""border-bottom:1px solid black; border-left:1px solid black; border-right:1px solid black; border-top:none; vertical-align:top; width:301px"">
			<p><span style=""font-size:11pt""><span style=""font-family:Calibri,sans-serif""><span style=""font-size:12.0pt""><span style=""font-family:&quot;Times New Roman&quot;,serif"">Requires slow, sequential, substantially broken</span></span> <span style=""font-size:12.0pt""><span style=""font-family:&quot;Times New Roman&quot;,serif"">down presentation of concepts</span></span></span></span></p>
			</td>
			<td style=""border-bottom:1px solid black; border-left:none; border-right:1px solid black; border-top:none; vertical-align:top; width:301px"">
			<p>&nbsp;</p>
			</td>
		</tr>
		<tr>
			<td style=""border-bottom:1px solid black; border-left:1px solid black; border-right:1px solid black; border-top:none; vertical-align:top; width:301px"">
			<p><span style=""font-size:11pt""><span style=""font-family:Calibri,sans-serif""><span style=""font-size:12.0pt""><span style=""font-family:&quot;Times New Roman&quot;,serif"">Fails to finish assignments because of reading difficulties (i.e., reads too slowly </span></span><span style=""font-size:12.0pt""><span style=""font-family:&quot;Times New Roman&quot;,serif"">or fails to finish on time.</span></span></span></span></p>
			</td>
			<td style=""border-bottom:1px solid black; border-left:none; border-right:1px solid black; border-top:none; vertical-align:top; width:301px"">
			<p>&nbsp;</p>
			</td>
		</tr>
		<tr>
			<td style=""border-bottom:1px solid black; border-left:1px solid black; border-right:1px solid black; border-top:none; vertical-align:top; width:301px"">
			<p><span style=""font-size:11pt""><span style=""font-family:Calibri,sans-serif""><span style=""font-size:12.0pt""><span style=""font-family:&quot;Times New Roman&quot;,serif"">Does not carry on conversations with peers and adults</span></span><span style=""font-size:12.0pt""><span style=""font-family:&quot;Times New Roman&quot;,serif""> ,and he </span></span>&nbsp;<span style=""font-size:12.0pt""><span style=""font-family:&quot;Times New Roman&quot;,serif"">h</span></span><span style=""font-size:12.0pt""><span style=""font-family:&quot;Times New Roman&quot;,serif"">as a limited speaking vocabulary</span></span></span></span></p>
			</td>
			<td style=""border-bottom:1px solid black; border-left:none; border-right:1px solid black; border-top:none; vertical-align:top; width:301px"">
			<p>&nbsp;</p>
			</td>
		</tr>
		<tr>
			<td style=""border-bottom:1px solid black; border-left:1px solid black; border-right:1px solid black; border-top:none; vertical-align:top; width:301px"">
			<p><span style=""font-size:11pt""><span style=""font-family:Calibri,sans-serif""><span style=""font-size:12.0pt""><span style=""font-family:&quot;Times New Roman&quot;,serif"">Fails to use capitalization correctly when</span></span><span style=""font-size:12.0pt""><span style=""font-family:&quot;Times New Roman&quot;,serif""> writing.</span></span></span></span></p>
			</td>
			<td style=""border-bottom:1px solid black; border-left:none; border-right:1px solid black; border-top:none; vertical-align:top; width:301px"">
			<p>&nbsp;</p>
			</td>
		</tr>
		<tr>
			<td style=""border-bottom:1px solid black; border-left:1px solid black; border-right:1px solid black; border-top:none; vertical-align:top; width:301px"">
			<p><span style=""font-size:11pt""><span style=""font-family:Calibri,sans-serif""><span style=""font-size:12.0pt""><span style=""font-family:&quot;Times New Roman&quot;,serif"">Reverses letters and numbers when writing</span></span><span style=""font-size:12.0pt""><span style=""font-family:&quot;Times New Roman&quot;,serif""> and </span></span><span style=""font-size:12.0pt""><span style=""font-family:&quot;Times New Roman&quot;,serif"">Fails to write within a given space (e.g., writes off of the page, does not write on a line, etc</span></span></span></span></p>
			</td>
			<td style=""border-bottom:1px solid black; border-left:none; border-right:1px solid black; border-top:none; vertical-align:top; width:301px"">
			<p>&nbsp;</p>

			<p>&nbsp;</p>
			</td>
		</tr>
		<tr>
			<td style=""border-bottom:1px solid black; border-left:1px solid black; border-right:1px solid black; border-top:none; vertical-align:top; width:301px"">
			<p><span style=""font-size:11pt""><span style=""font-family:Calibri,sans-serif""><span style=""font-size:12.0pt""><span style=""font-family:&quot;Times New Roman&quot;,serif"">Fails to correctly solve problems involving money, interms of recognition, values, counting money, and&nbsp; doing monetary transactions</span></span></span></span></p>
			</td>
			<td style=""border-bottom:1px solid black; border-left:none; border-right:1px solid black; border-top:none; vertical-align:top; width:301px"">
			<p>&nbsp;</p>
			</td>
		</tr>
	</tbody>
</table>

<p>&nbsp;</p>

<p>&nbsp;</p>

<p><span style=""font-size:11pt""><span style=""font-family:Calibri,sans-serif""><strong><em><span style=""font-size:14.0pt""><span style=""font-family:&quot;Times New Roman&quot;,serif"">&nbsp;EDUCATIONAL HISTORY:</span></span></em></strong></span></span></p>

<p>&nbsp;</p>

<p>&nbsp;</p>

<p>&nbsp;</p>

<p>&nbsp;</p>

<p>&nbsp;</p>

<p>&nbsp;</p>

<p>&nbsp;</p>

<p>&nbsp;</p>

<p>&nbsp;</p>

<p>&nbsp;</p>

<p><span style=""font-size:11pt""><span style=""font-family:Calibri,sans-serif""><strong><em><span style=""font-size:14.0pt""><span style=""font-family:&quot;Times New Roman&quot;,serif"">EDUCATIONAL ASSESSMENT:</span></span></em></strong></span></span></p>

<p>&nbsp;</p>

<p>&nbsp;</p>

<p>&nbsp;</p>

<p>&nbsp;</p>

<p>&nbsp;</p>

<p>&nbsp;</p>

<p>&nbsp;</p>

<p>&nbsp;</p>

<p><span style=""font-size:11pt""><span style=""font-family:Calibri,sans-serif""><strong><em><span style=""font-size:14.0pt""><span style=""font-family:&quot;Times New Roman&quot;,serif"">EDUCATIONAL PROBLEMS IDENTIFIED:</span></span></em></strong></span></span></p>

<p>&nbsp;</p>

<p>&nbsp;</p>

<p>&nbsp;</p>

<p>&nbsp;</p>

<p>&nbsp;</p>

<p>&nbsp;</p>

<p>&nbsp;</p>

<p><span style=""font-size:11pt""><span style=""font-family:Calibri,sans-serif""><strong><em><span style=""font-size:14.0pt""><span style=""font-family:&quot;Times New Roman&quot;,serif"">EDUCATIONAL PRIORITY:</span></span></em></strong></span></span></p>

<p>&nbsp;</p>

<p>&nbsp;</p>

<p>&nbsp;</p>

<p>&nbsp;</p>

<p>&nbsp;</p>

<p>&nbsp;</p>

<p><span style=""font-size:11pt""><span style=""font-family:Calibri,sans-serif""><strong><em><span style=""font-size:14.0pt""><span style=""font-family:&quot;Times New Roman&quot;,serif"">EDUCATIONAL INTERVENTION:</span></span></em></strong></span></span></p>

<p>&nbsp;</p>

<p>&nbsp;</p>

<p>&nbsp;</p>

<p>&nbsp;</p>

<p>&nbsp;</p>

<p>&nbsp;</p>

<p>&nbsp;</p>

<p>&nbsp;</p>

<p>&nbsp;</p>

<p><span style=""font-size:11pt""><span style=""font-family:Calibri,sans-serif""><strong><em><span style=""font-size:14.0pt""><span style=""font-family:&quot;Times New Roman&quot;,serif"">EDUCATIONAL DIAGNOSIS:</span></span></em></strong></span></span></p>

<p>&nbsp;</p>

<p>&nbsp;</p>

<p>&nbsp;</p>

<p><span style=""font-size:11pt""><span style=""font-family:Calibri,sans-serif""><strong><em><span style=""font-size:14.0pt""><span style=""font-family:&quot;Times New Roman&quot;,serif"">CONCLUSION/SUMMARY:</span></span></em></strong></span></span></p>

<p>&nbsp;</p>

<p>&nbsp;</p>

<p><span style=""font-size:11pt""><span style=""font-family:Calibri,sans-serif""><strong><em><span style=""font-size:14.0pt""><span style=""font-family:&quot;Times New Roman&quot;,serif"">REFERRED TO:</span></span></em></strong></span></span></p>

<table cellspacing=""0"" class=""MsoTableGrid"" style=""border-collapse:collapse; border:none; width:652px"">
	<tbody>
		<tr>
			<td style=""border-bottom:1px solid black; border-left:1px solid black; border-right:1px solid black; border-top:1px solid black; height:156px; vertical-align:top; width:274px"">
			<p>&nbsp;</p>

			<p>&nbsp;</p>

			<p>&nbsp;</p>

			<p>&nbsp;</p>

			<p><span style=""font-size:11pt""><span style=""font-family:Calibri,sans-serif""><em><span style=""font-size:14.0pt""><span style=""font-family:&quot;Times New Roman&quot;,serif"">Referred to&hellip;&hellip;&hellip;&hellip;&hellip;.</span></span></em></span></span></p>
			</td>
			<td style=""border-bottom:1px solid black; border-left:none; border-right:1px solid black; border-top:1px solid black; height:156px; vertical-align:top; width:378px"">
			<p>&nbsp;</p>

			<p>&nbsp;</p>
			&nbsp;

			<p><span style=""font-size:11pt""><span style=""font-family:Calibri,sans-serif""><strong><em>&nbsp;&nbsp;&nbsp;&nbsp;&nbsp;&nbsp;&nbsp;&nbsp;&nbsp;&nbsp; </em></strong><em><span style=""font-size:14.0pt""><span style=""font-family:&quot;Times New Roman&quot;,serif"">Psychologist</span></span></em></span></span></p>

			<p><span style=""font-size:11pt""><span style=""font-family:Calibri,sans-serif""><em><span style=""font-size:14.0pt""><span style=""font-family:&quot;Times New Roman&quot;,serif"">&nbsp;&nbsp;&nbsp;&nbsp;&nbsp;&nbsp;&nbsp;&nbsp;&nbsp;&nbsp; Occupational therapist</span></span></em></span></span></p>

			<p><span style=""font-size:11pt""><span style=""font-family:Calibri,sans-serif""><em><span style=""font-size:14.0pt""><span style=""font-family:&quot;Times New Roman&quot;,serif"">&nbsp;&nbsp;&nbsp;&nbsp;&nbsp;&nbsp;&nbsp;&nbsp;&nbsp;&nbsp; School counsellor</span></span></em></span></span></p>

			<p><span style=""font-size:11pt""><span style=""font-family:Calibri,sans-serif""><em><span style=""font-size:14.0pt""><span style=""font-family:&quot;Times New Roman&quot;,serif"">&nbsp;&nbsp;&nbsp;&nbsp;&nbsp;&nbsp;&nbsp;&nbsp;&nbsp;&nbsp; Social worker</span></span></em></span></span></p>

			<p><span style=""font-size:11pt""><span style=""font-family:Calibri,sans-serif""><em><span style=""font-size:14.0pt""><span style=""font-family:&quot;Times New Roman&quot;,serif"">&nbsp;&nbsp;&nbsp;&nbsp;&nbsp;&nbsp;&nbsp;&nbsp;&nbsp;&nbsp; Pediatricians </span></span></em></span></span></p>

			<p>&nbsp;</p>
			</td>
		</tr>
	</tbody>
</table>

<p>&nbsp;</p>

<p>&nbsp;</p>

<p>&nbsp;</p>

<p><span style=""font-size:11pt""><span style=""font-family:Calibri,sans-serif""><strong><em><span style=""font-size:14.0pt""><span style=""font-family:&quot;Times New Roman&quot;,serif"">RECOMMENDATION:</span></span></em></strong></span></span></p>

<p>&nbsp;</p>

<p>&nbsp;</p>

<p>&nbsp;</p>

<p><span style=""font-size:11pt""><span style=""font-family:Calibri,sans-serif""><strong><em><span style=""font-size:14.0pt""><span style=""font-family:&quot;Times New Roman&quot;,serif"">EDUCATIONAL THERAPY FOLLOWUP:</span></span></em></strong></span></span></p>

<table cellspacing=""0"" class=""MsoTableGrid"" style=""border-collapse:collapse; border:none"">
	<tbody>
		<tr>
			<td style=""border-bottom:1px solid black; border-left:1px solid black; border-right:1px solid black; border-top:1px solid black; vertical-align:top; width:301px"">
			<p><span style=""font-size:11pt""><span style=""font-family:Calibri,sans-serif""><em><span style=""font-size:14.0pt""><span style=""font-family:&quot;Times New Roman&quot;,serif"">Date</span></span></em></span></span></p>
			</td>
			<td style=""border-bottom:1px solid black; border-left:none; border-right:1px solid black; border-top:1px solid black; vertical-align:top; width:301px"">
			<p>&nbsp;</p>
			</td>
		</tr>
		<tr>
			<td style=""border-bottom:1px solid black; border-left:1px solid black; border-right:1px solid black; border-top:none; vertical-align:top; width:301px"">
			<p><span style=""font-size:11pt""><span style=""font-family:Calibri,sans-serif""><em><span style=""font-size:14.0pt""><span style=""font-family:&quot;Times New Roman&quot;,serif"">Patient&rsquo;s name</span></span></em></span></span></p>
			</td>
			<td style=""border-bottom:1px solid black; border-left:none; border-right:1px solid black; border-top:none; vertical-align:top; width:301px"">
			<p>&nbsp;</p>
			</td>
		</tr>
		<tr>
			<td style=""border-bottom:1px solid black; border-left:1px solid black; border-right:1px solid black; border-top:none; vertical-align:top; width:301px"">
			<p><span style=""font-size:11pt""><span style=""font-family:Calibri,sans-serif""><em><span style=""font-size:14.0pt""><span style=""font-family:&quot;Times New Roman&quot;,serif"">Current education level</span></span></em></span></span></p>
			</td>
			<td style=""border-bottom:1px solid black; border-left:none; border-right:1px solid black; border-top:none; vertical-align:top; width:301px"">
			<p>&nbsp;</p>
			</td>
		</tr>
		<tr>
			<td style=""border-bottom:1px solid black; border-left:1px solid black; border-right:1px solid black; border-top:none; vertical-align:top; width:301px"">
			<p><span style=""font-size:11pt""><span style=""font-family:Calibri,sans-serif""><em><span style=""font-size:14.0pt""><span style=""font-family:&quot;Times New Roman&quot;,serif"">Next follow up date</span></span></em></span></span></p>
			</td>
			<td style=""border-bottom:1px solid black; border-left:none; border-right:1px solid black; border-top:none; vertical-align:top; width:301px"">
			<p>&nbsp;</p>
			</td>
		</tr>
	</tbody>
</table>

<p>&nbsp;</p>

<p><span style=""font-size:11pt""><span style=""font-family:Calibri,sans-serif""><strong><em><span style=""font-size:14.0pt""><span style=""font-family:&quot;Times New Roman&quot;,serif"">EDUCATIONAL THERAPIST IN CHARGE:</span></span></em></strong></span></span></p>

<p>&nbsp;</p>

<p>&nbsp;</p>

<p>&nbsp;</p>

<p><span style=""font-size:11pt""><span style=""font-family:Calibri,sans-serif""><strong><em><span style=""font-size:14.0pt""><span style=""font-family:&quot;Times New Roman&quot;,serif"">Supervisor /Head of unit in Charge:</span></span></em></strong></span></span></p>
",,3000000020,,,,,,0,,,,,,,,,1,,,,,,,,,,,,,,,,,,,
4878,FASTING BLOOD SUGAR (ADULT),,,,,,0,,542,,,,3030000004,Lab,,,41,,,,,,"<p>SET&nbsp;</p>
",,3030000004,,,,0,,2,,,,,,,,,1,,,,,,,,,,,,,,,,,,,
4930,Urine MCS,,,,,,0,,6578,,,,3030000001,Lab,,,21,,,,,,,,3000000008,,,,,,2,,,,,,1,,,2,,,,,,,,,,,,,,,,,,,
6258,INJ. Risperdar Consta 37.5mg,,Add Item to Watch List,,0,,,,,,,,3010000001,Pharmacy,,,441,,Inj,,,,,,,,,1,1,0,0,,,,,1,,,Drugs,1,Packs,Amp,,,,,,,,,,,,,,,,,
6073,Z.N STAIN FOR AFB,,,,,,,,7544,,,,3030000001,Lab,,,21,,,,,,,,3030000001,,,,,,0,,,,,,,,,1,,,,,,,,,,,,,,,,,,,
6266,Tab. Amitriptyline 25mg,,Add Item to Watch List,,0,,,,,,,,3010000001,Pharmacy,,,441,,Tab,,,,,,,,,1,1,0,0,,,,,1,,,Drugs,1,Packs,Tablet,,,,,,,,,,,,,,,,,
6278,.Natrixam1.5mg/10mg,,Add Item to Watch List,,0,,,,,,,,3010000001,Pharmacy,,,993,,Tab,,,,,,,,,30,,0,0,,,,,1,,,Drugs,1,Packs,Sachet,,,,,,,,,,,,,,,,,
6377,Clopidogrel  75mg,,Add Item to Watch List,1,0,,,,,,,,3010000001,Pharmacy,,,248,,Tab,,,,,,,,,30,1,0,2,,,,,1,,,Drugs,1,Packs,Packs,,,,,,,,,,,,,,,,,
6382,VITAMIN K,,Add Item to Watch List,1,0,,,,,,,,3010000001,Pharmacy,,,1006,,Inj,,,,,,,,,1,1,0,0,,,,,1,,,Drugs,1,Packs,Tablet,,,,,,,,,,,,,,,,,
6401,Vicryl 2,,Add Item to Watch List,,0,,,,,,,,3010000001,Pharmacy,,,1021,,General Consumables,,,,,,,,,12,1,0,0,,,,,0,,,Consumables,1,Packs,Packs,,,,,,,,,,,,,,,,,
6411,EXCISION OF LESION OF CERVIX -O & G,,,,,,,,42000147,,,,3000000025,Services,Unit,,998,Other,,,,,,,,,,,,,0,,,,,,,,,1,,,,,,4253,22-Sep-23,,,,,,,,,,,,
6458,Telmisartan 80mg,,Add Item to Watch List,,0,,,,,,,,3010000001,Pharmacy,,,247,,Tab,,,,,,,,,30,,0,0,,,,,0,,,Drugs,1,Packs,Packs,,,,,,,,,,,,,,,,,
6565,Tab. Diclofenac Potassium,,Add Item to Watch List,,0,,,,,,,,3010000001,Pharmacy,,,248,,Tab,,,,,,,,,1,1,0,0,,,,,1,,,Drugs,1,Packs,Tablet,,,,,,,,,,,,,,,,,
6607,SPINAL ANAESTHESIA ( WITHOUT COST OF MATERIALS),,,,,,,,42000201,,,,3000000025,Services,Unit,,997,Other,,,,,,,,,,,,,0,,,,,,,,,1,,,,,,4253,22-Sep-23,,,,,,,,,,,,
6611,Tab. Moduretic,,Add Item to Watch List,,0,,,,,,,,3010000001,Pharmacy,,,1025,,Tab,,,,,,,,,1,1,0,0,,,,,1,,,Drugs,1,Packs,Tablet,,,,,,,,,,,,,,,,,
6689,PERSONALITY ASSESSMENT ,,,,,,,,91000141,,,,3000000028,Services,Unit,,1001,Other,,,,,,,,,,,,,2,,,,,,,,,1,,,,,,4816,22-Sep-23,,,,,,,,,,,,
6695,PSYCHOLOGICAL ASSESSMENT (PRIVATE WARD),,,,,,,,91000145,,,,3000000028,Services,Unit,,1001,Other,,,,,,,,,,,,,2,,,,,,,,,1,,,,,,4816,22-Sep-23,,,,,,,,,,,,
6697,PSYCHOLOGIGAL EDUCATION,,,,,,,,91000146,,,,3000000028,Services,Unit,,1001,Other,,,,,,,,,,,,,2,,,,,,,,,1,,,,,,4816,22-Sep-23,,,,,,,,,,,,
6711,RELATIVES  LODGEMENT-ACCOMODATION PER NIGHT,,,,,,,,91000153,,,,3000000029,Services,Unit,,1001,Other,,,,,,,,,,,,,0,,,,,,,,,1,,,,,,4816,22-Sep-23,4818,1-Jan-24,,,,,,,,,,
6716, Aripiprazole 10mg x30,,Add Item to Watch List,,0,,,,,,,,3010000001,Pharmacy,,,441,,Tab,,,,,,,,,1,1,0,0,,,,,1,,,Drugs,1,Packs,Tablet,,,,,,,,,,,,,,,,,
6719,SERVICE CHARGE 1 MONTH GW,,,,,,,,91000156,,,,3000000028,Services,Unit,,1001,Other,,,,,,,,,,,,,2,,,,,,,,,1,,,,,,4816,22-Sep-23,,,,,,,,,,,,
6742,SPECIAL LAUNDRY (SHORT STAY ADMISSION),,,,,,,,91000164,,,,3000000028,Services,Unit,,1001,Other,,,,,,,,,,,,,2,,,,,,,,,1,,,,,,4816,22-Sep-23,,,,,,,,,,,,
6765,SKIRT & BLOUSE- TAILORING (O/T),,,,,,,,93000144,,,,3000000030,Services,Unit,,1004,Other,,,,,,,,,,,,,0,,,,,,,,,1,,,,,,4254,22-Sep-23,,,,,,,,,,,,
6816,Chlorpheniramine (Priton),,Add Item to Watch List,1,0,,,,,,,,3010000001,Pharmacy,,,247,,Inj,,,,,,,,,1,1,0,0,,,,,1,,,Drugs,1,Packs,Amp,,,,,,,,,,,,,,,,,
7037,Blood Microfilaria,,,,,,,,NHIS-180-010,,,,3030000002,Lab,,,22,,,,,,,,3030000002,,,,,,0,,,,,,,,,1,,,,,,,,,,,,,,,,,,,
7040,Blood film comments,,,,,,,,NHIS-180-017,,,,3030000002,Lab,,,22,,,,,,,,3030000002,,,,,,0,,,,,,,,,1,,,,,,,,,,,,,,,,,,,
7041,Atesunate 6,,Add Item to Watch List,,0,,,,,,,,3010000001,Pharmacy,,,410,,Inj,,,,,,,,,1,1,1,0,,,,,1,,,Drugs,1,Packs,Amp,,,,,,,,,,,,,,,,,
7042,Tab. Clopidogrel 75mg,,Add Item to Watch List,,0,,,,,,,,3010000001,Pharmacy,,,247,,Tab,,,,,,,,,,1,0,0,,,,,1,,,Drugs,1,Packs,Tablet,,,,,,,,,,,,,,,,,
7043,Losartan 50mg,,Add Item to Watch List,1,0,,,,,,,,3010000001,Pharmacy,,,1023,,Tab,,,,,,,,,50,,0,0,,,,,1,,,Drugs,1,Packs,Tablet,,,,,,,,,,,,,,,,,
7204,URINE DETOXIFICATION ,,,,,,,,885,,,,3030000001,Lab,,,21,,,,,,,,3030000001,,,,,,0,,,,,,,,,1,,,,,,,,,,,,,,,,,,,
7249,NURSING CARE (GENERAL ADMISSION),,,,,,,,,,,,3000000028,Services,Unit,,366,Other,,,,,,,,,,,,,0,,,,,,,,,1,,,,,,1,25-Oct-23,,,,,,,,,,,,
7271,Occupational Therapy (short Stay),,,,,,,,,,,,3000000028,Services,Unit,,1001,Other,,,,,,,,,,,,,0,,,,,,,,,1,,,,,,4818,11-Nov-23,,,,,,,,,,,,
7285,Energy(shortstay Adm),,,,,,,,,,,,3000000030,Services,Weeks,,166,Other,,,,,,,,,,,,,0,,,,,,,,,1,,,,,,4818,1-Jan-24,,,,,,,,,,,,
7335,CERVICAL LACERATION REPAIR,,,,,,,,,,,,3000000025,Services,Days,,970,Procedure,,,,,,,,,,,,,1,,,,,,,,,1,,,,,,5444,1-Jan-24,,,,,,,,,,,,
7336,SOCIAL INTERVENTION DATER WARD ONE MONTH,,,,,,,,,,,,3000000028,Services,Months,,166,Other,,,,,,,,,,,,,0,,,,,,,,,1,,,,,,4626,1-Jan-24,,,,,,,,,,,,
7340,NEBULIZATION PER SESSION,,,,,,,,NEBULIZATION PER SESSION,,,,3000000026,Services,Days,,166,Other,,,,,,,,,,,,,1,,,,,,,,,1,,,,,,5437,1-Jan-24,,,,,,,,,,,,
7341,SPECIAL INTERVENTION,,,,,,,,,,,,3000000028,Services,Months,,166,Other,,,,,,,,,,,,,0,,,,,,,,,,,,,,,4626,1-Jan-24,,,,,,,,,,,,
7344,incision and drainage big,,,,,,,,,,,,3000000026,Services,Unit,,1011,Procedure,,,,,,,,,,,,,1,,,,,,,,,1,,,,,,4257,1-Jan-24,,,,,,,,,,,,
7345,Energy/Day,,,,,,,,,,,,3000000025,Services,Days,,1051,Other,,,,,,,,,,,,,1,,,,,,,,,1,,,,,,5444,1-Jan-24,,,,,,,,,,,,
7347,incision and drainage small,,,,,,,,,,,,3000000026,Services,Unit,,148,Surgery,,,,,,,,,,,,,1,,,,,,,,,1,,,,,,4257,1-Jan-24,,,,,,,,,,,,
7350,Prostatectomy,,,,,,,,,,,,3000000026,Services,Unit,,148,Surgery,,,,,,,,,,,,,1,,,,,,,,,1,,,,,,4255,1-Jan-24,,,,,,,,,,,,
7351,DRUG DEPOSIT (DATER WARD),,,,,,,,,,,,3010000001,Services,Months,,166,,,,,,,,,,,,,,0,,,,,,,,,1,,,,,,4626,1-Jan-24,,,,,,,,,,,,
7352,Mastectomy,,,,,,,,,,,,3000000026,Services,Unit,,148,Surgery,,,,,,,,,,,,,1,,,,,,,,,1,,,,,,4255,1-Jan-24,,,,,,,,,,,,
7354,GYM-STAFF MEMBERS:SUBSCRIPTION FEES-COUPLE (QUARTERLY),,,,,,,,,,,,3000000030,Services,Days,,1003,Other,,,,,,,,,,,,,0,,,,,,,,,1,,,,,,5438,1-Jan-24,5438,1-Jan-24,,,,,,,,,,
7355,Admission Deposit( for Delivery) GMPC,,,,,,,,,,,,3000000025,Services,Unit,,1051,Procedure,,,,,,,,,,,,,1,,,,,,,,,1,,,,,,5444,1-Jan-24,,,,,,,,,,,,
7362,orchidectomy bilateral,,,,,,,,,,,,3000000026,Services,Unit,,148,Surgery,,,,,,,,,,,,,1,,,,,,,,,1,,,,,,4257,1-Jan-24,,,,,,,,,,,,
7363,HERNIORRHAPHY(GIANT),,,,,,,,,,,,3000000026,Services,Unit,,148,Surgery,,,,,,,,,,,,,1,,,,,,,,,1,,,,,,4267,1-Jan-24,,,,,,,,,,,,
7364,orchidopexy (unilateral),,,,,,,,,,,,3000000026,Services,Unit,,148,Surgery,,,,,,,,,,,,,1,,,,,,,,,1,,,,,,4257,1-Jan-24,,,,,,,,,,,,
7370,DRUG DEPOSIT DATER WARD,,,,,,,,,,,,3010000001,Services,Unit,,166,Other,,,,,,,,,,,,,0,,,,,,,,,1,,,,,,4626,1-Jan-24,,,,,,,,,,,,
7379,CHEST TUBE INSERTION,,,,,,,,,,,,3000000026,Services,Unit,,148,Surgery,,,,,,,,,,,,,1,,,,,,,,,1,,,,,,4255,1-Jan-24,,,,,,,,,,,,
7413,BALANCE OF FEEDING  (WARD),,,,,,,,,,,,3000000024,Services,Unit,,1008,Other,,,,,,,,,,,,,0,,,,,,,,,1,,,,,,4624,17-Jan-24,4624,17-Jan-24,,,,,,,,,,
7444,Vitamin B Co,,Add Item to Watch List,,0,,,,,,,,3010000001,Pharmacy,,,1030,,Syr,,,,,,,,,1,,0,0,,,,,1,,,Drugs,1,Bottle,Bottle,,,,,,,,,,,,,,,,,
7477,ACCOMODATION (DATER )- 2 WEEKS,,,,,,,,,,,,3000000024,Services,Unit,,1001,Other,,,,,,,,,,,,,0,,,,,,,,,1,,,,,,4624,7-Mar-24,,,,,,,,,,,,
7490,NHIS REGISRATION FEE,,,,,,,,,,,,3000000017,Services,Unit,,,Other,,,,,,,,,,,,,1,,,,,,1,,,1,,,,,,5597,18-Mar-24,,,,,,,,,,,,
7491,Tab. Levetiracetam ,,Add Item to Watch List,10,0,,,,,,,,3000000031,Pharmacy,,,251,,Tab,500mg,,,,,,,,30,,1,0,,,,,1,,,Drugs,1,Tablet,Tablet,,,Suvitra,,,,,,,,,,,,,,
6081,LITHIUM,,,,,,,,6865,,,,3030000004,Lab,,,41,,,,,,"<p>MED LAB SCIENTIST COMMENT:&nbsp;</p>
",,3030000004,,,,,,0,,,,,,,,,1,,,,,,,,,,,,,,,,,,,
6120, Lithium Carbonate 400mg,,Add Item to Watch List,1,0,,,,,,,,3010000001,Pharmacy,,,441,,Tab,,,,,,,,,1,,0,0,,,,,1,,,Drugs,1,Packs,Tablet,,,,,,,,,,,,,,,,,
6125,Tab. Ramipril (Thiapril) 5/12mg,,Add Item to Watch List,1,0,,,,,,,,3010000001,Pharmacy,,,993,,Tab,,,,,,,,,30,,0,0,,,,,1,,,Drugs,1,Packs,Tablet,,,,,,,,,,,,,,,,,
6126,Tab. Glibenclanide 5mg,,Add Item to Watch List,1,0,,,,,,,,3010000001,Pharmacy,,,992,,Tab,,,,,,,,,,1,0,0,,,,,1,,,Drugs,1,,Packs,,,,,,,,,,,,,,,,,
6129, Ferous Sulphate 200mg,,Add Item to Watch List,1,0,,,,,,,,3010000001,Pharmacy,,,766,,Tab,,,,,,,,,1,1,0,0,,,,,1,,,Drugs,1,Packs,Tablet,,,,,,,,,,,,,,,,,
6134, Neurobion,,Add Item to Watch List,1,0,,,,,,,,3010000001,Pharmacy,,,766,,Tab,,,,,,,,,1,,0,0,,,,,1,,,Drugs,1,Packs,Tablet,,,,,,,,,,,,,,,,,
6135,Vitamin B. Complex,,Add Item to Watch List,1,0,,,,,,,,3010000001,Pharmacy,,,766,,Inj,,,,,,,,,1,1,0,0,,,,,1,,,Drugs,1,Packs,Tablet,,,,,,,,,,,,,,,,,
6147,Cotimoxazole 480mg,,Add Item to Watch List,,0,,,,,,,,3010000001,Pharmacy,,,412,,Tab,,,,,,,,,1,1,0,0,,,,,1,,,Drugs,1,Packs,Tablet,,,,,,,,,,,,,,,,,
6153,Amoxicillin 250mg,,Add Item to Watch List,,0,,,,,,,,3010000001,Pharmacy,,,412,,Cap,,,,,,,,,100,,0,0,,,,,1,,,Drugs,1,Packs,Tablet,,,,,,,,,,,,,,,,,
6157,Amoxicillin/Clavulanic Acid 625mg,,Add Item to Watch List,,0,,,,,,,,3010000001,Pharmacy,,,412,,Tab,,,,,,,,,14,,0,0,,,,,1,,,Drugs,1,Packs,Capsule,,,,,,,,,,,,,,,,,
6169,Risperidone (Zepidone) 2mg,,Add Item to Watch List,,0,,,,,,,,3010000001,Pharmacy,,,441,,Tab,,,,,,,,,30,,0,0,,,,,1,,,Drugs,1,Packs,Tablet,,,,,,,,,,,,,,,,,
6175,Coflin with Coden,,Add Item to Watch List,1,0,,,,,,,,3010000001,Pharmacy,,,1025,,Syr,,,,,,,,,1,1,0,0,,,,,1,,,Drugs,1,Packs,Pieces,,,,,,,,,,,,,,,,,
6178,Risperidone 0.5mg,,Add Item to Watch List,,0,,,,,,,,3010000001,Pharmacy,,,441,,Tab,,,,,,,,,1,1,0,0,,,,,1,,,Drugs,1,Packs,Tablet,,,,,,,,,,,,,,,,,
6184,Suxamesthonium Chloride 100mg/2ml,,Add Item to Watch List,1,0,,,,,,,,3010000001,Pharmacy,,,406,,Inj,,,,,,,,,1,,0,0,,,,,1,,,Drugs,1,Packs,Amp,,,,,,,,,,,,,,,,,
6187, Adrenaline 1mg,,Add Item to Watch List,1,0,,,,,,,,3010000001,Pharmacy,,,266,,Inj,,,,,,,,,1,,0,0,,,,,1,,,Drugs,1,Packs,Pieces,,,,,,,,,,,,,,,,,
6198,Chlorhexdine (Purit),,Add Item to Watch List,1,0,,,,,,,,3010000001,Pharmacy,,,270,,Others,,,,,,,,,1,,0,0,,,,,1,,,Drugs,1,Packs,Pieces,,,,,,,,,,,,,,,,,
6199,Olanzepine 10mg x 100,,Add Item to Watch List,,0,,,,,,,,3010000001,Pharmacy,,,441,,Tab,,,,,,,,,1,1,0,0,,,,,1,,,Drugs,1,Packs,Tablet,,,,,,,,,,,,,,,,,
6211,Methylated 2L,,,1,0,,,,,,,,3010000001,Pharmacy,,,270,,Others,,,,,,,,,1,,0,0,,,,,1,,,Drugs,1,Packs,Pieces,,,,,,,,,,,,,,,,,
6256,Nifedipine 20mg,,Add Item to Watch List,,0,,,,,,,,3010000001,Pharmacy,,,993,,Tab,,,,,,,,,100,,0,0,,,,,1,,,Drugs,1,Packs,Tablet,,,,,,,,,,,,,,,,,
6283,Catheters (Size 16),,Add Item to Watch List,1,0,,,,,,,,3010000001,Pharmacy,,,996,,Others,,,,,,,,,10,1,0,0,,,,,1,,,Drugs,1,Packs,Pieces,,,,,,,,,,,,,,,,,
6285, Citralopram 40mg,,Add Item to Watch List,,0,,,,,,,,3010000001,Pharmacy,,,1006,,Tab,,,,,,,,,1,,0,0,,,,,1,,,Drugs,1,Packs,Tablet,,,,,,,,,,,,,,,,,
6287,Dispensing Envelopes,,,1,0,,,,,,,,3010000001,Pharmacy,,,996,,General Consumables,,,,,,,,,1,,0,0,,,,,1,,,Consumables,1,Packs,Pieces,,,,,,,,,,,,,,,,,
6309, Diazepam 10mg,,Add Item to Watch List,,0,,,,,,,,3010000001,Pharmacy,,,1017,,Inj,,,,,,,,,10,,0,0,,,,,1,,,Drugs,1,Packs,Tablet,,,,,,,,,,,,,,,,,
6324,Artemether + Amodaquine 100/30 14yr,,Add Item to Watch List,,0,,,,,,,,3010000001,Pharmacy,,,410,,Tab,,,,,,,,,1,1,0,0,,,,,1,,,Drugs,1,Packs,Tablet,,,,,,,,,,,,,,,,,
6333,ADNEXECTOMY-    O & G,,,,,,,,,,,,3000000025,Services,Unit,,366,Other,,,,,,,,,,,,,0,,,,,,,,,1,,,,,,1,21-Sep-23,,,,,,,,,,,,
6337,ANTENATAL CONSULTATION FEE -GMPC ,,,,,,,,,,,,3000000025,Services,Unit,,1010,Other,,,,,,,,,,,,,0,,,,,,,,,1,,,,,,1,21-Sep-23,,,,,,,,,,,,
6340,CAESAREAN SECTION (CS WITH BTL)-  O & G,,,,,,,,,,,,3000000025,Services,Unit,,148,Other,,,,,,,,,,,,,0,,,,,,,,,1,,,,,,1,21-Sep-23,,,,,,,,,,,,
6344,CERVICAL AMPUTATION-  O & G,,,,,,,,,,,,3000000025,Services,Unit,,970,Procedure,,,,,,,,,,,,,0,,,,,,,,,1,,,,,,1,21-Sep-23,,,,,,,,,,,,
6347,CERVICAL CERCLAGE (SHIRODKAR) -O & G,,,,,,,,,,,,3000000025,Services,Unit,,970,Procedure,,,,,,,,,,,,,0,,,,,,,,,1,,,,,,1,21-Sep-23,,,,,,,,,,,,
6348,CERVICAL CERCLAGE- O & G,,,,,,,,,,,,3000000025,Services,Unit,,970,Procedure,,,,,,,,,,,,,0,,,,,,,,,1,,,,,,1,21-Sep-23,,,,,,,,,,,,
6370, Carbamazepine (Tegretol) 400mg CR,,Add Item to Watch List,,0,,,,,,,,3010000001,Pharmacy,,,251,,Tab,,,,,,,,,30,,0,0,,,,,1,,,Drugs,1,Packs,Tablet,,,,,,,,,,,,,,,,,
6384,Sodium Valproate 200mg (Epilim),,Add Item to Watch List,,0,,,,,,,,3010000001,Pharmacy,,,251,,Tab,,,,,,,,,100,,0,0,,,,,1,,,Drugs,1,Packs,Tablet,,,,,,,,,,,,,,,,,
6404, Vicryl 2.0,,Add Item to Watch List,,0,,,,,,,,3010000001,Pharmacy,,,1021,,General Consumables,,,,,,,,,12,1,0,0,,,,,0,,,Consumables,1,Packs,Packs,,,,,,,,,,,,,,,,,
6420,INJ. Arthemether,,Add Item to Watch List,,0,,,,,,,,3010000001,Pharmacy,,,410,,Inj,,,,,,,,,1,1,0,0,,,,,1,,,Drugs,1,Packs,Tablet,,,,,,,,,,,,,,,,,
6425,Losartan 25mg,,Add Item to Watch List,,0,,,,,,,,3010000001,Pharmacy,,,248,,Tab,,,,,,,,,30,,0,0,,,,,1,,,Drugs,1,Packs,Tablet,,,,,,,,,,,,,,,,,
6438,Anti-Rabes Serum,,Add Item to Watch List,,0,,,,,,,,3010000001,Pharmacy,,,1024,,Inj,,,,,,,,,1,0,0,0,,,,,1,,,Drugs,1,Vial,Vial,,,,,,,,,,,,,,,,,
6452,"I.U.C.D, DILATATION &  INSERTION-O & G",,,,,,,,41000161,,,,3000000025,Services,Unit,,998,Other,,,,,,,,,,,,,0,,,,,,,,,1,,,,,,4253,22-Sep-23,,,,,,,,,,,,
6457,REPATRIATION FEES (COTONU/BENIN REPUBLIC),,,,,,,,81000103,,,,3000000027,Services,Unit,,1000,Other,,,,,,,,,,,,,0,,,,,,,,,1,,,,,,4254,22-Sep-23,,,,,,,,,,,,
6460, Amplicillin/Cloxacillin (Becham),,Add Item to Watch List,,0,,,,,,,,3010000001,Pharmacy,,,412,,Cap,,,,,,,,,1,1,0,0,,,,,1,,,Drugs,1,Packs,Pieces,,,,,,,,,,,,,,,,,
6468,DELIVERY-VACUUM EXTRACTION -O & G,,,,,,,,42000140,,,,3000000025,Services,Unit,,970,Procedure,,,,,,,,,,,,,0,,,,,,,,,1,,,,,,1,22-Sep-23,,,,,,,,,,,,
6496,MEDICAL CARE (SHORT STAY ADMISSION),,,,,,,,42000171,,,,3000000025,Services,Unit,,997,Other,,,,,,,,,,,,,0,,,,,,,,,1,,,,,,4253,22-Sep-23,,,,,,,,,,,,
6498,MEDICAL REPORT (FILLING OF FORMS),,,,,,,,42000172,,,,3000000025,Services,Unit,,997,Other,,,,,,,,,,,,,0,,,,,,,,,1,,,,,,4253,22-Sep-23,,,,,,,,,,,,
6511,MYOMECTOMY WITH BTL -O & G,,,,,,,,42000175,,,,3000000025,Services,Unit,,997,Other,,,,,,,,,,,,,0,,,,,,,,,1,,,,,,4253,22-Sep-23,,,,,,,,,,,,
6515,Cap. Amoxycillin/Clavulanic Acid 625mg,,Add Item to Watch List,,0,,,,,,,,3010000001,Pharmacy,,,412,,Tab,,,,,,,,,1,1,0,0,,,,,1,,,Drugs,1,Packs,Tablet,,,,,,,,,,,,,,,,,
6516,Artemether + Amodaquine 1-6yrs,,Add Item to Watch List,,0,,,,,,,,3010000001,Pharmacy,,,410,,Tab,,,,,,,,,1,1,0,0,,,,,1,,,Drugs,1,Packs,Tablet,,,,,,,,,,,,,,,,,
6517,Precise Infusion Filter,,Add Item to Watch List,,0,,,,,,,,3010000001,Pharmacy,,,289,,General Consumables,,,,,,,,,1,1,0,0,,,,,1,,,Consumables,1,Pieces,Pieces,,,,,,,,,,,,,,,,,
6534,Suiphadoxine/Pyrimethamine 525mg,,Add Item to Watch List,,0,,,,,,,,3010000001,Pharmacy,,,410,,Tab,,,,,,,,,1,1,0,0,,,,,1,,,Drugs,1,Packs,Tablet,,,,,,,,,,,,,,,,,
6541,NEW REGISTRATION WEEKEND & PUBLIC HOLIDAY (ADULT) -NHIS,,,,,,,,42000181,,,,3000000025,Services,Unit,,997,Other,,,,,,,,,,,,,0,,,,,,,,,1,,,,,,4253,22-Sep-23,,,,,,,,,,,,
6545,NORMAL DELIVERY (BOOKED)- GMPC,,,,,,,,42000183,,,,3000000025,Services,Unit,,997,Other,,,,,,,,,,,,,0,,,,,,,,,1,,,,,,4253,22-Sep-23,,,,,,,,,,,,
6547,NORMAL DELIVERY (UNBOOKED)- GMPC,,,,,,,,42000184,,,,3000000025,Services,Unit,,997,Other,,,,,,,,,,,,,0,,,,,,,,,1,,,,,,4253,22-Sep-23,,,,,,,,,,,,
6548,Syrup Bco,,Add Item to Watch List,,0,,,,,,,,3010000001,Pharmacy,,,1025,,Syr,,,,,,,,,1,1,1,0,,,,,1,,,Drugs,1,Bottle,Packs,,,,,,,,,,,,,,,,,
6549,Tab. Aspirin 75mg,,Add Item to Watch List,,0,,,,,,,,3010000001,Pharmacy,,,248,,Tab,,,,,,,,,1,1,0,0,,,,,1,,,Drugs,1,Packs,Tablet,,,,,,,,,,,,,,,,,
6552, Hyoscine Buthylbromide 10mg,,Add Item to Watch List,1,0,,,,,,,,3010000001,Pharmacy,,,443,,Tab,,,,,,,,,1,1,0,0,,,,,1,,,Drugs,1,Packs,Bottle,,,,,,,,,,,,,,,,,
6564,OXYGEN PER HOUR,,,,,,,,42000189,,,,3000000025,Services,Unit,,998,Other,,,,,,,,,,,,,0,,,,,,,,,1,,,,,,4253,22-Sep-23,,,,,,,,,,,,
6567,Artemether,,Add Item to Watch List,,0,,,,,,,,3010000001,Pharmacy,,,410,,Susp,,,,,,,,,1,1,0,0,,,,,1,,,Drugs,1,Bottle,Bottle,,,,,,,,,,,,,,,,,
6568,REPATRIATION FEES (WARRI/ASABA/ANAMBRA/IMO),,,,,,,,81000114,,,,3000000027,Services,Unit,,1000,Other,,,,,,,,,,,,,0,,,,,,,,,1,,,,,,4254,22-Sep-23,,,,,,,,,,,,
7516,ECG-  NON REGISTERED PAEDIATRIC (BELOW 18 YEARS),,,,,,,,,,,,3000000025,Services,Unit,,997,Other,,,,,,,,,,,,,2,,,,,,,,,1,,,,,,,,,,,,,,,,,,,
7517,ECHO- REEGISTERED PAEDIATRIC (BELOW 18 YEARS),,,,,,,,,,,,3000000025,Services,Unit,,997,Other,,,,,,,,,,,,,2,,,,,,,,,1,,,,,,,,,,,,,,,,,,,
7519,PAEDIATRICIAN Follow-up,,,,,,,,,,,,3000000025,Services,Unit,,998,Other,,,,,,,,,,,,,0,,,,,,,,,1,,,,,,,,,,,,,,,,,,,
7520,PAEDIATRICIAN (Review),,,,,,,,,,,,3000000025,Services,Unit,,998,Other,,,,,,,,,,,,,0,,,,,,,,,1,,,,,,,,,,,,,,,,,,,
7528,Soluset,,Add Item to Watch List,5,0,,,,,,,,3010000001,Pharmacy,,,289,,General Consumables,,,,,,,,,1,,0,0,,,,,1,,,Consumables,1,Pieces,Pieces,,,,,,,,,,,,,,,,,
7540,Dihydroartemisinin + Piperaquine TS 120/960mg (P-Alaxin by 3),,Add Item to Watch List,1,0,,,,,,,,3010000001,Pharmacy,,,410,,Tab,,,,,,,,,3,,0,0,,,,,1,,,Drugs,1,Packs,Tablet,,,,,,,,,,,,,,,,,
7543,Phenobarbitone 100mg/ml,,Add Item to Watch List,1,0,,,,,,,,3010000001,Pharmacy,,,251,,Inj,,,,,,,,,10,,0,0,,,,,1,,,Drugs,1,Packs,Amp,,,,,,,,,,,,,,,,,
7548,Plaster 1",,Add Item to Watch List,1,0,,,,,,,,3010000001,Pharmacy,,,1025,,General Consumables,,,,,,,,,6,,0,0,,,,,1,,,Consumables,1,Packs,Pieces,,,,,,,,,,,,,,,,,
7557,Underpads,,Add Item to Watch List,1,0,,,,,,,,3010000001,Pharmacy,,,289,,General Consumables,,,,,,,,,5,,0,0,,,,,1,,,Consumables,1,Packs,Pieces,,,,,,,,,,,,,,,,,
7564,Tranexamic acid 500mg,,Add Item to Watch List,5,0,,,,,,,,3010000001,Pharmacy,,,426,,Inj,,,,,,,,,5,,0,0,,,,,1,,,Drugs,1,Packs,Amp,,,,,,,,,,,,,,,,,
7573,Aristobet-N (Betamethasone 1mg + Neomycin 5mg),,Add Item to Watch List,1,0,,,,,,,,3010000001,Pharmacy,,,436,,Gutt,,,,,,,,,10,1,0,0,,,,,1,,,Drugs,1,Packs,Pieces,,,,,,,,,,,,,,,,,
7576,Hydroxyurea 250mg,,Add Item to Watch List,1,0,,,,,,,,3010000001,Pharmacy,,,1025,,Tab,,,,,,,,,30,,0,0,,,,,1,,,Drugs,1,Packs,Tablet,,,,,,,,,,,,,,,,,
7577,Hydroxyurea 500mg,,Add Item to Watch List,1,0,,,,,,,,3010000001,Pharmacy,,,1025,,Tab,,,,,,,,,30,,0,0,,,,,1,,,Drugs,1,Pieces,Tablet,,,,,,,,,,,,,,,,,
7579,Metformin 1000mg (Panfor SR),,Add Item to Watch List,5,0,,,,,,,,3010000001,Pharmacy,,,433,,Tab,,,,,,,,,100,,0,0,,,,,1,,,Drugs,1,Packs,Packs,,,,,,,,,,,,,,,,,
7581,Artesunate 100mg + Amodiaquine 300mg (Camosunate) 7-13 years,,Add Item to Watch List,1,0,,,,,,,,3010000001,Pharmacy,,,410,,Tab,,,,,,,,,10,,0,0,,,,,1,,,Drugs,1,Packs,Pieces,,,,,,,,,,,,,,,,,
7582,Artesunate 200mg + Amodiaquine 600mg (Camosunate) Adult,,Add Item to Watch List,1,0,,,,,,,,3010000001,Pharmacy,,,410,,Tab,,,,,,,,,10,,0,0,,,,,1,,,Drugs,1,Packs,Pieces,,,,,,,,,,,,,,,,,
7589,Liquid Hand Soap 500ml,,Add Item to Watch List,1,0,,,,,,,,3010000001,Pharmacy,,,1025,,General Consumables,,,,,,,,,1,,0,0,,,,,1,,,Consumables,1,Pieces,Pieces,,,,,,,,,,,,,,,,,
7591,Glimepiride 4mg ,,Add Item to Watch List,5,0,,,,,,,,3010000001,Pharmacy,,,433,,Tab,,,,,,,,,30,,0,0,,,,,1,,,Drugs,1,Packs,Tablet,,,,,,,,,,,,,,,,,
7592,Piroxicam 20mg ,,Add Item to Watch List,5,0,,,,,,,,3010000001,Pharmacy,,,248,,Cap,,,,,,,,,100,,0,0,,,,,1,,,Drugs,1,Packs,Capsule,,,,,,,,,,,,,,,,,
7596,Hematinics (Ferobin),,Add Item to Watch List,,0,,,,,,,,3010000001,Pharmacy,,,766,,Syr,,,,,,,,,10,,0,0,,,,,1,,,Drugs,1,Packs,Pieces,,,,,,,,,,,,,,,,,
7597,Escitalopram 20mg,,Add Item to Watch List,1,0,,,,,,,,3010000001,Pharmacy,,,1006,,Tab,,,,,,,,,30,,0,0,,,,,1,,,Drugs,1,Packs,Tablet,,,,,,,,,,,,,,,,,
7600,Baby wipes ,,Add Item to Watch List,5,0,,,,,,,,3010000001,Pharmacy,,,289,,General Consumables,,,,,,,,,60,,0,0,,,,,1,,,Consumables,1,Packs,Packs,,,,,,,,,,,,,,,,,
7601,Levofloxacin 500mg/100ml,,Add Item to Watch List,1,0,,,,,,,,3010000001,Pharmacy,,,1022,,IVF,,,,,,,,,1,,0,0,,,,,1,,,Drugs,1,Pieces,Pieces,,,,,,,,,,,,,,,,,
7607,Insulin Syringe ,,Add Item to Watch List,5,0,,,,,,,,3010000001,Pharmacy,,,289,,General Consumables,,,,,,,,,100,,0,0,,,,,1,,,Consumables,1,Packs,Pieces,,,,,,,,,,,,,,,,,
7608,Vitamin K1 10mg/ml,,Add Item to Watch List,5,0,,,,,,,,3010000001,Pharmacy,,,425,,Inj,,,,,,,,,10,,0,0,,,,,1,,,Drugs,1,Packs,Amp,,,,,,,,,,,,,,,,,
7611,Neonatal Nasal Prong,,Add Item to Watch List,1,0,,,,,,,,3010000001,Pharmacy,,,289,,General Consumables,,,,,,,,,1,,0,0,,,,,1,,,Consumables,1,Pieces,Pieces,,,,,,,,,,,,,,,,,
7624,Diclofenac Sodium 75mg/Misoprostol 200mcg,,Add Item to Watch List,5,0,,,,,,,,3010000001,Pharmacy,,,248,,Tab,,,,,,,,,100,,0,0,,,,,1,,,Drugs,1,Packs,Tablet,,,,,,,,,,,,,,,,,
7626,Albendazole 400mg/10ml,,Add Item to Watch List,10,0,,,,,,,,3010000001,Pharmacy,,,409,,Susp,,,,,,,,,24,,0,0,,,,,1,,,Drugs,1,Packs,Bottle,,,,,,,,,,,,,,,,,
7632,Telmisartan/Hydrochlorthiazide 40/12.5mg,,Add Item to Watch List,5,0,,,,,,,,3010000001,Pharmacy,,,1023,,Tab,,,,,,,,,30,,0,0,,,,,1,,,Drugs,1,Packs,Tablet,,,,,,,,,,,,,,,,,
7635,Propofol 200mg/20ml,,Add Item to Watch List,1,0,,,,,,,,3010000001,Pharmacy,,,247,,Inj,200mg/20ml,,,,,,,,1,,0,0,,,,,1,,,Drugs,1,Vial,Packs,,,,,,,,,,,,,,,,,
7641,NEURO SURGERY REGISTRATION,,,,,,,,,,,,3010000004,Services,Unit,,,Surgery,,,,,,,,,,,,,2,,,,,,,,,1,,,,,,,,,,,,,,,,,,,
7642,NEURO SURGERY FOLLOW UP,,,,,,,,,,,,3000000019,Services,Unit,,,Surgery,,,,,,,,,,,,,2,,,,,,,,,1,,,,,,,,,,,,,,,,,,,
7503,THERAPEUTIC/ SPECIAL DIET FEE PER DAY,,,,,,,,,,,,3000000024,Services,Days,,1008,Other,,,,,,,,,,,,,0,,,,,,,,,1,,,,,,,,,,,,,,,,,,,
7507,FEEDING PER DAY (PRIVATE WARD),,,,,,,,,,,,3000000024,Services,Days,,1008,Other,,,,,,,,,,,,,0,,,,,,,,,1,,,,,,,,,,,,,,,,,,,
7518,ECHO-  NON REGISTERED PAEDIATRIC (BELOW 18 YEARS),,,,,,,,,,,,3000000025,Services,Unit,,998,Other,,,,,,,,,,,,,2,,,,,,,,,1,,,,,,,,,,,,,,,,,,,
7522,E-CARD FEE (NHIS),,,,,,,,,,,,3000000028,Services,Unit,,1051,Other,,,,,,,,,,,,,2,,,,,,,,,1,,,,,,,,,,,,,,,,,,,
7531,Nasogastric Tube (NG) Size 5 ,,Add Item to Watch List,1,0,,,,,,,,3010000001,Pharmacy,,,289,,General Consumables,,,,,,,,,1,,0,0,,,,,1,,,Consumables,1,Pieces,Pieces,,,,,,,,,,,,,,,,,
7534,Nasogastric Tube (NG) Size 8,,Add Item to Watch List,1,0,,,,,,,,3010000001,Pharmacy,,,289,,General Consumables,,,,,,,,,1,,0,0,,,,,1,,,Consumables,1,Pieces,Pieces,,,,,,,,,,,,,,,,,
7535,Azithromycin 200mg/5ml,,Add Item to Watch List,5,0,,,,,,,,3010000001,Pharmacy,,,1022,,Susp,,,,,,,,,10,,0,0,,,,,1,,,Drugs,1,Packs,Bottle,,,,,,,,,,,,,,,,,
7544,Dispersible Artemether/Lumefantrine 20/120mg by 6,,Add Item to Watch List,1,0,,,,,,,,3010000001,Pharmacy,,,410,,Tab,,,,,,,,,6,,0,0,,,,,1,,,Drugs,1,Packs,Tablet,,,,,,,,,,,,,,,,,
7553,Clotrimazole 1%  ,,Add Item to Watch List,1,0,,,,,,,,3010000001,Pharmacy,,,411,,Cream,,,,,,,,,10,,0,0,,,,,1,,,Drugs,1,Packs,Pieces,,,,,,,,,,,,,,,,,
7555,Artemether/Lumefantrine 20/120mg by 12,,Add Item to Watch List,1,0,,,,,,,,3010000001,Pharmacy,,,410,,Tab,,,,,,,,,12,,0,0,,,,,1,,,Drugs,1,Packs,Packs,,,,,,,,,,,,,,,,,
7561,Adult Diapers,,Add Item to Watch List,1,0,,,,,,,,3010000001,Pharmacy,,,289,,General Consumables,,,,,,,,,10,,0,0,,,,,1,,,Consumables,1,Packs,Pieces,,,,,,,,,,,,,,,,,
7574,Dapaglifozin 10mg,,Add Item to Watch List,1,0,,,,,,,,3010000001,Pharmacy,,,433,,Tab,,,,,,,,,30,,0,0,,,,,1,,,Drugs,1,Packs,Tablet,,,,,,,,,,,,,,,,,
7580,Artesunate 50mg + Amodiaquine 150mg (Camosunate) 1-6 years,,Add Item to Watch List,1,0,,,,,,,,3010000001,Pharmacy,,,410,,Satchet,,,,,,,,,10,,0,0,,,,,1,,,Drugs,1,Packs,Sachet,,,,,,,,,,,,,,,,,
7583,Carbamazepine 100mg/5ml (Tegretol),,Add Item to Watch List,1,0,,,,,,,,3010000001,Pharmacy,,,251,,Syr,,,,,,,,,10,,0,0,,,,,1,,,Drugs,1,Packs,Bottle,,,,,,,,,,,,,,,,,
7612,Adult Nasal Prong,,Add Item to Watch List,1,0,,,,,,,,3010000001,Pharmacy,,,289,,General Consumables,,,,,,,,,1,,0,0,,,,,1,,,Consumables,1,Pieces,Pieces,,,,,,,,,,,,,,,,,
7631,clopidogrel 75mg,,Add Item to Watch List,,0,,,,,,,,3010000001,Pharmacy,,,424,,Tab,,,,,,,,,30,,0,2,,,,,1,,,Drugs,1,Packs,Sachet,,,,,,,,,,,,,,,,,
7633,LONART DS 80/480mg,,,,0,,,,,,,,3010000001,Pharmacy,,,410,,Tab,,,,,,,,,6,,0,0,,,,,1,,,Drugs,1,Packs,Sachet,,,,,,,,,,,,,,,,,
7637,NEPHROLOGY- Registration,,,,,,,,,,,,3000000025,Services,Unit,,998,Other,,,,,,,,,,,,,2,,,,,,,,,1,,,,,,,,,,,,,,,,,,,
7639,NEPHROLOGY- Follow-Up,,,,,,,,,,,,3000000025,Services,Unit,,997,Other,,,,,,,,,,,,,2,,,,,,,,,1,,,,,,,,,,,,,,,,,,,
7646,"Injection Kit (5cc,Disp.golves,21G)",,Add Item to Watch List,,0,,,,,,,,3010000001,Pharmacy,,,441,,General Consumables,,,,,,,,,,,0,0,,,,,1,,,Consumables,1,Packs,Packs,,,,,,,,,,,,,,,,,
7501,FEEDING PER MEAL (GEN WARD),,,,,,,,,,,,3000000024,Services,Unit,,1008,Other,,,,,,,,,,,,,0,,,,,,,,,1,,,,,,,,,,,,,,,,,,,
7502,THERAPEUTIC/SPECIAL DIET FEE PER MONTH,,,,,,,,,,,,3000000024,Services,Unit,,1008,Other,,,,,,,,,,,,,0,,,,,,,,,1,,,,,,,,,,,,,,,,,,,
7504,THERAPEUTIC / SPECIAL DIET FEE PER MEAL,,,,,,,,,,,,3000000024,Services,Unit,,1008,Other,,,,,,,,,,,,,0,,,,,,,,,1,,,,,,,,,,,,,,,,,,,
7505,FEEDING PER MEAL (PRIVATE WARD),,,,,,,,,,,,3000000024,Services,Unit,,1008,Other,,,,,,,,,,,,,0,,,,,,,,,1,,,,,,,,,,,,,,,,,,,
7506,FEEDING (PRIVATE WARD) PER MEAL,,,,,,,,,,,,3000000024,Services,Unit,,1008,Other,,,,,,,,,,,,,0,,,,,,,,,1,,,,,,,,,,,,,,,,,,,
7508,REPLACEMENT OF LOST EMR CARD,,,,,,,,,,,,3000000007,Services,Unit,,166,Other,,,,,,,,,,,,,0,,,,,,,,,1,,,,,,,,,,,,,,,,,,,
7509,COST OF MATERIALS (LOCAL ANAESTHESIA),,,,,,,,,,,,3000000025,Services,Unit,,997,Other,,,,,,,,,,,,,0,,,,,,,,,1,,,,,,,,,,,,,,,,,,,
7510,COST OF MATERIALS (GENERAL FACEMASK ANAESTHESIA),,,,,,,,,,,,3000000025,Services,Unit,,997,Other,,,,,,,,,,,,,0,,,,,,,,,1,,,,,,,,,,,,,,,,,,,
7511,COST OF MATERIALS ( GENERAL ETT ANAESTHESIA),,,,,,,,,,,,3000000025,Services,Unit,,998,Other,,,,,,,,,,,,,0,,,,,,,,,1,,,,,,,,,,,,,,,,,,,
7512,COST OF MATERIALS ( SPINAL ANAESTHESIA ),,,,,,,,,,,,3000000025,Services,Unit,,997,Other,,,,,,,,,,,,,0,,,,,,,,,1,,,,,,,,,,,,,,,,,,,
7521,E-CARD (NHIS),,,,,,,,,,,,3000000028,Services,Unit,,997,Other,,,,,,,,,,,,,2,,,,,,,,,,,,,,,,,,,,,,,,,,,,
7532,ADMISSION INTO NICU,,,,,,,,,,,,3000000025,Services,Unit,,998,Procedure,,,,,,,,,,,,,2,,,,,,1,,,1,,,,,,,,,,,,,,,,,,,
7533,Nasogastric Tube (NG) Size 6,,Add Item to Watch List,1,0,,,,,,,,3010000001,Pharmacy,,,289,,General Consumables,,,,,,,,,1,,0,0,,,,,1,,,Consumables,1,Pieces,Pieces,,,,,,,,,,,,,,,,,
7538,Artesunate 60mg ,,Add Item to Watch List,1,0,,,,,,,,3010000001,Pharmacy,,,410,,Inj,,,,,,,,,1,1,0,0,,,,,1,,,Drugs,1,Packs,Packs,,,,,,,,,,,,,,,,,
7542,Chlorxy-G Gel,,Add Item to Watch List,1,0,,,,,,,,3010000001,Pharmacy,,,422,,General Consumables,,,,,,,,,1,,0,0,,,,,1,,,Consumables,1,Packs,Pieces,,,,,,,,,,,,,,,,,
7546,Diclofenac,,Add Item to Watch List,5,0,,,,,,,,3010000001,Pharmacy,,,248,,Cream,,,,,,,,,10,,0,0,,,,,1,,,Drugs,1,Packs,Pieces,,,,,,,,,,,,,,,,,
7547,KY Jelly Lubricant,,Add Item to Watch List,5,0,,,,,,,,3010000001,Pharmacy,,,1025,,General Consumables,,,,,,,,,10,,0,0,,,,,1,,,Consumables,1,Packs,Pieces,,,,,,,,,,,,,,,,,
7552,Doxycycline 100mg ,,Add Item to Watch List,10,0,,,,,,,,3010000001,Pharmacy,,,1022,,Cap,,,,,,,,,100,,0,0,,,,,1,,,Drugs,1,Packs,Capsule,,,,,,,,,,,,,,,,,
7554,Diazepam (unival),,Add Item to Watch List,100,0,,,,,,,,3010000001,Pharmacy,,,1033,,Inj,,,,,,,,,10,,0,0,,,,,1,,,Drugs,1,Vial,Vial,,,,,,,,,,,,,,,,,
7556,Artemether/Lumefantrine 20/120mg by 18,,Add Item to Watch List,1,0,,,,,,,,3010000001,Pharmacy,,,410,,Tab,,,,,,,,,18,,0,0,,,,,1,,,Drugs,1,Packs,Packs,,,,,,,,,,,,,,,,,
7559,Ringer's Lactate,,Add Item to Watch List,5,0,,,,,,,,3010000001,Pharmacy,,,1028,,IVF,,,,,,,,,20,,0,0,,,,,1,,,Drugs,1,Packs,Pieces,,,,,,,,,,,,,,,,,
7572,Povidone - Iodine 10%,,Add Item to Watch List,1,0,,,,,,,,3010000001,Pharmacy,,,416,,General Consumables,,,,,,,,,1,,0,0,,,,,1,,,Consumables,1,Bottle,Bottle,,,,,,,,,,,,,,,,,
7593,Paraldehyde Injection B.P.,,Add Item to Watch List,1,0,,,,,,,,3010000001,Pharmacy,,,251,,Inj,,,,,,,,,5,,0,0,,,,,1,,,Drugs,1,Packs,Amp,,,,,,,,,,,,,,,,,
7603,Gentamycin 0.3%,,Add Item to Watch List,1,0,,,,,,,,3010000001,Pharmacy,,,436,,Gutt,,,,,,,,,10,,0,0,,,,,1,,,Drugs,1,Packs,Pieces,,,,,,,,,,,,,,,,,
7620,Lycoset,,Add Item to Watch List,5,0,,,,,,,,3010000001,Pharmacy,,,1030,,Syr,,,,,,,,,20,,0,0,,,,,1,,,Drugs,1,Packs,Bottle,,,,,,,,,,,,,,,,,
7622,Lycoset ,,Add Item to Watch List,10,0,,,,,,,,3010000001,Pharmacy,,,1030,,Cap,,,,,,,,,30,,0,0,,,,,1,,,Drugs,1,Packs,Capsule,,,,,,,,,,,,,,,,,
7625,Permethrin 5%,,Add Item to Watch List,1,0,,,,,,,,3010000001,Pharmacy,,,274,,Cream,,,,,,,,,10,,0,0,,,,,1,,,Drugs,1,Packs,Pieces,,,,,,,,,,,,,,,,,
7629,Salbutamol 2mg/5ml,,Add Item to Watch List,5,0,,,,,,,,3010000001,Pharmacy,,,994,,Syr,,,,,,,,,10,,0,0,,,,,1,,,Drugs,1,Packs,Bottle,,,,,,,,,,,,,,,,,
7638,Magnesium Sulphate MgSO4,,,,0,,,,,,,,3010000001,Pharmacy,,,443,,Inj,,,,,,,,,10,,0,2,,,,,0,,,Drugs,1,Packs,Amp,,,,,,,,,,,,,,,,,
7643,O.T  C & A MONTHLY SERVICE CHARGE- 1 MONTH,,,,,,,,,,,,3000000007,Services,Months,,991,Other,,,,,,,,,,,,,2,,,,,,,,,1,,,,,,,,,,,,,,,,,,,
7644,O.T  C & A MONTHLY SERVICE CHARGE- 2 MONTH,,,,,,,,,,,,3000000007,Services,Months,,991,Other,,,,,,,,,,,,,2,,,,,,,,,1,,,,,,,,,,,,,,,,,,,
7513,COST OF MATERIALS (CONSCIOUS SEDATION),,,,,,,,,,,,3000000025,Services,Unit,,998,Other,,,,,,,,,,,,,0,,,,,,,,,1,,,,,,,,,,,,,,,,,,,
7514,COST OF MATERIALS (GENERAL TIVA KETAMINE ),,,,,,,,,,,,3000000025,Services,Unit,,998,Other,,,,,,,,,,,,,0,,,,,,,,,1,,,,,,,,,,,,,,,,,,,
7515,ECG- REGISTERED PAEDIATRIC (BELOW 18 YEARS),,,,,,,,,,,,3000000025,Services,Unit,,997,Other,,,,,,,,,,,,,2,,,,,,,,,1,,,,,,,,,,,,,,,,,,,
7523,LAUNDRY FEE PER DAY,,,,,,,,,,,,3000000028,Services,Unit,,1001,Other,,,,,,,,,,,,,2,,,,,,1,,,1,,,,,,,,,,,,,,,,,,,
7526,NEBULIZATION ,,,,,,,,,,,,3000000025,Services,Unit,,997,Procedure,,,,,,,,,,,,,2,,,,,,1,,,1,,,,,,,,,,,,,,,,,,,
7527,PAEDIATRIC ECHO FOR WALK-IN ,,,,,,,,,,,,3000000025,Services,Unit,,997,Procedure,,,,,,,,,,,,,2,,,,,,1,,,1,,,,,,,,,,,,,,,,,,,
7530,Vitamin B. Complex ,,Add Item to Watch List,10,0,,,,,,,,3010000001,Pharmacy,,,1030,,Tab,,,,,,,,,1000,,0,2,,,,,1,1,,Drugs,1,Packs,Tablet,,,,,,,,,,,,,,,,,
7536,Tizanidine 2mg,,Add Item to Watch List,1,0,,,,,,,,3010000001,Pharmacy,,,248,,Tab,,,,,,,,,10,,0,0,,,,,1,,,Drugs,1,Packs,Tablet,,,,,,,,,,,,,,,,,
7539,Phenytoin 50mg/ml,,Add Item to Watch List,1,0,,,,,,,,3010000001,Pharmacy,,,408,,Inj,,,,,,,,,10,,0,0,,,,,1,,,Drugs,1,Packs,Amp,,,,,,,,,,,,,,,,,
7541,Antacid,,Add Item to Watch List,1,0,,,,,,,,3010000001,Pharmacy,,,442,,Tab,,,,,,,,,10,,0,0,,,,,1,,,Drugs,1,Packs,Tablet,,,,,,,,,,,,,,,,,
7550,Multivitamin (Afrab Vite),,Add Item to Watch List,1,0,,,,,,,,3010000001,Pharmacy,,,1030,,Drop,,,,,,,,,10,,0,0,,,,,1,,,Drugs,1,Packs,Bottle,,,,,,,,,,,,,,,,,
7560,Risperidone (Risdal),,Add Item to Watch List,10,0,,,,,,,,3010000001,Pharmacy,,,441,,Tab,,,,,,,,,100,,0,2,,,,,0,,,Drugs,1,Packs,Sachet,,,,,,,,,,,,,,,,,
7562,Triple action ,,Add Item to Watch List,1,0,,,,,,,,3010000001,Pharmacy,,,274,,Cream,,,,,,,,,10,,0,0,,,,,1,,,Drugs,1,,Pieces,,,,,,,,,,,,,,,,,
7567,Rabeprazole 20mg,,Add Item to Watch List,5,0,,,,,,,,3010000001,Pharmacy,,,442,,Tab,,,,,,,,,10,,0,0,,,,,1,,,Drugs,1,Packs,Tablet,,,,,,,,,,,,,,,,,
7568,Jointflex (Glucosamine/Chondroitin/Omega-3-fish oil),,Add Item to Watch List,5,0,,,,,,,,3010000001,Pharmacy,,,286,,Tab,,,,,,,,,30,,0,0,,,,,1,,,Drugs,1,Packs,Tablet,,,,,,,,,,,,,,,,,
7569,Hydrocortisone 1%,,Add Item to Watch List,5,0,,,,,,,,3010000001,Pharmacy,,,1047,,Cream,,,,,,,,,10,,0,0,,,,,1,,,Drugs,1,Packs,Pieces,,,,,,,,,,,,,,,,,
7571,Benzyl Benzoate Lotion,,Add Item to Watch List,5,0,,,,,,,,3010000001,Pharmacy,,,422,,Others,,,,,,,,,10,,0,0,,,,,1,,,Drugs,1,Bottle,Pieces,,,,,,,,,,,,,,,,,
7584,Amoxicillin/Clavulanic acid 1.2g,,Add Item to Watch List,1,0,,,,,,,,3010000001,Pharmacy,,,412,,i.v,,,,,,,,,5,1,0,0,,,,,1,,,Drugs,1,Packs,Pieces,,,,,,,,,,,,,,,,,
7586,Vitamin C 100mg/5ml,,Add Item to Watch List,1,0,,,,,,,,3010000001,Pharmacy,,,285,,Syr,,,,,,,,,10,,0,0,,,,,1,,,Drugs,1,Packs,Bottle,,,,,,,,,,,,,,,,,
7587,Norethisterone 5mg (Primolut N),,Add Item to Watch List,1,0,,,,,,,,3010000001,Pharmacy,,,277,,Tab,,,,,,,,,30,,0,0,,,,,1,,,Drugs,1,Packs,Tablet,,,,,,,,,,,,,,,,,
7590,Dihydroartemisinin/Piperaquine DS 80/640mg (P-Alaxin),,Add Item to Watch List,5,0,,,,,,,,3010000001,Pharmacy,,,410,,Tab,,,,,,,,,6,,0,0,,,,,1,,,Drugs,1,Packs,Packs,,,,,,,,,,,,,,,,,
7595,Trypsin Chymotrypsin (Chymoral) ,,Add Item to Watch List,1,0,,,,,,,,3010000001,Pharmacy,,,1047,,Tab,,,,,,,,,30,,0,0,,,,,1,,,Drugs,1,Packs,Tablet,,,,,,,,,,,,,,,,,
7598,Risperidone 2mg (Masrone),,Add Item to Watch List,1,0,,,,,,,,3010000001,Pharmacy,,,441,,Tab,,,,,,,,,30,,0,0,,,,,1,,,Drugs,1,Packs,Tablet,,,,,,,,,,,,,,,,,
7599,Citicoline 500mg (Syschol),,Add Item to Watch List,1,0,,,,,,,,3010000001,Pharmacy,,,283,,Tab,,,,,,,,,30,,0,0,,,,,1,,,Drugs,1,Packs,Tablet,,,,,,,,,,,,,,,,,
7609,Diclofenac 100mg,,Add Item to Watch List,5,0,,,,,,,,3010000001,Pharmacy,,,248,,Suppository,,,,,,,,,10,,0,0,,,,,1,,,Drugs,1,Packs,Pieces,,,,,,,,,,,,,,,,,
7615,Dispersible Dihydroartemisinin/Piperaquine 40/320mg (P-Alaxin),,Add Item to Watch List,1,0,,,,,,,,3010000001,Pharmacy,,,410,,Tab,,,,,,,,,6,,0,0,,,,,1,,,Drugs,1,Packs,Packs,,,,,,,,,,,,,,,,,
7616,G-Amino,,Add Item to Watch List,5,0,,,,,,,,3010000001,Pharmacy,,,1030,,Syr,,,,,,,,,25,,0,0,,,,,1,,,Drugs,1,Packs,Bottle,,,,,,,,,,,,,,,,,
7617,a-? Arteether 225mg/3ml,,Add Item to Watch List,10,0,,,,,,,,3010000001,Pharmacy,,,410,,Inj,,,,,,,,,3,,0,0,,,,,1,,,Drugs,1,Packs,Amp,,,,,,,,,,,,,,,,,
7618,a-? Arteether 150mg/3ml,,Add Item to Watch List,,0,,,,,,,,3010000001,Pharmacy,,,410,,Inj,,,,,,,,,,,0,0,,,,,1,,,Drugs,1,Amp,Pieces,,,,,,,,,,,,,,,,,
7628,Metformin 500mg ,,Add Item to Watch List,5,0,,,,,,,,3010000001,Pharmacy,,,433,,Tab,,,,,,,,,100,,0,2,,,,,1,,,Drugs,1,Packs,Tablet,,,,,,,,,,,,,,,,,
7630,Klovinal,,Add Item to Watch List,5,0,,,,,,,,3010000001,Pharmacy,,,423,,Pessary,,,,,,,,,6,,0,2,,,,,1,,,Drugs,1,Packs,Packs,,,,,,,,,,,,,,,,,
7634,IVF 10% DEXTROSE WATER,,,,0,,,,,,,,3010000001,Pharmacy,,,289,,General Consumables,,,,,,,,,20,,0,2,,,,,1,,,Consumables,1,Packs,Bottle,,,,,,,,,,,,,,,,,
7640,probiotics,,,,0,,,,,,,,3010000001,Pharmacy,,,288,,Satchet,,,,,,,,,,,0,0,,,,,0,,,Drugs,1,Sachet,Packs,,,,,,,,,,,,,,,,,
7645,Metformin 500mg (GLUCOPHAGE),,Add Item to Watch List,,0,,,,,,,,3010000001,Pharmacy,,,992,,Tab,,,,,,,,,,,0,0,,,,,0,,,Drugs,1,Packs,Tablet,,,,,,,,,,,,,,,,,
7524,PHOTOTHERAPY PER DAY,,,,,,,,,,,,3000000025,Services,Unit,,997,Procedure,,,,,,,,,,,,,2,,,,,,,,,1,,,,,,,,,,,,,,,,,,,
7525,EBT PER SEESION,,,,,,,,,,,,3000000025,Services,Unit,,997,Procedure,,,,,,,,,,,,,2,,,,,,,,,1,,,,,,,,,,,,,,,,,,,
7545,Cefpodoxime 100mg/5ml,,Add Item to Watch List,5,0,,,,,,,,3010000001,Pharmacy,,,1022,,Susp,,,,,,,,,10,,0,0,,,,,1,,,Drugs,1,Packs,Bottle,,,,,,,,,,,,,,,,,
7558,Sodium Valproate 500mg,,Add Item to Watch List,1,0,,,,,,,,3010000001,Pharmacy,,,251,,Tab,,,,,,,,,10,,0,0,,,,,1,,,Drugs,1,Packs,Tablet,,,,,,,,,,,,,,,,,
7563,Activated Charcoal Powder,,Add Item to Watch List,1,0,,,,,,,,3010000001,Pharmacy,,,1025,,Others,,,,,,,,,1,,0,0,,,,,1,,,Drugs,1,Pieces,Pieces,,,,,,,,,,,,,,,,,
7565,Vitamin E 1000IU,,Add Item to Watch List,10,0,,,,,,,,3010000001,Pharmacy,,,285,,Tab,,,,,,,,,100,,0,0,,,,,1,,,Drugs,1,Packs,Tablet,,,,,,,,,,,,,,,,,
7566,Levofloxacin 500mg,,Add Item to Watch List,5,0,,,,,,,,3010000001,Pharmacy,,,412,,Tab,,,,,,,,,10,,0,0,,,,,1,,,Drugs,1,Packs,Tablet,,,,,,,,,,,,,,,,,
7570,Urinary Catheter Size 18,,Add Item to Watch List,5,0,,,,,,,,3010000001,Pharmacy,,,289,,General Consumables,,,,,,,,,10,,0,0,,,,,1,,,Consumables,1,Packs,Pieces,,,,,,,,,,,,,,,,,
7575,Dihydrocodeine 30mg (DF118),,Add Item to Watch List,5,0,,,,,,,,3010000001,Pharmacy,,,248,,Tab,,,,,,,,,100,,0,0,,,,,1,,,Drugs,1,Packs,Tablet,,,,,,,,,,,,,,,,,
7578,Proguanil 100mg ,,Add Item to Watch List,5,0,,,,,,,,3010000001,Pharmacy,,,410,,Tab,,,,,,,,,100,,0,0,,,,,1,,,Drugs,1,Packs,Tablet,,,,,,,,,,,,,,,,,
7585,Risperidone 2mg (Milton),,Add Item to Watch List,1,0,,,,,,,,3010000001,Pharmacy,,,441,,Tab,,,,,,,,,30,,0,0,,,,,1,,,Drugs,1,Packs,Tablet,,,,,,,,,,,,,,,,,
7588,Oxytocin 10IU/ml (PANPHARMA),,Add Item to Watch List,5,0,,,,,,,,3010000001,Pharmacy,,,280,,Inj,,,,,,,,,10,,0,0,,,,,1,,,Drugs,1,Packs,Amp,,,,,,,,,,,,,,,,,
7602,"Aristobet-N (Eye, Ear and Nasal Drops)",,Add Item to Watch List,1,0,,,,,,,,3010000001,Pharmacy,,,1034,,Gutt,,,,,,,,,10,,0,0,,,,,1,,,Drugs,1,Packs,Pieces,,,,,,,,,,,,,,,,,
7605,Quetiapine 300mg ,,Add Item to Watch List,5,0,,,,,,,,3010000001,Pharmacy,,,441,,Tab,,,,,,,,,30,,0,0,,,,,1,,,Drugs,1,Packs,Tablet,,,,,,,,,,,,,,,,,
7610,Antitetanus Serum (ATS) 1500IU,,Add Item to Watch List,5,0,,,,,,,,3010000001,Pharmacy,,,1025,,i.m,,,,,,,,,10,,0,0,,,,,1,,,Drugs,1,Packs,Pieces,,,,,,,,,,,,,,,,,
7613,Ceftazidime 1g,,Add Item to Watch List,1,0,,,,,,,,3010000001,Pharmacy,,,1022,,Inj,,,,,,,,,1,,0,0,,,,,1,,,Drugs,1,Pieces,Pieces,,,,,,,,,,,,,,,,,
7614,Dispersible Dihydroartemisinin/Piperaquine 20/160mg (P-Alaxin),,Add Item to Watch List,,0,,,,,,,,3010000001,Pharmacy,,,410,,Tab,,,,,,,,,6,,0,0,,,,,1,,,Drugs,1,Packs,Packs,,,,,,,,,,,,,,,,,
7619,Sodium Valproate 200mg (Excelcharis),,Add Item to Watch List,10,0,,,,,,,,3010000001,Pharmacy,,,251,,Tab,,,,,,,,,100,,0,2,,,,,1,,,Drugs,1,Packs,Tablet,,,,,,,,,,,,,,,,,
7623,K1 10mg/ml,,Add Item to Watch List,5,0,,,,,,,,3010000001,Pharmacy,,,426,,Inj,,,,,,,,,10,1,0,0,,,,,1,,,Drugs,1,Packs,Amp,,,,,,,,,,,,,,,,,
7636,ACYCLOVIR 400MG,,,,0,,,,,,,,3010000001,Pharmacy,,,414,,Tab,,,,,,,,,,,0,0,,,,,1,,,Drugs,1,Packs,Sachet,,,,,,,,,,,,,,,,,
