COMPLAINT_DETAIL_ID,COMPLAINT_ID,P_TITLE,P_VALUE,CONTROL,P_NOTE,CASE_FILE_ID,TEMP_DETAIL_ID,GENERIC_TEMPLATE_DETAIL_ID,GENERIC_TEMPLATE_ID
44381,286185,Location,N,Checkbox,,,261,261,1241
44382,286185,CARDIOVASCULAR,N,Checkbox,,,291,291,402
44383,286185,pulse rate,N,Checkbox,,,292,292,402
44384,286185,Elective,N,,,,262,262,1241
44385,286185,Emergency,N,,,,263,263,1241
44386,286185,blood pressure,N,Checkbox,,,293,293,402
44387,286185,heart sounds,N,Checkbox,,,294,294,402
44388,286185,Allergy,N,,,,264,264,1241
44389,286185,PONV,N,,,,267,267,1241
44390,286185,Apex Beat,N,Checkbox,,,295,295,402
44391,286185,PREVIOUSE ANAESTHETIC EXPOSURE,N,,,,268,268,1241
44392,286185,RESPIRATORY,N,Checkbox,,,296,296,402
44393,286185,PONV,N,Checkbox,,,269,269,1241
44394,286185,Sequelae,N,Checkbox,,,270,270,1241
44395,286185,DENTAL HX,N,,,,271,271,1241
44396,286185,Respiration Rate,N,Checkbox,,,297,297,402
44397,286185,Missing tooth,N,,,,272,272,1241
44398,286185,broken tooth,N,,,,273,273,1241
44399,286185,loose tooth,N,,,,274,274,1241
44400,286185,false tooth,N,,,,275,275,1241
44401,286185,Breath Sounds:,N,Checkbox,,,298,298,402
44402,286185,COMORBIDITIES,N,,,,276,276,1241
44403,286185,Hypertension,N,,,,277,277,1241
44404,286185,Diabetes mellitus,N,,,,278,278,1241
44405,286185,Asthma,N,,,,279,279,1241
44406,286185,PUD,N,,,,280,280,1241
44407,286185,Seizures,N,,,,281,281,1241
44408,286185,Others,N,Checkbox,,,299,299,402
44409,286185,PREVIOUS SURGERY,N,,,,282,282,1241
44410,286185,ABDOMINAL,N,Checkbox,,,300,300,402
44411,286185,PREVIOUS BLOOD TRANSFUSION,N,,,,283,283,1241
44412,286185,SOCIAL HX,N,,,,284,284,1241
44413,286185,Orientation,N,Checkbox,,,301,301,402
44414,286185,employed,N,,,,285,285,1241
44415,286185,marital status,N,,,,286,286,1241
44416,286185,smoking,N,,,,287,287,1241
44417,286185,alcohol,N,,,,288,288,1241
44418,286185,children,N,,,,289,289,1241
44419,286185,recreational drugs,N,,,,290,290,1241
44420,286185,Tenderness,N,Checkbox,,,302,302,402
44421,286185,Liver,N,Checkbox,,,321,321,402
44422,286185,Spleen,N,Checkbox,,,322,322,402
44423,286185,Kidney,N,Checkbox,,,323,323,402
44424,286185,Ascites,N,Checkbox,,,324,324,402
44425,286185,Bowel Sounds,N,Checkbox,,,325,325,402
44426,286185,pr,N,Checkbox,,,326,326,402
44427,286185,Others,N,Checkbox,,,327,327,402
44428,286185,Distress,N,Checkbox,,,181,181,401
44429,286185,Pallor,N,Checkbox,,,188,188,401
44430,286185,EYE,N,Checkbox,,,201,201,1041
44431,286185,dyspnoea,N,Checkbox,,,22,22,961
44432,286185,tachypnoea,N,Checkbox,,,23,23,961
44433,286185,tightness,N,Checkbox,,,81,81,961
44434,286185,palpitation,N,Checkbox,,,82,82,961
44435,286185,shortness of breath with activity,N,Checkbox,,,83,83,961
44436,286185,difficulty breathing lying down,N,Checkbox,,,84,84,961
44437,286185,swelling,N,Checkbox,,,85,85,961
44438,286185,awakening from slept with shortness of breath,N,Checkbox,,,86,86,961
44439,286185,Others,N,Checkbox,,,182,182,401
44440,286185,Icteric,N,Checkbox,,,183,183,401
44441,286185,Febrile,N,Checkbox,,,184,184,401
44442,286185,Cyanosis,N,Checkbox,,,185,185,401
44443,286185,Dehydration,N,Checkbox,,,186,186,401
44444,286185,physical examniation,N,Textbox,,,221,221,1061
44445,286185,Accident,N,Checkbox,,,2,2,541
44446,286185,Heat or cold intolerence,N,Checkbox,,,104,104,1024
44447,286185,Sweating,N,Checkbox,,,105,105,1024
44448,286185,Frequent urination,N,Checkbox,,,106,106,1024
44449,286185,Thirst,N,Checkbox,,,107,107,1024
44450,286185,Change in appetite,N,Checkbox,,,108,108,1024
44451,286185,Ease of bruising,N,Checkbox,,,123,123,1026
44452,286185,Ease of bleeding,N,Checkbox,,,124,124,1026
44453,286185,Headache,N,Checkbox,,,125,125,1027
44454,286185,Head injury,N,Checkbox,,,126,126,1027
44455,286185,Neck pain,N,Checkbox,,,127,127,1027
44456,286185,Calf pain with walking,N,Checkbox,,,170,170,1037
44457,286185,Leg cramping,N,Checkbox,,,171,171,1037
44458,286185,Sample,N,Checkbox,,,172,172,1001
44459,286185,Pedal Oedema,N,Checkbox,,,187,187,401
44460,286185,Pain,N,Checkbox,,,96,96,981
44461,286185,Redness,N,Checkbox,,,97,97,981
44462,286185,Blurry or double vision,N,Checkbox,,,98,98,981
44463,286185,Flashing light,N,Checkbox,,,99,99,981
44464,286185,Specks,N,Checkbox,,,100,100,981
44465,286185,Glaucoma,N,Checkbox,,,101,101,981
44466,286185,Cataracts,N,Checkbox,,,102,102,981
44467,286185,Vision loss/changes,N,Checkbox,,,103,103,981
44468,286185,Gum Disease,N,Checkbox,,,61,61,541
44469,286185,Routine Checkup,N,Checkbox,,,62,62,541
44470,286185,Oral Cancer,N,Checkbox,,,63,63,541
44471,286185,Development,N,Checkbox,,,64,64,541
44472,286185,Chest Pain,N,Checkbox,,,24,24,961
44473,286185,,N,,,,41,41,981
44474,286185,Aesthetics in Orthodontics,N,Checkbox,,,65,65,541
44475,286185,Bleeding,N,Checkbox,,,156,156,1035
44476,286185,Dentures,N,Checkbox,,,157,157,1035
44477,286185,Teeth Cleanings,N,Checkbox,,,68,68,422
44478,286185,Teeth Whitening,N,Checkbox,,,69,69,422
44479,286185,Extractions,N,Checkbox,,,70,70,422
44480,286185,Veneers,N,Checkbox,,,71,71,422
44481,286185,Fillings,N,Checkbox,,,72,72,422
44482,286185,Crowns,N,Checkbox,,,73,73,422
44483,286185,Root Canal,N,Checkbox,,,74,74,422
44484,286185,Braces/Invisalign,N,Checkbox,,,75,75,422
44485,286185,Bonding,N,Checkbox,,,76,76,422
44486,286185,Dentures,N,Checkbox,,,77,77,422
44487,286185,Disease,N,Textbox,,,78,78,501
44488,286185,Diagonasis,N,Textbox,,,79,79,501
44489,286185,Sore tongue,N,Checkbox,,,158,158,1035
44490,286185,Dry mouth,N,Checkbox,,,159,159,1035
44491,286185,Sore throat,N,Checkbox,,,160,160,1035
44492,286185,Horseness,N,Checkbox,,,161,161,1035
44493,286185,Thrush,N,Checkbox,,,162,162,1035
44494,286185,Non-healing sores,N,Checkbox,,,163,163,1035
44495,286185,Frequncy,N,Checkbox,,,164,164,1036
44496,286185,Urgency,N,Checkbox,,,165,165,1036
44497,286185,Burning or pain,N,Checkbox,,,166,166,1036
44498,286185,Blood in urine,N,Checkbox,,,167,167,1036
44499,286185,Incontinence,N,Checkbox,,,168,168,1036
44500,286185,Change in urinart strength,N,Checkbox,,,169,169,1036
44501,286185,Testing of Neonatal Care,N,Checkbox,,,241,241,1181
44502,286185,Testing of template,N,Textbox,,,242,242,1181
44503,286185,Ringing in ears,N,Checkbox,,,93,93,1022
44504,286185,Lumps,N,Checkbox,,,87,87,1021
44505,286185,Pain,N,Checkbox,,,88,88,1021
44506,286185,Discharge,N,Checkbox,,,89,89,1021
44507,286185,Self-exams,N,Checkbox,,,90,90,1021
44508,286185,Breast feeding,N,,,,91,91,1021
44509,286185,Decrease hearing,N,Checkbox,,,92,92,1022
44510,286185,Earache,N,Checkbox,,,94,94,1022
44511,286185,Drainage,N,Checkbox,,,95,95,1022
44512,286185,Weight loss or gain,N,Checkbox,,,109,109,1025
44513,286185,Fatigue,N,Checkbox,,,110,110,1025
44514,286185,Fever or chills,N,Checkbox,,,111,111,1025
44515,286185,Weakness,N,Checkbox,,,112,112,1025
44516,286185,Trouble sleeping,N,Checkbox,,,113,113,1025
44517,286185,Swallowing difficulties,N,Checkbox,,,114,114,1023
44518,286185,Heart burn,N,Checkbox,,,115,115,1023
44519,286185,Change in appetite,N,Checkbox,,,116,116,1023
44520,286185,Nausea,N,Checkbox,,,117,117,1023
44521,286185,Change bowel habit,N,Checkbox,,,118,118,1023
44522,286185,Rectal bleeding,N,Checkbox,,,119,119,1023
44523,286185,Constipation,N,Checkbox,,,120,120,1023
44524,286185,Diarrhea,N,Checkbox,,,121,121,1023
44525,286185,Yellow eyes or skin,N,Checkbox,,,122,122,1023
44526,286185,Lumps,N,Checkbox,,,128,128,1029
44527,286185,Swollen glands,N,Checkbox,,,129,129,1029
44528,286185,Pain,N,Checkbox,,,130,130,1029
44529,286185,Stiffness,N,Checkbox,,,131,131,1029
44530,286185,Muslce or joint pain,N,Checkbox,,,132,132,1028
44531,286185,Stiffness,N,Checkbox,,,133,133,1028
44532,286185,Back pain,N,Checkbox,,,134,134,1028
44533,286185,Redness of joint,N,Checkbox,,,135,135,1028
44534,286185,Swelling of joint,N,Checkbox,,,136,136,1028
44535,286185,Trauma,N,Checkbox,,,137,137,1028
44536,286185,Nervousness,N,Checkbox,,,138,138,1032
44537,286185,Stress,N,Checkbox,,,139,139,1032
44538,286185,Depression,N,Checkbox,,,140,140,1032
44539,286185,Memory loss,N,Checkbox,,,141,141,1032
44540,286185,Nose,N,Textbox,,,142,142,1031
44541,286185,Cough,N,Checkbox,,,143,143,1033
44542,286185,Sputum,N,Checkbox,,,144,144,1033
44543,286185,Couphing up blood,N,Checkbox,,,145,145,1033
44544,286185,Shortness of breath,N,Checkbox,,,146,146,1033
44545,286185,Wheezing,N,Checkbox,,,147,147,1033
44546,286185,Painfull breathing,N,Checkbox,,,148,148,1033
44547,286185,Rashes,N,Checkbox,,,149,149,1034
44548,286185,Lumps,N,Checkbox,,,150,150,1034
44549,286185,Itching,N,Checkbox,,,151,151,1034
44550,286185,Dryness,N,Checkbox,,,152,152,1034
44551,286185,Color change,N,Checkbox,,,153,153,1034
44552,286185,Hair and nails change,N,Checkbox,,,154,154,1034
44897,305123,Location,N,Checkbox,,,261,261,1241
44898,305123,CARDIOVASCULAR,N,Checkbox,,,291,291,402
44899,305123,pulse rate,N,Checkbox,,,292,292,402
44900,305123,Elective,N,,,,262,262,1241
44901,305123,Emergency,N,,,,263,263,1241
44902,305123,blood pressure,N,Checkbox,,,293,293,402
44903,305123,heart sounds,N,Checkbox,,,294,294,402
44904,305123,Allergy,N,,,,264,264,1241
44905,305123,PONV,N,,,,267,267,1241
44906,305123,Apex Beat,N,Checkbox,,,295,295,402
44907,305123,PREVIOUSE ANAESTHETIC EXPOSURE,N,,,,268,268,1241
44908,305123,RESPIRATORY,N,Checkbox,,,296,296,402
44909,305123,PONV,N,Checkbox,,,269,269,1241
44910,305123,Sequelae,N,Checkbox,,,270,270,1241
44911,305123,DENTAL HX,N,,,,271,271,1241
44912,305123,Respiration Rate,N,Checkbox,,,297,297,402
44913,305123,Missing tooth,N,,,,272,272,1241
44914,305123,broken tooth,N,,,,273,273,1241
44915,305123,loose tooth,N,,,,274,274,1241
44916,305123,false tooth,N,,,,275,275,1241
44917,305123,Breath Sounds:,N,Checkbox,,,298,298,402
44918,305123,COMORBIDITIES,N,,,,276,276,1241
44919,305123,Hypertension,N,,,,277,277,1241
44920,305123,Diabetes mellitus,N,,,,278,278,1241
44921,305123,Asthma,N,,,,279,279,1241
44922,305123,PUD,N,,,,280,280,1241
44923,305123,Seizures,N,,,,281,281,1241
44924,305123,Others,N,Checkbox,,,299,299,402
44925,305123,PREVIOUS SURGERY,N,,,,282,282,1241
44926,305123,ABDOMINAL,N,Checkbox,,,300,300,402
44927,305123,PREVIOUS BLOOD TRANSFUSION,N,,,,283,283,1241
44928,305123,SOCIAL HX,N,,,,284,284,1241
44929,305123,Orientation,N,Checkbox,,,301,301,402
44930,305123,employed,N,,,,285,285,1241
44931,305123,marital status,N,,,,286,286,1241
44932,305123,smoking,N,,,,287,287,1241
44933,305123,alcohol,N,,,,288,288,1241
44934,305123,children,N,,,,289,289,1241
44935,305123,recreational drugs,N,,,,290,290,1241
44936,305123,Tenderness,N,Checkbox,,,302,302,402
44937,305123,Liver,N,Checkbox,,,321,321,402
44938,305123,Spleen,N,Checkbox,,,322,322,402
44939,305123,Kidney,N,Checkbox,,,323,323,402
44940,305123,Ascites,N,Checkbox,,,324,324,402
44941,305123,Bowel Sounds,N,Checkbox,,,325,325,402
44942,305123,pr,N,Checkbox,,,326,326,402
44943,305123,Others,N,Checkbox,,,327,327,402
44944,305123,Distress,N,Checkbox,,,181,181,401
44945,305123,Pallor,N,Checkbox,,,188,188,401
44946,305123,EYE,N,Checkbox,,,201,201,1041
44947,305123,dyspnoea,N,Checkbox,,,22,22,961
44948,305123,tachypnoea,N,Checkbox,,,23,23,961
44949,305123,tightness,N,Checkbox,,,81,81,961
44950,305123,palpitation,N,Checkbox,,,82,82,961
44951,305123,shortness of breath with activity,N,Checkbox,,,83,83,961
44952,305123,difficulty breathing lying down,N,Checkbox,,,84,84,961
44953,305123,swelling,N,Checkbox,,,85,85,961
44954,305123,awakening from slept with shortness of breath,N,Checkbox,,,86,86,961
44955,305123,Others,N,Checkbox,,,182,182,401
44956,305123,Icteric,N,Checkbox,,,183,183,401
44957,305123,Febrile,N,Checkbox,,,184,184,401
44958,305123,Cyanosis,N,Checkbox,,,185,185,401
44959,305123,Dehydration,N,Checkbox,,,186,186,401
44960,305123,physical examniation,N,Textbox,,,221,221,1061
44961,305123,Accident,N,Checkbox,,,2,2,541
44962,305123,Heat or cold intolerence,N,Checkbox,,,104,104,1024
44963,305123,Sweating,N,Checkbox,,,105,105,1024
44964,305123,Frequent urination,N,Checkbox,,,106,106,1024
44965,305123,Thirst,N,Checkbox,,,107,107,1024
44966,305123,Change in appetite,N,Checkbox,,,108,108,1024
44967,305123,Ease of bruising,N,Checkbox,,,123,123,1026
44968,305123,Ease of bleeding,N,Checkbox,,,124,124,1026
44969,305123,Headache,N,Checkbox,,,125,125,1027
44970,305123,Head injury,N,Checkbox,,,126,126,1027
44971,305123,Neck pain,N,Checkbox,,,127,127,1027
44972,305123,Calf pain with walking,N,Checkbox,,,170,170,1037
44973,305123,Leg cramping,N,Checkbox,,,171,171,1037
44974,305123,Sample,N,Checkbox,,,172,172,1001
44975,305123,Pedal Oedema,N,Checkbox,,,187,187,401
44976,305123,Pain,N,Checkbox,,,96,96,981
44977,305123,Redness,N,Checkbox,,,97,97,981
44978,305123,Blurry or double vision,N,Checkbox,,,98,98,981
44979,305123,Flashing light,N,Checkbox,,,99,99,981
44980,305123,Specks,N,Checkbox,,,100,100,981
44981,305123,Glaucoma,N,Checkbox,,,101,101,981
44982,305123,Cataracts,N,Checkbox,,,102,102,981
44983,305123,Vision loss/changes,N,Checkbox,,,103,103,981
44984,305123,Gum Disease,N,Checkbox,,,61,61,541
44985,305123,Routine Checkup,N,Checkbox,,,62,62,541
44986,305123,Oral Cancer,N,Checkbox,,,63,63,541
44987,305123,Development,N,Checkbox,,,64,64,541
44988,305123,Chest Pain,N,Checkbox,,,24,24,961
44989,305123,,N,,,,41,41,981
44990,305123,Aesthetics in Orthodontics,N,Checkbox,,,65,65,541
44991,305123,Bleeding,N,Checkbox,,,156,156,1035
44992,305123,Dentures,N,Checkbox,,,157,157,1035
44993,305123,Teeth Cleanings,N,Checkbox,,,68,68,422
44994,305123,Teeth Whitening,N,Checkbox,,,69,69,422
44995,305123,Extractions,N,Checkbox,,,70,70,422
44996,305123,Veneers,N,Checkbox,,,71,71,422
44997,305123,Fillings,N,Checkbox,,,72,72,422
44998,305123,Crowns,N,Checkbox,,,73,73,422
44999,305123,Root Canal,N,Checkbox,,,74,74,422
45000,305123,Braces/Invisalign,N,Checkbox,,,75,75,422
45001,305123,Bonding,N,Checkbox,,,76,76,422
45002,305123,Dentures,N,Checkbox,,,77,77,422
45003,305123,Disease,N,Textbox,,,78,78,501
45004,305123,Diagonasis,N,Textbox,,,79,79,501
45005,305123,Sore tongue,N,Checkbox,,,158,158,1035
45006,305123,Dry mouth,N,Checkbox,,,159,159,1035
45007,305123,Sore throat,N,Checkbox,,,160,160,1035
45008,305123,Horseness,N,Checkbox,,,161,161,1035
45009,305123,Thrush,N,Checkbox,,,162,162,1035
45010,305123,Non-healing sores,N,Checkbox,,,163,163,1035
45011,305123,Frequncy,N,Checkbox,,,164,164,1036
45012,305123,Urgency,N,Checkbox,,,165,165,1036
45013,305123,Burning or pain,N,Checkbox,,,166,166,1036
45014,305123,Blood in urine,N,Checkbox,,,167,167,1036
45015,305123,Incontinence,N,Checkbox,,,168,168,1036
45016,305123,Change in urinart strength,N,Checkbox,,,169,169,1036
45017,305123,Testing of Neonatal Care,N,Checkbox,,,241,241,1181
45018,305123,Testing of template,N,Textbox,,,242,242,1181
45019,305123,Ringing in ears,N,Checkbox,,,93,93,1022
45020,305123,Lumps,N,Checkbox,,,87,87,1021
45021,305123,Pain,N,Checkbox,,,88,88,1021
45022,305123,Discharge,N,Checkbox,,,89,89,1021
45023,305123,Self-exams,N,Checkbox,,,90,90,1021
45024,305123,Breast feeding,N,,,,91,91,1021
45025,305123,Decrease hearing,N,Checkbox,,,92,92,1022
45026,305123,Earache,N,Checkbox,,,94,94,1022
45027,305123,Drainage,N,Checkbox,,,95,95,1022
45028,305123,Weight loss or gain,N,Checkbox,,,109,109,1025
45029,305123,Fatigue,N,Checkbox,,,110,110,1025
45030,305123,Fever or chills,N,Checkbox,,,111,111,1025
45031,305123,Weakness,N,Checkbox,,,112,112,1025
45032,305123,Trouble sleeping,N,Checkbox,,,113,113,1025
45033,305123,Swallowing difficulties,N,Checkbox,,,114,114,1023
45034,305123,Heart burn,N,Checkbox,,,115,115,1023
45035,305123,Change in appetite,N,Checkbox,,,116,116,1023
45036,305123,Nausea,N,Checkbox,,,117,117,1023
45037,305123,Change bowel habit,N,Checkbox,,,118,118,1023
45038,305123,Rectal bleeding,N,Checkbox,,,119,119,1023
45039,305123,Constipation,N,Checkbox,,,120,120,1023
45040,305123,Diarrhea,N,Checkbox,,,121,121,1023
45041,305123,Yellow eyes or skin,N,Checkbox,,,122,122,1023
45042,305123,Lumps,N,Checkbox,,,128,128,1029
45043,305123,Swollen glands,N,Checkbox,,,129,129,1029
45044,305123,Pain,N,Checkbox,,,130,130,1029
45045,305123,Stiffness,N,Checkbox,,,131,131,1029
45046,305123,Muslce or joint pain,N,Checkbox,,,132,132,1028
45047,305123,Stiffness,N,Checkbox,,,133,133,1028
45048,305123,Back pain,N,Checkbox,,,134,134,1028
45049,305123,Redness of joint,N,Checkbox,,,135,135,1028
45050,305123,Swelling of joint,N,Checkbox,,,136,136,1028
45051,305123,Trauma,N,Checkbox,,,137,137,1028
45052,305123,Nervousness,N,Checkbox,,,138,138,1032
45053,305123,Stress,N,Checkbox,,,139,139,1032
45054,305123,Depression,N,Checkbox,,,140,140,1032
45055,305123,Memory loss,N,Checkbox,,,141,141,1032
45056,305123,Nose,N,Textbox,,,142,142,1031
45057,305123,Cough,N,Checkbox,,,143,143,1033
45058,305123,Sputum,N,Checkbox,,,144,144,1033
45059,305123,Couphing up blood,N,Checkbox,,,145,145,1033
45060,305123,Shortness of breath,N,Checkbox,,,146,146,1033
45061,305123,Wheezing,N,Checkbox,,,147,147,1033
45062,305123,Painfull breathing,N,Checkbox,,,148,148,1033
45063,305123,Rashes,N,Checkbox,,,149,149,1034
45064,305123,Lumps,N,Checkbox,,,150,150,1034
45065,305123,Itching,N,Checkbox,,,151,151,1034
45066,305123,Dryness,N,Checkbox,,,152,152,1034
45067,305123,Color change,N,Checkbox,,,153,153,1034
45068,305123,Hair and nails change,N,Checkbox,,,154,154,1034
45241,313673,Location,N,Checkbox,,,261,261,1241
45242,313673,CARDIOVASCULAR,N,Checkbox,,,291,291,402
45243,313673,pulse rate,N,Checkbox,,,292,292,402
45244,313673,Elective,N,,,,262,262,1241
45245,313673,Emergency,N,,,,263,263,1241
45246,313673,blood pressure,N,Checkbox,,,293,293,402
45247,313673,heart sounds,N,Checkbox,,,294,294,402
45248,313673,Allergy,N,,,,264,264,1241
45249,313673,PONV,N,,,,267,267,1241
45250,313673,Apex Beat,N,Checkbox,,,295,295,402
45251,313673,PREVIOUSE ANAESTHETIC EXPOSURE,N,,,,268,268,1241
45252,313673,RESPIRATORY,N,Checkbox,,,296,296,402
45253,313673,PONV,N,Checkbox,,,269,269,1241
45254,313673,Sequelae,N,Checkbox,,,270,270,1241
45255,313673,DENTAL HX,N,,,,271,271,1241
45256,313673,Respiration Rate,N,Checkbox,,,297,297,402
45257,313673,Missing tooth,N,,,,272,272,1241
45258,313673,broken tooth,N,,,,273,273,1241
45259,313673,loose tooth,N,,,,274,274,1241
45260,313673,false tooth,N,,,,275,275,1241
45261,313673,Breath Sounds:,N,Checkbox,,,298,298,402
45262,313673,COMORBIDITIES,N,,,,276,276,1241
45263,313673,Hypertension,N,,,,277,277,1241
45264,313673,Diabetes mellitus,N,,,,278,278,1241
45265,313673,Asthma,N,,,,279,279,1241
45266,313673,PUD,N,,,,280,280,1241
45267,313673,Seizures,N,,,,281,281,1241
45268,313673,Others,N,Checkbox,,,299,299,402
45269,313673,PREVIOUS SURGERY,N,,,,282,282,1241
45270,313673,ABDOMINAL,N,Checkbox,,,300,300,402
45271,313673,PREVIOUS BLOOD TRANSFUSION,N,,,,283,283,1241
45272,313673,SOCIAL HX,N,,,,284,284,1241
45273,313673,Orientation,N,Checkbox,,,301,301,402
45274,313673,employed,N,,,,285,285,1241
45275,313673,marital status,N,,,,286,286,1241
45276,313673,smoking,N,,,,287,287,1241
45277,313673,alcohol,N,,,,288,288,1241
45278,313673,children,N,,,,289,289,1241
45279,313673,recreational drugs,N,,,,290,290,1241
45280,313673,Tenderness,N,Checkbox,,,302,302,402
45281,313673,Liver,N,Checkbox,,,321,321,402
45282,313673,Spleen,N,Checkbox,,,322,322,402
45283,313673,Kidney,N,Checkbox,,,323,323,402
45284,313673,Ascites,N,Checkbox,,,324,324,402
45285,313673,Bowel Sounds,N,Checkbox,,,325,325,402
45286,313673,pr,N,Checkbox,,,326,326,402
45287,313673,Others,N,Checkbox,,,327,327,402
45288,313673,Distress,N,Checkbox,,,181,181,401
45289,313673,Pallor,N,Checkbox,,,188,188,401
45290,313673,EYE,N,Checkbox,,,201,201,1041
45291,313673,dyspnoea,N,Checkbox,,,22,22,961
45292,313673,tachypnoea,N,Checkbox,,,23,23,961
45293,313673,tightness,N,Checkbox,,,81,81,961
45294,313673,palpitation,N,Checkbox,,,82,82,961
45295,313673,shortness of breath with activity,N,Checkbox,,,83,83,961
45296,313673,difficulty breathing lying down,N,Checkbox,,,84,84,961
45297,313673,swelling,N,Checkbox,,,85,85,961
45298,313673,awakening from slept with shortness of breath,N,Checkbox,,,86,86,961
45299,313673,Others,N,Checkbox,,,182,182,401
45300,313673,Icteric,N,Checkbox,,,183,183,401
45301,313673,Febrile,N,Checkbox,,,184,184,401
45302,313673,Cyanosis,N,Checkbox,,,185,185,401
45303,313673,Dehydration,N,Checkbox,,,186,186,401
45304,313673,physical examniation,N,Textbox,,,221,221,1061
45305,313673,Accident,N,Checkbox,,,2,2,541
45306,313673,Heat or cold intolerence,N,Checkbox,,,104,104,1024
45307,313673,Sweating,N,Checkbox,,,105,105,1024
45308,313673,Frequent urination,N,Checkbox,,,106,106,1024
45309,313673,Thirst,N,Checkbox,,,107,107,1024
45310,313673,Change in appetite,N,Checkbox,,,108,108,1024
45311,313673,Ease of bruising,N,Checkbox,,,123,123,1026
45312,313673,Ease of bleeding,N,Checkbox,,,124,124,1026
45313,313673,Headache,N,Checkbox,,,125,125,1027
45314,313673,Head injury,N,Checkbox,,,126,126,1027
45315,313673,Neck pain,N,Checkbox,,,127,127,1027
45316,313673,Calf pain with walking,N,Checkbox,,,170,170,1037
45317,313673,Leg cramping,N,Checkbox,,,171,171,1037
45318,313673,Sample,N,Checkbox,,,172,172,1001
45319,313673,Pedal Oedema,N,Checkbox,,,187,187,401
45320,313673,Pain,N,Checkbox,,,96,96,981
45321,313673,Redness,N,Checkbox,,,97,97,981
45322,313673,Blurry or double vision,N,Checkbox,,,98,98,981
45323,313673,Flashing light,N,Checkbox,,,99,99,981
45324,313673,Specks,N,Checkbox,,,100,100,981
45325,313673,Glaucoma,N,Checkbox,,,101,101,981
45326,313673,Cataracts,N,Checkbox,,,102,102,981
45327,313673,Vision loss/changes,N,Checkbox,,,103,103,981
45328,313673,Gum Disease,N,Checkbox,,,61,61,541
45329,313673,Routine Checkup,N,Checkbox,,,62,62,541
45330,313673,Oral Cancer,N,Checkbox,,,63,63,541
45331,313673,Development,N,Checkbox,,,64,64,541
45332,313673,Chest Pain,N,Checkbox,,,24,24,961
45333,313673,,N,,,,41,41,981
45334,313673,Aesthetics in Orthodontics,N,Checkbox,,,65,65,541
45335,313673,Bleeding,N,Checkbox,,,156,156,1035
45336,313673,Dentures,N,Checkbox,,,157,157,1035
45337,313673,Teeth Cleanings,N,Checkbox,,,68,68,422
45338,313673,Teeth Whitening,N,Checkbox,,,69,69,422
45339,313673,Extractions,N,Checkbox,,,70,70,422
45340,313673,Veneers,N,Checkbox,,,71,71,422
45341,313673,Fillings,N,Checkbox,,,72,72,422
45342,313673,Crowns,N,Checkbox,,,73,73,422
45343,313673,Root Canal,N,Checkbox,,,74,74,422
45344,313673,Braces/Invisalign,N,Checkbox,,,75,75,422
45345,313673,Bonding,N,Checkbox,,,76,76,422
45346,313673,Dentures,N,Checkbox,,,77,77,422
45347,313673,Disease,N,Textbox,,,78,78,501
45348,313673,Diagonasis,N,Textbox,,,79,79,501
45349,313673,Sore tongue,N,Checkbox,,,158,158,1035
45350,313673,Dry mouth,N,Checkbox,,,159,159,1035
45351,313673,Sore throat,N,Checkbox,,,160,160,1035
45352,313673,Horseness,N,Checkbox,,,161,161,1035
45353,313673,Thrush,N,Checkbox,,,162,162,1035
45354,313673,Non-healing sores,N,Checkbox,,,163,163,1035
45355,313673,Frequncy,N,Checkbox,,,164,164,1036
45356,313673,Urgency,N,Checkbox,,,165,165,1036
45357,313673,Burning or pain,N,Checkbox,,,166,166,1036
45358,313673,Blood in urine,N,Checkbox,,,167,167,1036
45359,313673,Incontinence,N,Checkbox,,,168,168,1036
45360,313673,Change in urinart strength,N,Checkbox,,,169,169,1036
45361,313673,Testing of Neonatal Care,N,Checkbox,,,241,241,1181
45362,313673,Testing of template,N,Textbox,,,242,242,1181
45363,313673,Ringing in ears,N,Checkbox,,,93,93,1022
45364,313673,Lumps,N,Checkbox,,,87,87,1021
45365,313673,Pain,N,Checkbox,,,88,88,1021
45366,313673,Discharge,N,Checkbox,,,89,89,1021
45367,313673,Self-exams,N,Checkbox,,,90,90,1021
45368,313673,Breast feeding,N,,,,91,91,1021
45369,313673,Decrease hearing,N,Checkbox,,,92,92,1022
45370,313673,Earache,N,Checkbox,,,94,94,1022
45371,313673,Drainage,N,Checkbox,,,95,95,1022
45372,313673,Weight loss or gain,N,Checkbox,,,109,109,1025
45373,313673,Fatigue,N,Checkbox,,,110,110,1025
45374,313673,Fever or chills,N,Checkbox,,,111,111,1025
45375,313673,Weakness,N,Checkbox,,,112,112,1025
45376,313673,Trouble sleeping,N,Checkbox,,,113,113,1025
45377,313673,Swallowing difficulties,N,Checkbox,,,114,114,1023
45378,313673,Heart burn,N,Checkbox,,,115,115,1023
45379,313673,Change in appetite,N,Checkbox,,,116,116,1023
45380,313673,Nausea,N,Checkbox,,,117,117,1023
45381,313673,Change bowel habit,N,Checkbox,,,118,118,1023
45382,313673,Rectal bleeding,N,Checkbox,,,119,119,1023
45383,313673,Constipation,N,Checkbox,,,120,120,1023
45384,313673,Diarrhea,N,Checkbox,,,121,121,1023
45385,313673,Yellow eyes or skin,N,Checkbox,,,122,122,1023
45386,313673,Lumps,N,Checkbox,,,128,128,1029
45387,313673,Swollen glands,N,Checkbox,,,129,129,1029
45388,313673,Pain,N,Checkbox,,,130,130,1029
45389,313673,Stiffness,N,Checkbox,,,131,131,1029
45390,313673,Muslce or joint pain,N,Checkbox,,,132,132,1028
45391,313673,Stiffness,N,Checkbox,,,133,133,1028
45392,313673,Back pain,N,Checkbox,,,134,134,1028
45393,313673,Redness of joint,N,Checkbox,,,135,135,1028
45394,313673,Swelling of joint,N,Checkbox,,,136,136,1028
45395,313673,Trauma,N,Checkbox,,,137,137,1028
45396,313673,Nervousness,N,Checkbox,,,138,138,1032
45397,313673,Stress,N,Checkbox,,,139,139,1032
45398,313673,Depression,N,Checkbox,,,140,140,1032
45399,313673,Memory loss,N,Checkbox,,,141,141,1032
45400,313673,Nose,N,Textbox,,,142,142,1031
45401,313673,Cough,N,Checkbox,,,143,143,1033
45402,313673,Sputum,N,Checkbox,,,144,144,1033
45403,313673,Couphing up blood,N,Checkbox,,,145,145,1033
45404,313673,Shortness of breath,N,Checkbox,,,146,146,1033
45405,313673,Wheezing,N,Checkbox,,,147,147,1033
45406,313673,Painfull breathing,N,Checkbox,,,148,148,1033
45407,313673,Rashes,N,Checkbox,,,149,149,1034
45408,313673,Lumps,N,Checkbox,,,150,150,1034
45409,313673,Itching,N,Checkbox,,,151,151,1034
45410,313673,Dryness,N,Checkbox,,,152,152,1034
45411,313673,Color change,N,Checkbox,,,153,153,1034
45412,313673,Hair and nails change,N,Checkbox,,,154,154,1034
43349,275705,Location,N,Checkbox,,,261,261,1241
43350,275705,CARDIOVASCULAR,N,Checkbox,,,291,291,402
43351,275705,pulse rate,N,Checkbox,,,292,292,402
43352,275705,Elective,N,,,,262,262,1241
43353,275705,Emergency,N,,,,263,263,1241
43354,275705,blood pressure,N,Checkbox,,,293,293,402
43355,275705,heart sounds,N,Checkbox,,,294,294,402
43356,275705,Allergy,N,,,,264,264,1241
43357,275705,PONV,N,,,,267,267,1241
43358,275705,Apex Beat,N,Checkbox,,,295,295,402
43359,275705,PREVIOUSE ANAESTHETIC EXPOSURE,N,,,,268,268,1241
43360,275705,RESPIRATORY,N,Checkbox,,,296,296,402
43361,275705,PONV,N,Checkbox,,,269,269,1241
43362,275705,Sequelae,N,Checkbox,,,270,270,1241
43363,275705,DENTAL HX,N,,,,271,271,1241
43364,275705,Respiration Rate,N,Checkbox,,,297,297,402
43365,275705,Missing tooth,N,,,,272,272,1241
43366,275705,broken tooth,N,,,,273,273,1241
43367,275705,loose tooth,N,,,,274,274,1241
43368,275705,false tooth,N,,,,275,275,1241
43369,275705,Breath Sounds:,N,Checkbox,,,298,298,402
43370,275705,COMORBIDITIES,N,,,,276,276,1241
43371,275705,Hypertension,N,,,,277,277,1241
43372,275705,Diabetes mellitus,N,,,,278,278,1241
43373,275705,Asthma,N,,,,279,279,1241
43374,275705,PUD,N,,,,280,280,1241
43375,275705,Seizures,N,,,,281,281,1241
43376,275705,Others,N,Checkbox,,,299,299,402
43377,275705,PREVIOUS SURGERY,N,,,,282,282,1241
43378,275705,ABDOMINAL,N,Checkbox,,,300,300,402
43379,275705,PREVIOUS BLOOD TRANSFUSION,N,,,,283,283,1241
43380,275705,SOCIAL HX,N,,,,284,284,1241
43381,275705,Orientation,N,Checkbox,,,301,301,402
43382,275705,employed,N,,,,285,285,1241
43383,275705,marital status,N,,,,286,286,1241
43384,275705,smoking,N,,,,287,287,1241
43385,275705,alcohol,N,,,,288,288,1241
43386,275705,children,N,,,,289,289,1241
43387,275705,recreational drugs,N,,,,290,290,1241
43388,275705,Tenderness,N,Checkbox,,,302,302,402
43389,275705,Liver,N,Checkbox,,,321,321,402
43390,275705,Spleen,N,Checkbox,,,322,322,402
43391,275705,Kidney,N,Checkbox,,,323,323,402
43392,275705,Ascites,N,Checkbox,,,324,324,402
43393,275705,Bowel Sounds,N,Checkbox,,,325,325,402
43394,275705,pr,N,Checkbox,,,326,326,402
43395,275705,Others,N,Checkbox,,,327,327,402
43396,275705,Distress,N,Checkbox,,,181,181,401
43397,275705,Pallor,N,Checkbox,,,188,188,401
43398,275705,EYE,N,Checkbox,,,201,201,1041
43399,275705,dyspnoea,N,Checkbox,,,22,22,961
43400,275705,tachypnoea,N,Checkbox,,,23,23,961
43401,275705,tightness,N,Checkbox,,,81,81,961
43402,275705,palpitation,N,Checkbox,,,82,82,961
43403,275705,shortness of breath with activity,N,Checkbox,,,83,83,961
43404,275705,difficulty breathing lying down,N,Checkbox,,,84,84,961
43405,275705,swelling,N,Checkbox,,,85,85,961
43406,275705,awakening from slept with shortness of breath,N,Checkbox,,,86,86,961
43407,275705,Others,N,Checkbox,,,182,182,401
43408,275705,Icteric,N,Checkbox,,,183,183,401
43409,275705,Febrile,N,Checkbox,,,184,184,401
43410,275705,Cyanosis,N,Checkbox,,,185,185,401
43411,275705,Dehydration,N,Checkbox,,,186,186,401
43412,275705,physical examniation,N,Textbox,,,221,221,1061
43413,275705,Accident,N,Checkbox,,,2,2,541
43414,275705,Heat or cold intolerence,N,Checkbox,,,104,104,1024
43415,275705,Sweating,N,Checkbox,,,105,105,1024
43416,275705,Frequent urination,N,Checkbox,,,106,106,1024
43417,275705,Thirst,N,Checkbox,,,107,107,1024
43418,275705,Change in appetite,N,Checkbox,,,108,108,1024
43419,275705,Ease of bruising,N,Checkbox,,,123,123,1026
43420,275705,Ease of bleeding,N,Checkbox,,,124,124,1026
43421,275705,Headache,N,Checkbox,,,125,125,1027
43422,275705,Head injury,N,Checkbox,,,126,126,1027
43423,275705,Neck pain,N,Checkbox,,,127,127,1027
43424,275705,Calf pain with walking,N,Checkbox,,,170,170,1037
43425,275705,Leg cramping,N,Checkbox,,,171,171,1037
43426,275705,Sample,N,Checkbox,,,172,172,1001
43427,275705,Pedal Oedema,N,Checkbox,,,187,187,401
43428,275705,Pain,N,Checkbox,,,96,96,981
43429,275705,Redness,N,Checkbox,,,97,97,981
43430,275705,Blurry or double vision,N,Checkbox,,,98,98,981
43431,275705,Flashing light,N,Checkbox,,,99,99,981
43432,275705,Specks,N,Checkbox,,,100,100,981
43433,275705,Glaucoma,N,Checkbox,,,101,101,981
43434,275705,Cataracts,N,Checkbox,,,102,102,981
43435,275705,Vision loss/changes,N,Checkbox,,,103,103,981
43436,275705,Gum Disease,N,Checkbox,,,61,61,541
43437,275705,Routine Checkup,N,Checkbox,,,62,62,541
43438,275705,Oral Cancer,N,Checkbox,,,63,63,541
43439,275705,Development,N,Checkbox,,,64,64,541
43440,275705,Chest Pain,N,Checkbox,,,24,24,961
43441,275705,,N,,,,41,41,981
43442,275705,Aesthetics in Orthodontics,N,Checkbox,,,65,65,541
43443,275705,Bleeding,N,Checkbox,,,156,156,1035
43444,275705,Dentures,N,Checkbox,,,157,157,1035
43445,275705,Teeth Cleanings,N,Checkbox,,,68,68,422
43446,275705,Teeth Whitening,N,Checkbox,,,69,69,422
43447,275705,Extractions,N,Checkbox,,,70,70,422
43448,275705,Veneers,N,Checkbox,,,71,71,422
43449,275705,Fillings,N,Checkbox,,,72,72,422
43450,275705,Crowns,N,Checkbox,,,73,73,422
43451,275705,Root Canal,N,Checkbox,,,74,74,422
43452,275705,Braces/Invisalign,N,Checkbox,,,75,75,422
43453,275705,Bonding,N,Checkbox,,,76,76,422
43454,275705,Dentures,N,Checkbox,,,77,77,422
43455,275705,Disease,N,Textbox,,,78,78,501
43456,275705,Diagonasis,N,Textbox,,,79,79,501
43457,275705,Sore tongue,N,Checkbox,,,158,158,1035
43458,275705,Dry mouth,N,Checkbox,,,159,159,1035
43459,275705,Sore throat,N,Checkbox,,,160,160,1035
43460,275705,Horseness,N,Checkbox,,,161,161,1035
43461,275705,Thrush,N,Checkbox,,,162,162,1035
43462,275705,Non-healing sores,N,Checkbox,,,163,163,1035
43463,275705,Frequncy,N,Checkbox,,,164,164,1036
43464,275705,Urgency,N,Checkbox,,,165,165,1036
43465,275705,Burning or pain,N,Checkbox,,,166,166,1036
43466,275705,Blood in urine,N,Checkbox,,,167,167,1036
43467,275705,Incontinence,N,Checkbox,,,168,168,1036
43468,275705,Change in urinart strength,N,Checkbox,,,169,169,1036
43469,275705,Testing of Neonatal Care,N,Checkbox,,,241,241,1181
43470,275705,Testing of template,N,Textbox,,,242,242,1181
43471,275705,Ringing in ears,N,Checkbox,,,93,93,1022
43472,275705,Lumps,N,Checkbox,,,87,87,1021
43473,275705,Pain,N,Checkbox,,,88,88,1021
43474,275705,Discharge,N,Checkbox,,,89,89,1021
43475,275705,Self-exams,N,Checkbox,,,90,90,1021
43476,275705,Breast feeding,N,,,,91,91,1021
43477,275705,Decrease hearing,N,Checkbox,,,92,92,1022
43478,275705,Earache,N,Checkbox,,,94,94,1022
43479,275705,Drainage,N,Checkbox,,,95,95,1022
43480,275705,Weight loss or gain,N,Checkbox,,,109,109,1025
43481,275705,Fatigue,N,Checkbox,,,110,110,1025
43482,275705,Fever or chills,N,Checkbox,,,111,111,1025
43483,275705,Weakness,N,Checkbox,,,112,112,1025
43484,275705,Trouble sleeping,N,Checkbox,,,113,113,1025
43485,275705,Swallowing difficulties,N,Checkbox,,,114,114,1023
43486,275705,Heart burn,N,Checkbox,,,115,115,1023
43487,275705,Change in appetite,N,Checkbox,,,116,116,1023
43488,275705,Nausea,N,Checkbox,,,117,117,1023
43489,275705,Change bowel habit,N,Checkbox,,,118,118,1023
43490,275705,Rectal bleeding,N,Checkbox,,,119,119,1023
43491,275705,Constipation,N,Checkbox,,,120,120,1023
43492,275705,Diarrhea,N,Checkbox,,,121,121,1023
43493,275705,Yellow eyes or skin,N,Checkbox,,,122,122,1023
43494,275705,Lumps,N,Checkbox,,,128,128,1029
43495,275705,Swollen glands,N,Checkbox,,,129,129,1029
43496,275705,Pain,N,Checkbox,,,130,130,1029
43497,275705,Stiffness,N,Checkbox,,,131,131,1029
43498,275705,Muslce or joint pain,N,Checkbox,,,132,132,1028
43499,275705,Stiffness,N,Checkbox,,,133,133,1028
43500,275705,Back pain,N,Checkbox,,,134,134,1028
43501,275705,Redness of joint,N,Checkbox,,,135,135,1028
43502,275705,Swelling of joint,N,Checkbox,,,136,136,1028
43503,275705,Trauma,N,Checkbox,,,137,137,1028
43504,275705,Nervousness,N,Checkbox,,,138,138,1032
43505,275705,Stress,N,Checkbox,,,139,139,1032
43506,275705,Depression,N,Checkbox,,,140,140,1032
43507,275705,Memory loss,N,Checkbox,,,141,141,1032
43508,275705,Nose,N,Textbox,,,142,142,1031
43509,275705,Cough,N,Checkbox,,,143,143,1033
43510,275705,Sputum,N,Checkbox,,,144,144,1033
43511,275705,Couphing up blood,N,Checkbox,,,145,145,1033
43512,275705,Shortness of breath,N,Checkbox,,,146,146,1033
43513,275705,Wheezing,N,Checkbox,,,147,147,1033
43514,275705,Painfull breathing,N,Checkbox,,,148,148,1033
43515,275705,Rashes,N,Checkbox,,,149,149,1034
43516,275705,Lumps,N,Checkbox,,,150,150,1034
43517,275705,Itching,N,Checkbox,,,151,151,1034
43518,275705,Dryness,N,Checkbox,,,152,152,1034
43519,275705,Color change,N,Checkbox,,,153,153,1034
43520,275705,Hair and nails change,N,Checkbox,,,154,154,1034
44725,300093,Location,N,Checkbox,,,261,261,1241
44726,300093,CARDIOVASCULAR,N,Checkbox,,,291,291,402
44727,300093,pulse rate,N,Checkbox,,,292,292,402
44728,300093,Elective,N,,,,262,262,1241
44729,300093,Emergency,N,,,,263,263,1241
44730,300093,blood pressure,N,Checkbox,,,293,293,402
44731,300093,heart sounds,N,Checkbox,,,294,294,402
44732,300093,Allergy,N,,,,264,264,1241
44733,300093,PONV,N,,,,267,267,1241
44734,300093,Apex Beat,N,Checkbox,,,295,295,402
44735,300093,PREVIOUSE ANAESTHETIC EXPOSURE,N,,,,268,268,1241
44736,300093,RESPIRATORY,N,Checkbox,,,296,296,402
44737,300093,PONV,N,Checkbox,,,269,269,1241
44738,300093,Sequelae,N,Checkbox,,,270,270,1241
44739,300093,DENTAL HX,N,,,,271,271,1241
44740,300093,Respiration Rate,N,Checkbox,,,297,297,402
44741,300093,Missing tooth,N,,,,272,272,1241
44742,300093,broken tooth,N,,,,273,273,1241
44743,300093,loose tooth,N,,,,274,274,1241
44744,300093,false tooth,N,,,,275,275,1241
44745,300093,Breath Sounds:,N,Checkbox,,,298,298,402
44746,300093,COMORBIDITIES,N,,,,276,276,1241
44747,300093,Hypertension,N,,,,277,277,1241
44748,300093,Diabetes mellitus,N,,,,278,278,1241
44749,300093,Asthma,N,,,,279,279,1241
44750,300093,PUD,N,,,,280,280,1241
44751,300093,Seizures,N,,,,281,281,1241
44752,300093,Others,N,Checkbox,,,299,299,402
44753,300093,PREVIOUS SURGERY,N,,,,282,282,1241
44754,300093,ABDOMINAL,N,Checkbox,,,300,300,402
44755,300093,PREVIOUS BLOOD TRANSFUSION,N,,,,283,283,1241
44756,300093,SOCIAL HX,N,,,,284,284,1241
44757,300093,Orientation,N,Checkbox,,,301,301,402
44758,300093,employed,N,,,,285,285,1241
44759,300093,marital status,N,,,,286,286,1241
44760,300093,smoking,N,,,,287,287,1241
44761,300093,alcohol,N,,,,288,288,1241
44762,300093,children,N,,,,289,289,1241
44763,300093,recreational drugs,N,,,,290,290,1241
44764,300093,Tenderness,N,Checkbox,,,302,302,402
44765,300093,Liver,N,Checkbox,,,321,321,402
44766,300093,Spleen,N,Checkbox,,,322,322,402
44767,300093,Kidney,N,Checkbox,,,323,323,402
44768,300093,Ascites,N,Checkbox,,,324,324,402
44769,300093,Bowel Sounds,N,Checkbox,,,325,325,402
44770,300093,pr,N,Checkbox,,,326,326,402
44771,300093,Others,N,Checkbox,,,327,327,402
44772,300093,Distress,N,Checkbox,,,181,181,401
44773,300093,Pallor,N,Checkbox,,,188,188,401
44774,300093,EYE,N,Checkbox,,,201,201,1041
44775,300093,dyspnoea,N,Checkbox,,,22,22,961
44776,300093,tachypnoea,N,Checkbox,,,23,23,961
44777,300093,tightness,N,Checkbox,,,81,81,961
44778,300093,palpitation,N,Checkbox,,,82,82,961
44779,300093,shortness of breath with activity,N,Checkbox,,,83,83,961
44780,300093,difficulty breathing lying down,N,Checkbox,,,84,84,961
44781,300093,swelling,N,Checkbox,,,85,85,961
44782,300093,awakening from slept with shortness of breath,N,Checkbox,,,86,86,961
44783,300093,Others,N,Checkbox,,,182,182,401
44784,300093,Icteric,N,Checkbox,,,183,183,401
44785,300093,Febrile,N,Checkbox,,,184,184,401
44786,300093,Cyanosis,N,Checkbox,,,185,185,401
44787,300093,Dehydration,N,Checkbox,,,186,186,401
44788,300093,physical examniation,N,Textbox,,,221,221,1061
44789,300093,Accident,N,Checkbox,,,2,2,541
44790,300093,Heat or cold intolerence,N,Checkbox,,,104,104,1024
44791,300093,Sweating,N,Checkbox,,,105,105,1024
44792,300093,Frequent urination,N,Checkbox,,,106,106,1024
44793,300093,Thirst,N,Checkbox,,,107,107,1024
44794,300093,Change in appetite,N,Checkbox,,,108,108,1024
44795,300093,Ease of bruising,N,Checkbox,,,123,123,1026
44796,300093,Ease of bleeding,N,Checkbox,,,124,124,1026
44797,300093,Headache,N,Checkbox,,,125,125,1027
44798,300093,Head injury,N,Checkbox,,,126,126,1027
44799,300093,Neck pain,N,Checkbox,,,127,127,1027
44800,300093,Calf pain with walking,N,Checkbox,,,170,170,1037
44801,300093,Leg cramping,N,Checkbox,,,171,171,1037
44802,300093,Sample,N,Checkbox,,,172,172,1001
44803,300093,Pedal Oedema,N,Checkbox,,,187,187,401
44804,300093,Pain,N,Checkbox,,,96,96,981
44805,300093,Redness,N,Checkbox,,,97,97,981
44806,300093,Blurry or double vision,N,Checkbox,,,98,98,981
44807,300093,Flashing light,N,Checkbox,,,99,99,981
44808,300093,Specks,N,Checkbox,,,100,100,981
44809,300093,Glaucoma,N,Checkbox,,,101,101,981
44810,300093,Cataracts,N,Checkbox,,,102,102,981
44811,300093,Vision loss/changes,N,Checkbox,,,103,103,981
44812,300093,Gum Disease,N,Checkbox,,,61,61,541
44813,300093,Routine Checkup,N,Checkbox,,,62,62,541
44814,300093,Oral Cancer,N,Checkbox,,,63,63,541
44815,300093,Development,N,Checkbox,,,64,64,541
44816,300093,Chest Pain,N,Checkbox,,,24,24,961
44817,300093,,N,,,,41,41,981
44818,300093,Aesthetics in Orthodontics,N,Checkbox,,,65,65,541
44819,300093,Bleeding,N,Checkbox,,,156,156,1035
44820,300093,Dentures,N,Checkbox,,,157,157,1035
44821,300093,Teeth Cleanings,N,Checkbox,,,68,68,422
44822,300093,Teeth Whitening,N,Checkbox,,,69,69,422
44823,300093,Extractions,N,Checkbox,,,70,70,422
44824,300093,Veneers,N,Checkbox,,,71,71,422
44825,300093,Fillings,N,Checkbox,,,72,72,422
44826,300093,Crowns,N,Checkbox,,,73,73,422
44827,300093,Root Canal,N,Checkbox,,,74,74,422
44828,300093,Braces/Invisalign,N,Checkbox,,,75,75,422
44829,300093,Bonding,N,Checkbox,,,76,76,422
44830,300093,Dentures,N,Checkbox,,,77,77,422
44831,300093,Disease,N,Textbox,,,78,78,501
44832,300093,Diagonasis,N,Textbox,,,79,79,501
44833,300093,Sore tongue,N,Checkbox,,,158,158,1035
44834,300093,Dry mouth,N,Checkbox,,,159,159,1035
44835,300093,Sore throat,N,Checkbox,,,160,160,1035
44836,300093,Horseness,N,Checkbox,,,161,161,1035
44837,300093,Thrush,N,Checkbox,,,162,162,1035
44838,300093,Non-healing sores,N,Checkbox,,,163,163,1035
44839,300093,Frequncy,N,Checkbox,,,164,164,1036
44840,300093,Urgency,N,Checkbox,,,165,165,1036
44841,300093,Burning or pain,N,Checkbox,,,166,166,1036
44842,300093,Blood in urine,N,Checkbox,,,167,167,1036
44843,300093,Incontinence,N,Checkbox,,,168,168,1036
44844,300093,Change in urinart strength,N,Checkbox,,,169,169,1036
44845,300093,Testing of Neonatal Care,N,Checkbox,,,241,241,1181
44846,300093,Testing of template,N,Textbox,,,242,242,1181
44847,300093,Ringing in ears,N,Checkbox,,,93,93,1022
44848,300093,Lumps,N,Checkbox,,,87,87,1021
44849,300093,Pain,N,Checkbox,,,88,88,1021
44850,300093,Discharge,N,Checkbox,,,89,89,1021
44851,300093,Self-exams,N,Checkbox,,,90,90,1021
44852,300093,Breast feeding,N,,,,91,91,1021
44853,300093,Decrease hearing,N,Checkbox,,,92,92,1022
44854,300093,Earache,N,Checkbox,,,94,94,1022
44855,300093,Drainage,N,Checkbox,,,95,95,1022
44856,300093,Weight loss or gain,N,Checkbox,,,109,109,1025
44857,300093,Fatigue,N,Checkbox,,,110,110,1025
44858,300093,Fever or chills,N,Checkbox,,,111,111,1025
44859,300093,Weakness,N,Checkbox,,,112,112,1025
44860,300093,Trouble sleeping,N,Checkbox,,,113,113,1025
44861,300093,Swallowing difficulties,N,Checkbox,,,114,114,1023
44862,300093,Heart burn,N,Checkbox,,,115,115,1023
44863,300093,Change in appetite,N,Checkbox,,,116,116,1023
44864,300093,Nausea,N,Checkbox,,,117,117,1023
44865,300093,Change bowel habit,N,Checkbox,,,118,118,1023
44866,300093,Rectal bleeding,N,Checkbox,,,119,119,1023
44867,300093,Constipation,N,Checkbox,,,120,120,1023
44868,300093,Diarrhea,N,Checkbox,,,121,121,1023
44869,300093,Yellow eyes or skin,N,Checkbox,,,122,122,1023
44870,300093,Lumps,N,Checkbox,,,128,128,1029
44871,300093,Swollen glands,N,Checkbox,,,129,129,1029
44872,300093,Pain,N,Checkbox,,,130,130,1029
44873,300093,Stiffness,N,Checkbox,,,131,131,1029
44874,300093,Muslce or joint pain,N,Checkbox,,,132,132,1028
44875,300093,Stiffness,N,Checkbox,,,133,133,1028
44876,300093,Back pain,N,Checkbox,,,134,134,1028
44877,300093,Redness of joint,N,Checkbox,,,135,135,1028
44878,300093,Swelling of joint,N,Checkbox,,,136,136,1028
44879,300093,Trauma,N,Checkbox,,,137,137,1028
44880,300093,Nervousness,N,Checkbox,,,138,138,1032
44881,300093,Stress,N,Checkbox,,,139,139,1032
44882,300093,Depression,N,Checkbox,,,140,140,1032
44883,300093,Memory loss,N,Checkbox,,,141,141,1032
44884,300093,Nose,N,Textbox,,,142,142,1031
44885,300093,Cough,N,Checkbox,,,143,143,1033
44886,300093,Sputum,N,Checkbox,,,144,144,1033
44887,300093,Couphing up blood,N,Checkbox,,,145,145,1033
44888,300093,Shortness of breath,N,Checkbox,,,146,146,1033
44889,300093,Wheezing,N,Checkbox,,,147,147,1033
44890,300093,Painfull breathing,N,Checkbox,,,148,148,1033
44891,300093,Rashes,N,Checkbox,,,149,149,1034
44892,300093,Lumps,N,Checkbox,,,150,150,1034
44893,300093,Itching,N,Checkbox,,,151,151,1034
44894,300093,Dryness,N,Checkbox,,,152,152,1034
44895,300093,Color change,N,Checkbox,,,153,153,1034
44896,300093,Hair and nails change,N,Checkbox,,,154,154,1034
42317,271883,Location,N,Checkbox,,,261,261,1241
42318,271883,CARDIOVASCULAR,N,Checkbox,,,291,291,402
42319,271883,pulse rate,N,Checkbox,,,292,292,402
42320,271883,Elective,N,,,,262,262,1241
42321,271883,Emergency,N,,,,263,263,1241
42322,271883,blood pressure,N,Checkbox,,,293,293,402
42323,271883,heart sounds,N,Checkbox,,,294,294,402
42324,271883,Allergy,N,,,,264,264,1241
42325,271883,PONV,N,,,,267,267,1241
42326,271883,Apex Beat,N,Checkbox,,,295,295,402
42327,271883,PREVIOUSE ANAESTHETIC EXPOSURE,N,,,,268,268,1241
42328,271883,RESPIRATORY,N,Checkbox,,,296,296,402
42329,271883,PONV,N,Checkbox,,,269,269,1241
42330,271883,Sequelae,N,Checkbox,,,270,270,1241
42331,271883,DENTAL HX,N,,,,271,271,1241
42332,271883,Respiration Rate,N,Checkbox,,,297,297,402
42333,271883,Missing tooth,N,,,,272,272,1241
42334,271883,broken tooth,N,,,,273,273,1241
42335,271883,loose tooth,N,,,,274,274,1241
42336,271883,false tooth,N,,,,275,275,1241
42337,271883,Breath Sounds:,N,Checkbox,,,298,298,402
42338,271883,COMORBIDITIES,N,,,,276,276,1241
42339,271883,Hypertension,N,,,,277,277,1241
42340,271883,Diabetes mellitus,N,,,,278,278,1241
42341,271883,Asthma,N,,,,279,279,1241
42342,271883,PUD,N,,,,280,280,1241
42343,271883,Seizures,N,,,,281,281,1241
42344,271883,Others,N,Checkbox,,,299,299,402
42345,271883,PREVIOUS SURGERY,N,,,,282,282,1241
42346,271883,ABDOMINAL,N,Checkbox,,,300,300,402
42347,271883,PREVIOUS BLOOD TRANSFUSION,N,,,,283,283,1241
42348,271883,SOCIAL HX,N,,,,284,284,1241
42349,271883,Orientation,N,Checkbox,,,301,301,402
42350,271883,employed,N,,,,285,285,1241
42351,271883,marital status,N,,,,286,286,1241
42352,271883,smoking,N,,,,287,287,1241
42353,271883,alcohol,N,,,,288,288,1241
42354,271883,children,N,,,,289,289,1241
42355,271883,recreational drugs,N,,,,290,290,1241
42356,271883,Tenderness,N,Checkbox,,,302,302,402
42357,271883,Liver,N,Checkbox,,,321,321,402
42358,271883,Spleen,N,Checkbox,,,322,322,402
42359,271883,Kidney,N,Checkbox,,,323,323,402
42360,271883,Ascites,N,Checkbox,,,324,324,402
42361,271883,Bowel Sounds,N,Checkbox,,,325,325,402
42362,271883,pr,N,Checkbox,,,326,326,402
42363,271883,Others,N,Checkbox,,,327,327,402
42364,271883,Distress,N,Checkbox,,,181,181,401
42365,271883,Pallor,N,Checkbox,,,188,188,401
42366,271883,EYE,N,Checkbox,,,201,201,1041
42367,271883,dyspnoea,N,Checkbox,,,22,22,961
42368,271883,tachypnoea,N,Checkbox,,,23,23,961
42369,271883,tightness,N,Checkbox,,,81,81,961
42370,271883,palpitation,N,Checkbox,,,82,82,961
42371,271883,shortness of breath with activity,N,Checkbox,,,83,83,961
42372,271883,difficulty breathing lying down,N,Checkbox,,,84,84,961
42373,271883,swelling,N,Checkbox,,,85,85,961
42374,271883,awakening from slept with shortness of breath,N,Checkbox,,,86,86,961
42375,271883,Others,N,Checkbox,,,182,182,401
42376,271883,Icteric,N,Checkbox,,,183,183,401
42377,271883,Febrile,N,Checkbox,,,184,184,401
42378,271883,Cyanosis,N,Checkbox,,,185,185,401
42379,271883,Dehydration,N,Checkbox,,,186,186,401
42380,271883,physical examniation,N,Textbox,,,221,221,1061
42381,271883,Accident,N,Checkbox,,,2,2,541
42382,271883,Heat or cold intolerence,N,Checkbox,,,104,104,1024
42383,271883,Sweating,N,Checkbox,,,105,105,1024
42384,271883,Frequent urination,N,Checkbox,,,106,106,1024
42385,271883,Thirst,N,Checkbox,,,107,107,1024
42386,271883,Change in appetite,N,Checkbox,,,108,108,1024
42387,271883,Ease of bruising,N,Checkbox,,,123,123,1026
42388,271883,Ease of bleeding,N,Checkbox,,,124,124,1026
42389,271883,Headache,N,Checkbox,,,125,125,1027
42390,271883,Head injury,N,Checkbox,,,126,126,1027
42391,271883,Neck pain,N,Checkbox,,,127,127,1027
42392,271883,Calf pain with walking,N,Checkbox,,,170,170,1037
42393,271883,Leg cramping,N,Checkbox,,,171,171,1037
42394,271883,Sample,N,Checkbox,,,172,172,1001
42395,271883,Pedal Oedema,N,Checkbox,,,187,187,401
42396,271883,Pain,N,Checkbox,,,96,96,981
42397,271883,Redness,N,Checkbox,,,97,97,981
42398,271883,Blurry or double vision,N,Checkbox,,,98,98,981
42399,271883,Flashing light,N,Checkbox,,,99,99,981
42400,271883,Specks,N,Checkbox,,,100,100,981
42401,271883,Glaucoma,N,Checkbox,,,101,101,981
42402,271883,Cataracts,N,Checkbox,,,102,102,981
42403,271883,Vision loss/changes,N,Checkbox,,,103,103,981
42404,271883,Gum Disease,N,Checkbox,,,61,61,541
42405,271883,Routine Checkup,N,Checkbox,,,62,62,541
42406,271883,Oral Cancer,N,Checkbox,,,63,63,541
42407,271883,Development,N,Checkbox,,,64,64,541
42408,271883,Chest Pain,N,Checkbox,,,24,24,961
42409,271883,,N,,,,41,41,981
42410,271883,Aesthetics in Orthodontics,N,Checkbox,,,65,65,541
42411,271883,Bleeding,N,Checkbox,,,156,156,1035
42412,271883,Dentures,N,Checkbox,,,157,157,1035
42413,271883,Teeth Cleanings,N,Checkbox,,,68,68,422
42414,271883,Teeth Whitening,N,Checkbox,,,69,69,422
42415,271883,Extractions,N,Checkbox,,,70,70,422
42416,271883,Veneers,N,Checkbox,,,71,71,422
42417,271883,Fillings,N,Checkbox,,,72,72,422
42418,271883,Crowns,N,Checkbox,,,73,73,422
42419,271883,Root Canal,N,Checkbox,,,74,74,422
42420,271883,Braces/Invisalign,N,Checkbox,,,75,75,422
42421,271883,Bonding,N,Checkbox,,,76,76,422
42422,271883,Dentures,N,Checkbox,,,77,77,422
42423,271883,Disease,N,Textbox,,,78,78,501
42424,271883,Diagonasis,N,Textbox,,,79,79,501
42425,271883,Sore tongue,N,Checkbox,,,158,158,1035
42426,271883,Dry mouth,N,Checkbox,,,159,159,1035
42427,271883,Sore throat,N,Checkbox,,,160,160,1035
42428,271883,Horseness,N,Checkbox,,,161,161,1035
42429,271883,Thrush,N,Checkbox,,,162,162,1035
42430,271883,Non-healing sores,N,Checkbox,,,163,163,1035
42431,271883,Frequncy,N,Checkbox,,,164,164,1036
42432,271883,Urgency,N,Checkbox,,,165,165,1036
42433,271883,Burning or pain,N,Checkbox,,,166,166,1036
42434,271883,Blood in urine,N,Checkbox,,,167,167,1036
42435,271883,Incontinence,N,Checkbox,,,168,168,1036
42436,271883,Change in urinart strength,N,Checkbox,,,169,169,1036
42437,271883,Testing of Neonatal Care,N,Checkbox,,,241,241,1181
42438,271883,Testing of template,N,Textbox,,,242,242,1181
42439,271883,Ringing in ears,N,Checkbox,,,93,93,1022
42440,271883,Lumps,N,Checkbox,,,87,87,1021
42441,271883,Pain,N,Checkbox,,,88,88,1021
42442,271883,Discharge,N,Checkbox,,,89,89,1021
42443,271883,Self-exams,N,Checkbox,,,90,90,1021
42444,271883,Breast feeding,N,,,,91,91,1021
42445,271883,Decrease hearing,N,Checkbox,,,92,92,1022
42446,271883,Earache,N,Checkbox,,,94,94,1022
42447,271883,Drainage,N,Checkbox,,,95,95,1022
42448,271883,Weight loss or gain,N,Checkbox,,,109,109,1025
42449,271883,Fatigue,N,Checkbox,,,110,110,1025
42450,271883,Fever or chills,N,Checkbox,,,111,111,1025
42451,271883,Weakness,N,Checkbox,,,112,112,1025
42452,271883,Trouble sleeping,N,Checkbox,,,113,113,1025
42453,271883,Swallowing difficulties,N,Checkbox,,,114,114,1023
42454,271883,Heart burn,N,Checkbox,,,115,115,1023
42455,271883,Change in appetite,N,Checkbox,,,116,116,1023
42456,271883,Nausea,N,Checkbox,,,117,117,1023
42457,271883,Change bowel habit,N,Checkbox,,,118,118,1023
42458,271883,Rectal bleeding,N,Checkbox,,,119,119,1023
42459,271883,Constipation,N,Checkbox,,,120,120,1023
42460,271883,Diarrhea,N,Checkbox,,,121,121,1023
42461,271883,Yellow eyes or skin,N,Checkbox,,,122,122,1023
42462,271883,Lumps,N,Checkbox,,,128,128,1029
42463,271883,Swollen glands,N,Checkbox,,,129,129,1029
42464,271883,Pain,N,Checkbox,,,130,130,1029
42465,271883,Stiffness,N,Checkbox,,,131,131,1029
42466,271883,Muslce or joint pain,N,Checkbox,,,132,132,1028
42467,271883,Stiffness,N,Checkbox,,,133,133,1028
42468,271883,Back pain,N,Checkbox,,,134,134,1028
42469,271883,Redness of joint,N,Checkbox,,,135,135,1028
42470,271883,Swelling of joint,N,Checkbox,,,136,136,1028
42471,271883,Trauma,N,Checkbox,,,137,137,1028
42472,271883,Nervousness,N,Checkbox,,,138,138,1032
42473,271883,Stress,N,Checkbox,,,139,139,1032
42474,271883,Depression,N,Checkbox,,,140,140,1032
42475,271883,Memory loss,N,Checkbox,,,141,141,1032
42476,271883,Nose,N,Textbox,,,142,142,1031
42477,271883,Cough,N,Checkbox,,,143,143,1033
42478,271883,Sputum,N,Checkbox,,,144,144,1033
42479,271883,Couphing up blood,N,Checkbox,,,145,145,1033
42480,271883,Shortness of breath,N,Checkbox,,,146,146,1033
42481,271883,Wheezing,N,Checkbox,,,147,147,1033
42482,271883,Painfull breathing,N,Checkbox,,,148,148,1033
42483,271883,Rashes,N,Checkbox,,,149,149,1034
42484,271883,Lumps,N,Checkbox,,,150,150,1034
42485,271883,Itching,N,Checkbox,,,151,151,1034
42486,271883,Dryness,N,Checkbox,,,152,152,1034
42487,271883,Color change,N,Checkbox,,,153,153,1034
42488,271883,Hair and nails change,N,Checkbox,,,154,154,1034
44553,288263,Location,N,Checkbox,,,261,261,1241
44554,288263,CARDIOVASCULAR,N,Checkbox,,,291,291,402
44555,288263,pulse rate,N,Checkbox,,,292,292,402
44556,288263,Elective,N,,,,262,262,1241
44557,288263,Emergency,N,,,,263,263,1241
44558,288263,blood pressure,N,Checkbox,,,293,293,402
44559,288263,heart sounds,N,Checkbox,,,294,294,402
44560,288263,Allergy,N,,,,264,264,1241
44561,288263,PONV,N,,,,267,267,1241
44562,288263,Apex Beat,N,Checkbox,,,295,295,402
44563,288263,PREVIOUSE ANAESTHETIC EXPOSURE,N,,,,268,268,1241
44564,288263,RESPIRATORY,N,Checkbox,,,296,296,402
44565,288263,PONV,N,Checkbox,,,269,269,1241
44566,288263,Sequelae,N,Checkbox,,,270,270,1241
44567,288263,DENTAL HX,N,,,,271,271,1241
44568,288263,Respiration Rate,N,Checkbox,,,297,297,402
44569,288263,Missing tooth,N,,,,272,272,1241
44570,288263,broken tooth,N,,,,273,273,1241
44571,288263,loose tooth,N,,,,274,274,1241
44572,288263,false tooth,N,,,,275,275,1241
44573,288263,Breath Sounds:,N,Checkbox,,,298,298,402
44574,288263,COMORBIDITIES,N,,,,276,276,1241
44575,288263,Hypertension,N,,,,277,277,1241
44576,288263,Diabetes mellitus,N,,,,278,278,1241
44577,288263,Asthma,N,,,,279,279,1241
44578,288263,PUD,N,,,,280,280,1241
44579,288263,Seizures,N,,,,281,281,1241
44580,288263,Others,N,Checkbox,,,299,299,402
44581,288263,PREVIOUS SURGERY,N,,,,282,282,1241
44582,288263,ABDOMINAL,N,Checkbox,,,300,300,402
44583,288263,PREVIOUS BLOOD TRANSFUSION,N,,,,283,283,1241
44584,288263,SOCIAL HX,N,,,,284,284,1241
44585,288263,Orientation,N,Checkbox,,,301,301,402
44586,288263,employed,N,,,,285,285,1241
44587,288263,marital status,N,,,,286,286,1241
44588,288263,smoking,N,,,,287,287,1241
44589,288263,alcohol,N,,,,288,288,1241
44590,288263,children,N,,,,289,289,1241
44591,288263,recreational drugs,N,,,,290,290,1241
44592,288263,Tenderness,N,Checkbox,,,302,302,402
44593,288263,Liver,N,Checkbox,,,321,321,402
44594,288263,Spleen,N,Checkbox,,,322,322,402
44595,288263,Kidney,N,Checkbox,,,323,323,402
44596,288263,Ascites,N,Checkbox,,,324,324,402
44597,288263,Bowel Sounds,N,Checkbox,,,325,325,402
44598,288263,pr,N,Checkbox,,,326,326,402
44599,288263,Others,N,Checkbox,,,327,327,402
44600,288263,Distress,N,Checkbox,,,181,181,401
44601,288263,Pallor,N,Checkbox,,,188,188,401
44602,288263,EYE,N,Checkbox,,,201,201,1041
44603,288263,dyspnoea,N,Checkbox,,,22,22,961
44604,288263,tachypnoea,N,Checkbox,,,23,23,961
44605,288263,tightness,N,Checkbox,,,81,81,961
44606,288263,palpitation,N,Checkbox,,,82,82,961
44607,288263,shortness of breath with activity,N,Checkbox,,,83,83,961
44608,288263,difficulty breathing lying down,N,Checkbox,,,84,84,961
44609,288263,swelling,N,Checkbox,,,85,85,961
44610,288263,awakening from slept with shortness of breath,N,Checkbox,,,86,86,961
44611,288263,Others,N,Checkbox,,,182,182,401
44612,288263,Icteric,N,Checkbox,,,183,183,401
44613,288263,Febrile,N,Checkbox,,,184,184,401
44614,288263,Cyanosis,N,Checkbox,,,185,185,401
44615,288263,Dehydration,N,Checkbox,,,186,186,401
44616,288263,physical examniation,N,Textbox,,,221,221,1061
44617,288263,Accident,N,Checkbox,,,2,2,541
44618,288263,Heat or cold intolerence,N,Checkbox,,,104,104,1024
44619,288263,Sweating,N,Checkbox,,,105,105,1024
44620,288263,Frequent urination,N,Checkbox,,,106,106,1024
44621,288263,Thirst,N,Checkbox,,,107,107,1024
44622,288263,Change in appetite,N,Checkbox,,,108,108,1024
44623,288263,Ease of bruising,N,Checkbox,,,123,123,1026
44624,288263,Ease of bleeding,N,Checkbox,,,124,124,1026
44625,288263,Headache,N,Checkbox,,,125,125,1027
44626,288263,Head injury,N,Checkbox,,,126,126,1027
44627,288263,Neck pain,N,Checkbox,,,127,127,1027
44628,288263,Calf pain with walking,N,Checkbox,,,170,170,1037
44629,288263,Leg cramping,N,Checkbox,,,171,171,1037
44630,288263,Sample,N,Checkbox,,,172,172,1001
44631,288263,Pedal Oedema,N,Checkbox,,,187,187,401
44632,288263,Pain,N,Checkbox,,,96,96,981
44633,288263,Redness,N,Checkbox,,,97,97,981
44634,288263,Blurry or double vision,N,Checkbox,,,98,98,981
44635,288263,Flashing light,N,Checkbox,,,99,99,981
44636,288263,Specks,N,Checkbox,,,100,100,981
44637,288263,Glaucoma,N,Checkbox,,,101,101,981
44638,288263,Cataracts,N,Checkbox,,,102,102,981
44639,288263,Vision loss/changes,N,Checkbox,,,103,103,981
44640,288263,Gum Disease,N,Checkbox,,,61,61,541
44641,288263,Routine Checkup,N,Checkbox,,,62,62,541
44642,288263,Oral Cancer,N,Checkbox,,,63,63,541
44643,288263,Development,N,Checkbox,,,64,64,541
44644,288263,Chest Pain,N,Checkbox,,,24,24,961
44645,288263,,N,,,,41,41,981
44646,288263,Aesthetics in Orthodontics,N,Checkbox,,,65,65,541
44647,288263,Bleeding,N,Checkbox,,,156,156,1035
44648,288263,Dentures,N,Checkbox,,,157,157,1035
44649,288263,Teeth Cleanings,N,Checkbox,,,68,68,422
44650,288263,Teeth Whitening,N,Checkbox,,,69,69,422
44651,288263,Extractions,N,Checkbox,,,70,70,422
44652,288263,Veneers,N,Checkbox,,,71,71,422
44653,288263,Fillings,N,Checkbox,,,72,72,422
44654,288263,Crowns,N,Checkbox,,,73,73,422
44655,288263,Root Canal,N,Checkbox,,,74,74,422
44656,288263,Braces/Invisalign,N,Checkbox,,,75,75,422
44657,288263,Bonding,N,Checkbox,,,76,76,422
44658,288263,Dentures,N,Checkbox,,,77,77,422
44659,288263,Disease,N,Textbox,,,78,78,501
44660,288263,Diagonasis,N,Textbox,,,79,79,501
44661,288263,Sore tongue,N,Checkbox,,,158,158,1035
44662,288263,Dry mouth,N,Checkbox,,,159,159,1035
44663,288263,Sore throat,N,Checkbox,,,160,160,1035
44664,288263,Horseness,N,Checkbox,,,161,161,1035
44665,288263,Thrush,N,Checkbox,,,162,162,1035
44666,288263,Non-healing sores,N,Checkbox,,,163,163,1035
44667,288263,Frequncy,N,Checkbox,,,164,164,1036
44668,288263,Urgency,N,Checkbox,,,165,165,1036
44669,288263,Burning or pain,N,Checkbox,,,166,166,1036
44670,288263,Blood in urine,N,Checkbox,,,167,167,1036
44671,288263,Incontinence,N,Checkbox,,,168,168,1036
44672,288263,Change in urinart strength,N,Checkbox,,,169,169,1036
44673,288263,Testing of Neonatal Care,N,Checkbox,,,241,241,1181
44674,288263,Testing of template,N,Textbox,,,242,242,1181
44675,288263,Ringing in ears,N,Checkbox,,,93,93,1022
44676,288263,Lumps,N,Checkbox,,,87,87,1021
44677,288263,Pain,N,Checkbox,,,88,88,1021
44678,288263,Discharge,N,Checkbox,,,89,89,1021
44679,288263,Self-exams,N,Checkbox,,,90,90,1021
44680,288263,Breast feeding,N,,,,91,91,1021
44681,288263,Decrease hearing,N,Checkbox,,,92,92,1022
44682,288263,Earache,N,Checkbox,,,94,94,1022
44683,288263,Drainage,N,Checkbox,,,95,95,1022
44684,288263,Weight loss or gain,N,Checkbox,,,109,109,1025
44685,288263,Fatigue,N,Checkbox,,,110,110,1025
44686,288263,Fever or chills,N,Checkbox,,,111,111,1025
44687,288263,Weakness,N,Checkbox,,,112,112,1025
44688,288263,Trouble sleeping,N,Checkbox,,,113,113,1025
44689,288263,Swallowing difficulties,N,Checkbox,,,114,114,1023
44690,288263,Heart burn,N,Checkbox,,,115,115,1023
44691,288263,Change in appetite,N,Checkbox,,,116,116,1023
44692,288263,Nausea,N,Checkbox,,,117,117,1023
44693,288263,Change bowel habit,N,Checkbox,,,118,118,1023
44694,288263,Rectal bleeding,N,Checkbox,,,119,119,1023
44695,288263,Constipation,N,Checkbox,,,120,120,1023
44696,288263,Diarrhea,N,Checkbox,,,121,121,1023
44697,288263,Yellow eyes or skin,N,Checkbox,,,122,122,1023
44698,288263,Lumps,N,Checkbox,,,128,128,1029
44699,288263,Swollen glands,N,Checkbox,,,129,129,1029
44700,288263,Pain,N,Checkbox,,,130,130,1029
44701,288263,Stiffness,N,Checkbox,,,131,131,1029
44702,288263,Muslce or joint pain,N,Checkbox,,,132,132,1028
44703,288263,Stiffness,N,Checkbox,,,133,133,1028
44704,288263,Back pain,N,Checkbox,,,134,134,1028
44705,288263,Redness of joint,N,Checkbox,,,135,135,1028
44706,288263,Swelling of joint,N,Checkbox,,,136,136,1028
44707,288263,Trauma,N,Checkbox,,,137,137,1028
44708,288263,Nervousness,N,Checkbox,,,138,138,1032
44709,288263,Stress,N,Checkbox,,,139,139,1032
44710,288263,Depression,N,Checkbox,,,140,140,1032
44711,288263,Memory loss,N,Checkbox,,,141,141,1032
44712,288263,Nose,N,Textbox,,,142,142,1031
44713,288263,Cough,N,Checkbox,,,143,143,1033
44714,288263,Sputum,N,Checkbox,,,144,144,1033
44715,288263,Couphing up blood,N,Checkbox,,,145,145,1033
44716,288263,Shortness of breath,N,Checkbox,,,146,146,1033
44717,288263,Wheezing,N,Checkbox,,,147,147,1033
44718,288263,Painfull breathing,N,Checkbox,,,148,148,1033
44719,288263,Rashes,N,Checkbox,,,149,149,1034
44720,288263,Lumps,N,Checkbox,,,150,150,1034
44721,288263,Itching,N,Checkbox,,,151,151,1034
44722,288263,Dryness,N,Checkbox,,,152,152,1034
44723,288263,Color change,N,Checkbox,,,153,153,1034
44724,288263,Hair and nails change,N,Checkbox,,,154,154,1034
42489,271943,Location,N,Checkbox,,,261,261,1241
42490,271943,CARDIOVASCULAR,N,Checkbox,,,291,291,402
42491,271943,pulse rate,N,Checkbox,,,292,292,402
42492,271943,Elective,N,,,,262,262,1241
42493,271943,Emergency,N,,,,263,263,1241
42494,271943,blood pressure,N,Checkbox,,,293,293,402
42495,271943,heart sounds,N,Checkbox,,,294,294,402
42496,271943,Allergy,N,,,,264,264,1241
42497,271943,PONV,N,,,,267,267,1241
42498,271943,Apex Beat,N,Checkbox,,,295,295,402
42499,271943,PREVIOUSE ANAESTHETIC EXPOSURE,N,,,,268,268,1241
42500,271943,RESPIRATORY,N,Checkbox,,,296,296,402
42501,271943,PONV,N,Checkbox,,,269,269,1241
42502,271943,Sequelae,N,Checkbox,,,270,270,1241
42503,271943,DENTAL HX,N,,,,271,271,1241
42504,271943,Respiration Rate,N,Checkbox,,,297,297,402
42505,271943,Missing tooth,N,,,,272,272,1241
42506,271943,broken tooth,N,,,,273,273,1241
42507,271943,loose tooth,N,,,,274,274,1241
42508,271943,false tooth,N,,,,275,275,1241
42509,271943,Breath Sounds:,N,Checkbox,,,298,298,402
42510,271943,COMORBIDITIES,N,,,,276,276,1241
42511,271943,Hypertension,N,,,,277,277,1241
42512,271943,Diabetes mellitus,N,,,,278,278,1241
42513,271943,Asthma,N,,,,279,279,1241
42514,271943,PUD,N,,,,280,280,1241
42515,271943,Seizures,N,,,,281,281,1241
42516,271943,Others,N,Checkbox,,,299,299,402
42517,271943,PREVIOUS SURGERY,N,,,,282,282,1241
42518,271943,ABDOMINAL,N,Checkbox,,,300,300,402
42519,271943,PREVIOUS BLOOD TRANSFUSION,N,,,,283,283,1241
42520,271943,SOCIAL HX,N,,,,284,284,1241
42521,271943,Orientation,N,Checkbox,,,301,301,402
42522,271943,employed,N,,,,285,285,1241
42523,271943,marital status,N,,,,286,286,1241
42524,271943,smoking,N,,,,287,287,1241
42525,271943,alcohol,N,,,,288,288,1241
42526,271943,children,N,,,,289,289,1241
42527,271943,recreational drugs,N,,,,290,290,1241
42528,271943,Tenderness,N,Checkbox,,,302,302,402
42529,271943,Liver,N,Checkbox,,,321,321,402
42530,271943,Spleen,N,Checkbox,,,322,322,402
42531,271943,Kidney,N,Checkbox,,,323,323,402
42532,271943,Ascites,N,Checkbox,,,324,324,402
42533,271943,Bowel Sounds,N,Checkbox,,,325,325,402
42534,271943,pr,N,Checkbox,,,326,326,402
42535,271943,Others,N,Checkbox,,,327,327,402
42536,271943,Distress,N,Checkbox,,,181,181,401
42537,271943,Pallor,N,Checkbox,,,188,188,401
42538,271943,EYE,N,Checkbox,,,201,201,1041
42539,271943,dyspnoea,N,Checkbox,,,22,22,961
42540,271943,tachypnoea,N,Checkbox,,,23,23,961
42541,271943,tightness,N,Checkbox,,,81,81,961
42542,271943,palpitation,N,Checkbox,,,82,82,961
42543,271943,shortness of breath with activity,N,Checkbox,,,83,83,961
42544,271943,difficulty breathing lying down,N,Checkbox,,,84,84,961
42545,271943,swelling,N,Checkbox,,,85,85,961
42546,271943,awakening from slept with shortness of breath,N,Checkbox,,,86,86,961
42547,271943,Others,N,Checkbox,,,182,182,401
42548,271943,Icteric,N,Checkbox,,,183,183,401
42549,271943,Febrile,N,Checkbox,,,184,184,401
42550,271943,Cyanosis,N,Checkbox,,,185,185,401
42551,271943,Dehydration,N,Checkbox,,,186,186,401
42552,271943,physical examniation,N,Textbox,,,221,221,1061
42553,271943,Accident,N,Checkbox,,,2,2,541
42554,271943,Heat or cold intolerence,N,Checkbox,,,104,104,1024
42555,271943,Sweating,N,Checkbox,,,105,105,1024
42556,271943,Frequent urination,N,Checkbox,,,106,106,1024
42557,271943,Thirst,N,Checkbox,,,107,107,1024
42558,271943,Change in appetite,N,Checkbox,,,108,108,1024
42559,271943,Ease of bruising,N,Checkbox,,,123,123,1026
42560,271943,Ease of bleeding,N,Checkbox,,,124,124,1026
42561,271943,Headache,N,Checkbox,,,125,125,1027
42562,271943,Head injury,N,Checkbox,,,126,126,1027
42563,271943,Neck pain,N,Checkbox,,,127,127,1027
42564,271943,Calf pain with walking,N,Checkbox,,,170,170,1037
42565,271943,Leg cramping,N,Checkbox,,,171,171,1037
42566,271943,Sample,N,Checkbox,,,172,172,1001
42567,271943,Pedal Oedema,N,Checkbox,,,187,187,401
42568,271943,Pain,N,Checkbox,,,96,96,981
42569,271943,Redness,N,Checkbox,,,97,97,981
42570,271943,Blurry or double vision,N,Checkbox,,,98,98,981
42571,271943,Flashing light,N,Checkbox,,,99,99,981
42572,271943,Specks,N,Checkbox,,,100,100,981
42573,271943,Glaucoma,N,Checkbox,,,101,101,981
42574,271943,Cataracts,N,Checkbox,,,102,102,981
42575,271943,Vision loss/changes,N,Checkbox,,,103,103,981
42576,271943,Gum Disease,N,Checkbox,,,61,61,541
42577,271943,Routine Checkup,N,Checkbox,,,62,62,541
42578,271943,Oral Cancer,N,Checkbox,,,63,63,541
42579,271943,Development,N,Checkbox,,,64,64,541
42580,271943,Chest Pain,N,Checkbox,,,24,24,961
42581,271943,,N,,,,41,41,981
42582,271943,Aesthetics in Orthodontics,N,Checkbox,,,65,65,541
42583,271943,Bleeding,N,Checkbox,,,156,156,1035
42584,271943,Dentures,N,Checkbox,,,157,157,1035
42585,271943,Teeth Cleanings,N,Checkbox,,,68,68,422
42586,271943,Teeth Whitening,N,Checkbox,,,69,69,422
42587,271943,Extractions,N,Checkbox,,,70,70,422
42588,271943,Veneers,N,Checkbox,,,71,71,422
42589,271943,Fillings,N,Checkbox,,,72,72,422
42590,271943,Crowns,N,Checkbox,,,73,73,422
42591,271943,Root Canal,N,Checkbox,,,74,74,422
42592,271943,Braces/Invisalign,N,Checkbox,,,75,75,422
42593,271943,Bonding,N,Checkbox,,,76,76,422
42594,271943,Dentures,N,Checkbox,,,77,77,422
42595,271943,Disease,N,Textbox,,,78,78,501
42596,271943,Diagonasis,N,Textbox,,,79,79,501
42597,271943,Sore tongue,N,Checkbox,,,158,158,1035
42598,271943,Dry mouth,N,Checkbox,,,159,159,1035
42599,271943,Sore throat,N,Checkbox,,,160,160,1035
42600,271943,Horseness,N,Checkbox,,,161,161,1035
42601,271943,Thrush,N,Checkbox,,,162,162,1035
42602,271943,Non-healing sores,N,Checkbox,,,163,163,1035
42603,271943,Frequncy,N,Checkbox,,,164,164,1036
42604,271943,Urgency,N,Checkbox,,,165,165,1036
42605,271943,Burning or pain,N,Checkbox,,,166,166,1036
42606,271943,Blood in urine,N,Checkbox,,,167,167,1036
42607,271943,Incontinence,N,Checkbox,,,168,168,1036
42608,271943,Change in urinart strength,N,Checkbox,,,169,169,1036
42609,271943,Testing of Neonatal Care,N,Checkbox,,,241,241,1181
42610,271943,Testing of template,N,Textbox,,,242,242,1181
42611,271943,Ringing in ears,N,Checkbox,,,93,93,1022
42612,271943,Lumps,N,Checkbox,,,87,87,1021
42613,271943,Pain,N,Checkbox,,,88,88,1021
42614,271943,Discharge,N,Checkbox,,,89,89,1021
42615,271943,Self-exams,N,Checkbox,,,90,90,1021
42616,271943,Breast feeding,N,,,,91,91,1021
42617,271943,Decrease hearing,N,Checkbox,,,92,92,1022
42618,271943,Earache,N,Checkbox,,,94,94,1022
42619,271943,Drainage,N,Checkbox,,,95,95,1022
42620,271943,Weight loss or gain,N,Checkbox,,,109,109,1025
42621,271943,Fatigue,N,Checkbox,,,110,110,1025
42622,271943,Fever or chills,N,Checkbox,,,111,111,1025
42623,271943,Weakness,N,Checkbox,,,112,112,1025
42624,271943,Trouble sleeping,N,Checkbox,,,113,113,1025
42625,271943,Swallowing difficulties,N,Checkbox,,,114,114,1023
42626,271943,Heart burn,N,Checkbox,,,115,115,1023
42627,271943,Change in appetite,N,Checkbox,,,116,116,1023
42628,271943,Nausea,N,Checkbox,,,117,117,1023
42629,271943,Change bowel habit,N,Checkbox,,,118,118,1023
42630,271943,Rectal bleeding,N,Checkbox,,,119,119,1023
42631,271943,Constipation,N,Checkbox,,,120,120,1023
42634,271943,Lumps,N,Checkbox,,,128,128,1029
42635,271943,Swollen glands,N,Checkbox,,,129,129,1029
42636,271943,Pain,N,Checkbox,,,130,130,1029
42637,271943,Stiffness,N,Checkbox,,,131,131,1029
42638,271943,Muslce or joint pain,N,Checkbox,,,132,132,1028
42639,271943,Stiffness,N,Checkbox,,,133,133,1028
42640,271943,Back pain,N,Checkbox,,,134,134,1028
42641,271943,Redness of joint,N,Checkbox,,,135,135,1028
42642,271943,Swelling of joint,N,Checkbox,,,136,136,1028
42643,271943,Trauma,N,Checkbox,,,137,137,1028
42644,271943,Nervousness,N,Checkbox,,,138,138,1032
42645,271943,Stress,N,Checkbox,,,139,139,1032
42646,271943,Depression,N,Checkbox,,,140,140,1032
42647,271943,Memory loss,N,Checkbox,,,141,141,1032
42648,271943,Nose,N,Textbox,,,142,142,1031
42649,271943,Cough,N,Checkbox,,,143,143,1033
42650,271943,Sputum,N,Checkbox,,,144,144,1033
42651,271943,Couphing up blood,N,Checkbox,,,145,145,1033
42652,271943,Shortness of breath,N,Checkbox,,,146,146,1033
42653,271943,Wheezing,N,Checkbox,,,147,147,1033
42654,271943,Painfull breathing,N,Checkbox,,,148,148,1033
42655,271943,Rashes,N,Checkbox,,,149,149,1034
42656,271943,Lumps,N,Checkbox,,,150,150,1034
42657,271943,Itching,N,Checkbox,,,151,151,1034
42658,271943,Dryness,N,Checkbox,,,152,152,1034
42659,271943,Color change,N,Checkbox,,,153,153,1034
42660,271943,Hair and nails change,N,Checkbox,,,154,154,1034
45069,305125,Location,N,Checkbox,,,261,261,1241
45070,305125,CARDIOVASCULAR,N,Checkbox,,,291,291,402
45071,305125,pulse rate,N,Checkbox,,,292,292,402
45072,305125,Elective,N,,,,262,262,1241
45073,305125,Emergency,N,,,,263,263,1241
45074,305125,blood pressure,N,Checkbox,,,293,293,402
45075,305125,heart sounds,N,Checkbox,,,294,294,402
45076,305125,Allergy,N,,,,264,264,1241
45077,305125,PONV,N,,,,267,267,1241
45078,305125,Apex Beat,N,Checkbox,,,295,295,402
45079,305125,PREVIOUSE ANAESTHETIC EXPOSURE,N,,,,268,268,1241
45080,305125,RESPIRATORY,N,Checkbox,,,296,296,402
45081,305125,PONV,N,Checkbox,,,269,269,1241
45082,305125,Sequelae,N,Checkbox,,,270,270,1241
45083,305125,DENTAL HX,N,,,,271,271,1241
45084,305125,Respiration Rate,N,Checkbox,,,297,297,402
45085,305125,Missing tooth,N,,,,272,272,1241
45086,305125,broken tooth,N,,,,273,273,1241
45087,305125,loose tooth,N,,,,274,274,1241
45088,305125,false tooth,N,,,,275,275,1241
45089,305125,Breath Sounds:,N,Checkbox,,,298,298,402
45090,305125,COMORBIDITIES,N,,,,276,276,1241
45091,305125,Hypertension,N,,,,277,277,1241
45092,305125,Diabetes mellitus,N,,,,278,278,1241
45093,305125,Asthma,N,,,,279,279,1241
45094,305125,PUD,N,,,,280,280,1241
45095,305125,Seizures,N,,,,281,281,1241
45096,305125,Others,N,Checkbox,,,299,299,402
45097,305125,PREVIOUS SURGERY,N,,,,282,282,1241
45098,305125,ABDOMINAL,N,Checkbox,,,300,300,402
45099,305125,PREVIOUS BLOOD TRANSFUSION,N,,,,283,283,1241
45100,305125,SOCIAL HX,N,,,,284,284,1241
45101,305125,Orientation,N,Checkbox,,,301,301,402
45102,305125,employed,N,,,,285,285,1241
45103,305125,marital status,N,,,,286,286,1241
45104,305125,smoking,N,,,,287,287,1241
45105,305125,alcohol,N,,,,288,288,1241
45106,305125,children,N,,,,289,289,1241
45107,305125,recreational drugs,N,,,,290,290,1241
45108,305125,Tenderness,N,Checkbox,,,302,302,402
45109,305125,Liver,N,Checkbox,,,321,321,402
45110,305125,Spleen,N,Checkbox,,,322,322,402
45111,305125,Kidney,N,Checkbox,,,323,323,402
45112,305125,Ascites,N,Checkbox,,,324,324,402
45113,305125,Bowel Sounds,N,Checkbox,,,325,325,402
45114,305125,pr,N,Checkbox,,,326,326,402
45115,305125,Others,N,Checkbox,,,327,327,402
45116,305125,Distress,N,Checkbox,,,181,181,401
45117,305125,Pallor,N,Checkbox,,,188,188,401
45118,305125,EYE,N,Checkbox,,,201,201,1041
45119,305125,dyspnoea,N,Checkbox,,,22,22,961
45120,305125,tachypnoea,N,Checkbox,,,23,23,961
45121,305125,tightness,N,Checkbox,,,81,81,961
45122,305125,palpitation,N,Checkbox,,,82,82,961
45123,305125,shortness of breath with activity,N,Checkbox,,,83,83,961
45124,305125,difficulty breathing lying down,N,Checkbox,,,84,84,961
45125,305125,swelling,N,Checkbox,,,85,85,961
45126,305125,awakening from slept with shortness of breath,N,Checkbox,,,86,86,961
45127,305125,Others,N,Checkbox,,,182,182,401
45128,305125,Icteric,N,Checkbox,,,183,183,401
45129,305125,Febrile,N,Checkbox,,,184,184,401
45130,305125,Cyanosis,N,Checkbox,,,185,185,401
45131,305125,Dehydration,N,Checkbox,,,186,186,401
45132,305125,physical examniation,N,Textbox,,,221,221,1061
45133,305125,Accident,N,Checkbox,,,2,2,541
45134,305125,Heat or cold intolerence,N,Checkbox,,,104,104,1024
45135,305125,Sweating,N,Checkbox,,,105,105,1024
45136,305125,Frequent urination,N,Checkbox,,,106,106,1024
45137,305125,Thirst,N,Checkbox,,,107,107,1024
45138,305125,Change in appetite,N,Checkbox,,,108,108,1024
45139,305125,Ease of bruising,N,Checkbox,,,123,123,1026
45140,305125,Ease of bleeding,N,Checkbox,,,124,124,1026
45141,305125,Headache,N,Checkbox,,,125,125,1027
45142,305125,Head injury,N,Checkbox,,,126,126,1027
45143,305125,Neck pain,N,Checkbox,,,127,127,1027
45144,305125,Calf pain with walking,N,Checkbox,,,170,170,1037
45145,305125,Leg cramping,N,Checkbox,,,171,171,1037
45146,305125,Sample,N,Checkbox,,,172,172,1001
45147,305125,Pedal Oedema,N,Checkbox,,,187,187,401
45148,305125,Pain,N,Checkbox,,,96,96,981
45149,305125,Redness,N,Checkbox,,,97,97,981
45150,305125,Blurry or double vision,N,Checkbox,,,98,98,981
45151,305125,Flashing light,N,Checkbox,,,99,99,981
45152,305125,Specks,N,Checkbox,,,100,100,981
45153,305125,Glaucoma,N,Checkbox,,,101,101,981
45154,305125,Cataracts,N,Checkbox,,,102,102,981
45155,305125,Vision loss/changes,N,Checkbox,,,103,103,981
45156,305125,Gum Disease,N,Checkbox,,,61,61,541
45157,305125,Routine Checkup,N,Checkbox,,,62,62,541
45158,305125,Oral Cancer,N,Checkbox,,,63,63,541
45159,305125,Development,N,Checkbox,,,64,64,541
45160,305125,Chest Pain,N,Checkbox,,,24,24,961
45161,305125,,N,,,,41,41,981
45162,305125,Aesthetics in Orthodontics,N,Checkbox,,,65,65,541
45163,305125,Bleeding,N,Checkbox,,,156,156,1035
45164,305125,Dentures,N,Checkbox,,,157,157,1035
45165,305125,Teeth Cleanings,N,Checkbox,,,68,68,422
45166,305125,Teeth Whitening,N,Checkbox,,,69,69,422
45167,305125,Extractions,N,Checkbox,,,70,70,422
45168,305125,Veneers,N,Checkbox,,,71,71,422
45169,305125,Fillings,N,Checkbox,,,72,72,422
45170,305125,Crowns,N,Checkbox,,,73,73,422
45171,305125,Root Canal,N,Checkbox,,,74,74,422
45172,305125,Braces/Invisalign,N,Checkbox,,,75,75,422
45173,305125,Bonding,N,Checkbox,,,76,76,422
45174,305125,Dentures,N,Checkbox,,,77,77,422
45175,305125,Disease,N,Textbox,,,78,78,501
45176,305125,Diagonasis,N,Textbox,,,79,79,501
45177,305125,Sore tongue,N,Checkbox,,,158,158,1035
45178,305125,Dry mouth,N,Checkbox,,,159,159,1035
45179,305125,Sore throat,N,Checkbox,,,160,160,1035
45180,305125,Horseness,N,Checkbox,,,161,161,1035
45181,305125,Thrush,N,Checkbox,,,162,162,1035
45182,305125,Non-healing sores,N,Checkbox,,,163,163,1035
45183,305125,Frequncy,N,Checkbox,,,164,164,1036
42632,271943,Diarrhea,N,Checkbox,,,121,121,1023
42633,271943,Yellow eyes or skin,N,Checkbox,,,122,122,1023
45184,305125,Urgency,N,Checkbox,,,165,165,1036
45185,305125,Burning or pain,N,Checkbox,,,166,166,1036
45186,305125,Blood in urine,N,Checkbox,,,167,167,1036
45187,305125,Incontinence,N,Checkbox,,,168,168,1036
45188,305125,Change in urinart strength,N,Checkbox,,,169,169,1036
45189,305125,Testing of Neonatal Care,N,Checkbox,,,241,241,1181
45190,305125,Testing of template,N,Textbox,,,242,242,1181
45191,305125,Ringing in ears,N,Checkbox,,,93,93,1022
45192,305125,Lumps,N,Checkbox,,,87,87,1021
45193,305125,Pain,N,Checkbox,,,88,88,1021
45194,305125,Discharge,N,Checkbox,,,89,89,1021
45195,305125,Self-exams,N,Checkbox,,,90,90,1021
45196,305125,Breast feeding,N,,,,91,91,1021
45197,305125,Decrease hearing,N,Checkbox,,,92,92,1022
45198,305125,Earache,N,Checkbox,,,94,94,1022
45199,305125,Drainage,N,Checkbox,,,95,95,1022
45200,305125,Weight loss or gain,N,Checkbox,,,109,109,1025
45201,305125,Fatigue,N,Checkbox,,,110,110,1025
45202,305125,Fever or chills,N,Checkbox,,,111,111,1025
45203,305125,Weakness,N,Checkbox,,,112,112,1025
45204,305125,Trouble sleeping,N,Checkbox,,,113,113,1025
45205,305125,Swallowing difficulties,N,Checkbox,,,114,114,1023
45206,305125,Heart burn,N,Checkbox,,,115,115,1023
45207,305125,Change in appetite,N,Checkbox,,,116,116,1023
45208,305125,Nausea,N,Checkbox,,,117,117,1023
45209,305125,Change bowel habit,N,Checkbox,,,118,118,1023
45210,305125,Rectal bleeding,N,Checkbox,,,119,119,1023
45211,305125,Constipation,N,Checkbox,,,120,120,1023
45212,305125,Diarrhea,N,Checkbox,,,121,121,1023
45213,305125,Yellow eyes or skin,N,Checkbox,,,122,122,1023
45214,305125,Lumps,N,Checkbox,,,128,128,1029
45215,305125,Swollen glands,N,Checkbox,,,129,129,1029
45216,305125,Pain,N,Checkbox,,,130,130,1029
45217,305125,Stiffness,N,Checkbox,,,131,131,1029
45218,305125,Muslce or joint pain,N,Checkbox,,,132,132,1028
45219,305125,Stiffness,N,Checkbox,,,133,133,1028
45220,305125,Back pain,N,Checkbox,,,134,134,1028
45221,305125,Redness of joint,N,Checkbox,,,135,135,1028
45222,305125,Swelling of joint,N,Checkbox,,,136,136,1028
45223,305125,Trauma,N,Checkbox,,,137,137,1028
45224,305125,Nervousness,N,Checkbox,,,138,138,1032
45225,305125,Stress,N,Checkbox,,,139,139,1032
45226,305125,Depression,N,Checkbox,,,140,140,1032
45227,305125,Memory loss,N,Checkbox,,,141,141,1032
45228,305125,Nose,N,Textbox,,,142,142,1031
45229,305125,Cough,N,Checkbox,,,143,143,1033
45230,305125,Sputum,N,Checkbox,,,144,144,1033
45231,305125,Couphing up blood,N,Checkbox,,,145,145,1033
45232,305125,Shortness of breath,N,Checkbox,,,146,146,1033
45233,305125,Wheezing,N,Checkbox,,,147,147,1033
45234,305125,Painfull breathing,N,Checkbox,,,148,148,1033
45235,305125,Rashes,N,Checkbox,,,149,149,1034
45236,305125,Lumps,N,Checkbox,,,150,150,1034
45237,305125,Itching,N,Checkbox,,,151,151,1034
45238,305125,Dryness,N,Checkbox,,,152,152,1034
45239,305125,Color change,N,Checkbox,,,153,153,1034
45240,305125,Hair and nails change,N,Checkbox,,,154,154,1034
45413,324814,Location,N,Checkbox,,,261,261,1241
45414,324814,CARDIOVASCULAR,N,Checkbox,,,291,291,402
45415,324814,pulse rate,N,Checkbox,,,292,292,402
45416,324814,Elective,N,,,,262,262,1241
45417,324814,Emergency,N,,,,263,263,1241
45418,324814,blood pressure,N,Checkbox,,,293,293,402
45419,324814,heart sounds,N,Checkbox,,,294,294,402
45420,324814,Allergy,N,,,,264,264,1241
45421,324814,PONV,N,,,,267,267,1241
45422,324814,Apex Beat,N,Checkbox,,,295,295,402
45423,324814,PREVIOUSE ANAESTHETIC EXPOSURE,N,,,,268,268,1241
45424,324814,RESPIRATORY,N,Checkbox,,,296,296,402
45425,324814,PONV,N,Checkbox,,,269,269,1241
45426,324814,Sequelae,N,Checkbox,,,270,270,1241
45427,324814,DENTAL HX,N,,,,271,271,1241
45428,324814,Respiration Rate,N,Checkbox,,,297,297,402
45429,324814,Missing tooth,N,,,,272,272,1241
45430,324814,broken tooth,N,,,,273,273,1241
45431,324814,loose tooth,N,,,,274,274,1241
45432,324814,false tooth,N,,,,275,275,1241
45433,324814,Breath Sounds:,N,Checkbox,,,298,298,402
45434,324814,COMORBIDITIES,N,,,,276,276,1241
45435,324814,Hypertension,N,,,,277,277,1241
45436,324814,Diabetes mellitus,N,,,,278,278,1241
45437,324814,Asthma,N,,,,279,279,1241
45438,324814,PUD,N,,,,280,280,1241
45439,324814,Seizures,N,,,,281,281,1241
45440,324814,Others,N,Checkbox,,,299,299,402
45441,324814,PREVIOUS SURGERY,N,,,,282,282,1241
45442,324814,ABDOMINAL,N,Checkbox,,,300,300,402
45443,324814,PREVIOUS BLOOD TRANSFUSION,N,,,,283,283,1241
45444,324814,SOCIAL HX,N,,,,284,284,1241
45445,324814,Orientation,N,Checkbox,,,301,301,402
45446,324814,employed,N,,,,285,285,1241
45447,324814,marital status,N,,,,286,286,1241
45448,324814,smoking,N,,,,287,287,1241
45449,324814,alcohol,N,,,,288,288,1241
45450,324814,children,N,,,,289,289,1241
45451,324814,recreational drugs,N,,,,290,290,1241
45452,324814,Tenderness,N,Checkbox,,,302,302,402
45453,324814,Liver,N,Checkbox,,,321,321,402
45454,324814,Spleen,N,Checkbox,,,322,322,402
45455,324814,Kidney,N,Checkbox,,,323,323,402
45456,324814,Ascites,N,Checkbox,,,324,324,402
45457,324814,Bowel Sounds,N,Checkbox,,,325,325,402
45458,324814,pr,N,Checkbox,,,326,326,402
45459,324814,Others,N,Checkbox,,,327,327,402
45460,324814,Distress,N,Checkbox,,,181,181,401
45461,324814,Pallor,N,Checkbox,,,188,188,401
45462,324814,EYE,N,Checkbox,,,201,201,1041
45463,324814,dyspnoea,N,Checkbox,,,22,22,961
45464,324814,tachypnoea,N,Checkbox,,,23,23,961
45465,324814,tightness,N,Checkbox,,,81,81,961
45466,324814,palpitation,N,Checkbox,,,82,82,961
45467,324814,shortness of breath with activity,N,Checkbox,,,83,83,961
45468,324814,difficulty breathing lying down,N,Checkbox,,,84,84,961
45469,324814,swelling,N,Checkbox,,,85,85,961
45470,324814,awakening from slept with shortness of breath,N,Checkbox,,,86,86,961
45471,324814,Others,N,Checkbox,,,182,182,401
45472,324814,Icteric,N,Checkbox,,,183,183,401
45473,324814,Febrile,N,Checkbox,,,184,184,401
45474,324814,Cyanosis,N,Checkbox,,,185,185,401
45475,324814,Dehydration,N,Checkbox,,,186,186,401
45476,324814,physical examniation,N,Textbox,,,221,221,1061
45477,324814,Accident,N,Checkbox,,,2,2,541
45478,324814,Heat or cold intolerence,N,Checkbox,,,104,104,1024
45479,324814,Sweating,N,Checkbox,,,105,105,1024
45480,324814,Frequent urination,N,Checkbox,,,106,106,1024
45481,324814,Thirst,N,Checkbox,,,107,107,1024
45482,324814,Change in appetite,N,Checkbox,,,108,108,1024
45483,324814,Ease of bruising,N,Checkbox,,,123,123,1026
45484,324814,Ease of bleeding,N,Checkbox,,,124,124,1026
45485,324814,Headache,N,Checkbox,,,125,125,1027
45486,324814,Head injury,N,Checkbox,,,126,126,1027
45487,324814,Neck pain,N,Checkbox,,,127,127,1027
45488,324814,Calf pain with walking,N,Checkbox,,,170,170,1037
45489,324814,Leg cramping,N,Checkbox,,,171,171,1037
45490,324814,Sample,N,Checkbox,,,172,172,1001
45491,324814,Pedal Oedema,N,Checkbox,,,187,187,401
45492,324814,Pain,N,Checkbox,,,96,96,981
45493,324814,Redness,N,Checkbox,,,97,97,981
45494,324814,Blurry or double vision,N,Checkbox,,,98,98,981
45495,324814,Flashing light,N,Checkbox,,,99,99,981
45496,324814,Specks,N,Checkbox,,,100,100,981
45497,324814,Glaucoma,N,Checkbox,,,101,101,981
45498,324814,Cataracts,N,Checkbox,,,102,102,981
45499,324814,Vision loss/changes,N,Checkbox,,,103,103,981
45500,324814,Gum Disease,N,Checkbox,,,61,61,541
45501,324814,Routine Checkup,N,Checkbox,,,62,62,541
45502,324814,Oral Cancer,N,Checkbox,,,63,63,541
45503,324814,Development,N,Checkbox,,,64,64,541
45504,324814,Chest Pain,N,Checkbox,,,24,24,961
45505,324814,,N,,,,41,41,981
45506,324814,Aesthetics in Orthodontics,N,Checkbox,,,65,65,541
45507,324814,Bleeding,N,Checkbox,,,156,156,1035
45508,324814,Dentures,N,Checkbox,,,157,157,1035
45509,324814,Teeth Cleanings,N,Checkbox,,,68,68,422
45510,324814,Teeth Whitening,N,Checkbox,,,69,69,422
45511,324814,Extractions,N,Checkbox,,,70,70,422
45512,324814,Veneers,N,Checkbox,,,71,71,422
45513,324814,Fillings,N,Checkbox,,,72,72,422
45514,324814,Crowns,N,Checkbox,,,73,73,422
45515,324814,Root Canal,N,Checkbox,,,74,74,422
45516,324814,Braces/Invisalign,N,Checkbox,,,75,75,422
45517,324814,Bonding,N,Checkbox,,,76,76,422
45518,324814,Dentures,N,Checkbox,,,77,77,422
45519,324814,Disease,N,Textbox,,,78,78,501
45520,324814,Diagonasis,N,Textbox,,,79,79,501
45521,324814,Sore tongue,N,Checkbox,,,158,158,1035
45522,324814,Dry mouth,N,Checkbox,,,159,159,1035
45523,324814,Sore throat,N,Checkbox,,,160,160,1035
45524,324814,Horseness,N,Checkbox,,,161,161,1035
45525,324814,Thrush,N,Checkbox,,,162,162,1035
45526,324814,Non-healing sores,N,Checkbox,,,163,163,1035
45527,324814,Frequncy,N,Checkbox,,,164,164,1036
45528,324814,Urgency,N,Checkbox,,,165,165,1036
45529,324814,Burning or pain,N,Checkbox,,,166,166,1036
45530,324814,Blood in urine,N,Checkbox,,,167,167,1036
45531,324814,Incontinence,N,Checkbox,,,168,168,1036
45532,324814,Change in urinart strength,N,Checkbox,,,169,169,1036
45533,324814,Testing of Neonatal Care,N,Checkbox,,,241,241,1181
45534,324814,Testing of template,N,Textbox,,,242,242,1181
45535,324814,Ringing in ears,N,Checkbox,,,93,93,1022
45536,324814,Lumps,N,Checkbox,,,87,87,1021
45537,324814,Pain,N,Checkbox,,,88,88,1021
45538,324814,Discharge,N,Checkbox,,,89,89,1021
45539,324814,Self-exams,N,Checkbox,,,90,90,1021
45540,324814,Breast feeding,N,,,,91,91,1021
45541,324814,Decrease hearing,N,Checkbox,,,92,92,1022
45542,324814,Earache,N,Checkbox,,,94,94,1022
45543,324814,Drainage,N,Checkbox,,,95,95,1022
45544,324814,Weight loss or gain,N,Checkbox,,,109,109,1025
45545,324814,Fatigue,N,Checkbox,,,110,110,1025
45546,324814,Fever or chills,N,Checkbox,,,111,111,1025
45547,324814,Weakness,N,Checkbox,,,112,112,1025
45548,324814,Trouble sleeping,N,Checkbox,,,113,113,1025
45549,324814,Swallowing difficulties,N,Checkbox,,,114,114,1023
45550,324814,Heart burn,N,Checkbox,,,115,115,1023
45551,324814,Change in appetite,N,Checkbox,,,116,116,1023
45552,324814,Nausea,N,Checkbox,,,117,117,1023
45553,324814,Change bowel habit,N,Checkbox,,,118,118,1023
45554,324814,Rectal bleeding,N,Checkbox,,,119,119,1023
45555,324814,Constipation,N,Checkbox,,,120,120,1023
45556,324814,Diarrhea,N,Checkbox,,,121,121,1023
45557,324814,Yellow eyes or skin,N,Checkbox,,,122,122,1023
45558,324814,Lumps,N,Checkbox,,,128,128,1029
45559,324814,Swollen glands,N,Checkbox,,,129,129,1029
45560,324814,Pain,N,Checkbox,,,130,130,1029
45561,324814,Stiffness,N,Checkbox,,,131,131,1029
45562,324814,Muslce or joint pain,N,Checkbox,,,132,132,1028
45563,324814,Stiffness,N,Checkbox,,,133,133,1028
45564,324814,Back pain,N,Checkbox,,,134,134,1028
45565,324814,Redness of joint,N,Checkbox,,,135,135,1028
45566,324814,Swelling of joint,N,Checkbox,,,136,136,1028
45567,324814,Trauma,N,Checkbox,,,137,137,1028
45568,324814,Nervousness,N,Checkbox,,,138,138,1032
45569,324814,Stress,N,Checkbox,,,139,139,1032
45570,324814,Depression,N,Checkbox,,,140,140,1032
45571,324814,Memory loss,N,Checkbox,,,141,141,1032
45572,324814,Nose,N,Textbox,,,142,142,1031
45573,324814,Cough,N,Checkbox,,,143,143,1033
45574,324814,Sputum,N,Checkbox,,,144,144,1033
45575,324814,Couphing up blood,N,Checkbox,,,145,145,1033
45576,324814,Shortness of breath,N,Checkbox,,,146,146,1033
45577,324814,Wheezing,N,Checkbox,,,147,147,1033
45578,324814,Painfull breathing,N,Checkbox,,,148,148,1033
45579,324814,Rashes,N,Checkbox,,,149,149,1034
45580,324814,Lumps,N,Checkbox,,,150,150,1034
45581,324814,Itching,N,Checkbox,,,151,151,1034
45582,324814,Dryness,N,Checkbox,,,152,152,1034
45583,324814,Color change,N,Checkbox,,,153,153,1034
45584,324814,Hair and nails change,N,Checkbox,,,154,154,1034
43865,281567,Location,N,Checkbox,,,261,261,1241
43866,281567,CARDIOVASCULAR,N,Checkbox,,,291,291,402
43867,281567,pulse rate,N,Checkbox,,,292,292,402
43868,281567,Elective,N,,,,262,262,1241
43869,281567,Emergency,N,,,,263,263,1241
43870,281567,blood pressure,N,Checkbox,,,293,293,402
43871,281567,heart sounds,N,Checkbox,,,294,294,402
43872,281567,Allergy,N,,,,264,264,1241
43873,281567,PONV,N,,,,267,267,1241
43874,281567,Apex Beat,N,Checkbox,,,295,295,402
43875,281567,PREVIOUSE ANAESTHETIC EXPOSURE,N,,,,268,268,1241
43876,281567,RESPIRATORY,N,Checkbox,,,296,296,402
43877,281567,PONV,N,Checkbox,,,269,269,1241
43878,281567,Sequelae,N,Checkbox,,,270,270,1241
43879,281567,DENTAL HX,N,,,,271,271,1241
43880,281567,Respiration Rate,N,Checkbox,,,297,297,402
43881,281567,Missing tooth,N,,,,272,272,1241
43882,281567,broken tooth,N,,,,273,273,1241
43883,281567,loose tooth,N,,,,274,274,1241
43884,281567,false tooth,N,,,,275,275,1241
43885,281567,Breath Sounds:,N,Checkbox,,,298,298,402
43886,281567,COMORBIDITIES,N,,,,276,276,1241
43887,281567,Hypertension,N,,,,277,277,1241
43888,281567,Diabetes mellitus,N,,,,278,278,1241
43889,281567,Asthma,N,,,,279,279,1241
43890,281567,PUD,N,,,,280,280,1241
43891,281567,Seizures,N,,,,281,281,1241
43892,281567,Others,N,Checkbox,,,299,299,402
43893,281567,PREVIOUS SURGERY,N,,,,282,282,1241
43894,281567,ABDOMINAL,N,Checkbox,,,300,300,402
43895,281567,PREVIOUS BLOOD TRANSFUSION,N,,,,283,283,1241
43896,281567,SOCIAL HX,N,,,,284,284,1241
43897,281567,Orientation,N,Checkbox,,,301,301,402
43898,281567,employed,N,,,,285,285,1241
43899,281567,marital status,N,,,,286,286,1241
43900,281567,smoking,N,,,,287,287,1241
43901,281567,alcohol,N,,,,288,288,1241
43902,281567,children,N,,,,289,289,1241
43903,281567,recreational drugs,N,,,,290,290,1241
43904,281567,Tenderness,N,Checkbox,,,302,302,402
43905,281567,Liver,N,Checkbox,,,321,321,402
43906,281567,Spleen,N,Checkbox,,,322,322,402
43907,281567,Kidney,N,Checkbox,,,323,323,402
43908,281567,Ascites,N,Checkbox,,,324,324,402
43909,281567,Bowel Sounds,N,Checkbox,,,325,325,402
43910,281567,pr,N,Checkbox,,,326,326,402
43911,281567,Others,N,Checkbox,,,327,327,402
43912,281567,Distress,N,Checkbox,,,181,181,401
43913,281567,Pallor,N,Checkbox,,,188,188,401
43914,281567,EYE,N,Checkbox,,,201,201,1041
43915,281567,dyspnoea,N,Checkbox,,,22,22,961
43916,281567,tachypnoea,N,Checkbox,,,23,23,961
43917,281567,tightness,N,Checkbox,,,81,81,961
43918,281567,palpitation,N,Checkbox,,,82,82,961
43919,281567,shortness of breath with activity,N,Checkbox,,,83,83,961
43920,281567,difficulty breathing lying down,N,Checkbox,,,84,84,961
43921,281567,swelling,N,Checkbox,,,85,85,961
43922,281567,awakening from slept with shortness of breath,N,Checkbox,,,86,86,961
43923,281567,Others,N,Checkbox,,,182,182,401
43924,281567,Icteric,N,Checkbox,,,183,183,401
43925,281567,Febrile,N,Checkbox,,,184,184,401
43926,281567,Cyanosis,N,Checkbox,,,185,185,401
43927,281567,Dehydration,N,Checkbox,,,186,186,401
43928,281567,physical examniation,N,Textbox,,,221,221,1061
43929,281567,Accident,N,Checkbox,,,2,2,541
43930,281567,Heat or cold intolerence,N,Checkbox,,,104,104,1024
43931,281567,Sweating,N,Checkbox,,,105,105,1024
43932,281567,Frequent urination,N,Checkbox,,,106,106,1024
43933,281567,Thirst,N,Checkbox,,,107,107,1024
43934,281567,Change in appetite,N,Checkbox,,,108,108,1024
43935,281567,Ease of bruising,N,Checkbox,,,123,123,1026
43936,281567,Ease of bleeding,N,Checkbox,,,124,124,1026
43937,281567,Headache,N,Checkbox,,,125,125,1027
43938,281567,Head injury,N,Checkbox,,,126,126,1027
43939,281567,Neck pain,N,Checkbox,,,127,127,1027
43940,281567,Calf pain with walking,N,Checkbox,,,170,170,1037
43941,281567,Leg cramping,N,Checkbox,,,171,171,1037
43942,281567,Sample,N,Checkbox,,,172,172,1001
43943,281567,Pedal Oedema,N,Checkbox,,,187,187,401
43944,281567,Pain,N,Checkbox,,,96,96,981
43945,281567,Redness,N,Checkbox,,,97,97,981
43946,281567,Blurry or double vision,N,Checkbox,,,98,98,981
43947,281567,Flashing light,N,Checkbox,,,99,99,981
43948,281567,Specks,N,Checkbox,,,100,100,981
43949,281567,Glaucoma,N,Checkbox,,,101,101,981
43950,281567,Cataracts,N,Checkbox,,,102,102,981
43951,281567,Vision loss/changes,N,Checkbox,,,103,103,981
43952,281567,Gum Disease,N,Checkbox,,,61,61,541
43953,281567,Routine Checkup,N,Checkbox,,,62,62,541
43954,281567,Oral Cancer,N,Checkbox,,,63,63,541
43955,281567,Development,N,Checkbox,,,64,64,541
43956,281567,Chest Pain,N,Checkbox,,,24,24,961
43957,281567,,N,,,,41,41,981
43958,281567,Aesthetics in Orthodontics,N,Checkbox,,,65,65,541
43959,281567,Bleeding,N,Checkbox,,,156,156,1035
43960,281567,Dentures,N,Checkbox,,,157,157,1035
43961,281567,Teeth Cleanings,N,Checkbox,,,68,68,422
43962,281567,Teeth Whitening,N,Checkbox,,,69,69,422
43963,281567,Extractions,N,Checkbox,,,70,70,422
43964,281567,Veneers,N,Checkbox,,,71,71,422
43965,281567,Fillings,N,Checkbox,,,72,72,422
43966,281567,Crowns,N,Checkbox,,,73,73,422
43967,281567,Root Canal,N,Checkbox,,,74,74,422
43968,281567,Braces/Invisalign,N,Checkbox,,,75,75,422
43969,281567,Bonding,N,Checkbox,,,76,76,422
43970,281567,Dentures,N,Checkbox,,,77,77,422
43971,281567,Disease,N,Textbox,,,78,78,501
43972,281567,Diagonasis,N,Textbox,,,79,79,501
43973,281567,Sore tongue,N,Checkbox,,,158,158,1035
43974,281567,Dry mouth,N,Checkbox,,,159,159,1035
43975,281567,Sore throat,N,Checkbox,,,160,160,1035
43976,281567,Horseness,N,Checkbox,,,161,161,1035
43977,281567,Thrush,N,Checkbox,,,162,162,1035
43978,281567,Non-healing sores,N,Checkbox,,,163,163,1035
43979,281567,Frequncy,N,Checkbox,,,164,164,1036
43980,281567,Urgency,N,Checkbox,,,165,165,1036
43981,281567,Burning or pain,N,Checkbox,,,166,166,1036
43982,281567,Blood in urine,N,Checkbox,,,167,167,1036
43983,281567,Incontinence,N,Checkbox,,,168,168,1036
43984,281567,Change in urinart strength,N,Checkbox,,,169,169,1036
43985,281567,Testing of Neonatal Care,N,Checkbox,,,241,241,1181
43986,281567,Testing of template,N,Textbox,,,242,242,1181
43987,281567,Ringing in ears,N,Checkbox,,,93,93,1022
43988,281567,Lumps,N,Checkbox,,,87,87,1021
43989,281567,Pain,N,Checkbox,,,88,88,1021
43990,281567,Discharge,N,Checkbox,,,89,89,1021
43991,281567,Self-exams,N,Checkbox,,,90,90,1021
43992,281567,Breast feeding,N,,,,91,91,1021
43993,281567,Decrease hearing,N,Checkbox,,,92,92,1022
43994,281567,Earache,N,Checkbox,,,94,94,1022
43995,281567,Drainage,N,Checkbox,,,95,95,1022
43996,281567,Weight loss or gain,N,Checkbox,,,109,109,1025
43997,281567,Fatigue,N,Checkbox,,,110,110,1025
43998,281567,Fever or chills,N,Checkbox,,,111,111,1025
43999,281567,Weakness,N,Checkbox,,,112,112,1025
44000,281567,Trouble sleeping,N,Checkbox,,,113,113,1025
44001,281567,Swallowing difficulties,N,Checkbox,,,114,114,1023
44002,281567,Heart burn,N,Checkbox,,,115,115,1023
44003,281567,Change in appetite,N,Checkbox,,,116,116,1023
44004,281567,Nausea,N,Checkbox,,,117,117,1023
44005,281567,Change bowel habit,N,Checkbox,,,118,118,1023
44006,281567,Rectal bleeding,N,Checkbox,,,119,119,1023
44007,281567,Constipation,N,Checkbox,,,120,120,1023
44008,281567,Diarrhea,N,Checkbox,,,121,121,1023
44009,281567,Yellow eyes or skin,N,Checkbox,,,122,122,1023
44010,281567,Lumps,N,Checkbox,,,128,128,1029
44011,281567,Swollen glands,N,Checkbox,,,129,129,1029
44012,281567,Pain,N,Checkbox,,,130,130,1029
44013,281567,Stiffness,N,Checkbox,,,131,131,1029
44014,281567,Muslce or joint pain,N,Checkbox,,,132,132,1028
44015,281567,Stiffness,N,Checkbox,,,133,133,1028
44016,281567,Back pain,N,Checkbox,,,134,134,1028
44017,281567,Redness of joint,N,Checkbox,,,135,135,1028
44018,281567,Swelling of joint,N,Checkbox,,,136,136,1028
44019,281567,Trauma,N,Checkbox,,,137,137,1028
44020,281567,Nervousness,N,Checkbox,,,138,138,1032
44021,281567,Stress,N,Checkbox,,,139,139,1032
44022,281567,Depression,N,Checkbox,,,140,140,1032
44023,281567,Memory loss,N,Checkbox,,,141,141,1032
44024,281567,Nose,N,Textbox,,,142,142,1031
44025,281567,Cough,N,Checkbox,,,143,143,1033
44026,281567,Sputum,N,Checkbox,,,144,144,1033
44027,281567,Couphing up blood,N,Checkbox,,,145,145,1033
44028,281567,Shortness of breath,N,Checkbox,,,146,146,1033
44029,281567,Wheezing,N,Checkbox,,,147,147,1033
44030,281567,Painfull breathing,N,Checkbox,,,148,148,1033
44031,281567,Rashes,N,Checkbox,,,149,149,1034
44032,281567,Lumps,N,Checkbox,,,150,150,1034
44033,281567,Itching,N,Checkbox,,,151,151,1034
44034,281567,Dryness,N,Checkbox,,,152,152,1034
44035,281567,Color change,N,Checkbox,,,153,153,1034
44036,281567,Hair and nails change,N,Checkbox,,,154,154,1034
44209,283688,Location,N,Checkbox,,,261,261,1241
44210,283688,CARDIOVASCULAR,N,Checkbox,,,291,291,402
44211,283688,pulse rate,N,Checkbox,,,292,292,402
44212,283688,Elective,N,,,,262,262,1241
44213,283688,Emergency,N,,,,263,263,1241
44214,283688,blood pressure,N,Checkbox,,,293,293,402
44215,283688,heart sounds,N,Checkbox,,,294,294,402
44216,283688,Allergy,N,,,,264,264,1241
44217,283688,PONV,N,,,,267,267,1241
44218,283688,Apex Beat,N,Checkbox,,,295,295,402
44219,283688,PREVIOUSE ANAESTHETIC EXPOSURE,N,,,,268,268,1241
44220,283688,RESPIRATORY,N,Checkbox,,,296,296,402
44221,283688,PONV,N,Checkbox,,,269,269,1241
44222,283688,Sequelae,N,Checkbox,,,270,270,1241
44223,283688,DENTAL HX,N,,,,271,271,1241
44224,283688,Respiration Rate,N,Checkbox,,,297,297,402
44225,283688,Missing tooth,N,,,,272,272,1241
44226,283688,broken tooth,N,,,,273,273,1241
44227,283688,loose tooth,N,,,,274,274,1241
44228,283688,false tooth,N,,,,275,275,1241
44229,283688,Breath Sounds:,N,Checkbox,,,298,298,402
44230,283688,COMORBIDITIES,N,,,,276,276,1241
44231,283688,Hypertension,N,,,,277,277,1241
44232,283688,Diabetes mellitus,N,,,,278,278,1241
44233,283688,Asthma,N,,,,279,279,1241
44234,283688,PUD,N,,,,280,280,1241
44235,283688,Seizures,N,,,,281,281,1241
44236,283688,Others,N,Checkbox,,,299,299,402
44237,283688,PREVIOUS SURGERY,N,,,,282,282,1241
44238,283688,ABDOMINAL,N,Checkbox,,,300,300,402
44239,283688,PREVIOUS BLOOD TRANSFUSION,N,,,,283,283,1241
44240,283688,SOCIAL HX,N,,,,284,284,1241
44241,283688,Orientation,N,Checkbox,,,301,301,402
44242,283688,employed,N,,,,285,285,1241
44243,283688,marital status,N,,,,286,286,1241
44244,283688,smoking,N,,,,287,287,1241
44245,283688,alcohol,N,,,,288,288,1241
44246,283688,children,N,,,,289,289,1241
44247,283688,recreational drugs,N,,,,290,290,1241
44248,283688,Tenderness,N,Checkbox,,,302,302,402
44249,283688,Liver,N,Checkbox,,,321,321,402
44250,283688,Spleen,N,Checkbox,,,322,322,402
44251,283688,Kidney,N,Checkbox,,,323,323,402
44252,283688,Ascites,N,Checkbox,,,324,324,402
44253,283688,Bowel Sounds,N,Checkbox,,,325,325,402
44254,283688,pr,N,Checkbox,,,326,326,402
44255,283688,Others,N,Checkbox,,,327,327,402
44256,283688,Distress,N,Checkbox,,,181,181,401
44257,283688,Pallor,N,Checkbox,,,188,188,401
44258,283688,EYE,N,Checkbox,,,201,201,1041
44259,283688,dyspnoea,N,Checkbox,,,22,22,961
44260,283688,tachypnoea,N,Checkbox,,,23,23,961
44261,283688,tightness,N,Checkbox,,,81,81,961
44262,283688,palpitation,N,Checkbox,,,82,82,961
44263,283688,shortness of breath with activity,N,Checkbox,,,83,83,961
44264,283688,difficulty breathing lying down,N,Checkbox,,,84,84,961
44265,283688,swelling,N,Checkbox,,,85,85,961
44266,283688,awakening from slept with shortness of breath,N,Checkbox,,,86,86,961
44267,283688,Others,N,Checkbox,,,182,182,401
44268,283688,Icteric,N,Checkbox,,,183,183,401
44269,283688,Febrile,N,Checkbox,,,184,184,401
44270,283688,Cyanosis,N,Checkbox,,,185,185,401
44271,283688,Dehydration,N,Checkbox,,,186,186,401
44272,283688,physical examniation,N,Textbox,,,221,221,1061
44273,283688,Accident,N,Checkbox,,,2,2,541
44274,283688,Heat or cold intolerence,N,Checkbox,,,104,104,1024
44275,283688,Sweating,N,Checkbox,,,105,105,1024
44276,283688,Frequent urination,N,Checkbox,,,106,106,1024
44277,283688,Thirst,N,Checkbox,,,107,107,1024
44278,283688,Change in appetite,N,Checkbox,,,108,108,1024
44279,283688,Ease of bruising,N,Checkbox,,,123,123,1026
44280,283688,Ease of bleeding,N,Checkbox,,,124,124,1026
44281,283688,Headache,N,Checkbox,,,125,125,1027
44282,283688,Head injury,N,Checkbox,,,126,126,1027
44283,283688,Neck pain,N,Checkbox,,,127,127,1027
44284,283688,Calf pain with walking,N,Checkbox,,,170,170,1037
44285,283688,Leg cramping,N,Checkbox,,,171,171,1037
44286,283688,Sample,N,Checkbox,,,172,172,1001
44287,283688,Pedal Oedema,N,Checkbox,,,187,187,401
44288,283688,Pain,N,Checkbox,,,96,96,981
44289,283688,Redness,N,Checkbox,,,97,97,981
44290,283688,Blurry or double vision,N,Checkbox,,,98,98,981
44291,283688,Flashing light,N,Checkbox,,,99,99,981
44292,283688,Specks,N,Checkbox,,,100,100,981
44293,283688,Glaucoma,N,Checkbox,,,101,101,981
44294,283688,Cataracts,N,Checkbox,,,102,102,981
44295,283688,Vision loss/changes,N,Checkbox,,,103,103,981
44296,283688,Gum Disease,N,Checkbox,,,61,61,541
44297,283688,Routine Checkup,N,Checkbox,,,62,62,541
44298,283688,Oral Cancer,N,Checkbox,,,63,63,541
44299,283688,Development,N,Checkbox,,,64,64,541
44300,283688,Chest Pain,N,Checkbox,,,24,24,961
44301,283688,,N,,,,41,41,981
44302,283688,Aesthetics in Orthodontics,N,Checkbox,,,65,65,541
44303,283688,Bleeding,N,Checkbox,,,156,156,1035
44304,283688,Dentures,N,Checkbox,,,157,157,1035
44305,283688,Teeth Cleanings,N,Checkbox,,,68,68,422
44306,283688,Teeth Whitening,N,Checkbox,,,69,69,422
44307,283688,Extractions,N,Checkbox,,,70,70,422
44308,283688,Veneers,N,Checkbox,,,71,71,422
44309,283688,Fillings,N,Checkbox,,,72,72,422
44310,283688,Crowns,N,Checkbox,,,73,73,422
44311,283688,Root Canal,N,Checkbox,,,74,74,422
44312,283688,Braces/Invisalign,N,Checkbox,,,75,75,422
44313,283688,Bonding,N,Checkbox,,,76,76,422
44314,283688,Dentures,N,Checkbox,,,77,77,422
44315,283688,Disease,N,Textbox,,,78,78,501
44316,283688,Diagonasis,N,Textbox,,,79,79,501
44317,283688,Sore tongue,N,Checkbox,,,158,158,1035
44318,283688,Dry mouth,N,Checkbox,,,159,159,1035
44319,283688,Sore throat,N,Checkbox,,,160,160,1035
44320,283688,Horseness,N,Checkbox,,,161,161,1035
44321,283688,Thrush,N,Checkbox,,,162,162,1035
44322,283688,Non-healing sores,N,Checkbox,,,163,163,1035
44323,283688,Frequncy,N,Checkbox,,,164,164,1036
44324,283688,Urgency,N,Checkbox,,,165,165,1036
44325,283688,Burning or pain,N,Checkbox,,,166,166,1036
44326,283688,Blood in urine,N,Checkbox,,,167,167,1036
44327,283688,Incontinence,N,Checkbox,,,168,168,1036
44328,283688,Change in urinart strength,N,Checkbox,,,169,169,1036
44329,283688,Testing of Neonatal Care,N,Checkbox,,,241,241,1181
44330,283688,Testing of template,N,Textbox,,,242,242,1181
44331,283688,Ringing in ears,N,Checkbox,,,93,93,1022
44332,283688,Lumps,N,Checkbox,,,87,87,1021
44333,283688,Pain,N,Checkbox,,,88,88,1021
44334,283688,Discharge,N,Checkbox,,,89,89,1021
44335,283688,Self-exams,N,Checkbox,,,90,90,1021
44336,283688,Breast feeding,N,,,,91,91,1021
44337,283688,Decrease hearing,N,Checkbox,,,92,92,1022
44338,283688,Earache,N,Checkbox,,,94,94,1022
44339,283688,Drainage,N,Checkbox,,,95,95,1022
44340,283688,Weight loss or gain,N,Checkbox,,,109,109,1025
44341,283688,Fatigue,N,Checkbox,,,110,110,1025
44342,283688,Fever or chills,N,Checkbox,,,111,111,1025
44343,283688,Weakness,N,Checkbox,,,112,112,1025
44344,283688,Trouble sleeping,N,Checkbox,,,113,113,1025
44345,283688,Swallowing difficulties,N,Checkbox,,,114,114,1023
44346,283688,Heart burn,N,Checkbox,,,115,115,1023
44347,283688,Change in appetite,N,Checkbox,,,116,116,1023
44348,283688,Nausea,N,Checkbox,,,117,117,1023
44349,283688,Change bowel habit,N,Checkbox,,,118,118,1023
44350,283688,Rectal bleeding,N,Checkbox,,,119,119,1023
44351,283688,Constipation,N,Checkbox,,,120,120,1023
44352,283688,Diarrhea,N,Checkbox,,,121,121,1023
44353,283688,Yellow eyes or skin,N,Checkbox,,,122,122,1023
44354,283688,Lumps,N,Checkbox,,,128,128,1029
44355,283688,Swollen glands,N,Checkbox,,,129,129,1029
44356,283688,Pain,N,Checkbox,,,130,130,1029
44357,283688,Stiffness,N,Checkbox,,,131,131,1029
44358,283688,Muslce or joint pain,N,Checkbox,,,132,132,1028
44359,283688,Stiffness,N,Checkbox,,,133,133,1028
44360,283688,Back pain,N,Checkbox,,,134,134,1028
44361,283688,Redness of joint,N,Checkbox,,,135,135,1028
44362,283688,Swelling of joint,N,Checkbox,,,136,136,1028
44363,283688,Trauma,N,Checkbox,,,137,137,1028
44364,283688,Nervousness,N,Checkbox,,,138,138,1032
44365,283688,Stress,N,Checkbox,,,139,139,1032
44366,283688,Depression,N,Checkbox,,,140,140,1032
44367,283688,Memory loss,N,Checkbox,,,141,141,1032
44368,283688,Nose,N,Textbox,,,142,142,1031
44369,283688,Cough,N,Checkbox,,,143,143,1033
44370,283688,Sputum,N,Checkbox,,,144,144,1033
44371,283688,Couphing up blood,N,Checkbox,,,145,145,1033
44372,283688,Shortness of breath,N,Checkbox,,,146,146,1033
44373,283688,Wheezing,N,Checkbox,,,147,147,1033
44374,283688,Painfull breathing,N,Checkbox,,,148,148,1033
44375,283688,Rashes,N,Checkbox,,,149,149,1034
44376,283688,Lumps,N,Checkbox,,,150,150,1034
44377,283688,Itching,N,Checkbox,,,151,151,1034
44378,283688,Dryness,N,Checkbox,,,152,152,1034
44379,283688,Color change,N,Checkbox,,,153,153,1034
44380,283688,Hair and nails change,N,Checkbox,,,154,154,1034
43839,280574,Swollen glands,N,Checkbox,,,129,129,1029
43840,280574,Pain,N,Checkbox,,,130,130,1029
43841,280574,Stiffness,N,Checkbox,,,131,131,1029
43842,280574,Muslce or joint pain,N,Checkbox,,,132,132,1028
43843,280574,Stiffness,N,Checkbox,,,133,133,1028
43844,280574,Back pain,N,Checkbox,,,134,134,1028
43845,280574,Redness of joint,N,Checkbox,,,135,135,1028
43846,280574,Swelling of joint,N,Checkbox,,,136,136,1028
43847,280574,Trauma,N,Checkbox,,,137,137,1028
43848,280574,Nervousness,N,Checkbox,,,138,138,1032
43849,280574,Stress,N,Checkbox,,,139,139,1032
43850,280574,Depression,N,Checkbox,,,140,140,1032
43851,280574,Memory loss,N,Checkbox,,,141,141,1032
43852,280574,Nose,N,Textbox,,,142,142,1031
43853,280574,Cough,N,Checkbox,,,143,143,1033
43854,280574,Sputum,N,Checkbox,,,144,144,1033
43855,280574,Couphing up blood,N,Checkbox,,,145,145,1033
43856,280574,Shortness of breath,N,Checkbox,,,146,146,1033
43857,280574,Wheezing,N,Checkbox,,,147,147,1033
43858,280574,Painfull breathing,N,Checkbox,,,148,148,1033
43859,280574,Rashes,N,Checkbox,,,149,149,1034
43860,280574,Lumps,N,Checkbox,,,150,150,1034
43861,280574,Itching,N,Checkbox,,,151,151,1034
43862,280574,Dryness,N,Checkbox,,,152,152,1034
43863,280574,Color change,N,Checkbox,,,153,153,1034
43864,280574,Hair and nails change,N,Checkbox,,,154,154,1034
43836,280574,Diarrhea,N,Checkbox,,,121,121,1023
43837,280574,Yellow eyes or skin,N,Checkbox,,,122,122,1023
43838,280574,Lumps,N,Checkbox,,,128,128,1029
43177,275229,Location,N,Checkbox,,,261,261,1241
43178,275229,CARDIOVASCULAR,N,Checkbox,,,291,291,402
43179,275229,pulse rate,N,Checkbox,,,292,292,402
43180,275229,Elective,N,,,,262,262,1241
43181,275229,Emergency,N,,,,263,263,1241
43182,275229,blood pressure,N,Checkbox,,,293,293,402
43183,275229,heart sounds,N,Checkbox,,,294,294,402
43184,275229,Allergy,N,,,,264,264,1241
43185,275229,PONV,N,,,,267,267,1241
43186,275229,Apex Beat,N,Checkbox,,,295,295,402
43187,275229,PREVIOUSE ANAESTHETIC EXPOSURE,N,,,,268,268,1241
43188,275229,RESPIRATORY,N,Checkbox,,,296,296,402
43189,275229,PONV,N,Checkbox,,,269,269,1241
43190,275229,Sequelae,N,Checkbox,,,270,270,1241
43191,275229,DENTAL HX,N,,,,271,271,1241
43192,275229,Respiration Rate,N,Checkbox,,,297,297,402
43193,275229,Missing tooth,N,,,,272,272,1241
43194,275229,broken tooth,N,,,,273,273,1241
43195,275229,loose tooth,N,,,,274,274,1241
43196,275229,false tooth,N,,,,275,275,1241
43197,275229,Breath Sounds:,N,Checkbox,,,298,298,402
43198,275229,COMORBIDITIES,N,,,,276,276,1241
43199,275229,Hypertension,N,,,,277,277,1241
43200,275229,Diabetes mellitus,N,,,,278,278,1241
43201,275229,Asthma,N,,,,279,279,1241
43202,275229,PUD,N,,,,280,280,1241
43203,275229,Seizures,N,,,,281,281,1241
43204,275229,Others,N,Checkbox,,,299,299,402
43205,275229,PREVIOUS SURGERY,N,,,,282,282,1241
43206,275229,ABDOMINAL,N,Checkbox,,,300,300,402
43207,275229,PREVIOUS BLOOD TRANSFUSION,N,,,,283,283,1241
43208,275229,SOCIAL HX,N,,,,284,284,1241
43209,275229,Orientation,N,Checkbox,,,301,301,402
43210,275229,employed,N,,,,285,285,1241
43211,275229,marital status,N,,,,286,286,1241
43212,275229,smoking,N,,,,287,287,1241
43213,275229,alcohol,N,,,,288,288,1241
43214,275229,children,N,,,,289,289,1241
43215,275229,recreational drugs,N,,,,290,290,1241
43216,275229,Tenderness,N,Checkbox,,,302,302,402
43217,275229,Liver,N,Checkbox,,,321,321,402
43218,275229,Spleen,N,Checkbox,,,322,322,402
43219,275229,Kidney,N,Checkbox,,,323,323,402
43220,275229,Ascites,N,Checkbox,,,324,324,402
43221,275229,Bowel Sounds,N,Checkbox,,,325,325,402
43222,275229,pr,N,Checkbox,,,326,326,402
43223,275229,Others,N,Checkbox,,,327,327,402
43224,275229,Diarrhea,N,Checkbox,,,121,121,1023
43225,275229,Yellow eyes or skin,N,Checkbox,,,122,122,1023
43226,275229,Lumps,N,Checkbox,,,128,128,1029
43227,275229,Swollen glands,N,Checkbox,,,129,129,1029
43228,275229,Pain,N,Checkbox,,,130,130,1029
43229,275229,Stiffness,N,Checkbox,,,131,131,1029
43230,275229,Muslce or joint pain,N,Checkbox,,,132,132,1028
43231,275229,Stiffness,N,Checkbox,,,133,133,1028
43232,275229,Back pain,N,Checkbox,,,134,134,1028
43233,275229,Redness of joint,N,Checkbox,,,135,135,1028
43234,275229,Swelling of joint,N,Checkbox,,,136,136,1028
43235,275229,Trauma,N,Checkbox,,,137,137,1028
43236,275229,Nervousness,N,Checkbox,,,138,138,1032
43237,275229,Stress,N,Checkbox,,,139,139,1032
43238,275229,Depression,N,Checkbox,,,140,140,1032
43239,275229,Memory loss,N,Checkbox,,,141,141,1032
43240,275229,Nose,N,Textbox,,,142,142,1031
43241,275229,Cough,N,Checkbox,,,143,143,1033
43242,275229,Sputum,N,Checkbox,,,144,144,1033
43243,275229,Couphing up blood,N,Checkbox,,,145,145,1033
43244,275229,Shortness of breath,N,Checkbox,,,146,146,1033
43245,275229,Wheezing,N,Checkbox,,,147,147,1033
43246,275229,Painfull breathing,N,Checkbox,,,148,148,1033
43247,275229,Rashes,N,Checkbox,,,149,149,1034
43248,275229,Lumps,N,Checkbox,,,150,150,1034
43249,275229,Itching,N,Checkbox,,,151,151,1034
43250,275229,Dryness,N,Checkbox,,,152,152,1034
43251,275229,Color change,N,Checkbox,,,153,153,1034
43252,275229,Hair and nails change,N,Checkbox,,,154,154,1034
43253,275229,Distress,N,Checkbox,,,181,181,401
43254,275229,Pallor,N,Checkbox,,,188,188,401
43255,275229,EYE,N,Checkbox,,,201,201,1041
43256,275229,dyspnoea,N,Checkbox,,,22,22,961
43257,275229,tachypnoea,N,Checkbox,,,23,23,961
43258,275229,tightness,N,Checkbox,,,81,81,961
43259,275229,palpitation,N,Checkbox,,,82,82,961
43260,275229,shortness of breath with activity,N,Checkbox,,,83,83,961
43261,275229,difficulty breathing lying down,N,Checkbox,,,84,84,961
43262,275229,swelling,N,Checkbox,,,85,85,961
43263,275229,awakening from slept with shortness of breath,N,Checkbox,,,86,86,961
43264,275229,Others,N,Checkbox,,,182,182,401
43265,275229,Icteric,N,Checkbox,,,183,183,401
43266,275229,Febrile,N,Checkbox,,,184,184,401
43267,275229,Cyanosis,N,Checkbox,,,185,185,401
43268,275229,Dehydration,N,Checkbox,,,186,186,401
43269,275229,physical examniation,N,Textbox,,,221,221,1061
43270,275229,Accident,N,Checkbox,,,2,2,541
43271,275229,Heat or cold intolerence,N,Checkbox,,,104,104,1024
43272,275229,Sweating,N,Checkbox,,,105,105,1024
43273,275229,Frequent urination,N,Checkbox,,,106,106,1024
43274,275229,Thirst,N,Checkbox,,,107,107,1024
43275,275229,Change in appetite,N,Checkbox,,,108,108,1024
43276,275229,Ease of bruising,N,Checkbox,,,123,123,1026
43277,275229,Ease of bleeding,N,Checkbox,,,124,124,1026
43278,275229,Headache,N,Checkbox,,,125,125,1027
43279,275229,Head injury,N,Checkbox,,,126,126,1027
43280,275229,Neck pain,N,Checkbox,,,127,127,1027
43281,275229,Calf pain with walking,N,Checkbox,,,170,170,1037
43282,275229,Leg cramping,N,Checkbox,,,171,171,1037
43283,275229,Sample,N,Checkbox,,,172,172,1001
43284,275229,Pedal Oedema,N,Checkbox,,,187,187,401
43285,275229,Pain,N,Checkbox,,,96,96,981
43286,275229,Redness,N,Checkbox,,,97,97,981
43287,275229,Blurry or double vision,N,Checkbox,,,98,98,981
43288,275229,Flashing light,N,Checkbox,,,99,99,981
43289,275229,Specks,N,Checkbox,,,100,100,981
43290,275229,Glaucoma,N,Checkbox,,,101,101,981
43291,275229,Cataracts,N,Checkbox,,,102,102,981
43292,275229,Vision loss/changes,N,Checkbox,,,103,103,981
43293,275229,Gum Disease,N,Checkbox,,,61,61,541
43294,275229,Routine Checkup,N,Checkbox,,,62,62,541
43295,275229,Oral Cancer,N,Checkbox,,,63,63,541
43296,275229,Development,N,Checkbox,,,64,64,541
43297,275229,Chest Pain,N,Checkbox,,,24,24,961
43298,275229,,N,,,,41,41,981
43299,275229,Aesthetics in Orthodontics,N,Checkbox,,,65,65,541
43300,275229,Bleeding,N,Checkbox,,,156,156,1035
43301,275229,Dentures,N,Checkbox,,,157,157,1035
43302,275229,Teeth Cleanings,N,Checkbox,,,68,68,422
43303,275229,Teeth Whitening,N,Checkbox,,,69,69,422
43304,275229,Extractions,N,Checkbox,,,70,70,422
43305,275229,Veneers,N,Checkbox,,,71,71,422
43306,275229,Fillings,N,Checkbox,,,72,72,422
43307,275229,Crowns,N,Checkbox,,,73,73,422
43308,275229,Root Canal,N,Checkbox,,,74,74,422
43309,275229,Braces/Invisalign,N,Checkbox,,,75,75,422
43310,275229,Bonding,N,Checkbox,,,76,76,422
43311,275229,Dentures,N,Checkbox,,,77,77,422
43312,275229,Disease,N,Textbox,,,78,78,501
43313,275229,Diagonasis,N,Textbox,,,79,79,501
43314,275229,Sore tongue,N,Checkbox,,,158,158,1035
43315,275229,Dry mouth,N,Checkbox,,,159,159,1035
43316,275229,Sore throat,N,Checkbox,,,160,160,1035
43317,275229,Horseness,N,Checkbox,,,161,161,1035
43318,275229,Thrush,N,Checkbox,,,162,162,1035
43319,275229,Non-healing sores,N,Checkbox,,,163,163,1035
43320,275229,Frequncy,N,Checkbox,,,164,164,1036
43321,275229,Urgency,N,Checkbox,,,165,165,1036
43322,275229,Burning or pain,N,Checkbox,,,166,166,1036
43323,275229,Blood in urine,N,Checkbox,,,167,167,1036
43324,275229,Incontinence,N,Checkbox,,,168,168,1036
43325,275229,Change in urinart strength,N,Checkbox,,,169,169,1036
43326,275229,Testing of Neonatal Care,N,Checkbox,,,241,241,1181
43327,275229,Testing of template,N,Textbox,,,242,242,1181
43328,275229,Ringing in ears,N,Checkbox,,,93,93,1022
43329,275229,Lumps,N,Checkbox,,,87,87,1021
43330,275229,Pain,N,Checkbox,,,88,88,1021
43331,275229,Discharge,N,Checkbox,,,89,89,1021
43332,275229,Self-exams,N,Checkbox,,,90,90,1021
43333,275229,Breast feeding,N,,,,91,91,1021
43334,275229,Decrease hearing,N,Checkbox,,,92,92,1022
43335,275229,Earache,N,Checkbox,,,94,94,1022
43336,275229,Drainage,N,Checkbox,,,95,95,1022
43337,275229,Weight loss or gain,N,Checkbox,,,109,109,1025
43338,275229,Fatigue,N,Checkbox,,,110,110,1025
43339,275229,Fever or chills,N,Checkbox,,,111,111,1025
43340,275229,Weakness,N,Checkbox,,,112,112,1025
43341,275229,Trouble sleeping,N,Checkbox,,,113,113,1025
43342,275229,Swallowing difficulties,N,Checkbox,,,114,114,1023
43343,275229,Heart burn,N,Checkbox,,,115,115,1023
43344,275229,Change in appetite,N,Checkbox,,,116,116,1023
43345,275229,Nausea,N,Checkbox,,,117,117,1023
43346,275229,Change bowel habit,N,Checkbox,,,118,118,1023
43347,275229,Rectal bleeding,N,Checkbox,,,119,119,1023
43348,275229,Constipation,N,Checkbox,,,120,120,1023
42833,273275,Location,N,Checkbox,,,261,261,1241
42834,273275,CARDIOVASCULAR,N,Checkbox,,,291,291,402
42835,273275,pulse rate,N,Checkbox,,,292,292,402
42836,273275,Elective,N,,,,262,262,1241
42837,273275,Emergency,N,,,,263,263,1241
42838,273275,blood pressure,N,Checkbox,,,293,293,402
42839,273275,heart sounds,N,Checkbox,,,294,294,402
42840,273275,Allergy,N,,,,264,264,1241
42841,273275,PONV,N,,,,267,267,1241
42842,273275,Apex Beat,N,Checkbox,,,295,295,402
42843,273275,PREVIOUSE ANAESTHETIC EXPOSURE,N,,,,268,268,1241
42844,273275,RESPIRATORY,N,Checkbox,,,296,296,402
42845,273275,PONV,N,Checkbox,,,269,269,1241
42846,273275,Sequelae,N,Checkbox,,,270,270,1241
42847,273275,DENTAL HX,N,,,,271,271,1241
42848,273275,Respiration Rate,N,Checkbox,,,297,297,402
42849,273275,Missing tooth,N,,,,272,272,1241
42850,273275,broken tooth,N,,,,273,273,1241
42851,273275,loose tooth,N,,,,274,274,1241
42852,273275,false tooth,N,,,,275,275,1241
42853,273275,Breath Sounds:,N,Checkbox,,,298,298,402
42854,273275,COMORBIDITIES,N,,,,276,276,1241
42855,273275,Hypertension,N,,,,277,277,1241
42856,273275,Diabetes mellitus,N,,,,278,278,1241
42857,273275,Asthma,N,,,,279,279,1241
42858,273275,PUD,N,,,,280,280,1241
42859,273275,Seizures,N,,,,281,281,1241
42860,273275,Others,N,Checkbox,,,299,299,402
42861,273275,PREVIOUS SURGERY,N,,,,282,282,1241
42862,273275,ABDOMINAL,N,Checkbox,,,300,300,402
42863,273275,PREVIOUS BLOOD TRANSFUSION,N,,,,283,283,1241
42864,273275,SOCIAL HX,N,,,,284,284,1241
42865,273275,Orientation,N,Checkbox,,,301,301,402
42866,273275,employed,N,,,,285,285,1241
42867,273275,marital status,N,,,,286,286,1241
42868,273275,smoking,N,,,,287,287,1241
42869,273275,alcohol,N,,,,288,288,1241
42870,273275,children,N,,,,289,289,1241
42871,273275,recreational drugs,N,,,,290,290,1241
42872,273275,Tenderness,N,Checkbox,,,302,302,402
42873,273275,Liver,N,Checkbox,,,321,321,402
42874,273275,Spleen,N,Checkbox,,,322,322,402
42875,273275,Kidney,N,Checkbox,,,323,323,402
42876,273275,Ascites,N,Checkbox,,,324,324,402
42877,273275,Bowel Sounds,N,Checkbox,,,325,325,402
42878,273275,pr,N,Checkbox,,,326,326,402
42879,273275,Others,N,Checkbox,,,327,327,402
42880,273275,Distress,N,Checkbox,,,181,181,401
42881,273275,Pallor,N,Checkbox,,,188,188,401
42882,273275,EYE,N,Checkbox,,,201,201,1041
42883,273275,dyspnoea,N,Checkbox,,,22,22,961
42884,273275,tachypnoea,N,Checkbox,,,23,23,961
42885,273275,tightness,N,Checkbox,,,81,81,961
42886,273275,palpitation,N,Checkbox,,,82,82,961
42887,273275,shortness of breath with activity,N,Checkbox,,,83,83,961
42888,273275,difficulty breathing lying down,N,Checkbox,,,84,84,961
42889,273275,swelling,N,Checkbox,,,85,85,961
42890,273275,awakening from slept with shortness of breath,N,Checkbox,,,86,86,961
42891,273275,Others,N,Checkbox,,,182,182,401
42892,273275,Icteric,N,Checkbox,,,183,183,401
42893,273275,Febrile,N,Checkbox,,,184,184,401
42894,273275,Cyanosis,N,Checkbox,,,185,185,401
42895,273275,Dehydration,N,Checkbox,,,186,186,401
42896,273275,physical examniation,N,Textbox,,,221,221,1061
42897,273275,Accident,N,Checkbox,,,2,2,541
42898,273275,Heat or cold intolerence,N,Checkbox,,,104,104,1024
42899,273275,Sweating,N,Checkbox,,,105,105,1024
42900,273275,Frequent urination,N,Checkbox,,,106,106,1024
42901,273275,Thirst,N,Checkbox,,,107,107,1024
42902,273275,Change in appetite,N,Checkbox,,,108,108,1024
42903,273275,Ease of bruising,N,Checkbox,,,123,123,1026
42904,273275,Ease of bleeding,N,Checkbox,,,124,124,1026
42905,273275,Headache,N,Checkbox,,,125,125,1027
42906,273275,Head injury,N,Checkbox,,,126,126,1027
42907,273275,Neck pain,N,Checkbox,,,127,127,1027
42908,273275,Calf pain with walking,N,Checkbox,,,170,170,1037
42909,273275,Leg cramping,N,Checkbox,,,171,171,1037
42910,273275,Sample,N,Checkbox,,,172,172,1001
42911,273275,Pedal Oedema,N,Checkbox,,,187,187,401
42912,273275,Pain,N,Checkbox,,,96,96,981
42913,273275,Redness,N,Checkbox,,,97,97,981
42914,273275,Blurry or double vision,N,Checkbox,,,98,98,981
42915,273275,Flashing light,N,Checkbox,,,99,99,981
42916,273275,Specks,N,Checkbox,,,100,100,981
42917,273275,Glaucoma,N,Checkbox,,,101,101,981
42918,273275,Cataracts,N,Checkbox,,,102,102,981
42919,273275,Vision loss/changes,N,Checkbox,,,103,103,981
42920,273275,Gum Disease,N,Checkbox,,,61,61,541
42921,273275,Routine Checkup,N,Checkbox,,,62,62,541
42922,273275,Oral Cancer,N,Checkbox,,,63,63,541
42923,273275,Development,N,Checkbox,,,64,64,541
42924,273275,Chest Pain,N,Checkbox,,,24,24,961
42925,273275,,N,,,,41,41,981
42926,273275,Aesthetics in Orthodontics,N,Checkbox,,,65,65,541
42927,273275,Bleeding,N,Checkbox,,,156,156,1035
42928,273275,Dentures,N,Checkbox,,,157,157,1035
42929,273275,Teeth Cleanings,N,Checkbox,,,68,68,422
42930,273275,Teeth Whitening,N,Checkbox,,,69,69,422
42931,273275,Extractions,N,Checkbox,,,70,70,422
42932,273275,Veneers,N,Checkbox,,,71,71,422
42933,273275,Fillings,N,Checkbox,,,72,72,422
42934,273275,Crowns,N,Checkbox,,,73,73,422
42935,273275,Root Canal,N,Checkbox,,,74,74,422
42936,273275,Braces/Invisalign,N,Checkbox,,,75,75,422
42937,273275,Bonding,N,Checkbox,,,76,76,422
42938,273275,Dentures,N,Checkbox,,,77,77,422
42939,273275,Disease,N,Textbox,,,78,78,501
42940,273275,Diagonasis,N,Textbox,,,79,79,501
42941,273275,Sore tongue,N,Checkbox,,,158,158,1035
42942,273275,Dry mouth,N,Checkbox,,,159,159,1035
42943,273275,Sore throat,N,Checkbox,,,160,160,1035
42944,273275,Horseness,N,Checkbox,,,161,161,1035
42945,273275,Thrush,N,Checkbox,,,162,162,1035
42946,273275,Non-healing sores,N,Checkbox,,,163,163,1035
42947,273275,Frequncy,N,Checkbox,,,164,164,1036
42948,273275,Urgency,N,Checkbox,,,165,165,1036
42949,273275,Burning or pain,N,Checkbox,,,166,166,1036
42950,273275,Blood in urine,N,Checkbox,,,167,167,1036
42951,273275,Incontinence,N,Checkbox,,,168,168,1036
42952,273275,Change in urinart strength,N,Checkbox,,,169,169,1036
42953,273275,Testing of Neonatal Care,N,Checkbox,,,241,241,1181
42954,273275,Testing of template,N,Textbox,,,242,242,1181
42955,273275,Ringing in ears,N,Checkbox,,,93,93,1022
42956,273275,Lumps,N,Checkbox,,,87,87,1021
42957,273275,Pain,N,Checkbox,,,88,88,1021
42958,273275,Discharge,N,Checkbox,,,89,89,1021
42959,273275,Self-exams,N,Checkbox,,,90,90,1021
42960,273275,Breast feeding,N,,,,91,91,1021
42961,273275,Decrease hearing,N,Checkbox,,,92,92,1022
42962,273275,Earache,N,Checkbox,,,94,94,1022
42963,273275,Drainage,N,Checkbox,,,95,95,1022
42964,273275,Weight loss or gain,N,Checkbox,,,109,109,1025
42965,273275,Fatigue,N,Checkbox,,,110,110,1025
42966,273275,Fever or chills,N,Checkbox,,,111,111,1025
42967,273275,Weakness,N,Checkbox,,,112,112,1025
42968,273275,Trouble sleeping,N,Checkbox,,,113,113,1025
42969,273275,Swallowing difficulties,N,Checkbox,,,114,114,1023
42970,273275,Heart burn,N,Checkbox,,,115,115,1023
42971,273275,Change in appetite,N,Checkbox,,,116,116,1023
42972,273275,Nausea,N,Checkbox,,,117,117,1023
42973,273275,Change bowel habit,N,Checkbox,,,118,118,1023
42974,273275,Rectal bleeding,N,Checkbox,,,119,119,1023
42975,273275,Constipation,N,Checkbox,,,120,120,1023
42976,273275,Diarrhea,N,Checkbox,,,121,121,1023
42977,273275,Yellow eyes or skin,N,Checkbox,,,122,122,1023
42978,273275,Lumps,N,Checkbox,,,128,128,1029
42979,273275,Swollen glands,N,Checkbox,,,129,129,1029
42980,273275,Pain,N,Checkbox,,,130,130,1029
42981,273275,Stiffness,N,Checkbox,,,131,131,1029
42982,273275,Muslce or joint pain,N,Checkbox,,,132,132,1028
42983,273275,Stiffness,N,Checkbox,,,133,133,1028
42984,273275,Back pain,N,Checkbox,,,134,134,1028
42985,273275,Redness of joint,N,Checkbox,,,135,135,1028
42986,273275,Swelling of joint,N,Checkbox,,,136,136,1028
42987,273275,Trauma,N,Checkbox,,,137,137,1028
42988,273275,Nervousness,N,Checkbox,,,138,138,1032
42989,273275,Stress,N,Checkbox,,,139,139,1032
42990,273275,Depression,N,Checkbox,,,140,140,1032
42991,273275,Memory loss,N,Checkbox,,,141,141,1032
42992,273275,Nose,N,Textbox,,,142,142,1031
42993,273275,Cough,N,Checkbox,,,143,143,1033
42994,273275,Sputum,N,Checkbox,,,144,144,1033
42995,273275,Couphing up blood,N,Checkbox,,,145,145,1033
42996,273275,Shortness of breath,N,Checkbox,,,146,146,1033
42997,273275,Wheezing,N,Checkbox,,,147,147,1033
42998,273275,Painfull breathing,N,Checkbox,,,148,148,1033
42999,273275,Rashes,N,Checkbox,,,149,149,1034
43000,273275,Lumps,N,Checkbox,,,150,150,1034
43001,273275,Itching,N,Checkbox,,,151,151,1034
43002,273275,Dryness,N,Checkbox,,,152,152,1034
43003,273275,Color change,N,Checkbox,,,153,153,1034
43004,273275,Hair and nails change,N,Checkbox,,,154,154,1034
44037,282711,Location,N,Checkbox,,,261,261,1241
44038,282711,CARDIOVASCULAR,N,Checkbox,,,291,291,402
44039,282711,pulse rate,N,Checkbox,,,292,292,402
44040,282711,Elective,N,,,,262,262,1241
44041,282711,Emergency,N,,,,263,263,1241
44042,282711,blood pressure,N,Checkbox,,,293,293,402
44043,282711,heart sounds,N,Checkbox,,,294,294,402
44044,282711,Allergy,N,,,,264,264,1241
44045,282711,PONV,N,,,,267,267,1241
44046,282711,Apex Beat,N,Checkbox,,,295,295,402
44047,282711,PREVIOUSE ANAESTHETIC EXPOSURE,N,,,,268,268,1241
44048,282711,RESPIRATORY,N,Checkbox,,,296,296,402
44049,282711,PONV,N,Checkbox,,,269,269,1241
44050,282711,Sequelae,N,Checkbox,,,270,270,1241
44051,282711,DENTAL HX,N,,,,271,271,1241
44052,282711,Respiration Rate,N,Checkbox,,,297,297,402
44053,282711,Missing tooth,N,,,,272,272,1241
44054,282711,broken tooth,N,,,,273,273,1241
44055,282711,loose tooth,N,,,,274,274,1241
44056,282711,false tooth,N,,,,275,275,1241
44057,282711,Breath Sounds:,N,Checkbox,,,298,298,402
44058,282711,COMORBIDITIES,N,,,,276,276,1241
44059,282711,Hypertension,N,,,,277,277,1241
44060,282711,Diabetes mellitus,N,,,,278,278,1241
44061,282711,Asthma,N,,,,279,279,1241
44062,282711,PUD,N,,,,280,280,1241
44063,282711,Seizures,N,,,,281,281,1241
44064,282711,Others,N,Checkbox,,,299,299,402
44065,282711,PREVIOUS SURGERY,N,,,,282,282,1241
44066,282711,ABDOMINAL,N,Checkbox,,,300,300,402
44067,282711,PREVIOUS BLOOD TRANSFUSION,N,,,,283,283,1241
44068,282711,SOCIAL HX,N,,,,284,284,1241
44069,282711,Orientation,N,Checkbox,,,301,301,402
44070,282711,employed,N,,,,285,285,1241
44071,282711,marital status,N,,,,286,286,1241
44072,282711,smoking,N,,,,287,287,1241
44073,282711,alcohol,N,,,,288,288,1241
44074,282711,children,N,,,,289,289,1241
44075,282711,recreational drugs,N,,,,290,290,1241
44076,282711,Tenderness,N,Checkbox,,,302,302,402
44077,282711,Liver,N,Checkbox,,,321,321,402
44078,282711,Spleen,N,Checkbox,,,322,322,402
44079,282711,Kidney,N,Checkbox,,,323,323,402
44080,282711,Ascites,N,Checkbox,,,324,324,402
44081,282711,Bowel Sounds,N,Checkbox,,,325,325,402
44082,282711,pr,N,Checkbox,,,326,326,402
44083,282711,Others,N,Checkbox,,,327,327,402
44084,282711,Distress,N,Checkbox,,,181,181,401
44085,282711,Pallor,N,Checkbox,,,188,188,401
44086,282711,EYE,N,Checkbox,,,201,201,1041
44087,282711,dyspnoea,N,Checkbox,,,22,22,961
44088,282711,tachypnoea,N,Checkbox,,,23,23,961
44089,282711,tightness,N,Checkbox,,,81,81,961
44090,282711,palpitation,N,Checkbox,,,82,82,961
44091,282711,shortness of breath with activity,N,Checkbox,,,83,83,961
44092,282711,difficulty breathing lying down,N,Checkbox,,,84,84,961
44093,282711,swelling,N,Checkbox,,,85,85,961
44094,282711,awakening from slept with shortness of breath,N,Checkbox,,,86,86,961
44095,282711,Others,N,Checkbox,,,182,182,401
44096,282711,Icteric,N,Checkbox,,,183,183,401
44097,282711,Febrile,N,Checkbox,,,184,184,401
44098,282711,Cyanosis,N,Checkbox,,,185,185,401
44099,282711,Dehydration,N,Checkbox,,,186,186,401
44100,282711,physical examniation,N,Textbox,,,221,221,1061
44101,282711,Accident,N,Checkbox,,,2,2,541
44102,282711,Heat or cold intolerence,N,Checkbox,,,104,104,1024
44103,282711,Sweating,N,Checkbox,,,105,105,1024
44104,282711,Frequent urination,N,Checkbox,,,106,106,1024
44105,282711,Thirst,N,Checkbox,,,107,107,1024
44106,282711,Change in appetite,N,Checkbox,,,108,108,1024
44107,282711,Ease of bruising,N,Checkbox,,,123,123,1026
44108,282711,Ease of bleeding,N,Checkbox,,,124,124,1026
44109,282711,Headache,N,Checkbox,,,125,125,1027
44110,282711,Head injury,N,Checkbox,,,126,126,1027
44111,282711,Neck pain,N,Checkbox,,,127,127,1027
44112,282711,Calf pain with walking,N,Checkbox,,,170,170,1037
44113,282711,Leg cramping,N,Checkbox,,,171,171,1037
44114,282711,Sample,N,Checkbox,,,172,172,1001
44115,282711,Pedal Oedema,N,Checkbox,,,187,187,401
44116,282711,Pain,N,Checkbox,,,96,96,981
44117,282711,Redness,N,Checkbox,,,97,97,981
44118,282711,Blurry or double vision,N,Checkbox,,,98,98,981
44119,282711,Flashing light,N,Checkbox,,,99,99,981
44120,282711,Specks,N,Checkbox,,,100,100,981
44121,282711,Glaucoma,N,Checkbox,,,101,101,981
44122,282711,Cataracts,N,Checkbox,,,102,102,981
44123,282711,Vision loss/changes,N,Checkbox,,,103,103,981
44124,282711,Gum Disease,N,Checkbox,,,61,61,541
44125,282711,Routine Checkup,N,Checkbox,,,62,62,541
44126,282711,Oral Cancer,N,Checkbox,,,63,63,541
44127,282711,Development,N,Checkbox,,,64,64,541
44128,282711,Chest Pain,N,Checkbox,,,24,24,961
44129,282711,,N,,,,41,41,981
44130,282711,Aesthetics in Orthodontics,N,Checkbox,,,65,65,541
44131,282711,Bleeding,N,Checkbox,,,156,156,1035
44132,282711,Dentures,N,Checkbox,,,157,157,1035
44133,282711,Teeth Cleanings,N,Checkbox,,,68,68,422
44134,282711,Teeth Whitening,N,Checkbox,,,69,69,422
44135,282711,Extractions,N,Checkbox,,,70,70,422
44136,282711,Veneers,N,Checkbox,,,71,71,422
44137,282711,Fillings,N,Checkbox,,,72,72,422
44138,282711,Crowns,N,Checkbox,,,73,73,422
44139,282711,Root Canal,N,Checkbox,,,74,74,422
44140,282711,Braces/Invisalign,N,Checkbox,,,75,75,422
44141,282711,Bonding,N,Checkbox,,,76,76,422
44142,282711,Dentures,N,Checkbox,,,77,77,422
44143,282711,Disease,N,Textbox,,,78,78,501
44144,282711,Diagonasis,N,Textbox,,,79,79,501
44145,282711,Sore tongue,N,Checkbox,,,158,158,1035
44146,282711,Dry mouth,N,Checkbox,,,159,159,1035
44147,282711,Sore throat,N,Checkbox,,,160,160,1035
44148,282711,Horseness,N,Checkbox,,,161,161,1035
44149,282711,Thrush,N,Checkbox,,,162,162,1035
44150,282711,Non-healing sores,N,Checkbox,,,163,163,1035
44151,282711,Frequncy,N,Checkbox,,,164,164,1036
44152,282711,Urgency,N,Checkbox,,,165,165,1036
44153,282711,Burning or pain,N,Checkbox,,,166,166,1036
44154,282711,Blood in urine,N,Checkbox,,,167,167,1036
44155,282711,Incontinence,N,Checkbox,,,168,168,1036
44156,282711,Change in urinart strength,N,Checkbox,,,169,169,1036
44157,282711,Testing of Neonatal Care,N,Checkbox,,,241,241,1181
44158,282711,Testing of template,N,Textbox,,,242,242,1181
44159,282711,Ringing in ears,N,Checkbox,,,93,93,1022
44160,282711,Lumps,N,Checkbox,,,87,87,1021
44161,282711,Pain,N,Checkbox,,,88,88,1021
44162,282711,Discharge,N,Checkbox,,,89,89,1021
44163,282711,Self-exams,N,Checkbox,,,90,90,1021
44164,282711,Breast feeding,N,,,,91,91,1021
44165,282711,Decrease hearing,N,Checkbox,,,92,92,1022
44166,282711,Earache,N,Checkbox,,,94,94,1022
44167,282711,Drainage,N,Checkbox,,,95,95,1022
44168,282711,Weight loss or gain,N,Checkbox,,,109,109,1025
44169,282711,Fatigue,N,Checkbox,,,110,110,1025
44170,282711,Fever or chills,N,Checkbox,,,111,111,1025
44171,282711,Weakness,N,Checkbox,,,112,112,1025
44172,282711,Trouble sleeping,N,Checkbox,,,113,113,1025
44173,282711,Swallowing difficulties,N,Checkbox,,,114,114,1023
44174,282711,Heart burn,N,Checkbox,,,115,115,1023
44175,282711,Change in appetite,N,Checkbox,,,116,116,1023
44176,282711,Nausea,N,Checkbox,,,117,117,1023
44177,282711,Change bowel habit,N,Checkbox,,,118,118,1023
44178,282711,Rectal bleeding,N,Checkbox,,,119,119,1023
44179,282711,Constipation,N,Checkbox,,,120,120,1023
44180,282711,Diarrhea,N,Checkbox,,,121,121,1023
44181,282711,Yellow eyes or skin,N,Checkbox,,,122,122,1023
44182,282711,Lumps,N,Checkbox,,,128,128,1029
44183,282711,Swollen glands,N,Checkbox,,,129,129,1029
44184,282711,Pain,N,Checkbox,,,130,130,1029
44185,282711,Stiffness,N,Checkbox,,,131,131,1029
44186,282711,Muslce or joint pain,N,Checkbox,,,132,132,1028
44187,282711,Stiffness,N,Checkbox,,,133,133,1028
44188,282711,Back pain,N,Checkbox,,,134,134,1028
44189,282711,Redness of joint,N,Checkbox,,,135,135,1028
44190,282711,Swelling of joint,N,Checkbox,,,136,136,1028
44191,282711,Trauma,N,Checkbox,,,137,137,1028
44192,282711,Nervousness,N,Checkbox,,,138,138,1032
44193,282711,Stress,N,Checkbox,,,139,139,1032
44194,282711,Depression,N,Checkbox,,,140,140,1032
44195,282711,Memory loss,N,Checkbox,,,141,141,1032
44196,282711,Nose,N,Textbox,,,142,142,1031
44197,282711,Cough,N,Checkbox,,,143,143,1033
44198,282711,Sputum,N,Checkbox,,,144,144,1033
44199,282711,Couphing up blood,N,Checkbox,,,145,145,1033
44200,282711,Shortness of breath,N,Checkbox,,,146,146,1033
44201,282711,Wheezing,N,Checkbox,,,147,147,1033
44202,282711,Painfull breathing,N,Checkbox,,,148,148,1033
44203,282711,Rashes,N,Checkbox,,,149,149,1034
44204,282711,Lumps,N,Checkbox,,,150,150,1034
44205,282711,Itching,N,Checkbox,,,151,151,1034
44206,282711,Dryness,N,Checkbox,,,152,152,1034
44207,282711,Color change,N,Checkbox,,,153,153,1034
44208,282711,Hair and nails change,N,Checkbox,,,154,154,1034
43693,280574,Location,N,Checkbox,,,261,261,1241
43694,280574,CARDIOVASCULAR,N,Checkbox,,,291,291,402
43695,280574,pulse rate,N,Checkbox,,,292,292,402
43696,280574,Elective,N,,,,262,262,1241
43697,280574,Emergency,N,,,,263,263,1241
43698,280574,blood pressure,N,Checkbox,,,293,293,402
43699,280574,heart sounds,N,Checkbox,,,294,294,402
43700,280574,Allergy,N,,,,264,264,1241
43701,280574,PONV,N,,,,267,267,1241
43702,280574,Apex Beat,N,Checkbox,,,295,295,402
43703,280574,PREVIOUSE ANAESTHETIC EXPOSURE,N,,,,268,268,1241
43704,280574,RESPIRATORY,N,Checkbox,,,296,296,402
43705,280574,PONV,N,Checkbox,,,269,269,1241
43706,280574,Sequelae,N,Checkbox,,,270,270,1241
43707,280574,DENTAL HX,N,,,,271,271,1241
43708,280574,Respiration Rate,N,Checkbox,,,297,297,402
43709,280574,Missing tooth,N,,,,272,272,1241
43710,280574,broken tooth,N,,,,273,273,1241
43711,280574,loose tooth,N,,,,274,274,1241
43712,280574,false tooth,N,,,,275,275,1241
43713,280574,Breath Sounds:,N,Checkbox,,,298,298,402
43714,280574,COMORBIDITIES,N,,,,276,276,1241
43715,280574,Hypertension,N,,,,277,277,1241
43716,280574,Diabetes mellitus,N,,,,278,278,1241
43717,280574,Asthma,N,,,,279,279,1241
43718,280574,PUD,N,,,,280,280,1241
43719,280574,Seizures,N,,,,281,281,1241
43720,280574,Others,N,Checkbox,,,299,299,402
43721,280574,PREVIOUS SURGERY,N,,,,282,282,1241
43722,280574,ABDOMINAL,N,Checkbox,,,300,300,402
43723,280574,PREVIOUS BLOOD TRANSFUSION,N,,,,283,283,1241
43724,280574,SOCIAL HX,N,,,,284,284,1241
43725,280574,Orientation,N,Checkbox,,,301,301,402
43726,280574,employed,N,,,,285,285,1241
43727,280574,marital status,N,,,,286,286,1241
43728,280574,smoking,N,,,,287,287,1241
43729,280574,alcohol,N,,,,288,288,1241
43730,280574,children,N,,,,289,289,1241
43731,280574,recreational drugs,N,,,,290,290,1241
43732,280574,Tenderness,N,Checkbox,,,302,302,402
43733,280574,Liver,N,Checkbox,,,321,321,402
43734,280574,Spleen,N,Checkbox,,,322,322,402
43735,280574,Kidney,N,Checkbox,,,323,323,402
43736,280574,Ascites,N,Checkbox,,,324,324,402
43737,280574,Bowel Sounds,N,Checkbox,,,325,325,402
43738,280574,pr,N,Checkbox,,,326,326,402
43739,280574,Others,N,Checkbox,,,327,327,402
43740,280574,Distress,N,Checkbox,,,181,181,401
43741,280574,Pallor,N,Checkbox,,,188,188,401
43742,280574,EYE,N,Checkbox,,,201,201,1041
43743,280574,dyspnoea,N,Checkbox,,,22,22,961
43744,280574,tachypnoea,N,Checkbox,,,23,23,961
43745,280574,tightness,N,Checkbox,,,81,81,961
43746,280574,palpitation,N,Checkbox,,,82,82,961
43747,280574,shortness of breath with activity,N,Checkbox,,,83,83,961
43748,280574,difficulty breathing lying down,N,Checkbox,,,84,84,961
43749,280574,swelling,N,Checkbox,,,85,85,961
43750,280574,awakening from slept with shortness of breath,N,Checkbox,,,86,86,961
43751,280574,Others,N,Checkbox,,,182,182,401
43752,280574,Icteric,N,Checkbox,,,183,183,401
43753,280574,Febrile,N,Checkbox,,,184,184,401
43754,280574,Cyanosis,N,Checkbox,,,185,185,401
43755,280574,Dehydration,N,Checkbox,,,186,186,401
43756,280574,physical examniation,N,Textbox,,,221,221,1061
43757,280574,Accident,N,Checkbox,,,2,2,541
43758,280574,Heat or cold intolerence,N,Checkbox,,,104,104,1024
43759,280574,Sweating,N,Checkbox,,,105,105,1024
43760,280574,Frequent urination,N,Checkbox,,,106,106,1024
43761,280574,Thirst,N,Checkbox,,,107,107,1024
43762,280574,Change in appetite,N,Checkbox,,,108,108,1024
43763,280574,Ease of bruising,N,Checkbox,,,123,123,1026
43764,280574,Ease of bleeding,N,Checkbox,,,124,124,1026
43765,280574,Headache,N,Checkbox,,,125,125,1027
43766,280574,Head injury,N,Checkbox,,,126,126,1027
43767,280574,Neck pain,N,Checkbox,,,127,127,1027
43768,280574,Calf pain with walking,N,Checkbox,,,170,170,1037
43769,280574,Leg cramping,N,Checkbox,,,171,171,1037
43770,280574,Sample,N,Checkbox,,,172,172,1001
43771,280574,Pedal Oedema,N,Checkbox,,,187,187,401
43772,280574,Pain,N,Checkbox,,,96,96,981
43773,280574,Redness,N,Checkbox,,,97,97,981
43774,280574,Blurry or double vision,N,Checkbox,,,98,98,981
43775,280574,Flashing light,N,Checkbox,,,99,99,981
43776,280574,Specks,N,Checkbox,,,100,100,981
43777,280574,Glaucoma,N,Checkbox,,,101,101,981
43778,280574,Cataracts,N,Checkbox,,,102,102,981
43779,280574,Vision loss/changes,N,Checkbox,,,103,103,981
43780,280574,Gum Disease,N,Checkbox,,,61,61,541
43781,280574,Routine Checkup,N,Checkbox,,,62,62,541
43782,280574,Oral Cancer,N,Checkbox,,,63,63,541
43783,280574,Development,N,Checkbox,,,64,64,541
43784,280574,Chest Pain,N,Checkbox,,,24,24,961
43785,280574,,N,,,,41,41,981
43786,280574,Aesthetics in Orthodontics,N,Checkbox,,,65,65,541
43787,280574,Bleeding,N,Checkbox,,,156,156,1035
43788,280574,Dentures,N,Checkbox,,,157,157,1035
43789,280574,Teeth Cleanings,N,Checkbox,,,68,68,422
43790,280574,Teeth Whitening,N,Checkbox,,,69,69,422
43791,280574,Extractions,N,Checkbox,,,70,70,422
43792,280574,Veneers,N,Checkbox,,,71,71,422
43793,280574,Fillings,N,Checkbox,,,72,72,422
43794,280574,Crowns,N,Checkbox,,,73,73,422
43795,280574,Root Canal,N,Checkbox,,,74,74,422
43796,280574,Braces/Invisalign,N,Checkbox,,,75,75,422
43797,280574,Bonding,N,Checkbox,,,76,76,422
43798,280574,Dentures,N,Checkbox,,,77,77,422
43799,280574,Disease,N,Textbox,,,78,78,501
43800,280574,Diagonasis,N,Textbox,,,79,79,501
43801,280574,Sore tongue,N,Checkbox,,,158,158,1035
43802,280574,Dry mouth,N,Checkbox,,,159,159,1035
43803,280574,Sore throat,N,Checkbox,,,160,160,1035
43804,280574,Horseness,N,Checkbox,,,161,161,1035
43805,280574,Thrush,N,Checkbox,,,162,162,1035
43806,280574,Non-healing sores,N,Checkbox,,,163,163,1035
43807,280574,Frequncy,N,Checkbox,,,164,164,1036
43808,280574,Urgency,N,Checkbox,,,165,165,1036
43809,280574,Burning or pain,N,Checkbox,,,166,166,1036
43810,280574,Blood in urine,N,Checkbox,,,167,167,1036
43811,280574,Incontinence,N,Checkbox,,,168,168,1036
43812,280574,Change in urinart strength,N,Checkbox,,,169,169,1036
43813,280574,Testing of Neonatal Care,N,Checkbox,,,241,241,1181
43814,280574,Testing of template,N,Textbox,,,242,242,1181
43815,280574,Ringing in ears,N,Checkbox,,,93,93,1022
43816,280574,Lumps,N,Checkbox,,,87,87,1021
43817,280574,Pain,N,Checkbox,,,88,88,1021
43818,280574,Discharge,N,Checkbox,,,89,89,1021
43819,280574,Self-exams,N,Checkbox,,,90,90,1021
43820,280574,Breast feeding,N,,,,91,91,1021
43821,280574,Decrease hearing,N,Checkbox,,,92,92,1022
43822,280574,Earache,N,Checkbox,,,94,94,1022
43823,280574,Drainage,N,Checkbox,,,95,95,1022
43824,280574,Weight loss or gain,N,Checkbox,,,109,109,1025
43825,280574,Fatigue,N,Checkbox,,,110,110,1025
43826,280574,Fever or chills,N,Checkbox,,,111,111,1025
43827,280574,Weakness,N,Checkbox,,,112,112,1025
43828,280574,Trouble sleeping,N,Checkbox,,,113,113,1025
43829,280574,Swallowing difficulties,N,Checkbox,,,114,114,1023
43830,280574,Heart burn,N,Checkbox,,,115,115,1023
43831,280574,Change in appetite,N,Checkbox,,,116,116,1023
43832,280574,Nausea,N,Checkbox,,,117,117,1023
43833,280574,Change bowel habit,N,Checkbox,,,118,118,1023
43834,280574,Rectal bleeding,N,Checkbox,,,119,119,1023
43835,280574,Constipation,N,Checkbox,,,120,120,1023
45585,337034,Location,N,Checkbox,,,261,261,1241
45586,337034,CARDIOVASCULAR,N,Checkbox,,,291,291,402
45587,337034,pulse rate,N,Checkbox,,,292,292,402
45588,337034,Elective,N,,,,262,262,1241
45589,337034,Emergency,N,,,,263,263,1241
45590,337034,blood pressure,N,Checkbox,,,293,293,402
45591,337034,heart sounds,N,Checkbox,,,294,294,402
45592,337034,Allergy,N,,,,264,264,1241
45593,337034,PONV,N,,,,267,267,1241
45594,337034,Apex Beat,N,Checkbox,,,295,295,402
45595,337034,PREVIOUSE ANAESTHETIC EXPOSURE,N,,,,268,268,1241
45596,337034,RESPIRATORY,N,Checkbox,,,296,296,402
45597,337034,PONV,N,Checkbox,,,269,269,1241
45598,337034,Sequelae,N,Checkbox,,,270,270,1241
45599,337034,DENTAL HX,N,,,,271,271,1241
45600,337034,Respiration Rate,N,Checkbox,,,297,297,402
45601,337034,Missing tooth,N,,,,272,272,1241
45602,337034,broken tooth,N,,,,273,273,1241
45603,337034,loose tooth,N,,,,274,274,1241
45604,337034,false tooth,N,,,,275,275,1241
45605,337034,Breath Sounds:,N,Checkbox,,,298,298,402
45606,337034,COMORBIDITIES,N,,,,276,276,1241
45607,337034,Hypertension,N,,,,277,277,1241
45608,337034,Diabetes mellitus,N,,,,278,278,1241
45609,337034,Asthma,N,,,,279,279,1241
45610,337034,PUD,N,,,,280,280,1241
45611,337034,Seizures,N,,,,281,281,1241
45612,337034,Others,N,Checkbox,,,299,299,402
45613,337034,PREVIOUS SURGERY,N,,,,282,282,1241
45614,337034,ABDOMINAL,N,Checkbox,,,300,300,402
45615,337034,PREVIOUS BLOOD TRANSFUSION,N,,,,283,283,1241
45616,337034,SOCIAL HX,N,,,,284,284,1241
45617,337034,Orientation,N,Checkbox,,,301,301,402
45618,337034,employed,N,,,,285,285,1241
45619,337034,marital status,N,,,,286,286,1241
45620,337034,smoking,N,,,,287,287,1241
45621,337034,alcohol,N,,,,288,288,1241
45622,337034,children,N,,,,289,289,1241
45623,337034,recreational drugs,N,,,,290,290,1241
45624,337034,Tenderness,N,Checkbox,,,302,302,402
45625,337034,Liver,N,Checkbox,,,321,321,402
45626,337034,Spleen,N,Checkbox,,,322,322,402
45627,337034,Kidney,N,Checkbox,,,323,323,402
45628,337034,Ascites,N,Checkbox,,,324,324,402
45629,337034,Bowel Sounds,N,Checkbox,,,325,325,402
45630,337034,pr,N,Checkbox,,,326,326,402
45631,337034,Others,N,Checkbox,,,327,327,402
45632,337034,Distress,N,Checkbox,,,181,181,401
45633,337034,Pallor,N,Checkbox,,,188,188,401
45634,337034,EYE,N,Checkbox,,,201,201,1041
45635,337034,dyspnoea,N,Checkbox,,,22,22,961
45636,337034,tachypnoea,N,Checkbox,,,23,23,961
45637,337034,tightness,N,Checkbox,,,81,81,961
45638,337034,palpitation,N,Checkbox,,,82,82,961
45639,337034,shortness of breath with activity,N,Checkbox,,,83,83,961
45640,337034,difficulty breathing lying down,N,Checkbox,,,84,84,961
45641,337034,swelling,N,Checkbox,,,85,85,961
45642,337034,awakening from slept with shortness of breath,N,Checkbox,,,86,86,961
45643,337034,Others,N,Checkbox,,,182,182,401
45644,337034,Icteric,N,Checkbox,,,183,183,401
45645,337034,Febrile,N,Checkbox,,,184,184,401
45646,337034,Cyanosis,N,Checkbox,,,185,185,401
45647,337034,Dehydration,N,Checkbox,,,186,186,401
45648,337034,physical examniation,N,Textbox,,,221,221,1061
45649,337034,Accident,N,Checkbox,,,2,2,541
45650,337034,Heat or cold intolerence,N,Checkbox,,,104,104,1024
45651,337034,Sweating,N,Checkbox,,,105,105,1024
45652,337034,Frequent urination,N,Checkbox,,,106,106,1024
45653,337034,Thirst,N,Checkbox,,,107,107,1024
45654,337034,Change in appetite,N,Checkbox,,,108,108,1024
45655,337034,Ease of bruising,N,Checkbox,,,123,123,1026
45656,337034,Ease of bleeding,N,Checkbox,,,124,124,1026
45657,337034,Headache,N,Checkbox,,,125,125,1027
45658,337034,Head injury,N,Checkbox,,,126,126,1027
45659,337034,Neck pain,N,Checkbox,,,127,127,1027
45660,337034,Calf pain with walking,N,Checkbox,,,170,170,1037
45661,337034,Leg cramping,N,Checkbox,,,171,171,1037
45662,337034,Sample,N,Checkbox,,,172,172,1001
45663,337034,Pedal Oedema,N,Checkbox,,,187,187,401
45664,337034,Pain,N,Checkbox,,,96,96,981
45665,337034,Redness,N,Checkbox,,,97,97,981
45666,337034,Blurry or double vision,N,Checkbox,,,98,98,981
45667,337034,Flashing light,N,Checkbox,,,99,99,981
45668,337034,Specks,N,Checkbox,,,100,100,981
45669,337034,Glaucoma,N,Checkbox,,,101,101,981
45670,337034,Cataracts,N,Checkbox,,,102,102,981
45671,337034,Vision loss/changes,N,Checkbox,,,103,103,981
45672,337034,Gum Disease,N,Checkbox,,,61,61,541
45673,337034,Routine Checkup,N,Checkbox,,,62,62,541
45674,337034,Oral Cancer,N,Checkbox,,,63,63,541
45675,337034,Development,N,Checkbox,,,64,64,541
45676,337034,Chest Pain,N,Checkbox,,,24,24,961
45677,337034,,N,,,,41,41,981
45678,337034,Aesthetics in Orthodontics,N,Checkbox,,,65,65,541
45679,337034,Bleeding,N,Checkbox,,,156,156,1035
45680,337034,Dentures,N,Checkbox,,,157,157,1035
45681,337034,Teeth Cleanings,N,Checkbox,,,68,68,422
45682,337034,Teeth Whitening,N,Checkbox,,,69,69,422
45683,337034,Extractions,N,Checkbox,,,70,70,422
45684,337034,Veneers,N,Checkbox,,,71,71,422
45685,337034,Fillings,N,Checkbox,,,72,72,422
45686,337034,Crowns,N,Checkbox,,,73,73,422
45687,337034,Root Canal,N,Checkbox,,,74,74,422
45688,337034,Braces/Invisalign,N,Checkbox,,,75,75,422
45689,337034,Bonding,N,Checkbox,,,76,76,422
45690,337034,Dentures,N,Checkbox,,,77,77,422
45691,337034,Disease,N,Textbox,,,78,78,501
45692,337034,Diagonasis,N,Textbox,,,79,79,501
45693,337034,Sore tongue,N,Checkbox,,,158,158,1035
45694,337034,Dry mouth,N,Checkbox,,,159,159,1035
45695,337034,Sore throat,N,Checkbox,,,160,160,1035
45696,337034,Horseness,N,Checkbox,,,161,161,1035
45697,337034,Thrush,N,Checkbox,,,162,162,1035
45698,337034,Non-healing sores,N,Checkbox,,,163,163,1035
45699,337034,Frequncy,N,Checkbox,,,164,164,1036
45700,337034,Urgency,N,Checkbox,,,165,165,1036
45701,337034,Burning or pain,N,Checkbox,,,166,166,1036
45702,337034,Blood in urine,N,Checkbox,,,167,167,1036
45703,337034,Incontinence,N,Checkbox,,,168,168,1036
45704,337034,Change in urinart strength,N,Checkbox,,,169,169,1036
45705,337034,Testing of Neonatal Care,N,Checkbox,,,241,241,1181
45706,337034,Testing of template,N,Textbox,,,242,242,1181
45707,337034,Ringing in ears,N,Checkbox,,,93,93,1022
45708,337034,Lumps,N,Checkbox,,,87,87,1021
45709,337034,Pain,N,Checkbox,,,88,88,1021
45710,337034,Discharge,N,Checkbox,,,89,89,1021
45711,337034,Self-exams,N,Checkbox,,,90,90,1021
45712,337034,Breast feeding,N,,,,91,91,1021
45713,337034,Decrease hearing,N,Checkbox,,,92,92,1022
45714,337034,Earache,N,Checkbox,,,94,94,1022
45715,337034,Drainage,N,Checkbox,,,95,95,1022
45716,337034,Weight loss or gain,N,Checkbox,,,109,109,1025
45717,337034,Fatigue,N,Checkbox,,,110,110,1025
45718,337034,Fever or chills,N,Checkbox,,,111,111,1025
45719,337034,Weakness,N,Checkbox,,,112,112,1025
45720,337034,Trouble sleeping,N,Checkbox,,,113,113,1025
45721,337034,Swallowing difficulties,N,Checkbox,,,114,114,1023
45722,337034,Heart burn,N,Checkbox,,,115,115,1023
45723,337034,Change in appetite,N,Checkbox,,,116,116,1023
45724,337034,Nausea,N,Checkbox,,,117,117,1023
45725,337034,Change bowel habit,N,Checkbox,,,118,118,1023
45726,337034,Rectal bleeding,N,Checkbox,,,119,119,1023
45727,337034,Constipation,N,Checkbox,,,120,120,1023
45728,337034,Diarrhea,N,Checkbox,,,121,121,1023
45729,337034,Yellow eyes or skin,N,Checkbox,,,122,122,1023
45730,337034,Lumps,N,Checkbox,,,128,128,1029
45731,337034,Swollen glands,N,Checkbox,,,129,129,1029
45732,337034,Pain,N,Checkbox,,,130,130,1029
45733,337034,Stiffness,N,Checkbox,,,131,131,1029
45734,337034,Muslce or joint pain,N,Checkbox,,,132,132,1028
45735,337034,Stiffness,N,Checkbox,,,133,133,1028
45736,337034,Back pain,N,Checkbox,,,134,134,1028
45737,337034,Redness of joint,N,Checkbox,,,135,135,1028
45738,337034,Swelling of joint,N,Checkbox,,,136,136,1028
45739,337034,Trauma,N,Checkbox,,,137,137,1028
45740,337034,Nervousness,N,Checkbox,,,138,138,1032
45741,337034,Stress,N,Checkbox,,,139,139,1032
45742,337034,Depression,N,Checkbox,,,140,140,1032
45743,337034,Memory loss,N,Checkbox,,,141,141,1032
45744,337034,Nose,N,Textbox,,,142,142,1031
45745,337034,Cough,N,Checkbox,,,143,143,1033
45746,337034,Sputum,N,Checkbox,,,144,144,1033
45747,337034,Couphing up blood,N,Checkbox,,,145,145,1033
45748,337034,Shortness of breath,N,Checkbox,,,146,146,1033
45749,337034,Wheezing,N,Checkbox,,,147,147,1033
45750,337034,Painfull breathing,N,Checkbox,,,148,148,1033
45751,337034,Rashes,N,Checkbox,,,149,149,1034
45752,337034,Lumps,N,Checkbox,,,150,150,1034
45753,337034,Itching,N,Checkbox,,,151,151,1034
45754,337034,Dryness,N,Checkbox,,,152,152,1034
45755,337034,Color change,N,Checkbox,,,153,153,1034
45756,337034,Hair and nails change,N,Checkbox,,,154,154,1034
42661,273273,Location,N,Checkbox,,,261,261,1241
42662,273273,CARDIOVASCULAR,N,Checkbox,,,291,291,402
42663,273273,pulse rate,N,Checkbox,,,292,292,402
42664,273273,Elective,N,,,,262,262,1241
42665,273273,Emergency,N,,,,263,263,1241
42666,273273,blood pressure,N,Checkbox,,,293,293,402
42667,273273,heart sounds,N,Checkbox,,,294,294,402
42668,273273,Allergy,N,,,,264,264,1241
42669,273273,PONV,N,,,,267,267,1241
42670,273273,Apex Beat,N,Checkbox,,,295,295,402
42671,273273,PREVIOUSE ANAESTHETIC EXPOSURE,N,,,,268,268,1241
42672,273273,RESPIRATORY,N,Checkbox,,,296,296,402
42673,273273,PONV,N,Checkbox,,,269,269,1241
42674,273273,Sequelae,N,Checkbox,,,270,270,1241
42675,273273,DENTAL HX,N,,,,271,271,1241
42676,273273,Respiration Rate,N,Checkbox,,,297,297,402
42677,273273,Missing tooth,N,,,,272,272,1241
42678,273273,broken tooth,N,,,,273,273,1241
42679,273273,loose tooth,N,,,,274,274,1241
42680,273273,false tooth,N,,,,275,275,1241
42681,273273,Breath Sounds:,N,Checkbox,,,298,298,402
42682,273273,COMORBIDITIES,N,,,,276,276,1241
42683,273273,Hypertension,N,,,,277,277,1241
42684,273273,Diabetes mellitus,N,,,,278,278,1241
42685,273273,Asthma,N,,,,279,279,1241
42686,273273,PUD,N,,,,280,280,1241
42687,273273,Seizures,N,,,,281,281,1241
42688,273273,Others,N,Checkbox,,,299,299,402
42689,273273,PREVIOUS SURGERY,N,,,,282,282,1241
42690,273273,ABDOMINAL,N,Checkbox,,,300,300,402
42691,273273,PREVIOUS BLOOD TRANSFUSION,N,,,,283,283,1241
42692,273273,SOCIAL HX,N,,,,284,284,1241
42693,273273,Orientation,N,Checkbox,,,301,301,402
42694,273273,employed,N,,,,285,285,1241
42695,273273,marital status,N,,,,286,286,1241
42696,273273,smoking,N,,,,287,287,1241
42697,273273,alcohol,N,,,,288,288,1241
42698,273273,children,N,,,,289,289,1241
42699,273273,recreational drugs,N,,,,290,290,1241
42700,273273,Tenderness,N,Checkbox,,,302,302,402
42701,273273,Liver,N,Checkbox,,,321,321,402
42702,273273,Spleen,N,Checkbox,,,322,322,402
42703,273273,Kidney,N,Checkbox,,,323,323,402
42704,273273,Ascites,N,Checkbox,,,324,324,402
42705,273273,Bowel Sounds,N,Checkbox,,,325,325,402
42706,273273,pr,N,Checkbox,,,326,326,402
42707,273273,Others,N,Checkbox,,,327,327,402
42708,273273,Distress,N,Checkbox,,,181,181,401
42709,273273,Pallor,N,Checkbox,,,188,188,401
42710,273273,EYE,N,Checkbox,,,201,201,1041
42711,273273,dyspnoea,N,Checkbox,,,22,22,961
42712,273273,tachypnoea,N,Checkbox,,,23,23,961
42713,273273,tightness,N,Checkbox,,,81,81,961
42714,273273,palpitation,N,Checkbox,,,82,82,961
42715,273273,shortness of breath with activity,N,Checkbox,,,83,83,961
42716,273273,difficulty breathing lying down,N,Checkbox,,,84,84,961
42717,273273,swelling,N,Checkbox,,,85,85,961
42718,273273,awakening from slept with shortness of breath,N,Checkbox,,,86,86,961
42719,273273,Others,N,Checkbox,,,182,182,401
42720,273273,Icteric,N,Checkbox,,,183,183,401
42721,273273,Febrile,N,Checkbox,,,184,184,401
42722,273273,Cyanosis,N,Checkbox,,,185,185,401
42723,273273,Dehydration,N,Checkbox,,,186,186,401
42724,273273,physical examniation,N,Textbox,,,221,221,1061
42725,273273,Accident,N,Checkbox,,,2,2,541
42726,273273,Heat or cold intolerence,N,Checkbox,,,104,104,1024
42727,273273,Sweating,N,Checkbox,,,105,105,1024
42728,273273,Frequent urination,N,Checkbox,,,106,106,1024
42729,273273,Thirst,N,Checkbox,,,107,107,1024
42730,273273,Change in appetite,N,Checkbox,,,108,108,1024
42731,273273,Ease of bruising,N,Checkbox,,,123,123,1026
42732,273273,Ease of bleeding,N,Checkbox,,,124,124,1026
42733,273273,Headache,N,Checkbox,,,125,125,1027
42734,273273,Head injury,N,Checkbox,,,126,126,1027
42735,273273,Neck pain,N,Checkbox,,,127,127,1027
42736,273273,Calf pain with walking,N,Checkbox,,,170,170,1037
42737,273273,Leg cramping,N,Checkbox,,,171,171,1037
42738,273273,Sample,N,Checkbox,,,172,172,1001
42739,273273,Pedal Oedema,N,Checkbox,,,187,187,401
42740,273273,Pain,N,Checkbox,,,96,96,981
42741,273273,Redness,N,Checkbox,,,97,97,981
42742,273273,Blurry or double vision,N,Checkbox,,,98,98,981
42743,273273,Flashing light,N,Checkbox,,,99,99,981
42744,273273,Specks,N,Checkbox,,,100,100,981
42745,273273,Glaucoma,N,Checkbox,,,101,101,981
42746,273273,Cataracts,N,Checkbox,,,102,102,981
42747,273273,Vision loss/changes,N,Checkbox,,,103,103,981
42748,273273,Gum Disease,N,Checkbox,,,61,61,541
42749,273273,Routine Checkup,N,Checkbox,,,62,62,541
42750,273273,Oral Cancer,N,Checkbox,,,63,63,541
42751,273273,Development,N,Checkbox,,,64,64,541
42752,273273,Chest Pain,N,Checkbox,,,24,24,961
42753,273273,,N,,,,41,41,981
42754,273273,Aesthetics in Orthodontics,N,Checkbox,,,65,65,541
42755,273273,Bleeding,N,Checkbox,,,156,156,1035
42756,273273,Dentures,N,Checkbox,,,157,157,1035
42757,273273,Teeth Cleanings,N,Checkbox,,,68,68,422
42758,273273,Teeth Whitening,N,Checkbox,,,69,69,422
42759,273273,Extractions,N,Checkbox,,,70,70,422
42760,273273,Veneers,N,Checkbox,,,71,71,422
42761,273273,Fillings,N,Checkbox,,,72,72,422
42762,273273,Crowns,N,Checkbox,,,73,73,422
42763,273273,Root Canal,N,Checkbox,,,74,74,422
42764,273273,Braces/Invisalign,N,Checkbox,,,75,75,422
42765,273273,Bonding,N,Checkbox,,,76,76,422
42766,273273,Dentures,N,Checkbox,,,77,77,422
42767,273273,Disease,N,Textbox,,,78,78,501
42768,273273,Diagonasis,N,Textbox,,,79,79,501
42769,273273,Sore tongue,N,Checkbox,,,158,158,1035
42770,273273,Dry mouth,N,Checkbox,,,159,159,1035
42771,273273,Sore throat,N,Checkbox,,,160,160,1035
42772,273273,Horseness,N,Checkbox,,,161,161,1035
42773,273273,Thrush,N,Checkbox,,,162,162,1035
42774,273273,Non-healing sores,N,Checkbox,,,163,163,1035
42775,273273,Frequncy,N,Checkbox,,,164,164,1036
42776,273273,Urgency,N,Checkbox,,,165,165,1036
42777,273273,Burning or pain,N,Checkbox,,,166,166,1036
42778,273273,Blood in urine,N,Checkbox,,,167,167,1036
42779,273273,Incontinence,N,Checkbox,,,168,168,1036
42780,273273,Change in urinart strength,N,Checkbox,,,169,169,1036
42781,273273,Testing of Neonatal Care,N,Checkbox,,,241,241,1181
42782,273273,Testing of template,N,Textbox,,,242,242,1181
42783,273273,Ringing in ears,N,Checkbox,,,93,93,1022
42784,273273,Lumps,N,Checkbox,,,87,87,1021
42785,273273,Pain,N,Checkbox,,,88,88,1021
42786,273273,Discharge,N,Checkbox,,,89,89,1021
42787,273273,Self-exams,N,Checkbox,,,90,90,1021
42788,273273,Breast feeding,N,,,,91,91,1021
42789,273273,Decrease hearing,N,Checkbox,,,92,92,1022
42790,273273,Earache,N,Checkbox,,,94,94,1022
42791,273273,Drainage,N,Checkbox,,,95,95,1022
42792,273273,Weight loss or gain,N,Checkbox,,,109,109,1025
42793,273273,Fatigue,N,Checkbox,,,110,110,1025
42794,273273,Fever or chills,N,Checkbox,,,111,111,1025
42795,273273,Weakness,N,Checkbox,,,112,112,1025
42796,273273,Trouble sleeping,N,Checkbox,,,113,113,1025
42797,273273,Swallowing difficulties,N,Checkbox,,,114,114,1023
42798,273273,Heart burn,N,Checkbox,,,115,115,1023
42799,273273,Change in appetite,N,Checkbox,,,116,116,1023
42800,273273,Nausea,N,Checkbox,,,117,117,1023
42801,273273,Change bowel habit,N,Checkbox,,,118,118,1023
42802,273273,Rectal bleeding,N,Checkbox,,,119,119,1023
42803,273273,Constipation,N,Checkbox,,,120,120,1023
42804,273273,Diarrhea,N,Checkbox,,,121,121,1023
42805,273273,Yellow eyes or skin,N,Checkbox,,,122,122,1023
42806,273273,Lumps,N,Checkbox,,,128,128,1029
42807,273273,Swollen glands,N,Checkbox,,,129,129,1029
42808,273273,Pain,N,Checkbox,,,130,130,1029
42809,273273,Stiffness,N,Checkbox,,,131,131,1029
42810,273273,Muslce or joint pain,N,Checkbox,,,132,132,1028
42811,273273,Stiffness,N,Checkbox,,,133,133,1028
42812,273273,Back pain,N,Checkbox,,,134,134,1028
42813,273273,Redness of joint,N,Checkbox,,,135,135,1028
42814,273273,Swelling of joint,N,Checkbox,,,136,136,1028
42815,273273,Trauma,N,Checkbox,,,137,137,1028
42816,273273,Nervousness,N,Checkbox,,,138,138,1032
42817,273273,Stress,N,Checkbox,,,139,139,1032
42818,273273,Depression,N,Checkbox,,,140,140,1032
42819,273273,Memory loss,N,Checkbox,,,141,141,1032
42820,273273,Nose,N,Textbox,,,142,142,1031
42821,273273,Cough,N,Checkbox,,,143,143,1033
42822,273273,Sputum,N,Checkbox,,,144,144,1033
42823,273273,Couphing up blood,N,Checkbox,,,145,145,1033
42824,273273,Shortness of breath,N,Checkbox,,,146,146,1033
42825,273273,Wheezing,N,Checkbox,,,147,147,1033
42826,273273,Painfull breathing,N,Checkbox,,,148,148,1033
42827,273273,Rashes,N,Checkbox,,,149,149,1034
42828,273273,Lumps,N,Checkbox,,,150,150,1034
42829,273273,Itching,N,Checkbox,,,151,151,1034
42830,273273,Dryness,N,Checkbox,,,152,152,1034
42831,273273,Color change,N,Checkbox,,,153,153,1034
42832,273273,Hair and nails change,N,Checkbox,,,154,154,1034
43521,276881,Location,N,Checkbox,,,261,261,1241
43522,276881,CARDIOVASCULAR,N,Checkbox,,,291,291,402
43523,276881,pulse rate,N,Checkbox,,,292,292,402
43524,276881,Elective,N,,,,262,262,1241
43525,276881,Emergency,N,,,,263,263,1241
43526,276881,blood pressure,N,Checkbox,,,293,293,402
43527,276881,heart sounds,N,Checkbox,,,294,294,402
43528,276881,Allergy,N,,,,264,264,1241
43529,276881,PONV,N,,,,267,267,1241
43530,276881,Apex Beat,N,Checkbox,,,295,295,402
43531,276881,PREVIOUSE ANAESTHETIC EXPOSURE,N,,,,268,268,1241
43532,276881,RESPIRATORY,N,Checkbox,,,296,296,402
43533,276881,PONV,N,Checkbox,,,269,269,1241
43534,276881,Sequelae,N,Checkbox,,,270,270,1241
43535,276881,DENTAL HX,N,,,,271,271,1241
43536,276881,Respiration Rate,N,Checkbox,,,297,297,402
43537,276881,Missing tooth,N,,,,272,272,1241
43538,276881,broken tooth,N,,,,273,273,1241
43539,276881,loose tooth,N,,,,274,274,1241
43540,276881,false tooth,N,,,,275,275,1241
43541,276881,Breath Sounds:,N,Checkbox,,,298,298,402
43542,276881,COMORBIDITIES,N,,,,276,276,1241
43543,276881,Hypertension,N,,,,277,277,1241
43544,276881,Diabetes mellitus,N,,,,278,278,1241
43545,276881,Asthma,N,,,,279,279,1241
43546,276881,PUD,N,,,,280,280,1241
43547,276881,Seizures,N,,,,281,281,1241
43548,276881,Others,N,Checkbox,,,299,299,402
43549,276881,PREVIOUS SURGERY,N,,,,282,282,1241
43550,276881,ABDOMINAL,N,Checkbox,,,300,300,402
43551,276881,PREVIOUS BLOOD TRANSFUSION,N,,,,283,283,1241
43552,276881,SOCIAL HX,N,,,,284,284,1241
43553,276881,Orientation,N,Checkbox,,,301,301,402
43554,276881,employed,N,,,,285,285,1241
43555,276881,marital status,N,,,,286,286,1241
43556,276881,smoking,N,,,,287,287,1241
43557,276881,alcohol,N,,,,288,288,1241
43558,276881,children,N,,,,289,289,1241
43559,276881,recreational drugs,N,,,,290,290,1241
43560,276881,Tenderness,N,Checkbox,,,302,302,402
43561,276881,Liver,N,Checkbox,,,321,321,402
43562,276881,Spleen,N,Checkbox,,,322,322,402
43563,276881,Kidney,N,Checkbox,,,323,323,402
43564,276881,Ascites,N,Checkbox,,,324,324,402
43565,276881,Bowel Sounds,N,Checkbox,,,325,325,402
43566,276881,pr,N,Checkbox,,,326,326,402
43567,276881,Others,N,Checkbox,,,327,327,402
43568,276881,Distress,N,Checkbox,,,181,181,401
43569,276881,Pallor,N,Checkbox,,,188,188,401
43570,276881,EYE,N,Checkbox,,,201,201,1041
43571,276881,dyspnoea,N,Checkbox,,,22,22,961
43572,276881,tachypnoea,N,Checkbox,,,23,23,961
43573,276881,tightness,N,Checkbox,,,81,81,961
43574,276881,palpitation,N,Checkbox,,,82,82,961
43575,276881,shortness of breath with activity,N,Checkbox,,,83,83,961
43576,276881,difficulty breathing lying down,N,Checkbox,,,84,84,961
43577,276881,swelling,N,Checkbox,,,85,85,961
43578,276881,awakening from slept with shortness of breath,N,Checkbox,,,86,86,961
43579,276881,Others,N,Checkbox,,,182,182,401
43580,276881,Icteric,N,Checkbox,,,183,183,401
43581,276881,Febrile,N,Checkbox,,,184,184,401
43582,276881,Cyanosis,N,Checkbox,,,185,185,401
43583,276881,Dehydration,N,Checkbox,,,186,186,401
43584,276881,physical examniation,N,Textbox,,,221,221,1061
43585,276881,Accident,N,Checkbox,,,2,2,541
43586,276881,Heat or cold intolerence,N,Checkbox,,,104,104,1024
43587,276881,Sweating,N,Checkbox,,,105,105,1024
43588,276881,Frequent urination,N,Checkbox,,,106,106,1024
43589,276881,Thirst,N,Checkbox,,,107,107,1024
43590,276881,Change in appetite,N,Checkbox,,,108,108,1024
43591,276881,Ease of bruising,N,Checkbox,,,123,123,1026
43592,276881,Ease of bleeding,N,Checkbox,,,124,124,1026
43593,276881,Headache,N,Checkbox,,,125,125,1027
43594,276881,Head injury,N,Checkbox,,,126,126,1027
43595,276881,Neck pain,N,Checkbox,,,127,127,1027
43596,276881,Calf pain with walking,N,Checkbox,,,170,170,1037
43597,276881,Leg cramping,N,Checkbox,,,171,171,1037
43598,276881,Sample,N,Checkbox,,,172,172,1001
43599,276881,Pedal Oedema,N,Checkbox,,,187,187,401
43600,276881,Pain,N,Checkbox,,,96,96,981
43601,276881,Redness,N,Checkbox,,,97,97,981
43602,276881,Blurry or double vision,N,Checkbox,,,98,98,981
43603,276881,Flashing light,N,Checkbox,,,99,99,981
43604,276881,Specks,N,Checkbox,,,100,100,981
43605,276881,Glaucoma,N,Checkbox,,,101,101,981
43606,276881,Cataracts,N,Checkbox,,,102,102,981
43607,276881,Vision loss/changes,N,Checkbox,,,103,103,981
43608,276881,Gum Disease,N,Checkbox,,,61,61,541
43609,276881,Routine Checkup,N,Checkbox,,,62,62,541
43610,276881,Oral Cancer,N,Checkbox,,,63,63,541
43611,276881,Development,N,Checkbox,,,64,64,541
43612,276881,Chest Pain,N,Checkbox,,,24,24,961
43613,276881,,N,,,,41,41,981
43614,276881,Aesthetics in Orthodontics,N,Checkbox,,,65,65,541
43615,276881,Bleeding,N,Checkbox,,,156,156,1035
43616,276881,Dentures,N,Checkbox,,,157,157,1035
43617,276881,Teeth Cleanings,N,Checkbox,,,68,68,422
43618,276881,Teeth Whitening,N,Checkbox,,,69,69,422
43619,276881,Extractions,N,Checkbox,,,70,70,422
43620,276881,Veneers,N,Checkbox,,,71,71,422
43621,276881,Fillings,N,Checkbox,,,72,72,422
43622,276881,Crowns,N,Checkbox,,,73,73,422
43623,276881,Root Canal,N,Checkbox,,,74,74,422
43624,276881,Braces/Invisalign,N,Checkbox,,,75,75,422
43625,276881,Bonding,N,Checkbox,,,76,76,422
43626,276881,Dentures,N,Checkbox,,,77,77,422
43627,276881,Disease,N,Textbox,,,78,78,501
43628,276881,Diagonasis,N,Textbox,,,79,79,501
43629,276881,Sore tongue,N,Checkbox,,,158,158,1035
43630,276881,Dry mouth,N,Checkbox,,,159,159,1035
43631,276881,Sore throat,N,Checkbox,,,160,160,1035
43632,276881,Horseness,N,Checkbox,,,161,161,1035
43633,276881,Thrush,N,Checkbox,,,162,162,1035
43634,276881,Non-healing sores,N,Checkbox,,,163,163,1035
43635,276881,Frequncy,N,Checkbox,,,164,164,1036
43636,276881,Urgency,N,Checkbox,,,165,165,1036
43637,276881,Burning or pain,N,Checkbox,,,166,166,1036
43638,276881,Blood in urine,N,Checkbox,,,167,167,1036
43639,276881,Incontinence,N,Checkbox,,,168,168,1036
43640,276881,Change in urinart strength,N,Checkbox,,,169,169,1036
43641,276881,Testing of Neonatal Care,N,Checkbox,,,241,241,1181
43642,276881,Testing of template,N,Textbox,,,242,242,1181
43643,276881,Ringing in ears,N,Checkbox,,,93,93,1022
43644,276881,Lumps,N,Checkbox,,,87,87,1021
43645,276881,Pain,N,Checkbox,,,88,88,1021
43646,276881,Discharge,N,Checkbox,,,89,89,1021
43647,276881,Self-exams,N,Checkbox,,,90,90,1021
43648,276881,Breast feeding,N,,,,91,91,1021
43649,276881,Decrease hearing,N,Checkbox,,,92,92,1022
43650,276881,Earache,N,Checkbox,,,94,94,1022
43651,276881,Drainage,N,Checkbox,,,95,95,1022
43652,276881,Weight loss or gain,N,Checkbox,,,109,109,1025
43653,276881,Fatigue,N,Checkbox,,,110,110,1025
43654,276881,Fever or chills,N,Checkbox,,,111,111,1025
43655,276881,Weakness,N,Checkbox,,,112,112,1025
43656,276881,Trouble sleeping,N,Checkbox,,,113,113,1025
43657,276881,Swallowing difficulties,N,Checkbox,,,114,114,1023
43658,276881,Heart burn,N,Checkbox,,,115,115,1023
43659,276881,Change in appetite,N,Checkbox,,,116,116,1023
43660,276881,Nausea,N,Checkbox,,,117,117,1023
43661,276881,Change bowel habit,N,Checkbox,,,118,118,1023
43662,276881,Rectal bleeding,N,Checkbox,,,119,119,1023
43663,276881,Constipation,N,Checkbox,,,120,120,1023
43664,276881,Diarrhea,N,Checkbox,,,121,121,1023
43665,276881,Yellow eyes or skin,N,Checkbox,,,122,122,1023
43666,276881,Lumps,N,Checkbox,,,128,128,1029
43667,276881,Swollen glands,N,Checkbox,,,129,129,1029
43668,276881,Pain,N,Checkbox,,,130,130,1029
43669,276881,Stiffness,N,Checkbox,,,131,131,1029
43670,276881,Muslce or joint pain,N,Checkbox,,,132,132,1028
43671,276881,Stiffness,N,Checkbox,,,133,133,1028
43672,276881,Back pain,N,Checkbox,,,134,134,1028
43673,276881,Redness of joint,N,Checkbox,,,135,135,1028
43674,276881,Swelling of joint,N,Checkbox,,,136,136,1028
43675,276881,Trauma,N,Checkbox,,,137,137,1028
43676,276881,Nervousness,N,Checkbox,,,138,138,1032
43677,276881,Stress,N,Checkbox,,,139,139,1032
43678,276881,Depression,N,Checkbox,,,140,140,1032
43679,276881,Memory loss,N,Checkbox,,,141,141,1032
43680,276881,Nose,N,Textbox,,,142,142,1031
43681,276881,Cough,N,Checkbox,,,143,143,1033
43682,276881,Sputum,N,Checkbox,,,144,144,1033
43683,276881,Couphing up blood,N,Checkbox,,,145,145,1033
43684,276881,Shortness of breath,N,Checkbox,,,146,146,1033
43685,276881,Wheezing,N,Checkbox,,,147,147,1033
43686,276881,Painfull breathing,N,Checkbox,,,148,148,1033
43687,276881,Rashes,N,Checkbox,,,149,149,1034
43688,276881,Lumps,N,Checkbox,,,150,150,1034
43689,276881,Itching,N,Checkbox,,,151,151,1034
43690,276881,Dryness,N,Checkbox,,,152,152,1034
43691,276881,Color change,N,Checkbox,,,153,153,1034
43692,276881,Hair and nails change,N,Checkbox,,,154,154,1034
46044,402953,Urgency,N,Checkbox,,,165,165,1036
46045,402953,Burning or pain,N,Checkbox,,,166,166,1036
46046,402953,Blood in urine,N,Checkbox,,,167,167,1036
46047,402953,Incontinence,N,Checkbox,,,168,168,1036
46048,402953,Change in urinart strength,N,Checkbox,,,169,169,1036
46049,402953,Testing of Neonatal Care,N,Checkbox,,,241,241,1181
46050,402953,Testing of template,N,Textbox,,,242,242,1181
46051,402953,Ringing in ears,N,Checkbox,,,93,93,1022
46052,402953,Lumps,N,Checkbox,,,87,87,1021
46053,402953,Pain,N,Checkbox,,,88,88,1021
46054,402953,Discharge,N,Checkbox,,,89,89,1021
46055,402953,Self-exams,N,Checkbox,,,90,90,1021
46056,402953,Breast feeding,N,,,,91,91,1021
46057,402953,Decrease hearing,N,Checkbox,,,92,92,1022
46058,402953,Earache,N,Checkbox,,,94,94,1022
46059,402953,Drainage,N,Checkbox,,,95,95,1022
46060,402953,Weight loss or gain,N,Checkbox,,,109,109,1025
46061,402953,Fatigue,N,Checkbox,,,110,110,1025
46062,402953,Fever or chills,N,Checkbox,,,111,111,1025
46063,402953,Weakness,N,Checkbox,,,112,112,1025
46064,402953,Trouble sleeping,N,Checkbox,,,113,113,1025
46065,402953,Swallowing difficulties,N,Checkbox,,,114,114,1023
46066,402953,Heart burn,N,Checkbox,,,115,115,1023
46067,402953,Change in appetite,N,Checkbox,,,116,116,1023
46068,402953,Nausea,N,Checkbox,,,117,117,1023
46069,402953,Change bowel habit,N,Checkbox,,,118,118,1023
46070,402953,Rectal bleeding,N,Checkbox,,,119,119,1023
46071,402953,Constipation,N,Checkbox,,,120,120,1023
46072,402953,Diarrhea,N,Checkbox,,,121,121,1023
46073,402953,Yellow eyes or skin,N,Checkbox,,,122,122,1023
46074,402953,Lumps,N,Checkbox,,,128,128,1029
46075,402953,Swollen glands,N,Checkbox,,,129,129,1029
46076,402953,Pain,N,Checkbox,,,130,130,1029
46077,402953,Stiffness,N,Checkbox,,,131,131,1029
46078,402953,Muslce or joint pain,N,Checkbox,,,132,132,1028
46079,402953,Stiffness,N,Checkbox,,,133,133,1028
46080,402953,Back pain,N,Checkbox,,,134,134,1028
46081,402953,Redness of joint,N,Checkbox,,,135,135,1028
46082,402953,Swelling of joint,N,Checkbox,,,136,136,1028
46083,402953,Trauma,N,Checkbox,,,137,137,1028
46084,402953,Nervousness,N,Checkbox,,,138,138,1032
46085,402953,Stress,N,Checkbox,,,139,139,1032
46086,402953,Depression,N,Checkbox,,,140,140,1032
46087,402953,Memory loss,N,Checkbox,,,141,141,1032
46088,402953,Nose,N,Textbox,,,142,142,1031
46089,402953,Cough,N,Checkbox,,,143,143,1033
46090,402953,Sputum,N,Checkbox,,,144,144,1033
46091,402953,Couphing up blood,N,Checkbox,,,145,145,1033
46092,402953,Shortness of breath,N,Checkbox,,,146,146,1033
46093,402953,Wheezing,N,Checkbox,,,147,147,1033
46094,402953,Painfull breathing,N,Checkbox,,,148,148,1033
46095,402953,Rashes,N,Checkbox,,,149,149,1034
46096,402953,Lumps,N,Checkbox,,,150,150,1034
46097,402953,Itching,N,Checkbox,,,151,151,1034
46098,402953,Dryness,N,Checkbox,,,152,152,1034
46099,402953,Color change,N,Checkbox,,,153,153,1034
46100,402953,Hair and nails change,N,Checkbox,,,154,154,1034
46273,403621,Location,N,Checkbox,,,261,261,1241
46274,403621,CARDIOVASCULAR,N,Checkbox,,,291,291,402
46275,403621,pulse rate,N,Checkbox,,,292,292,402
46276,403621,Elective,N,,,,262,262,1241
46277,403621,Emergency,N,,,,263,263,1241
46278,403621,blood pressure,N,Checkbox,,,293,293,402
46279,403621,heart sounds,N,Checkbox,,,294,294,402
46280,403621,Allergy,N,,,,264,264,1241
46281,403621,PONV,N,,,,267,267,1241
46282,403621,Apex Beat,N,Checkbox,,,295,295,402
46283,403621,PREVIOUSE ANAESTHETIC EXPOSURE,N,,,,268,268,1241
46284,403621,RESPIRATORY,N,Checkbox,,,296,296,402
46285,403621,PONV,N,Checkbox,,,269,269,1241
46286,403621,Sequelae,N,Checkbox,,,270,270,1241
46287,403621,DENTAL HX,N,,,,271,271,1241
46288,403621,Respiration Rate,N,Checkbox,,,297,297,402
46289,403621,Missing tooth,N,,,,272,272,1241
46290,403621,broken tooth,N,,,,273,273,1241
46291,403621,loose tooth,N,,,,274,274,1241
46292,403621,false tooth,N,,,,275,275,1241
46293,403621,Breath Sounds:,N,Checkbox,,,298,298,402
46294,403621,COMORBIDITIES,N,,,,276,276,1241
46295,403621,Hypertension,N,,,,277,277,1241
46296,403621,Diabetes mellitus,N,,,,278,278,1241
46297,403621,Asthma,N,,,,279,279,1241
46298,403621,PUD,N,,,,280,280,1241
46299,403621,Seizures,N,,,,281,281,1241
46300,403621,Others,N,Checkbox,,,299,299,402
46301,403621,PREVIOUS SURGERY,N,,,,282,282,1241
46302,403621,ABDOMINAL,N,Checkbox,,,300,300,402
46303,403621,PREVIOUS BLOOD TRANSFUSION,N,,,,283,283,1241
46304,403621,SOCIAL HX,N,,,,284,284,1241
46305,403621,Orientation,N,Checkbox,,,301,301,402
46306,403621,employed,N,,,,285,285,1241
46307,403621,marital status,N,,,,286,286,1241
46308,403621,smoking,N,,,,287,287,1241
46309,403621,alcohol,N,,,,288,288,1241
46310,403621,children,N,,,,289,289,1241
46311,403621,recreational drugs,N,,,,290,290,1241
46312,403621,Tenderness,N,Checkbox,,,302,302,402
46313,403621,Liver,N,Checkbox,,,321,321,402
46314,403621,Spleen,N,Checkbox,,,322,322,402
46315,403621,Kidney,N,Checkbox,,,323,323,402
46316,403621,Ascites,N,Checkbox,,,324,324,402
46317,403621,Bowel Sounds,N,Checkbox,,,325,325,402
46318,403621,pr,N,Checkbox,,,326,326,402
46319,403621,Others,N,Checkbox,,,327,327,402
46320,403621,Distress,N,Checkbox,,,181,181,401
46321,403621,Pallor,N,Checkbox,,,188,188,401
46322,403621,EYE,N,Checkbox,,,201,201,1041
46323,403621,dyspnoea,N,Checkbox,,,22,22,961
46324,403621,tachypnoea,N,Checkbox,,,23,23,961
46325,403621,tightness,N,Checkbox,,,81,81,961
46326,403621,palpitation,N,Checkbox,,,82,82,961
46327,403621,shortness of breath with activity,N,Checkbox,,,83,83,961
46328,403621,difficulty breathing lying down,N,Checkbox,,,84,84,961
46329,403621,swelling,N,Checkbox,,,85,85,961
46330,403621,awakening from slept with shortness of breath,N,Checkbox,,,86,86,961
46331,403621,Others,N,Checkbox,,,182,182,401
46332,403621,Icteric,N,Checkbox,,,183,183,401
46333,403621,Febrile,N,Checkbox,,,184,184,401
46334,403621,Cyanosis,N,Checkbox,,,185,185,401
46335,403621,Dehydration,N,Checkbox,,,186,186,401
46336,403621,physical examniation,N,Textbox,,,221,221,1061
46337,403621,Accident,N,Checkbox,,,2,2,541
46338,403621,Heat or cold intolerence,N,Checkbox,,,104,104,1024
46339,403621,Sweating,N,Checkbox,,,105,105,1024
46340,403621,Frequent urination,N,Checkbox,,,106,106,1024
46341,403621,Thirst,N,Checkbox,,,107,107,1024
46342,403621,Change in appetite,N,Checkbox,,,108,108,1024
46343,403621,Ease of bruising,N,Checkbox,,,123,123,1026
46344,403621,Ease of bleeding,N,Checkbox,,,124,124,1026
46345,403621,Headache,N,Checkbox,,,125,125,1027
46346,403621,Head injury,N,Checkbox,,,126,126,1027
46347,403621,Neck pain,N,Checkbox,,,127,127,1027
46348,403621,Calf pain with walking,N,Checkbox,,,170,170,1037
46349,403621,Leg cramping,N,Checkbox,,,171,171,1037
46350,403621,Sample,N,Checkbox,,,172,172,1001
46351,403621,Pedal Oedema,N,Checkbox,,,187,187,401
46352,403621,Pain,N,Checkbox,,,96,96,981
46353,403621,Redness,N,Checkbox,,,97,97,981
46354,403621,Blurry or double vision,N,Checkbox,,,98,98,981
46355,403621,Flashing light,N,Checkbox,,,99,99,981
46356,403621,Specks,N,Checkbox,,,100,100,981
46357,403621,Glaucoma,N,Checkbox,,,101,101,981
46101,403594,Location,N,Checkbox,,,261,261,1241
46102,403594,CARDIOVASCULAR,N,Checkbox,,,291,291,402
46103,403594,pulse rate,N,Checkbox,,,292,292,402
46104,403594,Elective,N,,,,262,262,1241
46105,403594,Emergency,N,,,,263,263,1241
46106,403594,blood pressure,N,Checkbox,,,293,293,402
46107,403594,heart sounds,N,Checkbox,,,294,294,402
46108,403594,Allergy,N,,,,264,264,1241
46109,403594,PONV,N,,,,267,267,1241
46110,403594,Apex Beat,N,Checkbox,,,295,295,402
46111,403594,PREVIOUSE ANAESTHETIC EXPOSURE,N,,,,268,268,1241
46112,403594,RESPIRATORY,N,Checkbox,,,296,296,402
46113,403594,PONV,N,Checkbox,,,269,269,1241
46114,403594,Sequelae,N,Checkbox,,,270,270,1241
46115,403594,DENTAL HX,N,,,,271,271,1241
46116,403594,Respiration Rate,N,Checkbox,,,297,297,402
46117,403594,Missing tooth,N,,,,272,272,1241
46118,403594,broken tooth,N,,,,273,273,1241
46119,403594,loose tooth,N,,,,274,274,1241
46120,403594,false tooth,N,,,,275,275,1241
46121,403594,Breath Sounds:,N,Checkbox,,,298,298,402
46122,403594,COMORBIDITIES,N,,,,276,276,1241
46123,403594,Hypertension,N,,,,277,277,1241
46124,403594,Diabetes mellitus,N,,,,278,278,1241
46125,403594,Asthma,N,,,,279,279,1241
46126,403594,PUD,N,,,,280,280,1241
46127,403594,Seizures,N,,,,281,281,1241
46128,403594,Others,N,Checkbox,,,299,299,402
46129,403594,PREVIOUS SURGERY,N,,,,282,282,1241
46130,403594,ABDOMINAL,N,Checkbox,,,300,300,402
46131,403594,PREVIOUS BLOOD TRANSFUSION,N,,,,283,283,1241
46132,403594,SOCIAL HX,N,,,,284,284,1241
46133,403594,Orientation,N,Checkbox,,,301,301,402
46134,403594,employed,N,,,,285,285,1241
46135,403594,marital status,N,,,,286,286,1241
46136,403594,smoking,N,,,,287,287,1241
46137,403594,alcohol,N,,,,288,288,1241
46138,403594,children,N,,,,289,289,1241
46139,403594,recreational drugs,N,,,,290,290,1241
46140,403594,Tenderness,N,Checkbox,,,302,302,402
46141,403594,Liver,N,Checkbox,,,321,321,402
46142,403594,Spleen,N,Checkbox,,,322,322,402
46143,403594,Kidney,N,Checkbox,,,323,323,402
46144,403594,Ascites,N,Checkbox,,,324,324,402
46145,403594,Bowel Sounds,N,Checkbox,,,325,325,402
46146,403594,pr,N,Checkbox,,,326,326,402
46147,403594,Others,N,Checkbox,,,327,327,402
46148,403594,Distress,N,Checkbox,,,181,181,401
46149,403594,Pallor,N,Checkbox,,,188,188,401
46150,403594,EYE,N,Checkbox,,,201,201,1041
46151,403594,dyspnoea,N,Checkbox,,,22,22,961
46152,403594,tachypnoea,N,Checkbox,,,23,23,961
46153,403594,tightness,N,Checkbox,,,81,81,961
46154,403594,palpitation,N,Checkbox,,,82,82,961
46155,403594,shortness of breath with activity,N,Checkbox,,,83,83,961
46156,403594,difficulty breathing lying down,N,Checkbox,,,84,84,961
46157,403594,swelling,N,Checkbox,,,85,85,961
46158,403594,awakening from slept with shortness of breath,N,Checkbox,,,86,86,961
46159,403594,Others,N,Checkbox,,,182,182,401
46160,403594,Icteric,N,Checkbox,,,183,183,401
46161,403594,Febrile,N,Checkbox,,,184,184,401
46162,403594,Cyanosis,N,Checkbox,,,185,185,401
46163,403594,Dehydration,N,Checkbox,,,186,186,401
46164,403594,physical examniation,N,Textbox,,,221,221,1061
46165,403594,Accident,N,Checkbox,,,2,2,541
46166,403594,Heat or cold intolerence,N,Checkbox,,,104,104,1024
46167,403594,Sweating,N,Checkbox,,,105,105,1024
46168,403594,Frequent urination,N,Checkbox,,,106,106,1024
46169,403594,Thirst,N,Checkbox,,,107,107,1024
46170,403594,Change in appetite,N,Checkbox,,,108,108,1024
46171,403594,Ease of bruising,N,Checkbox,,,123,123,1026
46172,403594,Ease of bleeding,N,Checkbox,,,124,124,1026
46173,403594,Headache,N,Checkbox,,,125,125,1027
46174,403594,Head injury,N,Checkbox,,,126,126,1027
46175,403594,Neck pain,N,Checkbox,,,127,127,1027
46176,403594,Calf pain with walking,N,Checkbox,,,170,170,1037
46177,403594,Leg cramping,N,Checkbox,,,171,171,1037
46178,403594,Sample,N,Checkbox,,,172,172,1001
46179,403594,Pedal Oedema,N,Checkbox,,,187,187,401
46180,403594,Pain,N,Checkbox,,,96,96,981
46181,403594,Redness,N,Checkbox,,,97,97,981
46182,403594,Blurry or double vision,N,Checkbox,,,98,98,981
46183,403594,Flashing light,N,Checkbox,,,99,99,981
46184,403594,Specks,N,Checkbox,,,100,100,981
46185,403594,Glaucoma,N,Checkbox,,,101,101,981
46186,403594,Cataracts,N,Checkbox,,,102,102,981
46187,403594,Vision loss/changes,N,Checkbox,,,103,103,981
46188,403594,Gum Disease,N,Checkbox,,,61,61,541
46189,403594,Routine Checkup,N,Checkbox,,,62,62,541
46190,403594,Oral Cancer,N,Checkbox,,,63,63,541
46191,403594,Development,N,Checkbox,,,64,64,541
46192,403594,Chest Pain,N,Checkbox,,,24,24,961
46193,403594,,N,,,,41,41,981
46194,403594,Aesthetics in Orthodontics,N,Checkbox,,,65,65,541
46195,403594,Bleeding,N,Checkbox,,,156,156,1035
46196,403594,Dentures,N,Checkbox,,,157,157,1035
46197,403594,Teeth Cleanings,N,Checkbox,,,68,68,422
46198,403594,Teeth Whitening,N,Checkbox,,,69,69,422
46199,403594,Extractions,N,Checkbox,,,70,70,422
46200,403594,Veneers,N,Checkbox,,,71,71,422
46201,403594,Fillings,N,Checkbox,,,72,72,422
46202,403594,Crowns,N,Checkbox,,,73,73,422
46203,403594,Root Canal,N,Checkbox,,,74,74,422
46204,403594,Braces/Invisalign,N,Checkbox,,,75,75,422
46205,403594,Bonding,N,Checkbox,,,76,76,422
46206,403594,Dentures,N,Checkbox,,,77,77,422
46207,403594,Disease,N,Textbox,,,78,78,501
46208,403594,Diagonasis,N,Textbox,,,79,79,501
46209,403594,Sore tongue,N,Checkbox,,,158,158,1035
46210,403594,Dry mouth,N,Checkbox,,,159,159,1035
46211,403594,Sore throat,N,Checkbox,,,160,160,1035
46212,403594,Horseness,N,Checkbox,,,161,161,1035
46213,403594,Thrush,N,Checkbox,,,162,162,1035
46214,403594,Non-healing sores,N,Checkbox,,,163,163,1035
46215,403594,Frequncy,N,Checkbox,,,164,164,1036
46216,403594,Urgency,N,Checkbox,,,165,165,1036
46217,403594,Burning or pain,N,Checkbox,,,166,166,1036
46218,403594,Blood in urine,N,Checkbox,,,167,167,1036
46219,403594,Incontinence,N,Checkbox,,,168,168,1036
46220,403594,Change in urinart strength,N,Checkbox,,,169,169,1036
46221,403594,Testing of Neonatal Care,N,Checkbox,,,241,241,1181
46222,403594,Testing of template,N,Textbox,,,242,242,1181
46223,403594,Ringing in ears,N,Checkbox,,,93,93,1022
46224,403594,Lumps,N,Checkbox,,,87,87,1021
46225,403594,Pain,N,Checkbox,,,88,88,1021
46226,403594,Discharge,N,Checkbox,,,89,89,1021
46227,403594,Self-exams,N,Checkbox,,,90,90,1021
46228,403594,Breast feeding,N,,,,91,91,1021
46229,403594,Decrease hearing,N,Checkbox,,,92,92,1022
46230,403594,Earache,N,Checkbox,,,94,94,1022
46231,403594,Drainage,N,Checkbox,,,95,95,1022
46232,403594,Weight loss or gain,N,Checkbox,,,109,109,1025
46233,403594,Fatigue,N,Checkbox,,,110,110,1025
46234,403594,Fever or chills,N,Checkbox,,,111,111,1025
46235,403594,Weakness,N,Checkbox,,,112,112,1025
46236,403594,Trouble sleeping,N,Checkbox,,,113,113,1025
46237,403594,Swallowing difficulties,N,Checkbox,,,114,114,1023
46238,403594,Heart burn,N,Checkbox,,,115,115,1023
46239,403594,Change in appetite,N,Checkbox,,,116,116,1023
46240,403594,Nausea,N,Checkbox,,,117,117,1023
46241,403594,Change bowel habit,N,Checkbox,,,118,118,1023
46242,403594,Rectal bleeding,N,Checkbox,,,119,119,1023
46243,403594,Constipation,N,Checkbox,,,120,120,1023
46244,403594,Diarrhea,N,Checkbox,,,121,121,1023
46245,403594,Yellow eyes or skin,N,Checkbox,,,122,122,1023
46246,403594,Lumps,N,Checkbox,,,128,128,1029
46247,403594,Swollen glands,N,Checkbox,,,129,129,1029
46248,403594,Pain,N,Checkbox,,,130,130,1029
46249,403594,Stiffness,N,Checkbox,,,131,131,1029
46250,403594,Muslce or joint pain,N,Checkbox,,,132,132,1028
46251,403594,Stiffness,N,Checkbox,,,133,133,1028
46252,403594,Back pain,N,Checkbox,,,134,134,1028
46253,403594,Redness of joint,N,Checkbox,,,135,135,1028
46254,403594,Swelling of joint,N,Checkbox,,,136,136,1028
46255,403594,Trauma,N,Checkbox,,,137,137,1028
46256,403594,Nervousness,N,Checkbox,,,138,138,1032
46257,403594,Stress,N,Checkbox,,,139,139,1032
46258,403594,Depression,N,Checkbox,,,140,140,1032
46259,403594,Memory loss,N,Checkbox,,,141,141,1032
46260,403594,Nose,N,Textbox,,,142,142,1031
46261,403594,Cough,N,Checkbox,,,143,143,1033
46262,403594,Sputum,N,Checkbox,,,144,144,1033
46263,403594,Couphing up blood,N,Checkbox,,,145,145,1033
46264,403594,Shortness of breath,N,Checkbox,,,146,146,1033
46265,403594,Wheezing,N,Checkbox,,,147,147,1033
46266,403594,Painfull breathing,N,Checkbox,,,148,148,1033
46267,403594,Rashes,N,Checkbox,,,149,149,1034
46268,403594,Lumps,N,Checkbox,,,150,150,1034
46269,403594,Itching,N,Checkbox,,,151,151,1034
46270,403594,Dryness,N,Checkbox,,,152,152,1034
46271,403594,Color change,N,Checkbox,,,153,153,1034
46272,403594,Hair and nails change,N,Checkbox,,,154,154,1034
46358,403621,Cataracts,N,Checkbox,,,102,102,981
46359,403621,Vision loss/changes,N,Checkbox,,,103,103,981
46360,403621,Gum Disease,N,Checkbox,,,61,61,541
46361,403621,Routine Checkup,N,Checkbox,,,62,62,541
46362,403621,Oral Cancer,N,Checkbox,,,63,63,541
46363,403621,Development,N,Checkbox,,,64,64,541
46364,403621,Chest Pain,N,Checkbox,,,24,24,961
46365,403621,,N,,,,41,41,981
46366,403621,Aesthetics in Orthodontics,N,Checkbox,,,65,65,541
46367,403621,Bleeding,N,Checkbox,,,156,156,1035
46368,403621,Dentures,N,Checkbox,,,157,157,1035
46369,403621,Teeth Cleanings,N,Checkbox,,,68,68,422
46370,403621,Teeth Whitening,N,Checkbox,,,69,69,422
46371,403621,Extractions,N,Checkbox,,,70,70,422
46372,403621,Veneers,N,Checkbox,,,71,71,422
46373,403621,Fillings,N,Checkbox,,,72,72,422
46374,403621,Crowns,N,Checkbox,,,73,73,422
46375,403621,Root Canal,N,Checkbox,,,74,74,422
46376,403621,Braces/Invisalign,N,Checkbox,,,75,75,422
46377,403621,Bonding,N,Checkbox,,,76,76,422
46378,403621,Dentures,N,Checkbox,,,77,77,422
46379,403621,Disease,N,Textbox,,,78,78,501
46380,403621,Diagonasis,N,Textbox,,,79,79,501
46381,403621,Sore tongue,N,Checkbox,,,158,158,1035
46382,403621,Dry mouth,N,Checkbox,,,159,159,1035
46383,403621,Sore throat,N,Checkbox,,,160,160,1035
46384,403621,Horseness,N,Checkbox,,,161,161,1035
46385,403621,Thrush,N,Checkbox,,,162,162,1035
46386,403621,Non-healing sores,N,Checkbox,,,163,163,1035
46387,403621,Frequncy,N,Checkbox,,,164,164,1036
46388,403621,Urgency,N,Checkbox,,,165,165,1036
46389,403621,Burning or pain,N,Checkbox,,,166,166,1036
46390,403621,Blood in urine,N,Checkbox,,,167,167,1036
46391,403621,Incontinence,N,Checkbox,,,168,168,1036
46392,403621,Change in urinart strength,N,Checkbox,,,169,169,1036
46393,403621,Testing of Neonatal Care,N,Checkbox,,,241,241,1181
46394,403621,Testing of template,N,Textbox,,,242,242,1181
46395,403621,Ringing in ears,N,Checkbox,,,93,93,1022
46396,403621,Lumps,N,Checkbox,,,87,87,1021
46397,403621,Pain,N,Checkbox,,,88,88,1021
46398,403621,Discharge,N,Checkbox,,,89,89,1021
46399,403621,Self-exams,N,Checkbox,,,90,90,1021
46400,403621,Breast feeding,N,,,,91,91,1021
46401,403621,Decrease hearing,N,Checkbox,,,92,92,1022
46402,403621,Earache,N,Checkbox,,,94,94,1022
46403,403621,Drainage,N,Checkbox,,,95,95,1022
46404,403621,Weight loss or gain,N,Checkbox,,,109,109,1025
46405,403621,Fatigue,N,Checkbox,,,110,110,1025
46406,403621,Fever or chills,N,Checkbox,,,111,111,1025
46407,403621,Weakness,N,Checkbox,,,112,112,1025
46408,403621,Trouble sleeping,N,Checkbox,,,113,113,1025
46409,403621,Swallowing difficulties,N,Checkbox,,,114,114,1023
46410,403621,Heart burn,N,Checkbox,,,115,115,1023
46411,403621,Change in appetite,N,Checkbox,,,116,116,1023
46412,403621,Nausea,N,Checkbox,,,117,117,1023
46413,403621,Change bowel habit,N,Checkbox,,,118,118,1023
46414,403621,Rectal bleeding,N,Checkbox,,,119,119,1023
46415,403621,Constipation,N,Checkbox,,,120,120,1023
46416,403621,Diarrhea,N,Checkbox,,,121,121,1023
46417,403621,Yellow eyes or skin,N,Checkbox,,,122,122,1023
46418,403621,Lumps,N,Checkbox,,,128,128,1029
46419,403621,Swollen glands,N,Checkbox,,,129,129,1029
46420,403621,Pain,N,Checkbox,,,130,130,1029
46421,403621,Stiffness,N,Checkbox,,,131,131,1029
46422,403621,Muslce or joint pain,N,Checkbox,,,132,132,1028
46423,403621,Stiffness,N,Checkbox,,,133,133,1028
46424,403621,Back pain,N,Checkbox,,,134,134,1028
46425,403621,Redness of joint,N,Checkbox,,,135,135,1028
46426,403621,Swelling of joint,N,Checkbox,,,136,136,1028
46427,403621,Trauma,N,Checkbox,,,137,137,1028
46428,403621,Nervousness,N,Checkbox,,,138,138,1032
46429,403621,Stress,N,Checkbox,,,139,139,1032
46430,403621,Depression,N,Checkbox,,,140,140,1032
46431,403621,Memory loss,N,Checkbox,,,141,141,1032
46432,403621,Nose,N,Textbox,,,142,142,1031
46433,403621,Cough,N,Checkbox,,,143,143,1033
46434,403621,Sputum,N,Checkbox,,,144,144,1033
46435,403621,Couphing up blood,N,Checkbox,,,145,145,1033
46436,403621,Shortness of breath,N,Checkbox,,,146,146,1033
46437,403621,Wheezing,N,Checkbox,,,147,147,1033
46438,403621,Painfull breathing,N,Checkbox,,,148,148,1033
46439,403621,Rashes,N,Checkbox,,,149,149,1034
46440,403621,Lumps,N,Checkbox,,,150,150,1034
46441,403621,Itching,N,Checkbox,,,151,151,1034
46442,403621,Dryness,N,Checkbox,,,152,152,1034
46443,403621,Color change,N,Checkbox,,,153,153,1034
46444,403621,Hair and nails change,N,Checkbox,,,154,154,1034
46445,416558,Location,N,Checkbox,,,261,261,1241
46446,416558,CARDIOVASCULAR,N,Checkbox,,,291,291,402
46447,416558,pulse rate,N,Checkbox,,,292,292,402
46448,416558,Elective,N,,,,262,262,1241
46449,416558,Emergency,N,,,,263,263,1241
46450,416558,blood pressure,N,Checkbox,,,293,293,402
46451,416558,heart sounds,N,Checkbox,,,294,294,402
46452,416558,Allergy,N,,,,264,264,1241
46453,416558,PONV,N,,,,267,267,1241
46454,416558,Apex Beat,N,Checkbox,,,295,295,402
46455,416558,PREVIOUSE ANAESTHETIC EXPOSURE,N,,,,268,268,1241
46456,416558,RESPIRATORY,N,Checkbox,,,296,296,402
46457,416558,PONV,N,Checkbox,,,269,269,1241
46458,416558,Sequelae,N,Checkbox,,,270,270,1241
46459,416558,DENTAL HX,N,,,,271,271,1241
46460,416558,Respiration Rate,N,Checkbox,,,297,297,402
46461,416558,Missing tooth,N,,,,272,272,1241
46462,416558,broken tooth,N,,,,273,273,1241
46463,416558,loose tooth,N,,,,274,274,1241
46464,416558,false tooth,N,,,,275,275,1241
46465,416558,Breath Sounds:,N,Checkbox,,,298,298,402
46466,416558,COMORBIDITIES,N,,,,276,276,1241
46467,416558,Hypertension,N,,,,277,277,1241
46468,416558,Diabetes mellitus,N,,,,278,278,1241
46469,416558,Asthma,N,,,,279,279,1241
46470,416558,PUD,N,,,,280,280,1241
46471,416558,Seizures,N,,,,281,281,1241
45757,364566,Location,N,Checkbox,,,261,261,1241
45758,364566,CARDIOVASCULAR,N,Checkbox,,,291,291,402
45759,364566,pulse rate,N,Checkbox,,,292,292,402
45760,364566,Elective,N,,,,262,262,1241
45761,364566,Emergency,N,,,,263,263,1241
45762,364566,blood pressure,N,Checkbox,,,293,293,402
45763,364566,heart sounds,N,Checkbox,,,294,294,402
45764,364566,Allergy,N,,,,264,264,1241
45765,364566,PONV,N,,,,267,267,1241
45766,364566,Apex Beat,N,Checkbox,,,295,295,402
45767,364566,PREVIOUSE ANAESTHETIC EXPOSURE,N,,,,268,268,1241
45768,364566,RESPIRATORY,N,Checkbox,,,296,296,402
45769,364566,PONV,N,Checkbox,,,269,269,1241
45770,364566,Sequelae,N,Checkbox,,,270,270,1241
45771,364566,DENTAL HX,N,,,,271,271,1241
45772,364566,Respiration Rate,N,Checkbox,,,297,297,402
45773,364566,Missing tooth,N,,,,272,272,1241
45774,364566,broken tooth,N,,,,273,273,1241
45775,364566,loose tooth,N,,,,274,274,1241
45776,364566,false tooth,N,,,,275,275,1241
45777,364566,Breath Sounds:,N,Checkbox,,,298,298,402
45778,364566,COMORBIDITIES,N,,,,276,276,1241
45779,364566,Hypertension,N,,,,277,277,1241
45780,364566,Diabetes mellitus,N,,,,278,278,1241
45781,364566,Asthma,N,,,,279,279,1241
45782,364566,PUD,N,,,,280,280,1241
45783,364566,Seizures,N,,,,281,281,1241
45784,364566,Others,N,Checkbox,,,299,299,402
45785,364566,PREVIOUS SURGERY,N,,,,282,282,1241
45786,364566,ABDOMINAL,N,Checkbox,,,300,300,402
45787,364566,PREVIOUS BLOOD TRANSFUSION,N,,,,283,283,1241
45788,364566,SOCIAL HX,N,,,,284,284,1241
45789,364566,Orientation,N,Checkbox,,,301,301,402
45790,364566,employed,N,,,,285,285,1241
45791,364566,marital status,N,,,,286,286,1241
45792,364566,smoking,N,,,,287,287,1241
45793,364566,alcohol,N,,,,288,288,1241
45794,364566,children,N,,,,289,289,1241
45795,364566,recreational drugs,N,,,,290,290,1241
45796,364566,Tenderness,N,Checkbox,,,302,302,402
45797,364566,Liver,N,Checkbox,,,321,321,402
45798,364566,Spleen,N,Checkbox,,,322,322,402
45799,364566,Kidney,N,Checkbox,,,323,323,402
45800,364566,Ascites,N,Checkbox,,,324,324,402
45801,364566,Bowel Sounds,N,Checkbox,,,325,325,402
45802,364566,pr,N,Checkbox,,,326,326,402
45803,364566,Others,N,Checkbox,,,327,327,402
45804,364566,Distress,N,Checkbox,,,181,181,401
45805,364566,Pallor,N,Checkbox,,,188,188,401
45806,364566,EYE,N,Checkbox,,,201,201,1041
45807,364566,dyspnoea,N,Checkbox,,,22,22,961
45808,364566,tachypnoea,N,Checkbox,,,23,23,961
45809,364566,tightness,N,Checkbox,,,81,81,961
45810,364566,palpitation,N,Checkbox,,,82,82,961
45811,364566,shortness of breath with activity,N,Checkbox,,,83,83,961
45812,364566,difficulty breathing lying down,N,Checkbox,,,84,84,961
45813,364566,swelling,N,Checkbox,,,85,85,961
45814,364566,awakening from slept with shortness of breath,N,Checkbox,,,86,86,961
45815,364566,Others,N,Checkbox,,,182,182,401
45816,364566,Icteric,N,Checkbox,,,183,183,401
45817,364566,Febrile,N,Checkbox,,,184,184,401
45818,364566,Cyanosis,N,Checkbox,,,185,185,401
45819,364566,Dehydration,N,Checkbox,,,186,186,401
45820,364566,physical examniation,N,Textbox,,,221,221,1061
45821,364566,Accident,N,Checkbox,,,2,2,541
45822,364566,Heat or cold intolerence,N,Checkbox,,,104,104,1024
45823,364566,Sweating,N,Checkbox,,,105,105,1024
45824,364566,Frequent urination,N,Checkbox,,,106,106,1024
45825,364566,Thirst,N,Checkbox,,,107,107,1024
45826,364566,Change in appetite,N,Checkbox,,,108,108,1024
45827,364566,Ease of bruising,N,Checkbox,,,123,123,1026
45828,364566,Ease of bleeding,N,Checkbox,,,124,124,1026
45829,364566,Headache,N,Checkbox,,,125,125,1027
45830,364566,Head injury,N,Checkbox,,,126,126,1027
45831,364566,Neck pain,N,Checkbox,,,127,127,1027
45832,364566,Calf pain with walking,N,Checkbox,,,170,170,1037
45833,364566,Leg cramping,N,Checkbox,,,171,171,1037
45834,364566,Sample,N,Checkbox,,,172,172,1001
45835,364566,Pedal Oedema,N,Checkbox,,,187,187,401
45836,364566,Pain,N,Checkbox,,,96,96,981
45837,364566,Redness,N,Checkbox,,,97,97,981
45838,364566,Blurry or double vision,N,Checkbox,,,98,98,981
45839,364566,Flashing light,N,Checkbox,,,99,99,981
45840,364566,Specks,N,Checkbox,,,100,100,981
45841,364566,Glaucoma,N,Checkbox,,,101,101,981
45842,364566,Cataracts,N,Checkbox,,,102,102,981
45843,364566,Vision loss/changes,N,Checkbox,,,103,103,981
45844,364566,Gum Disease,N,Checkbox,,,61,61,541
45845,364566,Routine Checkup,N,Checkbox,,,62,62,541
45846,364566,Oral Cancer,N,Checkbox,,,63,63,541
45847,364566,Development,N,Checkbox,,,64,64,541
45848,364566,Chest Pain,N,Checkbox,,,24,24,961
45849,364566,,N,,,,41,41,981
45850,364566,Aesthetics in Orthodontics,N,Checkbox,,,65,65,541
45851,364566,Bleeding,N,Checkbox,,,156,156,1035
45852,364566,Dentures,N,Checkbox,,,157,157,1035
45853,364566,Teeth Cleanings,N,Checkbox,,,68,68,422
45854,364566,Teeth Whitening,N,Checkbox,,,69,69,422
45855,364566,Extractions,N,Checkbox,,,70,70,422
45856,364566,Veneers,N,Checkbox,,,71,71,422
45857,364566,Fillings,N,Checkbox,,,72,72,422
45858,364566,Crowns,N,Checkbox,,,73,73,422
45859,364566,Root Canal,N,Checkbox,,,74,74,422
45860,364566,Braces/Invisalign,N,Checkbox,,,75,75,422
45861,364566,Bonding,N,Checkbox,,,76,76,422
45862,364566,Dentures,N,Checkbox,,,77,77,422
45863,364566,Disease,N,Textbox,,,78,78,501
45864,364566,Diagonasis,N,Textbox,,,79,79,501
45865,364566,Sore tongue,N,Checkbox,,,158,158,1035
45866,364566,Dry mouth,N,Checkbox,,,159,159,1035
45867,364566,Sore throat,N,Checkbox,,,160,160,1035
45868,364566,Horseness,N,Checkbox,,,161,161,1035
45869,364566,Thrush,N,Checkbox,,,162,162,1035
45870,364566,Non-healing sores,N,Checkbox,,,163,163,1035
45871,364566,Frequncy,N,Checkbox,,,164,164,1036
45872,364566,Urgency,N,Checkbox,,,165,165,1036
45873,364566,Burning or pain,N,Checkbox,,,166,166,1036
45874,364566,Blood in urine,N,Checkbox,,,167,167,1036
45875,364566,Incontinence,N,Checkbox,,,168,168,1036
45876,364566,Change in urinart strength,N,Checkbox,,,169,169,1036
45877,364566,Testing of Neonatal Care,N,Checkbox,,,241,241,1181
45878,364566,Testing of template,N,Textbox,,,242,242,1181
45879,364566,Ringing in ears,N,Checkbox,,,93,93,1022
45880,364566,Lumps,N,Checkbox,,,87,87,1021
45881,364566,Pain,N,Checkbox,,,88,88,1021
45882,364566,Discharge,N,Checkbox,,,89,89,1021
45883,364566,Self-exams,N,Checkbox,,,90,90,1021
45884,364566,Breast feeding,N,,,,91,91,1021
45885,364566,Decrease hearing,N,Checkbox,,,92,92,1022
45886,364566,Earache,N,Checkbox,,,94,94,1022
45887,364566,Drainage,N,Checkbox,,,95,95,1022
45888,364566,Weight loss or gain,N,Checkbox,,,109,109,1025
45889,364566,Fatigue,N,Checkbox,,,110,110,1025
45890,364566,Fever or chills,N,Checkbox,,,111,111,1025
45891,364566,Weakness,N,Checkbox,,,112,112,1025
45892,364566,Trouble sleeping,N,Checkbox,,,113,113,1025
45893,364566,Swallowing difficulties,N,Checkbox,,,114,114,1023
45894,364566,Heart burn,N,Checkbox,,,115,115,1023
45895,364566,Change in appetite,N,Checkbox,,,116,116,1023
45896,364566,Nausea,N,Checkbox,,,117,117,1023
45897,364566,Change bowel habit,N,Checkbox,,,118,118,1023
45898,364566,Rectal bleeding,N,Checkbox,,,119,119,1023
45899,364566,Constipation,N,Checkbox,,,120,120,1023
45900,364566,Diarrhea,N,Checkbox,,,121,121,1023
45901,364566,Yellow eyes or skin,N,Checkbox,,,122,122,1023
45902,364566,Lumps,N,Checkbox,,,128,128,1029
45903,364566,Swollen glands,N,Checkbox,,,129,129,1029
45904,364566,Pain,N,Checkbox,,,130,130,1029
45905,364566,Stiffness,N,Checkbox,,,131,131,1029
45906,364566,Muslce or joint pain,N,Checkbox,,,132,132,1028
45907,364566,Stiffness,N,Checkbox,,,133,133,1028
45908,364566,Back pain,N,Checkbox,,,134,134,1028
45909,364566,Redness of joint,N,Checkbox,,,135,135,1028
45910,364566,Swelling of joint,N,Checkbox,,,136,136,1028
45911,364566,Trauma,N,Checkbox,,,137,137,1028
45912,364566,Nervousness,N,Checkbox,,,138,138,1032
45913,364566,Stress,N,Checkbox,,,139,139,1032
45914,364566,Depression,N,Checkbox,,,140,140,1032
45915,364566,Memory loss,N,Checkbox,,,141,141,1032
45916,364566,Nose,N,Textbox,,,142,142,1031
45917,364566,Cough,N,Checkbox,,,143,143,1033
45918,364566,Sputum,N,Checkbox,,,144,144,1033
45919,364566,Couphing up blood,N,Checkbox,,,145,145,1033
45920,364566,Shortness of breath,N,Checkbox,,,146,146,1033
45921,364566,Wheezing,N,Checkbox,,,147,147,1033
45922,364566,Painfull breathing,N,Checkbox,,,148,148,1033
45923,364566,Rashes,N,Checkbox,,,149,149,1034
45924,364566,Lumps,N,Checkbox,,,150,150,1034
45925,364566,Itching,N,Checkbox,,,151,151,1034
45926,364566,Dryness,N,Checkbox,,,152,152,1034
45927,364566,Color change,N,Checkbox,,,153,153,1034
45928,364566,Hair and nails change,N,Checkbox,,,154,154,1034
45929,402953,Location,N,Checkbox,,,261,261,1241
45930,402953,CARDIOVASCULAR,N,Checkbox,,,291,291,402
45931,402953,pulse rate,N,Checkbox,,,292,292,402
45932,402953,Elective,N,,,,262,262,1241
45933,402953,Emergency,N,,,,263,263,1241
45934,402953,blood pressure,N,Checkbox,,,293,293,402
45935,402953,heart sounds,N,Checkbox,,,294,294,402
45936,402953,Allergy,N,,,,264,264,1241
45937,402953,PONV,N,,,,267,267,1241
45938,402953,Apex Beat,N,Checkbox,,,295,295,402
45939,402953,PREVIOUSE ANAESTHETIC EXPOSURE,N,,,,268,268,1241
45940,402953,RESPIRATORY,N,Checkbox,,,296,296,402
45941,402953,PONV,N,Checkbox,,,269,269,1241
45942,402953,Sequelae,N,Checkbox,,,270,270,1241
45943,402953,DENTAL HX,N,,,,271,271,1241
45944,402953,Respiration Rate,N,Checkbox,,,297,297,402
45945,402953,Missing tooth,N,,,,272,272,1241
45946,402953,broken tooth,N,,,,273,273,1241
45947,402953,loose tooth,N,,,,274,274,1241
45948,402953,false tooth,N,,,,275,275,1241
45949,402953,Breath Sounds:,N,Checkbox,,,298,298,402
45950,402953,COMORBIDITIES,N,,,,276,276,1241
45951,402953,Hypertension,N,,,,277,277,1241
45952,402953,Diabetes mellitus,N,,,,278,278,1241
45953,402953,Asthma,N,,,,279,279,1241
45954,402953,PUD,N,,,,280,280,1241
45955,402953,Seizures,N,,,,281,281,1241
45956,402953,Others,N,Checkbox,,,299,299,402
45957,402953,PREVIOUS SURGERY,N,,,,282,282,1241
45958,402953,ABDOMINAL,N,Checkbox,,,300,300,402
45959,402953,PREVIOUS BLOOD TRANSFUSION,N,,,,283,283,1241
45960,402953,SOCIAL HX,N,,,,284,284,1241
45961,402953,Orientation,N,Checkbox,,,301,301,402
45962,402953,employed,N,,,,285,285,1241
45963,402953,marital status,N,,,,286,286,1241
45964,402953,smoking,N,,,,287,287,1241
45965,402953,alcohol,N,,,,288,288,1241
45966,402953,children,N,,,,289,289,1241
45967,402953,recreational drugs,N,,,,290,290,1241
45968,402953,Tenderness,N,Checkbox,,,302,302,402
45969,402953,Liver,N,Checkbox,,,321,321,402
45970,402953,Spleen,N,Checkbox,,,322,322,402
45971,402953,Kidney,N,Checkbox,,,323,323,402
45972,402953,Ascites,N,Checkbox,,,324,324,402
45973,402953,Bowel Sounds,N,Checkbox,,,325,325,402
45974,402953,pr,N,Checkbox,,,326,326,402
45975,402953,Others,N,Checkbox,,,327,327,402
45976,402953,Distress,N,Checkbox,,,181,181,401
45977,402953,Pallor,N,Checkbox,,,188,188,401
45978,402953,EYE,N,Checkbox,,,201,201,1041
45979,402953,dyspnoea,N,Checkbox,,,22,22,961
45980,402953,tachypnoea,N,Checkbox,,,23,23,961
45981,402953,tightness,N,Checkbox,,,81,81,961
45982,402953,palpitation,N,Checkbox,,,82,82,961
45983,402953,shortness of breath with activity,N,Checkbox,,,83,83,961
45984,402953,difficulty breathing lying down,N,Checkbox,,,84,84,961
45985,402953,swelling,N,Checkbox,,,85,85,961
45986,402953,awakening from slept with shortness of breath,N,Checkbox,,,86,86,961
45987,402953,Others,N,Checkbox,,,182,182,401
45988,402953,Icteric,N,Checkbox,,,183,183,401
45989,402953,Febrile,N,Checkbox,,,184,184,401
45990,402953,Cyanosis,N,Checkbox,,,185,185,401
45991,402953,Dehydration,N,Checkbox,,,186,186,401
45992,402953,physical examniation,N,Textbox,,,221,221,1061
45993,402953,Accident,N,Checkbox,,,2,2,541
45994,402953,Heat or cold intolerence,N,Checkbox,,,104,104,1024
45995,402953,Sweating,N,Checkbox,,,105,105,1024
45996,402953,Frequent urination,N,Checkbox,,,106,106,1024
45997,402953,Thirst,N,Checkbox,,,107,107,1024
45998,402953,Change in appetite,N,Checkbox,,,108,108,1024
45999,402953,Ease of bruising,N,Checkbox,,,123,123,1026
46000,402953,Ease of bleeding,N,Checkbox,,,124,124,1026
46001,402953,Headache,N,Checkbox,,,125,125,1027
46002,402953,Head injury,N,Checkbox,,,126,126,1027
46003,402953,Neck pain,N,Checkbox,,,127,127,1027
46004,402953,Calf pain with walking,N,Checkbox,,,170,170,1037
46005,402953,Leg cramping,N,Checkbox,,,171,171,1037
46006,402953,Sample,N,Checkbox,,,172,172,1001
46007,402953,Pedal Oedema,N,Checkbox,,,187,187,401
46008,402953,Pain,N,Checkbox,,,96,96,981
46009,402953,Redness,N,Checkbox,,,97,97,981
46010,402953,Blurry or double vision,N,Checkbox,,,98,98,981
46011,402953,Flashing light,N,Checkbox,,,99,99,981
46012,402953,Specks,N,Checkbox,,,100,100,981
46013,402953,Glaucoma,N,Checkbox,,,101,101,981
46014,402953,Cataracts,N,Checkbox,,,102,102,981
46015,402953,Vision loss/changes,N,Checkbox,,,103,103,981
46016,402953,Gum Disease,N,Checkbox,,,61,61,541
46017,402953,Routine Checkup,N,Checkbox,,,62,62,541
46018,402953,Oral Cancer,N,Checkbox,,,63,63,541
46019,402953,Development,N,Checkbox,,,64,64,541
46020,402953,Chest Pain,N,Checkbox,,,24,24,961
46021,402953,,N,,,,41,41,981
46022,402953,Aesthetics in Orthodontics,N,Checkbox,,,65,65,541
46023,402953,Bleeding,N,Checkbox,,,156,156,1035
46024,402953,Dentures,N,Checkbox,,,157,157,1035
46025,402953,Teeth Cleanings,N,Checkbox,,,68,68,422
46026,402953,Teeth Whitening,N,Checkbox,,,69,69,422
46027,402953,Extractions,N,Checkbox,,,70,70,422
46028,402953,Veneers,N,Checkbox,,,71,71,422
46029,402953,Fillings,N,Checkbox,,,72,72,422
46030,402953,Crowns,N,Checkbox,,,73,73,422
46031,402953,Root Canal,N,Checkbox,,,74,74,422
46032,402953,Braces/Invisalign,N,Checkbox,,,75,75,422
46033,402953,Bonding,N,Checkbox,,,76,76,422
46034,402953,Dentures,N,Checkbox,,,77,77,422
46035,402953,Disease,N,Textbox,,,78,78,501
46036,402953,Diagonasis,N,Textbox,,,79,79,501
46037,402953,Sore tongue,N,Checkbox,,,158,158,1035
46038,402953,Dry mouth,N,Checkbox,,,159,159,1035
46039,402953,Sore throat,N,Checkbox,,,160,160,1035
46040,402953,Horseness,N,Checkbox,,,161,161,1035
46041,402953,Thrush,N,Checkbox,,,162,162,1035
46042,402953,Non-healing sores,N,Checkbox,,,163,163,1035
46043,402953,Frequncy,N,Checkbox,,,164,164,1036
46617,418579,Location,N,Checkbox,,,261,261,1241
46618,418579,CARDIOVASCULAR,N,Checkbox,,,291,291,402
46619,418579,pulse rate,N,Checkbox,,,292,292,402
46620,418579,Elective,N,,,,262,262,1241
46621,418579,Emergency,N,,,,263,263,1241
46622,418579,blood pressure,N,Checkbox,,,293,293,402
46623,418579,heart sounds,N,Checkbox,,,294,294,402
46624,418579,Allergy,N,,,,264,264,1241
46625,418579,PONV,N,,,,267,267,1241
46626,418579,Apex Beat,N,Checkbox,,,295,295,402
46627,418579,PREVIOUSE ANAESTHETIC EXPOSURE,N,,,,268,268,1241
46628,418579,RESPIRATORY,N,Checkbox,,,296,296,402
46629,418579,PONV,N,Checkbox,,,269,269,1241
46630,418579,Sequelae,N,Checkbox,,,270,270,1241
46631,418579,DENTAL HX,N,,,,271,271,1241
46632,418579,Respiration Rate,N,Checkbox,,,297,297,402
46633,418579,Missing tooth,N,,,,272,272,1241
46634,418579,broken tooth,N,,,,273,273,1241
46635,418579,loose tooth,N,,,,274,274,1241
46636,418579,false tooth,N,,,,275,275,1241
46637,418579,Breath Sounds:,N,Checkbox,,,298,298,402
46638,418579,COMORBIDITIES,N,,,,276,276,1241
46639,418579,Hypertension,N,,,,277,277,1241
46640,418579,Diabetes mellitus,N,,,,278,278,1241
46641,418579,Asthma,N,,,,279,279,1241
46642,418579,PUD,N,,,,280,280,1241
46643,418579,Seizures,N,,,,281,281,1241
46644,418579,Others,N,Checkbox,,,299,299,402
46645,418579,PREVIOUS SURGERY,N,,,,282,282,1241
46646,418579,ABDOMINAL,N,Checkbox,,,300,300,402
46647,418579,PREVIOUS BLOOD TRANSFUSION,N,,,,283,283,1241
46648,418579,SOCIAL HX,N,,,,284,284,1241
46649,418579,Orientation,N,Checkbox,,,301,301,402
46650,418579,employed,N,,,,285,285,1241
46651,418579,marital status,N,,,,286,286,1241
46652,418579,smoking,N,,,,287,287,1241
46653,418579,alcohol,N,,,,288,288,1241
46654,418579,children,N,,,,289,289,1241
46655,418579,recreational drugs,N,,,,290,290,1241
46656,418579,Tenderness,N,Checkbox,,,302,302,402
46657,418579,Liver,N,Checkbox,,,321,321,402
46658,418579,Spleen,N,Checkbox,,,322,322,402
46659,418579,Kidney,N,Checkbox,,,323,323,402
46660,418579,Ascites,N,Checkbox,,,324,324,402
46661,418579,Bowel Sounds,N,Checkbox,,,325,325,402
46662,418579,pr,N,Checkbox,,,326,326,402
46663,418579,Others,N,Checkbox,,,327,327,402
46664,418579,Distress,N,Checkbox,,,181,181,401
46665,418579,Pallor,N,Checkbox,,,188,188,401
46666,418579,EYE,N,Checkbox,,,201,201,1041
46667,418579,dyspnoea,N,Checkbox,,,22,22,961
46668,418579,tachypnoea,N,Checkbox,,,23,23,961
46669,418579,tightness,N,Checkbox,,,81,81,961
46670,418579,palpitation,N,Checkbox,,,82,82,961
46671,418579,shortness of breath with activity,N,Checkbox,,,83,83,961
46672,418579,difficulty breathing lying down,N,Checkbox,,,84,84,961
46673,418579,swelling,N,Checkbox,,,85,85,961
46674,418579,awakening from slept with shortness of breath,N,Checkbox,,,86,86,961
46675,418579,Others,N,Checkbox,,,182,182,401
46676,418579,Icteric,N,Checkbox,,,183,183,401
46677,418579,Febrile,N,Checkbox,,,184,184,401
46678,418579,Cyanosis,N,Checkbox,,,185,185,401
46679,418579,Dehydration,N,Checkbox,,,186,186,401
46680,418579,physical examniation,N,Textbox,,,221,221,1061
46681,418579,Accident,N,Checkbox,,,2,2,541
46682,418579,Heat or cold intolerence,N,Checkbox,,,104,104,1024
46683,418579,Sweating,N,Checkbox,,,105,105,1024
46684,418579,Frequent urination,N,Checkbox,,,106,106,1024
46685,418579,Thirst,N,Checkbox,,,107,107,1024
46686,418579,Change in appetite,N,Checkbox,,,108,108,1024
46687,418579,Ease of bruising,N,Checkbox,,,123,123,1026
46688,418579,Ease of bleeding,N,Checkbox,,,124,124,1026
46689,418579,Headache,N,Checkbox,,,125,125,1027
46690,418579,Head injury,N,Checkbox,,,126,126,1027
46691,418579,Neck pain,N,Checkbox,,,127,127,1027
46692,418579,Calf pain with walking,N,Checkbox,,,170,170,1037
46693,418579,Leg cramping,N,Checkbox,,,171,171,1037
46694,418579,Sample,N,Checkbox,,,172,172,1001
46695,418579,Pedal Oedema,N,Checkbox,,,187,187,401
46696,418579,Pain,N,Checkbox,,,96,96,981
46697,418579,Redness,N,Checkbox,,,97,97,981
46698,418579,Blurry or double vision,N,Checkbox,,,98,98,981
46699,418579,Flashing light,N,Checkbox,,,99,99,981
46700,418579,Specks,N,Checkbox,,,100,100,981
46701,418579,Glaucoma,N,Checkbox,,,101,101,981
46702,418579,Cataracts,N,Checkbox,,,102,102,981
46703,418579,Vision loss/changes,N,Checkbox,,,103,103,981
46704,418579,Gum Disease,N,Checkbox,,,61,61,541
46705,418579,Routine Checkup,N,Checkbox,,,62,62,541
46706,418579,Oral Cancer,N,Checkbox,,,63,63,541
46707,418579,Development,N,Checkbox,,,64,64,541
46708,418579,Chest Pain,N,Checkbox,,,24,24,961
46709,418579,,N,,,,41,41,981
46710,418579,Aesthetics in Orthodontics,N,Checkbox,,,65,65,541
46711,418579,Bleeding,N,Checkbox,,,156,156,1035
46712,418579,Dentures,N,Checkbox,,,157,157,1035
46713,418579,Teeth Cleanings,N,Checkbox,,,68,68,422
46714,418579,Teeth Whitening,N,Checkbox,,,69,69,422
46715,418579,Extractions,N,Checkbox,,,70,70,422
46716,418579,Veneers,N,Checkbox,,,71,71,422
46717,418579,Fillings,N,Checkbox,,,72,72,422
46718,418579,Crowns,N,Checkbox,,,73,73,422
46719,418579,Root Canal,N,Checkbox,,,74,74,422
46720,418579,Braces/Invisalign,N,Checkbox,,,75,75,422
46721,418579,Bonding,N,Checkbox,,,76,76,422
46722,418579,Dentures,N,Checkbox,,,77,77,422
46723,418579,Disease,N,Textbox,,,78,78,501
46724,418579,Diagonasis,N,Textbox,,,79,79,501
46725,418579,Sore tongue,N,Checkbox,,,158,158,1035
46726,418579,Dry mouth,N,Checkbox,,,159,159,1035
46727,418579,Sore throat,N,Checkbox,,,160,160,1035
46728,418579,Horseness,N,Checkbox,,,161,161,1035
46729,418579,Thrush,N,Checkbox,,,162,162,1035
46730,418579,Non-healing sores,N,Checkbox,,,163,163,1035
46731,418579,Frequncy,N,Checkbox,,,164,164,1036
46732,418579,Urgency,N,Checkbox,,,165,165,1036
46733,418579,Burning or pain,N,Checkbox,,,166,166,1036
46734,418579,Blood in urine,N,Checkbox,,,167,167,1036
46735,418579,Incontinence,N,Checkbox,,,168,168,1036
46736,418579,Change in urinart strength,N,Checkbox,,,169,169,1036
46737,418579,Testing of Neonatal Care,N,Checkbox,,,241,241,1181
46738,418579,Testing of template,N,Textbox,,,242,242,1181
46739,418579,Ringing in ears,N,Checkbox,,,93,93,1022
46740,418579,Lumps,N,Checkbox,,,87,87,1021
46741,418579,Pain,N,Checkbox,,,88,88,1021
46742,418579,Discharge,N,Checkbox,,,89,89,1021
46743,418579,Self-exams,N,Checkbox,,,90,90,1021
46744,418579,Breast feeding,N,,,,91,91,1021
46745,418579,Decrease hearing,N,Checkbox,,,92,92,1022
46746,418579,Earache,N,Checkbox,,,94,94,1022
46747,418579,Drainage,N,Checkbox,,,95,95,1022
46748,418579,Weight loss or gain,N,Checkbox,,,109,109,1025
46749,418579,Fatigue,N,Checkbox,,,110,110,1025
46750,418579,Fever or chills,N,Checkbox,,,111,111,1025
46751,418579,Weakness,N,Checkbox,,,112,112,1025
46752,418579,Trouble sleeping,N,Checkbox,,,113,113,1025
46753,418579,Swallowing difficulties,N,Checkbox,,,114,114,1023
46754,418579,Heart burn,N,Checkbox,,,115,115,1023
46755,418579,Change in appetite,N,Checkbox,,,116,116,1023
46756,418579,Nausea,N,Checkbox,,,117,117,1023
46757,418579,Change bowel habit,N,Checkbox,,,118,118,1023
46758,418579,Rectal bleeding,N,Checkbox,,,119,119,1023
46759,418579,Constipation,N,Checkbox,,,120,120,1023
46472,416558,Others,N,Checkbox,,,299,299,402
46473,416558,PREVIOUS SURGERY,N,,,,282,282,1241
46474,416558,ABDOMINAL,N,Checkbox,,,300,300,402
46475,416558,PREVIOUS BLOOD TRANSFUSION,N,,,,283,283,1241
46476,416558,SOCIAL HX,N,,,,284,284,1241
46477,416558,Orientation,N,Checkbox,,,301,301,402
46478,416558,employed,N,,,,285,285,1241
46479,416558,marital status,N,,,,286,286,1241
46480,416558,smoking,N,,,,287,287,1241
46481,416558,alcohol,N,,,,288,288,1241
46482,416558,children,N,,,,289,289,1241
46483,416558,recreational drugs,N,,,,290,290,1241
46484,416558,Tenderness,N,Checkbox,,,302,302,402
46485,416558,Liver,N,Checkbox,,,321,321,402
46486,416558,Spleen,N,Checkbox,,,322,322,402
46487,416558,Kidney,N,Checkbox,,,323,323,402
46488,416558,Ascites,N,Checkbox,,,324,324,402
46489,416558,Bowel Sounds,N,Checkbox,,,325,325,402
46490,416558,pr,N,Checkbox,,,326,326,402
46491,416558,Others,N,Checkbox,,,327,327,402
46492,416558,Distress,N,Checkbox,,,181,181,401
46493,416558,Pallor,N,Checkbox,,,188,188,401
46494,416558,EYE,N,Checkbox,,,201,201,1041
46495,416558,dyspnoea,N,Checkbox,,,22,22,961
46496,416558,tachypnoea,N,Checkbox,,,23,23,961
46497,416558,tightness,N,Checkbox,,,81,81,961
46498,416558,palpitation,N,Checkbox,,,82,82,961
46499,416558,shortness of breath with activity,N,Checkbox,,,83,83,961
46500,416558,difficulty breathing lying down,N,Checkbox,,,84,84,961
46501,416558,swelling,N,Checkbox,,,85,85,961
46502,416558,awakening from slept with shortness of breath,N,Checkbox,,,86,86,961
46503,416558,Others,N,Checkbox,,,182,182,401
46504,416558,Icteric,N,Checkbox,,,183,183,401
46505,416558,Febrile,N,Checkbox,,,184,184,401
46506,416558,Cyanosis,N,Checkbox,,,185,185,401
46507,416558,Dehydration,N,Checkbox,,,186,186,401
46508,416558,physical examniation,N,Textbox,,,221,221,1061
46509,416558,Accident,N,Checkbox,,,2,2,541
46510,416558,Heat or cold intolerence,N,Checkbox,,,104,104,1024
46511,416558,Sweating,N,Checkbox,,,105,105,1024
46512,416558,Frequent urination,N,Checkbox,,,106,106,1024
46513,416558,Thirst,N,Checkbox,,,107,107,1024
46514,416558,Change in appetite,N,Checkbox,,,108,108,1024
46515,416558,Ease of bruising,N,Checkbox,,,123,123,1026
46516,416558,Ease of bleeding,N,Checkbox,,,124,124,1026
46517,416558,Headache,N,Checkbox,,,125,125,1027
46518,416558,Head injury,N,Checkbox,,,126,126,1027
46519,416558,Neck pain,N,Checkbox,,,127,127,1027
46520,416558,Calf pain with walking,N,Checkbox,,,170,170,1037
46521,416558,Leg cramping,N,Checkbox,,,171,171,1037
46522,416558,Sample,N,Checkbox,,,172,172,1001
46523,416558,Pedal Oedema,N,Checkbox,,,187,187,401
46524,416558,Pain,N,Checkbox,,,96,96,981
46525,416558,Redness,N,Checkbox,,,97,97,981
46526,416558,Blurry or double vision,N,Checkbox,,,98,98,981
46527,416558,Flashing light,N,Checkbox,,,99,99,981
46528,416558,Specks,N,Checkbox,,,100,100,981
46529,416558,Glaucoma,N,Checkbox,,,101,101,981
46530,416558,Cataracts,N,Checkbox,,,102,102,981
46531,416558,Vision loss/changes,N,Checkbox,,,103,103,981
46532,416558,Gum Disease,N,Checkbox,,,61,61,541
46533,416558,Routine Checkup,N,Checkbox,,,62,62,541
46534,416558,Oral Cancer,N,Checkbox,,,63,63,541
46535,416558,Development,N,Checkbox,,,64,64,541
46536,416558,Chest Pain,N,Checkbox,,,24,24,961
46537,416558,,N,,,,41,41,981
46538,416558,Aesthetics in Orthodontics,N,Checkbox,,,65,65,541
46539,416558,Bleeding,N,Checkbox,,,156,156,1035
46540,416558,Dentures,N,Checkbox,,,157,157,1035
46541,416558,Teeth Cleanings,N,Checkbox,,,68,68,422
46542,416558,Teeth Whitening,N,Checkbox,,,69,69,422
46543,416558,Extractions,N,Checkbox,,,70,70,422
46544,416558,Veneers,N,Checkbox,,,71,71,422
46545,416558,Fillings,N,Checkbox,,,72,72,422
46546,416558,Crowns,N,Checkbox,,,73,73,422
46547,416558,Root Canal,N,Checkbox,,,74,74,422
46548,416558,Braces/Invisalign,N,Checkbox,,,75,75,422
46549,416558,Bonding,N,Checkbox,,,76,76,422
46550,416558,Dentures,N,Checkbox,,,77,77,422
46551,416558,Disease,N,Textbox,,,78,78,501
46552,416558,Diagonasis,N,Textbox,,,79,79,501
46553,416558,Sore tongue,N,Checkbox,,,158,158,1035
46554,416558,Dry mouth,N,Checkbox,,,159,159,1035
46555,416558,Sore throat,N,Checkbox,,,160,160,1035
46556,416558,Horseness,N,Checkbox,,,161,161,1035
46557,416558,Thrush,N,Checkbox,,,162,162,1035
46558,416558,Non-healing sores,N,Checkbox,,,163,163,1035
46559,416558,Frequncy,N,Checkbox,,,164,164,1036
46560,416558,Urgency,N,Checkbox,,,165,165,1036
46561,416558,Burning or pain,N,Checkbox,,,166,166,1036
46562,416558,Blood in urine,N,Checkbox,,,167,167,1036
46563,416558,Incontinence,N,Checkbox,,,168,168,1036
46564,416558,Change in urinart strength,N,Checkbox,,,169,169,1036
46565,416558,Testing of Neonatal Care,N,Checkbox,,,241,241,1181
46566,416558,Testing of template,N,Textbox,,,242,242,1181
46567,416558,Ringing in ears,N,Checkbox,,,93,93,1022
46568,416558,Lumps,N,Checkbox,,,87,87,1021
46569,416558,Pain,N,Checkbox,,,88,88,1021
46570,416558,Discharge,N,Checkbox,,,89,89,1021
46571,416558,Self-exams,N,Checkbox,,,90,90,1021
46572,416558,Breast feeding,N,,,,91,91,1021
46573,416558,Decrease hearing,N,Checkbox,,,92,92,1022
46574,416558,Earache,N,Checkbox,,,94,94,1022
46575,416558,Drainage,N,Checkbox,,,95,95,1022
46576,416558,Weight loss or gain,N,Checkbox,,,109,109,1025
46577,416558,Fatigue,N,Checkbox,,,110,110,1025
46578,416558,Fever or chills,N,Checkbox,,,111,111,1025
46579,416558,Weakness,N,Checkbox,,,112,112,1025
46580,416558,Trouble sleeping,N,Checkbox,,,113,113,1025
46581,416558,Swallowing difficulties,N,Checkbox,,,114,114,1023
46582,416558,Heart burn,N,Checkbox,,,115,115,1023
46583,416558,Change in appetite,N,Checkbox,,,116,116,1023
46584,416558,Nausea,N,Checkbox,,,117,117,1023
46585,416558,Change bowel habit,N,Checkbox,,,118,118,1023
46586,416558,Rectal bleeding,N,Checkbox,,,119,119,1023
46587,416558,Constipation,N,Checkbox,,,120,120,1023
46588,416558,Diarrhea,N,Checkbox,,,121,121,1023
46589,416558,Yellow eyes or skin,N,Checkbox,,,122,122,1023
46590,416558,Lumps,N,Checkbox,,,128,128,1029
46591,416558,Swollen glands,N,Checkbox,,,129,129,1029
46592,416558,Pain,N,Checkbox,,,130,130,1029
46593,416558,Stiffness,N,Checkbox,,,131,131,1029
46594,416558,Muslce or joint pain,N,Checkbox,,,132,132,1028
46595,416558,Stiffness,N,Checkbox,,,133,133,1028
46596,416558,Back pain,N,Checkbox,,,134,134,1028
46597,416558,Redness of joint,N,Checkbox,,,135,135,1028
46598,416558,Swelling of joint,N,Checkbox,,,136,136,1028
46599,416558,Trauma,N,Checkbox,,,137,137,1028
46600,416558,Nervousness,N,Checkbox,,,138,138,1032
46601,416558,Stress,N,Checkbox,,,139,139,1032
46602,416558,Depression,N,Checkbox,,,140,140,1032
46603,416558,Memory loss,N,Checkbox,,,141,141,1032
46604,416558,Nose,N,Textbox,,,142,142,1031
46605,416558,Cough,N,Checkbox,,,143,143,1033
46606,416558,Sputum,N,Checkbox,,,144,144,1033
46607,416558,Couphing up blood,N,Checkbox,,,145,145,1033
46608,416558,Shortness of breath,N,Checkbox,,,146,146,1033
46609,416558,Wheezing,N,Checkbox,,,147,147,1033
46610,416558,Painfull breathing,N,Checkbox,,,148,148,1033
46611,416558,Rashes,N,Checkbox,,,149,149,1034
46612,416558,Lumps,N,Checkbox,,,150,150,1034
46613,416558,Itching,N,Checkbox,,,151,151,1034
46614,416558,Dryness,N,Checkbox,,,152,152,1034
46615,416558,Color change,N,Checkbox,,,153,153,1034
46616,416558,Hair and nails change,N,Checkbox,,,154,154,1034
46760,418579,Diarrhea,N,Checkbox,,,121,121,1023
46761,418579,Yellow eyes or skin,N,Checkbox,,,122,122,1023
46762,418579,Lumps,N,Checkbox,,,128,128,1029
46763,418579,Swollen glands,N,Checkbox,,,129,129,1029
46764,418579,Pain,N,Checkbox,,,130,130,1029
46765,418579,Stiffness,N,Checkbox,,,131,131,1029
46766,418579,Muslce or joint pain,N,Checkbox,,,132,132,1028
46767,418579,Stiffness,N,Checkbox,,,133,133,1028
46768,418579,Back pain,N,Checkbox,,,134,134,1028
46769,418579,Redness of joint,N,Checkbox,,,135,135,1028
46770,418579,Swelling of joint,N,Checkbox,,,136,136,1028
46771,418579,Trauma,N,Checkbox,,,137,137,1028
46772,418579,Nervousness,N,Checkbox,,,138,138,1032
46773,418579,Stress,N,Checkbox,,,139,139,1032
46774,418579,Depression,N,Checkbox,,,140,140,1032
46775,418579,Memory loss,N,Checkbox,,,141,141,1032
46776,418579,Nose,N,Textbox,,,142,142,1031
46777,418579,Cough,N,Checkbox,,,143,143,1033
46778,418579,Sputum,N,Checkbox,,,144,144,1033
46779,418579,Couphing up blood,N,Checkbox,,,145,145,1033
46780,418579,Shortness of breath,N,Checkbox,,,146,146,1033
46781,418579,Wheezing,N,Checkbox,,,147,147,1033
46782,418579,Painfull breathing,N,Checkbox,,,148,148,1033
46783,418579,Rashes,N,Checkbox,,,149,149,1034
46784,418579,Lumps,N,Checkbox,,,150,150,1034
46785,418579,Itching,N,Checkbox,,,151,151,1034
46786,418579,Dryness,N,Checkbox,,,152,152,1034
46787,418579,Color change,N,Checkbox,,,153,153,1034
46788,418579,Hair and nails change,N,Checkbox,,,154,154,1034
