GENERIC_TEMPLATE_ID,CONTENT,TEMPLATE_NAME,TEMPLATE_TYPE
541,,DENTAL Symptoms,CLINICAL NOTE
582,"<p>&nbsp;</p>

<p><span style=""font-size:16px""><span style=""font-family:Lucida Sans Unicode,Lucida Grande,sans-serif""><strong>POSTOPERATIVE RECOVERY RECORDS</strong></span></span></p>

<p><span style=""font-size:16px""><span style=""font-family:Lucida Sans Unicode,Lucida Grande,sans-serif"">+Date:</span></span></p>

<p><span style=""font-size:16px""><span style=""font-family:Lucida Sans Unicode,Lucida Grande,sans-serif"">~Patient identity:</span></span></p>

<p><span style=""font-size:16px""><span style=""font-family:Lucida Sans Unicode,Lucida Grande,sans-serif"">*Hospital Number&nbsp;&nbsp;&nbsp;&nbsp;&nbsp;&nbsp;&nbsp;&nbsp;&nbsp;&nbsp;&nbsp;&nbsp;&nbsp;&nbsp;</span></span></p>

<p><span style=""font-size:16px""><span style=""font-family:Lucida Sans Unicode,Lucida Grande,sans-serif"">*Ward:</span></span></p>

<p><span style=""font-size:16px""><span style=""font-family:Lucida Sans Unicode,Lucida Grande,sans-serif"">*Name:</span></span></p>

<p><span style=""font-size:16px""><span style=""font-family:Lucida Sans Unicode,Lucida Grande,sans-serif"">*Address:</span></span></p>

<p><span style=""font-size:16px""><span style=""font-family:Lucida Sans Unicode,Lucida Grande,sans-serif"">*Date of birth/age:</span></span></p>

<p><span style=""font-size:16px""><span style=""font-family:Lucida Sans Unicode,Lucida Grande,sans-serif"">*Sex:</span></span></p>

<p><span style=""font-size:16px""><span style=""font-family:Lucida Sans Unicode,Lucida Grande,sans-serif"">*Religion: Moslem, Christianity, Jehovah&rsquo;s witness, others</span></span></p>

<p>&nbsp;</p>

<p><span style=""font-size:16px""><span style=""font-family:Lucida Sans Unicode,Lucida Grande,sans-serif""><strong>+Anaesthetists(Name and designation)</strong></span></span></p>

<p>&nbsp;</p>

<p><span style=""font-size:16px""><span style=""font-family:Lucida Sans Unicode,Lucida Grande,sans-serif""><strong>+Surgeon(Name and designation)</strong></span></span></p>

<p>&nbsp;</p>

<p><span style=""font-size:16px""><span style=""font-family:Lucida Sans Unicode,Lucida Grande,sans-serif""><strong>+Surgical assistant(Name and designation)</strong></span></span></p>

<p>&nbsp;</p>

<p><span style=""font-size:16px""><span style=""font-family:Lucida Sans Unicode,Lucida Grande,sans-serif""><strong>+Scrub nurse(Name/designation)</strong></span></span></p>

<p>&nbsp;</p>

<p><span style=""font-size:16px""><span style=""font-family:Lucida Sans Unicode,Lucida Grande,sans-serif""><strong>+Recovery room nurse(Name. designation)</strong></span></span></p>

<p>&nbsp;</p>

<p>&nbsp;</p>

<p><span style=""font-size:16px""><span style=""font-family:Lucida Sans Unicode,Lucida Grande,sans-serif""><strong>+Recovery room arrival : time, BP, pulse, mental status(awake, unconscious), SpO2,</strong></span></span></p>

<p>&nbsp;</p>

<p><span style=""font-size:16px""><span style=""font-family:Lucida Sans Unicode,Lucida Grande,sans-serif""><strong>Postoperative monitoring</strong></span></span></p>

<p><span style=""font-size:16px""><span style=""font-family:Lucida Sans Unicode,Lucida Grande,sans-serif"">*BP(NIBP, IBP):</span></span></p>

<p><span style=""font-size:16px""><span style=""font-family:Lucida Sans Unicode,Lucida Grande,sans-serif"">*Pulse rate:</span></span></p>

<p><span style=""font-size:16px""><span style=""font-family:Lucida Sans Unicode,Lucida Grande,sans-serif"">*Respiratory rate:</span></span></p>

<p><span style=""font-size:16px""><span style=""font-family:Lucida Sans Unicode,Lucida Grande,sans-serif"">*Temperature:</span></span></p>

<p><span style=""font-size:16px""><span style=""font-family:Lucida Sans Unicode,Lucida Grande,sans-serif"">*SpO2:</span></span></p>

<p><span style=""font-size:16px""><span style=""font-family:Lucida Sans Unicode,Lucida Grande,sans-serif"">*Random blood glucose:</span></span></p>

<p><span style=""font-size:16px""><span style=""font-family:Lucida Sans Unicode,Lucida Grande,sans-serif"">*Mental satus:</span></span></p>

<p><span style=""font-size:16px""><span style=""font-family:Lucida Sans Unicode,Lucida Grande,sans-serif"">*Postoperative pain score:</span></span></p>

<p><span style=""font-size:16px""><span style=""font-family:Lucida Sans Unicode,Lucida Grande,sans-serif"">*Intravenous fluid intake:</span></span></p>

<p><span style=""font-size:16px""><span style=""font-family:Lucida Sans Unicode,Lucida Grande,sans-serif"">*Ongoing fluid output:</span></span></p>

<p>&nbsp;</p>

<p><span style=""font-size:16px""><span style=""font-family:Lucida Sans Unicode,Lucida Grande,sans-serif"">.Urine:</span></span></p>

<p><span style=""font-size:16px""><span style=""font-family:Lucida Sans Unicode,Lucida Grande,sans-serif"">,NG tube:</span></span></p>

<p><span style=""font-size:16px""><span style=""font-family:Lucida Sans Unicode,Lucida Grande,sans-serif"">.Surgical drain site:</span></span></p>

<p><span style=""font-size:16px""><span style=""font-family:Lucida Sans Unicode,Lucida Grande,sans-serif"">.Others:</span></span></p>

<p>&nbsp;</p>

<p><span style=""font-size:16px""><span style=""font-family:Lucida Sans Unicode,Lucida Grande,sans-serif""><strong>+Postoperative recovery room chart</strong></span></span></p>

<table border=""1"" cellpadding=""1"" cellspacing=""1"" style=""width:500px"">
	<tbody>
		<tr>
			<td>TIME</td>
			<td>PULSE</td>
			<td>BP</td>
			<td>SPO2</td>
			<td>
			<p>PAIN</p>

			<p>SCORE</p>
			</td>
			<td>COMMENT</td>
			<td>&nbsp;</td>
		</tr>
		<tr>
			<td>10.00</td>
			<td>&nbsp;</td>
			<td>&nbsp;</td>
			<td>&nbsp;</td>
			<td>&nbsp;</td>
			<td>&nbsp;</td>
			<td>&nbsp;</td>
		</tr>
		<tr>
			<td>0.10</td>
			<td>&nbsp;</td>
			<td>&nbsp;</td>
			<td>&nbsp;</td>
			<td>&nbsp;</td>
			<td>&nbsp;</td>
			<td>&nbsp;</td>
		</tr>
		<tr>
			<td>0.20</td>
			<td>&nbsp;</td>
			<td>&nbsp;</td>
			<td>&nbsp;</td>
			<td>&nbsp;</td>
			<td>&nbsp;</td>
			<td>&nbsp;</td>
		</tr>
		<tr>
			<td>0.30</td>
			<td>&nbsp;</td>
			<td>&nbsp;</td>
			<td>&nbsp;</td>
			<td>&nbsp;</td>
			<td>&nbsp;</td>
			<td>&nbsp;</td>
		</tr>
		<tr>
			<td>0.40</td>
			<td>&nbsp;</td>
			<td>&nbsp;</td>
			<td>&nbsp;</td>
			<td>&nbsp;</td>
			<td>&nbsp;</td>
			<td>&nbsp;</td>
		</tr>
		<tr>
			<td>0.50</td>
			<td>&nbsp;</td>
			<td>&nbsp;</td>
			<td>&nbsp;</td>
			<td>&nbsp;</td>
			<td>&nbsp;</td>
			<td>&nbsp;</td>
		</tr>
		<tr>
			<td>11.00</td>
			<td>&nbsp;</td>
			<td>&nbsp;</td>
			<td>&nbsp;</td>
			<td>&nbsp;</td>
			<td>&nbsp;</td>
			<td>&nbsp;</td>
		</tr>
		<tr>
			<td>0.10</td>
			<td>&nbsp;</td>
			<td>&nbsp;</td>
			<td>&nbsp;</td>
			<td>&nbsp;</td>
			<td>&nbsp;</td>
			<td>&nbsp;</td>
		</tr>
		<tr>
			<td>0.20</td>
			<td>&nbsp;</td>
			<td>&nbsp;</td>
			<td>&nbsp;</td>
			<td>&nbsp;</td>
			<td>&nbsp;</td>
			<td>&nbsp;</td>
		</tr>
		<tr>
			<td>0.30</td>
			<td>&nbsp;</td>
			<td>&nbsp;</td>
			<td>&nbsp;</td>
			<td>&nbsp;</td>
			<td>&nbsp;</td>
			<td>&nbsp;</td>
		</tr>
		<tr>
			<td>0.40</td>
			<td>&nbsp;</td>
			<td>&nbsp;</td>
			<td>&nbsp;</td>
			<td>&nbsp;</td>
			<td>&nbsp;</td>
			<td>&nbsp;</td>
		</tr>
		<tr>
			<td>0.50</td>
			<td>&nbsp;</td>
			<td>&nbsp;</td>
			<td>&nbsp;</td>
			<td>&nbsp;</td>
			<td>&nbsp;</td>
			<td>&nbsp;</td>
		</tr>
		<tr>
			<td>&nbsp;</td>
			<td>&nbsp;</td>
			<td>&nbsp;</td>
			<td>&nbsp;</td>
			<td>&nbsp;</td>
			<td>&nbsp;</td>
			<td>&nbsp;</td>
		</tr>
		<tr>
			<td>&nbsp;</td>
			<td>&nbsp;</td>
			<td>&nbsp;</td>
			<td>&nbsp;</td>
			<td>&nbsp;</td>
			<td>&nbsp;</td>
			<td>&nbsp;</td>
		</tr>
		<tr>
			<td>&nbsp;</td>
			<td>&nbsp;</td>
			<td>&nbsp;</td>
			<td>&nbsp;</td>
			<td>&nbsp;</td>
			<td>&nbsp;</td>
			<td>&nbsp;</td>
		</tr>
		<tr>
			<td>&nbsp;</td>
			<td>&nbsp;</td>
			<td>&nbsp;</td>
			<td>&nbsp;</td>
			<td>&nbsp;</td>
			<td>&nbsp;</td>
			<td>&nbsp;</td>
		</tr>
		<tr>
			<td>&nbsp;</td>
			<td>&nbsp;</td>
			<td>&nbsp;</td>
			<td>&nbsp;</td>
			<td>&nbsp;</td>
			<td>&nbsp;</td>
			<td>&nbsp;</td>
		</tr>
		<tr>
			<td>&nbsp;</td>
			<td>&nbsp;</td>
			<td>&nbsp;</td>
			<td>&nbsp;</td>
			<td>&nbsp;</td>
			<td>&nbsp;</td>
			<td>&nbsp;</td>
		</tr>
		<tr>
			<td>&nbsp;</td>
			<td>&nbsp;</td>
			<td>&nbsp;</td>
			<td>&nbsp;</td>
			<td>&nbsp;</td>
			<td>&nbsp;</td>
			<td>&nbsp;</td>
		</tr>
		<tr>
			<td>&nbsp;</td>
			<td>&nbsp;</td>
			<td>&nbsp;</td>
			<td>&nbsp;</td>
			<td>&nbsp;</td>
			<td>&nbsp;</td>
			<td>&nbsp;</td>
		</tr>
		<tr>
			<td>&nbsp;</td>
			<td>&nbsp;</td>
			<td>&nbsp;</td>
			<td>&nbsp;</td>
			<td>&nbsp;</td>
			<td>&nbsp;</td>
			<td>&nbsp;</td>
		</tr>
		<tr>
			<td>&nbsp;</td>
			<td>&nbsp;</td>
			<td>&nbsp;</td>
			<td>&nbsp;</td>
			<td>&nbsp;</td>
			<td>&nbsp;</td>
			<td>&nbsp;</td>
		</tr>
		<tr>
			<td>&nbsp;</td>
			<td>&nbsp;</td>
			<td>&nbsp;</td>
			<td>&nbsp;</td>
			<td>&nbsp;</td>
			<td>&nbsp;</td>
			<td>&nbsp;</td>
		</tr>
		<tr>
			<td>&nbsp;</td>
			<td>&nbsp;</td>
			<td>&nbsp;</td>
			<td>&nbsp;</td>
			<td>&nbsp;</td>
			<td>&nbsp;</td>
			<td>&nbsp;</td>
		</tr>
		<tr>
			<td>&nbsp;</td>
			<td>&nbsp;</td>
			<td>&nbsp;</td>
			<td>&nbsp;</td>
			<td>&nbsp;</td>
			<td>&nbsp;</td>
			<td>&nbsp;</td>
		</tr>
		<tr>
			<td>&nbsp;</td>
			<td>&nbsp;</td>
			<td>&nbsp;</td>
			<td>&nbsp;</td>
			<td>&nbsp;</td>
			<td>&nbsp;</td>
			<td>&nbsp;</td>
		</tr>
		<tr>
			<td>&nbsp;</td>
			<td>&nbsp;</td>
			<td>&nbsp;</td>
			<td>&nbsp;</td>
			<td>&nbsp;</td>
			<td>&nbsp;</td>
			<td>&nbsp;</td>
		</tr>
		<tr>
			<td>&nbsp;</td>
			<td>&nbsp;</td>
			<td>&nbsp;</td>
			<td>&nbsp;</td>
			<td>&nbsp;</td>
			<td>&nbsp;</td>
			<td>&nbsp;</td>
		</tr>
		<tr>
			<td>&nbsp;</td>
			<td>&nbsp;</td>
			<td>&nbsp;</td>
			<td>&nbsp;</td>
			<td>&nbsp;</td>
			<td>&nbsp;</td>
			<td>&nbsp;</td>
		</tr>
	</tbody>
</table>

<p><br />
<strong>+Postoperative treatment orders</strong></p>

<p><span style=""font-size:16px""><span style=""font-family:Lucida Sans Unicode,Lucida Grande,sans-serif"">*Oxygen therapy: Rate, method of administration(Oxygen mask, intranasal, nasal prongs, etc)</span></span></p>

<p><span style=""font-size:16px""><span style=""font-family:Lucida Sans Unicode,Lucida Grande,sans-serif"">*Blood transfusion:</span></span></p>

<p><span style=""font-size:16px""><span style=""font-family:Lucida Sans Unicode,Lucida Grande,sans-serif"">*Group and screen only:</span></span></p>

<p><span style=""font-size:16px""><span style=""font-family:Lucida Sans Unicode,Lucida Grande,sans-serif"">*Group, screen and crossmatch:</span></span></p>

<p><span style=""font-size:16px""><span style=""font-family:Lucida Sans Unicode,Lucida Grande,sans-serif"">*Others:</span></span></p>

<p>&nbsp;</p>

<p><span style=""font-size:16px""><span style=""font-family:Lucida Sans Unicode,Lucida Grande,sans-serif""><strong>+Postoperative recovery room critical incidents</strong></span></span></p>

<p>&nbsp;</p>

<p><span style=""font-size:16px""><span style=""font-family:Lucida Sans Unicode,Lucida Grande,sans-serif""><strong>+Discharge from recovery room: Time, BP, pulse, SpO2, mental status(awake, unconscious)</strong></span></span></p>

<p>&nbsp;</p>

<p><span style=""font-size:16px""><span style=""font-family:Lucida Sans Unicode,Lucida Grande,sans-serif""><strong>+Total duration of stay in recovery room</strong></span></span></p>

<p>&nbsp;</p>

<p><span style=""font-size:16px""><span style=""font-family:Lucida Sans Unicode,Lucida Grande,sans-serif""><strong>+Signature:</strong></span></span></p>

<p>&nbsp;</p>

<p>&nbsp;</p>

<p>&nbsp;</p>

<p><span style=""font-size:16px""><span style=""font-family:Lucida Sans Unicode,Lucida Grande,sans-serif""><strong>-PAIN RELIEF SERVICE RECORDS</strong></span></span></p>

<p>&nbsp;</p>

<p><span style=""font-size:16px""><span style=""font-family:Lucida Sans Unicode,Lucida Grande,sans-serif""><strong>#CHRONIC PAIN RELIEF SERVICE RECORDS</strong></span></span></p>

<p>&nbsp;</p>

<p>&nbsp;</p>

<p>&nbsp;</p>

<p><span style=""font-size:16px""><span style=""font-family:Lucida Sans Unicode,Lucida Grande,sans-serif""><strong>#LABOUR PAIN RELIEF SERVICE RECORDS</strong></span></span></p>

<p>&nbsp;</p>

<p><span style=""font-size:16px""><span style=""font-family:Lucida Sans Unicode,Lucida Grande,sans-serif""><strong>#POSTOPERATIVE ANALGESIA SERVICE RECORDS</strong></span></span></p>

<p>&nbsp;</p>

<p><span style=""font-size:16px""><span style=""font-family:Lucida Sans Unicode,Lucida Grande,sans-serif""><strong>-CRITICAL CARE UNIT(ICU) RECORDS</strong></span></span></p>

<p>&nbsp;</p>

<p><span style=""font-size:16px""><span style=""font-family:Lucida Sans Unicode,Lucida Grande,sans-serif""><strong>#</strong></span></span></p>

<p>&nbsp;</p>

<p><span style=""font-size:16px""><span style=""font-family:Lucida Sans Unicode,Lucida Grande,sans-serif""><strong>#</strong></span></span></p>

<p>&nbsp;</p>

<p><span style=""font-size:16px""><span style=""font-family:Lucida Sans Unicode,Lucida Grande,sans-serif""><strong>#</strong></span></span></p>

<p>&nbsp;</p>

<p><span style=""font-size:16px""><span style=""font-family:Lucida Sans Unicode,Lucida Grande,sans-serif""><strong>#</strong></span></span></p>

<p>&nbsp;</p>

<p><span style=""font-size:16px""><span style=""font-family:Lucida Sans Unicode,Lucida Grande,sans-serif""><strong>-</strong></span></span></p>

<p>&nbsp;</p>

<p>&nbsp;</p>
",POSTOPERATIVE ANAESTHESIA RECOVERY RECORDS,CLINICAL NOTE
584,"<p>&nbsp;</p>

<p>&nbsp;</p>

<p><span style=""font-size:16px""><span style=""font-family:Lucida Sans Unicode,Lucida Grande,sans-serif""><strong>INTRAOPERATIVE ANAESTHESIA RECORDS</strong></span></span></p>

<p><span style=""font-size:16px""><span style=""font-family:Lucida Sans Unicode,Lucida Grande,sans-serif"">~Date:</span></span></p>

<p><span style=""font-size:16px""><span style=""font-family:Lucida Sans Unicode,Lucida Grande,sans-serif"">~Patient identity:</span></span></p>

<p><span style=""font-size:16px""><span style=""font-family:Lucida Sans Unicode,Lucida Grande,sans-serif"">*Hospital Number:&nbsp; &nbsp; &nbsp; &nbsp; &nbsp; &nbsp; &nbsp;</span></span></p>

<p><span style=""font-size:16px""><span style=""font-family:Lucida Sans Unicode,Lucida Grande,sans-serif"">*Ward:</span></span></p>

<p><span style=""font-size:16px""><span style=""font-family:Lucida Sans Unicode,Lucida Grande,sans-serif"">*Name:</span></span></p>

<p><span style=""font-size:16px""><span style=""font-family:Lucida Sans Unicode,Lucida Grande,sans-serif"">*Address:</span></span></p>

<p><span style=""font-size:16px""><span style=""font-family:Lucida Sans Unicode,Lucida Grande,sans-serif"">*Date of birth/age:</span></span></p>

<p><span style=""font-size:16px""><span style=""font-family:Lucida Sans Unicode,Lucida Grande,sans-serif"">*Sex:</span></span></p>

<p><span style=""font-size:16px""><span style=""font-family:Lucida Sans Unicode,Lucida Grande,sans-serif"">*Religion: Moslem, Christianity, Jehovah&rsquo;s witness, others</span></span></p>

<p>&nbsp;</p>

<p><span style=""font-size:16px""><span style=""font-family:Lucida Sans Unicode,Lucida Grande,sans-serif""><strong>~Anaesthetists(Name and designation)</strong></span></span></p>

<p>&nbsp;</p>

<p><span style=""font-size:16px""><span style=""font-family:Lucida Sans Unicode,Lucida Grande,sans-serif""><strong>~Surgeon(Name and designation)</strong></span></span></p>

<p>&nbsp;</p>

<p><span style=""font-size:16px""><span style=""font-family:Lucida Sans Unicode,Lucida Grande,sans-serif""><strong>~Surgical assistant(Name and designation)</strong></span></span></p>

<p>&nbsp;</p>

<p><span style=""font-size:16px""><span style=""font-family:Lucida Sans Unicode,Lucida Grande,sans-serif""><strong>~Scrub nurse(Name/designation)</strong></span></span></p>

<p>&nbsp;</p>

<p><span style=""font-size:16px""><span style=""font-family:Lucida Sans Unicode,Lucida Grande,sans-serif""><strong>~Surgery</strong></span></span></p>

<p>&nbsp;</p>

<p><span style=""font-size:16px""><span style=""font-family:Lucida Sans Unicode,Lucida Grande,sans-serif""><strong>+Type of operation</strong></span></span></p>

<p><span style=""font-size:16px""><span style=""font-family:Lucida Sans Unicode,Lucida Grande,sans-serif"">*Orthopaedic Surgery: No</span></span></p>

<p><span style=""font-size:16px""><span style=""font-family:Lucida Sans Unicode,Lucida Grande,sans-serif"">*General surgery: No</span></span></p>

<p><span style=""font-size:16px""><span style=""font-family:Lucida Sans Unicode,Lucida Grande,sans-serif"">*Burns and plastic surgery: No</span></span></p>

<p><span style=""font-size:16px""><span style=""font-family:Lucida Sans Unicode,Lucida Grande,sans-serif"">*Maxillo-facial surgery: No</span></span></p>

<p><span style=""font-size:16px""><span style=""font-family:Lucida Sans Unicode,Lucida Grande,sans-serif"">*Paediatric surgery: No</span></span></p>

<p><span style=""font-size:16px""><span style=""font-family:Lucida Sans Unicode,Lucida Grande,sans-serif"">*Others: No</span></span></p>

<p>&nbsp;</p>

<p><span style=""font-size:16px""><span style=""font-family:Lucida Sans Unicode,Lucida Grande,sans-serif""><strong>+Site of operation</strong></span></span></p>

<p>&nbsp;</p>

<p><span style=""font-size:16px""><span style=""font-family:Lucida Sans Unicode,Lucida Grande,sans-serif"">*Spine and back: No</span></span></p>

<p><span style=""font-size:16px""><span style=""font-family:Lucida Sans Unicode,Lucida Grande,sans-serif"">*Intracranial: No</span></span></p>

<p><span style=""font-size:16px""><span style=""font-family:Lucida Sans Unicode,Lucida Grande,sans-serif"">*Ear/nose/throat : No</span></span></p>

<p><span style=""font-size:16px""><span style=""font-family:Lucida Sans Unicode,Lucida Grande,sans-serif"">*Mouth: No</span></span></p>

<p><span style=""font-size:16px""><span style=""font-family:Lucida Sans Unicode,Lucida Grande,sans-serif"">*Thyroid: No</span></span></p>

<p><span style=""font-size:16px""><span style=""font-family:Lucida Sans Unicode,Lucida Grande,sans-serif"">*Other head and neck: No</span></span></p>

<p><span style=""font-size:16px""><span style=""font-family:Lucida Sans Unicode,Lucida Grande,sans-serif"">*Heart and great vessels: No</span></span></p>

<p><span style=""font-size:16px""><span style=""font-family:Lucida Sans Unicode,Lucida Grande,sans-serif"">*Pulmonary: No</span></span></p>

<p><span style=""font-size:16px""><span style=""font-family:Lucida Sans Unicode,Lucida Grande,sans-serif"">*Other intrathoracic: No</span></span></p>

<p><span style=""font-size:16px""><span style=""font-family:Lucida Sans Unicode,Lucida Grande,sans-serif"">*Chest wall: No</span></span></p>

<p><span style=""font-size:16px""><span style=""font-family:Lucida Sans Unicode,Lucida Grande,sans-serif"">*Lumbar : No&nbsp; &nbsp;&nbsp;</span></span></p>

<p><span style=""font-size:16px""><span style=""font-family:Lucida Sans Unicode,Lucida Grande,sans-serif"">*Upper abdominal: No</span></span></p>

<p><span style=""font-size:16px""><span style=""font-family:Lucida Sans Unicode,Lucida Grande,sans-serif"">*Lower abdominal: No</span></span></p>

<p><span style=""font-size:16px""><span style=""font-family:Lucida Sans Unicode,Lucida Grande,sans-serif"">*Inguinal: No</span></span></p>

<p><span style=""font-size:16px""><span style=""font-family:Lucida Sans Unicode,Lucida Grande,sans-serif"">*Perineal: No</span></span></p>

<p><span style=""font-size:16px""><span style=""font-family:Lucida Sans Unicode,Lucida Grande,sans-serif"">*Extremities: No</span></span></p>

<p>&nbsp;</p>

<p><span style=""font-size:16px""><span style=""font-family:Lucida Sans Unicode,Lucida Grande,sans-serif""><strong>~Type of anaesthesia</strong></span></span></p>

<p><span style=""font-size:16px""><span style=""font-family:Lucida Sans Unicode,Lucida Grande,sans-serif"">*Conscious sedation: No</span></span></p>

<p><span style=""font-size:16px""><span style=""font-family:Lucida Sans Unicode,Lucida Grande,sans-serif"">*General anaesthesia(Face mask): No</span></span></p>

<p><span style=""font-size:16px""><span style=""font-family:Lucida Sans Unicode,Lucida Grande,sans-serif"">*General anaesthesia with LMA: No</span></span></p>

<p><span style=""font-size:16px""><span style=""font-family:Lucida Sans Unicode,Lucida Grande,sans-serif"">*General anaesthesia(relaxant technique):&nbsp;No</span></span></p>

<p><span style=""font-size:16px""><span style=""font-family:Lucida Sans Unicode,Lucida Grande,sans-serif"">*General anaesthesia(TIVA): No</span></span></p>

<p><span style=""font-size:16px""><span style=""font-family:Lucida Sans Unicode,Lucida Grande,sans-serif"">*Local infilteration: No</span></span></p>

<p><span style=""font-size:16px""><span style=""font-family:Lucida Sans Unicode,Lucida Grande,sans-serif"">*Bier&rsquo;s block: No</span></span></p>

<p><span style=""font-size:16px""><span style=""font-family:Lucida Sans Unicode,Lucida Grande,sans-serif"">*Peripheral nerve block: No</span></span></p>

<p><span style=""font-size:16px""><span style=""font-family:Lucida Sans Unicode,Lucida Grande,sans-serif"">*Neuraxial anaesthesia(Subarachnoid spinal, saddle, epidural, caudal)</span></span></p>

<p><span style=""font-size:16px""><span style=""font-family:Lucida Sans Unicode,Lucida Grande,sans-serif"">*Others: No</span></span></p>

<p>&nbsp;</p>

<p><span style=""font-size:16px""><span style=""font-family:Lucida Sans Unicode,Lucida Grande,sans-serif""><strong>~Preoperative baseline vitals</strong></span></span></p>

<p><span style=""font-size:16px""><span style=""font-family:Lucida Sans Unicode,Lucida Grande,sans-serif"">.BP</span></span></p>

<p><span style=""font-size:16px""><span style=""font-family:Lucida Sans Unicode,Lucida Grande,sans-serif"">.Pulse</span></span></p>

<p><span style=""font-size:16px""><span style=""font-family:Lucida Sans Unicode,Lucida Grande,sans-serif"">SpO2</span></span></p>

<p>&nbsp;</p>

<p><span style=""font-size:16px""><span style=""font-family:Lucida Sans Unicode,Lucida Grande,sans-serif""><strong>~Intravenous access: Site, type,</strong></span></span></p>

<p>&nbsp;</p>

<p><span style=""font-size:16px""><span style=""font-family:Lucida Sans Unicode,Lucida Grande,sans-serif""><strong>~Anaesthesia time:</strong></span></span></p>

<p><span style=""font-size:16px""><span style=""font-family:Lucida Sans Unicode,Lucida Grande,sans-serif""><strong>Start:&nbsp;</strong></span></span></p>

<p><span style=""font-size:16px""><span style=""font-family:Lucida Sans Unicode,Lucida Grande,sans-serif""><strong>End:&nbsp;</strong></span></span></p>

<p><span style=""font-size:16px""><span style=""font-family:Lucida Sans Unicode,Lucida Grande,sans-serif""><strong>Duration:</strong></span></span></p>

<p>&nbsp;</p>

<p><span style=""font-size:16px""><span style=""font-family:Lucida Sans Unicode,Lucida Grande,sans-serif""><strong>~Surgery time: </strong></span></span></p>

<p><span style=""font-size:16px""><span style=""font-family:Lucida Sans Unicode,Lucida Grande,sans-serif""><strong>Start:&nbsp;</strong></span></span></p>

<p><span style=""font-size:16px""><span style=""font-family:Lucida Sans Unicode,Lucida Grande,sans-serif""><strong>End:&nbsp;</strong></span></span></p>

<p><span style=""font-size:16px""><span style=""font-family:Lucida Sans Unicode,Lucida Grande,sans-serif""><strong>Duration:</strong></span></span></p>

<p>&nbsp;</p>

<p><span style=""font-size:16px""><span style=""font-family:Lucida Sans Unicode,Lucida Grande,sans-serif""><strong>~Anaesthetic notes/procedure</strong></span></span></p>

<p>&nbsp;</p>

<p><span style=""font-size:16px""><span style=""font-family:Lucida Sans Unicode,Lucida Grande,sans-serif""><strong>+General anaesthesia</strong></span></span></p>

<p><span style=""font-size:16px""><span style=""font-family:Lucida Sans Unicode,Lucida Grande,sans-serif"">*Preoxygenation:</span></span></p>

<p><span style=""font-size:16px""><span style=""font-family:Lucida Sans Unicode,Lucida Grande,sans-serif"">*Induction:</span></span></p>

<p><span style=""font-size:16px""><span style=""font-family:Lucida Sans Unicode,Lucida Grande,sans-serif"">*Pre-intubation laryngoscopy score(Cormack score):</span></span></p>

<p>&nbsp;</p>

<p><span style=""font-size:16px""><span style=""font-family:Lucida Sans Unicode,Lucida Grande,sans-serif"">*Artificial airway insertion:Guedels, LMA, endotracheal intubation , endobronchial intubation, others</span></span></p>

<p>&nbsp;</p>

<p><span style=""font-size:16px""><span style=""font-family:Lucida Sans Unicode,Lucida Grande,sans-serif"">*Other procedures:</span></span></p>

<p>&nbsp;</p>

<p><span style=""font-size:16px""><span style=""font-family:Lucida Sans Unicode,Lucida Grande,sans-serif"">.NG tube placement:</span></span></p>

<p>&nbsp;</p>

<p><span style=""font-size:16px""><span style=""font-family:Lucida Sans Unicode,Lucida Grande,sans-serif"">*Confirmation and securing of correct artificial airway and other invasive devices placement</span></span></p>

<p>&nbsp;</p>

<p><span style=""font-size:16px""><span style=""font-family:Lucida Sans Unicode,Lucida Grande,sans-serif"">*Throat pack insertion: Yes/no</span></span></p>

<p><span style=""font-size:16px""><span style=""font-family:Lucida Sans Unicode,Lucida Grande,sans-serif"">*Protection of eyes: Yes/no</span></span></p>

<p><span style=""font-size:16px""><span style=""font-family:Lucida Sans Unicode,Lucida Grande,sans-serif"">*Maintennace of general anaesthesia</span></span></p>

<p><span style=""font-size:16px""><span style=""font-family:Lucida Sans Unicode,Lucida Grande,sans-serif"">*Respiratory support</span></span></p>

<p>&nbsp;</p>

<p><span style=""font-size:16px""><span style=""font-family:Lucida Sans Unicode,Lucida Grande,sans-serif"">.Spontaneous</span></span></p>

<p><span style=""font-size:16px""><span style=""font-family:Lucida Sans Unicode,Lucida Grande,sans-serif"">.IPPV(Manual, mechanical)</span></span></p>

<p>&nbsp;</p>

<p><span style=""font-size:16px""><span style=""font-family:Lucida Sans Unicode,Lucida Grande,sans-serif"">*Anaethetic breathing system</span></span></p>

<p>&nbsp;</p>

<p><span style=""font-size:16px""><span style=""font-family:Lucida Sans Unicode,Lucida Grande,sans-serif"">.Closed system with soda lime absorber</span></span></p>

<p><span style=""font-size:16px""><span style=""font-family:Lucida Sans Unicode,Lucida Grande,sans-serif"">.Bain&rsquo;s system</span></span></p>

<p><span style=""font-size:16px""><span style=""font-family:Lucida Sans Unicode,Lucida Grande,sans-serif"">.Mapleson F system</span></span></p>

<p><span style=""font-size:16px""><span style=""font-family:Lucida Sans Unicode,Lucida Grande,sans-serif"">.Others</span></span></p>

<p>&nbsp;</p>

<p>&nbsp;</p>

<p><span style=""font-size:16px""><span style=""font-family:Lucida Sans Unicode,Lucida Grande,sans-serif"">*Recovery</span></span></p>

<p>&nbsp;</p>

<p><span style=""font-size:16px""><span style=""font-family:Lucida Sans Unicode,Lucida Grande,sans-serif"">.Discontinuation of general anaesthetic agents</span></span></p>

<p><span style=""font-size:16px""><span style=""font-family:Lucida Sans Unicode,Lucida Grande,sans-serif"">.Supplemental oxygen therapy(FIO2%)</span></span></p>

<p><span style=""font-size:16px""><span style=""font-family:Lucida Sans Unicode,Lucida Grande,sans-serif"">.Reversal of depolarizing neuromuscular block</span></span></p>

<p><span style=""font-size:16px""><span style=""font-family:Lucida Sans Unicode,Lucida Grande,sans-serif"">.Removal of throat pack: Yes/no</span></span></p>

<p><span style=""font-size:16px""><span style=""font-family:Lucida Sans Unicode,Lucida Grande,sans-serif"">.Removal of invasive devices: epidural catheter, artificial airway appliance, others</span></span></p>

<p>&nbsp;</p>

<p><span style=""font-size:16px""><span style=""font-family:Lucida Sans Unicode,Lucida Grande,sans-serif""><strong>+Subarchnoid spinal anaesthesia</strong></span></span></p>

<p><span style=""font-size:16px""><span style=""font-family:Lucida Sans Unicode,Lucida Grande,sans-serif"">*Asepsis:</span></span></p>

<p><span style=""font-size:16px""><span style=""font-family:Lucida Sans Unicode,Lucida Grande,sans-serif"">*Site:</span></span></p>

<p><span style=""font-size:16px""><span style=""font-family:Lucida Sans Unicode,Lucida Grande,sans-serif"">*Local infiltration:</span></span></p>

<p><span style=""font-size:16px""><span style=""font-family:Lucida Sans Unicode,Lucida Grande,sans-serif"">*Spinal needle(Size, type)</span></span></p>

<p><span style=""font-size:16px""><span style=""font-family:Lucida Sans Unicode,Lucida Grande,sans-serif"">*Local anaesthetic(Type, dose, concentration, adjuvants)</span></span></p>

<p><span style=""font-size:16px""><span style=""font-family:Lucida Sans Unicode,Lucida Grande,sans-serif"">*Quality of block:</span></span></p>

<p><span style=""font-size:16px""><span style=""font-family:Lucida Sans Unicode,Lucida Grande,sans-serif"">.Sensory block(Level):</span></span></p>

<p><span style=""font-size:16px""><span style=""font-family:Lucida Sans Unicode,Lucida Grande,sans-serif"">.Motor block(Bromage score):</span></span></p>

<p><span style=""font-size:16px""><span style=""font-family:Lucida Sans Unicode,Lucida Grande,sans-serif"">*Monitoring:</span></span></p>

<p>&nbsp;</p>

<p><span style=""font-size:16px""><span style=""font-family:Lucida Sans Unicode,Lucida Grande,sans-serif""><strong>+Epidural anaesthesia</strong></span></span></p>

<p><span style=""font-size:16px""><span style=""font-family:Lucida Sans Unicode,Lucida Grande,sans-serif"">*Asepsis:</span></span></p>

<p><span style=""font-size:16px""><span style=""font-family:Lucida Sans Unicode,Lucida Grande,sans-serif"">*Site: Caudal, lumbar, others</span></span></p>

<p><span style=""font-size:16px""><span style=""font-family:Lucida Sans Unicode,Lucida Grande,sans-serif"">*Local infiltration:</span></span></p>

<p><span style=""font-size:16px""><span style=""font-family:Lucida Sans Unicode,Lucida Grande,sans-serif"">*Epidural needle(Size, type):</span></span></p>

<p><span style=""font-size:16px""><span style=""font-family:Lucida Sans Unicode,Lucida Grande,sans-serif"">*Epidural space localization technique:</span></span></p>

<p><span style=""font-size:16px""><span style=""font-family:Lucida Sans Unicode,Lucida Grande,sans-serif"">.Loss of resistance:</span></span></p>

<p><span style=""font-size:16px""><span style=""font-family:Lucida Sans Unicode,Lucida Grande,sans-serif"">.Others:</span></span></p>

<p>&nbsp;</p>

<p><span style=""font-size:16px""><span style=""font-family:Lucida Sans Unicode,Lucida Grande,sans-serif"">*Local anaesthetic(Type, dose, concentration, adjuvants)</span></span></p>

<p><span style=""font-size:16px""><span style=""font-family:Lucida Sans Unicode,Lucida Grande,sans-serif"">*Epidural catheter: Insertion, removal</span></span></p>

<p><span style=""font-size:16px""><span style=""font-family:Lucida Sans Unicode,Lucida Grande,sans-serif"">*Quality of block</span></span></p>

<p><span style=""font-size:16px""><span style=""font-family:Lucida Sans Unicode,Lucida Grande,sans-serif"">.Sensory block(Level)</span></span></p>

<p><span style=""font-size:16px""><span style=""font-family:Lucida Sans Unicode,Lucida Grande,sans-serif"">.Motor block(Bromage score)</span></span></p>

<p>&nbsp;</p>

<p><span style=""font-size:16px""><span style=""font-family:Lucida Sans Unicode,Lucida Grande,sans-serif""><strong>~Intraopertive monitoring</strong></span></span></p>

<p><span style=""font-size:16px""><span style=""font-family:Lucida Sans Unicode,Lucida Grande,sans-serif"">,BP(NIBP, IBP):</span></span></p>

<p><span style=""font-size:16px""><span style=""font-family:Lucida Sans Unicode,Lucida Grande,sans-serif"">.Random blood glucose(Glucometer):</span></span></p>

<p><span style=""font-size:16px""><span style=""font-family:Lucida Sans Unicode,Lucida Grande,sans-serif"">.SpO2:</span></span></p>

<p><span style=""font-size:16px""><span style=""font-family:Lucida Sans Unicode,Lucida Grande,sans-serif"">.Precordial stethoscope:</span></span></p>

<p><span style=""font-size:16px""><span style=""font-family:Lucida Sans Unicode,Lucida Grande,sans-serif"">.ECG:</span></span></p>

<p><span style=""font-size:16px""><span style=""font-family:Lucida Sans Unicode,Lucida Grande,sans-serif"">.Temperature:</span></span></p>

<p><span style=""font-size:16px""><span style=""font-family:Lucida Sans Unicode,Lucida Grande,sans-serif"">.EtCO2:</span></span></p>

<p><span style=""font-size:16px""><span style=""font-family:Lucida Sans Unicode,Lucida Grande,sans-serif"">.Blood loss:</span></span></p>

<p><span style=""font-size:16px""><span style=""font-family:Lucida Sans Unicode,Lucida Grande,sans-serif"">.Fluid intake and output:</span></span></p>

<p><span style=""font-size:16px""><span style=""font-family:Lucida Sans Unicode,Lucida Grande,sans-serif"">.Others:</span></span></p>

<p>&nbsp;</p>

<p><span style=""font-size:16px""><span style=""font-family:Lucida Sans Unicode,Lucida Grande,sans-serif""><strong>~Intraoperative anaesthetic chart</strong></span></span></p>

<p><br />
<strong>Position of patient for surgery: Supine(with tilt/without tilt), lateral, full prone, others</strong></p>

<p>&nbsp;</p>

<p><span style=""font-size:16px""><span style=""font-family:Lucida Sans Unicode,Lucida Grande,sans-serif""><strong>~Tournique time: Start, removal, duration</strong></span></span></p>

<p>&nbsp;</p>

<p><span style=""font-size:16px""><span style=""font-family:Lucida Sans Unicode,Lucida Grande,sans-serif""><strong>~Estimated blood loss</strong></span></span></p>

<p>&nbsp;</p>

<p><span style=""font-size:16px""><span style=""font-family:Lucida Sans Unicode,Lucida Grande,sans-serif""><strong>~Total fluid balance</strong></span></span></p>

<p><span style=""font-size:16px""><span style=""font-family:Lucida Sans Unicode,Lucida Grande,sans-serif"">*Intake:</span></span></p>

<p><span style=""font-size:16px""><span style=""font-family:Lucida Sans Unicode,Lucida Grande,sans-serif"">.Plasma expanders(Crystalloids, colloids)</span></span></p>

<p><span style=""font-size:16px""><span style=""font-family:Lucida Sans Unicode,Lucida Grande,sans-serif"">.Blood transfusion(Whole blood, packed cell, FFP, platelet concentrates, etc)</span></span></p>

<p><span style=""font-size:16px""><span style=""font-family:Lucida Sans Unicode,Lucida Grande,sans-serif"">*Output:</span></span></p>

<p>&nbsp;</p>

<p><span style=""font-size:16px""><span style=""font-family:Lucida Sans Unicode,Lucida Grande,sans-serif"">.Urine:</span></span></p>

<p><span style=""font-size:16px""><span style=""font-family:Lucida Sans Unicode,Lucida Grande,sans-serif"">.NG tube:</span></span></p>

<p><span style=""font-size:16px""><span style=""font-family:Lucida Sans Unicode,Lucida Grande,sans-serif"">.Others:</span></span></p>

<p>&nbsp;</p>

<p><span style=""font-size:16px""><span style=""font-family:Lucida Sans Unicode,Lucida Grande,sans-serif""><strong>~Intraoperative critical incidents</strong></span></span></p>

<p><span style=""font-size:16px""><span style=""font-family:Lucida Sans Unicode,Lucida Grande,sans-serif"">*Difficult intubation:</span></span></p>

<p><span style=""font-size:16px""><span style=""font-family:Lucida Sans Unicode,Lucida Grande,sans-serif"">*Cardiopulmonary arrest:</span></span></p>

<p><span style=""font-size:16px""><span style=""font-family:Lucida Sans Unicode,Lucida Grande,sans-serif"">*Convulsion:</span></span></p>

<p><span style=""font-size:16px""><span style=""font-family:Lucida Sans Unicode,Lucida Grande,sans-serif"">*Nausea and vomiting:</span></span></p>

<p><span style=""font-size:16px""><span style=""font-family:Lucida Sans Unicode,Lucida Grande,sans-serif"">*Shivering:</span></span></p>

<p><span style=""font-size:16px""><span style=""font-family:Lucida Sans Unicode,Lucida Grande,sans-serif"">*Hypotension:</span></span></p>

<p><span style=""font-size:16px""><span style=""font-family:Lucida Sans Unicode,Lucida Grande,sans-serif"">*Allergic reaction:</span></span></p>

<p><span style=""font-size:16px""><span style=""font-family:Lucida Sans Unicode,Lucida Grande,sans-serif"">*Others:</span></span></p>

<p>&nbsp;</p>

<p><span style=""font-size:16px""><span style=""font-family:Lucida Sans Unicode,Lucida Grande,sans-serif"">~Immediate post anaesthetic condition: Satisfactory(awake), unsatisfactory(weak, restless CVS depression, respiratory depression, dead).</span></span></p>

<p>&nbsp;</p>

<p><span style=""font-size:16px""><span style=""font-family:Lucida Sans Unicode,Lucida Grande,sans-serif"">~Immediate postanaesthetic care: Recovery room, ICU, HDU, others</span></span></p>

<p>&nbsp;</p>

<p><span style=""font-size:16px""><span style=""font-family:Lucida Sans Unicode,Lucida Grande,sans-serif""><strong>~Signature:</strong></span></span></p>

<p>&nbsp;</p>

<p>&nbsp;</p>
",INTRAOPERATIVE ANAESTHESIA RECORD,CLINICAL NOTE
401,"<p style=""text-align:center""><strong>---Check boxes with * ----</strong></p>

<p><span style=""font-size:14px""><strong>Orientation:</strong></span></p>

<p><strong><span style=""font-size:14px"">Distress:&nbsp;</span> </strong>&nbsp; &nbsp;Resp [&nbsp; ]&nbsp; &nbsp; &nbsp;Pr&nbsp;[ &nbsp;]&nbsp; &nbsp; &nbsp; Others [&nbsp; ]</p>

<p><span style=""font-size:14px""><strong>Pallor:</strong></span></p>

<p><span style=""font-size:14px""><strong>Febrile:</strong></span></p>

<p><span style=""font-size:14px""><strong>Icteric:</strong></span></p>

<p><span style=""font-size:14px""><strong>Cyanosis:</strong></span></p>

<p><span style=""font-size:14px""><strong>Dehydration:</strong></span></p>

<p><span style=""font-size:14px""><strong>Pedal Oedema:</strong></span></p>

<p><span style=""font-size:14px""><strong>Others:</strong></span></p>

<p>&nbsp;</p>

<ul>
</ul>
",General Examination,EXAMINATION
422,,EXAMINATION,EXAMINATION
601,"<p>&nbsp;</p>

<p>ANAESTHESIA CHART</p>

<table border=""1"" cellpadding=""1"" cellspacing=""1"" style=""width:800px"">
	<tbody>
		<tr>
			<td>TIME</td>
			<td>0.00</td>
			<td>0.10</td>
			<td>0.20</td>
			<td>0.30</td>
			<td>0.40</td>
			<td>0.50</td>
			<td>1.00</td>
			<td>1.10</td>
			<td>1.20</td>
			<td>1.30</td>
			<td>1.40</td>
			<td>1.50</td>
			<td>2.00</td>
			<td>2.10</td>
			<td>2.20</td>
			<td>2.30</td>
			<td>2.40</td>
			<td>2.50</td>
			<td>3.00</td>
			<td>3.10</td>
			<td>3.20</td>
			<td>3.30</td>
			<td>3.40</td>
			<td>3.50</td>
			<td>4.00</td>
			<td>4.10</td>
			<td>4.20</td>
			<td>4.30</td>
			<td>4.40</td>
			<td>4.50</td>
			<td>5.00</td>
		</tr>
		<tr>
			<td>SPO<sub>2</sub></td>
			<td>&nbsp;</td>
			<td>&nbsp;</td>
			<td>&nbsp;</td>
			<td>&nbsp;</td>
			<td>&nbsp;</td>
			<td>&nbsp;</td>
			<td>&nbsp;</td>
			<td>&nbsp;</td>
			<td>&nbsp;</td>
			<td>&nbsp;</td>
			<td>&nbsp;</td>
			<td>&nbsp;</td>
			<td>&nbsp;</td>
			<td>&nbsp;</td>
			<td>&nbsp;</td>
			<td>&nbsp;</td>
			<td>&nbsp;</td>
			<td>&nbsp;</td>
			<td>&nbsp;</td>
			<td>&nbsp;</td>
			<td>&nbsp;</td>
			<td>&nbsp;</td>
			<td>&nbsp;</td>
			<td>&nbsp;</td>
			<td>&nbsp;</td>
			<td>&nbsp;</td>
			<td>&nbsp;</td>
			<td>&nbsp;</td>
			<td>&nbsp;</td>
			<td>&nbsp;</td>
			<td>&nbsp;</td>
		</tr>
		<tr>
			<td>TEMP</td>
			<td>&nbsp;</td>
			<td>&nbsp;</td>
			<td>&nbsp;</td>
			<td>&nbsp;</td>
			<td>&nbsp;</td>
			<td>&nbsp;</td>
			<td>&nbsp;</td>
			<td>&nbsp;</td>
			<td>&nbsp;</td>
			<td>&nbsp;</td>
			<td>&nbsp;</td>
			<td>&nbsp;</td>
			<td>&nbsp;</td>
			<td>&nbsp;</td>
			<td>&nbsp;</td>
			<td>&nbsp;</td>
			<td>&nbsp;</td>
			<td>&nbsp;</td>
			<td>&nbsp;</td>
			<td>&nbsp;</td>
			<td>&nbsp;</td>
			<td>&nbsp;</td>
			<td>&nbsp;</td>
			<td>&nbsp;</td>
			<td>&nbsp;</td>
			<td>&nbsp;</td>
			<td>&nbsp;</td>
			<td>&nbsp;</td>
			<td>&nbsp;</td>
			<td>&nbsp;</td>
			<td>&nbsp;</td>
		</tr>
		<tr>
			<td>&nbsp;</td>
			<td>&nbsp;</td>
			<td>&nbsp;</td>
			<td>&nbsp;</td>
			<td>&nbsp;</td>
			<td>&nbsp;</td>
			<td>&nbsp;</td>
			<td>&nbsp;</td>
			<td>&nbsp;</td>
			<td>&nbsp;</td>
			<td>&nbsp;</td>
			<td>&nbsp;</td>
			<td>&nbsp;</td>
			<td>&nbsp;</td>
			<td>&nbsp;</td>
			<td>&nbsp;</td>
			<td>&nbsp;</td>
			<td>&nbsp;</td>
			<td>&nbsp;</td>
			<td>&nbsp;</td>
			<td>&nbsp;</td>
			<td>&nbsp;</td>
			<td>&nbsp;</td>
			<td>&nbsp;</td>
			<td>&nbsp;</td>
			<td>&nbsp;</td>
			<td>&nbsp;</td>
			<td>&nbsp;</td>
			<td>&nbsp;</td>
			<td>&nbsp;</td>
			<td>&nbsp;</td>
			<td>&nbsp;</td>
		</tr>
		<tr>
			<td>SYMBOLS</td>
			<td>&nbsp;</td>
			<td>&nbsp;</td>
			<td>&nbsp;</td>
			<td>&nbsp;</td>
			<td>&nbsp;</td>
			<td>&nbsp;</td>
			<td>&nbsp;</td>
			<td>&nbsp;</td>
			<td>&nbsp;</td>
			<td>&nbsp;</td>
			<td>&nbsp;</td>
			<td>&nbsp;</td>
			<td>&nbsp;</td>
			<td>&nbsp;</td>
			<td>&nbsp;</td>
			<td>&nbsp;</td>
			<td>&nbsp;</td>
			<td>&nbsp;</td>
			<td>&nbsp;</td>
			<td>&nbsp;</td>
			<td>&nbsp;</td>
			<td>&nbsp;</td>
			<td>&nbsp;</td>
			<td>&nbsp;</td>
			<td>&nbsp;</td>
			<td>&nbsp;</td>
			<td>&nbsp;</td>
			<td>&nbsp;</td>
			<td>&nbsp;</td>
			<td>&nbsp;</td>
			<td>&nbsp;</td>
		</tr>
		<tr>
			<td><strong>EtCO<sub><sup>2</sup></sub></strong></td>
			<td>&nbsp;</td>
			<td>&nbsp;</td>
			<td>&nbsp;</td>
			<td>&nbsp;</td>
			<td>&nbsp;</td>
			<td>&nbsp;</td>
			<td>&nbsp;</td>
			<td>&nbsp;</td>
			<td>&nbsp;</td>
			<td>&nbsp;</td>
			<td>&nbsp;</td>
			<td>&nbsp;</td>
			<td>&nbsp;</td>
			<td>&nbsp;</td>
			<td>&nbsp;</td>
			<td>&nbsp;</td>
			<td>&nbsp;</td>
			<td>&nbsp;</td>
			<td>&nbsp;</td>
			<td>&nbsp;</td>
			<td>&nbsp;</td>
			<td>&nbsp;</td>
			<td>&nbsp;</td>
			<td>&nbsp;</td>
			<td>&nbsp;</td>
			<td>&nbsp;</td>
			<td>&nbsp;</td>
			<td>&nbsp;</td>
			<td>&nbsp;</td>
			<td>&nbsp;</td>
			<td>&nbsp;</td>
		</tr>
		<tr>
			<td>&nbsp;</td>
			<td>&nbsp;</td>
			<td>&nbsp;</td>
			<td>&nbsp;</td>
			<td>&nbsp;</td>
			<td>&nbsp;</td>
			<td>&nbsp;</td>
			<td>&nbsp;</td>
			<td>&nbsp;</td>
			<td>&nbsp;</td>
			<td>&nbsp;</td>
			<td>&nbsp;</td>
			<td>&nbsp;</td>
			<td>&nbsp;</td>
			<td>&nbsp;</td>
			<td>&nbsp;</td>
			<td>&nbsp;</td>
			<td>&nbsp;</td>
			<td>&nbsp;</td>
			<td>&nbsp;</td>
			<td>&nbsp;</td>
			<td>&nbsp;</td>
			<td>&nbsp;</td>
			<td>&nbsp;</td>
			<td>&nbsp;</td>
			<td>&nbsp;</td>
			<td>&nbsp;</td>
			<td>&nbsp;</td>
			<td>&nbsp;</td>
			<td>&nbsp;</td>
			<td>&nbsp;</td>
			<td>&nbsp;</td>
		</tr>
		<tr>
			<td><strong><span style=""font-size:14px"">Pulse rate</span></strong></td>
			<td>&nbsp;</td>
			<td>&nbsp;</td>
			<td>&nbsp;</td>
			<td>&nbsp;</td>
			<td>&nbsp;</td>
			<td>&nbsp;</td>
			<td>&nbsp;</td>
			<td>&nbsp;</td>
			<td>&nbsp;</td>
			<td>&nbsp;</td>
			<td>&nbsp;</td>
			<td>&nbsp;</td>
			<td>&nbsp;</td>
			<td>&nbsp;</td>
			<td>&nbsp;</td>
			<td>&nbsp;</td>
			<td>&nbsp;</td>
			<td>&nbsp;</td>
			<td>&nbsp;</td>
			<td>&nbsp;</td>
			<td>&nbsp;</td>
			<td>&nbsp;</td>
			<td>&nbsp;</td>
			<td>&nbsp;</td>
			<td>&nbsp;</td>
			<td>&nbsp;</td>
			<td>&nbsp;</td>
			<td>&nbsp;</td>
			<td>&nbsp;</td>
			<td>&nbsp;</td>
			<td>&nbsp;</td>
		</tr>
		<tr>
			<td><strong><span style=""font-size:14px"">Blood pressure</span></strong> Systolic</td>
			<td>&nbsp;</td>
			<td>&nbsp;</td>
			<td>&nbsp;</td>
			<td>&nbsp;</td>
			<td>&nbsp;</td>
			<td>&nbsp;</td>
			<td>&nbsp;</td>
			<td>&nbsp;</td>
			<td>&nbsp;</td>
			<td>&nbsp;</td>
			<td>&nbsp;</td>
			<td>&nbsp;</td>
			<td>&nbsp;</td>
			<td>&nbsp;</td>
			<td>&nbsp;</td>
			<td>&nbsp;</td>
			<td>&nbsp;</td>
			<td>&nbsp;</td>
			<td>&nbsp;</td>
			<td>&nbsp;</td>
			<td>&nbsp;</td>
			<td>&nbsp;</td>
			<td>&nbsp;</td>
			<td>&nbsp;</td>
			<td>&nbsp;</td>
			<td>&nbsp;</td>
			<td>&nbsp;</td>
			<td>&nbsp;</td>
			<td>&nbsp;</td>
			<td>&nbsp;</td>
			<td>&nbsp;</td>
		</tr>
		<tr>
			<td>Diastolic</td>
			<td>&nbsp;</td>
			<td>&nbsp;</td>
			<td>&nbsp;</td>
			<td>&nbsp;</td>
			<td>&nbsp;</td>
			<td>&nbsp;</td>
			<td>&nbsp;</td>
			<td>&nbsp;</td>
			<td>&nbsp;</td>
			<td>&nbsp;</td>
			<td>&nbsp;</td>
			<td>&nbsp;</td>
			<td>&nbsp;</td>
			<td>&nbsp;</td>
			<td>&nbsp;</td>
			<td>&nbsp;</td>
			<td>&nbsp;</td>
			<td>&nbsp;</td>
			<td>&nbsp;</td>
			<td>&nbsp;</td>
			<td>&nbsp;</td>
			<td>&nbsp;</td>
			<td>&nbsp;</td>
			<td>&nbsp;</td>
			<td>&nbsp;</td>
			<td>&nbsp;</td>
			<td>&nbsp;</td>
			<td>&nbsp;</td>
			<td>&nbsp;</td>
			<td>&nbsp;</td>
			<td>&nbsp;</td>
		</tr>
		<tr>
			<td>&nbsp;</td>
			<td>&nbsp;</td>
			<td>&nbsp;</td>
			<td>&nbsp;</td>
			<td>&nbsp;</td>
			<td>&nbsp;</td>
			<td>&nbsp;</td>
			<td>&nbsp;</td>
			<td>&nbsp;</td>
			<td>&nbsp;</td>
			<td>&nbsp;</td>
			<td>&nbsp;</td>
			<td>&nbsp;</td>
			<td>&nbsp;</td>
			<td>&nbsp;</td>
			<td>&nbsp;</td>
			<td>&nbsp;</td>
			<td>&nbsp;</td>
			<td>&nbsp;</td>
			<td>&nbsp;</td>
			<td>&nbsp;</td>
			<td>&nbsp;</td>
			<td>&nbsp;</td>
			<td>&nbsp;</td>
			<td>&nbsp;</td>
			<td>&nbsp;</td>
			<td>&nbsp;</td>
			<td>&nbsp;</td>
			<td>&nbsp;</td>
			<td>&nbsp;</td>
			<td>&nbsp;</td>
			<td>&nbsp;</td>
		</tr>
		<tr>
			<td>&nbsp;</td>
			<td>&nbsp;</td>
			<td>&nbsp;</td>
			<td>&nbsp;</td>
			<td>&nbsp;</td>
			<td>&nbsp;</td>
			<td>&nbsp;</td>
			<td>&nbsp;</td>
			<td>&nbsp;</td>
			<td>&nbsp;</td>
			<td>&nbsp;</td>
			<td>&nbsp;</td>
			<td>&nbsp;</td>
			<td>&nbsp;</td>
			<td>&nbsp;</td>
			<td>&nbsp;</td>
			<td>&nbsp;</td>
			<td>&nbsp;</td>
			<td>&nbsp;</td>
			<td>&nbsp;</td>
			<td>&nbsp;</td>
			<td>&nbsp;</td>
			<td>&nbsp;</td>
			<td>&nbsp;</td>
			<td>&nbsp;</td>
			<td>&nbsp;</td>
			<td>&nbsp;</td>
			<td>&nbsp;</td>
			<td>&nbsp;</td>
			<td>&nbsp;</td>
			<td>&nbsp;</td>
			<td>&nbsp;</td>
		</tr>
		<tr>
			<td><span style=""font-size:18px""><strong>Cannula(color)</strong></span></td>
			<td>&nbsp;</td>
			<td>&nbsp;</td>
			<td>&nbsp;</td>
			<td>&nbsp;</td>
			<td>&nbsp;</td>
			<td>&nbsp;</td>
			<td>&nbsp;</td>
			<td>&nbsp;</td>
			<td>&nbsp;</td>
			<td>&nbsp;</td>
			<td>&nbsp;</td>
			<td>&nbsp;</td>
			<td>&nbsp;</td>
			<td>&nbsp;</td>
			<td>&nbsp;</td>
			<td>&nbsp;</td>
			<td>&nbsp;</td>
			<td>&nbsp;</td>
			<td>&nbsp;</td>
			<td>&nbsp;</td>
			<td>&nbsp;</td>
			<td>&nbsp;</td>
			<td>&nbsp;</td>
			<td>&nbsp;</td>
			<td>&nbsp;</td>
			<td>&nbsp;</td>
			<td>&nbsp;</td>
			<td>&nbsp;</td>
			<td>&nbsp;</td>
			<td>&nbsp;</td>
			<td>&nbsp;</td>
		</tr>
		<tr>
			<td>&nbsp;</td>
			<td>&nbsp;</td>
			<td>&nbsp;</td>
			<td>&nbsp;</td>
			<td>&nbsp;</td>
			<td>&nbsp;</td>
			<td>&nbsp;</td>
			<td>&nbsp;</td>
			<td>&nbsp;</td>
			<td>&nbsp;</td>
			<td>&nbsp;</td>
			<td>&nbsp;</td>
			<td>&nbsp;</td>
			<td>&nbsp;</td>
			<td>&nbsp;</td>
			<td>&nbsp;</td>
			<td>&nbsp;</td>
			<td>&nbsp;</td>
			<td>&nbsp;</td>
			<td>&nbsp;</td>
			<td>&nbsp;</td>
			<td>&nbsp;</td>
			<td>&nbsp;</td>
			<td>&nbsp;</td>
			<td>&nbsp;</td>
			<td>&nbsp;</td>
			<td>&nbsp;</td>
			<td>&nbsp;</td>
			<td>&nbsp;</td>
			<td>&nbsp;</td>
			<td>&nbsp;</td>
			<td>&nbsp;</td>
		</tr>
		<tr>
			<td><span style=""font-size:18px""><strong>FLUIDS</strong></span></td>
			<td>&nbsp;</td>
			<td>&nbsp;</td>
			<td>&nbsp;</td>
			<td>&nbsp;</td>
			<td>&nbsp;</td>
			<td>&nbsp;</td>
			<td>&nbsp;</td>
			<td>&nbsp;</td>
			<td>&nbsp;</td>
			<td>&nbsp;</td>
			<td>&nbsp;</td>
			<td>&nbsp;</td>
			<td>&nbsp;</td>
			<td>&nbsp;</td>
			<td>&nbsp;</td>
			<td>&nbsp;</td>
			<td>&nbsp;</td>
			<td>&nbsp;</td>
			<td>&nbsp;</td>
			<td>&nbsp;</td>
			<td>&nbsp;</td>
			<td>&nbsp;</td>
			<td>&nbsp;</td>
			<td>&nbsp;</td>
			<td>&nbsp;</td>
			<td>&nbsp;</td>
			<td>&nbsp;</td>
			<td>&nbsp;</td>
			<td>&nbsp;</td>
			<td>&nbsp;</td>
			<td>&nbsp;</td>
		</tr>
		<tr>
			<td>Blood</td>
			<td>&nbsp;</td>
			<td>&nbsp;</td>
			<td>&nbsp;</td>
			<td>&nbsp;</td>
			<td>&nbsp;</td>
			<td>&nbsp;</td>
			<td>&nbsp;</td>
			<td>&nbsp;</td>
			<td>&nbsp;</td>
			<td>&nbsp;</td>
			<td>&nbsp;</td>
			<td>&nbsp;</td>
			<td>&nbsp;</td>
			<td>&nbsp;</td>
			<td>&nbsp;</td>
			<td>&nbsp;</td>
			<td>&nbsp;</td>
			<td>&nbsp;</td>
			<td>&nbsp;</td>
			<td>&nbsp;</td>
			<td>&nbsp;</td>
			<td>&nbsp;</td>
			<td>&nbsp;</td>
			<td>&nbsp;</td>
			<td>&nbsp;</td>
			<td>&nbsp;</td>
			<td>&nbsp;</td>
			<td>&nbsp;</td>
			<td>&nbsp;</td>
			<td>&nbsp;</td>
			<td>&nbsp;</td>
		</tr>
		<tr>
			<td>N/S</td>
			<td>&nbsp;</td>
			<td>&nbsp;</td>
			<td>&nbsp;</td>
			<td>&nbsp;</td>
			<td>&nbsp;</td>
			<td>&nbsp;</td>
			<td>&nbsp;</td>
			<td>&nbsp;</td>
			<td>&nbsp;</td>
			<td>&nbsp;</td>
			<td>&nbsp;</td>
			<td>&nbsp;</td>
			<td>&nbsp;</td>
			<td>&nbsp;</td>
			<td>&nbsp;</td>
			<td>&nbsp;</td>
			<td>&nbsp;</td>
			<td>&nbsp;</td>
			<td>&nbsp;</td>
			<td>&nbsp;</td>
			<td>&nbsp;</td>
			<td>&nbsp;</td>
			<td>&nbsp;</td>
			<td>&nbsp;</td>
			<td>&nbsp;</td>
			<td>&nbsp;</td>
			<td>&nbsp;</td>
			<td>&nbsp;</td>
			<td>&nbsp;</td>
			<td>&nbsp;</td>
			<td>&nbsp;</td>
		</tr>
		<tr>
			<td>D/S</td>
			<td>&nbsp;</td>
			<td>&nbsp;</td>
			<td>&nbsp;</td>
			<td>&nbsp;</td>
			<td>&nbsp;</td>
			<td>&nbsp;</td>
			<td>&nbsp;</td>
			<td>&nbsp;</td>
			<td>&nbsp;</td>
			<td>&nbsp;</td>
			<td>&nbsp;</td>
			<td>&nbsp;</td>
			<td>&nbsp;</td>
			<td>&nbsp;</td>
			<td>&nbsp;</td>
			<td>&nbsp;</td>
			<td>&nbsp;</td>
			<td>&nbsp;</td>
			<td>&nbsp;</td>
			<td>&nbsp;</td>
			<td>&nbsp;</td>
			<td>&nbsp;</td>
			<td>&nbsp;</td>
			<td>&nbsp;</td>
			<td>&nbsp;</td>
			<td>&nbsp;</td>
			<td>&nbsp;</td>
			<td>&nbsp;</td>
			<td>&nbsp;</td>
			<td>&nbsp;</td>
			<td>&nbsp;</td>
		</tr>
		<tr>
			<td>4.3% DS</td>
			<td>&nbsp;</td>
			<td>&nbsp;</td>
			<td>&nbsp;</td>
			<td>&nbsp;</td>
			<td>&nbsp;</td>
			<td>&nbsp;</td>
			<td>&nbsp;</td>
			<td>&nbsp;</td>
			<td>&nbsp;</td>
			<td>&nbsp;</td>
			<td>&nbsp;</td>
			<td>&nbsp;</td>
			<td>&nbsp;</td>
			<td>&nbsp;</td>
			<td>&nbsp;</td>
			<td>&nbsp;</td>
			<td>&nbsp;</td>
			<td>&nbsp;</td>
			<td>&nbsp;</td>
			<td>&nbsp;</td>
			<td>&nbsp;</td>
			<td>&nbsp;</td>
			<td>&nbsp;</td>
			<td>&nbsp;</td>
			<td>&nbsp;</td>
			<td>&nbsp;</td>
			<td>&nbsp;</td>
			<td>&nbsp;</td>
			<td>&nbsp;</td>
			<td>&nbsp;</td>
			<td>&nbsp;</td>
		</tr>
		<tr>
			<td><strong><span style=""font-size:18px"">DRUGS</span></strong></td>
			<td>&nbsp;</td>
			<td>&nbsp;</td>
			<td>&nbsp;</td>
			<td>&nbsp;</td>
			<td>&nbsp;</td>
			<td>&nbsp;</td>
			<td>&nbsp;</td>
			<td>&nbsp;</td>
			<td>&nbsp;</td>
			<td>&nbsp;</td>
			<td>&nbsp;</td>
			<td>&nbsp;</td>
			<td>&nbsp;</td>
			<td>&nbsp;</td>
			<td>&nbsp;</td>
			<td>&nbsp;</td>
			<td>&nbsp;</td>
			<td>&nbsp;</td>
			<td>&nbsp;</td>
			<td>&nbsp;</td>
			<td>&nbsp;</td>
			<td>&nbsp;</td>
			<td>&nbsp;</td>
			<td>&nbsp;</td>
			<td>&nbsp;</td>
			<td>&nbsp;</td>
			<td>&nbsp;</td>
			<td>&nbsp;</td>
			<td>&nbsp;</td>
			<td>&nbsp;</td>
			<td>&nbsp;</td>
		</tr>
		<tr>
			<td>Atropine</td>
			<td>&nbsp;</td>
			<td>&nbsp;</td>
			<td>&nbsp;</td>
			<td>&nbsp;</td>
			<td>&nbsp;</td>
			<td>&nbsp;</td>
			<td>&nbsp;</td>
			<td>&nbsp;</td>
			<td>&nbsp;</td>
			<td>&nbsp;</td>
			<td>&nbsp;</td>
			<td>&nbsp;</td>
			<td>&nbsp;</td>
			<td>&nbsp;</td>
			<td>&nbsp;</td>
			<td>&nbsp;</td>
			<td>&nbsp;</td>
			<td>&nbsp;</td>
			<td>&nbsp;</td>
			<td>&nbsp;</td>
			<td>&nbsp;</td>
			<td>&nbsp;</td>
			<td>&nbsp;</td>
			<td>&nbsp;</td>
			<td>&nbsp;</td>
			<td>&nbsp;</td>
			<td>&nbsp;</td>
			<td>&nbsp;</td>
			<td>&nbsp;</td>
			<td>&nbsp;</td>
			<td>&nbsp;</td>
		</tr>
		<tr>
			<td>Propofol</td>
			<td>&nbsp;</td>
			<td>&nbsp;</td>
			<td>&nbsp;</td>
			<td>&nbsp;</td>
			<td>&nbsp;</td>
			<td>&nbsp;</td>
			<td>&nbsp;</td>
			<td>&nbsp;</td>
			<td>&nbsp;</td>
			<td>&nbsp;</td>
			<td>&nbsp;</td>
			<td>&nbsp;</td>
			<td>&nbsp;</td>
			<td>&nbsp;</td>
			<td>&nbsp;</td>
			<td>&nbsp;</td>
			<td>&nbsp;</td>
			<td>&nbsp;</td>
			<td>&nbsp;</td>
			<td>&nbsp;</td>
			<td>&nbsp;</td>
			<td>&nbsp;</td>
			<td>&nbsp;</td>
			<td>&nbsp;</td>
			<td>&nbsp;</td>
			<td>&nbsp;</td>
			<td>&nbsp;</td>
			<td>&nbsp;</td>
			<td>&nbsp;</td>
			<td>&nbsp;</td>
			<td>&nbsp;</td>
		</tr>
		<tr>
			<td>Ketamine</td>
			<td>&nbsp;</td>
			<td>&nbsp;</td>
			<td>&nbsp;</td>
			<td>&nbsp;</td>
			<td>&nbsp;</td>
			<td>&nbsp;</td>
			<td>&nbsp;</td>
			<td>&nbsp;</td>
			<td>&nbsp;</td>
			<td>&nbsp;</td>
			<td>&nbsp;</td>
			<td>&nbsp;</td>
			<td>&nbsp;</td>
			<td>&nbsp;</td>
			<td>&nbsp;</td>
			<td>&nbsp;</td>
			<td>&nbsp;</td>
			<td>&nbsp;</td>
			<td>&nbsp;</td>
			<td>&nbsp;</td>
			<td>&nbsp;</td>
			<td>&nbsp;</td>
			<td>&nbsp;</td>
			<td>&nbsp;</td>
			<td>&nbsp;</td>
			<td>&nbsp;</td>
			<td>&nbsp;</td>
			<td>&nbsp;</td>
			<td>&nbsp;</td>
			<td>&nbsp;</td>
			<td>&nbsp;</td>
		</tr>
		<tr>
			<td>Diazepam</td>
			<td>&nbsp;</td>
			<td>&nbsp;</td>
			<td>&nbsp;</td>
			<td>&nbsp;</td>
			<td>&nbsp;</td>
			<td>&nbsp;</td>
			<td>&nbsp;</td>
			<td>&nbsp;</td>
			<td>&nbsp;</td>
			<td>&nbsp;</td>
			<td>&nbsp;</td>
			<td>&nbsp;</td>
			<td>&nbsp;</td>
			<td>&nbsp;</td>
			<td>&nbsp;</td>
			<td>&nbsp;</td>
			<td>&nbsp;</td>
			<td>&nbsp;</td>
			<td>&nbsp;</td>
			<td>&nbsp;</td>
			<td>&nbsp;</td>
			<td>&nbsp;</td>
			<td>&nbsp;</td>
			<td>&nbsp;</td>
			<td>&nbsp;</td>
			<td>&nbsp;</td>
			<td>&nbsp;</td>
			<td>&nbsp;</td>
			<td>&nbsp;</td>
			<td>&nbsp;</td>
			<td>&nbsp;</td>
		</tr>
		<tr>
			<td>Thiopentone</td>
			<td>&nbsp;</td>
			<td>&nbsp;</td>
			<td>&nbsp;</td>
			<td>&nbsp;</td>
			<td>&nbsp;</td>
			<td>&nbsp;</td>
			<td>&nbsp;</td>
			<td>&nbsp;</td>
			<td>&nbsp;</td>
			<td>&nbsp;</td>
			<td>&nbsp;</td>
			<td>&nbsp;</td>
			<td>&nbsp;</td>
			<td>&nbsp;</td>
			<td>&nbsp;</td>
			<td>&nbsp;</td>
			<td>&nbsp;</td>
			<td>&nbsp;</td>
			<td>&nbsp;</td>
			<td>&nbsp;</td>
			<td>&nbsp;</td>
			<td>&nbsp;</td>
			<td>&nbsp;</td>
			<td>&nbsp;</td>
			<td>&nbsp;</td>
			<td>&nbsp;</td>
			<td>&nbsp;</td>
			<td>&nbsp;</td>
			<td>&nbsp;</td>
			<td>&nbsp;</td>
			<td>&nbsp;</td>
		</tr>
		<tr>
			<td>Midazolam</td>
			<td>&nbsp;</td>
			<td>&nbsp;</td>
			<td>&nbsp;</td>
			<td>&nbsp;</td>
			<td>&nbsp;</td>
			<td>&nbsp;</td>
			<td>&nbsp;</td>
			<td>&nbsp;</td>
			<td>&nbsp;</td>
			<td>&nbsp;</td>
			<td>&nbsp;</td>
			<td>&nbsp;</td>
			<td>&nbsp;</td>
			<td>&nbsp;</td>
			<td>&nbsp;</td>
			<td>&nbsp;</td>
			<td>&nbsp;</td>
			<td>&nbsp;</td>
			<td>&nbsp;</td>
			<td>&nbsp;</td>
			<td>&nbsp;</td>
			<td>&nbsp;</td>
			<td>&nbsp;</td>
			<td>&nbsp;</td>
			<td>&nbsp;</td>
			<td>&nbsp;</td>
			<td>&nbsp;</td>
			<td>&nbsp;</td>
			<td>&nbsp;</td>
			<td>&nbsp;</td>
			<td>&nbsp;</td>
		</tr>
		<tr>
			<td>Suxamethonium</td>
			<td>&nbsp;</td>
			<td>&nbsp;</td>
			<td>&nbsp;</td>
			<td>&nbsp;</td>
			<td>&nbsp;</td>
			<td>&nbsp;</td>
			<td>&nbsp;</td>
			<td>&nbsp;</td>
			<td>&nbsp;</td>
			<td>&nbsp;</td>
			<td>&nbsp;</td>
			<td>&nbsp;</td>
			<td>&nbsp;</td>
			<td>&nbsp;</td>
			<td>&nbsp;</td>
			<td>&nbsp;</td>
			<td>&nbsp;</td>
			<td>&nbsp;</td>
			<td>&nbsp;</td>
			<td>&nbsp;</td>
			<td>&nbsp;</td>
			<td>&nbsp;</td>
			<td>&nbsp;</td>
			<td>&nbsp;</td>
			<td>&nbsp;</td>
			<td>&nbsp;</td>
			<td>&nbsp;</td>
			<td>&nbsp;</td>
			<td>&nbsp;</td>
			<td>&nbsp;</td>
			<td>&nbsp;</td>
		</tr>
		<tr>
			<td>Pancuronium</td>
			<td>&nbsp;</td>
			<td>&nbsp;</td>
			<td>&nbsp;</td>
			<td>&nbsp;</td>
			<td>&nbsp;</td>
			<td>&nbsp;</td>
			<td>&nbsp;</td>
			<td>&nbsp;</td>
			<td>&nbsp;</td>
			<td>&nbsp;</td>
			<td>&nbsp;</td>
			<td>&nbsp;</td>
			<td>&nbsp;</td>
			<td>&nbsp;</td>
			<td>&nbsp;</td>
			<td>&nbsp;</td>
			<td>&nbsp;</td>
			<td>&nbsp;</td>
			<td>&nbsp;</td>
			<td>&nbsp;</td>
			<td>&nbsp;</td>
			<td>&nbsp;</td>
			<td>&nbsp;</td>
			<td>&nbsp;</td>
			<td>&nbsp;</td>
			<td>&nbsp;</td>
			<td>&nbsp;</td>
			<td>&nbsp;</td>
			<td>&nbsp;</td>
			<td>&nbsp;</td>
			<td>&nbsp;</td>
		</tr>
		<tr>
			<td>Atracurium</td>
			<td>&nbsp;</td>
			<td>&nbsp;</td>
			<td>&nbsp;</td>
			<td>&nbsp;</td>
			<td>&nbsp;</td>
			<td>&nbsp;</td>
			<td>&nbsp;</td>
			<td>&nbsp;</td>
			<td>&nbsp;</td>
			<td>&nbsp;</td>
			<td>&nbsp;</td>
			<td>&nbsp;</td>
			<td>&nbsp;</td>
			<td>&nbsp;</td>
			<td>&nbsp;</td>
			<td>&nbsp;</td>
			<td>&nbsp;</td>
			<td>&nbsp;</td>
			<td>&nbsp;</td>
			<td>&nbsp;</td>
			<td>&nbsp;</td>
			<td>&nbsp;</td>
			<td>&nbsp;</td>
			<td>&nbsp;</td>
			<td>&nbsp;</td>
			<td>&nbsp;</td>
			<td>&nbsp;</td>
			<td>&nbsp;</td>
			<td>&nbsp;</td>
			<td>&nbsp;</td>
			<td>&nbsp;</td>
		</tr>
		<tr>
			<td>Vecuronium</td>
			<td>&nbsp;</td>
			<td>&nbsp;</td>
			<td>&nbsp;</td>
			<td>&nbsp;</td>
			<td>&nbsp;</td>
			<td>&nbsp;</td>
			<td>&nbsp;</td>
			<td>&nbsp;</td>
			<td>&nbsp;</td>
			<td>&nbsp;</td>
			<td>&nbsp;</td>
			<td>&nbsp;</td>
			<td>&nbsp;</td>
			<td>&nbsp;</td>
			<td>&nbsp;</td>
			<td>&nbsp;</td>
			<td>&nbsp;</td>
			<td>&nbsp;</td>
			<td>&nbsp;</td>
			<td>&nbsp;</td>
			<td>&nbsp;</td>
			<td>&nbsp;</td>
			<td>&nbsp;</td>
			<td>&nbsp;</td>
			<td>&nbsp;</td>
			<td>&nbsp;</td>
			<td>&nbsp;</td>
			<td>&nbsp;</td>
			<td>&nbsp;</td>
			<td>&nbsp;</td>
			<td>&nbsp;</td>
		</tr>
		<tr>
			<td>Pentazocine</td>
			<td>&nbsp;</td>
			<td>&nbsp;</td>
			<td>&nbsp;</td>
			<td>&nbsp;</td>
			<td>&nbsp;</td>
			<td>&nbsp;</td>
			<td>&nbsp;</td>
			<td>&nbsp;</td>
			<td>&nbsp;</td>
			<td>&nbsp;</td>
			<td>&nbsp;</td>
			<td>&nbsp;</td>
			<td>&nbsp;</td>
			<td>&nbsp;</td>
			<td>&nbsp;</td>
			<td>&nbsp;</td>
			<td>&nbsp;</td>
			<td>&nbsp;</td>
			<td>&nbsp;</td>
			<td>&nbsp;</td>
			<td>&nbsp;</td>
			<td>&nbsp;</td>
			<td>&nbsp;</td>
			<td>&nbsp;</td>
			<td>&nbsp;</td>
			<td>&nbsp;</td>
			<td>&nbsp;</td>
			<td>&nbsp;</td>
			<td>&nbsp;</td>
			<td>&nbsp;</td>
			<td>&nbsp;</td>
		</tr>
		<tr>
			<td>Paracetamol</td>
			<td>&nbsp;</td>
			<td>&nbsp;</td>
			<td>&nbsp;</td>
			<td>&nbsp;</td>
			<td>&nbsp;</td>
			<td>&nbsp;</td>
			<td>&nbsp;</td>
			<td>&nbsp;</td>
			<td>&nbsp;</td>
			<td>&nbsp;</td>
			<td>&nbsp;</td>
			<td>&nbsp;</td>
			<td>&nbsp;</td>
			<td>&nbsp;</td>
			<td>&nbsp;</td>
			<td>&nbsp;</td>
			<td>&nbsp;</td>
			<td>&nbsp;</td>
			<td>&nbsp;</td>
			<td>&nbsp;</td>
			<td>&nbsp;</td>
			<td>&nbsp;</td>
			<td>&nbsp;</td>
			<td>&nbsp;</td>
			<td>&nbsp;</td>
			<td>&nbsp;</td>
			<td>&nbsp;</td>
			<td>&nbsp;</td>
			<td>&nbsp;</td>
			<td>&nbsp;</td>
			<td>&nbsp;</td>
		</tr>
		<tr>
			<td>Tramadol</td>
			<td>&nbsp;</td>
			<td>&nbsp;</td>
			<td>&nbsp;</td>
			<td>&nbsp;</td>
			<td>&nbsp;</td>
			<td>&nbsp;</td>
			<td>&nbsp;</td>
			<td>&nbsp;</td>
			<td>&nbsp;</td>
			<td>&nbsp;</td>
			<td>&nbsp;</td>
			<td>&nbsp;</td>
			<td>&nbsp;</td>
			<td>&nbsp;</td>
			<td>&nbsp;</td>
			<td>&nbsp;</td>
			<td>&nbsp;</td>
			<td>&nbsp;</td>
			<td>&nbsp;</td>
			<td>&nbsp;</td>
			<td>&nbsp;</td>
			<td>&nbsp;</td>
			<td>&nbsp;</td>
			<td>&nbsp;</td>
			<td>&nbsp;</td>
			<td>&nbsp;</td>
			<td>&nbsp;</td>
			<td>&nbsp;</td>
			<td>&nbsp;</td>
			<td>&nbsp;</td>
			<td>&nbsp;</td>
		</tr>
		<tr>
			<td>Pethidine</td>
			<td>&nbsp;</td>
			<td>&nbsp;</td>
			<td>&nbsp;</td>
			<td>&nbsp;</td>
			<td>&nbsp;</td>
			<td>&nbsp;</td>
			<td>&nbsp;</td>
			<td>&nbsp;</td>
			<td>&nbsp;</td>
			<td>&nbsp;</td>
			<td>&nbsp;</td>
			<td>&nbsp;</td>
			<td>&nbsp;</td>
			<td>&nbsp;</td>
			<td>&nbsp;</td>
			<td>&nbsp;</td>
			<td>&nbsp;</td>
			<td>&nbsp;</td>
			<td>&nbsp;</td>
			<td>&nbsp;</td>
			<td>&nbsp;</td>
			<td>&nbsp;</td>
			<td>&nbsp;</td>
			<td>&nbsp;</td>
			<td>&nbsp;</td>
			<td>&nbsp;</td>
			<td>&nbsp;</td>
			<td>&nbsp;</td>
			<td>&nbsp;</td>
			<td>&nbsp;</td>
			<td>&nbsp;</td>
		</tr>
		<tr>
			<td>Morphine</td>
			<td>&nbsp;</td>
			<td>&nbsp;</td>
			<td>&nbsp;</td>
			<td>&nbsp;</td>
			<td>&nbsp;</td>
			<td>&nbsp;</td>
			<td>&nbsp;</td>
			<td>&nbsp;</td>
			<td>&nbsp;</td>
			<td>&nbsp;</td>
			<td>&nbsp;</td>
			<td>&nbsp;</td>
			<td>&nbsp;</td>
			<td>&nbsp;</td>
			<td>&nbsp;</td>
			<td>&nbsp;</td>
			<td>&nbsp;</td>
			<td>&nbsp;</td>
			<td>&nbsp;</td>
			<td>&nbsp;</td>
			<td>&nbsp;</td>
			<td>&nbsp;</td>
			<td>&nbsp;</td>
			<td>&nbsp;</td>
			<td>&nbsp;</td>
			<td>&nbsp;</td>
			<td>&nbsp;</td>
			<td>&nbsp;</td>
			<td>&nbsp;</td>
			<td>&nbsp;</td>
			<td>&nbsp;</td>
		</tr>
		<tr>
			<td>Fentanyl</td>
			<td>&nbsp;</td>
			<td>&nbsp;</td>
			<td>&nbsp;</td>
			<td>&nbsp;</td>
			<td>&nbsp;</td>
			<td>&nbsp;</td>
			<td>&nbsp;</td>
			<td>&nbsp;</td>
			<td>&nbsp;</td>
			<td>&nbsp;</td>
			<td>&nbsp;</td>
			<td>&nbsp;</td>
			<td>&nbsp;</td>
			<td>&nbsp;</td>
			<td>&nbsp;</td>
			<td>&nbsp;</td>
			<td>&nbsp;</td>
			<td>&nbsp;</td>
			<td>&nbsp;</td>
			<td>&nbsp;</td>
			<td>&nbsp;</td>
			<td>&nbsp;</td>
			<td>&nbsp;</td>
			<td>&nbsp;</td>
			<td>&nbsp;</td>
			<td>&nbsp;</td>
			<td>&nbsp;</td>
			<td>&nbsp;</td>
			<td>&nbsp;</td>
			<td>&nbsp;</td>
			<td>&nbsp;</td>
		</tr>
		<tr>
			<td>
			<p><span style=""font-size:18px""><strong>Reversal:&nbsp;</strong></span></p>

			<p>Atropine and&nbsp;Neostigmine</p>
			</td>
			<td>&nbsp;</td>
			<td>&nbsp;</td>
			<td>&nbsp;</td>
			<td>&nbsp;</td>
			<td>&nbsp;</td>
			<td>&nbsp;</td>
			<td>&nbsp;</td>
			<td>&nbsp;</td>
			<td>&nbsp;</td>
			<td>&nbsp;</td>
			<td>&nbsp;</td>
			<td>&nbsp;</td>
			<td>&nbsp;</td>
			<td>&nbsp;</td>
			<td>&nbsp;</td>
			<td>&nbsp;</td>
			<td>&nbsp;</td>
			<td>&nbsp;</td>
			<td>&nbsp;</td>
			<td>&nbsp;</td>
			<td>&nbsp;</td>
			<td>&nbsp;</td>
			<td>&nbsp;</td>
			<td>&nbsp;</td>
			<td>&nbsp;</td>
			<td>&nbsp;</td>
			<td>&nbsp;</td>
			<td>&nbsp;</td>
			<td>&nbsp;</td>
			<td>&nbsp;</td>
			<td>&nbsp;</td>
		</tr>
		<tr>
			<td>
			<p><span style=""font-size:22px""><strong>SAB</strong></span></p>

			<p><span style=""font-size:14px"">0.5% Heavy bupivacaine</span></p>
			</td>
			<td>&nbsp;</td>
			<td>&nbsp;</td>
			<td>&nbsp;</td>
			<td>&nbsp;</td>
			<td>&nbsp;</td>
			<td>&nbsp;</td>
			<td>&nbsp;</td>
			<td>&nbsp;</td>
			<td>&nbsp;</td>
			<td>&nbsp;</td>
			<td>&nbsp;</td>
			<td>&nbsp;</td>
			<td>&nbsp;</td>
			<td>&nbsp;</td>
			<td>&nbsp;</td>
			<td>&nbsp;</td>
			<td>&nbsp;</td>
			<td>&nbsp;</td>
			<td>&nbsp;</td>
			<td>&nbsp;</td>
			<td>&nbsp;</td>
			<td>&nbsp;</td>
			<td>&nbsp;</td>
			<td>&nbsp;</td>
			<td>&nbsp;</td>
			<td>&nbsp;</td>
			<td>&nbsp;</td>
			<td>&nbsp;</td>
			<td>&nbsp;</td>
			<td>&nbsp;</td>
			<td>&nbsp;</td>
		</tr>
		<tr>
			<td>Ephedrine</td>
			<td>&nbsp;</td>
			<td>&nbsp;</td>
			<td>&nbsp;</td>
			<td>&nbsp;</td>
			<td>&nbsp;</td>
			<td>&nbsp;</td>
			<td>&nbsp;</td>
			<td>&nbsp;</td>
			<td>&nbsp;</td>
			<td>&nbsp;</td>
			<td>&nbsp;</td>
			<td>&nbsp;</td>
			<td>&nbsp;</td>
			<td>&nbsp;</td>
			<td>&nbsp;</td>
			<td>&nbsp;</td>
			<td>&nbsp;</td>
			<td>&nbsp;</td>
			<td>&nbsp;</td>
			<td>&nbsp;</td>
			<td>&nbsp;</td>
			<td>&nbsp;</td>
			<td>&nbsp;</td>
			<td>&nbsp;</td>
			<td>&nbsp;</td>
			<td>&nbsp;</td>
			<td>&nbsp;</td>
			<td>&nbsp;</td>
			<td>&nbsp;</td>
			<td>&nbsp;</td>
			<td>&nbsp;</td>
		</tr>
		<tr>
			<td>Adrenaline</td>
			<td>&nbsp;</td>
			<td>&nbsp;</td>
			<td>&nbsp;</td>
			<td>&nbsp;</td>
			<td>&nbsp;</td>
			<td>&nbsp;</td>
			<td>&nbsp;</td>
			<td>&nbsp;</td>
			<td>&nbsp;</td>
			<td>&nbsp;</td>
			<td>&nbsp;</td>
			<td>&nbsp;</td>
			<td>&nbsp;</td>
			<td>&nbsp;</td>
			<td>&nbsp;</td>
			<td>&nbsp;</td>
			<td>&nbsp;</td>
			<td>&nbsp;</td>
			<td>&nbsp;</td>
			<td>&nbsp;</td>
			<td>&nbsp;</td>
			<td>&nbsp;</td>
			<td>&nbsp;</td>
			<td>&nbsp;</td>
			<td>&nbsp;</td>
			<td>&nbsp;</td>
			<td>&nbsp;</td>
			<td>&nbsp;</td>
			<td>&nbsp;</td>
			<td>&nbsp;</td>
			<td>&nbsp;</td>
		</tr>
		<tr>
			<td>
			<p><span style=""font-size:18px""><strong>EPIDURAL</strong></span></p>

			<p><span style=""font-size:14px"">0.5% plain bupivacaine</span></p>
			</td>
			<td>&nbsp;</td>
			<td>&nbsp;</td>
			<td>&nbsp;</td>
			<td>&nbsp;</td>
			<td>&nbsp;</td>
			<td>&nbsp;</td>
			<td>&nbsp;</td>
			<td>&nbsp;</td>
			<td>&nbsp;</td>
			<td>&nbsp;</td>
			<td>&nbsp;</td>
			<td>&nbsp;</td>
			<td>&nbsp;</td>
			<td>&nbsp;</td>
			<td>&nbsp;</td>
			<td>&nbsp;</td>
			<td>&nbsp;</td>
			<td>&nbsp;</td>
			<td>&nbsp;</td>
			<td>&nbsp;</td>
			<td>&nbsp;</td>
			<td>&nbsp;</td>
			<td>&nbsp;</td>
			<td>&nbsp;</td>
			<td>&nbsp;</td>
			<td>&nbsp;</td>
			<td>&nbsp;</td>
			<td>&nbsp;</td>
			<td>&nbsp;</td>
			<td>&nbsp;</td>
			<td>&nbsp;</td>
		</tr>
		<tr>
			<td>&nbsp;</td>
			<td>&nbsp;</td>
			<td>&nbsp;</td>
			<td>&nbsp;</td>
			<td>&nbsp;</td>
			<td>&nbsp;</td>
			<td>&nbsp;</td>
			<td>&nbsp;</td>
			<td>&nbsp;</td>
			<td>&nbsp;</td>
			<td>&nbsp;</td>
			<td>&nbsp;</td>
			<td>&nbsp;</td>
			<td>&nbsp;</td>
			<td>&nbsp;</td>
			<td>&nbsp;</td>
			<td>&nbsp;</td>
			<td>&nbsp;</td>
			<td>&nbsp;</td>
			<td>&nbsp;</td>
			<td>&nbsp;</td>
			<td>&nbsp;</td>
			<td>&nbsp;</td>
			<td>&nbsp;</td>
			<td>&nbsp;</td>
			<td>&nbsp;</td>
			<td>&nbsp;</td>
			<td>&nbsp;</td>
			<td>&nbsp;</td>
			<td>&nbsp;</td>
			<td>&nbsp;</td>
			<td>&nbsp;</td>
		</tr>
		<tr>
			<td>BLOOD LOSS</td>
			<td>&nbsp;</td>
			<td>&nbsp;</td>
			<td>&nbsp;</td>
			<td>&nbsp;</td>
			<td>&nbsp;</td>
			<td>&nbsp;</td>
			<td>&nbsp;</td>
			<td>&nbsp;</td>
			<td>&nbsp;</td>
			<td>&nbsp;</td>
			<td>&nbsp;</td>
			<td>&nbsp;</td>
			<td>&nbsp;</td>
			<td>&nbsp;</td>
			<td>&nbsp;</td>
			<td>&nbsp;</td>
			<td>&nbsp;</td>
			<td>&nbsp;</td>
			<td>&nbsp;</td>
			<td>&nbsp;</td>
			<td>&nbsp;</td>
			<td>&nbsp;</td>
			<td>&nbsp;</td>
			<td>&nbsp;</td>
			<td>&nbsp;</td>
			<td>&nbsp;</td>
			<td>&nbsp;</td>
			<td>&nbsp;</td>
			<td>&nbsp;</td>
			<td>&nbsp;</td>
			<td>&nbsp;</td>
		</tr>
		<tr>
			<td>Urinary Output</td>
			<td>&nbsp;</td>
			<td>&nbsp;</td>
			<td>&nbsp;</td>
			<td>&nbsp;</td>
			<td>&nbsp;</td>
			<td>&nbsp;</td>
			<td>&nbsp;</td>
			<td>&nbsp;</td>
			<td>&nbsp;</td>
			<td>&nbsp;</td>
			<td>&nbsp;</td>
			<td>&nbsp;</td>
			<td>&nbsp;</td>
			<td>&nbsp;</td>
			<td>&nbsp;</td>
			<td>&nbsp;</td>
			<td>&nbsp;</td>
			<td>&nbsp;</td>
			<td>&nbsp;</td>
			<td>&nbsp;</td>
			<td>&nbsp;</td>
			<td>&nbsp;</td>
			<td>&nbsp;</td>
			<td>&nbsp;</td>
			<td>&nbsp;</td>
			<td>&nbsp;</td>
			<td>&nbsp;</td>
			<td>&nbsp;</td>
			<td>&nbsp;</td>
			<td>&nbsp;</td>
			<td>&nbsp;</td>
		</tr>
		<tr>
			<td>Post-Op. condition</td>
			<td>&nbsp;</td>
			<td>&nbsp;</td>
			<td>&nbsp;</td>
			<td>&nbsp;</td>
			<td>&nbsp;</td>
			<td>&nbsp;</td>
			<td>&nbsp;</td>
			<td>&nbsp;</td>
			<td>&nbsp;</td>
			<td>&nbsp;</td>
			<td>&nbsp;</td>
			<td>&nbsp;</td>
			<td>&nbsp;</td>
			<td>&nbsp;</td>
			<td>&nbsp;</td>
			<td>&nbsp;</td>
			<td>&nbsp;</td>
			<td>&nbsp;</td>
			<td>&nbsp;</td>
			<td>&nbsp;</td>
			<td>&nbsp;</td>
			<td>&nbsp;</td>
			<td>&nbsp;</td>
			<td>&nbsp;</td>
			<td>&nbsp;</td>
			<td>&nbsp;</td>
			<td>&nbsp;</td>
			<td>&nbsp;</td>
			<td>&nbsp;</td>
			<td>&nbsp;</td>
			<td>&nbsp;</td>
		</tr>
		<tr>
			<td>Good</td>
			<td>&nbsp;</td>
			<td>&nbsp;</td>
			<td>&nbsp;</td>
			<td>&nbsp;</td>
			<td>&nbsp;</td>
			<td>&nbsp;</td>
			<td>&nbsp;</td>
			<td>&nbsp;</td>
			<td>&nbsp;</td>
			<td>&nbsp;</td>
			<td>&nbsp;</td>
			<td>&nbsp;</td>
			<td>&nbsp;</td>
			<td>&nbsp;</td>
			<td>&nbsp;</td>
			<td>&nbsp;</td>
			<td>&nbsp;</td>
			<td>&nbsp;</td>
			<td>&nbsp;</td>
			<td>&nbsp;</td>
			<td>&nbsp;</td>
			<td>&nbsp;</td>
			<td>&nbsp;</td>
			<td>&nbsp;</td>
			<td>&nbsp;</td>
			<td>&nbsp;</td>
			<td>&nbsp;</td>
			<td>&nbsp;</td>
			<td>&nbsp;</td>
			<td>&nbsp;</td>
			<td>&nbsp;</td>
		</tr>
		<tr>
			<td>Fair</td>
			<td>&nbsp;</td>
			<td>&nbsp;</td>
			<td>&nbsp;</td>
			<td>&nbsp;</td>
			<td>&nbsp;</td>
			<td>&nbsp;</td>
			<td>&nbsp;</td>
			<td>&nbsp;</td>
			<td>&nbsp;</td>
			<td>&nbsp;</td>
			<td>&nbsp;</td>
			<td>&nbsp;</td>
			<td>&nbsp;</td>
			<td>&nbsp;</td>
			<td>&nbsp;</td>
			<td>&nbsp;</td>
			<td>&nbsp;</td>
			<td>&nbsp;</td>
			<td>&nbsp;</td>
			<td>&nbsp;</td>
			<td>&nbsp;</td>
			<td>&nbsp;</td>
			<td>&nbsp;</td>
			<td>&nbsp;</td>
			<td>&nbsp;</td>
			<td>&nbsp;</td>
			<td>&nbsp;</td>
			<td>&nbsp;</td>
			<td>&nbsp;</td>
			<td>&nbsp;</td>
			<td>&nbsp;</td>
		</tr>
		<tr>
			<td>Poor</td>
			<td>&nbsp;</td>
			<td>&nbsp;</td>
			<td>&nbsp;</td>
			<td>&nbsp;</td>
			<td>&nbsp;</td>
			<td>&nbsp;</td>
			<td>&nbsp;</td>
			<td>&nbsp;</td>
			<td>&nbsp;</td>
			<td>&nbsp;</td>
			<td>&n",ANAESTHESIA PATIENT MONITORY CHART,CLINICAL NOTE
583,"<p>&nbsp;</p>

<p><span style=""font-family:Lucida Sans Unicode,Lucida Grande,sans-serif""><span style=""font-size:16px""><strong>PREOPERATIVE ANAESTHESIA RECORDS</strong></span></span></p>

<p><span style=""font-family:Lucida Sans Unicode,Lucida Grande,sans-serif""><span style=""font-size:16px"">~Date:</span></span></p>

<p><span style=""font-family:Lucida Sans Unicode,Lucida Grande,sans-serif""><span style=""font-size:16px"">~Time:</span></span></p>

<p><span style=""font-family:Lucida Sans Unicode,Lucida Grande,sans-serif""><span style=""font-size:16px"">~Anaesthetist: Name , desgination</span></span></p>

<p><span style=""font-family:Lucida Sans Unicode,Lucida Grande,sans-serif""><span style=""font-size:16px"">~Patient identity:</span></span></p>

<p><span style=""font-family:Lucida Sans Unicode,Lucida Grande,sans-serif""><span style=""font-size:16px"">*Hospital Number&nbsp;&nbsp;&nbsp;&nbsp;&nbsp;&nbsp;&nbsp;&nbsp;&nbsp;&nbsp;&nbsp;&nbsp;&nbsp;&nbsp;</span></span></p>

<p><span style=""font-family:Lucida Sans Unicode,Lucida Grande,sans-serif""><span style=""font-size:16px"">*Ward:</span></span></p>

<p><span style=""font-family:Lucida Sans Unicode,Lucida Grande,sans-serif""><span style=""font-size:16px"">*Name:</span></span></p>

<p><span style=""font-family:Lucida Sans Unicode,Lucida Grande,sans-serif""><span style=""font-size:16px"">*Address:</span></span></p>

<p><span style=""font-family:Lucida Sans Unicode,Lucida Grande,sans-serif""><span style=""font-size:16px"">*Date of birth/age:</span></span></p>

<p><span style=""font-family:Lucida Sans Unicode,Lucida Grande,sans-serif""><span style=""font-size:16px"">*Sex:</span></span></p>

<p><span style=""font-family:Lucida Sans Unicode,Lucida Grande,sans-serif""><span style=""font-size:16px"">*Religion: Moslem, Christianity, Jehovah&rsquo;s witness, others</span></span></p>

<p><span style=""font-family:Lucida Sans Unicode,Lucida Grande,sans-serif""><span style=""font-size:16px"">~Informant: Self, parents, guardian, others</span></span></p>

<p><span style=""font-family:Lucida Sans Unicode,Lucida Grande,sans-serif""><span style=""font-size:16px"">~Surgery: type, indication</span></span></p>

<p><span style=""font-family:Lucida Sans Unicode,Lucida Grande,sans-serif""><span style=""font-size:16px"">~Emergency/planned(Inpatient, day-case)</span></span></p>

<p>&nbsp;</p>

<p><span style=""font-family:Lucida Sans Unicode,Lucida Grande,sans-serif""><span style=""font-size:16px"">~History</span></span></p>

<p><span style=""font-family:Lucida Sans Unicode,Lucida Grande,sans-serif""><span style=""font-size:16px"">+Complaints</span></span></p>

<p><span style=""font-family:Lucida Sans Unicode,Lucida Grande,sans-serif""><span style=""font-size:16px"">*Cough: No&nbsp;</span></span></p>

<p><span style=""font-family:Lucida Sans Unicode,Lucida Grande,sans-serif""><span style=""font-size:16px"">Catarrh: No</span></span></p>

<p><span style=""font-family:Lucida Sans Unicode,Lucida Grande,sans-serif""><span style=""font-size:16px"">*Chest pain: No&nbsp;</span></span></p>

<p><span style=""font-family:Lucida Sans Unicode,Lucida Grande,sans-serif""><span style=""font-size:16px"">Breathlessness: No</span></span></p>

<p><span style=""font-family:Lucida Sans Unicode,Lucida Grande,sans-serif""><span style=""font-size:16px"">*Headache: No</span></span></p>

<p>&nbsp;</p>

<p><span style=""font-family:Lucida Sans Unicode,Lucida Grande,sans-serif""><span style=""font-size:16px""><strong>+History of presenting complaints</strong></span></span></p>

<p><span style=""font-family:Lucida Sans Unicode,Lucida Grande,sans-serif""><span style=""font-size:16px"">+Past medical history</span></span></p>

<p><span style=""font-family:Lucida Sans Unicode,Lucida Grande,sans-serif""><span style=""font-size:16px"">*Respiratory: No</span></span></p>

<p><span style=""font-family:Lucida Sans Unicode,Lucida Grande,sans-serif""><span style=""font-size:16px"">*CVS: No</span></span></p>

<p><span style=""font-family:Lucida Sans Unicode,Lucida Grande,sans-serif""><span style=""font-size:16px"">*Neurological: No</span></span></p>

<p><span style=""font-family:Lucida Sans Unicode,Lucida Grande,sans-serif""><span style=""font-size:16px"">*Diabetes mellitus: No</span></span></p>

<p><span style=""font-family:Lucida Sans Unicode,Lucida Grande,sans-serif""><span style=""font-size:16px"">*Git:No</span></span></p>

<p><span style=""font-family:Lucida Sans Unicode,Lucida Grande,sans-serif""><span style=""font-size:16px"">Peptic ulcer: No</span></span></p>

<p><span style=""font-family:Lucida Sans Unicode,Lucida Grande,sans-serif""><span style=""font-size:16px"">*Others: No</span></span></p>

<p>&nbsp;</p>

<p><span style=""font-family:Lucida Sans Unicode,Lucida Grande,sans-serif""><span style=""font-size:16px""><strong>+Past surgical history</strong></span></span></p>

<p><span style=""font-family:Lucida Sans Unicode,Lucida Grande,sans-serif""><span style=""font-size:16px""><strong>*Date, indication and type of surgery</strong></span></span></p>

<p><span style=""font-family:Lucida Sans Unicode,Lucida Grande,sans-serif""><span style=""font-size:16px""><strong>*Type of anaesthesia</strong></span></span></p>

<p><span style=""font-family:Lucida Sans Unicode,Lucida Grande,sans-serif""><span style=""font-size:16px"">General: No&nbsp;</span></span></p>

<p><span style=""font-family:Lucida Sans Unicode,Lucida Grande,sans-serif""><span style=""font-size:16px"">Neuraxial: No&nbsp;</span></span></p>

<p><span style=""font-family:Lucida Sans Unicode,Lucida Grande,sans-serif""><span style=""font-size:16px"">Local: No&nbsp;</span></span></p>

<p><span style=""font-family:Lucida Sans Unicode,Lucida Grande,sans-serif""><span style=""font-size:16px"">Others: No</span></span></p>

<p>&nbsp;</p>

<p><span style=""font-family:Lucida Sans Unicode,Lucida Grande,sans-serif""><span style=""font-size:16px""><strong>*Outcome</strong></span></span></p>

<p><span style=""font-family:Lucida Sans Unicode,Lucida Grande,sans-serif""><span style=""font-size:16px"">Uneventful: No</span></span></p>

<p><span style=""font-family:Lucida Sans Unicode,Lucida Grande,sans-serif""><span style=""font-size:16px"">Difficult intubation: No</span></span></p>

<p><span style=""font-family:Lucida Sans Unicode,Lucida Grande,sans-serif""><span style=""font-size:16px"">Delayed recovery: No&nbsp;</span></span></p>

<p><span style=""font-family:Lucida Sans Unicode,Lucida Grande,sans-serif""><span style=""font-size:16px"">PONV: No</span></span></p>

<p><span style=""font-family:Lucida Sans Unicode,Lucida Grande,sans-serif""><span style=""font-size:16px"">Postspinal headache: No</span></span></p>

<p><span style=""font-family:Lucida Sans Unicode,Lucida Grande,sans-serif""><span style=""font-size:16px"">Others: No</span></span></p>

<p>&nbsp;</p>

<p><span style=""font-family:Lucida Sans Unicode,Lucida Grande,sans-serif""><span style=""font-size:16px""><strong>+Family history: </strong></span></span></p>

<p><span style=""font-family:Lucida Sans Unicode,Lucida Grande,sans-serif""><span style=""font-size:16px"">SCD: No</span></span></p>

<p><span style=""font-family:Lucida Sans Unicode,Lucida Grande,sans-serif""><span style=""font-size:16px"">Diabetes mellitus: No</span></span></p>

<p><span style=""font-family:Lucida Sans Unicode,Lucida Grande,sans-serif""><span style=""font-size:16px"">Dronchial asthma: No</span></span></p>

<p><span style=""font-family:Lucida Sans Unicode,Lucida Grande,sans-serif""><span style=""font-size:16px"">CVA: No</span></span></p>

<p><span style=""font-family:Lucida Sans Unicode,Lucida Grande,sans-serif""><span style=""font-size:16px"">Others: No</span></span></p>

<p>&nbsp;</p>

<p><span style=""font-family:Lucida Sans Unicode,Lucida Grande,sans-serif""><span style=""font-size:16px""><strong>+Social history</strong></span></span></p>

<p><span style=""font-family:Lucida Sans Unicode,Lucida Grande,sans-serif""><span style=""font-size:16px"">*Illicit drugs: Duration, type</span></span></p>

<p><span style=""font-family:Lucida Sans Unicode,Lucida Grande,sans-serif""><span style=""font-size:16px"">*Alcohol:&nbsp;Duration, quantitiy</span></span></p>

<p><span style=""font-family:Lucida Sans Unicode,Lucida Grande,sans-serif""><span style=""font-size:16px"">*Smoking: Duration, quantitiy</span></span></p>

<p>&nbsp;</p>

<p><span style=""font-family:Lucida Sans Unicode,Lucida Grande,sans-serif""><span style=""font-size:16px""><strong>+Treatment history</strong></span></span></p>

<p><span style=""font-family:Lucida Sans Unicode,Lucida Grande,sans-serif""><span style=""font-size:16px"">*Allergy:&nbsp;</span></span></p>

<p><span style=""font-family:Lucida Sans Unicode,Lucida Grande,sans-serif""><span style=""font-size:16px"">*Drugs list, contraceptives(oral, injections)</span></span></p>

<p><span style=""font-family:Lucida Sans Unicode,Lucida Grande,sans-serif""><span style=""font-size:16px"">*Blood transfusion:</span></span></p>

<p><span style=""font-family:Lucida Sans Unicode,Lucida Grande,sans-serif""><span style=""font-size:16px"">*Artificial implants(Cardiac, dental, orthopaedic, neurological spinal, contraceptive, others)</span></span></p>

<p>&nbsp;</p>

<p><span style=""font-family:Lucida Sans Unicode,Lucida Grande,sans-serif""><span style=""font-size:16px"">+</span></span></p>

<p>&nbsp;</p>

<p><span style=""font-family:Lucida Sans Unicode,Lucida Grande,sans-serif""><span style=""font-size:16px""><strong>+Dentl history</strong></span></span></p>

<p><span style=""font-family:Lucida Sans Unicode,Lucida Grande,sans-serif""><span style=""font-size:16px"">*Dentures:</span></span></p>

<p><span style=""font-family:Lucida Sans Unicode,Lucida Grande,sans-serif""><span style=""font-size:16px"">Removable: No&nbsp;</span></span></p>

<p><span style=""font-family:Lucida Sans Unicode,Lucida Grande,sans-serif""><span style=""font-size:16px"">Permanent(Metal, organic)</span></span></p>

<p><span style=""font-family:Lucida Sans Unicode,Lucida Grande,sans-serif""><span style=""font-size:16px"">*Missing/unstable/chipped tooth</span></span></p>

<p><span style=""font-family:Lucida Sans Unicode,Lucida Grande,sans-serif""><span style=""font-size:16px"">*Braces</span></span></p>

<p><span style=""font-family:Lucida Sans Unicode,Lucida Grande,sans-serif""><span style=""font-size:16px"">*Edentulous</span></span></p>

<p><span style=""font-family:Lucida Sans Unicode,Lucida Grande,sans-serif""><span style=""font-size:16px"">+Others</span></span></p>

<p>&nbsp;</p>

<p><span style=""font-family:Lucida Sans Unicode,Lucida Grande,sans-serif""><span style=""font-size:16px""><strong>*Menstrual history</strong></span></span></p>

<p><span style=""font-family:Lucida Sans Unicode,Lucida Grande,sans-serif""><span style=""font-size:16px"">*Immunization history</span></span></p>

<p><span style=""font-family:Lucida Sans Unicode,Lucida Grande,sans-serif""><span style=""font-size:16px"">*Antenatal/delivery history</span></span></p>

<p><span style=""font-family:Lucida Sans Unicode,Lucida Grande,sans-serif""><span style=""font-size:16px"">*Last meal:Time, quantitiy, type</span></span></p>

<p>&nbsp;</p>

<p><span style=""font-family:Lucida Sans Unicode,Lucida Grande,sans-serif""><span style=""font-size:16px""><strong>~Physical examination</strong></span></span></p>

<p><span style=""font-family:Lucida Sans Unicode,Lucida Grande,sans-serif""><span style=""font-size:16px"">+General</span></span></p>

<p><span style=""font-family:Lucida Sans Unicode,Lucida Grande,sans-serif""><span style=""font-size:16px"">*Height:</span></span></p>

<p><span style=""font-family:Lucida Sans Unicode,Lucida Grande,sans-serif""><span style=""font-size:16px"">*Weight:</span></span></p>

<p><span style=""font-family:Lucida Sans Unicode,Lucida Grande,sans-serif""><span style=""font-size:16px"">*Body temperature:</span></span></p>

<p><span style=""font-family:Lucida Sans Unicode,Lucida Grande,sans-serif""><span style=""font-size:16px"">*Hydration status:</span></span></p>

<p><span style=""font-family:Lucida Sans Unicode,Lucida Grande,sans-serif""><span style=""font-size:16px"">*Nail polish:</span></span></p>

<p><span style=""font-family:Lucida Sans Unicode,Lucida Grande,sans-serif""><span style=""font-size:16px"">*Mental status(including GCS)</span></span></p>

<p><span style=""font-family:Lucida Sans Unicode,Lucida Grande,sans-serif""><span style=""font-size:16px"">*Others:</span></span></p>

<p><span style=""font-family:Lucida Sans Unicode,Lucida Grande,sans-serif""><span style=""font-size:16px"">*Ambulant/sitting/supine, semi-recumbent, others</span></span></p>

<p><span style=""font-family:Lucida Sans Unicode,Lucida Grande,sans-serif""><span style=""font-size:16px"">*Physique: Obese, asthenic/cachectic, normal</span></span></p>

<p>&nbsp;</p>

<p><span style=""font-family:Lucida Sans Unicode,Lucida Grande,sans-serif""><span style=""font-size:16px""><strong>+Chest</strong></span></span></p>

<p><span style=""font-family:Lucida Sans Unicode,Lucida Grande,sans-serif""><span style=""font-size:16px"">*Resp rate:</span></span></p>

<p><span style=""font-family:Lucida Sans Unicode,Lucida Grande,sans-serif""><span style=""font-size:16px"">*Added breath sounds:</span></span></p>

<p><span style=""font-family:Lucida Sans Unicode,Lucida Grande,sans-serif""><span style=""font-size:16px"">*Others:</span></span></p>

<p>&nbsp;</p>

<p><span style=""font-family:Lucida Sans Unicode,Lucida Grande,sans-serif""><span style=""font-size:16px""><strong>+CVS</strong></span></span></p>

<p><span style=""font-family:Lucida Sans Unicode,Lucida Grande,sans-serif""><span style=""font-size:16px"">*BP:</span></span></p>

<p><span style=""font-family:Lucida Sans Unicode,Lucida Grande,sans-serif""><span style=""font-size:16px"">*Pulse:</span></span></p>

<p><span style=""font-family:Lucida Sans Unicode,Lucida Grande,sans-serif""><span style=""font-size:16px"">*Heart sounds:</span></span></p>

<p><span style=""font-family:Lucida Sans Unicode,Lucida Grande,sans-serif""><span style=""font-size:16px"">*Others:</span></span></p>

<p>&nbsp;</p>

<p><span style=""font-family:Lucida Sans Unicode,Lucida Grande,sans-serif""><span style=""font-size:16px""><strong>+Suitability of vascular access</strong></span></span></p>

<p><span style=""font-family:Lucida Sans Unicode,Lucida Grande,sans-serif""><span style=""font-size:16px"">+Air way assessment</span></span></p>

<p><span style=""font-family:Lucida Sans Unicode,Lucida Grande,sans-serif""><span style=""font-size:16px"">*Malampattis score:</span></span></p>

<p><span style=""font-family:Lucida Sans Unicode,Lucida Grande,sans-serif""><span style=""font-size:16px"">*Anticipation of difficult intubation(Yes/No)</span></span></p>

<p>&nbsp;</p>

<p><span style=""font-family:Lucida Sans Unicode,Lucida Grande,sans-serif""><span style=""font-size:16px""><strong>+ASA score: I/II/III/IV/V/VI/E</strong></span></span></p>

<p>&nbsp;</p>

<p><span style=""font-family:Lucida Sans Unicode,Lucida Grande,sans-serif""><span style=""font-size:16px""><strong>&nbsp;+Surgical risk category: 1/2/3/4/5</strong></span></span></p>

<p>&nbsp;</p>

<p><span style=""font-family:Lucida Sans Unicode,Lucida Grande,sans-serif""><span style=""font-size:16px""><strong>+Co-morbidity score</strong></span></span></p>

<p><span style=""font-family:Lucida Sans Unicode,Lucida Grande,sans-serif""><span style=""font-size:16px"">*Cardiac:</span></span></p>

<p><span style=""font-family:Lucida Sans Unicode,Lucida Grande,sans-serif""><span style=""font-size:16px"">*Liver:</span></span></p>

<p><span style=""font-family:Lucida Sans Unicode,Lucida Grande,sans-serif""><span style=""font-size:16px"">*Others:</span></span></p>

<p>&nbsp;</p>

<p><span style=""font-family:Lucida Sans Unicode,Lucida Grande,sans-serif""><span style=""font-size:16px"">~Urine analysis, Hb/PCV ,&nbsp;&nbsp;&nbsp;&nbsp;&nbsp; Blood group,&nbsp; Serum E/U/Cr, Blood sugar(Random, fasting, ), ECG, plain X-rays(Chest, others), cardiac ultrasound scan, others</span></span></p>

<p>&nbsp;</p>

<p><span style=""font-family:Lucida Sans Unicode,Lucida Grande,sans-serif""><span style=""font-size:16px""><strong>~Summary/problems:</strong></span></span></p>

<p>&nbsp;</p>

<p><span style=""font-family:Lucida Sans Unicode,Lucida Grande,sans-serif""><span style=""font-size:16px""><strong>~Plan:</strong></span></span></p>

<p>&nbsp;</p>

<p><span style=""font-family:Lucida Sans Unicode,Lucida Grande,sans-serif""><span style=""font-size:16px""><strong>+Consent:</strong></span></span></p>

<p>&nbsp;</p>

<p><span style=""font-family:Lucida Sans Unicode,Lucida Grande,sans-serif""><span style=""font-size:16px""><strong>+Preoperative fasting(Nil per os) instructions</strong></span></span></p>

<p>&nbsp;</p>

<p><span style=""font-family:Lucida Sans Unicode,Lucida Grande,sans-serif""><span style=""font-size:16px""><strong>+Premedication</strong></span></span></p>

<p>&nbsp;</p>

<p><span style=""font-family:Lucida Sans Unicode,Lucida Grande,sans-serif""><span style=""font-size:16px"">*Anxiolytics(Diazepam, lexotan, others)</span></span></p>

<p><span style=""font-family:Lucida Sans Unicode,Lucida Grande,sans-serif""><span style=""font-size:16px"">*Antiemetics(Metoclopamide, ondansetron, others)</span></span></p>

<p><span style=""font-family:Lucida Sans Unicode,Lucida Grande,sans-serif""><span style=""font-size:16px"">*H2 receptor antagonist(Ranitidine, others)</span></span></p>

<p><span style=""font-family:Lucida Sans Unicode,Lucida Grande,sans-serif""><span style=""font-size:16px"">*Proton pump inhibitors(Omeprazole, rabeprazole, others)</span></span></p>

<p><span style=""font-family:Lucida Sans Unicode,Lucida Grande,sans-serif""><span style=""font-size:16px"">*Others</span></span></p>

<p>&nbsp;</p>

<p><span style=""font-family:Lucida Sans Unicode,Lucida Grande,sans-serif""><span style=""font-size:16px""><strong>+Blood transfusion request</strong></span></span></p>

<p>&nbsp;</p>

<p><span style=""font-family:Lucida Sans Unicode,Lucida Grande,sans-serif""><span style=""font-size:16px"">*</span></span></p>

<p><span style=""font-family:Lucida Sans Unicode,Lucida Grande,sans-serif""><span style=""font-size:16px"">*</span></span></p>

<p><span style=""font-family:Lucida Sans Unicode,Lucida Grande,sans-serif""><span style=""font-size:16px"">*</span></span></p>

<p>&nbsp;</p>

<p><span style=""font-family:Lucida Sans Unicode,Lucida Grande,sans-serif""><span style=""font-size:16px""><strong>+Choice of anaesthesia</strong></span></span></p>

<p>&nbsp;</p>

<p><span style=""font-family:Lucida Sans Unicode,Lucida Grande,sans-serif""><span style=""font-size:16px"">*General anaesthesia:</span></span></p>

<p><span style=""font-family:Lucida Sans Unicode,Lucida Grande,sans-serif""><span style=""font-size:16px"">*Local infilteration:</span></span></p>

<p><span style=""font-family:Lucida Sans Unicode,Lucida Grande,sans-serif""><span style=""font-size:16px"">*Neuraxial anaesthesia:</span></span></p>

<p><span style=""font-family:Lucida Sans Unicode,Lucida Grande,sans-serif""><span style=""font-size:16px"">*Concious sedation:</span></span></p>

<p>&nbsp;</p>

<p><span style=""font-family:Lucida Sans Unicode,Lucida Grande,sans-serif""><span style=""font-size:16px""><strong>+Other instructions</strong></span></span></p>

<p>&nbsp;</p>

<p><span style=""font-family:Lucida Sans Unicode,Lucida Grande,sans-serif""><span style=""font-size:16px"">*Venous access: i.v. cannulation, central venous access, others</span></span></p>

<p><span style=""font-family:Lucida Sans Unicode,Lucida Grande,sans-serif""><span style=""font-size:16px"">*&nbsp;&nbsp;</span></span></p>

<p>&nbsp;</p>

<p><span style=""font-family:Lucida Sans Unicode,Lucida Grande,sans-serif""><span style=""font-size:16px""><strong>~Signature:</strong></span></span></p>

<p>&nbsp;</p>

<p>&nbsp;</p>
",PREOPERATIVE ANAESTHESIA RECORDS,CLINICAL NOTE
621,"<p>&nbsp;</p>

<p><strong>POSTOPERATIVE RECOVERY ROOM CHART</strong></p>

<table border=""1"" cellpadding=""1"" cellspacing=""1"" style=""width:500px"">
	<tbody>
		<tr>
			<td>TIME</td>
			<td>PULSE</td>
			<td>BP</td>
			<td>SPO2</td>
			<td>
			<p>PAIN&nbsp;</p>

			<p>SCORE</p>
			</td>
			<td>COMMENT</td>
			<td>&nbsp;</td>
		</tr>
		<tr>
			<td>10.00</td>
			<td>&nbsp;</td>
			<td>&nbsp;</td>
			<td>&nbsp;</td>
			<td>&nbsp;</td>
			<td>&nbsp;</td>
			<td>&nbsp;</td>
		</tr>
		<tr>
			<td>0.10</td>
			<td>&nbsp;</td>
			<td>&nbsp;</td>
			<td>&nbsp;</td>
			<td>&nbsp;</td>
			<td>&nbsp;</td>
			<td>&nbsp;</td>
		</tr>
		<tr>
			<td>0.20</td>
			<td>&nbsp;</td>
			<td>&nbsp;</td>
			<td>&nbsp;</td>
			<td>&nbsp;</td>
			<td>&nbsp;</td>
			<td>&nbsp;</td>
		</tr>
		<tr>
			<td>0.30</td>
			<td>&nbsp;</td>
			<td>&nbsp;</td>
			<td>&nbsp;</td>
			<td>&nbsp;</td>
			<td>&nbsp;</td>
			<td>&nbsp;</td>
		</tr>
		<tr>
			<td>0.40</td>
			<td>&nbsp;</td>
			<td>&nbsp;</td>
			<td>&nbsp;</td>
			<td>&nbsp;</td>
			<td>&nbsp;</td>
			<td>&nbsp;</td>
		</tr>
		<tr>
			<td>0.50</td>
			<td>&nbsp;</td>
			<td>&nbsp;</td>
			<td>&nbsp;</td>
			<td>&nbsp;</td>
			<td>&nbsp;</td>
			<td>&nbsp;</td>
		</tr>
		<tr>
			<td>11.00</td>
			<td>&nbsp;</td>
			<td>&nbsp;</td>
			<td>&nbsp;</td>
			<td>&nbsp;</td>
			<td>&nbsp;</td>
			<td>&nbsp;</td>
		</tr>
		<tr>
			<td>0.10</td>
			<td>&nbsp;</td>
			<td>&nbsp;</td>
			<td>&nbsp;</td>
			<td>&nbsp;</td>
			<td>&nbsp;</td>
			<td>&nbsp;</td>
		</tr>
		<tr>
			<td>0.20</td>
			<td>&nbsp;</td>
			<td>&nbsp;</td>
			<td>&nbsp;</td>
			<td>&nbsp;</td>
			<td>&nbsp;</td>
			<td>&nbsp;</td>
		</tr>
		<tr>
			<td>0.30</td>
			<td>&nbsp;</td>
			<td>&nbsp;</td>
			<td>&nbsp;</td>
			<td>&nbsp;</td>
			<td>&nbsp;</td>
			<td>&nbsp;</td>
		</tr>
		<tr>
			<td>0.40</td>
			<td>&nbsp;</td>
			<td>&nbsp;</td>
			<td>&nbsp;</td>
			<td>&nbsp;</td>
			<td>&nbsp;</td>
			<td>&nbsp;</td>
		</tr>
		<tr>
			<td>0.50</td>
			<td>&nbsp;</td>
			<td>&nbsp;</td>
			<td>&nbsp;</td>
			<td>&nbsp;</td>
			<td>&nbsp;</td>
			<td>&nbsp;</td>
		</tr>
		<tr>
			<td>&nbsp;</td>
			<td>&nbsp;</td>
			<td>&nbsp;</td>
			<td>&nbsp;</td>
			<td>&nbsp;</td>
			<td>&nbsp;</td>
			<td>&nbsp;</td>
		</tr>
		<tr>
			<td>&nbsp;</td>
			<td>&nbsp;</td>
			<td>&nbsp;</td>
			<td>&nbsp;</td>
			<td>&nbsp;</td>
			<td>&nbsp;</td>
			<td>&nbsp;</td>
		</tr>
		<tr>
			<td>&nbsp;</td>
			<td>&nbsp;</td>
			<td>&nbsp;</td>
			<td>&nbsp;</td>
			<td>&nbsp;</td>
			<td>&nbsp;</td>
			<td>&nbsp;</td>
		</tr>
		<tr>
			<td>&nbsp;</td>
			<td>&nbsp;</td>
			<td>&nbsp;</td>
			<td>&nbsp;</td>
			<td>&nbsp;</td>
			<td>&nbsp;</td>
			<td>&nbsp;</td>
		</tr>
		<tr>
			<td>&nbsp;</td>
			<td>&nbsp;</td>
			<td>&nbsp;</td>
			<td>&nbsp;</td>
			<td>&nbsp;</td>
			<td>&nbsp;</td>
			<td>&nbsp;</td>
		</tr>
		<tr>
			<td>&nbsp;</td>
			<td>&nbsp;</td>
			<td>&nbsp;</td>
			<td>&nbsp;</td>
			<td>&nbsp;</td>
			<td>&nbsp;</td>
			<td>&nbsp;</td>
		</tr>
		<tr>
			<td>&nbsp;</td>
			<td>&nbsp;</td>
			<td>&nbsp;</td>
			<td>&nbsp;</td>
			<td>&nbsp;</td>
			<td>&nbsp;</td>
			<td>&nbsp;</td>
		</tr>
		<tr>
			<td>&nbsp;</td>
			<td>&nbsp;</td>
			<td>&nbsp;</td>
			<td>&nbsp;</td>
			<td>&nbsp;</td>
			<td>&nbsp;</td>
			<td>&nbsp;</td>
		</tr>
		<tr>
			<td>&nbsp;</td>
			<td>&nbsp;</td>
			<td>&nbsp;</td>
			<td>&nbsp;</td>
			<td>&nbsp;</td>
			<td>&nbsp;</td>
			<td>&nbsp;</td>
		</tr>
		<tr>
			<td>&nbsp;</td>
			<td>&nbsp;</td>
			<td>&nbsp;</td>
			<td>&nbsp;</td>
			<td>&nbsp;</td>
			<td>&nbsp;</td>
			<td>&nbsp;</td>
		</tr>
		<tr>
			<td>&nbsp;</td>
			<td>&nbsp;</td>
			<td>&nbsp;</td>
			<td>&nbsp;</td>
			<td>&nbsp;</td>
			<td>&nbsp;</td>
			<td>&nbsp;</td>
		</tr>
		<tr>
			<td>&nbsp;</td>
			<td>&nbsp;</td>
			<td>&nbsp;</td>
			<td>&nbsp;</td>
			<td>&nbsp;</td>
			<td>&nbsp;</td>
			<td>&nbsp;</td>
		</tr>
		<tr>
			<td>&nbsp;</td>
			<td>&nbsp;</td>
			<td>&nbsp;</td>
			<td>&nbsp;</td>
			<td>&nbsp;</td>
			<td>&nbsp;</td>
			<td>&nbsp;</td>
		</tr>
		<tr>
			<td>&nbsp;</td>
			<td>&nbsp;</td>
			<td>&nbsp;</td>
			<td>&nbsp;</td>
			<td>&nbsp;</td>
			<td>&nbsp;</td>
			<td>&nbsp;</td>
		</tr>
		<tr>
			<td>&nbsp;</td>
			<td>&nbsp;</td>
			<td>&nbsp;</td>
			<td>&nbsp;</td>
			<td>&nbsp;</td>
			<td>&nbsp;</td>
			<td>&nbsp;</td>
		</tr>
		<tr>
			<td>&nbsp;</td>
			<td>&nbsp;</td>
			<td>&nbsp;</td>
			<td>&nbsp;</td>
			<td>&nbsp;</td>
			<td>&nbsp;</td>
			<td>&nbsp;</td>
		</tr>
		<tr>
			<td>&nbsp;</td>
			<td>&nbsp;</td>
			<td>&nbsp;</td>
			<td>&nbsp;</td>
			<td>&nbsp;</td>
			<td>&nbsp;</td>
			<td>&nbsp;</td>
		</tr>
	</tbody>
</table>

<p>&nbsp;</p>

<p>&nbsp;</p>

<p>&nbsp;</p>

<p>&nbsp;</p>

<p>&nbsp;</p>

<p>&nbsp;</p>

<p>&nbsp;</p>
",POSTOPERATIVE RECOVERY ROOM CHART,CLINICAL NOTE
1,,NOTES,CLINICAL NOTE
501,,DENTAL NEW COMPLAINT,CLINICAL NOTE
701,"<p>Body pain</p>
",Complaints,CLINICAL NOTE
402,"<p style=""text-align:center""><strong>---Check boxes with * ----</strong></p>

<p><span style=""font-size:14px""><strong>CARDIOVASCULAR :-&nbsp; &nbsp; &nbsp; &nbsp; &nbsp; &nbsp; &nbsp; &nbsp; &nbsp; &nbsp; &nbsp; &nbsp; &nbsp; &nbsp; &nbsp; &nbsp; &nbsp; &nbsp; &nbsp; &nbsp; &nbsp; &nbsp; &nbsp; &nbsp; &nbsp; &nbsp; &nbsp; &nbsp; &nbsp; &nbsp; &nbsp; &nbsp; &nbsp; &nbsp; &nbsp; &nbsp; &nbsp; &nbsp; &nbsp; &nbsp; &nbsp; &nbsp; &nbsp; &nbsp; &nbsp; &nbsp; &nbsp; &nbsp; &nbsp; &nbsp; &nbsp;&nbsp;</strong></span></p>

<ul>
	<li><strong><span style=""font-size:12px"">Pulse Rate:&nbsp; &nbsp; &nbsp; &nbsp; &nbsp; &nbsp; &nbsp; &nbsp; &nbsp; &nbsp; &nbsp; &nbsp; &nbsp; &nbsp; &nbsp; &nbsp; &nbsp; &nbsp; &nbsp; &nbsp; &nbsp; &nbsp; &nbsp; &nbsp; &nbsp; &nbsp; &nbsp; &nbsp; &nbsp; &nbsp; &nbsp; &nbsp; &nbsp; &nbsp; &nbsp; &nbsp; &nbsp; &nbsp; &nbsp;&nbsp; &nbsp; &nbsp; &nbsp; &nbsp; &nbsp; &nbsp; &nbsp; &nbsp; &nbsp; &nbsp; &nbsp; &nbsp; &nbsp; &nbsp; &nbsp; &nbsp; &nbsp; &nbsp; &nbsp; &nbsp; &nbsp; &nbsp; &nbsp; &nbsp; &nbsp; &nbsp; &nbsp;&nbsp;</span></strong></li>
	<li><strong><span style=""font-size:12px"">Blood Pressure:&nbsp; &nbsp; &nbsp; &nbsp; &nbsp; &nbsp; &nbsp; &nbsp; &nbsp; &nbsp; &nbsp; &nbsp; &nbsp; &nbsp; &nbsp; &nbsp; &nbsp; &nbsp; &nbsp; &nbsp; &nbsp; &nbsp; &nbsp; &nbsp; &nbsp; &nbsp; &nbsp; &nbsp; &nbsp; &nbsp; &nbsp; &nbsp; &nbsp; &nbsp; &nbsp; &nbsp; &nbsp; &nbsp; &nbsp; &nbsp; &nbsp; &nbsp; &nbsp; &nbsp; &nbsp; &nbsp; &nbsp; &nbsp; &nbsp; &nbsp; &nbsp; &nbsp; &nbsp; &nbsp; &nbsp; &nbsp; &nbsp; &nbsp; &nbsp; &nbsp; &nbsp; &nbsp; &nbsp; &nbsp; &nbsp;</span></strong></li>
	<li><strong><span style=""font-size:12px"">Heart Sound:&nbsp; &nbsp; &nbsp; &nbsp; &nbsp; &nbsp; &nbsp; &nbsp; &nbsp; &nbsp; &nbsp; &nbsp; &nbsp; &nbsp; &nbsp; &nbsp; &nbsp; &nbsp; &nbsp; &nbsp; &nbsp; &nbsp; &nbsp; &nbsp; &nbsp; &nbsp; &nbsp; &nbsp; &nbsp; &nbsp; &nbsp; &nbsp; &nbsp; &nbsp; &nbsp; &nbsp; &nbsp;&nbsp;</span></strong></li>
	<li><strong><span style=""font-size:12px"">Apex Beat:&nbsp;</span></strong></li>
	<li><strong><span style=""font-size:12px"">Other:&nbsp;</span></strong></li>
</ul>

<p><span style=""font-size:14px""><strong>RESPIRATORY :-&nbsp;</strong></span></p>

<ul>
	<li><strong><span style=""font-size:12px"">Respiration Rate:&nbsp; &nbsp;</span></strong></li>
	<li><strong><span style=""font-size:12px"">Breath Sounds:&nbsp;</span></strong></li>
	<li><strong><span style=""font-size:12px"">Other</span>:&nbsp;</strong></li>
</ul>

<p><strong><span style=""font-size:14px"">ABDOMINAL:-&nbsp;</span></strong></p>

<ul>
	<li><strong><span style=""font-size:12px"">Orientation:&nbsp;</span></strong></li>
	<li><strong><span style=""font-size:12px"">Tenderness:&nbsp;</span></strong></li>
	<li><strong><span style=""font-size:12px"">Liver:&nbsp;</span></strong></li>
	<li><strong><span style=""font-size:12px"">Spleen:&nbsp;</span></strong></li>
	<li><strong><span style=""font-size:12px"">Kidney:&nbsp;</span></strong></li>
	<li><strong><span style=""font-size:12px"">Ascites:&nbsp;</span></strong></li>
	<li><strong><span style=""font-size:12px"">Bowel Sounds:&nbsp;</span></strong></li>
	<li><strong><span style=""font-size:12px"">PR:&nbsp;</span></strong></li>
	<li><strong><span style=""font-size:12px"">Others:&nbsp;</span></strong></li>
</ul>

<p>&nbsp;</p>
",Systemic Examination,EXAMINATION
1683,"<p style=""text-align:center""><span style=""font-size:18px""><strong>OTHER VITAL STATISTICS</strong></span></p>

<p>&nbsp;</p>
",NUR- OTHER VITAL STATISTICS,CLINICAL NOTE
461,,Surgical Note,CLINICAL NOTE
921,"<p style=""text-align:center""><u><strong><span style=""font-size:20px"">Social Welfare Update</span></strong></u></p>

<p>&nbsp;</p>
",Social Welfare Update,CLINICAL NOTE
1602,"<p><span style=""font-size:11pt""><span style=""font-family:Calibri,sans-serif""><strong><span style=""font-size:18.0pt""><span style=""font-family:&quot;Times New Roman&quot;,serif"">&nbsp;&nbsp;&nbsp;&nbsp;&nbsp;&nbsp;&nbsp;&nbsp;&nbsp;&nbsp;&nbsp; IN-PATIENT/WARD ROUND CONSULTATION</span></span></strong></span></span></p>

<p><span style=""font-size:11pt""><span style=""font-family:Calibri,sans-serif""><strong><span style=""font-size:18.0pt""><span style=""font-family:&quot;Times New Roman&quot;,serif"">Clinical Notes:&nbsp;</span></span></strong></span></span></p>

<p>&nbsp;</p>

<p><span style=""font-size:11pt""><span style=""font-family:Calibri,sans-serif""><strong><span style=""font-size:18.0pt""><span style=""font-family:&quot;Times New Roman&quot;,serif"">Assessment:&nbsp;</span></span></strong></span></span></p>

<p>&nbsp;</p>

<p>&nbsp;</p>

<p><span style=""font-size:11pt""><span style=""font-family:Calibri,sans-serif""><strong><span style=""font-size:18.0pt""><span style=""font-family:&quot;Times New Roman&quot;,serif"">Plan:</span></span></strong></span></span></p>

<p><span style=""font-size:11pt""><span style=""font-family:Calibri,sans-serif""><strong><span style=""font-size:18.0pt""><span style=""font-family:&quot;Times New Roman&quot;,serif"">&nbsp;&nbsp;&nbsp;&nbsp;&nbsp; Investigations:</span></span></strong></span></span></p>

<p><span style=""font-size:11pt""><span style=""font-family:Calibri,sans-serif""><strong><span style=""font-size:18.0pt""><span style=""font-family:&quot;Times New Roman&quot;,serif"">&nbsp;&nbsp;&nbsp;&nbsp;&nbsp;&nbsp;&nbsp;&nbsp;&nbsp;&nbsp;&nbsp;&nbsp;&nbsp;&nbsp; Biological:&nbsp;</span></span></strong></span></span></p>

<p><span style=""font-size:11pt""><span style=""font-family:Calibri,sans-serif""><strong><span style=""font-size:18.0pt""><span style=""font-family:&quot;Times New Roman&quot;,serif"">&nbsp;&nbsp;&nbsp;&nbsp;&nbsp;&nbsp;&nbsp;&nbsp;&nbsp;&nbsp;&nbsp;&nbsp;&nbsp;&nbsp; Psychological:&nbsp;&nbsp;</span></span></strong></span></span></p>

<p><span style=""font-size:11pt""><span style=""font-family:Calibri,sans-serif""><strong><span style=""font-size:18.0pt""><span style=""font-family:&quot;Times New Roman&quot;,serif"">&nbsp;&nbsp;&nbsp;&nbsp;&nbsp;&nbsp;&nbsp;&nbsp;&nbsp;&nbsp;&nbsp;&nbsp;&nbsp;&nbsp; Social:</span></span></strong></span></span></p>

<p>&nbsp;</p>

<p><span style=""font-size:11pt""><span style=""font-family:Calibri,sans-serif""><strong><span style=""font-size:18.0pt""><span style=""font-family:&quot;Times New Roman&quot;,serif"">&nbsp;&nbsp;&nbsp;&nbsp;&nbsp; Treatment: </span></span></strong></span></span></p>

<p><span style=""font-size:11pt""><span style=""font-family:Calibri,sans-serif""><strong><span style=""font-size:18.0pt""><span style=""font-family:&quot;Times New Roman&quot;,serif"">&nbsp;&nbsp;&nbsp;&nbsp;&nbsp;&nbsp;&nbsp;&nbsp;&nbsp;&nbsp;&nbsp;&nbsp;&nbsp;&nbsp; Biological:&nbsp;</span></span></strong></span></span></p>

<p><span style=""font-size:11pt""><span style=""font-family:Calibri,sans-serif""><strong><span style=""font-size:18.0pt""><span style=""font-family:&quot;Times New Roman&quot;,serif"">&nbsp;&nbsp;&nbsp;&nbsp;&nbsp;&nbsp;&nbsp;&nbsp;&nbsp;&nbsp;&nbsp;&nbsp;&nbsp;&nbsp; Psychological:&nbsp;</span></span></strong></span></span></p>

<p><span style=""font-size:11pt""><span style=""font-family:Calibri,sans-serif""><strong><span style=""font-size:18.0pt""><span style=""font-family:&quot;Times New Roman&quot;,serif"">&nbsp;&nbsp;&nbsp;&nbsp;&nbsp;&nbsp;&nbsp;&nbsp;&nbsp;&nbsp;&nbsp;&nbsp;&nbsp;&nbsp; Social:&nbsp;</span></span></strong></span></span></p>

<p>&nbsp;</p>

<p>&nbsp;</p>

<p><span style=""font-size:11pt""><span style=""font-family:Calibri,sans-serif""><strong>&nbsp;</strong></span></span></p>

<p><span style=""font-size:11pt""><span style=""font-family:Calibri,sans-serif""><strong><span style=""font-size:18.0pt""><span style=""font-family:&quot;Times New Roman&quot;,serif"">Discharge Summary:&nbsp;</span></span></strong></span></span></p>

<p>&nbsp;</p>

<p>&nbsp;</p>

<p><span style=""font-size:11pt""><span style=""font-family:Calibri,sans-serif""><strong><span style=""font-size:18.0pt""><span style=""font-family:&quot;Times New Roman&quot;,serif"">Referral:&nbsp;</span></span></strong></span></span></p>
",IN-PATIENT/WARD ROUND CONSULTATION,CLINICAL NOTE
1036,,Urinary,Review Of System
1041,"<p><strong>*** GLOBE ***</strong></p>

<p>&nbsp;</p>

<p>&nbsp;</p>

<p><strong>*** <u>EOM </u>***</strong></p>

<p>&nbsp;</p>

<p>&nbsp;</p>

<p><strong>*** <u>LID/LASHES</u> ***</strong></p>

<p>&nbsp;</p>

<p>&nbsp;</p>

<p>&nbsp;</p>

<p><strong>*** <u>CONJUCTIVAL</u> ***&nbsp;</strong></p>

<p>&nbsp;</p>

<p>&nbsp;</p>

<p><strong>*** <u>CORNEA</u> ***</strong></p>

<p>&nbsp;</p>

<p>&nbsp;</p>

<p><strong>*** <u>ANTERIOR CHAMBER</u> ***</strong></p>

<p>&nbsp;</p>

<p>&nbsp;</p>

<p><strong>*** <u>PUPIL</u> ***</strong></p>

<p>&nbsp;</p>

<p>&nbsp;</p>

<p><strong>*** <u>IRIS COLOUR AND PATTERN</u> ***</strong></p>

<p>&nbsp;</p>

<p>&nbsp;</p>

<p><strong>*** <u>LENS</u> ***</strong></p>

<p>&nbsp;</p>

<p>&nbsp;</p>

<p><strong>*** <u>FUNDUS</u> ***</strong></p>

<p>&nbsp;</p>

<p>&nbsp;</p>

<p>&nbsp;</p>
",OPHTHAL EXAMINATION NOTE,EXAMINATION
1043,"<p><strong>*** GLOBE ***</strong></p>

<p>&nbsp;</p>

<p>&nbsp;</p>

<p><strong>*** <u>EOM </u>***</strong></p>

<p>&nbsp;</p>

<p>&nbsp;</p>

<p><strong>*** <u>LID/LASHES</u> ***</strong></p>

<p>&nbsp;</p>

<p>&nbsp;</p>

<p>&nbsp;</p>

<p><strong>*** <u>CONJUCTIVAL</u> ***&nbsp;</strong></p>

<p>&nbsp;</p>

<p>&nbsp;</p>

<p><strong>*** <u>CORNEA</u> ***</strong></p>

<p>&nbsp;</p>

<p>&nbsp;</p>

<p><strong>*** <u>ANTERIOR CHAMBER</u> ***</strong></p>

<p>&nbsp;</p>

<p>&nbsp;</p>

<p><strong>*** <u>PUPIL</u> ***</strong></p>

<p>&nbsp;</p>

<p>&nbsp;</p>

<p><strong>*** <u>IRIS COLOUR AND PATTERN</u> ***</strong></p>

<p>&nbsp;</p>

<p>&nbsp;</p>

<p><strong>*** <u>LENS</u> ***</strong></p>

<p>&nbsp;</p>

<p>&nbsp;</p>

<p><strong>*** <u>FUNDUS</u> ***</strong></p>

<p>&nbsp;</p>
",OPHTHAL NOTE,CLINICAL NOTE
741,,NUTRITION AND DIETETICS REVIEW,CLINICAL NOTE
1702,"<table cellspacing=""0"" class=""MsoTableGrid"" style=""border-collapse:collapse; border:none"">
	<tbody>
		<tr>
			<td colspan=""2"" style=""border-bottom:1px solid black; border-left:1px solid black; border-right:1px solid black; border-top:1px solid black; vertical-align:top; width:568px"">
			<p><span style=""font-size:11pt""><span style=""font-family:&quot;Calibri&quot;,&quot;sans-serif&quot;""><strong><span style=""font-size:12.0pt"">MONITORING AND EVALUATION</span></strong></span></span></p>
			</td>
		</tr>
		<tr>
			<td style=""border-bottom:1px solid black; border-left:1px solid black; border-right:1px solid black; border-top:none; vertical-align:top; width:215px"">
			<p><span style=""font-size:11pt""><span style=""font-family:&quot;Calibri&quot;,&quot;sans-serif&quot;""><strong><em><span style=""font-size:12.0pt"">Food / Nutrition related History Outcomes</span></em></strong></span></span></p>
			</td>
			<td style=""border-bottom:1px solid black; border-left:none; border-right:1px solid black; border-top:none; vertical-align:top; width:353px"">
			<p>&nbsp;</p>
			</td>
		</tr>
		<tr>
			<td style=""border-bottom:1px solid black; border-left:1px solid black; border-right:1px solid black; border-top:none; vertical-align:top; width:215px"">
			<p><span style=""font-size:11pt""><span style=""font-family:&quot;Calibri&quot;,&quot;sans-serif&quot;""><strong><em><span style=""font-size:12.0pt"">Anthropometric Measurement Outcomes</span></em></strong></span></span></p>
			</td>
			<td style=""border-bottom:1px solid black; border-left:none; border-right:1px solid black; border-top:none; vertical-align:top; width:353px"">
			<p>&nbsp;</p>

			<p>&nbsp;</p>
			</td>
		</tr>
		<tr>
			<td style=""border-bottom:1px solid black; border-left:1px solid black; border-right:1px solid black; border-top:none; vertical-align:top; width:215px"">
			<p><span style=""font-size:11pt""><span style=""font-family:&quot;Calibri&quot;,&quot;sans-serif&quot;""><strong><em><span style=""font-size:12.0pt"">Biochemical Data, Medical Tests, and Procedure Outcomes</span></em></strong></span></span></p>
			</td>
			<td style=""border-bottom:1px solid black; border-left:none; border-right:1px solid black; border-top:none; vertical-align:top; width:353px"">
			<p>&nbsp;</p>
			</td>
		</tr>
		<tr>
			<td style=""border-bottom:1px solid black; border-left:1px solid black; border-right:1px solid black; border-top:none; vertical-align:top; width:215px"">
			<p><span style=""font-size:11pt""><span style=""font-family:&quot;Calibri&quot;,&quot;sans-serif&quot;""><strong><em><span style=""font-size:12.0pt"">Nutrition Focused Physical Finding Outcomes</span></em></strong></span></span></p>
			</td>
			<td style=""border-bottom:1px solid black; border-left:none; border-right:1px solid black; border-top:none; vertical-align:top; width:353px"">
			<p style=""margin-left:48px"">&nbsp;</p>
			</td>
		</tr>
	</tbody>
</table>
",NUTRITION AND DIETETICS MONITORING/EVALUATION,CLINICAL NOTE
742,"<h3><span style=""font-size:12px"">*******Presenting Complaint********</span></h3>

<h3>&nbsp;</h3>

<h3><span style=""font-size:12px"">*******History of Presenting Complaint********</span></h3>

<h3>&nbsp;</h3>

<h3><span style=""font-size:12px"">*******Past Medical /Surgical History********</span></h3>

<h3>&nbsp;</h3>

<h3><span style=""font-size:12px"">*******Drugs and Allergy********</span></h3>

<h3>&nbsp;</h3>

<h3><span style=""font-size:12px"">*******Family &amp; Social History********</span></h3>

<h3>&nbsp;</h3>

<h3><span style=""font-size:12px"">*******Review of System********</span></h3>

<h3>&nbsp;</h3>

<h3><span style=""font-size:12px"">*******Physical Examination********</span></h3>

<h3>&nbsp;</h3>

<h3><span style=""font-size:12px"">*******Investigation********</span></h3>

<h3>&nbsp;</h3>

<h3><span style=""font-size:12px"">*******Plan********</span></h3>

<h3>&nbsp;</h3>

<h3><span style=""font-size:12px"">*******Follow-Up********</span></h3>

<p>&nbsp;</p>
",Presenting Complaints,CLINICAL NOTE
1684,"<p style=""text-align:center""><span style=""font-size:18px""><strong>NURSING CARE PLAN CHART</strong></span></p>

<p style=""text-align:center"">&nbsp;</p>

<p style=""text-align:center"">&nbsp;</p>

<table border=""1"" cellpadding=""1"" cellspacing=""1"" style=""width:500px"">
	<tbody>
		<tr>
			<td>NURSING DIAGNOSIS</td>
			<td>NURSING OBJECTIVES</td>
			<td>NURSING ACTION</td>
			<td>SCIENTIFIC EXPLANATION OF ACTION</td>
			<td>EVALUATION OF CARE</td>
		</tr>
		<tr>
			<td>
			<p>&nbsp;</p>
			</td>
			<td>&nbsp;</td>
			<td>&nbsp;</td>
			<td>&nbsp;</td>
			<td>&nbsp;</td>
		</tr>
	</tbody>
</table>

<p>&nbsp;
<p>&nbsp;</p>
</p>
",NURSING CARE PLAN CHART,CLINICAL NOTE
861,"<p>&nbsp;</p>

<p><span style=""font-size:14px""><strong>Pre-Operation Diagnosis:&nbsp;</strong> &nbsp; &nbsp; &nbsp; &nbsp; &nbsp; &nbsp; &nbsp; &nbsp; &nbsp; &nbsp; &nbsp; &nbsp; &nbsp; &nbsp; &nbsp; &nbsp; &nbsp; &nbsp; &nbsp; &nbsp; &nbsp; &nbsp; &nbsp; &nbsp; &nbsp; &nbsp; &nbsp; &nbsp; &nbsp; &nbsp; &nbsp; &nbsp; &nbsp; &nbsp; &nbsp; &nbsp; &nbsp; &nbsp; &nbsp; &nbsp;&nbsp;&nbsp;<strong>&nbsp; &nbsp;Proposed Operation:</strong></span></p>

<table border=""1"" cellpadding=""1"" cellspacing=""1"" style=""width:950px"">
	<tbody>
		<tr>
			<td><strong>S/n</strong></td>
			<td><strong>PARTICULARES&nbsp; &nbsp; &nbsp; &nbsp; &nbsp; &nbsp; &nbsp; &nbsp; &nbsp; &nbsp; &nbsp; &nbsp; &nbsp; &nbsp; &nbsp; &nbsp; &nbsp; &nbsp; &nbsp; &nbsp; &nbsp; &nbsp; &nbsp; &nbsp; &nbsp; &nbsp; &nbsp; &nbsp; &nbsp; &nbsp; &nbsp; &nbsp; &nbsp; &nbsp; &nbsp; &nbsp; &nbsp; &nbsp; &nbsp; &nbsp; &nbsp; &nbsp; &nbsp; &nbsp;&nbsp;</strong></td>
			<td>WARD NURSE<strong> (Yes/No)</strong></td>
			<td>PERI-OP NURSE<strong> (Yes/No)</strong></td>
		</tr>
		<tr>
			<td>1</td>
			<td>Pre-operative counseling/duly signed and witnessed consent form</td>
			<td>&nbsp; &nbsp; &nbsp; &nbsp; &nbsp; &nbsp; &nbsp; &nbsp; &nbsp; &nbsp; &nbsp; &nbsp; &nbsp; &nbsp; &nbsp; &nbsp; &nbsp; &nbsp; &nbsp; &nbsp; &nbsp; &nbsp; &nbsp; &nbsp; &nbsp; &nbsp; &nbsp;</td>
			<td>&nbsp; &nbsp; &nbsp; &nbsp; &nbsp; &nbsp; &nbsp; &nbsp; &nbsp; &nbsp; &nbsp; &nbsp; &nbsp; &nbsp; &nbsp; &nbsp; &nbsp; &nbsp; &nbsp; &nbsp; &nbsp; &nbsp; &nbsp; &nbsp; &nbsp; &nbsp; &nbsp;&nbsp;</td>
		</tr>
		<tr>
			<td>2</td>
			<td>Complete Patient`s Investigation i.e PCV,U&amp;E,X-Rays, CT etc.</td>
			<td>&nbsp;</td>
			<td>&nbsp;</td>
		</tr>
		<tr>
			<td>3</td>
			<td>Preparation of Operation Site e.g Shaving</td>
			<td>&nbsp;</td>
			<td>&nbsp;</td>
		</tr>
		<tr>
			<td>4</td>
			<td>NPO Since....................NG tube if required</td>
			<td>&nbsp;</td>
			<td>&nbsp;</td>
		</tr>
		<tr>
			<td>5</td>
			<td>Removal of denture/prosthesis/Jewellery&nbsp; e.t.c</td>
			<td>&nbsp;</td>
			<td>&nbsp;</td>
		</tr>
		<tr>
			<td>6</td>
			<td>Catheterization</td>
			<td>&nbsp;</td>
			<td>&nbsp;</td>
		</tr>
		<tr>
			<td>7</td>
			<td>Pre-Operative Medication, Prophylactic Antibiotics</td>
			<td>&nbsp;</td>
			<td>&nbsp;</td>
		</tr>
		<tr>
			<td>8</td>
			<td>Anaesthetic Review</td>
			<td>&nbsp;</td>
			<td>&nbsp;</td>
		</tr>
		<tr>
			<td>9</td>
			<td>Pre-Operative Vital Signs TP_____Pulse______Resp______BP_______</td>
			<td>&nbsp;</td>
			<td>&nbsp;</td>
		</tr>
		<tr>
			<td>10</td>
			<td>Volding time................... Enema where indicate</td>
			<td>&nbsp;</td>
			<td>&nbsp;</td>
		</tr>
		<tr>
			<td>11</td>
			<td>Patient Medication Chart</td>
			<td>&nbsp;</td>
			<td>&nbsp;</td>
		</tr>
		<tr>
			<td>12</td>
			<td>Blood and No. of Units if required</td>
			<td>&nbsp;</td>
			<td>&nbsp;</td>
		</tr>
		<tr>
			<td>13</td>
			<td>Change patient into Operation gown</td>
			<td>&nbsp;</td>
			<td>&nbsp;</td>
		</tr>
		<tr>
			<td>14</td>
			<td>Payment (Receipt No.)/Authorization Code</td>
			<td>&nbsp;</td>
			<td>&nbsp;</td>
		</tr>
		<tr>
			<td>15</td>
			<td>Known Allergies</td>
			<td>&nbsp;</td>
			<td>&nbsp;</td>
		</tr>
	</tbody>
</table>

<p>&nbsp;</p>

<p><strong>Ward Nurse Name:&nbsp; &nbsp;</strong> &nbsp; &nbsp; &nbsp; &nbsp; &nbsp; &nbsp; &nbsp; &nbsp; &nbsp; &nbsp; &nbsp; &nbsp; &nbsp; &nbsp; &nbsp; &nbsp; &nbsp; &nbsp; &nbsp; &nbsp; &nbsp; &nbsp; &nbsp; &nbsp; &nbsp; &nbsp; &nbsp; &nbsp; &nbsp; &nbsp; &nbsp; &nbsp; &nbsp; &nbsp; &nbsp; &nbsp; &nbsp; &nbsp; &nbsp; &nbsp; &nbsp; &nbsp; &nbsp; &nbsp; &nbsp; &nbsp; &nbsp; &nbsp; &nbsp; &nbsp; &nbsp; <strong>Operation Nurse Name:&nbsp;</strong> &nbsp; &nbsp; &nbsp;</p>
",Pre-Operative Patient`s Checklist,CLINICAL NOTE
862,"<h4>&nbsp; &nbsp; &nbsp; &nbsp; &nbsp; &nbsp; &nbsp; &nbsp; &nbsp; &nbsp; &nbsp; &nbsp; &nbsp; &nbsp; &nbsp; &nbsp; &nbsp; &nbsp; &nbsp; &nbsp; &nbsp; &nbsp; &nbsp; &nbsp; &nbsp; &nbsp; &nbsp; &nbsp; &nbsp; &nbsp; &nbsp; &nbsp; &nbsp; &nbsp; &nbsp; &nbsp; &nbsp; &nbsp; &nbsp; &nbsp; &nbsp; &nbsp; &nbsp; &nbsp; &nbsp; &nbsp; &nbsp; &nbsp; &nbsp; &nbsp; &nbsp; &nbsp; &nbsp; &nbsp; &nbsp; &nbsp; &nbsp; &nbsp; &nbsp; &nbsp; &nbsp; &nbsp; &nbsp; &nbsp; &nbsp; &nbsp; &nbsp; &nbsp; &nbsp; &nbsp; &nbsp; &nbsp; &nbsp; &nbsp; &nbsp; &nbsp; &nbsp; &nbsp; &nbsp; &nbsp; &nbsp; &nbsp; &nbsp; &nbsp; &nbsp;&nbsp;<strong>G</strong><sub>2</sub><strong><sub> &nbsp; &nbsp; &nbsp;</sub>P<sub>2</sub><sup>+1&nbsp; &nbsp; &nbsp;</sup>A<sub>1</sub></strong></h4>

<h4>&nbsp; &nbsp; &nbsp; &nbsp; &nbsp; &nbsp; &nbsp; &nbsp; &nbsp; &nbsp; &nbsp; &nbsp; &nbsp; &nbsp; &nbsp; &nbsp; &nbsp; &nbsp; &nbsp; &nbsp; &nbsp; &nbsp; &nbsp; &nbsp; &nbsp; &nbsp; &nbsp; &nbsp; &nbsp; &nbsp; &nbsp; &nbsp; &nbsp; &nbsp; &nbsp; &nbsp; &nbsp; &nbsp; &nbsp; &nbsp; &nbsp; &nbsp; &nbsp; &nbsp; &nbsp; &nbsp; &nbsp; &nbsp; &nbsp; &nbsp; &nbsp; &nbsp; &nbsp; &nbsp; &nbsp; &nbsp; &nbsp; &nbsp; &nbsp; &nbsp; &nbsp; &nbsp; &nbsp; &nbsp; &nbsp; &nbsp; &nbsp; &nbsp; &nbsp; &nbsp; &nbsp; &nbsp; &nbsp; &nbsp; &nbsp; &nbsp; &nbsp; &nbsp; &nbsp; &nbsp; &nbsp; &nbsp; &nbsp; &nbsp; &nbsp;&nbsp;<strong>LMP:-</strong></h4>

<h4>&nbsp; &nbsp; &nbsp; &nbsp; &nbsp; &nbsp; &nbsp; &nbsp; &nbsp; &nbsp; &nbsp; &nbsp; &nbsp; &nbsp; &nbsp; &nbsp; &nbsp; &nbsp; &nbsp; &nbsp; &nbsp; &nbsp; &nbsp; &nbsp; &nbsp; &nbsp; &nbsp; &nbsp; &nbsp; &nbsp; &nbsp; &nbsp; &nbsp; &nbsp; &nbsp; &nbsp; &nbsp; &nbsp; &nbsp; &nbsp; &nbsp; &nbsp; &nbsp; &nbsp; &nbsp; &nbsp; &nbsp; &nbsp; &nbsp; &nbsp; &nbsp; &nbsp; &nbsp; &nbsp; &nbsp; &nbsp; &nbsp; &nbsp; &nbsp; &nbsp; &nbsp; &nbsp; &nbsp; &nbsp; &nbsp; &nbsp; &nbsp; &nbsp; &nbsp; &nbsp; &nbsp; &nbsp; &nbsp; &nbsp; &nbsp; &nbsp; &nbsp; &nbsp; &nbsp; &nbsp; &nbsp; &nbsp; &nbsp; &nbsp; &nbsp;<strong>&nbsp;LCB:-</strong></h4>

<h4><strong>&nbsp; &nbsp; &nbsp; &nbsp; &nbsp; &nbsp; &nbsp; &nbsp; &nbsp; &nbsp; &nbsp; &nbsp; &nbsp; &nbsp; &nbsp; &nbsp; &nbsp; &nbsp; &nbsp; &nbsp; &nbsp; &nbsp; &nbsp; &nbsp; &nbsp; &nbsp; &nbsp; &nbsp; &nbsp; &nbsp; &nbsp; &nbsp; &nbsp; &nbsp; &nbsp; &nbsp; &nbsp; &nbsp; &nbsp; &nbsp; &nbsp; &nbsp; &nbsp; &nbsp; &nbsp; &nbsp; &nbsp; &nbsp; &nbsp; &nbsp; &nbsp; &nbsp; &nbsp; &nbsp; &nbsp; &nbsp; &nbsp; &nbsp; &nbsp; &nbsp; &nbsp; &nbsp; &nbsp; &nbsp; &nbsp; &nbsp; &nbsp; &nbsp; &nbsp; &nbsp; &nbsp; &nbsp; &nbsp; &nbsp; &nbsp; &nbsp; &nbsp; &nbsp; &nbsp; &nbsp; &nbsp; &nbsp; &nbsp; &nbsp; &nbsp; EDD:-</strong></h4>

<h4><strong>&nbsp; &nbsp; &nbsp; &nbsp; &nbsp; &nbsp; &nbsp; &nbsp; &nbsp; &nbsp; &nbsp; &nbsp; &nbsp; &nbsp; &nbsp; &nbsp; &nbsp; &nbsp; &nbsp; &nbsp; &nbsp; &nbsp; &nbsp; &nbsp; &nbsp; &nbsp; &nbsp; &nbsp; &nbsp; &nbsp; &nbsp; &nbsp; &nbsp; &nbsp; &nbsp; &nbsp; &nbsp; &nbsp; &nbsp; &nbsp; &nbsp; &nbsp; &nbsp; &nbsp; &nbsp; &nbsp; &nbsp; &nbsp; &nbsp; &nbsp; &nbsp; &nbsp; &nbsp; &nbsp; &nbsp; &nbsp; &nbsp; &nbsp; &nbsp; &nbsp; &nbsp; &nbsp; &nbsp; &nbsp; &nbsp; &nbsp; &nbsp; &nbsp; &nbsp; &nbsp; &nbsp; &nbsp; &nbsp; &nbsp; &nbsp; &nbsp; &nbsp; &nbsp; &nbsp; &nbsp; &nbsp; &nbsp; &nbsp; &nbsp; &nbsp; EGA:-</strong></h4>

<h4><strong>****Presenting Complaint</strong>****</h4>

<h4>&nbsp;</h4>

<h4><strong>****History of Presenting Complaint****</strong></h4>

<h4>&nbsp;</h4>

<h4><strong>****Past Obstetrics History****</strong></h4>

<h4>&nbsp;</h4>

<h4><strong>****Past Medical/Surgical History****</strong></h4>

<h4>&nbsp;</h4>

<h4><strong>****Physical Examination****</strong></h4>

<h4>&nbsp;</h4>

<h4><strong>****Diagnosis****</strong></h4>

<h4>&nbsp;</h4>

<h4><strong>****Plan****</strong></h4>

<p>&nbsp;</p>
",Gynae History,CLINICAL NOTE
863,"<table border=""1"" cellpadding=""1"" cellspacing=""1"">
	<tbody>
		<tr>
			<td>Primary Induction LSCS&nbsp;<strong>(Pre-Operative)</strong></td>
			<td>&nbsp; &nbsp; &nbsp; &nbsp; &nbsp; &nbsp; &nbsp; &nbsp; &nbsp; &nbsp; &nbsp; &nbsp; &nbsp; &nbsp; &nbsp; &nbsp; &nbsp; &nbsp; &nbsp; &nbsp; &nbsp; &nbsp; &nbsp; &nbsp; &nbsp; &nbsp; &nbsp; &nbsp; &nbsp; &nbsp; &nbsp; &nbsp; &nbsp; &nbsp; &nbsp; &nbsp; &nbsp;</td>
		</tr>
		<tr>
			<td>Secondary Induction for LSCS&nbsp;<strong>(Intro Operative)</strong>&nbsp; &nbsp; &nbsp; &nbsp; &nbsp; &nbsp; &nbsp; &nbsp; &nbsp; &nbsp; &nbsp; &nbsp; &nbsp; &nbsp;&nbsp;</td>
			<td>&nbsp;</td>
		</tr>
		<tr>
			<td>Consultant Involved in decision making&nbsp; <strong>(Yes/No if no, reason?)</strong></td>
			<td>&nbsp;</td>
		</tr>
		<tr>
			<td>Nature of Procedure&nbsp;<strong>(Elective/Emergency or VBAC in Labour Yes/No)?</strong></td>
			<td>&nbsp;</td>
		</tr>
		<tr>
			<td>Emergency Category&nbsp;<strong>(Crash/Emergency/Scheduled or Elective)?</strong></td>
			<td>&nbsp;</td>
		</tr>
		<tr>
			<td>Timing<strong> (Decision/Delivery or Reasons for Delay)?</strong></td>
			<td>&nbsp;</td>
		</tr>
		<tr>
			<td>Anaesthetic <strong>(Epidural/Spinal/General[Elective]/General[Conversion]</strong></td>
			<td>&nbsp;</td>
		</tr>
	</tbody>
</table>

<p>&nbsp;</p>

<p><strong>SURGICAL DETAILS</strong> (Pls pick&nbsp;as appropriate)</p>

<table border=""1"" cellpadding=""1"" cellspacing=""1"">
	<tbody>
		<tr>
			<td>Skin Incision&nbsp; &nbsp; &nbsp; &nbsp; &nbsp; &nbsp; &nbsp; &nbsp; &nbsp; &nbsp; &nbsp; &nbsp; &nbsp; &nbsp; &nbsp; &nbsp; &nbsp; &nbsp; &nbsp; &nbsp; &nbsp; &nbsp; &nbsp; &nbsp; &nbsp; &nbsp; &nbsp; &nbsp; &nbsp; &nbsp;&nbsp;</td>
			<td><strong>&nbsp; &nbsp; &nbsp; &nbsp; &nbsp; &nbsp;Pfnanennstie/Excise old Scar/Midline)&nbsp; &nbsp; &nbsp; &nbsp; &nbsp; &nbsp; &nbsp; &nbsp; &nbsp; &nbsp; &nbsp; &nbsp; &nbsp; &nbsp; &nbsp; &nbsp; &nbsp; &nbsp; &nbsp; &nbsp; &nbsp; &nbsp; &nbsp; &nbsp; &nbsp; &nbsp; &nbsp; &nbsp; &nbsp; &nbsp;&nbsp;</strong></td>
		</tr>
		<tr>
			<td>Uterine Incision</td>
			<td><strong>&nbsp; &nbsp; &nbsp; &nbsp; &nbsp; &nbsp;Lower Transverse/Classical/Other</strong></td>
		</tr>
		<tr>
			<td>Obstruction</td>
			<td><strong>&nbsp; &nbsp; &nbsp; &nbsp; &nbsp; &nbsp;Free fluid:-&nbsp; &nbsp; Yes/No&nbsp; &nbsp; &nbsp; &nbsp; Bandl`s rings:-&nbsp; Yes/No</strong></td>
		</tr>
		<tr>
			<td>Liquor</td>
			<td><strong>&nbsp; &nbsp; &nbsp; &nbsp; &nbsp; &nbsp;Clear/Blood-stained/Thin Meconium/Thick Meconium</strong></td>
		</tr>
		<tr>
			<td>Fetal Presentation</td>
			<td><strong>&nbsp; &nbsp; &nbsp; &nbsp; &nbsp; &nbsp;Cephalic/Flexed/Vaginal disimpaction&nbsp; &nbsp; &nbsp; &nbsp; &nbsp; &nbsp; &nbsp; &nbsp; &nbsp; &nbsp; &nbsp; &nbsp; &nbsp; &nbsp; &nbsp; &nbsp; &nbsp;&nbsp;</strong></td>
		</tr>
		<tr>
			<td>Fetal Position</td>
			<td><strong>&nbsp; &nbsp; &nbsp; &nbsp; &nbsp; &nbsp;LOA,LOP,DOP,ROT,LOT</strong></td>
		</tr>
		<tr>
			<td>Delivery</td>
			<td><strong>&nbsp; &nbsp; &nbsp; &nbsp; &nbsp; &nbsp;Manual/Forceps/Vaginal disimpaction</strong></td>
		</tr>
		<tr>
			<td>Sex</td>
			<td><strong>&nbsp; &nbsp; &nbsp; &nbsp; &nbsp; &nbsp;Male/Female/Alive or Still Birth</strong></td>
		</tr>
		<tr>
			<td>Birth Condition</td>
			<td><strong>&nbsp; &nbsp; &nbsp; &nbsp; &nbsp; &nbsp;Resustitation: None/Basic/Transfer to SCBU</strong></td>
		</tr>
		<tr>
			<td>Placental Delivery</td>
			<td><strong>&nbsp; &nbsp; &nbsp; &nbsp; &nbsp; &nbsp;Manual Removal/Cord traction</strong></td>
		</tr>
		<tr>
			<td>Delayed Cord Clamping</td>
			<td>&nbsp;</td>
		</tr>
		<tr>
			<td>Cavity&nbsp; &nbsp; &nbsp; &nbsp; &nbsp; &nbsp; &nbsp; &nbsp; &nbsp; &nbsp; &nbsp; &nbsp; &nbsp; &nbsp; &nbsp; &nbsp; &nbsp; &nbsp; &nbsp; &nbsp; &nbsp; &nbsp; &nbsp; &nbsp; &nbsp; &nbsp; &nbsp; &nbsp; &nbsp; &nbsp; &nbsp; &nbsp; &nbsp; &nbsp; &nbsp; &nbsp; &nbsp; &nbsp; &nbsp; &nbsp; &nbsp; &nbsp; &nbsp;</td>
			<td><strong>&nbsp; &nbsp; &nbsp; &nbsp; &nbsp; Swabbed:&nbsp; Yes/No&nbsp; &nbsp; &nbsp; &nbsp; &nbsp; &nbsp; &nbsp; &nbsp; &nbsp; &nbsp; &nbsp; &nbsp; Normal:- Yes/No&nbsp;&nbsp;</strong></td>
		</tr>
		<tr>
			<td>
			<p><strong>Comments</strong></p>

			<p>&nbsp;</p>

			<p>&nbsp;</p>

			<p>&nbsp;</p>
			</td>
			<td>&nbsp;</td>
		</tr>
	</tbody>
</table>

<p>&nbsp;</p>

<p><strong>FINDINGS AND CLOSURE</strong>(Including type of suture used)</p>

<table border=""1"" cellpadding=""1"" cellspacing=""1"">
	<tbody>
		<tr>
			<td>Uterus&nbsp; &nbsp; &nbsp; &nbsp; &nbsp; &nbsp; &nbsp; &nbsp; &nbsp; &nbsp; &nbsp; &nbsp; &nbsp; &nbsp; &nbsp; &nbsp; &nbsp; &nbsp; &nbsp; &nbsp; &nbsp; &nbsp; &nbsp; &nbsp; &nbsp; &nbsp; &nbsp; &nbsp; &nbsp; &nbsp; &nbsp; &nbsp; &nbsp; &nbsp; &nbsp; &nbsp; &nbsp; &nbsp; &nbsp; &nbsp; &nbsp; &nbsp; &nbsp; &nbsp; &nbsp; &nbsp; &nbsp; &nbsp; &nbsp;</td>
			<td><strong>Normal /Other</strong></td>
		</tr>
		<tr>
			<td>Fallopian Tubes/Ovaries</td>
			<td><strong>Normal /Other</strong></td>
		</tr>
		<tr>
			<td>Uterus</td>
			<td>&nbsp;</td>
		</tr>
		<tr>
			<td>Sterilization</td>
			<td><strong>Yes/No Method:-</strong></td>
		</tr>
		<tr>
			<td>Rectus Sheath</td>
			<td>&nbsp;</td>
		</tr>
		<tr>
			<td>Subcutaneous</td>
			<td>&nbsp;</td>
		</tr>
		<tr>
			<td>Fat</td>
			<td>&nbsp;</td>
		</tr>
		<tr>
			<td>Skin</td>
			<td>&nbsp;</td>
		</tr>
		<tr>
			<td>Drain</td>
			<td><strong>Yes/No</strong></td>
		</tr>
		<tr>
			<td>Catheter Draining</td>
			<td><strong>Urine:&nbsp; Clear/Blood-stained</strong></td>
		</tr>
		<tr>
			<td>Estimated Blood Loss:</td>
			<td><strong>Needles, Swabs, Inst Correct?&nbsp; Yes/No</strong></td>
		</tr>
	</tbody>
</table>

<p>&nbsp;</p>

<p>POST-DELIVERY INSTRUCTIONS:</p>

<table border=""1"" cellpadding=""1"" cellspacing=""1"">
	<tbody>
		<tr>
			<td>Oxytocin Infusion</td>
			<td><strong>Yes/No</strong></td>
		</tr>
		<tr>
			<td>Misoprostol</td>
			<td><strong>Yes/No</strong></td>
		</tr>
		<tr>
			<td>Additional Eugometrine</td>
			<td><strong>Yes/ No</strong></td>
		</tr>
		<tr>
			<td>Blood transfusion required?</td>
			<td><strong>Yes/No, If Yes Number of Units?</strong></td>
		</tr>
		<tr>
			<td>Antibiotics?</td>
			<td><strong>Yes/No</strong></td>
		</tr>
		<tr>
			<td>Heparin Prescribed?</td>
			<td><strong>Dose:-</strong></td>
		</tr>
		<tr>
			<td>
			<p>If future VBAC contraindicated state reason</p>
			</td>
			<td>&nbsp;</td>
		</tr>
		<tr>
			<td>Hospital Appointment required 2Wks &amp; 6Wks Post Natal</td>
			<td><strong>Yes/No</strong></td>
		</tr>
	</tbody>
</table>

<p><strong>OTHER INFORMATION/SPECIAL INSTRUCTIONS:</strong></p>
",Caeseran Section Proforma,CLINICAL NOTE
901,,Malaria Test Report,Lab
981,,Eye,Review Of System
1001,,Gyne History (Hx),Hx
1027,,Head,Review Of System
1030,,Neurologic,Review Of System
1031,,Nose,Review Of System
1033,,Respiratory,Review Of System
1034,,Skin,Review Of System
1037,,Vascular,Review Of System
1061,"<h1 style=""text-align:center""><span style=""color:#e74c3c""><strong>-&ndash; &nbsp;DENTAL CONSULTATION --&nbsp;</strong></span></h1>

<p>&nbsp;</p>

<p>&nbsp;</p>

<p><strong><u>1. PRESENTING COMPLAINTS</u></strong></p>

<p>&nbsp;</p>

<p>&nbsp;</p>

<p>&nbsp;</p>

<p>&nbsp;</p>

<p>&nbsp;</p>

<p><strong><u>2. DENTAL EXAMNATION</u></strong><strong><u>&nbsp;(EXTRA-ORAL)</u></strong></p>

<p>&nbsp;</p>

<p>&nbsp;</p>

<p>&nbsp;</p>

<p>&nbsp;</p>

<p><strong><u>3. DENTAL INVESTIGATION</u></strong></p>

<p>&nbsp;</p>

<p>&nbsp;</p>

<p>&nbsp;</p>

<p>&nbsp;</p>

<p><strong><u>4. DIAGNOSIS / ASSESSMENT</u></strong></p>

<p>&nbsp;</p>

<p>&nbsp;</p>

<p>&nbsp;</p>

<p><strong><u>5. TREATMENT PLAN</u></strong></p>

<p>&nbsp;</p>

<p>&nbsp;</p>

<p>&nbsp;</p>

<p>&nbsp;</p>
",DENTAL CONSULTATION NOTES,CLINICAL NOTE
1101,"<p>0987TYUIUYTRUIJHJKN</p>
",NURSE,ANTE-NATAL
744,,Family and Social History,CLINICAL NOTE
781,"<table align=""center"" border=""1"" cellpadding=""1"" cellspacing=""1"" style=""background-color:#e6e6fa; border-style:hidden"">
	<caption>
	<p>Drug Name</p>
	</caption>
	<thead>
		<tr>
			<th scope=""col"">Drug Name&nbsp; &nbsp;&nbsp;</th>
			<th scope=""col"">&nbsp; &nbsp; &nbsp; &nbsp; &nbsp; &nbsp; &nbsp; &nbsp; &nbsp; &nbsp; &nbsp; &nbsp; &nbsp; &nbsp; &nbsp; &nbsp; &nbsp; &nbsp; &nbsp; &nbsp; &nbsp; &nbsp;</th>
		</tr>
	</thead>
	<tbody>
		<tr>
			<td>Route&nbsp;&nbsp;</td>
			<td>&nbsp;</td>
		</tr>
		<tr>
			<td>
			<p>Frequency</p>

			<p>&nbsp;</p>
			</td>
			<td>&nbsp;</td>
		</tr>
	</tbody>
</table>

<p>&nbsp;</p>
",Treatment Plan,
1022,,Ears,Review Of System
1025,,General,Review Of System
1028,,Musculoskeletal,Review Of System
1029,,Neck,Review Of System
1686,"<p>&nbsp;</p>

<p style=""text-align:center""><span style=""font-size:20px""><strong>PATIENT DEPOT CHART</strong></span></p>

<table border=""1"" cellpadding=""1"" cellspacing=""1"" style=""width:500px"">
	<tbody>
		<tr>
			<td>NAME OF</td>
			<td>PRESCRIBED</td>
			<td>DATE GIVEN</td>
			<td>TIME GIVEN</td>
			<td>GIVEN FULL NAME</td>
		</tr>
		<tr>
			<td>&nbsp;</td>
			<td>&nbsp;</td>
			<td>&nbsp;</td>
			<td>&nbsp;</td>
			<td>&nbsp;</td>
		</tr>
	</tbody>
</table>

<p>&nbsp;</p>
",NUR-PATIENT DEPOT CHART,CLINICAL NOTE
1762,"<p>*INVESTIGATION ON THE BODY;</p>

<p>&nbsp;</p>

<p>&nbsp;</p>

<p>&nbsp;</p>

<p>&nbsp;</p>

<p>&nbsp;</p>

<p>*HOW THE BODY WAS BROUGH IN:</p>

<p>&nbsp;</p>

<p>&nbsp;</p>

<p>&nbsp;</p>

<p>&nbsp;</p>

<p>&nbsp;</p>

<p>&nbsp;</p>

<p>*OTHER INFORMATION;</p>

<p>&nbsp;</p>
",Moutuary Note,EXAMINATION
761,"<p><span style=""font-size:10pt""><span style=""font-family:&quot;Times New Roman&quot;,serif""><span style=""font-family:&quot;Berlin Sans FB&quot;,sans-serif"">PERTINENT HISTORY</span></span></span></p>

<p><span style=""font-size:10pt""><span style=""font-family:&quot;Times New Roman&quot;,serif""><span style=""font-family:&quot;Berlin Sans FB&quot;,sans-serif"">History Source</span>:</span></span></p>

<p><span style=""font-size:10pt""><span style=""font-family:&quot;Times New Roman&quot;,serif"">&nbsp; <span style=""font-family:&quot;Berlin Sans FB&quot;,sans-serif"">Current Condition/Chief Complaint(s):</span></span></span></p>

<table cellspacing=""0"" class=""MsoTable15Plain2"" style=""border-collapse:collapse; border:none; width:467.8pt"">
	<tbody>
		<tr>
			<td style=""vertical-align:top; width:467.8pt"">
			<p><span style=""font-size:10pt""><span style=""font-family:&quot;Times New Roman&quot;,serif""><em><span style=""font-family:&quot;Berlin Sans FB&quot;,sans-serif"">(Describe the problem(s) for which you seek physiotherapy)</span></em></span></span></p>

			<p>&nbsp;</p>

			<p><span style=""font-size:10pt""><span style=""font-family:&quot;Times New Roman&quot;,serif""><em><span style=""font-family:&quot;Berlin Sans FB&quot;,sans-serif"">Onset of symptom(s)/Duration</span></em></span></span></p>

			<p>&nbsp;</p>

			<p><span style=""font-size:10pt""><span style=""font-family:&quot;Times New Roman&quot;,serif""><em><span style=""font-family:&quot;Berlin Sans FB&quot;,sans-serif"">What happened?</span></em></span></span></p>

			<p>&nbsp;</p>

			<p><span style=""font-size:10pt""><span style=""font-family:&quot;Times New Roman&quot;,serif""><em><span style=""font-family:&quot;Berlin Sans FB&quot;,sans-serif"">Have you ever had the problem(s) before?</span> &nbsp;&nbsp;&nbsp;&nbsp;&nbsp;&nbsp;&nbsp;&nbsp;&nbsp;&nbsp;</em><span style=""font-family:&quot;Berlin Sans FB&quot;,sans-serif"">YES&nbsp;&nbsp;&nbsp; </span><span style=""font-family:Symbol"">&yuml;</span>&nbsp;&nbsp;&nbsp;&nbsp;&nbsp;&nbsp;&nbsp;&nbsp;&nbsp; <span style=""font-family:&quot;Berlin Sans FB&quot;,sans-serif"">NO&nbsp;&nbsp;&nbsp;&nbsp; </span><span style=""font-family:Symbol"">&yuml;</span></span></span></p>

			<p>&nbsp;</p>

			<p><span style=""font-size:10pt""><span style=""font-family:&quot;Times New Roman&quot;,serif""><em><span style=""font-family:&quot;Berlin Sans FB&quot;,sans-serif"">If Yes, what did you do for the problem(s)?</span>...</em></span></span></p>

			<p>&nbsp;</p>

			<p><span style=""font-size:10pt""><span style=""font-family:&quot;Times New Roman&quot;,serif""><em><span style=""font-family:&quot;Berlin Sans FB&quot;,sans-serif"">Did the problem(s) get better?</span> &nbsp;&nbsp;&nbsp;&nbsp;&nbsp;&nbsp;&nbsp;&nbsp;</em><span style=""font-family:&quot;Berlin Sans FB&quot;,sans-serif"">YES&nbsp;&nbsp;&nbsp; </span><span style=""font-family:Symbol"">&yuml;</span><span style=""font-family:&quot;Berlin Sans FB&quot;,sans-serif"">&nbsp;&nbsp;&nbsp;&nbsp;&nbsp;&nbsp;&nbsp;&nbsp;&nbsp;&nbsp; NO&nbsp;&nbsp;&nbsp;&nbsp; </span><span style=""font-family:Symbol"">&yuml;</span></span></span></p>

			<p>&nbsp;</p>

			<p><span style=""font-size:10pt""><span style=""font-family:&quot;Times New Roman&quot;,serif""><em><span style=""font-family:&quot;Berlin Sans FB&quot;,sans-serif"">About how long did the problem(s) last?</span></em></span></span></p>

			<p>&nbsp;</p>

			<p><span style=""font-size:10pt""><span style=""font-family:&quot;Times New Roman&quot;,serif""><em><span style=""font-family:&quot;Berlin Sans FB&quot;,sans-serif"">How are you taking care of the problem(s) now?</span></em></span></span></p>

			<p>&nbsp;</p>

			<p><span style=""font-size:10pt""><span style=""font-family:&quot;Times New Roman&quot;,serif""><em><span style=""font-family:&quot;Berlin Sans FB&quot;,sans-serif"">What makes the problem(s) better/worse?</span></em></span></span></p>

			<p>&nbsp;</p>

			<p><span style=""font-size:10pt""><span style=""font-family:&quot;Times New Roman&quot;,serif""><span style=""font-size:9.0pt""><span style=""font-family:&quot;Berlin Sans FB&quot;,sans-serif"">Any cultural or religious belief that might affect care?</span></span><strong> &nbsp;&nbsp;&nbsp;&nbsp;&nbsp;&nbsp;&nbsp;&nbsp;&nbsp;&nbsp;</strong><span style=""font-size:9.0pt""><span style=""font-family:&quot;Berlin Sans FB&quot;,sans-serif"">YES&nbsp;&nbsp;&nbsp; </span></span><span style=""font-family:Symbol"">&yuml;</span><span style=""font-size:9.0pt""><span style=""font-family:&quot;Berlin Sans FB&quot;,sans-serif"">&nbsp;&nbsp;&nbsp;&nbsp;&nbsp;&nbsp;&nbsp;&nbsp;&nbsp;&nbsp;&nbsp; NO&nbsp;&nbsp;&nbsp; </span></span><span style=""font-family:Symbol"">&yuml;</span> </span></span></p>

			<p>&nbsp;</p>

			<p><span style=""font-size:10pt""><span style=""font-family:&quot;Times New Roman&quot;,serif""><span style=""font-family:&quot;Berlin Sans FB&quot;,sans-serif"">FAMILY HISTORY:</span><strong> </strong><em><span style=""font-family:&quot;Berlin Sans FB&quot;,sans-serif"">Indicate the disease(s) that is peculiar to your family</span> </em></span></span></p>

			<p><span style=""font-size:10pt""><span style=""font-family:&quot;Times New Roman&quot;,serif""><em><span style=""font-family:&quot;Berlin Sans FB&quot;,sans-serif"">Heart Diseases&nbsp;&nbsp;&nbsp;&nbsp;&nbsp; Hypertension&nbsp;&nbsp;&nbsp;&nbsp;&nbsp;&nbsp; Stroke&nbsp;&nbsp;&nbsp;&nbsp;&nbsp;&nbsp;&nbsp; Diabetes&nbsp;&nbsp;&nbsp;&nbsp;&nbsp;&nbsp; Cancer&nbsp;&nbsp;&nbsp;&nbsp;&nbsp;&nbsp; Arthritis&nbsp;&nbsp;&nbsp;&nbsp;&nbsp;&nbsp; Osteoporosis&nbsp;&nbsp;&nbsp;&nbsp;&nbsp; None</span></em></span></span></p>

			<p><span style=""font-size:10pt""><span style=""font-family:&quot;Times New Roman&quot;,serif""><strong><em>&nbsp;&nbsp;&nbsp;&nbsp;&nbsp;&nbsp;&nbsp;&nbsp; </em></strong><span style=""font-family:Symbol"">&yuml;</span>&nbsp;&nbsp;&nbsp;&nbsp;&nbsp;&nbsp;&nbsp;&nbsp;&nbsp;&nbsp;&nbsp;&nbsp;&nbsp;&nbsp;&nbsp;&nbsp;&nbsp;&nbsp;&nbsp;&nbsp;&nbsp;&nbsp;&nbsp;&nbsp; <span style=""font-family:Symbol"">&yuml;</span>&nbsp;&nbsp;&nbsp;&nbsp;&nbsp;&nbsp;&nbsp;&nbsp;&nbsp;&nbsp;&nbsp;&nbsp;&nbsp;&nbsp;&nbsp;&nbsp;&nbsp;&nbsp;&nbsp; <span style=""font-family:Symbol"">&yuml;</span>&nbsp;&nbsp;&nbsp;&nbsp;&nbsp;&nbsp;&nbsp;&nbsp;&nbsp;&nbsp;&nbsp;&nbsp;&nbsp;&nbsp;&nbsp; <span style=""font-family:Symbol"">&yuml;</span>&nbsp;&nbsp;&nbsp;&nbsp;&nbsp;&nbsp;&nbsp;&nbsp;&nbsp;&nbsp;&nbsp;&nbsp;&nbsp;&nbsp;&nbsp; <span style=""font-family:Symbol"">&yuml;</span>&nbsp;&nbsp;&nbsp;&nbsp;&nbsp;&nbsp;&nbsp;&nbsp;&nbsp;&nbsp;&nbsp;&nbsp;&nbsp;&nbsp;&nbsp; <span style=""font-family:Symbol"">&yuml;</span>&nbsp;&nbsp;&nbsp;&nbsp;&nbsp;&nbsp;&nbsp;&nbsp;&nbsp;&nbsp;&nbsp;&nbsp;&nbsp;&nbsp;&nbsp;&nbsp;&nbsp;&nbsp; <span style=""font-family:Symbol"">&yuml;</span>&nbsp;&nbsp;&nbsp;&nbsp;&nbsp;&nbsp;&nbsp;&nbsp;&nbsp;&nbsp;&nbsp;&nbsp;&nbsp; &nbsp;<span style=""font-family:Symbol"">&yuml;</span>&nbsp; </span></span></p>
			</td>
		</tr>
		<tr>
			<td style=""vertical-align:top; width:467.8pt"">
			<p>&nbsp;</p>

			<p>&nbsp;</p>

			<p>&nbsp;</p>

			<p><span style=""font-size:10pt""><span style=""font-family:&quot;Times New Roman&quot;,serif""><span style=""font-family:&quot;Berlin Sans FB&quot;,sans-serif"">MEDICAL HISTORY </span>&nbsp;<em><span style=""font-family:&quot;Berlin Sans FB&quot;,sans-serif"">(Relevant to Presenting Condition(s)):</span></em></span></span></p>
			</td>
		</tr>
		<tr>
			<td style=""vertical-align:top; width:467.8pt"">
			<p>&nbsp;</p>

			<p>&nbsp;</p>

			<p><span style=""font-size:10pt""><span style=""font-family:&quot;Times New Roman&quot;,serif""><span style=""font-family:&quot;Berlin Sans FB&quot;,sans-serif"">SURGICAL HISTORY:</span><strong> </strong><em><span style=""font-family:&quot;Berlin Sans FB&quot;,sans-serif"">Have you ever had surgery?</span> &nbsp;&nbsp;&nbsp;&nbsp;&nbsp;&nbsp;&nbsp;&nbsp;&nbsp;&nbsp;&nbsp;&nbsp;&nbsp;&nbsp;&nbsp;&nbsp;&nbsp;&nbsp;&nbsp;&nbsp;&nbsp;</em><span style=""font-family:&quot;Berlin Sans FB&quot;,sans-serif"">YES&nbsp;&nbsp;&nbsp;&nbsp; </span><span style=""font-family:Symbol"">&yuml;</span>&nbsp;&nbsp;&nbsp;&nbsp;&nbsp;&nbsp;&nbsp;&nbsp;&nbsp;&nbsp;&nbsp; <span style=""font-family:&quot;Berlin Sans FB&quot;,sans-serif"">NO&nbsp;&nbsp;&nbsp;&nbsp; </span><span style=""font-family:Symbol"">&yuml;</span></span></span></p>
			</td>
		</tr>
		<tr>
			<td style=""vertical-align:top; width:467.8pt"">
			<p>&nbsp;</p>

			<p>&nbsp;</p>

			<p><span style=""font-size:10pt""><span style=""font-family:&quot;Times New Roman&quot;,serif""><span style=""font-family:&quot;Berlin Sans FB&quot;,sans-serif"">If YES, Please indicate the type of surgery and date:</span></span></span></p>

			<p>&nbsp;</p>

			<p><span style=""font-size:10pt""><span style=""font-family:&quot;Times New Roman&quot;,serif""><span style=""font-family:&quot;Berlin Sans FB&quot;,sans-serif"">Medications:</span></span></span></p>
			</td>
		</tr>
		<tr>
			<td style=""vertical-align:top; width:467.8pt"">
			<p>&nbsp;</p>

			<p>&nbsp;</p>

			<p><span style=""font-size:10pt""><span style=""font-family:&quot;Times New Roman&quot;,serif""><span style=""font-family:&quot;Berlin Sans FB&quot;,sans-serif"">SOCIAL/HEALTH HABITS</span></span></span></p>

			<p>&nbsp;</p>

			<p><span style=""font-size:10pt""><span style=""font-family:&quot;Times New Roman&quot;,serif""><em><span style=""font-family:&quot;Berlin Sans FB&quot;,sans-serif"">Currently smoke cigarette?</span></em><strong> &nbsp;&nbsp;&nbsp;&nbsp;&nbsp;&nbsp;&nbsp;&nbsp;&nbsp;&nbsp;&nbsp;&nbsp;</strong><span style=""font-family:&quot;Berlin Sans FB&quot;,sans-serif"">YES&nbsp;&nbsp;&nbsp;&nbsp; </span><span style=""font-family:Symbol"">&yuml;</span>&nbsp;&nbsp;&nbsp;&nbsp;&nbsp;&nbsp;&nbsp;&nbsp;&nbsp;&nbsp;&nbsp; <span style=""font-family:&quot;Berlin Sans FB&quot;,sans-serif"">NO&nbsp;&nbsp;&nbsp; </span><span style=""font-family:Symbol"">&yuml;</span><span style=""font-family:&quot;Berlin Sans FB&quot;,sans-serif""> </span></span></span></p>

			<p>&nbsp;</p>

			<p><span style=""font-size:10pt""><span style=""font-family:&quot;Times New Roman&quot;,serif""><em><span style=""font-family:&quot;Berlin Sans FB&quot;,sans-serif"">Smoked in the past?</span></em><strong> &nbsp;&nbsp;&nbsp;&nbsp;&nbsp;&nbsp;&nbsp;&nbsp;&nbsp;&nbsp;&nbsp;&nbsp;&nbsp;&nbsp;&nbsp;&nbsp;&nbsp;&nbsp;&nbsp;&nbsp;&nbsp;&nbsp;&nbsp;</strong><span style=""font-family:&quot;Berlin Sans FB&quot;,sans-serif"">YES&nbsp;&nbsp;&nbsp;&nbsp; </span><span style=""font-family:Symbol"">&yuml;</span>&nbsp;&nbsp;&nbsp;&nbsp;&nbsp;&nbsp;&nbsp;&nbsp;&nbsp;&nbsp;&nbsp; <span style=""font-family:&quot;Berlin Sans FB&quot;,sans-serif"">NO&nbsp;&nbsp;&nbsp; </span><span style=""font-family:Symbol"">&yuml;</span> </span></span></p>

			<p>&nbsp;</p>

			<p><span style=""font-size:10pt""><span style=""font-family:&quot;Times New Roman&quot;,serif""><em><span style=""font-family:&quot;Berlin Sans FB&quot;,sans-serif"">How many days/week do you drink beer, wine, or other alcoholic beverages, on average?</span>.</em></span></span></p>

			<p>&nbsp;</p>

			<p>&nbsp;</p>

			<p><span style=""font-size:10pt""><span style=""font-family:&quot;Times New Roman&quot;,serif""><em><span style=""font-family:&quot;Berlin Sans FB&quot;,sans-serif"">Do you exercise beyond normal daily activities and chores?</span></em><strong> &nbsp;&nbsp;&nbsp;&nbsp;&nbsp;&nbsp;&nbsp;&nbsp;&nbsp;&nbsp;&nbsp;&nbsp;&nbsp;&nbsp;&nbsp;</strong><span style=""font-family:&quot;Berlin Sans FB&quot;,sans-serif"">YES&nbsp;&nbsp;&nbsp; </span><span style=""font-family:Symbol"">&yuml;</span>&nbsp;&nbsp;&nbsp;&nbsp;&nbsp;&nbsp;&nbsp;&nbsp;&nbsp;&nbsp;&nbsp; <span style=""font-family:&quot;Berlin Sans FB&quot;,sans-serif"">&nbsp;NO&nbsp;&nbsp;&nbsp;&nbsp; </span><span style=""font-family:Symbol"">&yuml;</span></span></span></p>
			</td>
		</tr>
		<tr>
			<td style=""vertical-align:top; width:467.8pt"">
			<p>&nbsp;</p>

			<p>&nbsp;</p>

			<p><span style=""font-size:10pt""><span style=""font-family:&quot;Times New Roman&quot;,serif""><span style=""font-family:&quot;Berlin Sans FB&quot;,sans-serif"">Living Environment:</span><strong>&nbsp;</strong></span></span></p>

			<p>&nbsp;</p>

			<p>&nbsp;</p>

			<p style=""margin-left:-7px""><span style=""font-size:10pt""><span style=""font-family:&quot;Times New Roman&quot;,serif""><span style=""font-family:&quot;Berlin Sans FB&quot;,sans-serif"">&nbsp; Functional Limitations/Activity level (<em>please list):</em></span></span></span></p>

			<p>&nbsp;</p>

			<p>&nbsp;</p>

			<p>&nbsp;</p>
			</td>
		</tr>
	</tbody>
</table>

<p>&nbsp;</p>

<p style=""text-align:center"">&nbsp;</p>
",Physiotherapy General Assessment,CLINICAL NOTE
762,"<table align=""center"" cellspacing=""0"" class=""MsoTable15Plain3"" style=""border-collapse:collapse; border:none; width:496.2pt"">
	<tbody>
		<tr>
			<td style=""height:12.85pt; vertical-align:top; width:242.0pt"">
			<p>&nbsp;</p>
			</td>
			<td style=""height:12.85pt; vertical-align:top; width:254.2pt"">
			<p>&nbsp;</p>
			</td>
		</tr>
		<tr>
			<td style=""background-color:#f2f2f2; height:12.85pt; width:242.0pt"">
			<p>&nbsp;</p>
			</td>
			<td style=""background-color:#f2f2f2; height:12.85pt; width:254.2pt"">
			<p>&nbsp;</p>
			</td>
		</tr>
		<tr>
			<td style=""height:12.85pt; vertical-align:top; width:242.0pt"">
			<p>&nbsp;</p>
			</td>
			<td style=""height:12.85pt; vertical-align:top; width:254.2pt"">
			<p>&nbsp;</p>
			</td>
		</tr>
		<tr>
			<td style=""background-color:#f2f2f2; height:217.3pt; width:242.0pt"">
			<p style=""text-align:center""><span style=""font-size:10pt""><span style=""font-family:&quot;Times New Roman&quot;,serif""><span style=""font-family:&quot;Berlin Sans FB&quot;,sans-serif"">CARDIOVASCULAR/PULMONARY SYSTEM</span></span></span></p>

			<p>&nbsp;</p>

			<p><span style=""font-size:10pt""><span style=""font-family:&quot;Times New Roman&quot;,serif""><span style=""font-family:&quot;Berlin Sans FB&quot;,sans-serif"">Blood Pressure:&nbsp;&nbsp;&nbsp;&nbsp;&nbsp;&nbsp;&nbsp;&nbsp;&nbsp;&nbsp;&nbsp;&nbsp;&nbsp;&nbsp;&nbsp;&nbsp;&nbsp;&nbsp;&nbsp; &nbsp;&nbsp;MAP:&nbsp; </span></span></span></p>

			<p>&nbsp;</p>

			<p><span style=""font-size:10pt""><span style=""font-family:&quot;Times New Roman&quot;,serif""><span style=""font-family:&quot;Berlin Sans FB&quot;,sans-serif"">SPO<sub>2</sub>:&nbsp;&nbsp;&nbsp;&nbsp;&nbsp;&nbsp;&nbsp;&nbsp;&nbsp;&nbsp;&nbsp;&nbsp;&nbsp;&nbsp;&nbsp;&nbsp;&nbsp;&nbsp;&nbsp;&nbsp;&nbsp;&nbsp;&nbsp;&nbsp;&nbsp;&nbsp;&nbsp;&nbsp;&nbsp;&nbsp;&nbsp;&nbsp;&nbsp; &nbsp;&nbsp;&nbsp;&nbsp;RR:</span></span></span></p>

			<p>&nbsp;</p>

			<p><span style=""font-size:10pt""><span style=""font-family:&quot;Times New Roman&quot;,serif""><span style=""font-family:&quot;Berlin Sans FB&quot;,sans-serif"">Pulse<sub>:</sub></span><sub><span style=""font-size:6.0pt""><span style=""font-family:&quot;Berlin Sans FB&quot;,sans-serif"">:</span></span></sub>&nbsp;&nbsp;&nbsp;&nbsp;&nbsp;&nbsp;&nbsp;&nbsp;&nbsp;&nbsp;&nbsp;&nbsp;&nbsp;&nbsp;&nbsp;&nbsp;&nbsp;&nbsp;&nbsp;&nbsp;&nbsp;<span style=""font-family:&quot;Berlin Sans FB&quot;,sans-serif"">HR<sub>MAX:</sub></span></span></span></p>

			<p>&nbsp;</p>

			<p>&nbsp;</p>

			<p><span style=""font-size:10pt""><span style=""font-family:&quot;Times New Roman&quot;,serif""><span style=""font-family:&quot;Berlin Sans FB&quot;,sans-serif"">FEV<sub>1.0S</sub></span><span style=""font-size:6.0pt""><span style=""font-family:&quot;Berlin Sans FB&quot;,sans-serif"">:&nbsp;&nbsp;&nbsp;&nbsp;&nbsp;&nbsp;&nbsp;&nbsp;&nbsp;&nbsp;&nbsp;&nbsp;&nbsp;&nbsp;&nbsp;&nbsp;&nbsp;&nbsp;&nbsp;&nbsp;&nbsp;&nbsp;&nbsp;&nbsp;&nbsp; &nbsp;&nbsp;&nbsp;&nbsp;&nbsp;&nbsp;&nbsp;&nbsp;&nbsp;&nbsp;&nbsp;&nbsp;&nbsp;&nbsp;&nbsp;&nbsp;&nbsp;&nbsp;&nbsp;&nbsp;&nbsp;&nbsp;&nbsp;&nbsp;&nbsp;&nbsp;&nbsp;&nbsp;&nbsp;&nbsp;&nbsp;&nbsp;&nbsp;</span></span><span style=""font-family:&quot;Berlin Sans FB&quot;,sans-serif"">PEFR: </span></span></span></p>

			<p>&nbsp;</p>

			<p>&nbsp;</p>

			<p style=""text-align:center""><span style=""font-size:10pt""><span style=""font-family:&quot;Times New Roman&quot;,serif""><span style=""font-family:&quot;Berlin Sans FB&quot;,sans-serif"">NEUROMUSCULAR SYSTEM</span></span></span></p>

			<p>&nbsp;</p>

			<p><span style=""font-size:10pt""><span style=""font-family:&quot;Times New Roman&quot;,serif""><span style=""font-size:9.0pt""><span style=""font-family:&quot;Berlin Sans FB&quot;,sans-serif"">&nbsp; &nbsp; &nbsp; &nbsp; &nbsp; &nbsp; &nbsp; &nbsp; &nbsp; &nbsp; &nbsp; &nbsp; &nbsp; &nbsp; &nbsp; &nbsp; &nbsp; &nbsp; &nbsp; &nbsp; &nbsp; &nbsp; &nbsp; &nbsp; &nbsp; &nbsp; &nbsp; &nbsp; &nbsp; &nbsp; &nbsp; &nbsp; &nbsp; &nbsp;Not Impaired&nbsp;&nbsp;&nbsp;&nbsp;&nbsp;&nbsp;&nbsp;&nbsp;&nbsp;&nbsp; Impaired&nbsp; </span></span></span></span></p>

			<p><span style=""font-size:10pt""><span style=""font-family:&quot;Times New Roman&quot;,serif""><em><span style=""font-family:&quot;Berlin Sans FB&quot;,sans-serif"">Balance </span>&nbsp;&nbsp;&nbsp;&nbsp;&nbsp;&nbsp;&nbsp;&nbsp;&nbsp;&nbsp;&nbsp;&nbsp;&nbsp;&nbsp;&nbsp;&nbsp;&nbsp;&nbsp;&nbsp;&nbsp;&nbsp;&nbsp;&nbsp;&nbsp;&nbsp;&nbsp;</em>&nbsp;&nbsp;&nbsp;&nbsp;&nbsp;&nbsp;&nbsp;&nbsp;&nbsp;&nbsp;&nbsp;&nbsp;&nbsp;&nbsp;&nbsp;&nbsp;&nbsp;<span style=""font-family:Symbol"">&yuml;</span>&nbsp;&nbsp;&nbsp;&nbsp;&nbsp;&nbsp;&nbsp;&nbsp;&nbsp;&nbsp;&nbsp;&nbsp;&nbsp;&nbsp;&nbsp;&nbsp;&nbsp;&nbsp;&nbsp;&nbsp; <span style=""font-family:Symbol"">&yuml;</span> <em>&nbsp;&nbsp;&nbsp;&nbsp;&nbsp;&nbsp;&nbsp;&nbsp;&nbsp;&nbsp;&nbsp;</em></span></span></p>

			<p><span style=""font-size:10pt""><span style=""font-family:&quot;Times New Roman&quot;,serif""><em><span style=""font-family:&quot;Berlin Sans FB&quot;,sans-serif"">Gait&nbsp;&nbsp;&nbsp; </span>&nbsp;&nbsp;&nbsp;&nbsp;&nbsp;&nbsp;&nbsp;&nbsp;&nbsp;&nbsp;&nbsp;&nbsp;&nbsp;&nbsp;&nbsp;&nbsp;&nbsp;&nbsp;&nbsp;&nbsp;&nbsp;&nbsp;&nbsp;&nbsp;&nbsp;&nbsp;&nbsp;&nbsp;&nbsp;&nbsp;&nbsp;&nbsp;&nbsp;&nbsp;&nbsp;&nbsp;&nbsp;&nbsp;&nbsp;&nbsp;&nbsp;&nbsp;&nbsp;&nbsp;&nbsp;&nbsp;</em><span style=""font-family:Symbol"">&yuml;</span>&nbsp;&nbsp;&nbsp;&nbsp;&nbsp;&nbsp;&nbsp;&nbsp;&nbsp;&nbsp;&nbsp;&nbsp;&nbsp;&nbsp;&nbsp;&nbsp;&nbsp;&nbsp;&nbsp;&nbsp; <span style=""font-family:Symbol"">&yuml;</span> </span></span></p>

			<p><span style=""font-size:10pt""><span style=""font-family:&quot;Times New Roman&quot;,serif""><em><span style=""font-family:&quot;Berlin Sans FB&quot;,sans-serif"">Posture&nbsp;&nbsp; </span>&nbsp;&nbsp;&nbsp;&nbsp;&nbsp;&nbsp;&nbsp;&nbsp;&nbsp;&nbsp;&nbsp;&nbsp;&nbsp;&nbsp;&nbsp;&nbsp;&nbsp;&nbsp;&nbsp;&nbsp;&nbsp;&nbsp;&nbsp;&nbsp;&nbsp;&nbsp;&nbsp;&nbsp;&nbsp;&nbsp;&nbsp;&nbsp;&nbsp;&nbsp;&nbsp;&nbsp;&nbsp;&nbsp;&nbsp;&nbsp;&nbsp;&nbsp;</em><span style=""font-family:Symbol"">&yuml;</span><em>&nbsp;&nbsp;&nbsp;&nbsp;&nbsp;&nbsp;&nbsp;&nbsp;&nbsp;&nbsp;&nbsp;&nbsp;&nbsp;&nbsp;&nbsp;&nbsp;&nbsp;&nbsp;&nbsp;&nbsp;&nbsp;&nbsp; </em><span style=""font-family:Symbol"">&yuml;</span></span></span></p>

			<p><span style=""font-size:10pt""><span style=""font-family:&quot;Times New Roman&quot;,serif""><em><span style=""font-family:&quot;Berlin Sans FB&quot;,sans-serif"">Gross movement </span>&nbsp;&nbsp;&nbsp;&nbsp;&nbsp;&nbsp;&nbsp;&nbsp;&nbsp;&nbsp;&nbsp;&nbsp;&nbsp;&nbsp;&nbsp;&nbsp;&nbsp;&nbsp;&nbsp;&nbsp;&nbsp;&nbsp;&nbsp;&nbsp;&nbsp;&nbsp;&nbsp;&nbsp;&nbsp;</em><span style=""font-family:Symbol"">&yuml;</span><em>&nbsp;&nbsp;&nbsp;&nbsp;&nbsp;&nbsp;&nbsp;&nbsp;&nbsp;&nbsp;&nbsp;&nbsp;&nbsp;&nbsp;&nbsp;&nbsp;&nbsp;&nbsp;&nbsp;&nbsp;&nbsp; &nbsp;</em><span style=""font-family:Symbol"">&yuml;</span></span></span></p>

			<p><span style=""font-size:10pt""><span style=""font-family:&quot;Times New Roman&quot;,serif""><em><span style=""font-family:&quot;Berlin Sans FB&quot;,sans-serif"">(motor control, motor learning)</span></em></span></span></p>
			</td>
			<td style=""background-color:#f2f2f2; height:217.3pt; width:254.2pt"">
			<p style=""text-align:center""><span style=""font-size:10pt""><span style=""font-family:&quot;Times New Roman&quot;,serif""><span style=""font-family:&quot;Berlin Sans FB&quot;,sans-serif"">MUSCULOSKELETAL SYSTEM</span></span></span></p>

			<p style=""text-align:center"">&nbsp;</p>

			<p><span style=""font-size:10pt""><span style=""font-family:&quot;Times New Roman&quot;,serif""><span style=""font-family:&quot;Berlin Sans FB&quot;,sans-serif"">&nbsp; &nbsp; &nbsp; &nbsp; &nbsp; &nbsp; &nbsp; &nbsp; &nbsp; &nbsp; &nbsp; &nbsp; &nbsp; &nbsp; &nbsp; &nbsp; &nbsp; &nbsp; &nbsp; &nbsp; &nbsp; &nbsp; &nbsp; &nbsp; &nbsp; &nbsp; &nbsp; &nbsp; &nbsp; &nbsp; &nbsp; &nbsp; Not Impaired&nbsp;&nbsp;&nbsp;&nbsp;&nbsp;&nbsp; Impaired</span></span></span></p>

			<p>&nbsp;</p>

			<p><span style=""font-size:10pt""><span style=""font-family:&quot;Times New Roman&quot;,serif""><span style=""font-family:&quot;Berlin Sans FB&quot;,sans-serif"">Gross ROM</span>&nbsp;&nbsp;&nbsp;&nbsp;&nbsp;&nbsp;&nbsp;&nbsp;&nbsp;&nbsp;&nbsp;&nbsp;&nbsp;&nbsp;&nbsp;&nbsp;&nbsp;&nbsp;&nbsp;&nbsp;&nbsp;&nbsp;&nbsp;&nbsp;&nbsp;&nbsp;&nbsp;&nbsp;&nbsp;&nbsp;&nbsp;&nbsp;&nbsp;&nbsp;&nbsp;&nbsp;&nbsp;&nbsp;&nbsp; <span style=""font-family:Symbol"">&yuml;</span>&nbsp;&nbsp;&nbsp;&nbsp;&nbsp;&nbsp;&nbsp;&nbsp;&nbsp;&nbsp;&nbsp;&nbsp;&nbsp;&nbsp;&nbsp;&nbsp;&nbsp;&nbsp;&nbsp;&nbsp;&nbsp;&nbsp;&nbsp;&nbsp; <span style=""font-family:Symbol"">&yuml;</span></span></span></p>

			<p>&nbsp;</p>

			<p><span style=""font-size:10pt""><span style=""font-family:&quot;Times New Roman&quot;,serif""><span style=""font-family:&quot;Berlin Sans FB&quot;,sans-serif"">Gross Strength</span>&nbsp; &nbsp;&nbsp;&nbsp;&nbsp;&nbsp;&nbsp;&nbsp;&nbsp;&nbsp;&nbsp;&nbsp;&nbsp;&nbsp;&nbsp;&nbsp;&nbsp;&nbsp;&nbsp;&nbsp;&nbsp;&nbsp;&nbsp;&nbsp;&nbsp;&nbsp;&nbsp;&nbsp;&nbsp;&nbsp;&nbsp;&nbsp;&nbsp;<span style=""font-family:Symbol"">&yuml;</span>&nbsp;&nbsp;&nbsp;&nbsp;&nbsp;&nbsp;&nbsp;&nbsp;&nbsp;&nbsp;&nbsp;&nbsp;&nbsp;&nbsp;&nbsp;&nbsp;&nbsp;&nbsp;&nbsp;&nbsp;&nbsp;&nbsp;&nbsp;&nbsp; <span style=""font-family:Symbol"">&yuml;</span></span></span></p>

			<p>&nbsp;</p>

			<p><span style=""font-size:10pt""><span style=""font-family:&quot;Times New Roman&quot;,serif""><span style=""font-family:&quot;Berlin Sans FB&quot;,sans-serif"">Gross Symmetry&nbsp; </span>&nbsp;&nbsp;&nbsp;&nbsp;&nbsp;&nbsp;&nbsp;&nbsp;&nbsp;&nbsp;&nbsp;&nbsp;&nbsp;&nbsp;&nbsp;&nbsp;&nbsp;&nbsp;&nbsp;&nbsp;&nbsp;&nbsp;&nbsp;&nbsp;&nbsp;&nbsp;&nbsp;&nbsp;&nbsp;<span style=""font-family:Symbol"">&yuml;</span>&nbsp;&nbsp;&nbsp;&nbsp;&nbsp;&nbsp;&nbsp;&nbsp;&nbsp;&nbsp;&nbsp;&nbsp;&nbsp;&nbsp;&nbsp;&nbsp;&nbsp;&nbsp;&nbsp;&nbsp;&nbsp;&nbsp;&nbsp;&nbsp;&nbsp; <span style=""font-family:Symbol"">&yuml;</span> <em><span style=""font-size:9.0pt""><span style=""font-family:&quot;Berlin Sans FB&quot;,sans-serif"">(Standing, Sitting)&nbsp;&nbsp; &nbsp;&nbsp;&nbsp;&nbsp;&nbsp;&nbsp;&nbsp;&nbsp;&nbsp;&nbsp;&nbsp;&nbsp;&nbsp;&nbsp;&nbsp;&nbsp;&nbsp;&nbsp;&nbsp;&nbsp;&nbsp;&nbsp;&nbsp;&nbsp;&nbsp;&nbsp;&nbsp;&nbsp;&nbsp;</span></span></em></span></span></p>

			<p style=""text-align:center"">&nbsp;</p>

			<p><span style=""font-size:10pt""><span style=""font-family:&quot;Times New Roman&quot;,serif""><span style=""font-size:9.0pt""><span style=""font-family:&quot;Berlin Sans FB&quot;,sans-serif"">Height (in metres) &hellip;&hellip;&hellip;&hellip;&hellip;..Weight (in Kg)&hellip;&hellip;&hellip;&hellip;&hellip;&hellip;</span></span></span></span></p>

			<p>&nbsp;</p>

			<p><span style=""font-size:10pt""><span style=""font-family:&quot;Times New Roman&quot;,serif""><span style=""font-size:9.0pt""><span style=""font-family:&quot;Berlin Sans FB&quot;,sans-serif"">BMI<em> </em>(in Kg/m</span></span><sup><span style=""font-family:&quot;Berlin Sans FB&quot;,sans-serif"">2</span></sup><span style=""font-size:9.0pt""><span style=""font-family:&quot;Berlin Sans FB&quot;,sans-serif"">)&hellip;&hellip;&hellip;&hellip;&hellip;&hellip;&hellip;&hellip;&hellip;..<strong><em>&nbsp;&nbsp;&nbsp;&nbsp; </em></strong></span></span></span></span></p>

			<p><span style=""font-size:10pt""><span style=""font-family:&quot;Times New Roman&quot;,serif""><strong><em>&nbsp;</em></strong></span></span></p>

			<p style=""text-align:center""><span style=""font-size:10pt""><span style=""font-family:&quot;Times New Roman&quot;,serif""><span style=""font-family:&quot;Berlin Sans FB&quot;,sans-serif"">COGNITION and CoMMUNICATION</span></span></span></p>

			<p><span style=""font-size:10pt""><span style=""font-family:&quot;Times New Roman&quot;,serif""><strong>&nbsp;&nbsp;&nbsp;&nbsp;&nbsp;&nbsp;&nbsp;&nbsp;&nbsp;&nbsp;&nbsp;&nbsp;&nbsp;&nbsp;&nbsp;&nbsp;&nbsp;&nbsp;&nbsp;&nbsp;&nbsp;&nbsp;&nbsp;&nbsp;&nbsp;&nbsp;&nbsp;&nbsp;&nbsp;&nbsp;&nbsp;&nbsp;&nbsp;&nbsp;&nbsp;&nbsp;&nbsp;&nbsp;&nbsp;&nbsp;&nbsp;&nbsp;&nbsp;&nbsp;&nbsp;&nbsp;&nbsp;&nbsp;&nbsp;&nbsp;&nbsp;&nbsp;&nbsp;&nbsp;&nbsp;&nbsp;&nbsp;&nbsp;&nbsp;&nbsp;&nbsp;&nbsp;&nbsp;&nbsp; &nbsp;&nbsp;</strong><span style=""font-family:&quot;Berlin Sans FB&quot;,sans-serif"">Not Imp&nbsp;&nbsp;&nbsp;&nbsp;&nbsp;&nbsp;&nbsp; &nbsp;Imp</span></span></span></p>

			<p>&nbsp;</p>

			<p><span style=""font-size:10pt""><span style=""font-family:&quot;Times New Roman&quot;,serif""><span style=""font-family:&quot;Berlin Sans FB&quot;,sans-serif"">Orientation x 3 <em>(Person/Place/Time) </em></span><em>&nbsp;&nbsp;&nbsp;&nbsp;&nbsp;&nbsp;&nbsp;&nbsp;&nbsp;&nbsp;&nbsp;?nbsp;&nbsp;&nbsp;&nbsp;&nbsp;&nbsp;&nbsp;&nbsp;&nbsp;&nbsp;&nbsp;&nbsp;&nbsp;&nbsp;&nbsp;&nbsp;&nbsp; </em><span style=""font-family:Symbol"">&yuml;</span><em> </em></span></span></p>

			<p><span style=""font-size:10pt""><span style=""font-family:&quot;Times New Roman&quot;,serif""><em>&nbsp;&nbsp;&nbsp;&nbsp;&nbsp;&nbsp;&nbsp;&nbsp;&nbsp;&nbsp;&nbsp;&nbsp;&nbsp;&nbsp;&nbsp;&nbsp;&nbsp;&nbsp;&nbsp;&nbsp;&nbsp;&nbsp;&nbsp;&nbsp;&nbsp;&nbsp;&nbsp;&nbsp;&nbsp;&nbsp;&nbsp;&nbsp;&nbsp;&nbsp;&nbsp;&nbsp;&nbsp;&nbsp;&nbsp;&nbsp;&nbsp;&nbsp;&nbsp;&nbsp;&nbsp;&nbsp;&nbsp;&nbsp;&nbsp;&nbsp;&nbsp;&nbsp;&nbsp;&nbsp;&nbsp;&nbsp;&nbsp;&nbsp;&nbsp;&nbsp;&nbsp;&nbsp;&nbsp;&nbsp;&nbsp;&nbsp;&nbsp;&nbsp;&nbsp;&nbsp;&nbsp;&nbsp;&nbsp;&nbsp;&nbsp;&nbsp;&nbsp;&nbsp;&nbsp; </em></span></span></p>

			<p><span style=""font-size:10pt""><span style=""font-family:&quot;Times New Roman&quot;,serif""><span style=""font-family:&quot;Berlin Sans FB&quot;,sans-serif"">Communication <em>(e.g., Age-Appropriate)</em></span><em>&nbsp;&nbsp;&nbsp;&nbsp;&nbsp; </em><span style=""font-family:Symbol"">&yuml;</span>&nbsp;&nbsp;&nbsp;&nbsp;&nbsp;&nbsp;&nbsp;&nbsp;&nbsp;&nbsp;&nbsp;&nbsp;&nbsp;&nbsp;&nbsp; <span style=""font-family:Symbol"">&yuml;</span> </span></span></p>

			<p style=""text-align:center"">&nbsp;</p>
			</td>
		</tr>
	</tbody>
</table>
",Physiotherapy System Review,EXAMINATION
882,"<p>&nbsp;</p>

<p><span style=""font-size:12pt""><span style=""font-family:&quot;Times New Roman&quot;,serif""><strong><u>PRESENTING COMPLAINTS:</u></strong></span></span></p>

<p>&nbsp;</p>

<p>&nbsp;</p>

<p><span style=""font-size:12pt""><span style=""font-family:&quot;Times New Roman&quot;,serif""><strong><u>HISTORY OF PRESENTING COMPLAINTS:</u></strong></span></span></p>

<p>&nbsp;</p>

<p>&nbsp;</p>

<p><span style=""font-size:12pt""><span style=""font-family:&quot;Times New Roman&quot;,serif""><strong><u>REVIEW OF SYSTEMS:</u></strong></span></span></p>

<p>&nbsp;</p>

<p>&nbsp;</p>

<p><span style=""font-size:12pt""><span style=""font-family:&quot;Times New Roman&quot;,serif""><strong><u>PAST MEDICAL HISTORY:</u></strong></span></span></p>

<p>&nbsp;</p>

<p>&nbsp;</p>

<p><span style=""font-size:12pt""><span style=""font-family:&quot;Times New Roman&quot;,serif""><strong><u>PAST SURGICAL HISTORY:</u></strong></span></span></p>

<p>&nbsp;</p>

<p>&nbsp;</p>

<p><span style=""font-size:12pt""><span style=""font-family:&quot;Times New Roman&quot;,serif""><strong><u>DRUG HISTORY:</u></strong></span></span></p>

<p>&nbsp;</p>

<p>&nbsp;</p>

<p><span style=""font-size:12pt""><span style=""font-family:&quot;Times New Roman&quot;,serif""><strong><u>GYNAE HISTORY:</u></strong></span></span></p>

<p>&nbsp;</p>

<p>&nbsp;</p>

<p><span style=""font-size:12pt""><span style=""font-family:&quot;Times New Roman&quot;,serif""><strong><u>OBSTETRIC HISTORY:</u></strong></span></span></p>

<p>&nbsp;</p>

<p>&nbsp;</p>

<p><span style=""font-size:12pt""><span style=""font-family:&quot;Times New Roman&quot;,serif""><strong><u>FAMILY AND SOCIAL HISTORY:</u></strong></span></span></p>

<p>&nbsp;</p>

<p>&nbsp;</p>

<p>&nbsp;</p>

<p>&nbsp;</p>
",General Complain GOPD,CLINICAL NOTE
821,"<p><strong>******Malaria Range for Northern Nigerian*****</strong></p>

<p>&nbsp;</p>

<p>&nbsp;</p>

<p><strong>*****Treatment Plan for Malaria In the Northern Part of Nigeria*****</strong></p>
",Malaria Ranges for Northern Nigeria,Lab
881,"<ol>
	<li><strong>Complain</strong></li>
	<li>History of Presenting&nbsp;</li>
	<li>Past Medical</li>
</ol>

<p>&nbsp;</p>
",General Consulting GOPD,
961,,Cardiovascular,Review Of System
1021,,Breast,Review Of System
1023,,Gastrointestinal,Review Of System
1024,,Endocrine,Review Of System
1026,,Haematologic,Review Of System
1032,,Psychiatric,Review Of System
1035,,Throat,Review Of System
1468,"<p style=""text-align:center"">&nbsp;</p>

<p><span style=""font-size:11pt""><span style=""font-family:&quot;Calibri&quot;,&quot;sans-serif&quot;""><span style=""font-size:12.0pt"">INFORMAT:&nbsp;&nbsp;&nbsp;&nbsp;&nbsp;&nbsp;&nbsp;&nbsp;&nbsp;&nbsp;&nbsp;&nbsp;&nbsp;&nbsp;&nbsp;&nbsp;&nbsp;&nbsp;&nbsp;&nbsp;&nbsp;&nbsp;&nbsp;&nbsp;&nbsp;&nbsp;&nbsp;&nbsp;&nbsp;&nbsp;&nbsp;&nbsp;&nbsp;&nbsp;&nbsp;&nbsp;&nbsp;&nbsp;&nbsp;&nbsp;&nbsp;&nbsp;&nbsp;&nbsp;&nbsp;&nbsp;&nbsp;&nbsp;&nbsp; CAREGIVER&rsquo;S PHONE NO:&nbsp;&nbsp;&nbsp;&nbsp;&nbsp;&nbsp;&nbsp; </span></span></span></p>

<p><span style=""font-size:11pt""><span style=""font-family:&quot;Calibri&quot;,&quot;sans-serif&quot;""><span style=""font-size:12.0pt"">CAREGIVER&rsquo;S ADDRESS:</span></span></span></p>

<p>&nbsp;</p>

<p>&nbsp;</p>

<p><span style=""font-size:11pt""><span style=""font-family:&quot;Calibri&quot;,&quot;sans-serif&quot;""><span style=""font-size:12.0pt"">CHIEF COMPLAINTS&nbsp; </span></span></span></p>

<p>&nbsp;</p>

<p>&nbsp;</p>

<p><span style=""font-size:11pt""><span style=""font-family:&quot;Calibri&quot;,&quot;sans-serif&quot;""><span style=""font-size:12.0pt"">HISTORY OF PRESENT ILLNESS </span></span></span></p>

<p>&nbsp;</p>

<p>&nbsp;</p>

<p><span style=""font-size:11pt""><span style=""font-family:&quot;Calibri&quot;,&quot;sans-serif&quot;""><span style=""font-size:12.0pt"">MEDICAL HISTORY </span></span></span></p>

<p>&nbsp;</p>

<p>&nbsp;</p>

<p><span style=""font-size:11pt""><span style=""font-family:&quot;Calibri&quot;,&quot;sans-serif&quot;""><span style=""font-size:12.0pt"">CHILDHOOD HISTORY </span></span></span></p>

<p>&nbsp;</p>

<p>&nbsp;</p>

<p><span style=""font-size:11pt""><span style=""font-family:&quot;Calibri&quot;,&quot;sans-serif&quot;""><span style=""font-size:12.0pt"">EDUCATIONAL HISTORY </span></span></span></p>

<p>&nbsp;</p>

<p><span style=""font-size:11pt""><span style=""font-family:&quot;Calibri&quot;,&quot;sans-serif&quot;""><span style=""font-size:12.0pt"">OCCUPATIONAL HISTORY </span></span></span></p>

<p>&nbsp;</p>

<p>&nbsp;</p>

<p><span style=""font-size:11pt""><span style=""font-family:&quot;Calibri&quot;,&quot;sans-serif&quot;""><span style=""font-size:12.0pt"">PSYCHOSEXUAL HISTORY </span></span></span></p>

<p>&nbsp;</p>

<p>&nbsp;</p>

<p>&nbsp;</p>

<p><span style=""font-size:11pt""><span style=""font-family:&quot;Calibri&quot;,&quot;sans-serif&quot;""><span style=""font-size:12.0pt"">FAMILY HISTORY </span></span></span></p>

<p>&nbsp;</p>

<p>&nbsp;</p>

<p><span style=""font-size:11pt""><span style=""font-family:&quot;Calibri&quot;,&quot;sans-serif&quot;""><span style=""font-size:12.0pt"">HOBBIES/HABITS </span></span></span></p>

<p>&nbsp;</p>

<p><span style=""font-size:11pt""><span style=""font-family:&quot;Calibri&quot;,&quot;sans-serif&quot;""><span style=""font-size:12.0pt"">PREMORBID PERSONALITY</span></span></span></p>

<ul>
	<li>
	<table style=""width:100%"">
		<tbody>
			<tr>
				<td>
				<div>
				<p style=""text-align:center"">&nbsp;</p>
				</div>
				</td>
			</tr>
		</tbody>
	</table>
	<span style=""font-size:11pt""><span style=""font-family:&quot;Calibri&quot;,&quot;sans-serif&quot;""><span style=""font-size:12.0pt"">ASPIRATION:&nbsp; HIGH&nbsp;&nbsp;&nbsp;&nbsp;&nbsp;&nbsp;&nbsp;&nbsp;&nbsp; AVERAGE&nbsp;&nbsp;&nbsp;&nbsp;&nbsp;&nbsp;&nbsp;&nbsp;&nbsp;&nbsp; LOW&nbsp;&nbsp;&nbsp;&nbsp;&nbsp;&nbsp;&nbsp;&nbsp;&nbsp;&nbsp; </span></span></span></li>
	<li><span style=""font-size:11pt""><span style=""font-family:&quot;Calibri&quot;,&quot;sans-serif&quot;""><span style=""font-size:12.0pt"">PERFECTIONIST&nbsp;&nbsp;&nbsp;&nbsp;&nbsp;&nbsp;&nbsp;&nbsp;&nbsp;&nbsp;&nbsp;&nbsp; FLEXIBLE&nbsp;&nbsp;&nbsp;&nbsp;&nbsp;&nbsp;&nbsp;&nbsp;&nbsp;&nbsp;&nbsp;&nbsp;&nbsp;&nbsp; </span></span></span></li>
	<li><span style=""font-size:11pt""><span style=""font-family:&quot;Calibri&quot;,&quot;sans-serif&quot;""><span style=""font-size:12.0pt"">&nbsp;OPTIMISTIC &nbsp;&nbsp;&nbsp;&nbsp;&nbsp;&nbsp;&nbsp;&nbsp;&nbsp;PESSIMISTIC &nbsp;&nbsp;&nbsp;&nbsp;&nbsp;&nbsp;&nbsp;&nbsp;&nbsp;</span></span></span></li>
	<li><span style=""font-size:11pt""><span style=""font-family:&quot;Calibri&quot;,&quot;sans-serif&quot;""><span style=""font-size:12.0pt"">MOOD: CHEERFUL &nbsp;&nbsp;&nbsp;&nbsp;&nbsp;&nbsp;&nbsp;&nbsp;&nbsp;&nbsp;WORRYING &nbsp;&nbsp;&nbsp;&nbsp;&nbsp;&nbsp;&nbsp;&nbsp;&nbsp;&nbsp;RESPONSIVE &nbsp;&nbsp;&nbsp;&nbsp;&nbsp;&nbsp;&nbsp;&nbsp;&nbsp;SENSITIVE&nbsp;&nbsp;&nbsp; &nbsp;&nbsp;&nbsp;&nbsp;&nbsp;</span></span></span></li>
</ul>

<p style=""margin-left:48px""><span style=""font-size:11pt""><span style=""font-family:&quot;Calibri&quot;,&quot;sans-serif&quot;""><span style=""font-size:12.0pt"">&nbsp;&nbsp;&nbsp;&nbsp;&nbsp;&nbsp;&nbsp;&nbsp;&nbsp;&nbsp;&nbsp;&nbsp;&nbsp;&nbsp; OVERSENSITIVE</span></span></span></p>

<p><span style=""font-size:11pt""><span style=""font-family:&quot;Calibri&quot;,&quot;sans-serif&quot;""><span style=""font-size:12.0pt"">INTERPERSONAL SKILLS</span></span></span></p>

<ul>
	<li><span style=""font-size:11pt""><span style=""font-family:&quot;Calibri&quot;,&quot;sans-serif&quot;""><span style=""font-size:12.0pt"">TRUSTING&nbsp;&nbsp;&nbsp;&nbsp;&nbsp;&nbsp;&nbsp;&nbsp;&nbsp; SUSPICIOUS &nbsp;&nbsp;&nbsp;&nbsp;&nbsp;&nbsp;&nbsp;&nbsp;&nbsp;JEALOUSY&nbsp;&nbsp;&nbsp;&nbsp;&nbsp;&nbsp;&nbsp;&nbsp;&nbsp; EXTROVERT&nbsp;&nbsp;&nbsp;&nbsp;&nbsp;&nbsp;&nbsp;&nbsp; AMBIVALENT </span></span></span></li>
</ul>

<p style=""margin-left:48px""><span style=""font-size:11pt""><span style=""font-family:&quot;Calibri&quot;,&quot;sans-serif&quot;""><span style=""font-size:12.0pt"">INTROVERT&nbsp;&nbsp;&nbsp;&nbsp;&nbsp;&nbsp;&nbsp;&nbsp;&nbsp; DEPENDENT&nbsp;&nbsp;&nbsp;&nbsp;&nbsp;&nbsp;&nbsp;&nbsp;&nbsp; OVERDEPENDENT </span></span></span></p>

<p>&nbsp;</p>

<p><span style=""font-size:11pt""><span style=""font-family:&quot;Calibri&quot;,&quot;sans-serif&quot;""><span style=""font-size:12.0pt"">OCCUPATIONAL THERAPY EVALUATION</span></span></span></p>

<p><span style=""font-size:11pt""><span style=""font-family:&quot;Calibri&quot;,&quot;sans-serif&quot;""><span style=""font-size:12.0pt"">GENERAL APPEARANCE</span></span></span></p>

<ul>
	<li><span style=""font-size:11pt""><span style=""font-family:&quot;Calibri&quot;,&quot;sans-serif&quot;""><span style=""font-size:12.0pt"">PERSONAL HYGIENCE </span></span></span></li>
</ul>

<p>&nbsp;</p>

<p>&nbsp;</p>

<p>&nbsp;</p>

<ul>
	<li><span style=""font-size:11pt""><span style=""font-family:&quot;Calibri&quot;,&quot;sans-serif&quot;""><span style=""font-size:12.0pt"">BEHAVIOUR AND PSYCHOMOTOR ACTIVITY: RESTLESSNESS&nbsp;&nbsp;&nbsp;&nbsp;&nbsp;&nbsp;&nbsp;&nbsp;&nbsp; TICS&nbsp;&nbsp;&nbsp;&nbsp;&nbsp;&nbsp;&nbsp;&nbsp; TWITCHES</span></span></span></li>
</ul>

<p style=""margin-left:48px""><span style=""font-size:11pt""><span style=""font-family:&quot;Calibri&quot;,&quot;sans-serif&quot;""><span style=""font-size:12.0pt"">&nbsp;&nbsp;&nbsp;&nbsp;&nbsp;&nbsp;&nbsp;&nbsp;&nbsp;&nbsp;&nbsp;&nbsp;&nbsp;&nbsp;&nbsp;&nbsp;&nbsp;&nbsp;&nbsp;&nbsp;&nbsp;&nbsp;&nbsp;&nbsp;&nbsp;&nbsp;&nbsp;&nbsp;&nbsp;&nbsp;&nbsp;&nbsp;&nbsp;&nbsp;&nbsp;&nbsp;&nbsp;&nbsp;&nbsp;&nbsp;&nbsp;&nbsp;&nbsp;&nbsp;&nbsp;&nbsp;&nbsp;&nbsp;&nbsp;&nbsp;&nbsp;&nbsp;&nbsp;&nbsp;&nbsp;&nbsp;&nbsp;&nbsp;&nbsp;&nbsp;&nbsp;&nbsp;&nbsp;&nbsp;&nbsp;&nbsp;&nbsp;&nbsp;&nbsp;&nbsp;&nbsp;&nbsp;&nbsp;&nbsp;&nbsp;&nbsp;&nbsp;&nbsp;&nbsp; MANNERISM&nbsp;&nbsp;&nbsp;&nbsp;&nbsp;&nbsp;&nbsp;&nbsp; GESTURE&nbsp; &nbsp;&nbsp;&nbsp;&nbsp;&nbsp;&nbsp;&nbsp;</span></span></span></p>

<p style=""margin-left:48px""><span style=""font-size:11pt""><span style=""font-family:&quot;Calibri&quot;,&quot;sans-serif&quot;""><span style=""font-size:12.0pt"">&nbsp;&nbsp;&nbsp;&nbsp;&nbsp;&nbsp;&nbsp;&nbsp;&nbsp;&nbsp;&nbsp;&nbsp;&nbsp;&nbsp;&nbsp;&nbsp;&nbsp;&nbsp;&nbsp;&nbsp;&nbsp;&nbsp;&nbsp;&nbsp;&nbsp;&nbsp;&nbsp;&nbsp;&nbsp;&nbsp;&nbsp;&nbsp;&nbsp;&nbsp;&nbsp;&nbsp;&nbsp;&nbsp;&nbsp;&nbsp;&nbsp;&nbsp;&nbsp;&nbsp;&nbsp;&nbsp;&nbsp;&nbsp;&nbsp;&nbsp;&nbsp;&nbsp;&nbsp;&nbsp;&nbsp;&nbsp;&nbsp;&nbsp;&nbsp;&nbsp;&nbsp;&nbsp;&nbsp;&nbsp;&nbsp;&nbsp;&nbsp;&nbsp;&nbsp;&nbsp;&nbsp;&nbsp;&nbsp;&nbsp;&nbsp;&nbsp;&nbsp;&nbsp;&nbsp; AGGRESSION&nbsp;&nbsp;&nbsp;&nbsp;&nbsp;&nbsp;&nbsp;&nbsp; COMPULSION </span></span></span></p>

<p style=""margin-left:48px""><span style=""font-size:11pt""><span style=""font-family:&quot;Calibri&quot;,&quot;sans-serif&quot;""><span style=""font-size:12.0pt"">&nbsp;&nbsp;&nbsp;&nbsp;&nbsp;&nbsp;&nbsp;&nbsp;&nbsp;&nbsp;&nbsp;&nbsp;&nbsp;&nbsp;&nbsp;&nbsp;&nbsp;&nbsp;&nbsp;&nbsp;&nbsp;&nbsp;&nbsp;&nbsp;&nbsp;&nbsp;&nbsp;&nbsp;&nbsp;&nbsp;&nbsp;&nbsp;&nbsp;&nbsp;&nbsp;&nbsp;&nbsp;&nbsp;&nbsp;&nbsp;&nbsp;&nbsp;&nbsp;&nbsp;&nbsp;&nbsp;&nbsp;&nbsp;&nbsp;&nbsp;&nbsp;&nbsp;&nbsp;&nbsp;&nbsp;&nbsp;&nbsp;&nbsp;&nbsp;&nbsp;&nbsp;&nbsp;&nbsp;&nbsp;&nbsp;&nbsp;&nbsp;&nbsp;&nbsp;&nbsp;&nbsp;&nbsp;&nbsp;&nbsp;&nbsp;&nbsp;&nbsp;&nbsp;&nbsp; LAUGHING TO SELF </span></span></span></p>

<ul>
	<li><span style=""font-size:11pt""><span style=""font-family:&quot;Calibri&quot;,&quot;sans-serif&quot;""><span style=""font-size:12.0pt"">GAIT </span></span></span></li>
</ul>

<p>&nbsp;</p>

<p>&nbsp;</p>

<p>&nbsp;</p>

<p>&nbsp;</p>

<ul>
	<li><span style=""font-size:11pt""><span style=""font-family:&quot;Calibri&quot;,&quot;sans-serif&quot;""><span style=""font-size:12.0pt"">POSTURE </span></span></span></li>
</ul>

<p>&nbsp;</p>

<p>&nbsp;</p>

<p>&nbsp;</p>

<p><span style=""font-size:11pt""><span style=""font-family:&quot;Calibri&quot;,&quot;sans-serif&quot;""><span style=""font-size:12.0pt"">ATTITUDE TOWARDS EXAMINER</span></span></span></p>

<ul>
	<li><span style=""font-size:11pt""><span style=""font-family:&quot;Calibri&quot;,&quot;sans-serif&quot;""><span style=""font-size:12.0pt"">COOPERATIVE&nbsp;&nbsp;&nbsp;&nbsp;&nbsp;&nbsp;&nbsp;&nbsp; UNCOOPERATIVE&nbsp;&nbsp;&nbsp;&nbsp;&nbsp;&nbsp;&nbsp;&nbsp; INTERESTED &nbsp;&nbsp;&nbsp;&nbsp;&nbsp;&nbsp;&nbsp;&nbsp;PLAYFUL&nbsp;&nbsp;&nbsp;&nbsp;&nbsp;&nbsp;&nbsp;&nbsp; EVASIVE </span></span></span></li>
</ul>

<p style=""margin-left:72px"">&nbsp;</p>

<table style=""width:100%"">
	<tbody>
		<tr>
			<td>
			<div>
			<p style=""text-align:center"">&nbsp;</p>
			</div>
			</td>
		</tr>
	</tbody>
</table>

<p><span style=""font-size:12.0pt"">HOSTILE&nbsp;&nbsp;&nbsp;&nbsp;&nbsp;&nbsp;&nbsp;&nbsp; SEDUCTIVE&nbsp;&nbsp;&nbsp;&nbsp;&nbsp;&nbsp;&nbsp;&nbsp; </span></p>

<p>&nbsp;</p>

<p><span style=""font-size:11pt""><span style=""font-family:&quot;Calibri&quot;,&quot;sans-serif&quot;""><span style=""font-size:12.0pt"">COGNITIVE FUNCTIONS</span></span></span></p>

<ul>
	<li><span style=""font-size:11pt""><span style=""font-family:&quot;Calibri&quot;,&quot;sans-serif&quot;""><span style=""font-size:12.0pt"">ORIENTATION </span></span></span></li>
</ul>

<p>&nbsp;</p>

<p>&nbsp;</p>

<p>&nbsp;</p>

<ul>
	<li><span style=""font-size:11pt""><span style=""font-family:&quot;Calibri&quot;,&quot;sans-serif&quot;""><span style=""font-size:12.0pt"">MEMORY </span></span></span></li>
</ul>

<p>&nbsp;</p>

<p>&nbsp;</p>

<p>&nbsp;</p>

<p>&nbsp;</p>

<ul>
	<li><span style=""font-size:11pt""><span style=""font-family:&quot;Calibri&quot;,&quot;sans-serif&quot;""><span style=""font-size:12.0pt"">ATTENTION AND CONCENTRATION </span></span></span></li>
</ul>

<p>&nbsp;</p>

<p>&nbsp;</p>

<p>&nbsp;</p>

<p>&nbsp;</p>

<ul>
	<li><span style=""font-size:11pt""><span style=""font-family:&quot;Calibri&quot;,&quot;sans-serif&quot;""><span style=""font-size:12.0pt"">CONCEPT FORMATION </span></span></span></li>
</ul>

<p>&nbsp;</p>

<p>&nbsp;</p>

<p>&nbsp;</p>

<p>&nbsp;</p>

<p>&nbsp;</p>

<ul>
	<li><span style=""font-size:11pt""><span style=""font-family:&quot;Calibri&quot;,&quot;sans-serif&quot;""><span style=""font-size:12.0pt"">RECOGNITION </span></span></span></li>
</ul>

<p>&nbsp;</p>

<p>&nbsp;</p>

<ul>
	<li><span style=""font-size:11pt""><span style=""font-family:&quot;Calibri&quot;,&quot;sans-serif&quot;""><span style=""font-size:12.0pt"">LEVEL OF AROUSAL </span></span></span></li>
</ul>

<p>&nbsp;</p>

<p>&nbsp;</p>

<ul>
	<li><span style=""font-size:11pt""><span style=""font-family:&quot;Calibri&quot;,&quot;sans-serif&quot;""><span style=""font-size:12.0pt"">INITIATION OF ACTIVITY </span></span></span></li>
</ul>

<p>&nbsp;</p>

<p>&nbsp;</p>

<ul>
	<li><span style=""font-size:11pt""><span style=""font-family:&quot;Calibri&quot;,&quot;sans-serif&quot;""><span style=""font-size:12.0pt"">TERMINATION OF ACTIVITY </span></span></span></li>
</ul>

<p>&nbsp;</p>

<p>&nbsp;</p>

<ul>
	<li><span style=""font-size:11pt""><span style=""font-family:&quot;Calibri&quot;,&quot;sans-serif&quot;""><span style=""font-size:12.0pt"">SEQUENCING </span></span></span></li>
</ul>

<p>&nbsp;</p>

<p>&nbsp;</p>

<p>&nbsp;</p>

<ul>
	<li><span style=""font-size:11pt""><span style=""font-family:&quot;Calibri&quot;,&quot;sans-serif&quot;""><span style=""font-size:12.0pt"">CATERGORIZATION </span></span></span></li>
</ul>

<p>&nbsp;</p>

<p>&nbsp;</p>

<ul>
	<li><span style=""font-size:11pt""><span style=""font-family:&quot;Calibri&quot;,&quot;sans-serif&quot;""><span style=""font-size:12.0pt"">SPATIAL OPERATION </span></span></span></li>
</ul>

<p>&nbsp;</p>

<p>&nbsp;</p>

<ul>
	<li><span style=""font-size:11pt""><span style=""font-family:&quot;Calibri&quot;,&quot;sans-serif&quot;""><span style=""font-size:12.0pt"">PROBLEM SOLVING </span></span></span></li>
</ul>

<p>&nbsp;</p>

<p>&nbsp;</p>

<ul>
	<li><span style=""font-size:11pt""><span style=""font-family:&quot;Calibri&quot;,&quot;sans-serif&quot;""><span style=""font-size:12.0pt"">LEARNING </span></span></span></li>
</ul>

<p>&nbsp;</p>

<p>&nbsp;</p>

<ul>
	<li><span style=""font-size:11pt""><span style=""font-family:&quot;Calibri&quot;,&quot;sans-serif&quot;""><span style=""font-size:12.0pt"">GENERALIZATION </span></span></span></li>
</ul>

<p>&nbsp;</p>

<p>&nbsp;</p>

<p>&nbsp;</p>

<p><span style=""font-size:11pt""><span style=""font-family:&quot;Calibri&quot;,&quot;sans-serif&quot;""><span style=""font-size:12.0pt"">PSYCHOSOCIAL SKILLS AND PSYCHOLOGICAL COMPONENTS</span></span></span></p>

<ul>
	<li><span style=""font-size:11pt""><span style=""font-family:&quot;Calibri&quot;,&quot;sans-serif&quot;""><span style=""font-size:12.0pt"">VALUES </span></span></span></li>
</ul>

<p>&nbsp;</p>

<p>&nbsp;</p>

<ul>
	<li><span style=""font-size:11pt""><span style=""font-family:&quot;Calibri&quot;,&quot;sans-serif&quot;""><span style=""font-size:12.0pt"">INTERESTS </span></span></span></li>
</ul>

<p>&nbsp;</p>

<p>&nbsp;</p>

<ul>
	<li><span style=""font-size:11pt""><span style=""font-family:&quot;Calibri&quot;,&quot;sans-serif&quot;""><span style=""font-size:12.0pt"">SELF-CONCEPT </span></span></span></li>
</ul>

<p>&nbsp;</p>

<p>&nbsp;</p>

<p>&nbsp;</p>

<ul>
	<li><span style=""font-size:11pt""><span style=""font-family:&quot;Calibri&quot;,&quot;sans-serif&quot;""><span style=""font-size:12.0pt"">INSIGHT </span></span></span></li>
</ul>

<p>&nbsp;</p>

<p>&nbsp;</p>

<p>&nbsp;</p>

<p>&nbsp;</p>

<ul>
	<li><span style=""font-size:11pt""><span style=""font-family:&quot;Calibri&quot;,&quot;sans-serif&quot;""><span style=""font-size:12.0pt"">ROLE IDENTIFICATION AND ROLE PERFORMANCE </span></span></span></li>
</ul>

<p>&nbsp;</p>

<p>&nbsp;</p>

<ul>
	<li><span style=""font-size:11pt""><span style=""font-family:&quot;Calibri&quot;,&quot;sans-serif&quot;""><span style=""font-size:12.0pt"">SOCIAL CONDUCT </span></span></span></li>
</ul>

<p>&nbsp;</p>

<p>&nbsp;</p>

<p>&nbsp;</p>

<ul>
	<li><span style=""font-size:11pt""><span style=""font-family:&quot;Calibri&quot;,&quot;sans-serif&quot;""><span style=""font-size:12.0pt"">INTERPERSONAL SKILLS </span></span></span></li>
</ul>

<p>&nbsp;</p>

<p>&nbsp;</p>

<ul>
	<li><span style=""font-size:11pt""><span style=""font-family:&quot;Calibri&quot;,&quot;sans-serif&quot;""><span style=""font-size:12.0pt"">SELF EXPRESSION </span></span></span></li>
</ul>

<p>&nbsp;</p>

<p>&nbsp;</p>

<ul>
	<li><span style=""font-size:11pt""><span style=""font-family:&quot;Calibri&quot;,&quot;sans-serif&quot;""><span style=""font-size:12.0pt"">COPING SKILLS </span></span></span></li>
</ul>

<p>&nbsp;</p>

<p>&nbsp;</p>

<p>&nbsp;</p>

<p>&nbsp;</p>

<ul>
	<li><span style=""font-size:11pt""><span style=""font-family:&quot;Calibri&quot;,&quot;sans-serif&quot;""><span style=""font-size:12.0pt"">TIME MANAGEMENT </span></span></span></li>
</ul>

<p>&nbsp;</p>

<ul>
	<li><span style=""font-size:11pt""><span style=""font-family:&quot;Calibri&quot;,&quot;sans-serif&quot;""><span style=""font-size:12.0pt"">SELF CONTROL </span></span></span></li>
</ul>

<p>&nbsp;</p>

<ul>
	<li><span style=""font-size:11pt""><span style=""font-family:&quot;Calibri&quot;,&quot;sans-serif&quot;""><span style=""font-size:12.0pt"">SELF ESTEEM </span></span></span></li>
</ul>

<p>&nbsp;</p>

<ul>
	<li><span style=""font-size:11pt""><span style=""font-family:&quot;Calibri&quot;,&quot;sans-serif&quot;""><span style=""font-size:12.0pt"">ROUTINES&nbsp; </span></span></span></li>
</ul>

<p>&nbsp;</p>

<p><span style=""font-size:11pt""><span style=""font-family:&quot;Calibri&quot;,&quot;sans-serif&quot;""><span style=""font-size:12.0pt"">WORK ASSESSMENT</span></span></span></p>

<ul>
	<li><span style=""font-size:11pt""><span style=""font-family:&quot;Calibri&quot;,&quot;sans-serif&quot;""><span style=""font-size:12.0pt"">OCCUPATION (PAST, PRESENT, FUTURE JOBS) </span></span></span></li>
</ul>

<p>&nbsp;</p>

<ul>
	<li><span style=""font-size:11pt""><span style=""font-family:&quot;Calibri&quot;,&quot;sans-serif&quot;""><span style=""font-size:12.0pt"">NATURE OF OCCUPATION </span></span></span></li>
</ul>

<p>&nbsp;</p>

<ul>
	<li><span style=""font-size:11pt""><span style=""font-family:&quot;Calibri&quot;,&quot;sans-serif&quot;""><span style=""font-size:12.0pt"">DESCRIPTION (SKILLS REQUIRED AND WHAT JOB ENTAILS) </span></span></span></li>
</ul>

<p>&nbsp;</p>

<ul>
	<li><span style=""font-size:11pt""><span style=""font-family:&quot;Calibri&quot;,&quot;sans-serif&quot;""><span style=""font-size:12.0pt"">TIMING (HOUR(S)):</span></span></span></li>
	<li><span style=""font-size:11pt""><span style=""font-family:&quot;Calibri&quot;,&quot;sans-serif&quot;""><span style=""font-size:12.0pt"">PERFORMANCE (HOW SUCCESSFUL IS PATIENT AT WORK) </span></span></span></li>
</ul>

<p>&nbsp;</p>

<ul>
	<li><span style=""font-size:11pt""><span style=""font-family:&quot;Calibri&quot;,&quot;sans-serif&quot;""><span style=""font-size:12.0pt"">STRESSORS AT WORK AND HOW PATIENT HANDLED THE STRESSORS (OVERLOAD? COLLEAGUES?) </span></span></span></li>
</ul>

<p>&nbsp;</p>

<ul>
	<li><span style=""font-size:11pt""><span style=""font-family:&quot;Calibri&quot;,&quot;sans-serif&quot;""><span style=""font-size:12.0pt"">RELATIONSHIP WITH COWORKER (CORDIAL OR NOT) </span></span></span></li>
</ul>

<p>&nbsp;</p>

<p>&nbsp;</p>

<p><span style=""font-size:11pt""><span style=""font-family:&quot;Calibri&quot;,&quot;sans-serif&quot;""><span style=""font-size:12.0pt"">&nbsp; &nbsp; &nbsp;SUMMARY OF ASSESSMENT OF OCCUPATIONAL FUNCTIONING </span></span></span></p>

<p>&nbsp;</p>

<p><span style=""font-size:11pt""><span style=""font-family:&quot;Calibri&quot;,&quot;sans-serif&quot;""><span style=""font-size:12.0pt"">ASSESSMENT TOOLS USED</span></span></span></p>

<table border=""1"" cellpadding=""1"" cellspacing=""1"" style=""width:500px"">
	<tbody>
		<tr>
			<td colspan=""4"" rowspan=""1""><span style=""font-size:11.0pt""><span style=""font-family:&quot;Calibri&quot;,&quot;sans-serif&quot;"">ADL</span></span></td>
			<td colspan=""4"" rowspan=""1""><span style=""font-size:11.0pt""><span style=""font-family:&quot;Calibri&quot;,&quot;sans-serif&quot;"">SOCIAL SKILLS</span></span></td>
			<td colspan=""4"" rowspan=""1""><span style=""font-size:11.0pt""><span style=""font-family:&quot;Calibri&quot;,&quot;sans-serif&quot;"">PHYSICAL</span></span></td>
		</tr>
		<tr>
			<td>&nbsp;</td>
			<td><span style=""font-size:11.0pt""><span style=""font-family:&quot;Calibri&quot;,&quot;sans-serif&quot;"">Performs</span></span></td>
			<td><span style=""font-size:11.0pt""><span style=""font-family:&quot;Calibri&quot;,&quot;sans-serif&quot;"">Doesn&rsquo;t Perform</span></span></td>
			<td><span style=""font-size:11.0pt""><span style=""font-family:&quot;Calibri&quot;,&quot;sans-serif&quot;"">Remarks</span></span></td>
			<td>&nbsp;</td>
			<td>GOOD</td>
			<td>FAir</td>
			<td>POOR</td>
			<td>&nbsp;</td>
			<td>GOOD</td>
			<td>FAIR</td>
			<td>POOR</td>
		</tr>
		<tr>
			<td><span style=""font-size:11.0pt""><span style=""font-family:&quot;Calibri&quot;,&quot;sans-serif&quot;"">Oral Hygiene</span></span></td>
			<td>&nbsp;</td>
			<td>&nbsp;</td>
			<td>&nbsp;</td>
			<td><span style=""font-size:11.0pt""><span style=""font-family:&quot;Calibri&quot;,&quot;sans-serif&quot;"">General Behavior</span></span></td>
			<td>&nbsp;</td>
			<td>&nbsp;</td>
			<td>&nbsp;</td>
			<td><span style=""font-size:11.0pt""><span style=""font-family:&quot;Calibri&quot;,&quot;sans-serif&quot;"">Balance</span></span></td>
			<td>&nbsp;</td>
			<td>&nbsp;</td>
			<td>&nbsp;</td>
		</tr>
		<tr>
			<td><span style=""font-size:11.0pt""><span style=""font-family:&quot;Calibri&quot;,&quot;sans-serif&quot;"">Dressing</span></span></td>
			<td>&nbsp;</td>
			<td>&nbsp;</td>
			<td>&nbsp;</td>
			<td><span style=""font-size:11.0pt""><span style=""font-family:&quot;Calibri&quot;,&quot;sans-serif&quot;"">Posture</span></span></td>
			<td>&nbsp;</td>
			<td>&nbsp;</td>
			<td>&nbsp;</td>
			<td><span style=""font-size:11.0pt""><span style=""font-family:&quot;Calibri&quot;,&quot;sans-serif&quot;"">Speed</span></span></td>
			<td>&nbsp;</td>
			<td>&nbsp;</td>
			<td>&nbsp;</td>
		</tr>
		<tr>
			<td><span style=""font-size:11.0pt""><span style=""font-family:&quot;Calibri&quot;,&quot;sans-serif&quot;"">Bathing</span></span></td>
			<td>&nbsp;</td>
			<td>&nbsp;</td>
			<td>&nbsp;</td>
			<td><span style=""font-size:11.0pt""><span style=""font-family:&quot;Calibri&quot;,&quot;sans-serif&quot;"">Facial Expression</span></span></td>
			<td>&nbsp;</td>
			<td>&nbsp;</td>
			<td>&nbsp;</td>
			<td><span style=""font-size:11.0pt""><span style=""font-family:&quot;Calibri&quot;,&quot;sans-serif&quot;"">Endurance</span></span></td>
			<td>&nbsp;</td>
			<td>&nbsp;</td>
			<td>&nbsp;</td>
		</tr>
		<tr>
			<td><span style=""font-size:11.0pt""><span style=""font-family:&quot;Calibri&quot;,&quot;sans-serif&quot;"">Grooming</span></span></td>
			<td>&nbsp;</td>
			<td>&nbsp;</td>
			<td>&nbsp;</td>
			<td><span style=""font-size:11.0pt""><span style=""font-family:&quot;Calibri&quot;,&quot;sans-serif&quot;"">Eye contact</span></span></td>
			<td>&nbsp;</td>
			<td>&nbsp;</td>
			<td>&nbsp;</td>
			<td><span style=""font-size:11.0pt""><span style=""font-family:&quot;Calibri&quot;,&quot;sans-serif&quot;"">Coordination</span></span></td>
			<td>&nbsp;</td>
			<td>&nbsp;</td>
			<td>&nbsp;</td>
		</tr>
		<tr>
			<td>&nbsp;</td>
			<td>&nbsp;</td>
			<td>&nbsp;</td>
			<td>&nbsp;</td>
			<td><span style=""font-size:11.0pt""><span style=""font-family:&quot;Calibri&quot;,&quot;sans-serif&quot;"">Attention Seeking</span></span></td>
			<td><span style=""font-size:11.0pt""><span style=""font-family:&quot;Calibri&quot;,&quot;sans-serif&quot;"">Present</span></span></td>
			<td>
			<p><span style=""font-size:11pt""><span style=""font-family:&quot;Calibri&quot;,&quot;sans-serif&quot;"">Absent</span></span></p>
			</td>
			<td>&nbsp;</td>
			<td><span style=""font-size:11.0pt""><span style=""font-family:&quot;Calibri&quot;,&quot;sans-serif&quot;"">Physical Symptoms</span></span></td>
			<td>&nbsp;</td>
			<td>&nbsp;</td>
			<td>&nbsp;</td>
		</tr>
		<tr>
			<td colspan=""4"" rowspan=""1"">&nbsp;</td>
			<td><span style=""font-size:11.0pt""><span style=""font-family:&quot;Calibri&quot;,&quot;sans-serif&quot;"">Hyperactivity</span></span></td>
			<td><span style=""font-size:11.0pt""><span style=""font-family:&quot;Calibri&quot;,&quot;sans-serif&quot;"">Present</span></span></td>
			<td><span style=""font-size:11pt""><span style=""font-family:&quot;Calibri&quot;,&quot;sans-serif&quot;"">Absent</span></span></td>
			<td>&nbsp;</td>
			<td>&nbsp;</td>
			<td>&nbsp;</td>
			<td>&nbsp;</td>
			<td>&nbsp;</td>
		</tr>
		<tr>
			<td colspan=""3"" rowspan=""1""><span style=""font-size:11.0pt""><span style=""font-family:&quot;Calibri&quot;,&quot;sans-serif&quot;"">Communication Skills</span></span></td>
			<td colspan=""3"" rowspan=""1""><span style=""font-size:11.0pt""><span style=""font-family:&quot;Calibri&quot;,&quot;sans-serif&quot;"">Cognitive Skills</span></span></td>
			<td>&nbsp;</td>
			<td colspan=""5"" rowspan=""1""><span style=""font-size:11.0pt""><span style=""font-family:&quot;Calibri&quot;,&quot;sans-serif&quot;"">Emotional</span></span></td>
		</tr>
		<tr>
			<td colspan=""3"" rowspan=""1"">&nbsp;</td>
			<td>GOOD</td>
			<td>FAIR</td>
			<td>POOR</td>
			<td colspan=""2"" rowspan=""1"">&nbsp;</td>
			<td>GOOD</td>
			<td>FAIR</td>
			<td>POOR</td>
			<td><span style=""font-size:11.0pt""><span style=""font-family:&quot;Calibri&quot;,&quot;sans-serif&quot;"">Identification Of Feelings</span></span></td>
		</tr>
		<tr>
			<td><span style=""font-size:11.0pt""><span style=""font-family:&quot;Calibri&quot;,&quot;sans-serif&quot;"">One to one basis</span></span></td>
			<td>&nbsp;</td>
			<td>&nbsp;</td>
			<td>&nbsp;</td>
			<td>&nbsp;</td>
			<td>&nbsp;</td>
			<td>&nbsp;</td>
			<td>&nbsp;</td>
			<td><span style=""font-size:11.0pt""><span style=""font-family:&quot;Calibri&quot;,&quot;sans-serif&quot;"">Orientation</span></span></td>
			<td>&nbsp;</td>
			<td>&nbsp;</td>
			<td><span style=""font-size:11.0pt""><span style=""font-family:&quot;Calibri&quot;,&quot;sans-serif&quot;"">Acceptance of feelings</span></span></td>
		</tr>
		<tr>
			<td><span style=""font-size:11.0pt""><span style=""font-family:&quot;Calibri&quot;,&quot;sans-serif&quot;"">Need based</span></span></td>
			<td>&nbsp;</td>
			<td>&nbsp;</td>
			<td>&nbsp;</td>
			<td>&nbsp;</td>
			<td>&nbsp;</td>
			<td>&nbsp;</td>
			<td>&nbsp;</td>
			<td><span style=""font-size:11.0pt""><span style=""font-family:&quot;Calibri&quot;,&quot;sans-serif&quot;"">Attention/Concentration</span></span></td>
			<td>&nbsp;</td>
			<td>&nbsp;</td>
			<td><span style=""font-size:11.0pt""><span style=""font-family:&quot;Calibri&quot;,&quot;sans-serif&quot;"">Expression of feelings</span></span></td>
		</tr>
		<tr>
			<td><span style=""font-size:11.0pt""><span style=""font-family:&quot;Calibri&quot;,&quot;sans-serif&quot;"">Initiates</span></span></td>
			<td>&nbsp;</td>
			<td>&nbsp;</td>
			<td>&nbsp;</td>
			<td>&nbsp;</td>
			<td>&nbsp;</td>
			<td>&nbsp;</td>
			<td>&nbsp;</td>
			<td><span style=""font-size:11.0pt""><span style=""font-family:&quot;Calibri&quot;,&quot;sans-serif&quot;"">Memory</span></span></td>
			<td>&nbsp;</td>
			<td>&nbsp;</td>
			<td><span style=""font-size:11.0pt""><span style=""font-family:&quot;Calibri&quot;,&quot;sans-serif&quot;"">Anger outburst</span></span></td>
		</tr>
		<tr>
			<td><span style=""font-size:11.0pt""><span style=""font-family:&quot;Calibri&quot;,&quot;sans-serif&quot;"">Small group 3-4</span></span></td>
			<td>&nbsp;</td>
			<td>&nbsp;</td>
			<td>&nbsp;</td>
			<td>&nbsp;</td>
			<td>&nbsp;</td>
			<td>&nbsp;</td>
			<td>&nbsp;</td>
			<td><span style=""font-size:11.0pt""><span style=""font-family:&quot;Calibri&quot;,&quot;sans-serif&quot;"">Problems solving</span></span></td>
			<td>&nbsp;</td>
			<td>&nbsp;</td>
			<td><span style=""font-size:11.0pt""><span style=""font-family:&quot;Calibri&quot;,&quot;sans-serif&quot;"">Self confidence</span></span></td>
		</tr>
		<tr>
			<td><span style=""font-size:11.0pt""><span style=""font-family:&quot;Calibri&quot;,&quot;sans-serif&quot;"">Verbalization</span></span></td>
			<td>&nbsp;</td>
			<td>&nbsp;</td>
			<td>&nbsp;</td>
			<td>&nbsp;</td>
			<td>&nbsp;</td>
			<td>&nbsp;</td>
			<td>&nbsp;</td>
			<td><span style=""font-size:11.0pt""><span style=""font-family:&quot;Calibri&quot;,&quot;sans-serif&quot;"">Frustration Tolerance</span></span></td>
			<td>&nbsp;</td>
			<td>&nbsp;</td>
			<td><span style=""font-size:11.0pt""><span style=""font-family:&quot;Calibri&quot;,&quot;sans-serif&quot;"">Self esteem</span></span></td>
		</tr>
		<tr>
			<td colspan=""6"" rowspan=""1""><span style=""font-size:11.0pt""><span style=""font-family:&quot;Calibri&quot;,&quot;sans-serif&quot;"">Value clarification</span></span></td>
			<td colspan=""3"" rowspan=""1""><span style=""font-size:11.0pt""><span style=""font-family:&quot;Calibri&quot;,&quot;sans-serif&quot;"">Stress management</span></span></td>
			<td colspan=""3"" rowspan=""1""><span style=""font-size:11.0pt""><span style=""font-family:&quot;Calibri&quot;,&quot;sans-serif&quot;"">Work behaviors</span></span></td>
		</tr>
		<tr>
			<td colspan=""3"" rowspan=""1""><span style=""font-size:11.0pt""><span style=""font-family:&quot;Calibri&quot;,&quot;sans-serif&quot;"">Role clarification</span></span></td>
			<td>&nbsp;</td>
			<td>&nbsp;</td>
			<td>&nbsp;</td>
			<td colspan=""2"" rowspan=""1""><span style=""font-size:11.0pt""><span style=""font-family:&quot;Calibri&quot;,&quot;sans-serif&quot;"">Identifies stressors</span></span></td>
			<td>&nbsp;</td>
			<td colspan=""3"" rowspan=""1""><span style=""font-size:11.0pt""><span style=""font-family:&quot;Calibri&quot;,&quot;sans-serif&quot;"">Regularity and punctuality</span></span></td>
		</tr>
		<tr>
			<td><span style=""font-size:11.0pt""><span style=""font-family:&quot;Calibri&quot;,&quot;sans-serif&quot;"">Role performance</span></span></td>
			<td>&nbsp;</td>
		</tr>
	</tbody>
</table>
",OT ASSESSMENT,CLINICAL NOTE
1181,"<p><span style=""font-size:12px""><span style=""font-family:Calibri,sans-serif""><span style=""font-family:&quot;Times New Roman&quot;,serif""><strong>AGE @FIRST ASSESSMENT (hrs/days):</strong>&nbsp; &nbsp; &nbsp; &nbsp; &nbsp; &nbsp; &nbsp; &nbsp; &nbsp; &nbsp; &nbsp; &nbsp; &nbsp; &nbsp; &nbsp; &nbsp; &nbsp; &nbsp;<strong>PLACE OF DELIVERY</strong>:&nbsp; &nbsp; &nbsp; &nbsp; &nbsp; &nbsp; &nbsp; &nbsp; &nbsp; &nbsp; &nbsp; &nbsp; &nbsp;</span></span></span></p>

<h2><span style=""font-size:12px""><strong><span style=""font-family:Calibri,sans-serif""><span style=""font-family:&quot;Times New Roman&quot;,serif"">ANTENATAL</span></span></strong></span></h2>

<p><span style=""font-size:12px""><span style=""font-family:Calibri,sans-serif""><span style=""font-family:&quot;Times New Roman&quot;,serif""><strong>AGE</strong>:&nbsp; &nbsp; &nbsp; &nbsp; &nbsp; &nbsp; &nbsp; &nbsp; &nbsp; &nbsp; &nbsp; &nbsp; &nbsp; &nbsp; &nbsp; &nbsp; &nbsp; &nbsp; &nbsp; &nbsp; &nbsp; &nbsp; &nbsp; &nbsp; &nbsp; &nbsp; &nbsp; &nbsp; &nbsp; &nbsp; &nbsp; &nbsp; &nbsp; &nbsp; &nbsp; &nbsp; &nbsp; &nbsp; &nbsp; &nbsp; &nbsp; &nbsp; &nbsp; &nbsp; &nbsp; &nbsp; <strong>&nbsp;</strong></span></span></span></p>

<ul>
	<li><span style=""font-size:12px""><span style=""font-family:Calibri,sans-serif""><span style=""font-family:&quot;Times New Roman&quot;,serif""><strong>MATERNAL (yrs)</strong>:&nbsp; &nbsp; &nbsp; &nbsp; &nbsp; &nbsp;</span></span></span></li>
	<li><span style=""font-size:12px""><span style=""font-family:Calibri,sans-serif""><span style=""font-family:&quot;Times New Roman&quot;,serif""><strong>PATERNAL (yrs)</strong>:&nbsp;</span></span></span></li>
</ul>

<h2><span style=""font-size:12px""><span style=""font-family:Calibri,sans-serif""><span style=""font-family:&quot;Times New Roman&quot;,serif""><strong>OCCUPATION</strong>:&nbsp; &nbsp; &nbsp; &nbsp; &nbsp; &nbsp; &nbsp; &nbsp; &nbsp; &nbsp; &nbsp; &nbsp; &nbsp; &nbsp; &nbsp; &nbsp; &nbsp; &nbsp; &nbsp; &nbsp; &nbsp; &nbsp; &nbsp; &nbsp; &nbsp; &nbsp; &nbsp; &nbsp; &nbsp; &nbsp; &nbsp; &nbsp; &nbsp; &nbsp; &nbsp; &nbsp; &nbsp; &nbsp;<strong> </strong></span></span></span></h2>

<ul>
	<li><span style=""font-size:12px""><span style=""font-family:Calibri,sans-serif""><span style=""font-family:&quot;Times New Roman&quot;,serif""><strong>&nbsp;MATERNAL</strong>:&nbsp; &nbsp; &nbsp; &nbsp; &nbsp; &nbsp; &nbsp; &nbsp; &nbsp; &nbsp; </span></span></span></li>
	<li><span style=""font-size:12px""><span style=""font-family:Calibri,sans-serif""><span style=""font-family:&quot;Times New Roman&quot;,serif""><strong>PATERNAL</strong>:</span></span></span></li>
</ul>

<p><span style=""font-size:12px""><span style=""font-family:Calibri,sans-serif""><span style=""font-family:&quot;Times New Roman&quot;,serif""><strong>EDUCATIONAL STATUS</strong>:&nbsp; &nbsp; &nbsp; &nbsp; &nbsp; &nbsp; &nbsp; &nbsp; &nbsp; &nbsp; &nbsp; &nbsp; &nbsp; &nbsp; &nbsp; &nbsp; &nbsp; &nbsp; &nbsp; &nbsp; &nbsp; &nbsp; &nbsp; &nbsp; &nbsp; &nbsp; &nbsp; &nbsp; &nbsp; </span></span></span></p>

<ul>
	<li><span style=""font-size:12px""><span style=""font-family:Calibri,sans-serif""><span style=""font-family:&quot;Times New Roman&quot;,serif""><strong>MATERNAL</strong>:&nbsp; &nbsp; &nbsp; &nbsp; &nbsp; &nbsp; &nbsp; &nbsp; &nbsp; &nbsp; &nbsp;</span></span></span></li>
	<li><span style=""font-size:12px""><span style=""font-family:Calibri,sans-serif""><span style=""font-family:&quot;Times New Roman&quot;,serif""><strong>PATERNAL</strong>:</span></span></span></li>
</ul>

<p><span style=""font-size:12px""><span style=""font-family:Calibri,sans-serif""><span style=""font-family:&quot;Times New Roman&quot;,serif""><strong>RELIGION</strong>:&nbsp; </span></span></span></p>

<ul>
	<li><span style=""font-size:12px""><span style=""font-family:Calibri,sans-serif""><span style=""font-family:&quot;Times New Roman&quot;,serif""><strong>MATERNAL</strong>:</span></span></span></li>
	<li><span style=""font-size:12px""><span style=""font-family:Calibri,sans-serif""><span style=""font-family:&quot;Times New Roman&quot;,serif""><strong>PATERNAL</strong>:</span></span></span></li>
</ul>

<p><span style=""font-size:12px""><span style=""font-family:Calibri,sans-serif""><span style=""font-family:&quot;Times New Roman&quot;,serif""><strong>PARITY</strong>:&nbsp; &nbsp; &nbsp; &nbsp; &nbsp; &nbsp; &nbsp; &nbsp; &nbsp; &nbsp; &nbsp; <strong>GRAVIDITY</strong>:</span></span></span></p>

<p><span style=""font-size:12px""><span style=""font-family:Calibri,sans-serif""><span style=""font-family:&quot;Times New Roman&quot;,serif"">PREVIOUS PRETERM DELIVERY (Yes/No): &nbsp; &nbsp; &nbsp; &nbsp; &nbsp; &nbsp; &nbsp;&nbsp; &nbsp; &nbsp; If yes, state year/weight/gestational age:&nbsp; &nbsp; &nbsp; &nbsp;/&nbsp; &nbsp; &nbsp; &nbsp; &nbsp; kg/&nbsp; &nbsp; &nbsp; &nbsp; &nbsp; &nbsp; &nbsp;weeks</span></span></span></p>

<p><span style=""font-size:12px""><span style=""font-family:Calibri,sans-serif""><span style=""font-family:&quot;Times New Roman&quot;,serif"">PREVIOUS LOW BIRTH WEIGHT (yes /no): &nbsp; &nbsp; &nbsp; &nbsp; &nbsp; &nbsp; &nbsp; &nbsp; &nbsp; &nbsp;&nbsp; If yes, state year/weight:&nbsp; &nbsp; &nbsp; &nbsp; &nbsp; &nbsp; &nbsp;/&nbsp; &nbsp; &nbsp; &nbsp; &nbsp; &nbsp; &nbsp; kg</span></span></span></p>

<p><span style=""font-size:12px""><span style=""font-family:Calibri,sans-serif""><span style=""font-family:&quot;Times New Roman&quot;,serif"">PREVIOUS FOETAL DEATHS (yes/no): &nbsp; &nbsp; &nbsp; &nbsp; &nbsp; &nbsp; &nbsp; &nbsp; &nbsp; &nbsp;&nbsp; If yes, state year/gestational age:&nbsp; &nbsp; &nbsp; &nbsp; &nbsp; &nbsp; &nbsp; /&nbsp; &nbsp; &nbsp; &nbsp; &nbsp; &nbsp; &nbsp; Weeks</span></span></span></p>

<p><span style=""font-size:12px""><span style=""font-family:Calibri,sans-serif""><span style=""font-family:&quot;Times New Roman&quot;,serif"">PREVIOUS NEONATAL DEATHS (yes/no): &nbsp; &nbsp; &nbsp; &nbsp; &nbsp; &nbsp; &nbsp; &nbsp; &nbsp; &nbsp; &nbsp; If yes, state year/age:&nbsp; &nbsp; &nbsp; &nbsp; &nbsp; &nbsp; &nbsp; /&nbsp; &nbsp; &nbsp; &nbsp; &nbsp; &nbsp;days</span></span></span></p>

<p><span style=""font-size:12px""><span style=""font-family:Calibri,sans-serif""><span style=""font-family:&quot;Times New Roman&quot;,serif"">MATERNAL HIV STATUS (positive negative indeterminate unknown):</span></span></span></p>

<p><span style=""font-size:12px""><span style=""font-family:Calibri,sans-serif""><span style=""font-family:&quot;Times New Roman&quot;,serif"">PLACES OF ANC:</span></span></span></p>

<p><span style=""font-size:12px""><span style=""font-family:Calibri,sans-serif""><span style=""font-family:&quot;Times New Roman&quot;,serif"">NUMBER OF ANC VISITS:&nbsp; &nbsp; &nbsp; &nbsp; &nbsp; &nbsp; &nbsp; &nbsp; &nbsp; &nbsp; &nbsp; &nbsp; &nbsp; &nbsp; &nbsp; &nbsp; &nbsp; MATERNAL BLOOD GROUP A B AB O Rh+ve Rh-ve</span></span></span></p>

<p><span style=""font-size:12px""><span style=""font-family:Calibri,sans-serif""><span style=""font-family:&quot;Times New Roman&quot;,serif"">HEMOGLOBIN GENOTYPE&nbsp; &nbsp; &nbsp; &nbsp;AA&nbsp; &nbsp; &nbsp;AS&nbsp; &nbsp; &nbsp;SS&nbsp; &nbsp; &nbsp;SC&nbsp; &nbsp; &nbsp; AC&nbsp; &nbsp; &nbsp;OTHERS (SPECIFY) &hellip;..............</span></span></span></p>

<p><span style=""font-size:12px""><span style=""font-family:Calibri,sans-serif""><span style=""font-family:&quot;Times New Roman&quot;,serif"">ANTENATAL PROBLEMS:</span></span></span></p>

<p><span style=""font-size:12px""><span style=""font-family:Calibri,sans-serif""><span style=""font-family:&quot;Times New Roman&quot;,serif"">MATERNAL MEDICATIONS: number of tetanus toxoid doses&nbsp; &nbsp; &nbsp; &nbsp; &nbsp; &nbsp; &nbsp; &nbsp; &nbsp; &nbsp; other medications&nbsp;</span></span></span></p>

<p><span style=""font-size:12px""><span style=""font-family:Calibri,sans-serif""><span style=""font-family:&quot;Times New Roman&quot;,serif"">&hellip;.....................................................................................................................................................................................................................................</span></span></span></p>

<p><span style=""font-size:12px""><span style=""font-family:Calibri,sans-serif""><span style=""font-family:&quot;Times New Roman&quot;,serif"">PERINATAL</span></span></span></p>

<p><span style=""font-size:12px""><span style=""font-family:Calibri,sans-serif""><span style=""font-family:&quot;Times New Roman&quot;,serif"">FOETAL PRESENTATION:&nbsp; &nbsp; &nbsp; &nbsp; &nbsp; &nbsp; &nbsp; &nbsp; &nbsp; &nbsp; MODE OF DELIVERY:&nbsp; &nbsp; &nbsp; &nbsp; &nbsp; &nbsp; &nbsp; &nbsp; &nbsp; &nbsp; &nbsp; &nbsp;DURATION OF LABOUR&nbsp; &nbsp; &nbsp; &nbsp; &nbsp; &nbsp; &nbsp; &nbsp; &nbsp; (HRS)</span></span></span></p>

<p><span style=""font-size:12px""><span style=""font-family:Calibri,sans-serif""><span style=""font-family:&quot;Times New Roman&quot;,serif"">NUMBER OF BABIES:</span></span></span></p>

<p><span style=""font-size:12px""><span style=""font-family:Calibri,sans-serif""><span style=""font-family:&quot;Times New Roman&quot;,serif"">GA (LMP):&nbsp; &nbsp; &nbsp; &nbsp; &nbsp; &nbsp; &nbsp; &nbsp; WEEKS GA (USS):&nbsp; &nbsp; &nbsp; &nbsp; &nbsp; &nbsp; &nbsp; &nbsp; &nbsp;WEEKS GA CLINICAL (METHOD):&nbsp; &nbsp; &nbsp; &nbsp; &nbsp; &nbsp; &nbsp; &nbsp; &nbsp; &nbsp;WEEKS (.&nbsp; &nbsp; )</span></span></span></p>

<p><span style=""font-size:12px""><span style=""font-family:Calibri,sans-serif""><span style=""font-family:&quot;Times New Roman&quot;,serif"">FOETAL DISTRESS:&nbsp; &nbsp; &nbsp; &nbsp; &nbsp; &nbsp; &nbsp; &nbsp; &nbsp; &nbsp; &nbsp; &nbsp; &nbsp; &nbsp; PROM: YES NO IF YES, DURATION:&nbsp; &nbsp; &nbsp; &nbsp; (HRS)</span></span></span></p>

<p><span style=""font-size:12px""><span style=""font-family:Calibri,sans-serif""><span style=""font-family:&quot;Times New Roman&quot;,serif"">Please if space provided is inadequate, fill in extra details overleaf.</span></span></span></p>

<p><span style=""font-size:12px""><span style=""font-family:Calibri,sans-serif""><span style=""font-family:&quot;Times New Roman&quot;,serif"">PPP: YES NO APH: YES NO STATE OF LIQUOR:</span></span></span></p>

<p><span style=""font-size:12px""><span style=""font-family:Calibri,sans-serif""><span style=""font-family:&quot;Times New Roman&quot;,serif"">MATERNAL HYPERTENSION: YES NO MATERNAL DIABETES: YES NO STATE OF PLACENTA:</span></span></span></p>

<p><span style=""font-size:12px""><span style=""font-family:Calibri,sans-serif""><span style=""font-family:&quot;Times New Roman&quot;,serif"">APGAR SCORES: &hellip;............... in 1 min, &hellip;.............. in 5mins, .................. in 10mins &hellip;................ in 15mins, &hellip;............. in 20 mins</span></span></span></p>

<p><span style=""font-size:12px""><span style=""font-family:Calibri,sans-serif""><span style=""font-family:&quot;Times New Roman&quot;,serif"">INTRAPARTUM MEDICATIONS:</span></span></span></p>

<p><span style=""font-size:12px""><span style=""font-family:Calibri,sans-serif""><span style=""font-family:&quot;Times New Roman&quot;,serif"">OTHER PERINATAL PROBLEMS (including resuscitation): </span></span></span></p>

<p><span style=""font-size:12px""><span style=""font-family:Calibri,sans-serif""><span style=""font-family:&quot;Times New Roman&quot;,serif"">HISTORY (please fill in duration of symptoms present)</span></span></span></p>

<p><span style=""font-size:12px""><span style=""font-family:Calibri,sans-serif""><span style=""font-family:&quot;Times New Roman&quot;,serif"">ACTIVITY increased reduced:&nbsp; &nbsp; &nbsp; &nbsp; &nbsp; &nbsp; &nbsp; &nbsp; &nbsp; &nbsp; &nbsp; &nbsp; &nbsp; &nbsp; &nbsp; VOMITING:&nbsp; &nbsp; &nbsp; &nbsp; &nbsp; &nbsp; &nbsp; &nbsp; &nbsp; &nbsp; &nbsp; &nbsp; &nbsp; &nbsp; &nbsp; &nbsp;FEVER:</span></span></span></p>

<p><span style=""font-size:12px""><span style=""font-family:Calibri,sans-serif""><span style=""font-family:&quot;Times New Roman&quot;,serif"">URINARY SYMPTOMS:&nbsp; &nbsp; &nbsp; &nbsp; &nbsp; &nbsp; &nbsp; &nbsp; &nbsp; &nbsp; &nbsp; &nbsp; &nbsp; JAUNDICE:&nbsp; &nbsp; &nbsp; &nbsp; &nbsp; &nbsp; &nbsp; &nbsp; &nbsp; &nbsp; &nbsp; &nbsp; &nbsp; &nbsp;CYANOSIS:&nbsp;</span></span></span></p>

<p><span style=""font-size:12px""><span style=""font-family:Calibri,sans-serif""><span style=""font-family:&quot;Times New Roman&quot;,serif"">PALOR:&nbsp; &nbsp; &nbsp; &nbsp; &nbsp; &nbsp;EYE DISCHARGE:&nbsp; &nbsp; &nbsp; &nbsp; &nbsp; &nbsp;RASH (specify type/site):&nbsp; &nbsp; &nbsp; &nbsp; &nbsp; EXCESSIVE CRY:&nbsp; &nbsp; &nbsp; &nbsp; &nbsp; POOR SUCK:&nbsp; &nbsp; &nbsp; &nbsp; &nbsp; &nbsp;SWELLING (specify site):&nbsp;</span></span></span></p>

<p><span style=""font-size:12px""><span style=""font-family:Calibri,sans-serif""><span style=""font-family:&quot;Times New Roman&quot;,serif"">RESPIRATORY DISTRESS:&nbsp; &nbsp; &nbsp; &nbsp; &nbsp; &nbsp; &nbsp; &nbsp; &nbsp; SEIZURES/ABNORMAL MOVEMENT(specify type)..................................................................</span></span></span></p>

<p><span style=""font-size:12px""><span style=""font-family:Calibri,sans-serif""><span style=""font-family:&quot;Times New Roman&quot;,serif"">TRAUMA (specify)............................................................................... BLEEDING (specify site).................................................................................</span></span></span></p>

<p><span style=""font-size:12px""><span style=""font-family:Calibri,sans-serif""><span style=""font-family:&quot;Times New Roman&quot;,serif"">OTHERS &hellip;.......................................................................................................................................................................................................................</span></span></span></p>

<p><span style=""font-size:12px""><span style=""font-family:Calibri,sans-serif""><span style=""font-family:&quot;Times New Roman&quot;,serif"">&hellip;....................................................................................................................................................................................................................................</span></span></span></p>

<p><span style=""font-size:12px""><span style=""font-family:Calibri,sans-serif""><span style=""font-family:&quot;Times New Roman&quot;,serif"">PHYSICAL EXAMINATION:</span></span></span></p>

<p><span style=""font-size:12px""><span style=""font-family:Calibri,sans-serif""><span style=""font-family:&quot;Times New Roman&quot;,serif"">Weight&hellip;&hellip;&hellip;&hellip;......Kg OFC&hellip;&hellip;........&hellip;cm Length&hellip;&hellip;&hellip;.......cm Chest circumference&hellip;............cm Skin fold thickness...............mm</span></span></span></p>

<p><span style=""font-size:12px""><span style=""font-family:Calibri,sans-serif""><span style=""font-family:&quot;Times New Roman&quot;,serif"">General Appearance&hellip;&hellip;&hellip;&hellip;&hellip;&hellip;&hellip;&hellip;&hellip;&hellip;&hellip;&hellip;&hellip;&hellip;&hellip;&hellip;&hellip;&hellip;&hellip;&hellip;&hellip;&hellip;&hellip;&hellip;&hellip;&hellip;&hellip;&hellip;&hellip;&hellip;&hellip;&hellip;&hellip;&hellip;&hellip;&hellip;.............................................................................................&hellip;</span></span></span></p>

<p><span style=""font-size:12px""><span style=""font-family:Calibri,sans-serif""><span style=""font-family:&quot;Times New Roman&quot;,serif"">Skin: Colour&hellip;&hellip;&hellip;&hellip;&hellip;&hellip;&hellip;&hellip;&hellip;&hellip;&hellip;&hellip;&hellip; Capillary refill time.....................secs Rashes/ Naevi&hellip;&hellip;&hellip;&hellip;&hellip;&hellip;&hellip;&hellip;&hellip;&hellip;&hellip;&hellip;&hellip;&hellip;&hellip;&hellip;........................</span></span></span></p>

<p><span style=""font-size:12px""><span style=""font-family:Calibri,sans-serif""><span style=""font-family:&quot;Times New Roman&quot;,serif"">Head &hellip;&hellip;&hellip;&hellip;&hellip;&hellip;&hellip;&hellip;&hellip;&hellip;&hellip;&hellip;&hellip;&hellip;&hellip;&hellip;&hellip;&hellip;&hellip;&hellip;&hellip;&hellip;&hellip;&hellip;&hellip;&hellip;&hellip;&hellip;&hellip;&hellip;&hellip;&hellip;&hellip;&hellip;&hellip; Fontanelles.........................&hellip;&hellip;&hellip;&hellip;&hellip;&hellip;&hellip;&hellip;&hellip;&hellip;&hellip;&hellip;&hellip;&hellip;&hellip;&hellip;&hellip;&hellip;&hellip;&hellip;&hellip;&hellip;&hellip;.</span></span></span></p>

<p><span style=""font-size:12px""><span style=""font-family:Calibri,sans-serif""><span style=""font-family:&quot;Times New Roman&quot;,serif"">Face............................................................................................................. Ears&hellip;&hellip;&hellip;....&hellip;&hellip;&hellip;&hellip;&hellip;&hellip;&hellip;&hellip;&hellip;&hellip;&hellip;&hellip;&hellip;&hellip;&hellip;&hellip;&hellip;&hellip;&hellip;&hellip;&hellip;&hellip;&hellip;&hellip;&hellip;&hellip;</span></span></span></p>

<p><span style=""font-size:12px""><span style=""font-family:Calibri,sans-serif""><span style=""font-family:&quot;Times New Roman&quot;,serif"">Eyes&hellip;&hellip;&hellip;&hellip;&hellip;&hellip;&hellip;&hellip;&hellip;&hellip;&hellip;&hellip;&hellip;&hellip;&hellip;&hellip;&hellip;&hellip;&hellip;&hellip;&hellip;&hellip;&hellip;&hellip;&hellip;&hellip;&hellip;&hellip;&hellip;&hellip;&hellip;&hellip;&hellip;&hellip;&hellip;&hellip;.......... Red reflex: Left present absent Right present absent</span></span></span></p>

<p><span style=""font-size:12px""><span style=""font-family:Calibri,sans-serif""><span style=""font-family:&quot;Times New Roman&quot;,serif"">Nose&hellip;&hellip;&hellip;&hellip;&hellip;&hellip;&hellip;&hellip;&hellip;&hellip;&hellip;&hellip;&hellip;&hellip;&hellip;..................................&hellip;&hellip;&hellip;&hellip;&hellip;&hellip; Mouth&hellip;&hellip;&hellip;&hellip;&hellip;..........................................&hellip;&hellip;&hellip;&hellip;&hellip;&hellip;&hellip;&hellip;&hellip;&hellip;&hellip;&hellip;&hellip;&hellip;&hellip;&hellip;&hellip;&hellip;&hellip;</span></span></span></p>

<p><span style=""font-size:12px""><span style=""font-family:Calibri,sans-serif""><span style=""font-family:&quot;Times New Roman&quot;,serif"">Chest (appearance)&hellip;&hellip;&hellip;&hellip;&hellip;&hellip;&hellip;&hellip;&hellip;.......................&hellip;&hellip;..... Resp Rate&hellip;&hellip;&hellip;............&hellip;&hellip;&hellip;../min Breath Sounds&hellip;&hellip;&hellip;&hellip;&hellip;&hellip;...................&hellip;&hellip;&hellip;</span></span></span></p>

<p><span style=""font-size:12px""><span style=""font-family:Calibri,sans-serif""><span style=""font-family:&quot;Times New Roman&quot;,serif"">Abdomen (Appearance)&hellip;&hellip;&hellip;&hellip;&hellip;&hellip;&hellip;&hellip;&hellip;&hellip;........................................................ Umbilicus&hellip;&hellip;&hellip;&hellip;&hellip;&hellip;&hellip;&hellip;.......................................................&hellip;.</span></span></span></p>

<p><span style=""font-size:12px""><span style=""font-family:Calibri,sans-serif""><span style=""font-family:&quot;Times New Roman&quot;,serif"">Abdominal organs........................................................................................................................................................................&hellip;&hellip;&hellip;&hellip;&hellip;&hellip;&hellip;&hellip;&hellip;&hellip;&hellip;&hellip;..</span></span></span></p>

<p><span style=""font-size:12px""><span style=""font-family:Calibri,sans-serif""><span style=""font-family:&quot;Times New Roman&quot;,serif"">Anus&hellip;&hellip;&hellip;&hellip;&hellip;&hellip;&hellip;&hellip;&hellip;&hellip;&hellip;&hellip;&hellip;&hellip;&hellip;&hellip;...&hellip;&hellip;&hellip;&hellip;&hellip;&hellip;&hellip;....... External genitalia&hellip;&hellip;&hellip;&hellip;&hellip;&hellip;&hellip;&hellip;.&hellip;&hellip;..&hellip;&hellip;&hellip;&hellip;&hellip;&hellip;.....................................................&hellip;&hellip;&hellip;&hellip;&hellip;&hellip;</span></span></span></p>

<p><span style=""font-size:12px""><span style=""font-family:Calibri,sans-serif""><span style=""font-family:&quot;Times New Roman&quot;,serif"">Testes: Left&hellip;&hellip;&hellip;&hellip;&hellip;&hellip;&hellip;&hellip;&hellip;&hellip;&hellip;&hellip;&hellip;&hellip;&hellip;&hellip;&hellip;&hellip;&hellip;&hellip;. Right&hellip;&hellip;&hellip;&hellip;&hellip;&hellip;&hellip;&hellip;&hellip;&hellip;&hellip;&hellip;&hellip;&hellip;&hellip;&hellip;&hellip;&hellip;&hellip;&hellip;&hellip;&hellip;&hellip;&hellip;&hellip;&hellip;&hellip;...</span></span></span></p>

<p><span style=""font-size:12px""><span style=""font-family:Calibri,sans-serif""><span style=""font-family:&quot;Times New Roman&quot;,serif"">Heart Rate&hellip;&hellip;&hellip;.......&hellip;/min Pulse: regularity......................... &hellip;.....................volume, synchronicity........................................................</span></span></span></p>

<p><span style=""font-size:12px""><span style=""font-family:Calibri,sans-serif""><span style=""font-family:&quot;Times New Roman&quot;,serif"">Heart Sounds&hellip;&hellip;&hellip;&hellip;&hellip;&hellip;&hellip;&hellip;...............................&hellip;..... mummurs..............................................................................................................</span></span></span></p>

<p><span style=""font-size:12px""><span style=""font-family:Calibri,sans-serif""><span style=""font-family:&quot;Times New Roman&quot;,serif"">State of consciousness........................................................ Posture........................................... Abnormal movements...............................</span></span></span></p>

<p><span style=""font-size:12px""><span style=""font-family:Calibri,sans-serif""><span style=""font-family:&quot;Times New Roman&quot;,serif"">Tone&hellip;&hellip;&hellip;&hellip;&hellip;&hellip;&hellip;&hellip;&hellip;&hellip;&hellip;&hellip;................. Moro&hellip;&hellip;&hellip;&hellip;&hellip;&hellip;&hellip;&hellip;&hellip;&hellip;&hellip;........&hellip;... Grasp&hellip;&hellip;&hellip;&hellip;&hellip;........&hellip;&hellip;&hellip; Suck&hellip;&hellip;&hellip;&hellip;&hellip;&hellip;&hellip;&hellip;&hellip;&hellip;&hellip;&hellip;.</span></span></span></p>

<p><span style=""font-size:12px""><span style=""font-family:Calibri,sans-serif""><span style=""font-family:&quot;Times New Roman&quot;,serif"">Please if space provided is inadequate, fill in extra details overleaf.</span></span></span></p>

<p><span style=""font-size:12px""><span style=""font-family:Calibri,sans-serif""><span style=""font-family:&quot;Times New Roman&quot;,serif"">Other Nervous System signs..............&hellip;&hellip;&hellip;&hellip;.........................................................&hellip;&hellip;&hellip;&hellip;&hellip;&hellip;&hellip;&hellip;&hellip;&hellip;&hellip;&hellip;&hellip;&hellip;&hellip;&hellip;&hellip;&hellip;&hellip;&hellip;&hellip;&hellip;&hellip;&hellip;&hellip;&hellip;&hellip;&hellip;&hellip;&hellip;&hellip;&hellip;&hellip;&hellip;&hellip;&hellip;&hellip;.&hellip;</span></span></span></p>

<p><span style=""font-size:12px""><span style=""font-family:Calibri,sans-serif""><span style=""font-family:&quot;Times New Roman&quot;,serif"">Trunk/ Spine&hellip;&hellip;&hellip;&hellip;&hellip;&hellip;&hellip;&hellip;&hellip;&hellip;&hellip;&hellip;&hellip;&hellip;&hellip;&hellip;&hellip;&hellip;&hellip;&hellip;&hellip;&hellip;&hellip;&hellip;............................................................&hellip;&hellip;&hellip;&hellip;&hellip;&hellip;&hellip;&hellip;&hellip;&hellip;&hellip;&hellip;&hellip;&hellip;&hellip;&hellip;&hellip;&hellip;&hellip;&hellip;&hellip;&hellip;&hellip;&hellip;&hellip;&hellip;&hellip;&hellip;&hellip;&hellip;&hellip;.</span></span></span></p>

<p><span style=""font-size:12px""><span style=""font-family:Calibri,sans-serif""><span style=""font-family:&quot;Times New Roman&quot;,serif"">Hips Left:&hellip;&hellip;&hellip;&hellip;&hellip;..........................&hellip;&hellip;&hellip;&hellip;&hellip;.. Right:&hellip;&hellip;&hellip;&hellip;&hellip;&hellip;&hellip;......&hellip;&hellip;&hellip;&hellip;&hellip;&hellip;&hellip;&hellip;&hellip;&hellip;&hellip;&hellip;</span></span></span></p>

<p><span style=""font-size:12px""><span style=""font-family:Calibri,sans-serif""><span style=""font-family:&quot;Times New Roman&quot;,serif"">ASSESSMENT</span></span></span></p>

<p><span style=""font-size:12px""><span style=""font-family:Calibri,sans-serif""><span style=""font-family:&quot;Times New Roman&quot;,serif"">CLASSIFICATION Weight HBW NBW LBW VLBW ELBW Gestational age preterm term post-term Weight for GA AGA SGA LGA</span></span></span></p>

<p><span style=""font-size:12px""><span style=""font-family:Calibri,sans-serif""><span style=""font-family:&quot;Times New Roman&quot;,serif"">DISEASE/PATHOLOGY................................................ &hellip;.................................................. &hellip;............................................. &hellip;............................</span></span></span></p>

<p><span style=""font-size:12px""><span style=""font-family:Calibri,sans-serif""><span style=""font-family:&quot;Times New Roman&quot;,serif"">PROBLEMS &hellip;&hellip;&hellip;&hellip;&hellip;&hellip;&hellip;&hellip;&hellip;................&hellip; &hellip;&hellip;&hellip;&hellip;&hellip;.....................&hellip;&hellip;&hellip;&hellip;&hellip;&hellip;&hellip;. &hellip;&hellip;&hellip;&hellip;......................&hellip;&hellip;&hellip;&hellip;&hellip;&hellip;&hellip;. &hellip;.......................................</span></span></span></p>

<p><span style=""font-size:12px""><span style=""font-family:Calibri,sans-serif""><span style=""font-family:&quot;Times New Roman&quot;,serif"">ANTICIPATED PROBLEMS &hellip;&hellip;&hellip;&hellip;&hellip;&hellip;&hellip;&hellip;&hellip;&hellip;&hellip;.....&hellip;.. &hellip;&hellip;&hellip;&hellip;&hellip;&hellip;&hellip;&hellip;................&hellip;&hellip;&hellip; &hellip;&hellip;&hellip;&hellip;&hellip;&hellip;&hellip;&hellip;&hellip;&hellip;&hellip;&hellip;&hellip;....&hellip;. &hellip;.....................................</span></span></span></p>

<p><span style=""font-size:12px""><span style=""font-family:Calibri,sans-serif""><span style=""font-family:&quot;Times New Roman&quot;,serif"">INVESTIGATIONS</span></span></span></p>

<p><span style=""font-size:12px""><span style=""font-family:Calibri,sans-serif""><span style=""font-family:&quot;Times New Roman&quot;,serif"">URINE:........................................ &hellip;............................................... &hellip;.......................................... &hellip;............................................ &hellip;......................</span></span></span></p>

<p><span style=""font-size:12px""><span style=""font-family:Calibri,sans-serif""><span style=""font-family:&quot;Times New Roman&quot;,serif"">BLOOD:..................................... &hellip;.................................................. &hellip;............................................. &hellip;..................................... &hellip;........................</span></span></span></p>

<p><span style=""font-size:12px""><span style=""font-family:Calibri,sans-serif""><span style=""font-family:&quot;Times New Roman&quot;,serif"">CSF:.................................... &hellip;.................................... &hellip;........................................ &hellip;...................................... &hellip;.............................................</span></span></span></p>

<p><span style=""font-size:12px""><span style=""font-family:Calibri,sans-serif""><span style=""font-family:&quot;Times New Roman&quot;,serif"">SWABS:..................................... &hellip;........................................ &hellip;.......................................... &hellip;....................................... &hellip;....................................</span></span></span></p>

<p><span style=""font-size:12px""><span style=""font-family:Calibri,sans-serif""><span style=""font-family:&quot;Times New Roman&quot;,serif"">RADIOLOGY:.................................... &hellip;.............................................. &hellip;......................................... &hellip;..................................... &hellip;..........................</span></span></span></p>

<p><span style=""font-size:12px""><span style=""font-family:Calibri,sans-serif""><span style=""font-family:&quot;Times New Roman&quot;,serif"">OTHERS:.................................. &hellip;....................................... &hellip;....................................... &hellip;.............</span></span></span></p>
",NEONATAL UNIT CLERKING-IN FORM,Review Of System
1281,"<p>SFH:</p>

<p>LIE:</p>

<p>PRESENTATION:</p>

<p>FITER HEART:</p>
",ANC EXAMINATION NOTE,Physical Examination SUmmary
1362,"<p>&nbsp;</p>

<p style=""text-align:center""><span style=""font-size:11pt""><span style=""font-family:Calibri,sans-serif""><strong>PSYCHOTHERAPY REPORT</strong></span></span></p>

<p style=""text-align:center"">&nbsp;</p>
",Psychotherapy Note,CLINICAL NOTE
1403,"<p style=""text-align:center"">Special Education Follow Up</p>

<p>Therapist In Charge:</p>
",Special Education Follow Up,CLINICAL NOTE
1402,"<p style=""text-align:center""><span style=""font-size:16px"">Speech Therapy Follow Up</span></p>

<p>Therapist In charge:&nbsp;</p>
",Speech Therapy Follow UP,CLINICAL NOTE
1423,"<p style=""text-align:center""><span style=""font-size:11pt""><span style=""font-family:Calibri,sans-serif""><strong><span style=""font-size:14.0pt"">Suicidal Caution Chart</span></strong></span></span></p>

<p>&nbsp;</p>

<table border=""1"" cellpadding=""1"" cellspacing=""1"" style=""width:500px"">
	<tbody>
		<tr>
			<td>DATE</td>
			<td>TIME</td>
			<td>NURSE TAKING OVER</td>
			<td>DATE</td>
			<td>TIME</td>
			<td>NURSE HANDING OVER</td>
			<td>REMARKS</td>
		</tr>
		<tr>
			<td>&nbsp;</td>
			<td>&nbsp;</td>
			<td>&nbsp;</td>
			<td>&nbsp;</td>
			<td>&nbsp;</td>
			<td>&nbsp;</td>
			<td>&nbsp;</td>
		</tr>
	</tbody>
</table>

<p>&nbsp;</p>
",NUR-SUICIDAL CAUTION CHART,CLINICAL NOTE
1467,"<p style=""text-align:center""><span style=""font-size:11pt""><span style=""font-family:&quot;Calibri&quot;,&quot;sans-serif&quot;""><strong><em><span style=""font-size:12.0pt""><span style=""font-family:&quot;Times New Roman&quot;,&quot;serif&quot;"">&nbsp;NUTRITION AND DIETETICS CARE TEMPLATE</span></span></em></strong></span></span></p>

<p>&nbsp;</p>

<p style=""text-align:center"">&nbsp;</p>

<table cellspacing=""0"" class=""MsoTableGrid"" style=""border-collapse:collapse; border:none"">
	<tbody>
		<tr>
			<td colspan=""2"" style=""border-bottom:1px solid black; border-left:1px solid black; border-right:1px solid black; border-top:1px solid black; vertical-align:top; width:568px"">
			<p><span style=""font-size:11pt""><span style=""font-family:&quot;Calibri&quot;,&quot;sans-serif&quot;""><strong><span style=""font-size:12.0pt"">NUTRITIONAL ASSESSMENT</span></strong></span></span></p>
			</td>
		</tr>
		<tr>
			<td style=""border-bottom:1px solid black; border-left:1px solid black; border-right:1px solid black; border-top:none; vertical-align:top; width:215px"">
			<p><span style=""font-size:11pt""><span style=""font-family:&quot;Calibri&quot;,&quot;sans-serif&quot;""><strong><em><span style=""font-size:14.0pt"">Client History</span></em></strong></span></span></p>

			<p><span style=""font-size:11pt""><span style=""font-family:&quot;Calibri&quot;,&quot;sans-serif&quot;""><strong><em><span style=""font-size:12.0pt"">Name;</span></em></strong></span></span></p>

			<p><span style=""font-size:11pt""><span style=""font-family:&quot;Calibri&quot;,&quot;sans-serif&quot;""><strong><em><span style=""font-size:12.0pt"">Age;</span></em></strong></span></span></p>

			<p><span style=""font-size:11pt""><span style=""font-family:&quot;Calibri&quot;,&quot;sans-serif&quot;""><strong><em><span style=""font-size:12.0pt"">Sex;</span></em></strong></span></span></p>

			<p><span style=""font-size:11pt""><span style=""font-family:&quot;Calibri&quot;,&quot;sans-serif&quot;""><strong><em><span style=""font-size:12.0pt"">Address;</span></em></strong></span></span></p>

			<p><span style=""font-size:11pt""><span style=""font-family:&quot;Calibri&quot;,&quot;sans-serif&quot;""><strong><em><span style=""font-size:12.0pt"">Religion;</span></em></strong></span></span></p>

			<p><span style=""font-size:11pt""><span style=""font-family:&quot;Calibri&quot;,&quot;sans-serif&quot;""><strong><em><span style=""font-size:12.0pt"">Occupation;</span></em></strong></span></span></p>

			<p><span style=""font-size:11pt""><span style=""font-family:&quot;Calibri&quot;,&quot;sans-serif&quot;""><strong><em><span style=""font-size:12.0pt"">Marital status;</span></em></strong></span></span></p>

			<p><span style=""font-size:11pt""><span style=""font-family:&quot;Calibri&quot;,&quot;sans-serif&quot;""><strong><em><span style=""font-size:12.0pt"">Referring Doctor/Consultant;</span></em></strong></span></span></p>

			<p><span style=""font-size:11pt""><span style=""font-family:&quot;Calibri&quot;,&quot;sans-serif&quot;""><strong><em><span style=""font-size:12.0pt"">Presenting complain;</span></em></strong></span></span></p>

			<p>&nbsp;</p>

			<p>&nbsp;</p>

			<p><span style=""font-size:11pt""><span style=""font-family:&quot;Calibri&quot;,&quot;sans-serif&quot;""><strong><em><span style=""font-size:12.0pt"">History of presenting complain;</span></em></strong></span></span></p>

			<p>&nbsp;</p>

			<p>&nbsp;</p>

			<p>&nbsp;</p>

			<p><span style=""font-size:11pt""><span style=""font-family:&quot;Calibri&quot;,&quot;sans-serif&quot;""><strong><em><span style=""font-size:12.0pt"">Family and Social History;</span></em></strong></span></span></p>

			<p>&nbsp;</p>

			<p>&nbsp;</p>

			<p>&nbsp;</p>

			<p>&nbsp;</p>

			<p><span style=""font-size:11pt""><span style=""font-family:&quot;Calibri&quot;,&quot;sans-serif&quot;""><strong><em><span style=""font-size:12.0pt"">Food Allergy;</span></em></strong></span></span></p>

			<p>&nbsp;</p>

			<p>&nbsp;</p>

			<p>&nbsp;</p>
			</td>
			<td style=""border-bottom:1px solid black; border-left:none; border-right:1px solid black; border-top:none; vertical-align:top; width:353px"">
			<p>&nbsp;</p>
			</td>
		</tr>
		<tr>
			<td style=""border-bottom:1px solid black; border-left:1px solid black; border-right:1px solid black; border-top:none; vertical-align:top; width:215px"">
			<p><span style=""font-size:11pt""><span style=""font-family:&quot;Calibri&quot;,&quot;sans-serif&quot;""><strong><em><span style=""font-size:14.0pt"">Diet History;</span></em></strong></span></span></p>

			<p>&nbsp;</p>

			<p>&nbsp;</p>

			<p><span style=""font-size:11pt""><span style=""font-family:&quot;Calibri&quot;,&quot;sans-serif&quot;""><strong><em><span style=""font-size:14.0pt"">24Hr Dietary Recall;</span></em></strong></span></span></p>

			<p>&nbsp;</p>

			<p>&nbsp;</p>

			<p>&nbsp;</p>

			<p>&nbsp;</p>

			<p style=""text-align:center"">&nbsp;</p>
			</td>
			<td style=""border-bottom:1px solid black; border-left:none; border-right:1px solid black; border-top:none; vertical-align:top; width:353px"">
			<p style=""margin-left:48px"">&nbsp;</p>
			</td>
		</tr>
		<tr>
			<td style=""border-bottom:1px solid black; border-left:1px solid black; border-right:1px solid black; border-top:none; vertical-align:top; width:215px"">
			<p style=""text-align:center""><span style=""font-size:11pt""><span style=""font-family:&quot;Calibri&quot;,&quot;sans-serif&quot;""><strong><em><span style=""font-size:14.0pt"">Nutrition Focused Physical Findings</span></em></strong></span></span></p>

			<p style=""text-align:center"">&nbsp;</p>
			</td>
			<td style=""border-bottom:1px solid black; border-left:none; border-right:1px solid black; border-top:none; vertical-align:top; width:353px"">
			<p style=""margin-left:48px"">&nbsp;</p>
			</td>
		</tr>
		<tr>
			<td style=""border-bottom:1px solid black; border-left:1px solid black; border-right:1px solid black; border-top:none; vertical-align:top; width:215px"">
			<p style=""text-align:center""><span style=""font-size:11pt""><span style=""font-family:&quot;Calibri&quot;,&quot;sans-serif&quot;""><strong><em><span style=""font-size:14.0pt"">Anthropometric Measurements</span></em></strong></span></span></p>

			<p style=""text-align:center"">&nbsp;</p>

			<p><span style=""font-size:11pt""><span style=""font-family:&quot;Calibri&quot;,&quot;sans-serif&quot;""><strong><em><span style=""font-size:12.0pt"">Present Weight;</span></em></strong></span></span></p>

			<p><span style=""font-size:11pt""><span style=""font-family:&quot;Calibri&quot;,&quot;sans-serif&quot;""><strong><em><span style=""font-size:12.0pt"">Height;</span></em></strong></span></span></p>

			<p><span style=""font-size:11pt""><span style=""font-family:&quot;Calibri&quot;,&quot;sans-serif&quot;""><strong><em><span style=""font-size:12.0pt"">Ideal Body weight;</span></em></strong></span></span></p>

			<p><span style=""font-size:11pt""><span style=""font-family:&quot;Calibri&quot;,&quot;sans-serif&quot;""><strong><em><span style=""font-size:12.0pt"">BMI;</span></em></strong></span></span></p>

			<p><span style=""font-size:11pt""><span style=""font-family:&quot;Calibri&quot;,&quot;sans-serif&quot;""><strong><em><span style=""font-size:12.0pt"">Activity level;</span></em></strong></span></span></p>

			<p style=""text-align:center"">&nbsp;</p>
			</td>
			<td style=""border-bottom:1px solid black; border-left:none; border-right:1px solid black; border-top:none; vertical-align:top; width:353px"">
			<p style=""margin-left:48px"">&nbsp;</p>

			<p style=""margin-left:48px"">&nbsp;</p>

			<p style=""margin-left:48px"">&nbsp;</p>

			<p style=""margin-left:48px"">&nbsp;</p>
			</td>
		</tr>
		<tr>
			<td style=""border-bottom:1px solid black; border-left:1px solid black; border-right:1px solid black; border-top:none; vertical-align:top; width:215px"">
			<p><span style=""font-size:11pt""><span style=""font-family:&quot;Calibri&quot;,&quot;sans-serif&quot;""><strong><em><span style=""font-size:14.0pt"">Biochemical Data</span></em></strong></span></span></p>
			</td>
			<td style=""border-bottom:1px solid black; border-left:none; border-right:1px solid black; border-top:none; vertical-align:top; width:353px"">
			<p>&nbsp;</p>

			<p>&nbsp;</p>
			</td>
		</tr>
		<tr>
			<td colspan=""2"" style=""border-bottom:1px solid black; border-left:1px solid black; border-right:1px solid black; border-top:none; vertical-align:top; width:568px"">
			<p><span style=""font-size:11pt""><span style=""font-family:&quot;Calibri&quot;,&quot;sans-serif&quot;""><strong><span style=""font-size:12.0pt"">NUTRITIONAL DIAGNOSIS</span></strong></span></span></p>
			</td>
		</tr>
		<tr>
			<td style=""border-bottom:1px solid black; border-left:1px solid black; border-right:1px solid black; border-top:none; vertical-align:top; width:215px"">
			<p style=""text-align:center"">&nbsp;</p>
			</td>
			<td style=""border-bottom:1px solid black; border-left:none; border-right:1px solid black; border-top:none; vertical-align:top; width:353px"">
			<p style=""margin-left:48px"">&nbsp;</p>
			</td>
		</tr>
		<tr>
			<td colspan=""2"" style=""border-bottom:1px solid black; border-left:1px solid black; border-right:1px solid black; border-top:none; vertical-align:top; width:568px"">
			<p><span style=""font-size:11pt""><span style=""font-family:&quot;Calibri&quot;,&quot;sans-serif&quot;""><strong><span style=""font-size:12.0pt"">NUTRITIONAL INTERVENTION</span></strong></span></span></p>
			</td>
		</tr>
		<tr>
			<td style=""border-bottom:1px solid black; border-left:1px solid black; border-right:1px solid black; border-top:none; vertical-align:top; width:215px"">
			<p style=""text-align:center""><span style=""font-size:11pt""><span style=""font-family:&quot;Calibri&quot;,&quot;sans-serif&quot;""><strong><em><span style=""font-size:12.0pt"">DIET TYPE/PLAN</span></em></strong></span></span></p>
			</td>
			<td style=""border-bottom:1px solid black; border-left:none; border-right:1px solid black; border-top:none; vertical-align:top; width:353px"">
			<p style=""margin-left:48px""><span style=""font-size:11pt""><span style=""font-family:&quot;Calibri&quot;,&quot;sans-serif&quot;"">&nbsp;</span></span></p>
			</td>
		</tr>
	</tbody>
</table>

<p>&nbsp;</p>

<p><span style=""font-size:11pt""><span style=""font-family:&quot;Calibri&quot;,&quot;sans-serif&quot;""><strong><em><span style=""font-size:14.0pt""><span style=""font-family:&quot;Times New Roman&quot;,&quot;serif&quot;"">Follow-Up/Next Date: </span></span></em></strong></span></span></p>
",NUTRITION AND DIETETICS CARE,CLINICAL NOTE
1624,"<p><span style=""font-size:11pt""><span style=""font-family:Calibri,sans-serif"">Depression mood</span></span></p>

<p><span style=""font-size:11pt""><span style=""font-family:Calibri,sans-serif"">Decreased energy or easily fatigued</span></span></p>

<p><span style=""font-size:11pt""><span style=""font-family:Calibri,sans-serif"">Disturbed sleep</span></span></p>

<p><span style=""font-size:11pt""><span style=""font-family:Calibri,sans-serif"">Reduced appetite</span></span></p>

<p><span style=""font-size:11pt""><span style=""font-family:Calibri,sans-serif"">Ideas of guilt and unworthiness</span></span></p>

<p><span style=""font-size:11pt""><span style=""font-family:Calibri,sans-serif"">Bleak and pessimistic view of the future</span></span></p>

<p><span style=""font-size:11pt""><span style=""font-family:Calibri,sans-serif"">Reduced self-esteem and self &ndash;confidence</span></span></p>

<p><span style=""font-size:11pt""><span style=""font-family:Calibri,sans-serif"">Reduced concentration and attention</span></span></p>

<p><span style=""font-size:11pt""><span style=""font-family:Calibri,sans-serif"">Ideas or acts of self &ndash;harm or suicide</span></span></p>

<p><span style=""font-size:11pt""><span style=""font-family:Calibri,sans-serif"">Difficulties carrying out usual activities</span></span></p>

<p>&nbsp;</p>

<p><span style=""font-size:11pt""><span style=""font-family:Calibri,sans-serif""><strong>ANTIDEPRESSANT&nbsp; MEDICATION (name,dose,timing)</strong></span></span></p>

<p>&nbsp;</p>

<p>&nbsp;</p>

<p><span style=""font-size:11pt""><span style=""font-family:Calibri,sans-serif"">&nbsp;</span></span></p>

<p><span style=""font-size:11pt""><span style=""font-family:Calibri,sans-serif""><strong>SIDE EFFECTS</strong></span></span></p>

<p><span style=""font-size:11pt""><span style=""font-family:Calibri,sans-serif"">SEVIRITY OF SIDE EFFECT (none=1,mild=2,severe=3)</span></span></p>

<p><span style=""font-size:11pt""><span style=""font-family:Calibri,sans-serif"">ADHERENCE(good=1,partial=2,non-adherent=3)</span></span></p>

<p><span style=""font-size:11pt""><span style=""font-family:Calibri,sans-serif"">GLOBAL RATING (usinmg visual analogue scale)</span></span></p>

<p>&nbsp;</p>

<p>&nbsp;</p>

<div>&nbsp;</div>

<p>&nbsp;</p>

<p>&nbsp;</p>

<p>&nbsp;</p>

<p>&nbsp;</p>

<p>&nbsp;</p>

<p>&nbsp;</p>

<p>&nbsp;</p>

<p>&nbsp;</p>

<p>&nbsp;</p>

<p>&nbsp;</p>

<p>&nbsp;</p>

<p>&nbsp;</p>

<div>&nbsp;</div>
",APCMHP - RECORD SHEET FOR DEPRESSION ?FOLLOW-UP,CLINICAL NOTE
1625,"<p><strong>&nbsp; &nbsp; &nbsp; &nbsp; &nbsp; &nbsp; &nbsp; &nbsp; &nbsp; &nbsp; &nbsp; &nbsp; &nbsp; &nbsp; &nbsp; &nbsp; &nbsp; &nbsp; &nbsp; &nbsp; &nbsp; &nbsp; &nbsp; &nbsp; &nbsp; &nbsp; &nbsp; &nbsp; &nbsp; &nbsp; &nbsp; &nbsp; &nbsp; &nbsp; &nbsp; &nbsp; &nbsp; &nbsp; &nbsp; &nbsp; &nbsp; CLINICAL NOTES</strong></p>

<p>&nbsp;</p>
",RECORDS SHEET FOR DEPRESSION ?LINICAL NOTES,CLINICAL NOTE
1626,"<p>&nbsp;</p>

<p><span style=""font-size:11pt""><span style=""font-family:Calibri,sans-serif""><strong>&nbsp;&nbsp;&nbsp;&nbsp;&nbsp;&nbsp;&nbsp;&nbsp;&nbsp;&nbsp;&nbsp;&nbsp;&nbsp;&nbsp;&nbsp;&nbsp;&nbsp;&nbsp;&nbsp;&nbsp;&nbsp;&nbsp;&nbsp;&nbsp;&nbsp;&nbsp;&nbsp;&nbsp;&nbsp;&nbsp;&nbsp;&nbsp;&nbsp;&nbsp;&nbsp;&nbsp;&nbsp;&nbsp;&nbsp;&nbsp;&nbsp;&nbsp;&nbsp;&nbsp;&nbsp;&nbsp;&nbsp;&nbsp;&nbsp;&nbsp;&nbsp;&nbsp;&nbsp;&nbsp;&nbsp;&nbsp;&nbsp;&nbsp;&nbsp;&nbsp;&nbsp;&nbsp;&nbsp;&nbsp;&nbsp;&nbsp;&nbsp;&nbsp;&nbsp;&nbsp;&nbsp; </strong>&nbsp;&nbsp;&nbsp;&nbsp;&nbsp;&nbsp;&nbsp;&nbsp; &nbsp;&nbsp;&nbsp;&nbsp;&nbsp;&nbsp;&nbsp;&nbsp;&nbsp;&nbsp;&nbsp;&nbsp;&nbsp;&nbsp;&nbsp;&nbsp;&nbsp;&nbsp;&nbsp;&nbsp;&nbsp;Indicate Yes/No where applicable</span></span></p>

<p><span style=""font-size:11pt""><span style=""font-family:Calibri,sans-serif""><strong><span style=""font-size:12.0pt"">Description of syptoms:</span></strong>&nbsp; &nbsp; &nbsp; &nbsp; &nbsp; &nbsp; &nbsp; &nbsp; &nbsp; &nbsp; &nbsp; &nbsp; &nbsp; &nbsp; &nbsp; &nbsp; &nbsp; &nbsp; &nbsp; &nbsp; &nbsp; &nbsp; &nbsp; &nbsp; &nbsp; &nbsp; &nbsp; &nbsp; &nbsp; &nbsp; &nbsp;Depressed mood</span></span></p>

<p><span style=""font-size:11pt""><span style=""font-family:Calibri,sans-serif"">&nbsp;&nbsp;&nbsp;&nbsp;&nbsp;&nbsp;&nbsp;&nbsp;&nbsp;&nbsp;&nbsp;&nbsp;&nbsp;&nbsp;&nbsp;&nbsp;&nbsp;&nbsp;&nbsp;&nbsp;&nbsp;&nbsp;&nbsp;&nbsp;&nbsp;&nbsp;&nbsp;&nbsp;&nbsp;&nbsp;&nbsp;&nbsp;&nbsp;&nbsp;&nbsp;&nbsp;&nbsp;&nbsp;&nbsp;&nbsp;&nbsp;&nbsp;&nbsp;&nbsp;&nbsp;&nbsp;&nbsp;&nbsp;&nbsp;&nbsp;&nbsp;&nbsp;&nbsp;&nbsp;&nbsp;&nbsp;&nbsp;&nbsp;&nbsp; &nbsp;&nbsp;&nbsp;&nbsp;&nbsp;&nbsp;&nbsp;&nbsp;&nbsp;&nbsp;&nbsp;&nbsp;&nbsp;&nbsp;&nbsp;&nbsp;&nbsp;&nbsp;&nbsp; <strong><span style=""font-size:16.0pt"">A </span></strong>&nbsp;&nbsp;&nbsp;&nbsp;&nbsp;&nbsp;&nbsp;&nbsp;&nbsp;&nbsp;&nbsp;&nbsp;&nbsp;&nbsp;&nbsp;&nbsp;&nbsp;&nbsp;&nbsp;&nbsp;&nbsp;Loss of interest or pleasure&nbsp; </span></span></p>

<p><span style=""font-size:11pt""><span style=""font-family:Calibri,sans-serif"">&nbsp; &nbsp; &nbsp; &nbsp; &nbsp; &nbsp; &nbsp; &nbsp; &nbsp; &nbsp; &nbsp; &nbsp; &nbsp; &nbsp; &nbsp; &nbsp; &nbsp; &nbsp; &nbsp; &nbsp; &nbsp; &nbsp; &nbsp; &nbsp; &nbsp; &nbsp; &nbsp; &nbsp; &nbsp; &nbsp; &nbsp; &nbsp; &nbsp; &nbsp; &nbsp; &nbsp; &nbsp; &nbsp; &nbsp; &nbsp; &nbsp; &nbsp; &nbsp; &nbsp; &nbsp; &nbsp; &nbsp; &nbsp; &nbsp; &nbsp; &nbsp; &nbsp; &nbsp;Decreased energy or easily fatigued</span></span></p>

<p><span style=""font-size:11pt""><span style=""font-family:Calibri,sans-serif"">&nbsp;</span></span></p>

<p><span style=""font-size:11pt""><span style=""font-family:Calibri,sans-serif"">&nbsp; &nbsp; &nbsp; &nbsp; &nbsp; &nbsp; &nbsp; &nbsp; &nbsp; &nbsp; &nbsp; &nbsp; &nbsp; &nbsp; &nbsp; &nbsp; &nbsp; &nbsp; &nbsp; &nbsp; &nbsp; &nbsp; &nbsp; &nbsp; &nbsp; &nbsp; &nbsp; &nbsp; &nbsp; &nbsp; &nbsp; &nbsp; &nbsp; &nbsp; &nbsp; &nbsp; &nbsp; &nbsp; &nbsp; &nbsp; &nbsp; &nbsp; &nbsp; &nbsp; &nbsp; &nbsp; &nbsp; &nbsp; &nbsp; &nbsp; &nbsp; &nbsp; &nbsp;Disturbed sleep <strong>Duration of current episode:</strong></span></span></p>

<p><span style=""font-size:11pt""><span style=""font-family:Calibri,sans-serif""><strong>Impact on daily life and relationships&nbsp; &nbsp; &nbsp; &nbsp; &nbsp; &nbsp; &nbsp; &nbsp; &nbsp; &nbsp; &nbsp; &nbsp; &nbsp; &nbsp; &nbsp; &nbsp; &nbsp; &nbsp; &nbsp; &nbsp; &nbsp; &nbsp;</strong>Reduced appetite&nbsp;&nbsp;&nbsp;&nbsp;&nbsp;&nbsp;&nbsp;&nbsp;&nbsp;&nbsp;&nbsp;&nbsp;&nbsp;&nbsp;&nbsp;&nbsp;&nbsp;&nbsp;&nbsp;&nbsp;&nbsp;&nbsp;&nbsp;&nbsp;&nbsp;&nbsp;&nbsp;&nbsp;&nbsp;&nbsp;&nbsp;&nbsp;&nbsp;&nbsp;&nbsp;&nbsp;&nbsp;&nbsp;&nbsp;&nbsp;&nbsp;&nbsp;&nbsp;&nbsp;&nbsp;&nbsp;&nbsp;&nbsp;&nbsp;&nbsp;&nbsp;&nbsp;&nbsp;&nbsp;&nbsp;&nbsp;&nbsp;&nbsp;&nbsp;&nbsp;&nbsp;&nbsp;&nbsp;&nbsp;&nbsp;&nbsp;&nbsp;&nbsp;&nbsp;&nbsp;&nbsp;&nbsp;&nbsp;&nbsp;&nbsp;&nbsp;&nbsp;&nbsp;&nbsp; &nbsp;&nbsp;&nbsp;&nbsp;&nbsp;&nbsp;&nbsp;&nbsp;&nbsp;&nbsp;&nbsp;&nbsp;&nbsp;&nbsp;&nbsp;&nbsp;&nbsp;&nbsp;&nbsp;&nbsp;&nbsp;&nbsp;&nbsp;&nbsp;&nbsp;&nbsp;&nbsp;&nbsp;&nbsp;&nbsp;&nbsp;&nbsp;&nbsp;&nbsp;&nbsp;&nbsp;&nbsp;&nbsp;&nbsp;&nbsp;&nbsp;&nbsp;&nbsp;&nbsp;&nbsp;&nbsp;&nbsp;&nbsp;&nbsp;&nbsp;&nbsp;&nbsp;&nbsp;&nbsp;&nbsp;&nbsp;&nbsp;&nbsp;&nbsp;</span></span></p>

<p><span style=""font-size:11pt""><span style=""font-family:Calibri,sans-serif"">&nbsp; &nbsp; &nbsp; &nbsp; &nbsp; &nbsp; &nbsp; &nbsp; &nbsp; &nbsp; &nbsp; &nbsp; &nbsp; &nbsp; &nbsp; &nbsp; &nbsp; &nbsp; &nbsp; &nbsp; &nbsp; &nbsp; &nbsp; &nbsp; &nbsp; &nbsp; &nbsp; &nbsp; &nbsp; &nbsp; &nbsp; &nbsp; &nbsp; &nbsp; &nbsp; &nbsp; &nbsp; &nbsp; &nbsp; &nbsp; &nbsp; &nbsp; &nbsp; &nbsp; &nbsp; &nbsp; &nbsp; &nbsp; &nbsp; &nbsp; &nbsp; &nbsp; &nbsp;Idea of guilt and unworthiness&nbsp;&nbsp;&nbsp;&nbsp;&nbsp;&nbsp;&nbsp; &nbsp;&nbsp;&nbsp;&nbsp;&nbsp;&nbsp;&nbsp;&nbsp;&nbsp;&nbsp;&nbsp;&nbsp;&nbsp;&nbsp;&nbsp;&nbsp;&nbsp;&nbsp;&nbsp;&nbsp;&nbsp;&nbsp;&nbsp;&nbsp;&nbsp;&nbsp;&nbsp;&nbsp;&nbsp;&nbsp;&nbsp;&nbsp;&nbsp;&nbsp;&nbsp;&nbsp;&nbsp;&nbsp;&nbsp;&nbsp;&nbsp;&nbsp;&nbsp;&nbsp;&nbsp;&nbsp;&nbsp;&nbsp;&nbsp;&nbsp;&nbsp;&nbsp;&nbsp;&nbsp;&nbsp;&nbsp;&nbsp;&nbsp;&nbsp;&nbsp;&nbsp;&nbsp;&nbsp;&nbsp;&nbsp;&nbsp;&nbsp;&nbsp;&nbsp;&nbsp;&nbsp;&nbsp;&nbsp;&nbsp;&nbsp;&nbsp;&nbsp;&nbsp;&nbsp;&nbsp;&nbsp;&nbsp;&nbsp;&nbsp;&nbsp;&nbsp;&nbsp;&nbsp;&nbsp;&nbsp;&nbsp;&nbsp;<strong>&nbsp;&nbsp;&nbsp;&nbsp;&nbsp;&nbsp;&nbsp;&nbsp;&nbsp;&nbsp;&nbsp;&nbsp;&nbsp;&nbsp;&nbsp;&nbsp;&nbsp;&nbsp;&nbsp;&nbsp;&nbsp;&nbsp;&nbsp;&nbsp;&nbsp;&nbsp;&nbsp;&nbsp;&nbsp;&nbsp;&nbsp;&nbsp;&nbsp;&nbsp;&nbsp;&nbsp;&nbsp;&nbsp;&nbsp;&nbsp;&nbsp;&nbsp;&nbsp;&nbsp;&nbsp;&nbsp;&nbsp;&nbsp;&nbsp;&nbsp;&nbsp;&nbsp;&nbsp;&nbsp;&nbsp;&nbsp;&nbsp;&nbsp;&nbsp;&nbsp;&nbsp;&nbsp;&nbsp;&nbsp;&nbsp;&nbsp;&nbsp;&nbsp;&nbsp;&nbsp;&nbsp;&nbsp;&nbsp;&nbsp;&nbsp;&nbsp;&nbsp;&nbsp;&nbsp;&nbsp;&nbsp;&nbsp;&nbsp;&nbsp;&nbsp;&nbsp;&nbsp;&nbsp;&nbsp;&nbsp;&nbsp;&nbsp;&nbsp;&nbsp;&nbsp;</strong></span></span></p>

<p><span style=""font-size:11pt""><span style=""font-family:Calibri,sans-serif""><strong>&nbsp; &nbsp; &nbsp; &nbsp; &nbsp; &nbsp; &nbsp; &nbsp; &nbsp; &nbsp; &nbsp; &nbsp; &nbsp; &nbsp; &nbsp; &nbsp; &nbsp; &nbsp; &nbsp; &nbsp; &nbsp; &nbsp; &nbsp; &nbsp; &nbsp; &nbsp; &nbsp; &nbsp; &nbsp; &nbsp; &nbsp; &nbsp; &nbsp; &nbsp; &nbsp; &nbsp; &nbsp; &nbsp; &nbsp; &nbsp; &nbsp;&nbsp;</strong><strong><span style=""font-size:16.0pt"">B</span></strong>&nbsp; &nbsp; &nbsp; &nbsp; &nbsp; &nbsp; &nbsp; &nbsp; &nbsp; Bleak and pessimistic view of the future</span></span></p>

<p><span style=""font-size:11pt""><span style=""font-family:Calibri,sans-serif"">&nbsp; &nbsp; &nbsp; &nbsp; &nbsp; &nbsp; &nbsp; &nbsp; &nbsp; &nbsp; &nbsp; &nbsp; &nbsp; &nbsp; &nbsp; &nbsp; &nbsp; &nbsp; &nbsp; &nbsp; &nbsp; &nbsp; &nbsp; &nbsp; &nbsp; &nbsp; &nbsp; &nbsp; &nbsp; &nbsp; &nbsp; &nbsp; &nbsp; &nbsp; &nbsp; &nbsp; &nbsp; &nbsp; &nbsp; &nbsp; &nbsp; &nbsp; &nbsp; &nbsp; &nbsp; &nbsp; &nbsp; &nbsp; &nbsp; &nbsp; &nbsp; &nbsp; Reduced self &ndash; esteem and self confidence&nbsp;&nbsp;&nbsp;&nbsp;&nbsp;&nbsp;&nbsp;&nbsp;&nbsp;&nbsp;&nbsp;&nbsp;&nbsp;&nbsp; </span></span></p>

<p><span style=""font-size:11pt""><span style=""font-family:Calibri,sans-serif""><strong>Causative factors</strong> :&nbsp; &nbsp; &nbsp; &nbsp; &nbsp; &nbsp; &nbsp; &nbsp; &nbsp; &nbsp; &nbsp; &nbsp; &nbsp; &nbsp; &nbsp; &nbsp; &nbsp; &nbsp; &nbsp; &nbsp; &nbsp; &nbsp; &nbsp; &nbsp; &nbsp; &nbsp; &nbsp; &nbsp; &nbsp; &nbsp; &nbsp; &nbsp; &nbsp; &nbsp; &nbsp; &nbsp; Reduced concentration and attention </span></span></p>

<p><span style=""font-size:11pt""><span style=""font-family:Calibri,sans-serif"">&nbsp; &nbsp; &nbsp; &nbsp; &nbsp; &nbsp; &nbsp; &nbsp; &nbsp; &nbsp; &nbsp; &nbsp; &nbsp; &nbsp; &nbsp; &nbsp; &nbsp; &nbsp; &nbsp; &nbsp; &nbsp; &nbsp; &nbsp; &nbsp; &nbsp; &nbsp; &nbsp; &nbsp; &nbsp; &nbsp; &nbsp; &nbsp; &nbsp; &nbsp; &nbsp; &nbsp; &nbsp; &nbsp; &nbsp; &nbsp; &nbsp; &nbsp; &nbsp; &nbsp; &nbsp; &nbsp; &nbsp; &nbsp; &nbsp; &nbsp; &nbsp; &nbsp; Ideas or acts of self &ndash; harm or suicide&nbsp;&nbsp;&nbsp;&nbsp;&nbsp;&nbsp;&nbsp;&nbsp;&nbsp;&nbsp; &nbsp;&nbsp; </span></span></p>

<p>&nbsp;</p>

<p><span style=""font-size:11pt""><span style=""font-family:Calibri,sans-serif""><strong>&nbsp; &nbsp; &nbsp; &nbsp; &nbsp; &nbsp; &nbsp; &nbsp; &nbsp; &nbsp; &nbsp; &nbsp; &nbsp; &nbsp; &nbsp; &nbsp; &nbsp; &nbsp; &nbsp; &nbsp; &nbsp; &nbsp; &nbsp; &nbsp; &nbsp; &nbsp; &nbsp; &nbsp; &nbsp; &nbsp; &nbsp; &nbsp; &nbsp; &nbsp; &nbsp; &nbsp; &nbsp; &nbsp; &nbsp; &nbsp; &nbsp;&nbsp;</strong><strong><span style=""font-size:16.0pt"">C</span></strong>&nbsp; &nbsp; &nbsp; &nbsp; &nbsp; &nbsp; &nbsp; &nbsp; Difficulties carrying out usual activities&nbsp; &nbsp; &nbsp; &nbsp; &nbsp; &nbsp; &nbsp; &nbsp; &nbsp; &nbsp; &nbsp; &nbsp; &nbsp; &nbsp; &nbsp; &nbsp; &nbsp; &nbsp; &nbsp; &nbsp; &nbsp; &nbsp; &nbsp; &nbsp; &nbsp; &nbsp; &nbsp; &nbsp; &nbsp; &nbsp;&nbsp;<strong>Patients understanding of problems</strong>:&nbsp;&nbsp;&nbsp;&nbsp;&nbsp;&nbsp;&nbsp;&nbsp;&nbsp; &nbsp;&nbsp;&nbsp;&nbsp;&nbsp;&nbsp;&nbsp;&nbsp;&nbsp;&nbsp;&nbsp;&nbsp;&nbsp;&nbsp;&nbsp;&nbsp;&nbsp;&nbsp;&nbsp;&nbsp;&nbsp;&nbsp;&nbsp;&nbsp;&nbsp;&nbsp;&nbsp;&nbsp;&nbsp;&nbsp;&nbsp;&nbsp;&nbsp;&nbsp;&nbsp;&nbsp;&nbsp;&nbsp;&nbsp;&nbsp;&nbsp;&nbsp;&nbsp;&nbsp;Are 2 or more Yes in A ? </span></span></p>

<p><span style=""font-size:11pt""><span style=""font-family:Calibri,sans-serif""><strong>&nbsp; &nbsp; &nbsp; &nbsp; &nbsp; &nbsp; &nbsp; &nbsp; &nbsp; &nbsp; &nbsp; &nbsp; &nbsp; &nbsp; &nbsp; &nbsp; &nbsp; &nbsp; &nbsp; &nbsp; &nbsp; &nbsp; &nbsp; &nbsp; &nbsp; &nbsp; &nbsp; &nbsp; &nbsp; &nbsp; &nbsp; &nbsp; &nbsp; &nbsp; &nbsp; &nbsp; &nbsp; &nbsp; &nbsp; &nbsp; &nbsp; &nbsp; </strong></span></span></p>

<p><span style=""font-size:11pt""><span style=""font-family:Calibri,sans-serif""><strong>&nbsp; &nbsp; &nbsp; &nbsp; &nbsp; &nbsp; &nbsp; &nbsp; &nbsp; &nbsp; &nbsp; &nbsp; &nbsp; &nbsp; &nbsp; &nbsp; &nbsp; &nbsp; &nbsp; &nbsp; &nbsp; &nbsp; &nbsp; &nbsp; &nbsp; &nbsp; &nbsp; &nbsp; &nbsp; &nbsp; &nbsp; &nbsp; &nbsp; &nbsp; &nbsp; &nbsp; &nbsp; &nbsp; &nbsp; &nbsp; &nbsp; &nbsp;</strong><strong><span style=""font-size:16.0pt"">D</span></strong>&nbsp; &nbsp; &nbsp; &nbsp; &nbsp; &nbsp; &nbsp; &nbsp; &nbsp; Are 3 or more Yes in B ?</span></span></p>

<p><span style=""font-size:11pt""><span style=""font-family:Calibri,sans-serif""><strong>Patients&nbsp; expectation of treatment</strong>:&nbsp; &nbsp; &nbsp; &nbsp; &nbsp; &nbsp; &nbsp; &nbsp; &nbsp; &nbsp; &nbsp; &nbsp; &nbsp; &nbsp; &nbsp; &nbsp; &nbsp; &nbsp; &nbsp; &nbsp; &nbsp; &nbsp; &nbsp; &nbsp;Is 1 Yes in C?</span></span></p>

<p><span style=""font-size:11pt""><span style=""font-family:Calibri,sans-serif"">&nbsp;&nbsp;&nbsp;&nbsp;&nbsp;&nbsp;&nbsp;&nbsp;&nbsp;&nbsp;&nbsp;&nbsp;&nbsp;&nbsp;&nbsp;&nbsp;&nbsp;&nbsp;&nbsp;&nbsp;&nbsp;&nbsp;&nbsp;&nbsp;&nbsp;&nbsp;&nbsp;&nbsp;&nbsp;&nbsp;&nbsp;&nbsp;&nbsp;&nbsp;&nbsp;&nbsp;&nbsp;&nbsp;&nbsp;&nbsp;&nbsp;&nbsp;&nbsp;&nbsp;&nbsp;&nbsp;&nbsp;&nbsp;&nbsp;&nbsp;&nbsp;&nbsp;&nbsp;&nbsp;&nbsp;&nbsp;&nbsp;&nbsp;&nbsp;&nbsp;&nbsp; &nbsp;&nbsp;&nbsp;&nbsp;&nbsp;&nbsp;&nbsp;&nbsp;&nbsp;&nbsp;&nbsp;&nbsp;&nbsp;&nbsp;&nbsp;&nbsp;&nbsp;&nbsp;&nbsp;&nbsp;&nbsp;&nbsp;&nbsp;&nbsp;&nbsp;&nbsp;&nbsp;&nbsp;If yes to all three, indicate to confirm likely moderately</span></span></p>

<p><span style=""font-size:11pt""><span style=""font-family:Calibri,sans-serif"">&nbsp;&nbsp;&nbsp;&nbsp;&nbsp;&nbsp; &nbsp;&nbsp;&nbsp;&nbsp;&nbsp;&nbsp;&nbsp;&nbsp;&nbsp;&nbsp;&nbsp;&nbsp;&nbsp;&nbsp;&nbsp;&nbsp;&nbsp;&nbsp;&nbsp;&nbsp;&nbsp;&nbsp;&nbsp;&nbsp;&nbsp;&nbsp;&nbsp;&nbsp;&nbsp;&nbsp;&nbsp;&nbsp;&nbsp;&nbsp;&nbsp;&nbsp;&nbsp;&nbsp;&nbsp;&nbsp;&nbsp;&nbsp;&nbsp;&nbsp;&nbsp;&nbsp;&nbsp;&nbsp;&nbsp;&nbsp;&nbsp;&nbsp;&nbsp;&nbsp;&nbsp;&nbsp;&nbsp;&nbsp;&nbsp;&nbsp;&nbsp;&nbsp;&nbsp;&nbsp;&nbsp;&nbsp;&nbsp;&nbsp;&nbsp;&nbsp;&nbsp;&nbsp;&nbsp;&nbsp;&nbsp;&nbsp;&nbsp;&nbsp;&nbsp;&nbsp;&nbsp;&nbsp;&nbsp;&nbsp;&nbsp;Severe depression and go to interventions&nbsp;&nbsp;&nbsp;&nbsp;&nbsp;&nbsp;&nbsp;&nbsp;&nbsp;&nbsp;&nbsp;&nbsp;&nbsp;&nbsp;&nbsp; </span></span></p>

<p><span style=""font-size:11pt""><span style=""font-family:Calibri,sans-serif"">&nbsp;&nbsp;&nbsp;&nbsp;&nbsp;&nbsp;&nbsp;&nbsp;&nbsp;&nbsp;&nbsp;&nbsp;&nbsp;&nbsp;&nbsp;&nbsp;&nbsp;&nbsp;&nbsp;&nbsp;&nbsp;&nbsp;&nbsp;&nbsp;&nbsp;&nbsp;&nbsp;&nbsp;&nbsp;&nbsp;&nbsp;&nbsp;&nbsp;&nbsp;&nbsp;&nbsp;&nbsp;&nbsp;&nbsp;&nbsp;&nbsp;&nbsp;&nbsp;&nbsp;&nbsp;&nbsp;&nbsp;&nbsp;&nbsp;&nbsp;&nbsp;&nbsp;&nbsp;&nbsp;&nbsp;&nbsp;&nbsp;&nbsp;&nbsp;&nbsp;&nbsp;&nbsp;&nbsp;&nbsp;&nbsp;&nbsp;&nbsp;&nbsp;&nbsp;&nbsp;&nbsp;&nbsp;&nbsp;&nbsp;&nbsp;&nbsp;&nbsp;&nbsp;&nbsp;&nbsp;&nbsp;&nbsp;&nbsp;&nbsp;&nbsp;&nbsp;&nbsp;&nbsp;&nbsp;&nbsp;&nbsp;&nbsp;&nbsp;&nbsp;&nbsp;&nbsp;&nbsp;&nbsp;&nbsp;&nbsp;&nbsp;&nbsp;&nbsp;&nbsp;&nbsp;&nbsp;&nbsp;&nbsp;&nbsp;&nbsp;&nbsp;&nbsp;&nbsp;&nbsp;&nbsp;&nbsp;&nbsp;&nbsp; &nbsp;&nbsp;&nbsp;&nbsp;&nbsp;&nbsp;&nbsp;&nbsp;&nbsp;&nbsp;&nbsp;&nbsp;&nbsp;&nbsp;&nbsp;&nbsp;&nbsp;&nbsp;&nbsp;&nbsp;&nbsp;&nbsp;&nbsp;&nbsp;&nbsp;&nbsp;&nbsp;&nbsp;<strong>GLOBAL RATING</strong></span></span></p>

<p><span style=""font-size:11pt""><span style=""font-family:Calibri,sans-serif"">&nbsp;&nbsp;&nbsp;&nbsp;&nbsp;&nbsp;&nbsp;&nbsp;&nbsp;&nbsp;&nbsp;&nbsp;&nbsp;&nbsp;&nbsp;&nbsp;&nbsp;&nbsp;&nbsp;&nbsp;&nbsp;&nbsp;&nbsp;&nbsp;&nbsp;&nbsp;&nbsp;&nbsp;&nbsp;&nbsp;&nbsp;&nbsp;&nbsp;&nbsp;&nbsp;&nbsp;&nbsp;&nbsp;&nbsp;&nbsp;&nbsp;&nbsp;&nbsp;&nbsp;&nbsp;&nbsp;&nbsp;&nbsp;&nbsp;&nbsp;&nbsp;&nbsp;&nbsp;&nbsp;&nbsp;&nbsp;&nbsp;&nbsp;&nbsp;&nbsp;&nbsp;&nbsp;&nbsp;&nbsp;&nbsp;&nbsp;&nbsp;&nbsp;&nbsp;&nbsp;&nbsp;&nbsp;&nbsp;&nbsp;&nbsp;&nbsp;&nbsp;&nbsp;&nbsp;&nbsp;&nbsp;&nbsp;&nbsp;&nbsp;&nbsp;&nbsp;&nbsp;&nbsp;&nbsp;&nbsp;&nbsp;&nbsp;&nbsp;&nbsp;&nbsp;&nbsp;&nbsp;&nbsp;&nbsp;&nbsp;&nbsp;&nbsp;&nbsp;&nbsp;&nbsp;&nbsp;&nbsp;&nbsp;&nbsp;&nbsp;&nbsp;&nbsp;&nbsp;&nbsp;&nbsp;&nbsp;&nbsp;&nbsp;&nbsp;&nbsp;&nbsp;&nbsp;&nbsp;&nbsp;&nbsp;&nbsp;&nbsp;&nbsp;&nbsp;&nbsp;&nbsp;&nbsp;&nbsp;&nbsp;&nbsp;&nbsp;&nbsp;&nbsp;&nbsp;&nbsp;&nbsp;&nbsp;&nbsp;&nbsp;&nbsp;&nbsp;&nbsp;&nbsp;&nbsp;&nbsp;&nbsp;&nbsp; </span></span></p>

<p><span style=""font-size:11pt""><span style=""font-family:Calibri,sans-serif""><strong>Interventions:</strong>&nbsp;&nbsp;&nbsp;&nbsp;&nbsp;&nbsp;&nbsp;&nbsp; Bereavement&nbsp;&nbsp;&nbsp; Pregnancy or&nbsp;&nbsp;&nbsp;&nbsp;&nbsp;&nbsp;&nbsp;&nbsp; Age&lt;12&nbsp;&nbsp; &nbsp;Age 12-18&nbsp;&nbsp; Everyone&nbsp; &nbsp;Comment(e.gdate, </span></span></p>

<p><span style=""font-size:11pt""><span style=""font-family:Calibri,sans-serif"">&nbsp;&nbsp;&nbsp;&nbsp;&nbsp;&nbsp;&nbsp;&nbsp;&nbsp;&nbsp;&nbsp;&nbsp;&nbsp;&nbsp;&nbsp;&nbsp;&nbsp;&nbsp;&nbsp;&nbsp;&nbsp;&nbsp;&nbsp;&nbsp;&nbsp;&nbsp;&nbsp;&nbsp;&nbsp;&nbsp;&nbsp;&nbsp;&nbsp;&nbsp;&nbsp;&nbsp;&nbsp;&nbsp;&nbsp;&nbsp;&nbsp;&nbsp;&nbsp;&nbsp;&nbsp;&nbsp;&nbsp;&nbsp;&nbsp;&nbsp;&nbsp;&nbsp;&nbsp;&nbsp;&nbsp;&nbsp;&nbsp;&nbsp;&nbsp;&nbsp;&nbsp;&nbsp;&nbsp; Breastfeeding &nbsp;&nbsp;&nbsp;&nbsp;&nbsp;&nbsp;&nbsp;&nbsp;&nbsp;&nbsp;&nbsp;&nbsp;&nbsp;&nbsp;&nbsp;&nbsp;&nbsp;&nbsp;&nbsp;&nbsp;&nbsp;&nbsp;&nbsp;&nbsp;&nbsp;&nbsp;&nbsp;&nbsp;&nbsp;&nbsp;&nbsp;&nbsp;&nbsp;&nbsp;&nbsp;&nbsp;&nbsp;&nbsp;&nbsp;&nbsp;&nbsp;&nbsp;&nbsp;&nbsp;Else&nbsp;&nbsp;&nbsp;&nbsp;&nbsp;&nbsp;&nbsp;&nbsp;&nbsp;&nbsp;&nbsp; incomplete drug)</span></span></p>

<p><span style=""font-size:11pt""><span style=""font-family:Calibri,sans-serif"">&nbsp;&nbsp;&nbsp;&nbsp;&nbsp;&nbsp;&nbsp;&nbsp;&nbsp;&nbsp;&nbsp;&nbsp;&nbsp;&nbsp;&nbsp;&nbsp;&nbsp;&nbsp;&nbsp;&nbsp;&nbsp;&nbsp;&nbsp;&nbsp;&nbsp;&nbsp;&nbsp;&nbsp;&nbsp;&nbsp;&nbsp;&nbsp;&nbsp;&nbsp;&nbsp;&nbsp; YES/NO&nbsp;&nbsp;&nbsp;&nbsp;&nbsp;&nbsp;&nbsp;&nbsp;&nbsp;&nbsp;&nbsp;&nbsp; YES/NO&nbsp;&nbsp;&nbsp;&nbsp;&nbsp;&nbsp;&nbsp;&nbsp;&nbsp;&nbsp;&nbsp;&nbsp;&nbsp;&nbsp;&nbsp;&nbsp;&nbsp; YES/NO&nbsp;&nbsp;&nbsp;&nbsp; YES/NO&nbsp;&nbsp;&nbsp;&nbsp;&nbsp;&nbsp; YES/NO&nbsp;&nbsp; </span></span></p>

<p><span style=""font-size:11pt""><span style=""font-family:Calibri,sans-serif""><strong>Psyco- education:&nbsp;&nbsp;&nbsp; &nbsp;&nbsp;&nbsp;&nbsp;&nbsp;&nbsp;&nbsp;&nbsp;&nbsp;&nbsp;&nbsp;&nbsp;&nbsp;&nbsp;&nbsp;&nbsp;&nbsp;&nbsp;&nbsp;&nbsp;&nbsp;&nbsp;&nbsp;&nbsp;&nbsp;&nbsp;&nbsp;&nbsp;&nbsp;&nbsp;&nbsp;&nbsp;&nbsp;&nbsp;&nbsp;&nbsp;&nbsp;&nbsp;&nbsp;&nbsp;&nbsp;&nbsp;&nbsp;&nbsp;&nbsp;&nbsp;&nbsp;&nbsp;&nbsp;&nbsp;&nbsp;&nbsp;&nbsp;&nbsp;&nbsp;&nbsp;&nbsp;&nbsp;&nbsp;&nbsp;&nbsp;&nbsp;&nbsp;</strong>parent</span></span></p>

<p><span style=""font-size:11pt""><span style=""font-family:Calibri,sans-serif""><strong>Address Stresses:</strong></span></span></p>

<p><span style=""font-size:11pt""><span style=""font-family:Calibri,sans-serif""><strong>Reactivate social net work:&nbsp;&nbsp; &nbsp;</strong></span></span></p>

<p><span style=""font-size:11pt""><span style=""font-family:Calibri,sans-serif""><strong>Antidepressants : </strong>&nbsp;&nbsp;&nbsp;&nbsp;&nbsp;&nbsp;&nbsp;&nbsp;&nbsp;&nbsp;&nbsp;&nbsp;&nbsp;&nbsp;&nbsp;&nbsp;&nbsp;&nbsp;&nbsp;&nbsp;&nbsp;&nbsp;&nbsp;&nbsp;&nbsp;&nbsp;Not 1<sup>st</sup> line&nbsp;&nbsp;&nbsp;&nbsp;&nbsp; &nbsp;&nbsp;&nbsp;&nbsp;&nbsp;&nbsp;&nbsp;&nbsp;&nbsp;&nbsp;&nbsp;&nbsp;&nbsp;&nbsp;&nbsp;Caution&nbsp;&nbsp;&nbsp;&nbsp;&nbsp;&nbsp;&nbsp;&nbsp;&nbsp;&nbsp;&nbsp;&nbsp;&nbsp;&nbsp;&nbsp;&nbsp;&nbsp;&nbsp;&nbsp;&nbsp;&nbsp;&nbsp;&nbsp;&nbsp;&nbsp;&nbsp;&nbsp;&nbsp;&nbsp;&nbsp;&nbsp;&nbsp;&nbsp;&nbsp;&nbsp;&nbsp;&nbsp; Caution</span></span></p>

<p><span style=""font-size:11pt""><span style=""font-family:Calibri,sans-serif"">&nbsp;&nbsp;&nbsp;&nbsp;&nbsp;&nbsp;&nbsp;&nbsp;&nbsp;&nbsp;&nbsp;&nbsp;&nbsp;&nbsp;&nbsp;&nbsp;&nbsp;&nbsp;&nbsp;&nbsp;&nbsp;&nbsp;&nbsp;&nbsp;&nbsp;&nbsp;&nbsp;&nbsp;&nbsp;&nbsp;&nbsp;&nbsp;&nbsp;&nbsp;&nbsp;&nbsp;&nbsp;&nbsp;&nbsp;&nbsp;&nbsp;&nbsp;&nbsp;&nbsp;&nbsp;&nbsp;&nbsp;&nbsp;&nbsp;&nbsp;&nbsp;&nbsp;&nbsp;&nbsp;&nbsp;&nbsp;&nbsp;&nbsp;&nbsp;&nbsp;&nbsp;&nbsp; </span></span></p>

<p><span style=""font-size:11pt""><span style=""font-family:Calibri,sans-serif"">Circle or delete : Heart disease /Epilepsy/Difficulty urinating(any present,don&rsquo;t prescribe antidepressant</span></span><span style=""font-size:11pt""><span style=""font-family:Calibri,sans-serif"">-&gt;REFER)</span></span></p>

<p><span style=""font-size:11pt""><span style=""font-family:Calibri,sans-serif""><strong>Follow-up</strong></span></span></p>

<p><span style=""font-size:11pt""><span style=""font-family:Calibri,sans-serif"">&nbsp;&nbsp;&nbsp;&nbsp; Circle if present : Talk about or suicidal act/No response after 6 weeks (Either present-&gt;REFER)</span></span></p>

<p>&nbsp;</p>

<p><strong><span style=""font-size:11.0pt""><span style=""font-family:&quot;Calibri&quot;,sans-serif"">Referral&nbsp;&nbsp;&nbsp;&nbsp;&nbsp;&nbsp;&nbsp;&nbsp;&nbsp;&nbsp;&nbsp;&nbsp; </span></span></strong></p>
",APCMHP RECORD SHEET FOR DEPRESSION ASSESSMENT,CLINICAL NOTE
1508,"<p style=""text-align:center""><span style=""font-size:11pt""><span style=""font-family:&quot;Calibri&quot;,&quot;sans-serif&quot;""><span style=""font-size:14.0pt""><span style=""font-family:&quot;Times New Roman&quot;,&quot;serif&quot;"">INTAKE INTERVIEW TEMPLATE</span></span></span></span></p>

<ul>
	<li><span style=""font-size:11pt""><span style=""font-family:&quot;Calibri&quot;,&quot;sans-serif&quot;""><strong><span style=""font-size:14.0pt""><span style=""font-family:&quot;Times New Roman&quot;,&quot;serif&quot;""><span style=""color:black"">&nbsp; &nbsp; &nbsp; &nbsp; &nbsp; &nbsp; &nbsp; &nbsp; &nbsp; &nbsp; &nbsp; &nbsp; &nbsp; &nbsp; &nbsp; &nbsp; &nbsp; &nbsp; &nbsp; &nbsp; &nbsp; &nbsp; &nbsp; &nbsp; &nbsp; &nbsp; &nbsp; &nbsp; &nbsp; &nbsp; &nbsp; &nbsp; &nbsp; &nbsp; &nbsp; &nbsp; &nbsp; &nbsp;</span></span></span></strong></span></span></li>
</ul>

<p style=""margin-left:48px"">&nbsp;</p>

<p style=""margin-left:48px""><span style=""font-size:11pt""><span style=""font-family:&quot;Calibri&quot;,&quot;sans-serif&quot;""><span style=""font-size:14.0pt""><span style=""font-family:&quot;Times New Roman&quot;,&quot;serif&quot;""><span style=""color:black"">Referred by</span></span></span></span></span></p>

<p style=""margin-left:48px""><span style=""font-size:11pt""><span style=""font-family:&quot;Calibri&quot;,&quot;sans-serif&quot;""><span style=""font-size:14.0pt""><span style=""font-family:&quot;Times New Roman&quot;,&quot;serif&quot;""><span style=""color:black"">Reasons for referral</span></span></span></span></span></p>

<p style=""margin-left:48px""><span style=""font-size:11pt""><span style=""font-family:&quot;Calibri&quot;,&quot;sans-serif&quot;""><span style=""font-size:14.0pt""><span style=""font-family:&quot;Times New Roman&quot;,&quot;serif&quot;""><span style=""color:black"">Tests Administered</span></span></span></span></span></p>

<p style=""margin-left:48px"">&nbsp;</p>

<ul>
	<li><span style=""font-size:11pt""><span style=""font-family:&quot;Calibri&quot;,&quot;sans-serif&quot;""><strong><span style=""font-size:14.0pt""><span style=""font-family:&quot;Times New Roman&quot;,&quot;serif&quot;""><span style=""color:black"">BROUGHT BY</span></span></span></strong></span></span></li>
</ul>

<p style=""margin-left:48px"">&nbsp;</p>

<ul>
	<li><span style=""font-size:11pt""><span style=""font-family:&quot;Calibri&quot;,&quot;sans-serif&quot;""><strong><span style=""font-size:14.0pt""><span style=""font-family:&quot;Times New Roman&quot;,&quot;serif&quot;""><span style=""color:black"">PRESENTING COMPLAINTS</span></span></span></strong></span></span></li>
</ul>

<p style=""margin-left:48px"">&nbsp;</p>

<ul>
	<li><span style=""font-size:11pt""><span style=""font-family:&quot;Calibri&quot;,&quot;sans-serif&quot;""><strong><span style=""font-size:14.0pt""><span style=""font-family:&quot;Times New Roman&quot;,&quot;serif&quot;"">PHYSICAL DESCRIPTION</span></span></strong></span></span></li>
</ul>

<p>&nbsp;</p>

<ul>
	<li><span style=""font-size:11pt""><span style=""font-family:&quot;Calibri&quot;,&quot;sans-serif&quot;""><strong><span style=""font-size:14.0pt""><span style=""font-family:&quot;Times New Roman&quot;,&quot;serif&quot;""><span style=""color:black"">BACK GROUND INFORMATION &amp; PSY DIAGNOSIS</span></span></span></strong></span></span></li>
</ul>

<p>&nbsp;</p>

<ul>
	<li><span style=""font-size:11pt""><span style=""font-family:&quot;Calibri&quot;,&quot;sans-serif&quot;""><strong><span style=""font-size:14.0pt""><span style=""font-family:&quot;Times New Roman&quot;,&quot;serif&quot;""><span style=""color:black"">FAMILY HISTORY</span></span></span></strong></span></span></li>
</ul>

<p>&nbsp;</p>

<ul>
	<li><span style=""font-size:11pt""><span style=""font-family:&quot;Calibri&quot;,&quot;sans-serif&quot;""><strong><span style=""font-size:14.0pt""><span style=""font-family:&quot;Times New Roman&quot;,&quot;serif&quot;""><span style=""color:black"">DEVELOPMENTAL HISTORY </span></span></span></strong></span></span></li>
</ul>

<p>&nbsp;</p>

<ul>
	<li><span style=""font-size:11pt""><span style=""font-family:&quot;Calibri&quot;,&quot;sans-serif&quot;""><strong><span style=""font-size:14.0pt""><span style=""font-family:&quot;Times New Roman&quot;,&quot;serif&quot;""><span style=""color:black"">EDUCATIONAL HISTORY</span></span></span></strong></span></span></li>
</ul>

<p>&nbsp;</p>

<ul>
	<li><span style=""font-size:11pt""><span style=""font-family:&quot;Calibri&quot;,&quot;sans-serif&quot;""><strong><span style=""font-size:14.0pt""><span style=""font-family:&quot;Times New Roman&quot;,&quot;serif&quot;""><span style=""color:black"">OCCUPATIONAL HISTORY</span></span></span></strong></span></span></li>
</ul>

<p>&nbsp;</p>

<ul>
	<li><span style=""font-size:11pt""><span style=""font-family:&quot;Calibri&quot;,&quot;sans-serif&quot;""><strong><span style=""font-size:14.0pt""><span style=""font-family:&quot;Times New Roman&quot;,&quot;serif&quot;""><span style=""color:black"">PSYCHOSEXUAL HISTORY</span></span></span></strong></span></span></li>
</ul>

<p>&nbsp;</p>

<ul>
	<li><span style=""font-size:11pt""><span style=""font-family:&quot;Calibri&quot;,&quot;sans-serif&quot;""><strong><span style=""font-size:14.0pt""><span style=""font-family:&quot;Times New Roman&quot;,&quot;serif&quot;""><span style=""color:black"">DRUG HISTORY</span></span></span></strong></span></span></li>
</ul>

<p>&nbsp;</p>

<ul>
	<li><span style=""font-size:11pt""><span style=""font-family:&quot;Calibri&quot;,&quot;sans-serif&quot;""><strong><span style=""font-size:14.0pt""><span style=""font-family:&quot;Times New Roman&quot;,&quot;serif&quot;""><span style=""color:black"">FORENSIC HISTORY</span></span></span></strong></span></span></li>
</ul>

<p>&nbsp;</p>

<ul>
	<li><span style=""font-size:11pt""><span style=""font-family:&quot;Calibri&quot;,&quot;sans-serif&quot;""><strong><span style=""font-size:14.0pt""><span style=""font-family:&quot;Times New Roman&quot;,&quot;serif&quot;""><span style=""color:black"">ASSESSMENT FOR SUICIDAL INTENT</span></span></span></strong></span></span></li>
</ul>

<p>&nbsp;</p>

<ul>
	<li><span style=""font-size:11pt""><span style=""font-family:&quot;Calibri&quot;,&quot;sans-serif&quot;""><strong><span style=""font-size:14.0pt""><span style=""font-family:&quot;Times New Roman&quot;,&quot;serif&quot;""><span style=""color:black"">PREMORBID PERSONALITY</span></span></span></strong></span></span></li>
</ul>

<p>&nbsp;</p>

<ul>
	<li><span style=""font-size:11pt""><span style=""font-family:&quot;Calibri&quot;,&quot;sans-serif&quot;""><strong><span style=""font-size:14.0pt""><span style=""font-family:&quot;Times New Roman&quot;,&quot;serif&quot;""><span style=""color:black"">MENTAL STATE EXAMINATION</span></span></span></strong></span></span></li>
</ul>

<p>&nbsp;</p>

<ul>
	<li><span style=""font-size:11pt""><span style=""font-family:&quot;Calibri&quot;,&quot;sans-serif&quot;""><strong><span style=""font-size:14.0pt""><span style=""font-family:&quot;Times New Roman&quot;,&quot;serif&quot;""><span style=""color:black"">RESULT</span></span></span></strong><strong><span style=""font-size:14.0pt""><span style=""font-family:&quot;Times New Roman&quot;,&quot;serif&quot;"">S</span></span></strong></span></span></li>
</ul>
",Psychology Clerking,CLINICAL NOTE
1627,,CLINIC RISK ASSESSMENT TOOL,CLINICAL NOTE
1302,"<p><strong><span style=""font-size:10.0pt""><span style=""font-family:&quot;Tahoma&quot;,sans-serif"">BIODATA</span></span></strong></p>

<p><span style=""font-size:10.0pt""><span style=""font-family:&quot;Tahoma&quot;,sans-serif"">Name:&nbsp;</span></span></p>

<p><span style=""font-size:10.0pt""><span style=""font-family:&quot;Tahoma&quot;,sans-serif"">Address:</span></span></p>

<p><span style=""font-size:10.0pt""><span style=""font-family:&quot;Tahoma&quot;,sans-serif"">Date of Birth:</span></span></p>

<p><span style=""font-size:10.0pt""><span style=""font-family:&quot;Tahoma&quot;,sans-serif"">Age:</span></span></p>

<p><span style=""font-size:10.0pt""><span style=""font-family:&quot;Tahoma&quot;,sans-serif"">Religion</span></span><span style=""font-size:10.0pt""><span style=""font-family:&quot;Tahoma&quot;,sans-serif""> of parent:</span></span></p>

<p><span style=""font-size:10.0pt""><span style=""font-family:&quot;Tahoma&quot;,sans-serif"">Occupation:</span></span></p>

<p><span style=""font-size:10.0pt""><span style=""font-family:&quot;Tahoma&quot;,sans-serif"">Name of school:</span></span></p>

<p><span style=""font-size:10.0pt""><span style=""font-family:&quot;Tahoma&quot;,sans-serif"">Educational attainment:</span></span></p>

<p><span style=""font-size:10.0pt""><span style=""font-family:&quot;Tahoma&quot;,sans-serif"">Gender:</span></span></p>

<p><span style=""font-size:10.0pt""><span style=""font-family:&quot;Tahoma&quot;,sans-serif"">Marital status:</span></span></p>

<p><span style=""font-size:10.0pt""><span style=""font-family:&quot;Tahoma&quot;,sans-serif"">Ethnicity:</span></span></p>

<p>&nbsp;</p>

<p><strong><span style=""font-size:10.0pt""><span style=""font-family:&quot;Tahoma&quot;,sans-serif"">Vitals on presentation</span></span></strong></p>

<p><span style=""font-size:10.0pt""><span style=""font-family:&quot;Tahoma&quot;,sans-serif"">PR</span></span></p>

<p><span style=""font-size:10.0pt""><span style=""font-family:&quot;Tahoma&quot;,sans-serif"">BP</span></span></p>

<p><span style=""font-size:10.0pt""><span style=""font-family:&quot;Tahoma&quot;,sans-serif"">Weight</span></span></p>

<p><span style=""font-size:10.0pt""><span style=""font-family:&quot;Tahoma&quot;,sans-serif"">Head circumference&nbsp;</span></span></p>

<p><span style=""font-size:10.0pt""><span style=""font-family:&quot;Tahoma&quot;,sans-serif"">Mid-arm circumference</span></span></p>

<p><span style=""font-size:10.0pt""><span style=""font-family:&quot;Tahoma&quot;,sans-serif"">Height</span></span></p>

<p>&nbsp;</p>

<p><strong><span style=""font-size:10.0pt""><span style=""font-family:&quot;Tahoma&quot;,sans-serif"">Any notable physical deformities</span></span></strong></p>

<p>&nbsp;</p>

<p><strong><span style=""font-size:10.0pt""><span style=""font-family:&quot;Tahoma&quot;,sans-serif"">Autonomy</span></span></strong></p>

<p><span style=""font-size:10.0pt""><span style=""font-family:&quot;Tahoma&quot;,sans-serif"">Consent given by</span></span></p>

<p><span style=""font-size:10.0pt""><span style=""font-family:&quot;Tahoma&quot;,sans-serif"">Assent given by</span></span></p>

<p><strong><span style=""font-size:10.0pt""><span style=""font-family:&quot;Tahoma&quot;,sans-serif"">Informant(s)</span></span></strong></p>

<p><span style=""font-size:10.0pt""><span style=""font-family:&quot;Tahoma&quot;,sans-serif"">Relationship to patient and length of acquaintance</span></span></p>

<p><span style=""font-size:10.0pt""><span style=""font-family:&quot;Tahoma&quot;,sans-serif"">Interviewer&rsquo;s impression of informant&rsquo;s reliability</span></span></p>

<p>&nbsp;</p>

<p><strong><span style=""font-size:10.0pt""><span style=""font-family:&quot;Tahoma&quot;,sans-serif"">Source of referral&nbsp;</span></span></strong></p>

<p>&nbsp;</p>

<p><strong><span style=""font-size:10.0pt""><span style=""font-family:&quot;Tahoma&quot;,sans-serif"">Reason(s) for referral</span></span></strong></p>

<p><strong>&nbsp;&nbsp;&nbsp;&nbsp;&nbsp;&nbsp;&nbsp;&nbsp;&nbsp;&nbsp;&nbsp;&nbsp;&nbsp;&nbsp;&nbsp;&nbsp;&nbsp;&nbsp;&nbsp;&nbsp;&nbsp;&nbsp; </strong></p>

<p>&nbsp;</p>

<p>&nbsp;</p>

<p><strong><span style=""font-size:10.0pt""><span style=""font-family:&quot;Tahoma&quot;,sans-serif"">Reason(s) for consultation with durations</span></span></strong></p>

<p><span style=""font-size:10.0pt""><span style=""font-family:&quot;Tahoma&quot;,sans-serif"">Quote the parent and patients&rsquo; exact words with chronology of the symptoms.</span></span></p>

<p>&nbsp;</p>

<p>&nbsp;</p>

<p><span style=""font-size:11pt""><span style=""font-family:Calibri,sans-serif""><strong><span style=""font-size:10.0pt""><span style=""font-family:&quot;Tahoma&quot;,sans-serif"">General duration of symptoms</span></span></strong></span></span></p>

<h1><span style=""font-size:22pt""><span style=""font-family:Calibri,sans-serif""><span style=""font-size:10.0pt""><span style=""font-family:&quot;Tahoma&quot;,sans-serif"">History of Presenting Complaints </span></span></span></span></h1>

<h1>&nbsp;</h1>

<p>&nbsp;</p>

<p><strong><span style=""font-size:10.0pt""><span style=""font-family:&quot;Tahoma&quot;,sans-serif"">The effect of the child&rsquo;s problem his/her functioning</span></span></strong></p>

<p><span style=""font-size:10.0pt""><span style=""font-family:&quot;Tahoma&quot;,sans-serif"">Capacity for independent functioning</span></span></p>

<p><span style=""font-size:10.0pt""><span style=""font-family:&quot;Tahoma&quot;,sans-serif"">At school&nbsp;</span></span></p>

<p><span style=""font-size:10.0pt""><span style=""font-family:&quot;Tahoma&quot;,sans-serif"">Within the family&nbsp;</span></span></p>

<p><span style=""font-size:10.0pt""><span style=""font-family:&quot;Tahoma&quot;,sans-serif"">On child&rsquo;s relationship to other children</span></span></p>

<p>&nbsp;</p>

<p><strong><span style=""font-size:10.0pt""><span style=""font-family:&quot;Tahoma&quot;,sans-serif"">What </span></span></strong><strong><span style=""font-size:10.0pt""><span style=""font-family:&quot;Tahoma&quot;,sans-serif"">is th</span></span></strong><strong><span style=""font-size:10.0pt""><span style=""font-family:&quot;Tahoma&quot;,sans-serif"">e caregiver/parents </span></span></strong><strong><span style=""font-size:10.0pt""><span style=""font-family:&quot;Tahoma&quot;,sans-serif"">perception of the </span></span></strong><strong><span style=""font-size:10.0pt""><span style=""font-family:&quot;Tahoma&quot;,sans-serif"">&nbsp;likely causes of this problem</span></span></strong><span style=""font-size:10.0pt""><span style=""font-family:&quot;Tahoma&quot;,sans-serif"">&nbsp;</span></span></p>

<p>&nbsp;</p>

<p><span style=""font-size:10.0pt""><span style=""font-family:&quot;Tahoma&quot;,sans-serif"">What makes child&rsquo;s problem improve&nbsp;</span></span></p>

<p>&nbsp;</p>

<p><span style=""font-size:10.0pt""><span style=""font-family:&quot;Tahoma&quot;,sans-serif"">What makes child&rsquo;s problems worse?</span></span></p>

<p>&nbsp;</p>

<p>&nbsp;</p>

<p>&nbsp;</p>

<p>&nbsp;</p>

<p><strong><span style=""font-size:10.0pt""><span style=""font-family:&quot;Tahoma&quot;,sans-serif"">Past Psychiatric History</span></span></strong></p>

<ol>
	<li><span style=""font-size:11pt""><span style=""font-family:Calibri,sans-serif""><strong><span style=""font-size:10.0pt""><span style=""font-family:&quot;Tahoma&quot;,sans-serif"">Index episode</span></span></strong></span></span></li>
</ol>

<ul>
	<li><span style=""font-size:11pt""><span style=""font-family:Calibri,sans-serif""><span style=""font-size:10.0pt""><span style=""font-family:&quot;Tahoma&quot;,sans-serif"">Year of occurrence</span></span></span></span></li>
	<li><span style=""font-size:11pt""><span style=""font-family:Calibri,sans-serif""><span style=""font-size:10.0pt""><span style=""font-family:&quot;Tahoma&quot;,sans-serif"">Diagnosis given</span></span></span></span></li>
	<li><span style=""font-size:11pt""><span style=""font-family:Calibri,sans-serif""><span style=""font-size:10.0pt""><span style=""font-family:&quot;Tahoma&quot;,sans-serif"">Duration of the illness</span></span></span></span></li>
	<li><span style=""font-size:11pt""><span style=""font-family:Calibri,sans-serif""><span style=""font-size:10.0pt""><span style=""font-family:&quot;Tahoma&quot;,sans-serif"">Where was it treated &ndash; orthodox, herbal, religious e.t.c.</span></span></span></span></li>
	<li><span style=""font-size:11pt""><span style=""font-family:Calibri,sans-serif""><span style=""font-size:10.0pt""><span style=""font-family:&quot;Tahoma&quot;,sans-serif"">Type of treatment(s) given &ndash; drugs, herbs, floggings, tattoos, prayers e.t.c.</span></span></span></span></li>
	<li><span style=""font-size:11pt""><span style=""font-family:Calibri,sans-serif""><span style=""font-size:10.0pt""><span style=""font-family:&quot;Tahoma&quot;,sans-serif"">Attempts at rehabilitation</span></span></span></span></li>
	<li><span style=""font-size:11pt""><span style=""font-family:Calibri,sans-serif""><span style=""font-size:10.0pt""><span style=""font-family:&quot;Tahoma&quot;,sans-serif"">Outcome of or response to treatment &ndash; full or partial remission</span></span></span></span></li>
	<li><span style=""font-size:11pt""><span style=""font-family:Calibri,sans-serif""><span style=""font-size:10.0pt""><span style=""font-family:&quot;Tahoma&quot;,sans-serif"">Social &amp; occupational functioning after treatment&nbsp; - full or partial.</span></span></span></span></li>
	<li><span style=""font-size:11pt""><span style=""font-family:Calibri,sans-serif""><span style=""font-size:10.0pt""><span style=""font-family:&quot;Tahoma&quot;,sans-serif"">Follow-up given thereafter.</span></span></span></span></li>
</ul>

<p>&nbsp;</p>

<ol start=""2"">
	<li><span style=""font-size:11pt""><span style=""font-family:Calibri,sans-serif""><strong><span style=""font-size:10.0pt""><span style=""font-family:&quot;Tahoma&quot;,sans-serif"">Recurrence</span></span></strong></span></span></li>
</ol>

<ul>
	<li><span style=""font-size:11pt""><span style=""font-family:Calibri,sans-serif""><span style=""font-size:10.0pt""><span style=""font-family:&quot;Tahoma&quot;,sans-serif"">Duration of remission before recurrence</span></span></span></span></li>
	<li><span style=""font-size:11pt""><span style=""font-family:Calibri,sans-serif""><span style=""font-size:10.0pt""><span style=""font-family:&quot;Tahoma&quot;,sans-serif"">Reason for recurrence if known</span></span></span></span></li>
	<li><span style=""font-size:11pt""><span style=""font-family:Calibri,sans-serif""><span style=""font-size:10.0pt""><span style=""font-family:&quot;Tahoma&quot;,sans-serif"">Year of recurrence</span></span></span></span></li>
	<li><span style=""font-size:11pt""><span style=""font-family:Calibri,sans-serif""><span style=""font-size:10.0pt""><span style=""font-family:&quot;Tahoma&quot;,sans-serif"">Diagnosis given</span></span></span></span></li>
	<li><span style=""font-size:11pt""><span style=""font-family:Calibri,sans-serif""><span style=""font-size:10.0pt""><span style=""font-family:&quot;Tahoma&quot;,sans-serif"">Duration of the illness</span></span></span></span></li>
	<li><span style=""font-size:11pt""><span style=""font-family:Calibri,sans-serif""><span style=""font-size:10.0pt""><span style=""font-family:&quot;Tahoma&quot;,sans-serif"">Where was it treated &ndash; orthodox, herbal, religious etc.</span></span></span></span></li>
	<li><span style=""font-size:11pt""><span style=""font-family:Calibri,sans-serif""><span style=""font-size:10.0pt""><span style=""font-family:&quot;Tahoma&quot;,sans-serif"">Type of treatment given &ndash; drugs, herbs, floggings, tattoos, prayers etc.</span></span></span></span></li>
	<li><span style=""font-size:11pt""><span style=""font-family:Calibri,sans-serif""><span style=""font-size:10.0pt""><span style=""font-family:&quot;Tahoma&quot;,sans-serif"">Attempts at rehabilitation</span></span></span></span></li>
	<li><span style=""font-size:11pt""><span style=""font-family:Calibri,sans-serif""><span style=""font-size:10.0pt""><span style=""font-family:&quot;Tahoma&quot;,sans-serif"">Outcome of or response to treatment &ndash; full or partial remission</span></span></span></span></li>
	<li><span style=""font-size:11pt""><span style=""font-family:Calibri,sans-serif""><span style=""font-size:10.0pt""><span style=""font-family:&quot;Tahoma&quot;,sans-serif"">Social &amp; occupational functioning after treatment&nbsp; - full or partial.</span></span></span></span></li>
	<li><span style=""font-size:11pt""><span style=""font-family:Calibri,sans-serif""><span style=""font-size:10.0pt""><span style=""font-family:&quot;Tahoma&quot;,sans-serif"">Follow-up given thereafter.</span></span></span></span></li>
</ul>

<p>&nbsp;</p>

<p><strong><span style=""font-size:10.0pt""><span style=""font-family:&quot;Tahoma&quot;,sans-serif"">List other episodes by their year of </span></span></strong><strong><span style=""font-size:10.0pt""><span style=""font-family:&quot;Tahoma&quot;,sans-serif"">re-recurrence</span></span></strong><strong><span style=""font-size:10.0pt""><span style=""font-family:&quot;Tahoma&quot;,sans-serif""> and their</span></span></strong><strong><span style=""font-size:10.0pt""><span style=""font-family:&quot;Tahoma&quot;,sans-serif"">&nbsp;outcome</span></span></strong></p>

<p>&nbsp;</p>

<table cellspacing=""0"" class=""MsoTableGrid"" style=""border-collapse:collapse; border:none"">
	<tbody>
		<tr>
			<td style=""border-bottom:none; border-left:none; border-right:1px solid black; border-top:none; vertical-align:top; width:102px"">
			<p style=""text-align:left""><strong><span style=""font-size:10.0pt""><span style=""font-family:&quot;Tahoma&quot;,sans-serif"">Years of occurrence</span></span></strong></p>
			</td>
			<td style=""border-bottom:none; border-left:none; border-right:none; border-top:none; vertical-align:top; width:537px"">
			<p style=""text-align:justify"">&nbsp;</p>

			<p style=""text-align:justify""><strong><span style=""font-size:10.0pt""><span style=""font-family:&quot;Tahoma&quot;,sans-serif"">OUTCOME</span></span></strong></p>
			</td>
		</tr>
		<tr>
			<td style=""border-bottom:1px solid black; border-left:none; border-right:1px solid black; border-top:none; vertical-align:top; width:102px"">
			<p style=""text-align:justify""><span style=""font-size:10.0pt""><span style=""font-family:&quot;Tahoma&quot;,sans-serif"">3.</span></span></p>
			</td>
			<td style=""border-bottom:1px solid black; border-left:none; border-right:none; border-top:none; vertical-align:top; width:537px"">
			<p style=""text-align:justify"">&nbsp;</p>
			</td>
		</tr>
		<tr>
			<td style=""border-bottom:1px solid black; border-left:none; border-right:1px solid black; border-top:none; vertical-align:top; width:102px"">
			<p style=""text-align:justify""><span style=""font-size:10.0pt""><span style=""font-family:&quot;Tahoma&quot;,sans-serif"">4.</span></span></p>
			</td>
			<td style=""border-bottom:1px solid black; border-left:none; border-right:none; border-top:none; vertical-align:top; width:537px"">
			<p style=""text-align:justify"">&nbsp;</p>
			</td>
		</tr>
		<tr>
			<td style=""border-bottom:1px solid black; border-left:none; border-right:1px solid black; border-top:none; vertical-align:top; width:102px"">
			<p style=""text-align:justify""><span style=""font-size:10.0pt""><span style=""font-family:&quot;Tahoma&quot;,sans-serif"">5.</span></span></p>
			</td>
			<td style=""border-bottom:1px solid black; border-left:none; border-right:none; border-top:none; vertical-align:top; width:537px"">
			<p style=""text-align:justify"">&nbsp;</p>
			</td>
		</tr>
		<tr>
			<td style=""border-bottom:1px solid black; border-left:none; border-right:1px solid black; border-top:none; vertical-align:top; width:102px"">
			<p style=""text-align:justify""><span style=""font-size:10.0pt""><span style=""font-family:&quot;Tahoma&quot;,sans-serif"">6.</span></span></p>
			</td>
			<td style=""border-bottom:1px solid black; border-left:none; border-right:none; border-top:none; vertical-align:top; width:537px"">
			<p style=""text-align:justify"">&nbsp;</p>
			</td>
		</tr>
		<tr>
			<td style=""border-bottom:1px solid black; border-left:none; border-right:1px solid black; border-top:none; vertical-align:top; width:102px"">
			<p style=""text-align:justify""><span style=""font-size:10.0pt""><span style=""font-family:&quot;Tahoma&quot;,sans-serif"">7.</span></span></p>
			</td>
			<td style=""border-bottom:1px solid black; border-left:none; border-right:none; border-top:none; vertical-align:top; width:537px"">
			<p style=""text-align:justify"">&nbsp;</p>
			</td>
		</tr>
		<tr>
			<td style=""border-bottom:none; border-left:none; border-right:1px solid black; border-top:none; vertical-align:top; width:102px"">
			<p style=""text-align:justify""><span style=""font-size:10.0pt""><span style=""font-family:&quot;Tahoma&quot;,sans-serif"">8.</span></span></p>
			</td>
			<td style=""border-bottom:none; border-left:none; border-right:none; border-top:none; vertical-align:top; width:537px"">
			<p style=""text-align:justify"">&nbsp;</p>
			</td>
		</tr>
	</tbody>
</table>

<p>&nbsp;</p>

<p>&nbsp;</p>

<p>&nbsp;</p>

<p>&nbsp;</p>

<p><strong><span style=""font-size:10.0pt""><span style=""font-family:&quot;Tahoma&quot;,sans-serif"">Past Medical History</span></span></strong></p>

<p><span style=""font-size:10.0pt""><span style=""font-family:&quot;Tahoma&quot;,sans-serif"">What other Health condition has the child suffered from in the past?</span></span></p>

<p><span style=""font-size:10.0pt""><span style=""font-family:&quot;Tahoma&quot;,sans-serif"">Hypertension&nbsp;</span></span></p>

<p><span style=""font-size:10.0pt""><span style=""font-family:&quot;Tahoma&quot;,sans-serif"">Diabetes&nbsp;</span></span></p>

<p><span style=""font-size:10.0pt""><span style=""font-family:&quot;Tahoma&quot;,sans-serif"">sickle cell disease&nbsp;</span></span></p>

<p><span style=""font-size:10.0pt""><span style=""font-family:&quot;Tahoma&quot;,sans-serif"">Recurrent Seizures&nbsp;</span></span></p>

<p><span style=""font-size:10.0pt""><span style=""font-family:&quot;Tahoma&quot;,sans-serif"">Type of </span></span><span style=""font-size:10.0pt""><span style=""font-family:&quot;Tahoma&quot;,sans-serif"">s</span></span><span style=""font-size:10.0pt""><span style=""font-family:&quot;Tahoma&quot;,sans-serif"">eizure&nbsp;</span></span></p>

<p><span style=""font-size:10.0pt""><span style=""font-family:&quot;Tahoma&quot;,sans-serif"">Duration of seizures&nbsp;</span></span></p>

<p><span style=""font-size:10.0pt""><span style=""font-family:&quot;Tahoma&quot;,sans-serif"">Frequency of seizures&nbsp;</span></span></p>

<p><span style=""font-size:10.0pt""><span style=""font-family:&quot;Tahoma&quot;,sans-serif"">Description (tick as appropriate) &hellip;&hellip;&hellip;&hellip;&hellip;&hellip;&hellip;&hellip;.tonic, clonic jerks, foaming at the mouth, loss of consciousness, wedged jaws, urinary incontinence, feacal incontinence, no loss of consciousness, body part involved, loss of tone, rigidity of muscles, repeated eye blinking, sleep afterwards, disorientation, irrational behaviour, confusion,&hellip;&hellip;&hellip;&hellip;&hellip;&hellip;</span></span></p>

<p>&nbsp;</p>

<p><span style=""font-size:10.0pt""><span style=""font-family:&quot;Tahoma&quot;,sans-serif"">Others&nbsp;</span></span></p>

<p>&nbsp;</p>

<p><span style=""font-size:10.0pt""><span style=""font-family:&quot;Tahoma&quot;,sans-serif"">Mention any other Medical</span></span><span style=""font-size:10.0pt""><span style=""font-family:&quot;Tahoma&quot;,sans-serif""> c</span></span><span style=""font-size:10.0pt""><span style=""font-family:&quot;Tahoma&quot;,sans-serif"">ondition(s)</span></span>&nbsp;&nbsp;</p>

<p>&nbsp;</p>

<p><strong><u><span style=""font-size:10.0pt""><span style=""font-family:&quot;Tahoma&quot;,sans-serif"">Family Tree and Family History</span></span></u></strong></p>

<p>&nbsp;</p>

<p>&nbsp;</p>
",CHILD AND ADOLESCENT PSYCHIATRY CLERKING TEMPLATE,CLINICAL NOTE
1629,"<p style=""margin-left:48px"">&nbsp;</p>

<ol>
	<li><span style=""font-size:14px""><span style=""font-family:Calibri,sans-serif""><strong>PRESENTING COMPLAI</strong>NT:</span></span></li>
</ol>

<p>&nbsp;</p>

<p><span style=""font-size:14px""><span style=""font-family:Calibri,sans-serif"">&nbsp;&nbsp;<strong>&nbsp;&nbsp; 2.&nbsp; HISTORY OF PRESENTING COMPLAINT:</strong></span></span></p>

<p>&nbsp;</p>

<p>&nbsp;</p>

<p><span style=""font-size:14px""><span style=""font-family:Calibri,sans-serif""><strong>&nbsp;&nbsp;&nbsp;&nbsp; 3.&nbsp;&nbsp;&nbsp;&nbsp;&nbsp;&nbsp;&nbsp; GENERAL EXAMINATION</strong></span></span></p>

<ul style=""list-style-type:square"">
	<li><span style=""font-size:11pt""><span style=""font-family:Calibri,sans-serif""><span style=""font-size:14.0pt"">PALOR&nbsp;&nbsp;&nbsp;&nbsp; &nbsp;&nbsp;&nbsp;&nbsp;&nbsp;&nbsp;&nbsp;&nbsp;&nbsp;&nbsp;&nbsp;&nbsp;&nbsp;&nbsp;&nbsp;&nbsp;&nbsp;&nbsp;&nbsp;&nbsp;&nbsp;&nbsp;&nbsp;&nbsp;&nbsp;&nbsp;&nbsp;&nbsp;&nbsp;&nbsp;&nbsp;&nbsp;&nbsp;&nbsp;&nbsp;&nbsp;&nbsp;&nbsp;&nbsp;&nbsp;&nbsp;&nbsp;&nbsp;&nbsp;&nbsp;&nbsp;&nbsp;&nbsp;&nbsp;&nbsp;&nbsp;&nbsp;&nbsp;&nbsp;&nbsp;&nbsp;&nbsp;&nbsp;&nbsp;&nbsp;&nbsp;&nbsp;&nbsp;Yes/ No</span></span></span></li>
	<li><span style=""font-size:11pt""><span style=""font-family:Calibri,sans-serif""><span style=""font-size:14.0pt"">FEBRILE&nbsp;&nbsp; &nbsp;&nbsp;&nbsp;&nbsp;&nbsp;&nbsp;&nbsp;&nbsp;&nbsp;&nbsp;&nbsp;&nbsp;&nbsp;&nbsp;&nbsp;&nbsp;&nbsp;&nbsp;&nbsp;&nbsp;&nbsp;&nbsp;&nbsp;&nbsp;&nbsp;&nbsp;&nbsp;&nbsp;&nbsp;&nbsp;&nbsp;&nbsp;&nbsp;&nbsp;&nbsp;&nbsp;&nbsp;&nbsp;&nbsp;&nbsp;&nbsp;&nbsp;&nbsp;&nbsp;&nbsp;&nbsp;&nbsp;&nbsp;&nbsp;&nbsp;&nbsp;&nbsp;&nbsp;&nbsp;&nbsp;&nbsp;&nbsp;&nbsp;&nbsp;&nbsp;&nbsp;&nbsp;&nbsp;Yes/ No</span></span></span></li>
	<li><span style=""font-size:11pt""><span style=""font-family:Calibri,sans-serif""><span style=""font-size:14.0pt"">DEHYDRATION &nbsp;&nbsp;&nbsp;&nbsp;&nbsp;&nbsp;&nbsp;&nbsp;&nbsp;&nbsp;&nbsp;&nbsp;&nbsp;&nbsp;&nbsp;&nbsp;&nbsp;&nbsp;&nbsp;&nbsp;&nbsp;&nbsp;&nbsp;&nbsp;&nbsp;&nbsp;&nbsp;&nbsp;&nbsp;&nbsp;&nbsp;&nbsp;&nbsp;&nbsp;&nbsp;&nbsp;&nbsp;&nbsp;&nbsp;&nbsp;&nbsp;&nbsp;&nbsp;&nbsp;&nbsp;&nbsp;&nbsp;&nbsp;&nbsp;&nbsp;&nbsp;&nbsp;&nbsp;Yes /No</span></span></span></li>
	<li><span style=""font-size:11pt""><span style=""font-family:Calibri,sans-serif""><span style=""font-size:14.0pt"">CYANOSIS&nbsp;&nbsp;&nbsp; &nbsp;&nbsp;&nbsp;&nbsp;&nbsp;&nbsp;&nbsp;&nbsp;&nbsp;&nbsp;&nbsp;&nbsp;&nbsp;&nbsp;&nbsp;&nbsp;&nbsp;&nbsp;&nbsp;&nbsp;&nbsp;&nbsp;&nbsp;&nbsp;&nbsp;&nbsp;&nbsp;&nbsp;&nbsp;&nbsp;&nbsp;&nbsp;&nbsp;&nbsp;&nbsp;&nbsp;&nbsp;&nbsp;&nbsp;&nbsp;&nbsp;&nbsp;&nbsp;&nbsp;&nbsp;&nbsp;&nbsp;&nbsp;&nbsp;&nbsp;&nbsp;&nbsp;&nbsp;&nbsp;&nbsp;&nbsp;&nbsp;&nbsp;&nbsp;Yes/No </span></span></span></li>
	<li><span style=""font-size:11pt""><span style=""font-family:Calibri,sans-serif""><span style=""font-size:14.0pt"">OBVIOUS PAINFUL DISTRESS&nbsp; &nbsp;&nbsp;&nbsp;&nbsp;&nbsp;&nbsp;&nbsp;&nbsp;&nbsp;&nbsp;&nbsp;&nbsp;&nbsp;&nbsp;&nbsp;&nbsp;&nbsp;&nbsp;&nbsp;&nbsp;&nbsp;&nbsp;&nbsp;&nbsp;&nbsp;&nbsp;&nbsp;&nbsp;Yes /No&nbsp; </span></span></span></li>
	<li><span style=""font-size:11pt""><span style=""font-family:Calibri,sans-serif""><span style=""font-size:14.0pt"">JAUNDICE&nbsp;&nbsp;&nbsp;&nbsp;&nbsp;&nbsp;&nbsp;&nbsp;&nbsp;&nbsp;&nbsp;&nbsp;&nbsp;&nbsp;&nbsp;&nbsp;&nbsp;&nbsp;&nbsp;&nbsp;&nbsp;&nbsp;&nbsp;&nbsp;&nbsp; &nbsp;&nbsp;&nbsp;&nbsp;&nbsp;&nbsp;&nbsp;&nbsp;&nbsp;&nbsp;&nbsp;&nbsp;&nbsp;&nbsp;&nbsp;&nbsp;&nbsp;&nbsp;&nbsp;&nbsp;&nbsp;&nbsp;&nbsp;&nbsp;&nbsp;&nbsp;&nbsp;&nbsp;&nbsp;&nbsp;&nbsp;&nbsp;&nbsp;&nbsp;&nbsp;&nbsp;&nbsp;&nbsp;Yes /No</span></span></span></li>
	<li><span style=""font-size:11pt""><span style=""font-family:Calibri,sans-serif""><span style=""font-size:14.0pt"">FIUFFY HAIR&nbsp;&nbsp;&nbsp;&nbsp;&nbsp;&nbsp;&nbsp;&nbsp;&nbsp;&nbsp;&nbsp;&nbsp;&nbsp;&nbsp;&nbsp;&nbsp;&nbsp;&nbsp;&nbsp;&nbsp;&nbsp;&nbsp; &nbsp;&nbsp;&nbsp;&nbsp;&nbsp;&nbsp;&nbsp;&nbsp;&nbsp;&nbsp;&nbsp;&nbsp;&nbsp;&nbsp;&nbsp;&nbsp;&nbsp;&nbsp;&nbsp;&nbsp;&nbsp;&nbsp;&nbsp;&nbsp;&nbsp;&nbsp;&nbsp;&nbsp;&nbsp;&nbsp;&nbsp;&nbsp;&nbsp;&nbsp;&nbsp;&nbsp;&nbsp;Yes/No</span></span></span></li>
	<li><span style=""font-size:11pt""><span style=""font-family:Calibri,sans-serif""><span style=""font-size:14.0pt"">LYMPHADENOPATY&nbsp;&nbsp;&nbsp;&nbsp;&nbsp;&nbsp;&nbsp;&nbsp;&nbsp;&nbsp; &nbsp;&nbsp;&nbsp;&nbsp;&nbsp;&nbsp;&nbsp;&nbsp;&nbsp;&nbsp;&nbsp;&nbsp;&nbsp;&nbsp;&nbsp;&nbsp;&nbsp;&nbsp;&nbsp;&nbsp;&nbsp;&nbsp;&nbsp;&nbsp;&nbsp;&nbsp;&nbsp;&nbsp;&nbsp;&nbsp;&nbsp;&nbsp;&nbsp;&nbsp;&nbsp;&nbsp;Yes/ No</span></span></span></li>
</ul>

<ul>
	<li><span style=""font-size:11pt""><span style=""font-family:Calibri,sans-serif""><span style=""font-size:14.0pt"">If &lsquo;Yes&rsquo; specify.&nbsp;&nbsp;&nbsp;&nbsp;&nbsp; </span></span></span></li>
</ul>

<ul style=""list-style-type:square"">
	<li><span style=""font-size:11pt""><span style=""font-family:Calibri,sans-serif""><span style=""font-size:14.0pt"">DIGITAL CUBBING&nbsp;&nbsp;&nbsp;&nbsp;&nbsp;&nbsp;&nbsp;&nbsp;&nbsp;&nbsp;&nbsp;&nbsp;&nbsp; &nbsp;&nbsp;&nbsp;&nbsp;&nbsp;&nbsp;&nbsp;&nbsp;&nbsp;&nbsp;&nbsp;&nbsp;&nbsp;&nbsp;&nbsp;&nbsp;&nbsp;&nbsp;&nbsp;&nbsp;&nbsp;&nbsp;&nbsp;&nbsp;&nbsp;&nbsp;&nbsp;&nbsp;&nbsp;&nbsp;&nbsp;&nbsp;&nbsp;&nbsp;&nbsp;</span></span></span></li>
</ul>

<ul>
	<li><span style=""font-size:11pt""><span style=""font-family:Calibri,sans-serif""><span style=""font-size:14.0pt"">If present : grade.&nbsp;&nbsp;&nbsp;&nbsp;&nbsp;&nbsp;&nbsp;&nbsp;&nbsp;&nbsp;&nbsp;&nbsp;&nbsp;&nbsp;&nbsp;&nbsp;&nbsp;&nbsp;&nbsp;&nbsp;&nbsp;&nbsp;&nbsp; Yes/No</span></span></span></li>
</ul>

<ul style=""list-style-type:square"">
	<li><span style=""font-size:11pt""><span style=""font-family:Calibri,sans-serif""><span style=""font-size:14.0pt"">PEDAL OEDEMA :&nbsp;&nbsp; LEFT&nbsp;&nbsp; &nbsp;:&nbsp;&nbsp;&nbsp; &nbsp;&nbsp;&nbsp;&nbsp;&nbsp;&nbsp;&nbsp;&nbsp;&nbsp;&nbsp;&nbsp;&nbsp;&nbsp;&nbsp;&nbsp;&nbsp;&nbsp;&nbsp;&nbsp;&nbsp;&nbsp;&nbsp;&nbsp;&nbsp;&nbsp;&nbsp;&nbsp;&nbsp;&nbsp;&nbsp;&nbsp;&nbsp;&nbsp;Yes /No</span></span></span></li>
</ul>

<p><span style=""font-size:11pt""><span style=""font-family:Calibri,sans-serif""><span style=""font-size:14.0pt"">&nbsp;&nbsp;&nbsp;&nbsp;&nbsp;&nbsp;&nbsp;&nbsp;&nbsp;&nbsp;&nbsp;&nbsp;&nbsp;&nbsp;&nbsp;&nbsp;&nbsp;&nbsp;&nbsp;&nbsp;&nbsp;&nbsp;&nbsp;&nbsp;&nbsp;&nbsp;&nbsp;&nbsp;&nbsp;&nbsp;&nbsp; RIGHT&nbsp; :&nbsp;&nbsp;&nbsp;&nbsp;&nbsp;&nbsp; &nbsp;&nbsp;&nbsp;&nbsp;&nbsp;&nbsp;&nbsp;&nbsp;&nbsp;&nbsp;&nbsp;&nbsp;&nbsp;&nbsp;&nbsp;&nbsp;&nbsp;&nbsp;&nbsp;&nbsp;&nbsp;&nbsp;</span><span style=""font-size:16.0pt"">&nbsp;&nbsp;&nbsp;&nbsp;&nbsp;&nbsp;&nbsp;&nbsp;&nbsp;&nbsp;&nbsp;&nbsp;&nbsp;Yes/No</span></span></span></p>

<ul>
	<li><span style=""font-size:11pt""><span style=""font-family:Calibri,sans-serif""><span style=""font-size:16.0pt"">If &lsquo;</span><span style=""font-size:14.0pt"">yes&rsquo;&nbsp;&nbsp;&nbsp;&nbsp;&nbsp;&nbsp; PITTING/NON-PITTING</span></span></span></li>
</ul>

<p><span style=""font-size:11pt""><span style=""font-family:Calibri,sans-serif""><strong><span style=""font-size:16.0pt"">4. CNS&nbsp; :&nbsp;&nbsp;&nbsp; &nbsp;&nbsp;&nbsp;&nbsp;&nbsp;&nbsp;&nbsp;&nbsp;&nbsp;&nbsp;&nbsp;&nbsp;&nbsp;&nbsp;&nbsp;&nbsp;&nbsp;&nbsp;&nbsp;&nbsp;&nbsp;&nbsp;&nbsp;&nbsp;&nbsp;&nbsp;&nbsp;&nbsp;&nbsp;&nbsp;&nbsp;&nbsp;&nbsp;&nbsp;</span></strong></span></span></p>

<p><span style=""font-size:11pt""><span style=""font-family:Calibri,sans-serif""><span style=""font-size:14.0pt"">&nbsp;&nbsp;&nbsp;&nbsp;&nbsp; Conscom : &nbsp;&nbsp;&nbsp;&nbsp;&nbsp;&nbsp;&nbsp;&nbsp;&nbsp;&nbsp;&nbsp;&nbsp;&nbsp;&nbsp;&nbsp;&nbsp;&nbsp;&nbsp;&nbsp;&nbsp;&nbsp;</span></span></span></p>

<p><span style=""font-size:11pt""><span style=""font-family:Calibri,sans-serif""><span style=""font-size:14.0pt"">&nbsp;&nbsp;&nbsp;&nbsp;&nbsp;&nbsp; Orientation: time&nbsp;&nbsp;&nbsp;&nbsp;&nbsp;&nbsp;&nbsp;&nbsp;&nbsp; </span></span></span></p>

<p><span style=""font-size:11pt""><span style=""font-family:Calibri,sans-serif""><span style=""font-size:14.0pt"">&nbsp;&nbsp;&nbsp;&nbsp;&nbsp;&nbsp;&nbsp;&nbsp;&nbsp;&nbsp;&nbsp;&nbsp;&nbsp;&nbsp;&nbsp;&nbsp;&nbsp;&nbsp;&nbsp;&nbsp;&nbsp;&nbsp;&nbsp;&nbsp;&nbsp;&nbsp;&nbsp;&nbsp;&nbsp; Place.&nbsp;&nbsp;&nbsp;&nbsp;&nbsp;&nbsp;&nbsp; </span></span></span></p>

<p><span style=""font-size:11pt""><span style=""font-family:Calibri,sans-serif""><span style=""font-size:14.0pt"">&nbsp;&nbsp;&nbsp;&nbsp;&nbsp;&nbsp;&nbsp;&nbsp;&nbsp;&nbsp;&nbsp;&nbsp;&nbsp;&nbsp;&nbsp;&nbsp;&nbsp;&nbsp;&nbsp;&nbsp;&nbsp;&nbsp;&nbsp;&nbsp;&nbsp;&nbsp;&nbsp;&nbsp;&nbsp;&nbsp; Person.&nbsp;&nbsp;&nbsp; </span></span></span></p>

<p><span style=""font-size:11pt""><span style=""font-family:Calibri,sans-serif""><span style=""font-size:14.0pt"">&nbsp;&nbsp;&nbsp;&nbsp; Memory intact: Long&nbsp;&nbsp;&nbsp;&nbsp;&nbsp; </span></span></span></p>

<p><span style=""font-size:11pt""><span style=""font-family:Calibri,sans-serif""><span style=""font-size:14.0pt"">&nbsp;&nbsp;&nbsp;&nbsp;&nbsp;&nbsp;&nbsp;&nbsp;&nbsp;&nbsp;&nbsp;&nbsp;&nbsp;&nbsp;&nbsp;&nbsp;&nbsp;&nbsp;&nbsp;&nbsp;&nbsp;&nbsp;&nbsp;&nbsp;&nbsp;&nbsp;&nbsp;&nbsp;&nbsp; &nbsp;&nbsp;&nbsp;Short&nbsp;&nbsp;&nbsp;&nbsp;&nbsp;&nbsp;&nbsp; </span></span></span></p>

<p><span style=""font-size:11pt""><span style=""font-family:Calibri,sans-serif""><span style=""font-size:16.0pt"">&nbsp;&nbsp;&nbsp; Pupil </span><span style=""font-size:14.0pt"">:&nbsp;&nbsp;&nbsp;&nbsp;&nbsp;&nbsp;&nbsp;&nbsp;&nbsp;&nbsp;&nbsp;&nbsp; Normal&nbsp;&nbsp;&nbsp;&nbsp;&nbsp;&nbsp;&nbsp;&nbsp;&nbsp;&nbsp;&nbsp;&nbsp;&nbsp;&nbsp;&nbsp;&nbsp;&nbsp;&nbsp; Abnormal</span></span></span></p>

<p><span style=""font-size:11pt""><span style=""font-family:Calibri,sans-serif"">&nbsp;&nbsp;&nbsp;&nbsp;&nbsp;&nbsp;&nbsp;&nbsp;&nbsp;&nbsp;&nbsp;&nbsp;&nbsp;&nbsp;&nbsp;&nbsp;&nbsp;&nbsp;&nbsp;&nbsp;&nbsp;&nbsp;&nbsp;&nbsp;&nbsp;&nbsp; </span></span></p>

<p><span style=""font-size:11pt""><span style=""font-family:Calibri,sans-serif""><span style=""font-size:14.0pt"">If abnormal specify &hellip;&hellip;&hellip;&hellip;..</span></span></span></p>

<p><span style=""font-size:11pt""><span style=""font-family:Calibri,sans-serif""><span style=""font-size:14.0pt"">Focal Nenolofic deficit &nbsp;&nbsp;Yes /No</span></span></span></p>

<p>&nbsp;</p>

<ul>
	<li><span style=""font-size:11pt""><span style=""font-family:Calibri,sans-serif""><span style=""font-size:16.0pt"">If &lsquo;Yes&rsquo; specify&nbsp; &hellip;&hellip;&hellip;..</span></span></span></li>
</ul>

<p><span style=""font-size:11pt""><span style=""font-family:Calibri,sans-serif""><span style=""font-size:14.0pt"">Tone:&nbsp;&nbsp;&nbsp;&nbsp;&nbsp;&nbsp;&nbsp;&nbsp;&nbsp;&nbsp; Normal&nbsp;&nbsp;&nbsp;&nbsp;&nbsp;&nbsp;&nbsp;&nbsp;&nbsp;&nbsp;&nbsp;&nbsp;&nbsp;&nbsp;&nbsp;&nbsp;&nbsp;&nbsp;&nbsp; Abnormal</span></span></span></p>

<p><span style=""font-size:11pt""><span style=""font-family:Calibri,sans-serif""><span style=""font-size:14.0pt"">&nbsp;&nbsp;&nbsp;&nbsp;&nbsp;&nbsp;&nbsp;&nbsp;&nbsp;&nbsp;&nbsp;&nbsp;&nbsp;&nbsp;&nbsp;&nbsp;&nbsp;&nbsp;&nbsp;&nbsp; If abnormal specify</span><span style=""font-size:16.0pt"">:&nbsp;&nbsp;&nbsp;&nbsp;&nbsp;&nbsp;&nbsp;&nbsp;&nbsp;&nbsp;&nbsp; </span></span></span></p>

<p><span style=""font-size:11pt""><span style=""font-family:Calibri,sans-serif""><strong><span style=""font-size:16.0pt"">5.&nbsp;&nbsp; CHEST:</span></strong></span></span></p>

<ul style=""list-style-type:square"">
	<li><span style=""font-size:11pt""><span style=""font-family:Calibri,sans-serif""><span style=""font-size:14.0pt"">Respiration Distress:&nbsp;&nbsp;&nbsp;&nbsp;&nbsp;&nbsp;&nbsp;&nbsp;&nbsp; Yes/ No</span></span></span></li>
	<li><span style=""font-size:11pt""><span style=""font-family:Calibri,sans-serif""><span style=""font-size:14.0pt"">Respiration Rate :&nbsp;&nbsp;&nbsp;&nbsp;&nbsp;&nbsp;&nbsp;&nbsp;&nbsp;&nbsp;&nbsp;&nbsp;&nbsp;&nbsp; &nbsp;&nbsp;SPO2</span></span></span></li>
	<li><span style=""font-size:11pt""><span style=""font-family:Calibri,sans-serif""><span style=""font-size:14.0pt"">Chest Expansion&nbsp; :&nbsp; &nbsp;&nbsp;&nbsp;Normal&nbsp;&nbsp;&nbsp;&nbsp;&nbsp;&nbsp; &nbsp;&nbsp;&nbsp;&nbsp;&nbsp;&nbsp;&nbsp;&nbsp;Reduced</span></span></span></li>
</ul>

<p><span style=""font-size:11pt""><span style=""font-family:Calibri,sans-serif""><span style=""font-size:16.0pt"">&nbsp;&nbsp;&nbsp;&nbsp;&nbsp;&nbsp;&nbsp;&nbsp;&nbsp;&nbsp;&nbsp;&nbsp;&nbsp;&nbsp;&nbsp;&nbsp;&nbsp;&nbsp;&nbsp;&nbsp;&nbsp;&nbsp;&nbsp;&nbsp;&nbsp;&nbsp;&nbsp;&nbsp;&nbsp;&nbsp;&nbsp;&nbsp;&nbsp;&nbsp;&nbsp; R.&nbsp;&nbsp;&nbsp; Yes&nbsp;&nbsp;&nbsp;&nbsp;&nbsp;&nbsp;&nbsp;&nbsp;&nbsp;&nbsp;&nbsp;&nbsp;&nbsp;&nbsp;&nbsp;&nbsp;&nbsp;&nbsp;&nbsp;&nbsp; No</span></span></span></p>

<p><span style=""font-size:11pt""><span style=""font-family:Calibri,sans-serif""><span style=""font-size:16.0pt"">&nbsp;&nbsp;&nbsp;&nbsp;&nbsp;&nbsp;&nbsp;&nbsp;&nbsp;&nbsp;&nbsp;&nbsp;&nbsp;&nbsp;&nbsp;&nbsp;&nbsp;&nbsp;&nbsp;&nbsp;&nbsp;&nbsp;&nbsp;&nbsp;&nbsp;&nbsp;&nbsp;&nbsp;&nbsp;&nbsp;&nbsp;&nbsp;&nbsp;&nbsp;&nbsp; &nbsp;L.&nbsp;&nbsp;&nbsp; Yes&nbsp;&nbsp;&nbsp;&nbsp;&nbsp;&nbsp;&nbsp;&nbsp;&nbsp;&nbsp;&nbsp;&nbsp;&nbsp;&nbsp;&nbsp;&nbsp;&nbsp;&nbsp;&nbsp; N0</span></span></span></p>

<p><span style=""font-size:11pt""><span style=""font-family:Calibri,sans-serif"">&nbsp;&nbsp;&nbsp;&nbsp;&nbsp;&nbsp;&nbsp;&nbsp;&nbsp;&nbsp;&nbsp;&nbsp;&nbsp;&nbsp;&nbsp;&nbsp;&nbsp;&nbsp;&nbsp;&nbsp;&nbsp;&nbsp;&nbsp;&nbsp;&nbsp;&nbsp;&nbsp;&nbsp;&nbsp;&nbsp;&nbsp;&nbsp;&nbsp;&nbsp; </span></span></p>

<ul style=""list-style-type:square"">
	<li><span style=""font-size:11pt""><span style=""font-family:Calibri,sans-serif""><span style=""font-size:14.0pt"">Trachea Central&nbsp;&nbsp;&nbsp;&nbsp;&nbsp;&nbsp; Yes&nbsp;&nbsp;&nbsp; No</span></span></span></li>
</ul>

<ul>
	<li><span style=""font-size:11pt""><span style=""font-family:Calibri,sans-serif""><span style=""font-size:14.0pt"">If derinted specify</span></span></span></li>
</ul>

<ul style=""list-style-type:square"">
	<li><span style=""font-size:11pt""><span style=""font-family:Calibri,sans-serif""><span style=""font-size:14.0pt"">Tactile fremitus:&nbsp;&nbsp;&nbsp; Normal&nbsp;&nbsp;&nbsp;&nbsp;&nbsp;&nbsp;&nbsp;&nbsp;&nbsp;&nbsp;&nbsp; Increased</span></span></span></li>
</ul>

<p style=""margin-left:48px""><span style=""font-size:11pt""><span style=""font-family:Calibri,sans-serif"">&nbsp;&nbsp;&nbsp;&nbsp;&nbsp;&nbsp;&nbsp;&nbsp;&nbsp;&nbsp;&nbsp;&nbsp;&nbsp;&nbsp;&nbsp;&nbsp;&nbsp;&nbsp;&nbsp;&nbsp;&nbsp;&nbsp;&nbsp;&nbsp;&nbsp;&nbsp;&nbsp;&nbsp;&nbsp;&nbsp;&nbsp;&nbsp; <span style=""font-size:14.0pt"">Yes&nbsp;&nbsp;&nbsp;&nbsp;&nbsp;&nbsp;&nbsp;&nbsp;&nbsp;&nbsp;&nbsp;&nbsp;&nbsp;&nbsp;&nbsp;&nbsp;&nbsp;&nbsp;&nbsp;&nbsp; No</span></span></span></p>

<ul style=""list-style-type:square"">
	<li><span style=""font-size:11pt""><span style=""font-family:Calibri,sans-serif""><span style=""font-size:14.0pt"">Percussion Notes&nbsp;&nbsp; Normal&nbsp;&nbsp;&nbsp;&nbsp;&nbsp;&nbsp;&nbsp;&nbsp;&nbsp;&nbsp;&nbsp; Abnormal </span></span></span></li>
</ul>

<p style=""margin-left:48px""><span style=""font-size:11pt""><span style=""font-family:Calibri,sans-serif""><span style=""font-size:14.0pt"">&nbsp;&nbsp;&nbsp;&nbsp;&nbsp;&nbsp;&nbsp;&nbsp;&nbsp;&nbsp;&nbsp;&nbsp;&nbsp;&nbsp;&nbsp;&nbsp;&nbsp;&nbsp;&nbsp;&nbsp;&nbsp;&nbsp;&nbsp;&nbsp;&nbsp;&nbsp;&nbsp;&nbsp;&nbsp;&nbsp;&nbsp;&nbsp;&nbsp; Yes&nbsp;&nbsp;&nbsp;&nbsp;&nbsp;&nbsp;&nbsp;&nbsp;&nbsp;&nbsp;&nbsp;&nbsp;&nbsp;&nbsp;&nbsp;&nbsp;&nbsp;&nbsp;&nbsp;&nbsp; No</span></span></span></p>

<ul>
	<li><span style=""font-size:11pt""><span style=""font-family:Calibri,sans-serif""><span style=""font-size:14.0pt"">If abnormal specify </span></span></span></li>
</ul>

<ul style=""list-style-type:square"">
	<li><span style=""font-size:11pt""><span style=""font-family:Calibri,sans-serif""><span style=""font-size:16.0pt"">Breath Sounds&nbsp;&nbsp;&nbsp;&nbsp;&nbsp;&nbsp;&nbsp;&nbsp;&nbsp;&nbsp;&nbsp; Vesi&nbsp;&nbsp;&nbsp;&nbsp;&nbsp;&nbsp;&nbsp;&nbsp;&nbsp; Only</span></span></span></li>
</ul>

<p style=""margin-left:97px; text-align:justify""><span style=""font-size:11pt""><span style=""font-family:Calibri,sans-serif""><span style=""font-size:14.0pt"">Others =&gt;</span></span></span></p>

<p style=""margin-left:48px"">&nbsp;</p>

<p><span style=""font-size:11pt""><span style=""font-family:Calibri,sans-serif""><strong><span style=""font-size:16.0pt"">6. Cardiovascular&nbsp; System:</span></strong></span></span></p>

<ul style=""list-style-type:square"">
	<li><span style=""font-size:11pt""><span style=""font-family:Calibri,sans-serif""><span style=""font-size:14.0pt"">Pulse(b/m)&nbsp; &nbsp;&nbsp;&nbsp;&nbsp;&nbsp;&nbsp;&nbsp;&nbsp;&nbsp;&nbsp;&nbsp;&nbsp;&nbsp;&nbsp;BP: </span></span></span></li>
	<li><span style=""font-size:11pt""><span style=""font-family:Calibri,sans-serif""><span style=""font-size:14.0pt"">Pulse :&nbsp;&nbsp; Regular&nbsp;&nbsp;&nbsp;&nbsp;&nbsp;&nbsp;&nbsp; Irregular&nbsp;&nbsp;&nbsp;&nbsp;&nbsp;&nbsp;&nbsp; (n) vol&nbsp;&nbsp;&nbsp;&nbsp;&nbsp;&nbsp;&nbsp; red.vol</span></span></span></li>
</ul>

<p style=""margin-left:48px""><span style=""font-size:11pt""><span style=""font-family:Calibri,sans-serif"">&nbsp;&nbsp;&nbsp;&nbsp;&nbsp;&nbsp;&nbsp;&nbsp;&nbsp;&nbsp;&nbsp;&nbsp;&nbsp;&nbsp;&nbsp; </span></span></p>

<ul>
	<li><span style=""font-size:11pt""><span style=""font-family:Calibri,sans-serif""><span style=""font-size:14.0pt"">If irregular specify</span></span></span></li>
</ul>

<ul style=""list-style-type:square"">
	<li><span style=""font-size:11pt""><span style=""font-family:Calibri,sans-serif""><span style=""font-size:14.0pt"">Locomotor Brachinlis&nbsp;&nbsp; :&nbsp;&nbsp;&nbsp;&nbsp; Resent&nbsp;&nbsp;&nbsp;&nbsp;&nbsp;&nbsp;&nbsp;&nbsp;&nbsp;&nbsp;&nbsp;&nbsp; Assent</span></span></span></li>
</ul>

<p style=""margin-left:48px""><span style=""font-size:11pt""><span style=""font-family:Calibri,sans-serif""><span style=""font-size:14.0pt"">&nbsp;&nbsp;&nbsp;&nbsp;&nbsp;&nbsp;&nbsp;&nbsp;&nbsp;&nbsp;&nbsp;&nbsp;&nbsp;&nbsp;&nbsp;&nbsp;&nbsp;&nbsp;&nbsp;&nbsp;&nbsp;&nbsp;&nbsp;&nbsp;&nbsp;&nbsp;&nbsp;&nbsp;&nbsp;&nbsp;&nbsp;&nbsp;&nbsp;&nbsp;&nbsp;&nbsp;&nbsp;&nbsp;&nbsp;&nbsp;&nbsp;&nbsp;&nbsp;&nbsp;&nbsp;&nbsp;&nbsp;&nbsp; Yes&nbsp;&nbsp;&nbsp;&nbsp;&nbsp;&nbsp;&nbsp;&nbsp;&nbsp;&nbsp;&nbsp;&nbsp;&nbsp;&nbsp;&nbsp;&nbsp;&nbsp;&nbsp; No</span></span></span></p>

<p style=""margin-left:48px""><span style=""font-size:11pt""><span style=""font-family:Calibri,sans-serif"">&nbsp; &nbsp;</span></span></p>

<ul style=""list-style-type:square"">
	<li><span style=""font-size:11pt""><span style=""font-family:Calibri,sans-serif""><span style=""font-size:14.0pt"">JVP:&nbsp;&nbsp;&nbsp;&nbsp;&nbsp;&nbsp;&nbsp; Normal &nbsp;&nbsp;&nbsp;&nbsp;&nbsp;&nbsp;&nbsp;&nbsp;Eceruled </span></span></span></li>
</ul>

<p style=""margin-left:34px""><span style=""font-size:11pt""><span style=""font-family:Calibri,sans-serif"">&nbsp;&nbsp;&nbsp;&nbsp;&nbsp;&nbsp;&nbsp;&nbsp;&nbsp;&nbsp;&nbsp;&nbsp;&nbsp;&nbsp;&nbsp;&nbsp;&nbsp;&nbsp;&nbsp;&nbsp;&nbsp; </span></span></p>

<ul style=""list-style-type:square"">
	<li><span style=""font-size:11pt""><span style=""font-family:Calibri,sans-serif""><span style=""font-size:14.0pt"">Pracorclium and Apex beat : &nbsp;&nbsp;&nbsp;&nbsp;Normal&nbsp;&nbsp;&nbsp;&nbsp;&nbsp;&nbsp;&nbsp;&nbsp;&nbsp;&nbsp;&nbsp; Abnormal</span></span></span></li>
</ul>

<p style=""margin-left:58px""><span style=""font-size:11pt""><span style=""font-family:Calibri,sans-serif""><span style=""font-size:14.0pt"">&nbsp;&nbsp;&nbsp;&nbsp;&nbsp;&nbsp;&nbsp;&nbsp;&nbsp;&nbsp;&nbsp;&nbsp;&nbsp;&nbsp;&nbsp;&nbsp;&nbsp;&nbsp;&nbsp;&nbsp;&nbsp;&nbsp;&nbsp;&nbsp; &nbsp;&nbsp;&nbsp;&nbsp;&nbsp;&nbsp;&nbsp;&nbsp;&nbsp;&nbsp;&nbsp;&nbsp;&nbsp;&nbsp;&nbsp;&nbsp;&nbsp;&nbsp;&nbsp;&nbsp;&nbsp;&nbsp;&nbsp;&nbsp;&nbsp;&nbsp;&nbsp;&nbsp;&nbsp;&nbsp;&nbsp;If abnormal specify</span></span></span></p>

<ul style=""list-style-type:square"">
	<li><span style=""font-size:11pt""><span style=""font-family:Calibri,sans-serif""><span style=""font-size:14.0pt"">Heart sounds :&nbsp; Normal&nbsp;&nbsp;&nbsp;&nbsp;&nbsp;&nbsp;&nbsp;&nbsp;&nbsp; Abnormal </span></span></span></li>
</ul>

<p style=""margin-left:58px""><span style=""font-size:11pt""><span style=""font-family:Calibri,sans-serif""><span style=""font-size:14.0pt"">&nbsp;&nbsp;&nbsp;&nbsp;&nbsp;&nbsp;&nbsp;&nbsp;&nbsp;&nbsp;&nbsp;&nbsp;&nbsp;&nbsp;&nbsp;&nbsp;&nbsp;&nbsp;&nbsp;&nbsp;&nbsp;&nbsp;&nbsp;&nbsp;&nbsp; &nbsp;&nbsp;&nbsp;Yes&nbsp;&nbsp; &nbsp;&nbsp;&nbsp;&nbsp;&nbsp;&nbsp;&nbsp;&nbsp;&nbsp;&nbsp;&nbsp;&nbsp;&nbsp;&nbsp;&nbsp;&nbsp;&nbsp;&nbsp;&nbsp;&nbsp;&nbsp;No</span></span></span></p>

<ul>
	<li><span style=""font-size:11pt""><span style=""font-family:Calibri,sans-serif""><span style=""font-size:16.0pt"">If abnormal specify</span></span></span></li>
</ul>

<p style=""margin-left:144px"">&nbsp;</p>

<ol start=""7"">
	<li><span style=""font-size:11pt""><span style=""font-family:Calibri,sans-serif""><strong><span style=""font-size:16.0pt"">&nbsp;Abdominal Examination:</span></strong></span></span></li>
</ol>

<p style=""margin-left:48px""><span style=""font-size:11pt""><span style=""font-family:Calibri,sans-serif""><strong>&nbsp;&nbsp;&nbsp;&nbsp;&nbsp;&nbsp; </strong>&nbsp;&nbsp;&nbsp;&nbsp;&nbsp;&nbsp;&nbsp;&nbsp;&nbsp;&nbsp;&nbsp;&nbsp;&nbsp;&nbsp;&nbsp;&nbsp;&nbsp;</span></span></p>

<ul style=""list-style-type:square"">
	<li><span style=""font-size:11pt""><span style=""font-family:Calibri,sans-serif""><span style=""font-size:14.0pt"">Shape:&nbsp;&nbsp;&nbsp; Normal&nbsp;&nbsp;&nbsp; Scaphoid &nbsp;&nbsp;&nbsp;Distended</span></span></span></li>
</ul>

<p style=""margin-left:58px"">&nbsp;</p>

<ul style=""list-style-type:square"">
	<li><span style=""font-size:11pt""><span style=""font-family:Calibri,sans-serif""><span style=""font-size:14.0pt"">Move with Resp : Yes&nbsp; &nbsp;No</span></span></span></li>
</ul>

<ul>
	<li><span style=""font-size:11pt""><span style=""font-family:Calibri,sans-serif""><span style=""font-size:14.0pt"">If &lsquo;Yes&rsquo; specify</span></span></span></li>
</ul>

<ul style=""list-style-type:square"">
	<li><span style=""font-size:11pt""><span style=""font-family:Calibri,sans-serif""><span style=""font-size:14.0pt"">Liver:&nbsp; Normal &nbsp;&nbsp;Enlarged&nbsp;&nbsp; Shrinken </span></span></span></li>
</ul>

<p style=""margin-left:58px"">&nbsp;</p>

<p style=""margin-left:58px"">&nbsp;</p>

<ul style=""list-style-type:square"">
	<li><span style=""font-size:11pt""><span style=""font-family:Calibri,sans-serif""><span style=""font-size:14.0pt"">Liver Spam =&gt; </span></span></span></li>
	<li><span style=""font-size:11pt""><span style=""font-family:Calibri,sans-serif""><span style=""font-size:14.0pt"">Spleen :&nbsp;&nbsp;&nbsp;&nbsp;&nbsp;&nbsp;&nbsp;&nbsp; Normal&nbsp;&nbsp;&nbsp; Enlayed</span></span></span></li>
</ul>

<p style=""margin-left:48px""><span style=""font-size:11pt""><span style=""font-family:Calibri,sans-serif"">&nbsp;&nbsp;&nbsp;&nbsp;&nbsp;&nbsp;&nbsp;&nbsp;&nbsp;&nbsp;&nbsp;&nbsp;&nbsp;&nbsp;&nbsp;&nbsp; </span></span></p>

<ul style=""list-style-type:square"">
	<li><span style=""font-size:11pt""><span style=""font-family:Calibri,sans-serif""><span style=""font-size:14.0pt"">Kidney : Normal&nbsp;&nbsp; Ballotable</span></span></span></li>
</ul>

<p style=""margin-left:48px"">&nbsp;</p>

<ul style=""list-style-type:square"">
	<li><span style=""font-size:11pt""><span style=""font-family:Calibri,sans-serif""><span style=""font-size:14.0pt"">Masses : yes/no</span></span></span></li>
</ul>

<ul>
	<li><span style=""font-size:11pt""><span style=""font-family:Calibri,sans-serif""><span style=""font-size:14.0pt"">If &lsquo;Yes&rsquo; specify</span></span></span></li>
</ul>

<ul style=""list-style-type:square"">
	<li><span style=""font-size:11pt""><span style=""font-family:Calibri,sans-serif""><span style=""font-size:14.0pt"">Asutes&nbsp; : &nbsp;Present&nbsp;&nbsp; Absent</span></span></span></li>
</ul>

<ul>
	<li><span style=""font-size:11pt""><span style=""font-family:Calibri,sans-serif""><span style=""font-size:14.0pt"">If present specify =&gt;</span></span></span></li>
</ul>

<ul style=""list-style-type:square"">
	<li><span style=""font-size:11pt""><span style=""font-family:Calibri,sans-serif""><span style=""font-size:14.0pt"">Bowel Sounds : Normal&nbsp;&nbsp; Reduced&nbsp;&nbsp;&nbsp; Increased</span></span></span></li>
</ul>

<p style=""margin-left:48px""><span style=""font-size:11pt""><span style=""font-family:Calibri,sans-serif""><span style=""font-size:14.0pt"">Other comments :</span></span></span></p>

<p>&nbsp;</p>

<ol start=""8"">
	<li><span style=""font-size:11pt""><span style=""font-family:Calibri,sans-serif""><strong><span style=""font-size:14.0pt"">DRE :</span></strong></span></span></li>
</ol>

<p style=""margin-left:48px"">&nbsp;</p>

<ul style=""list-style-type:square"">
	<li><span style=""font-size:11pt""><span style=""font-family:Calibri,sans-serif""><span style=""font-size:14.0pt"">PERIANAL HYGIENE :&nbsp;&nbsp;&nbsp; Good&nbsp;&nbsp; &nbsp;&nbsp;&nbsp;&nbsp;&nbsp;Soildge</span></span></span></li>
</ul>

<p style=""margin-left:48px"">&nbsp;</p>

<ul style=""list-style-type:square"">
	<li><span style=""font-size:11pt""><span style=""font-family:Calibri,sans-serif""><span style=""font-size:14.0pt"">PERIANAL MASS/ TAGS:&nbsp; Yes&nbsp;&nbsp; No</span></span></span></li>
</ul>

<ul>
	<li><span style=""font-size:11pt""><span style=""font-family:Calibri,sans-serif""><span style=""font-size:14.0pt"">If&nbsp; &lsquo;No&rsquo; specify =&gt;</span></span></span></li>
</ul>

<ul style=""list-style-type:square"">
	<li><span style=""font-size:11pt""><span style=""font-family:Calibri,sans-serif""><span style=""font-size:14.0pt"">PROSTATE ENLARGEMENT : Yes&nbsp;&nbsp; &nbsp;No</span></span></span></li>
</ul>

<p style=""margin-left:48px""><span style=""font-size:11pt""><span style=""font-family:Calibri,sans-serif""><span style=""font-size:14.0pt"">&nbsp;&nbsp;&nbsp;&nbsp;&nbsp;&nbsp;&nbsp;&nbsp;&nbsp;&nbsp;&nbsp;&nbsp;&nbsp;&nbsp;&nbsp;&nbsp;&nbsp;&nbsp; Smooth&nbsp;&nbsp;&nbsp;&nbsp;&nbsp;&nbsp; Irregular</span></span></span></p>

<p style=""margin-left:48px""><span style=""font-size:11pt""><span style=""font-family:Calibri,sans-serif""><span style=""font-size:14.0pt"">Others specify</span></span></span></p>

<ul style=""list-style-type:square"">
	<li><span style=""font-size:11pt""><span style=""font-family:Calibri,sans-serif""><span style=""font-size:14.0pt"">RECIUM CONTENT : Empty&nbsp;&nbsp;&nbsp;&nbsp;&nbsp;&nbsp; Soft Stool&nbsp;&nbsp;&nbsp; Hard Stool</span></span></span></li>
</ul>

<p><span style=""font-size:11pt""><span style=""font-family:Calibri,sans-serif"">&nbsp;&nbsp;&nbsp;&nbsp; </span></span></p>

<ul style=""list-style-type:square"">
	<li><span style=""font-size:11pt""><span style=""font-family:Calibri,sans-serif""><span style=""font-size:14.0pt"">GLOVED FINGER : </span></span></span></li>
</ul>

<p style=""margin-left:48px"">&nbsp;</p>

<p style=""margin-left:48px""><span style=""font-size:11pt""><span style=""font-family:Calibri,sans-serif""><span style=""font-size:14.0pt"">Other&nbsp; comments .</span></span></span></p>

<p style=""margin-left:48px"">&nbsp;</p>

<ol start=""9"">
	<li><span style=""font-size:11pt""><span style=""font-family:Calibri,sans-serif""><strong><span style=""font-size:14.0pt"">OBSTETRIC VAGINAL EXAMINATION:</span></strong></span></span></li>
</ol>

<p style=""margin-left:48px"">&nbsp;</p>

<ul style=""list-style-type:square"">
	<li><span style=""font-size:11pt""><span style=""font-family:Calibri,sans-serif""><span style=""font-size:14.0pt"">VULVA:&nbsp;&nbsp; Normal &nbsp;&nbsp;&nbsp;&nbsp;&nbsp;Abnormal</span></span></span></li>
</ul>

<p style=""margin-left:61px"">&nbsp;</p>

<ul>
	<li><span style=""font-size:11pt""><span style=""font-family:Calibri,sans-serif""><span style=""font-size:14.0pt"">If &lsquo; Abnormal&rsquo; specify</span></span></span></li>
</ul>

<ul style=""list-style-type:square"">
	<li><span style=""font-size:11pt""><span style=""font-family:Calibri,sans-serif""><span style=""font-size:14.0pt"">VAGINA:&nbsp; Normal&nbsp;&nbsp;&nbsp;&nbsp;&nbsp; Abnormal</span></span></span></li>
</ul>

<p style=""margin-left:61px"">&nbsp;</p>

<ul>
	<li><span style=""font-size:11pt""><span style=""font-family:Calibri,sans-serif""><span style=""font-size:14.0pt"">If &lsquo;Abnormal&rsquo; specify</span></span></span></li>
</ul>

<p style=""margin-left:144px"">&nbsp;</p>

<ul style=""list-style-type:square"">
	<li><span style=""font-size:11pt""><span style=""font-family:Calibri,sans-serif""><span style=""font-size:14.0pt"">DRAINAGE OF LIQUID : Yes&nbsp;&nbsp;&nbsp;&nbsp;&nbsp; No</span></span></span></li>
</ul>

<p style=""margin-left:61px""><span style=""font-size:11pt""><span style=""font-family:Calibri,sans-serif""><span style=""font-size:14.0pt"">&nbsp;&nbsp;&nbsp;&nbsp;&nbsp;&nbsp;&nbsp; If &lsquo;Yes&rsquo; specify : Colour</span></span></span></p>

<p style=""margin-left:61px""><span style=""font-size:11pt""><span style=""font-family:Calibri,sans-serif""><span style=""font-size:14.0pt"">&nbsp;&nbsp;&nbsp;&nbsp;&nbsp;&nbsp;&nbsp;&nbsp;&nbsp;&nbsp;&nbsp;&nbsp;&nbsp;&nbsp;&nbsp;&nbsp;&nbsp;&nbsp;&nbsp;&nbsp;&nbsp;&nbsp;&nbsp;&nbsp;&nbsp;&nbsp;&nbsp;&nbsp;&nbsp;&nbsp;&nbsp;&nbsp;&nbsp;&nbsp;&nbsp;&nbsp; Odour</span></span></span></p>

<p style=""margin-left:61px""><span style=""font-size:11pt""><span style=""font-family:Calibri,sans-serif""><span style=""font-size:14.0pt"">&nbsp;&nbsp;&nbsp;&nbsp;&nbsp;&nbsp;&nbsp;&nbsp;&nbsp;&nbsp;&nbsp;&nbsp;&nbsp;&nbsp;&nbsp;&nbsp;&nbsp;&nbsp;&nbsp;&nbsp;&nbsp;&nbsp;&nbsp;&nbsp;&nbsp;&nbsp;&nbsp;&nbsp;&nbsp;&nbsp;&nbsp;&nbsp;&nbsp;&nbsp; Blood&nbsp; Stained</span></span></span></p>

<p style=""margin-left:61px"">&nbsp;</p>

<ul style=""list-style-type:square"">
	<li><span style=""font-size:11pt""><span style=""font-family:Calibri,sans-serif""><span style=""font-size:14.0pt"">CERVIX :&nbsp;&nbsp;&nbsp; </span></span></span></li>
</ul>

<p><span style=""font-size:11pt""><span style=""font-family:Calibri,sans-serif""><span style=""font-size:14.0pt"">&nbsp;&nbsp;&nbsp;&nbsp;&nbsp;&nbsp;&nbsp;&nbsp;&nbsp;&nbsp;&nbsp;&nbsp;&nbsp;&nbsp;&nbsp;&nbsp;&nbsp;&nbsp;&nbsp;&nbsp;&nbsp; Position : Central&nbsp; Posterior&nbsp;&nbsp;&nbsp;&nbsp; Anterior</span></span></span></p>

<p style=""margin-left:61px""><span style=""font-size:11pt""><span style=""font-family:Calibri,sans-serif""><span style=""font-size:14.0pt"">&nbsp;&nbsp;&nbsp;&nbsp;&nbsp;&nbsp; Consistency: Soft&nbsp;&nbsp;&nbsp;&nbsp; Moderate&nbsp;&nbsp;&nbsp;&nbsp; Firm</span></span></span></p>

<p style=""margin-left:61px""><span style=""font-size:11pt""><span style=""font-family:Calibri,sans-serif""><span style=""font-size:14.0pt"">&nbsp;&nbsp;&nbsp;&nbsp;&nbsp;&nbsp; Dilatation:&nbsp; Nil -&gt; 10</span></span></span></p>

<p style=""margin-left:61px""><span style=""font-size:11pt""><span style=""font-family:Calibri,sans-serif""><span style=""font-size:14.0pt"">&nbsp;&nbsp;&nbsp;&nbsp;&nbsp;&nbsp; Effacement: Uneffaced -&gt; 100% (inmultiples of 10)</span></span></span></p>

<ul style=""list-style-type:square"">
	<li><span style=""font-size:11pt""><span style=""font-family:Calibri,sans-serif""><span style=""font-size:14.0pt"">STATION: -2&nbsp; -1&nbsp; 0 1 2 3</span></span></span></li>
	<li><span style=""font-size:11pt""><span style=""font-family:Calibri,sans-serif""><span style=""font-size:14.0pt"">MEMBRANES : Yes&nbsp;&nbsp;&nbsp;&nbsp;&nbsp;&nbsp;&nbsp; No</span></span></span></li>
</ul>

<p style=""margin-left:61px""><span style=""font-size:11pt""><span style=""font-family:Calibri,sans-serif""><span style=""font-size:14.0pt"">&nbsp;&nbsp;&nbsp;&nbsp;&nbsp;&nbsp;&nbsp;&nbsp; Intact :&nbsp;&nbsp;&nbsp;&nbsp;&nbsp;&nbsp; Yes&nbsp;&nbsp;&nbsp;&nbsp;&nbsp;&nbsp;&nbsp; No</span></span></span></p>

<p style=""margin-left:61px""><span style=""font-size:11pt""><span style=""font-family:Calibri,sans-serif""><span style=""font-size:14.0pt"">&nbsp;&nbsp;&nbsp;&nbsp;&nbsp;&nbsp; Bulging :&nbsp;&nbsp;&nbsp;&nbsp;&nbsp;&nbsp; Yes&nbsp;&nbsp;&nbsp;&nbsp;&nbsp;&nbsp;&nbsp; No</span></span></span></p>

<p style=""margin-left:61px"">&nbsp;</p>

<ul style=""list-style-type:square"">
	<li><span style=""font-size:11pt""><span style=""font-family:Calibri,sans-serif""><span style=""font-size:14.0pt"">CAPUT&nbsp; =&gt; +&nbsp;&nbsp;&nbsp;&nbsp;&nbsp; ++&nbsp;&nbsp;&nbsp; +++</span></span></span></li>
	<li><span style=""font-size:11pt""><span style=""font-family:Calibri,sans-serif""><span style=""font-size:14.0pt"">MOULDING =&gt; +&nbsp;&nbsp;&nbsp; ++&nbsp;&nbsp; +++</span></span></span></li>
	<li><span style=""font-size:11pt""><span style=""font-family:Calibri,sans-serif""><span style=""font-size:14.0pt"">GLOVED FINGER </span></span></span></li>
</ul>

<p style=""margin-left:61px""><span style=""font-size:11pt""><span style=""font-family:Calibri,sans-serif""><span style=""font-size:14.0pt"">Other comments.</span></span></span></p>

<p style=""margin-left:61px""><span style=""font-size:11pt""><span style=""font-family:Calibri,sans-serif"">&nbs",GMPC MEDICAL CHECKLIST,CLINICAL NOTE
1630,"<p>&nbsp;</p>

<ol style=""list-style-type:lower-alpha"">
	<li><span style=""font-size:11pt""><span style=""font-family:Calibri,sans-serif""><span style=""font-size:10.0pt""><span style=""font-family:&quot;Calibri Light&quot;,sans-serif"">&nbsp;Tobacco product (Cigarrettes, chewing tobacco,cigars, etc.)&nbsp; </span></span></span></span></li>
	<li><span style=""font-size:11pt""><span style=""font-family:Calibri,sans-serif""><span style=""font-size:10.0pt""><span style=""font-family:&quot;Calibri Light&quot;,sans-serif"">&nbsp;Alcoholic beverages ( beer, wine, spirit, etc.)&nbsp;&nbsp;&nbsp; </span></span></span></span></li>
	<li><span style=""font-size:11pt""><span style=""font-family:Calibri,sans-serif""><span style=""font-size:10.0pt""><span style=""font-family:&quot;Calibri Light&quot;,sans-serif"">&nbsp;Cannabis&nbsp; (Marijuana, port, grass, hash, India hemp etc.)</span></span></span></span></li>
	<li><span style=""font-size:11pt""><span style=""font-family:Calibri,sans-serif""><span style=""font-size:10.0pt""><span style=""font-family:&quot;Calibri Light&quot;,sans-serif"">&nbsp;Cocaine (Coke, Crack, etc.)</span></span></span></span></li>
	<li><span style=""font-size:11pt""><span style=""font-family:Calibri,sans-serif""><span style=""font-size:10.0pt""><span style=""font-family:&quot;Calibri Light&quot;,sans-serif"">&nbsp;Amphetamine types stimulants (speed,diet, pills, ecstasy, etc.)</span></span></span></span></li>
	<li><span style=""font-size:11pt""><span style=""font-family:Calibri,sans-serif""><span style=""font-size:10.0pt""><span style=""font-family:&quot;Calibri Light&quot;,sans-serif"">&nbsp;Inhalants&nbsp; (nitrous, glue, petrol, paint thinner, etc)</span></span></span></span></li>
	<li><span style=""font-size:11pt""><span style=""font-family:Calibri,sans-serif""><span style=""font-size:10.0pt""><span style=""font-family:&quot;Calibri Light&quot;,sans-serif"">&nbsp;Sedatives or sleeping pills ( Valium, Serapax, Rohypnol, etc.)</span></span></span></span></li>
	<li><span style=""font-size:11pt""><span style=""font-family:Calibri,sans-serif""><span style=""font-size:10.0pt""><span style=""font-family:&quot;Calibri Light&quot;,sans-serif"">&nbsp;Hallucinogens (LSD, acid, mushrooms,PCP, Special K, etc.)</span></span></span></span></li>
	<li value=""1""><span style=""font-size:11pt""><span style=""font-family:Calibri,sans-serif""><span style=""font-size:10.0pt""><span style=""font-family:&quot;Calibri Light&quot;,sans-serif"">&nbsp;Opoids (heroin, morphine, methadone, codeine, etc.)</span></span></span></span></li>
	<li value=""10""><span style=""font-size:11pt""><span style=""font-family:Calibri,sans-serif""><span style=""font-size:10.0pt""><span style=""font-family:&quot;Calibri Light&quot;,sans-serif"">&nbsp;Others &ndash; specify.</span></span></span></span></li>
</ol>

<p>&nbsp;</p>

<p>&nbsp;</p>

<ol>
	<li><span style=""font-size:11pt""><span style=""font-family:Calibri,sans-serif""><span style=""font-size:10.0pt""><span style=""font-family:&quot;Calibri Light&quot;,sans-serif"">In your life, which of the following substances have you ever used ? (NON MEDICAL USE ONLY) probe if all answers are negative: &lsquo;&rsquo; Not even when you were in school?&rsquo;&rsquo; If Yes, circle Y and ask Q 2-8 for each substances ever used.&nbsp;&nbsp;&nbsp;&nbsp;&nbsp;&nbsp;&nbsp;&nbsp; YES/NO</span></span></span></span></li>
	<li><span style=""font-size:11pt""><span style=""font-family:Calibri,sans-serif""><span style=""font-size:10.0pt""><span style=""font-family:&quot;Calibri Light&quot;,sans-serif"">In the past 3 months, how often have you used the substances you used the substances you mentioned (1<sup>st</sup> DRUG, 2<sup>nd</sup> DRUG, ETC.)? Never (0), Once or Twice (2), Monthly (3), Weekly (4), Daily or Almost Daily (6).&nbsp;&nbsp;&nbsp;&nbsp;&nbsp;&nbsp;&nbsp;&nbsp;&nbsp;&nbsp;&nbsp;&nbsp;&nbsp;&nbsp;&nbsp;&nbsp;&nbsp;&nbsp;&nbsp;&nbsp;&nbsp;&nbsp;&nbsp;&nbsp;&nbsp;&nbsp;&nbsp;&nbsp;&nbsp;&nbsp;&nbsp;&nbsp; &nbsp;&nbsp;&nbsp;&nbsp;&nbsp;YES/NO</span></span></span></span></li>
	<li><span style=""font-size:11pt""><span style=""font-family:Calibri,sans-serif""><span style=""font-size:10.0pt""><span style=""font-family:&quot;Calibri Light&quot;,sans-serif"">During the past 3 months, how often have you had a strong desire or urge to use (1<sup>st</sup> DRUG, 2<sup>nd</sup> DRUG, ETC)? Never (0), Once or Twice (3), Monthly (4), Weekly (5), Daily or Almost Daily (6).</span></span></span></span></li>
	<li><span style=""font-size:11pt""><span style=""font-family:Calibri,sans-serif""><span style=""font-size:10.0pt""><span style=""font-family:&quot;Calibri Light&quot;,sans-serif"">During the past 3 months, how often has your use of (1<sup>st</sup> DRUG, ETC.) led to health, social, legal or financial problems? Never (0), Once or Twice (4), Monthly (5), Weekly (6), Daily or Almost Daily (7).&nbsp;&nbsp;&nbsp;&nbsp;&nbsp;&nbsp;&nbsp;&nbsp;&nbsp;&nbsp;&nbsp;&nbsp;&nbsp;&nbsp;&nbsp;&nbsp;&nbsp;&nbsp;&nbsp;&nbsp;&nbsp;&nbsp;&nbsp;&nbsp;&nbsp;&nbsp;&nbsp;&nbsp;&nbsp;&nbsp;&nbsp;&nbsp;&nbsp;&nbsp;&nbsp;&nbsp;&nbsp;&nbsp;&nbsp;&nbsp;&nbsp;&nbsp;&nbsp;&nbsp;&nbsp;&nbsp;&nbsp;&nbsp;&nbsp;&nbsp;&nbsp;&nbsp;&nbsp;&nbsp;&nbsp;&nbsp;&nbsp;&nbsp;&nbsp;&nbsp; &nbsp;&nbsp;&nbsp;&nbsp;&nbsp;&nbsp;&nbsp;&nbsp;&nbsp;&nbsp;&nbsp;&nbsp;&nbsp;&nbsp;&nbsp;&nbsp;&nbsp;&nbsp;&nbsp;YES/NO</span></span></span></span></li>
	<li><span style=""font-size:11pt""><span style=""font-family:Calibri,sans-serif""><span style=""font-size:10.0pt""><span style=""font-family:&quot;Calibri Light&quot;,sans-serif"">During the past 3 months, how often have you failed to do what was normally expected of you because of your used of (1<sup>st</sup> DRUG, 2<sup>nd</sup> DRUG, ETC.)? Never (0), Once or Twice (5) Monthly (6), Weekly (7), Daily or Almost Daily (8).&nbsp;&nbsp;&nbsp;&nbsp;&nbsp;&nbsp;&nbsp;&nbsp;&nbsp;&nbsp;&nbsp; &nbsp;&nbsp;&nbsp;&nbsp;&nbsp;&nbsp;&nbsp;&nbsp;&nbsp;&nbsp;&nbsp;&nbsp;&nbsp;&nbsp;&nbsp;&nbsp;&nbsp;&nbsp;&nbsp;&nbsp;&nbsp;&nbsp;&nbsp;&nbsp;YES/NO</span></span></span></span></li>
	<li><span style=""font-size:11pt""><span style=""font-family:Calibri,sans-serif""><span style=""font-size:10.0pt""><span style=""font-family:&quot;Calibri Light&quot;,sans-serif"">Has a friend or relative or anyone else ever expressed concern about your use of (1<sup>st</sup> DRUG, 2<sup>nd</sup> DRUG, ETC.)? No, never (0), Yes, in the past 3 months (6), Yes, but not in the past 3 months (3).&nbsp;&nbsp;&nbsp;&nbsp;&nbsp; YES/NO</span></span></span></span></li>
	<li><span style=""font-size:11pt""><span style=""font-family:Calibri,sans-serif""><span style=""font-size:10.0pt""><span style=""font-family:&quot;Calibri Light&quot;,sans-serif"">Have you ever tried and failed to control, cut down or stop using (1<sup>st</sup> DRUG, 2<sup>nd</sup> DRUG, ETC.)? No, never (0), Yes, in the past 3 months (6), Yes, but not in the past 3 months (3). YES/NO</span></span></span></span></li>
	<li><span style=""font-size:11pt""><span style=""font-family:Calibri,sans-serif""><span style=""font-size:10.0pt""><span style=""font-family:&quot;Calibri Light&quot;,sans-serif"">Have you ever used any drug by injection? (NON MEDICAL DRUGS ONLY ) Yes (Y) or No (N) YES/NO</span></span></span></span></li>
</ol>

<p style=""margin-left:48px"">&nbsp;</p>

<p style=""margin-left:48px""><span style=""font-size:11pt""><span style=""font-family:Calibri,sans-serif""><strong><span style=""font-size:10.0pt""><span style=""font-family:&quot;Calibri Light&quot;,sans-serif"">Intervention:</span></span></strong></span></span></p>

<p style=""margin-left:48px""><span style=""font-size:11pt""><span style=""font-family:Calibri,sans-serif""><span style=""font-size:10.0pt""><span style=""font-family:&quot;Calibri Light&quot;,sans-serif"">No intervention, score of 0-3 (0 &ndash; 10 for alcohol)</span></span></span></span></p>

<p style=""margin-left:48px""><span style=""font-size:11pt""><span style=""font-family:Calibri,sans-serif""><span style=""font-size:10.0pt""><span style=""font-family:&quot;Calibri Light&quot;,sans-serif"">Brief intervention, score of 4-26 (11-26 for alcohol)</span></span></span></span></p>

<p style=""margin-left:48px""><span style=""font-size:11pt""><span style=""font-family:Calibri,sans-serif""><span style=""font-size:10.0pt""><span style=""font-family:&quot;Calibri Light&quot;,sans-serif"">Referral for intensive intervention, score of 27+ and drug injection in last 3 months</span></span></span></span></p>

<p style=""margin-left:48px""><span style=""font-size:11pt""><span style=""font-family:Calibri,sans-serif""><span style=""font-size:10.0pt""><span style=""font-family:&quot;Calibri Light&quot;,sans-serif"">Physical complications (e.g. frequent chest infections, cardiac liver or kidney impairment) and psychological complications (e.g.psychosis or epileptic fits)</span></span></span></span></p>

<p style=""margin-left:48px""><span style=""font-size:11pt""><span style=""font-family:Calibri,sans-serif""><span style=""font-size:10.0pt""><span style=""font-family:&quot;Calibri Light&quot;,sans-serif"">Patient is a danger to himself (e.g. not eating, sleeping, constantly roaming about and not being controllable, persistently excited or suicidal)</span></span></span></span></p>

<p style=""margin-left:96px""><span style=""font-size:11pt""><span style=""font-family:Calibri,sans-serif""><strong><span style=""font-family:&quot;Calibri Light&quot;,sans-serif"">RECORD SHEET FOR SUBSTANCES USE DISORDER &ndash; BREIF INTERVENTION</span></strong></span></span></p>

<p style=""margin-left:48px"">&nbsp;</p>

<table cellspacing=""0"" class=""MsoTableGrid"" style=""border-collapse:collapse; border:none; margin-left:48px"">
	<tbody>
		<tr>
			<td colspan=""4"" style=""border-bottom:1px solid black; border-left:1px solid black; border-right:1px solid black; border-top:1px solid black; height:43px; vertical-align:top; width:575px"">
			<p>&nbsp;</p>

			<p><span style=""font-size:11pt""><span style=""font-family:Calibri,sans-serif""><strong><span style=""font-size:10.0pt""><span style=""font-family:&quot;Calibri Light&quot;,sans-serif"">ASSIST risk score and associated level of risk and intervention</span></span></strong></span></span></p>
			</td>
		</tr>
		<tr>
			<td style=""border-bottom:1px solid black; border-left:1px solid black; border-right:1px solid black; border-top:none; height:29px; vertical-align:top; width:95px"">
			<p><span style=""font-size:11pt""><span style=""font-family:Calibri,sans-serif""><strong><span style=""font-size:10.0pt""><span style=""font-family:&quot;Calibri Light&quot;,sans-serif"">&nbsp;&nbsp;&nbsp; Alcohol</span></span></strong></span></span></p>
			</td>
			<td style=""border-bottom:1px solid black; border-left:none; border-right:1px solid black; border-top:none; height:29px; vertical-align:top; width:160px"">
			<p><span style=""font-size:11pt""><span style=""font-family:Calibri,sans-serif""><strong><span style=""font-size:10.0pt""><span style=""font-family:&quot;Calibri Light&quot;,sans-serif"">&nbsp;&nbsp;&nbsp; All other substances</span></span></strong></span></span></p>
			</td>
			<td style=""border-bottom:1px solid black; border-left:none; border-right:1px solid black; border-top:none; height:29px; vertical-align:top; width:110px"">
			<p><span style=""font-size:11pt""><span style=""font-family:Calibri,sans-serif""><strong><span style=""font-size:10.0pt""><span style=""font-family:&quot;Calibri Light&quot;,sans-serif"">&nbsp;&nbsp; Risk level</span></span></strong></span></span></p>
			</td>
			<td style=""border-bottom:1px solid black; border-left:none; border-right:1px solid black; border-top:none; height:29px; vertical-align:top; width:210px"">
			<p><span style=""font-size:11pt""><span style=""font-family:Calibri,sans-serif""><strong><span style=""font-size:10.0pt""><span style=""font-family:&quot;Calibri Light&quot;,sans-serif"">&nbsp;&nbsp;Intervention</span></span></strong></span></span></p>
			</td>
		</tr>
		<tr>
			<td style=""border-bottom:1px solid black; border-left:1px solid black; border-right:1px solid black; border-top:none; height:35px; vertical-align:top; width:95px"">
			<p><span style=""font-size:11pt""><span style=""font-family:Calibri,sans-serif""><strong><span style=""font-size:10.0pt""><span style=""font-family:&quot;Calibri Light&quot;,sans-serif"">&nbsp;&nbsp;&nbsp; 0-10</span></span></strong></span></span></p>
			</td>
			<td style=""border-bottom:1px solid black; border-left:none; border-right:1px solid black; border-top:none; height:35px; vertical-align:top; width:160px"">
			<p><span style=""font-size:11pt""><span style=""font-family:Calibri,sans-serif""><strong><span style=""font-size:10.0pt""><span style=""font-family:&quot;Calibri Light&quot;,sans-serif"">&nbsp;&nbsp;&nbsp;&nbsp;&nbsp;&nbsp; 0-3</span></span></strong></span></span></p>
			</td>
			<td style=""border-bottom:1px solid black; border-left:none; border-right:1px solid black; border-top:none; height:35px; vertical-align:top; width:110px"">
			<p><span style=""font-size:11pt""><span style=""font-family:Calibri,sans-serif""><strong><span style=""font-size:10.0pt""><span style=""font-family:&quot;Calibri Light&quot;,sans-serif"">Lower risk</span></span></strong></span></span></p>
			</td>
			<td style=""border-bottom:1px solid black; border-left:none; border-right:1px solid black; border-top:none; height:35px; vertical-align:top; width:210px"">
			<p><span style=""font-size:11pt""><span style=""font-family:Calibri,sans-serif""><strong><span style=""font-size:10.0pt""><span style=""font-family:&quot;Calibri Light&quot;,sans-serif"">. General health advice</span></span></strong></span></span></p>
			</td>
		</tr>
		<tr>
			<td style=""border-bottom:1px solid black; border-left:1px solid black; border-right:1px solid black; border-top:none; height:41px; vertical-align:top; width:95px"">
			<p><span style=""font-size:11pt""><span style=""font-family:Calibri,sans-serif""><strong><span style=""font-size:10.0pt""><span style=""font-family:&quot;Calibri Light&quot;,sans-serif"">&nbsp;&nbsp;&nbsp; 11-26</span></span></strong></span></span></p>
			</td>
			<td style=""border-bottom:1px solid black; border-left:none; border-right:1px solid black; border-top:none; height:41px; vertical-align:top; width:160px"">
			<p><span style=""font-size:11pt""><span style=""font-family:Calibri,sans-serif""><strong><span style=""font-size:10.0pt""><span style=""font-family:&quot;Calibri Light&quot;,sans-serif"">&nbsp;&nbsp;&nbsp;&nbsp;&nbsp;&nbsp; 4-26&nbsp; </span></span></strong></span></span></p>
			</td>
			<td style=""border-bottom:1px solid black; border-left:none; border-right:1px solid black; border-top:none; height:41px; vertical-align:top; width:110px"">
			<p><span style=""font-size:11pt""><span style=""font-family:Calibri,sans-serif""><strong><span style=""font-size:10.0pt""><span style=""font-family:&quot;Calibri Light&quot;,sans-serif"">Moderate risk</span></span></strong></span></span></p>
			</td>
			<td style=""border-bottom:1px solid black; border-left:none; border-right:1px solid black; border-top:none; height:41px; vertical-align:top; width:210px"">
			<p><span style=""font-size:11pt""><span style=""font-family:Calibri,sans-serif""><strong><span style=""font-size:10.0pt""><span style=""font-family:&quot;Calibri Light&quot;,sans-serif"">. Brief intervention</span></span></strong></span></span></p>

			<p><span style=""font-size:11pt""><span style=""font-family:Calibri,sans-serif""><strong><span style=""font-size:10.0pt""><span style=""font-family:&quot;Calibri Light&quot;,sans-serif"">. Guide through self-help booklet</span></span></strong></span></span></p>
			</td>
		</tr>
		<tr>
			<td style=""border-bottom:1px solid black; border-left:1px solid black; border-right:1px solid black; border-top:none; vertical-align:top; width:95px"">
			<p><span style=""font-size:11pt""><span style=""font-family:Calibri,sans-serif""><strong><span style=""font-size:10.0pt""><span style=""font-family:&quot;Calibri Light&quot;,sans-serif"">&nbsp;&nbsp;&nbsp;&nbsp; 27+</span></span></strong></span></span></p>
			</td>
			<td style=""border-bottom:1px solid black; border-left:none; border-right:1px solid black; border-top:none; vertical-align:top; width:160px"">
			<p><span style=""font-size:11pt""><span style=""font-family:Calibri,sans-serif""><strong><span style=""font-size:10.0pt""><span style=""font-family:&quot;Calibri Light&quot;,sans-serif"">&nbsp;&nbsp;&nbsp;&nbsp;&nbsp;&nbsp;&nbsp; 27+</span></span></strong></span></span></p>
			</td>
			<td style=""border-bottom:1px solid black; border-left:none; border-right:1px solid black; border-top:none; vertical-align:top; width:110px"">
			<p><span style=""font-size:11pt""><span style=""font-family:Calibri,sans-serif""><strong><span style=""font-size:10.0pt""><span style=""font-family:&quot;Calibri Light&quot;,sans-serif"">High risk</span></span></strong></span></span></p>
			</td>
			<td style=""border-bottom:1px solid black; border-left:none; border-right:1px solid black; border-top:none; vertical-align:top; width:210px"">
			<p><span style=""font-size:11pt""><span style=""font-family:Calibri,sans-serif""><strong><span style=""font-size:10.0pt""><span style=""font-family:&quot;Calibri Light&quot;,sans-serif"">. Brief intervention</span></span></strong></span></span></p>

			<p><span style=""font-size:11pt""><span style=""font-family:Calibri,sans-serif""><strong><span style=""font-size:10.0pt""><span style=""font-family:&quot;Calibri Light&quot;,sans-serif"">.Guide through self-help booklet</span></span></strong></span></span></p>

			<p><span style=""font-size:11pt""><span style=""font-family:Calibri,sans-serif""><strong><span style=""font-size:10.0pt""><span style=""font-family:&quot;Calibri Light&quot;,sans-serif"">.Referral to specialist assessment and treatment</span></span></strong></span></span></p>
			</td>
		</tr>
		<tr>
			<td colspan=""2"" style=""border-bottom:1px solid black; border-left:1px solid black; border-right:1px solid black; border-top:none; height:41px; vertical-align:top; width:255px"">
			<p>&nbsp;</p>

			<p><span style=""font-size:11pt""><span style=""font-family:Calibri,sans-serif""><strong><span style=""font-size:10.0pt""><span style=""font-family:&quot;Calibri Light&quot;,sans-serif"">Injecting drugs in last 3 months</span></span></strong></span></span></p>
			</td>
			<td style=""border-bottom:1px solid black; border-left:none; border-right:1px solid black; border-top:none; height:41px; vertical-align:top; width:110px"">
			<p><span style=""font-size:11pt""><span style=""font-family:Calibri,sans-serif""><strong><span style=""font-size:10.0pt""><span style=""font-family:&quot;Calibri Light&quot;,sans-serif"">Moderate and High risk</span></span></strong></span></span></p>
			</td>
			<td style=""border-bottom:1px solid black; border-left:none; border-right:1px solid black; border-top:none; height:41px; vertical-align:top; width:210px"">
			<p><span style=""font-size:11pt""><span style=""font-family:Calibri,sans-serif""><strong><span style=""font-size:10.0pt""><span style=""font-family:&quot;Calibri Light&quot;,sans-serif"">.Risk injecting card</span></span></strong></span></span></p>

			<p><span style=""font-size:11pt""><span style=""font-family:Calibri,sans-serif""><strong><span style=""font-size:10.0pt""><span style=""font-family:&quot;Calibri Light&quot;,sans-serif"">.Guide through self-help booklet</span></span></strong></span></span></p>

			<p><span style=""font-size:11pt""><span style=""font-family:Calibri,sans-serif""><strong><span style=""font-size:10.0pt""><span style=""font-family:&quot;Calibri Light&quot;,sans-serif"">.Referral to specialist assessment and treatment</span></span></strong></span></span></p>
			</td>
		</tr>
	</tbody>
</table>

<p style=""margin-left:48px"">&nbsp;</p>

<ol style=""list-style-type:lower-alpha"">
	<li><span style=""font-size:11pt""><span style=""font-family:Calibri,sans-serif""><span style=""font-size:10.0pt""><span style=""font-family:&quot;Calibri Light&quot;,sans-serif"">&nbsp;&nbsp;Tobacco products, cocaine, ATS sedatives, hallucinogens, inhalants, opoids and other drug.</span></span></span></span></li>
	<li><span style=""font-size:11pt""><span style=""font-family:Calibri,sans-serif""><span style=""font-size:10.0pt""><span style=""font-family:&quot;Calibri Light&quot;,sans-serif"">&nbsp;&nbsp;Need to determine the pattern of injecting more than 4 times per month (average) over the last 3&nbsp;&nbsp; month is an indicator of dependence requiring further assessment and treatment. </span></span></span></span></li>
</ol>

<p style=""margin-left:60px"">&nbsp;</p>

<p style=""margin-left:60px""><span style=""font-size:11pt""><span style=""font-family:Calibri,sans-serif""><strong><span style=""font-size:10.0pt""><span style=""font-family:&quot;Calibri Light&quot;,sans-serif"">Brief intervention:</span></span></strong></span></span></p>

<p style=""margin-left:60px""><span style=""font-size:11pt""><span style=""font-family:Calibri,sans-serif""><strong><span style=""font-size:10.0pt""><span style=""font-family:&quot;Calibri Light&quot;,sans-serif"">&nbsp;&nbsp;&nbsp;&nbsp;&nbsp;&nbsp;&nbsp;&nbsp;&nbsp;&nbsp;&nbsp;&nbsp;&nbsp;&nbsp;&nbsp;&nbsp;&nbsp;&nbsp;&nbsp;&nbsp;&nbsp;&nbsp;&nbsp;&nbsp;&nbsp;&nbsp;&nbsp;&nbsp;&nbsp;&nbsp;&nbsp;&nbsp;&nbsp;&nbsp;&nbsp;&nbsp;&nbsp;&nbsp;&nbsp;&nbsp;&nbsp;&nbsp;&nbsp;&nbsp;&nbsp;&nbsp;&nbsp;&nbsp;&nbsp;&nbsp;&nbsp;&nbsp;&nbsp;&nbsp;&nbsp;&nbsp;&nbsp;&nbsp;&nbsp;&nbsp;&nbsp;&nbsp;&nbsp;&nbsp;&nbsp;&nbsp;&nbsp;&nbsp;&nbsp;&nbsp;&nbsp;&nbsp;&nbsp;&nbsp;&nbsp;&nbsp;&nbsp;&nbsp;&nbsp;&nbsp;&nbsp;&nbsp;&nbsp;&nbsp;&nbsp;&nbsp;&nbsp;&nbsp;&nbsp;&nbsp;&nbsp;&nbsp;&nbsp;&nbsp;&nbsp;&nbsp;&nbsp;&nbsp;&nbsp;&nbsp;&nbsp;&nbsp;&nbsp;&nbsp;&nbsp;&nbsp;&nbsp;&nbsp;&nbsp;&nbsp;&nbsp;&nbsp;&nbsp;&nbsp;&nbsp;&nbsp; Comments:</span></span></strong></span></span></p>

<ol>
	<li><span style=""font-size:11pt""><span style=""font-family:Calibri,sans-serif""><strong><span style=""font-size:10.0pt""><span style=""font-family:&quot;Calibri Light&quot;,sans-serif"">Asking </span></span></strong><span style=""font-size:10.0pt""><span style=""font-family:&quot;Calibri Light&quot;,sans-serif"">client if they are interested in seeing their questionnaire scores :&nbsp;&nbsp;&nbsp;&nbsp;&nbsp;&nbsp;&nbsp;&nbsp;&nbsp;&nbsp; </span></span></span></span></li>
	<li><span style=""font-size:11pt""><span style=""font-family:Calibri,sans-serif""><span style=""font-size:10.0pt""><span style=""font-family:&quot;Calibri Light&quot;,sans-serif"">Providing personalised <strong>feedback</strong> to clients about their scores using the: &nbsp;&nbsp;&nbsp;&nbsp;&nbsp;&nbsp;&nbsp;&nbsp;&nbsp;&nbsp;</span></span></span></span></li>
	<li><span style=""font-size:11pt""><span style=""font-family:Calibri,sans-serif""><span style=""font-size:10.0pt""><span style=""font-family:&quot;Calibri Light&quot;,sans-serif"">ASSIST feedback report card<strong>.</strong>&nbsp; :&nbsp; </span></span></span></span></li>
	<li><span style=""font-size:11pt""><span style=""font-family:Calibri,sans-serif""><span style=""font-size:10.0pt""><span style=""font-family:&quot;Calibri Light&quot;,sans-serif"">Giving <strong>advice</strong> about how to reduce risk associated with substance use.&nbsp; :&nbsp;&nbsp;&nbsp;&nbsp;&nbsp;&nbsp;&nbsp;&nbsp;&nbsp; </span></span></span></span></li>
</ol>

<p style=""margin-left:60px"">&nbsp;</p>

<ol start=""5"">
	<li><span style=""font-size:11pt""><span style=""font-family:Calibri,sans-serif""><span style=""font-size:10.0pt""><span style=""font-family:&quot;Calibri Light&quot;,sans-serif"">Allowing clients to take ultimate <strong>responsibility</strong> for their choices. :&nbsp;&nbsp;&nbsp;&nbsp;&nbsp;&nbsp;&nbsp;&nbsp;&nbsp;&nbsp;&nbsp;&nbsp;&nbsp;&nbsp;&nbsp;&nbsp;&nbsp;&nbsp;&nbsp;&nbsp;&nbsp;&nbsp;&nbsp; </span></span></span></span></li>
</ol>

<p style=""margin-left:48px"">&nbsp;</p>

<ol start=""6"">
	<li><span style=""font-size:11pt""><span style=""font-family:Calibri,sans-serif""><span style=""font-size:10.0pt""><span style=""font-family:&quot;Calibri Light&quot;,sans-serif"">Asking clients how <strong>concerned</strong> they are by their scores.&nbsp; :&nbsp;&nbsp;&nbsp;&nbsp; &nbsp;&nbsp;&nbsp;&nbsp;&nbsp;&nbsp;&nbsp;&nbsp;&nbsp;&nbsp;&nbsp;&nbsp;&nbsp;&nbsp;&nbsp;&nbsp;&nbsp;&nbsp;&nbsp;&nbsp;&nbsp;&nbsp;&nbsp;&nbsp;&nbsp;&nbsp;&nbsp;&nbsp;&nbsp;&nbsp;&nbsp;&nbsp;&nbsp;&nbsp;</span></span></span></span></li>
</ol>

<p style=""margin-left:48px"">&nbsp;</p>

<ol start=""7"">
	<li><span style=""font-size:11pt""><span style=""font-family:Calibri,sans-serif""><span style=""font-size:10.0pt""><span style=""font-family:&quot;Calibri Light&quot;,sans-serif"">Weighing up the <strong>good things</strong> about using the substance against the;&nbsp;&nbsp;&nbsp;&nbsp;&nbsp;&nbsp;&nbsp;&nbsp;&nbsp;&nbsp;&nbsp;&nbsp;&nbsp;&nbsp;&nbsp;&nbsp; </span></span></span></span></li>
	<li><span style=""font-size:11pt""><span style=""font-family:Calibri,sans-serif""><strong><span style=""font-size:10.0pt""><span style=""font-family:&quot;Calibri Light&quot;,sans-serif"">Less good things</span></span></strong><span style=""font-size:10.0pt""><span style=""font-family:&quot;Calibri Light&quot;,sans-serif""> about using the substances.&nbsp;&nbsp;&nbsp;&nbsp; :&nbsp;&nbsp;&nbsp;&nbsp;&nbsp;&nbsp;&nbsp;&nbsp;&nbsp;&nbsp;&nbsp;&nbsp;&nbsp;&nbsp;&nbsp;&nbsp;&nbsp;&nbsp;&nbsp;&nbsp;&nbsp;&nbsp;&nbsp;&nbsp;&nbsp;&nbsp;&nbsp;&nbsp;&nbsp;&nbsp;&nbsp;&nbsp;&nbsp;&nbsp;&nbsp;&nbsp;&nbsp;&nbsp;&nbsp;&nbsp;&nbsp;&nbsp;&nbsp;&nbsp;&nbsp;&nbsp;&nbsp;&nbsp;&nbsp;&nbsp;&nbsp;&nbsp;&nbsp; </span></span></span></span></li>
</ol>

<p style=""margin-left:48px"">&nbsp;</p>

<ol start=""9"">
	<li><span style=""font-size:11pt""><span style=""font-family:Calibri,sans-serif""><strong><span style=""font-size:10.0pt""><span style=""font-family:&quot;Calibri Light&quot;,sans-serif"">Summarized and reflect</span></span></strong><span style=""font-size:10.0pt""><span style=""font-family:&quot;Calibri Light&quot;,sans-serif""> on client&rsquo; statements about their substance use :</span></span></span></span></li>
</ol>

<p style=""margin-left:48px"">&nbsp;</p>

<p style=""margin-left:84px""><span style=""font-size:11pt""><span style=""font-family:Calibri,sans-serif""><span style=""font-size:10.0pt""><span style=""font-family:&quot;Calibri Light&quot;,sans-serif"">with emphasis on the &lsquo;less good things&rsquo;.&nbsp;&nbsp; :&nbsp;&nbsp;&nbsp;&nbsp;&nbsp;&nbsp;&nbsp;&nbsp;&nbsp;&nbsp;&nbsp;&nbsp;&nbsp;&nbsp;&nbsp;&nbsp;&nbsp;&nbsp;&nbsp;&nbsp;&nbsp;&nbsp;&nbsp;&nbsp;&nbsp;&nbsp;&nbsp;&nbsp;&nbsp;&nbsp;&nbsp;&nbsp;&nbsp;&nbsp;&nbsp;&nbsp;&nbsp;&nbsp;&nbsp;&nbsp;&nbsp;&nbsp;&nbsp;&nbsp;&nbsp;&nbsp;&nbsp;&nbsp;&nbsp;&nbsp;&nbsp;&nbsp;&nbsp;&nbsp;&nbsp;&nbsp;&nbsp;&nbsp;&nbsp;&nbsp;&nbsp;&nbsp;&nbsp;&nbsp; </span></span></span></span></p>

<ol start=""10"">
	<li><span style=""font-size:11pt""><span style=""font-family:Calibri,sans-serif""><span style=""font-size:10.0pt""><span style=""font-family:&quot;Calibri Light&quot;,sans-serif"">Asking clients how <strong>concerned</strong> they are by the &lsquo;less good things&rsquo;.&nbsp;&nbsp; :&nbsp;&nbsp;&nbsp;&nbsp;&nbsp;&nbsp;&nbsp;&nbsp;&nbsp;&nbsp;&nbsp;&nbsp;&nbsp;&nbsp;&nbsp;&nbsp;&nbsp;&nbsp;&nbsp;&nbsp;&nbsp;&nbsp;&nbsp; </span></span></span></span></li>
	<li><span style=""font-size:11pt""><span style=""font-family:Calibri,sans-serif""><span style=""font-size:10.0pt""><span style=""font-family:&quot;Calibri Light&quot;,sans-serif"">Giving clients <strong>take-home materials</strong> to bolster the brief intervention. :&nbsp;&nbsp;&nbsp;&nbsp;&nbsp;&nbsp;&nbsp;&nbsp;&nbsp;&nbsp;&nbsp;&nbsp;&nbsp;&nbsp;&nbsp;&nbsp;&nbsp;&nbsp; </span></span></span></span></li>
</ol>

<p style=""margin-left:84px"">&nbsp;</p>

<p><span style=""font-size:11pt""><span style=""font-family:Calibri,sans-serif"">&nbsp;&nbsp;&nbsp;&nbsp;&nbsp;&nbsp;&nbsp;&nbsp;&nbsp;&nbsp;&nbsp;&nbsp;&nbsp;&nbsp;&nbsp;&nbsp;&nbsp;&nbsp;&nbsp;&nbsp;&nbsp;&nbsp;&nbsp;&nbsp;&nbsp;&nbsp;&nbsp;&nbsp;&nbsp;&nbsp;&nbsp;&nbsp;&nbsp;&nbsp;&nbsp;&nbsp;&nbsp;&nbsp;&nbsp;&nbsp;&nbsp;&nbsp;&nbsp;&nbsp;&nbsp;&nbsp;&nbsp;&nbsp;&nbsp;&nbsp;&nbsp;&nbsp;&nbsp;&nbsp; </span></span></p>

<p><span style=""font-size:11pt""><span style=""font-family:Calibri,sans-serif"">&nbsp;&nbsp;&nbsp;&nbsp;&nbsp;&nbsp;&nbsp;&nbsp;&nbsp;&nbsp;&nbsp;&nbsp;&nbsp;&nbsp;&nbsp;&nbsp;&nbsp;&nbsp;&nbsp;&nbsp;&nbsp;&nbsp;&nbsp;&nbsp;&nbsp;&nbsp;&nbsp;&nbsp;&nbsp;&nbsp;&nbsp;&nbsp;&nbsp;&nbsp;&nbsp;&nbsp;&nbsp;&nbsp;&nbsp;&nbsp;&nbsp;&nbsp;&nbsp;&nbsp;&nbsp;&nbsp;&nbsp;&nbsp;&nbsp;&nbsp;&nbsp;&nbsp; </span></span></p>

<p><span style=""font-size:11pt""><span style=""font-family:Calibri,sans-serif""><span style=""font-size:10.0pt""><span style=""font-family:&quot;Calibri Light&quot;,sans-serif"">&nbsp;&nbsp;&nbsp;&nbsp;&nbsp;&nbsp;&nbsp;&nbsp;&nbsp;&nbsp;&nbsp;&nbsp;&nbsp;&nbsp;&nbsp;&nbsp;&nbsp;&nbsp;&nbsp;&nbsp;&nbsp;&nbsp;&nbsp;&nbsp; &nbsp;&nbsp;&nbsp;&nbsp;&nbsp;&nbsp;&nbsp;&nbsp;&nbsp;&nbsp;&nbsp;&nbsp;&nbsp;&nbsp;&nbsp;&nbsp;&nbsp;&nbsp;&nbsp;&nbsp;&nbsp;&nbsp;&nbsp;&nbsp;&nbsp;&nbsp;&nbsp;&nbsp;&nbsp;&nbsp;&nbsp;<strong>RECORD SHEET FOR SUBSTANCE USE DISORDER &ndash; CLINICAL NOTES </strong></span></span></span></span></p>

<p>&nbsp;</p>

<p>&nbsp;</p>

<p>&nbsp;</p>

<p>&nbsp;</p>
",RECORD SHEET FOR SUBSTANCE USE DISORDER -?ASSESSMENT,CLINICAL NOTE
1633,"<p><span style=""font-size:11pt""><span style=""font-family:Calibri,sans-serif"">&nbsp;&nbsp;&nbsp;&nbsp;&nbsp;&nbsp;&nbsp;&nbsp;&nbsp;&nbsp;&nbsp;&nbsp;&nbsp;&nbsp;&nbsp;&nbsp;&nbsp;&nbsp;&nbsp;&nbsp;&nbsp;&nbsp;&nbsp;&nbsp;&nbsp;&nbsp;&nbsp;&nbsp;&nbsp;&nbsp;&nbsp;&nbsp;&nbsp;&nbsp;&nbsp;&nbsp;&nbsp;&nbsp;&nbsp;&nbsp;&nbsp;&nbsp;&nbsp;&nbsp;&nbsp;&nbsp;&nbsp;&nbsp;&nbsp;&nbsp; Tobacco product (Cigarrettes, chewing tobacco,cigars, etc.)&nbsp; </span></span></p>

<p><span style=""font-size:11pt""><span style=""font-family:Calibri,sans-serif"">&nbsp;&nbsp;&nbsp;&nbsp;&nbsp;&nbsp;&nbsp;&nbsp;&nbsp;&nbsp;&nbsp;&nbsp;&nbsp;&nbsp;&nbsp;&nbsp;&nbsp;&nbsp;&nbsp;&nbsp;&nbsp;&nbsp;&nbsp;&nbsp;&nbsp;&nbsp;&nbsp;&nbsp;&nbsp;&nbsp;&nbsp;&nbsp;&nbsp;&nbsp;&nbsp;&nbsp;&nbsp;&nbsp;&nbsp;&nbsp;&nbsp;&nbsp;&nbsp;&nbsp;&nbsp;&nbsp;&nbsp;&nbsp;&nbsp;&nbsp;&nbsp; Alcoholic beverages ( beer, wine, spirit, etc.)&nbsp;&nbsp;&nbsp; </span></span></p>

<p><span style=""font-size:11pt""><span style=""font-family:Calibri,sans-serif"">&nbsp;&nbsp;&nbsp;&nbsp;&nbsp;&nbsp;&nbsp;&nbsp;&nbsp;&nbsp;&nbsp;&nbsp;&nbsp;&nbsp;&nbsp;&nbsp;&nbsp;&nbsp;&nbsp;&nbsp;&nbsp;&nbsp;&nbsp;&nbsp;&nbsp;&nbsp;&nbsp;&nbsp;&nbsp;&nbsp;&nbsp;&nbsp;&nbsp;&nbsp;&nbsp;&nbsp;&nbsp;&nbsp;&nbsp;&nbsp;&nbsp;&nbsp;&nbsp;&nbsp;&nbsp;&nbsp;&nbsp;&nbsp;&nbsp;&nbsp;&nbsp; Cannabis&nbsp; (Marijuana, port, grass, hash, India hemp etc.)</span></span></p>

<p><span style=""font-size:11pt""><span style=""font-family:Calibri,sans-serif"">&nbsp;&nbsp;&nbsp;&nbsp;&nbsp;&nbsp;&nbsp;&nbsp;&nbsp;&nbsp;&nbsp;&nbsp;&nbsp;&nbsp;&nbsp;&nbsp;&nbsp;&nbsp;&nbsp;&nbsp;&nbsp;&nbsp;&nbsp;&nbsp;&nbsp;&nbsp;&nbsp;&nbsp;&nbsp;&nbsp;&nbsp;&nbsp;&nbsp;&nbsp;&nbsp;&nbsp;&nbsp;&nbsp;&nbsp;&nbsp;&nbsp;&nbsp;&nbsp;&nbsp;&nbsp;&nbsp;&nbsp;&nbsp;&nbsp;&nbsp;&nbsp; Cocaine (Coke, Crack, etc.)</span></span></p>

<p><span style=""font-size:11pt""><span style=""font-family:Calibri,sans-serif"">&nbsp;&nbsp;&nbsp;&nbsp;&nbsp;&nbsp;&nbsp;&nbsp;&nbsp;&nbsp;&nbsp;&nbsp;&nbsp;&nbsp;&nbsp;&nbsp;&nbsp;&nbsp;&nbsp;&nbsp;&nbsp;&nbsp;&nbsp;&nbsp;&nbsp;&nbsp;&nbsp;&nbsp;&nbsp;&nbsp;&nbsp;&nbsp;&nbsp;&nbsp;&nbsp;&nbsp;&nbsp;&nbsp;&nbsp;&nbsp;&nbsp;&nbsp;&nbsp;&nbsp;&nbsp;&nbsp;&nbsp;&nbsp;&nbsp;&nbsp; &nbsp;Amphetamine types stimulates (speed,diet, pills, ecstasy, etc.)</span></span></p>

<p><span style=""font-size:11pt""><span style=""font-family:Calibri,sans-serif"">&nbsp;&nbsp;&nbsp;&nbsp;&nbsp;&nbsp;&nbsp;&nbsp;&nbsp;&nbsp;&nbsp;&nbsp;&nbsp;&nbsp;&nbsp;&nbsp;&nbsp;&nbsp;&nbsp;&nbsp;&nbsp;&nbsp;&nbsp;&nbsp;&nbsp;&nbsp;&nbsp;&nbsp;&nbsp;&nbsp;&nbsp;&nbsp;&nbsp;&nbsp;&nbsp;&nbsp;&nbsp;&nbsp;&nbsp;&nbsp;&nbsp;&nbsp;&nbsp;&nbsp;&nbsp;&nbsp;&nbsp;&nbsp;&nbsp;&nbsp;&nbsp;&nbsp; Inhalants&nbsp; (nitrous, glue, petrol, paint thinner, etc)</span></span></p>

<p><span style=""font-size:11pt""><span style=""font-family:Calibri,sans-serif"">&nbsp;&nbsp;&nbsp;&nbsp;&nbsp;&nbsp;&nbsp;&nbsp;&nbsp;&nbsp;&nbsp;&nbsp;&nbsp;&nbsp;&nbsp;&nbsp;&nbsp;&nbsp;&nbsp;&nbsp;&nbsp;&nbsp;&nbsp;&nbsp;&nbsp;&nbsp;&nbsp;&nbsp;&nbsp;&nbsp;&nbsp;&nbsp;&nbsp;&nbsp;&nbsp;&nbsp;&nbsp;&nbsp;&nbsp;&nbsp;&nbsp;&nbsp;&nbsp;&nbsp;&nbsp;&nbsp;&nbsp;&nbsp;&nbsp;&nbsp;&nbsp;&nbsp; Sedatives or sleeping pills ( Valium, Serapax, Rohypnol, etc.)</span></span></p>

<p><span style=""font-size:11pt""><span style=""font-family:Calibri,sans-serif"">&nbsp;&nbsp;&nbsp;&nbsp;&nbsp;&nbsp;&nbsp;&nbsp;&nbsp;&nbsp;&nbsp;&nbsp;&nbsp;&nbsp;&nbsp;&nbsp;&nbsp;&nbsp;&nbsp;&nbsp;&nbsp;&nbsp;&nbsp;&nbsp;&nbsp;&nbsp;&nbsp;&nbsp;&nbsp;&nbsp;&nbsp;&nbsp;&nbsp;&nbsp;&nbsp;&nbsp;&nbsp;&nbsp;&nbsp;&nbsp;&nbsp;&nbsp;&nbsp;&nbsp; &nbsp;&nbsp;&nbsp;&nbsp;&nbsp;&nbsp;&nbsp;&nbsp;Hallucinogens(LSD, acid, mushrooms,PCP, Special K, etc.)</span></span></p>

<p><span style=""font-size:11pt""><span style=""font-family:Calibri,sans-serif"">&nbsp;&nbsp;&nbsp;&nbsp;&nbsp;&nbsp;&nbsp;&nbsp;&nbsp;&nbsp;&nbsp;&nbsp;&nbsp;&nbsp;&nbsp;&nbsp;&nbsp;&nbsp;&nbsp;&nbsp;&nbsp; &nbsp;&nbsp;&nbsp;&nbsp;&nbsp;&nbsp;&nbsp;&nbsp;&nbsp;&nbsp;&nbsp;&nbsp;&nbsp;&nbsp;&nbsp;&nbsp;&nbsp;&nbsp;&nbsp;&nbsp;&nbsp;&nbsp;&nbsp;&nbsp;&nbsp;&nbsp;&nbsp;&nbsp;&nbsp;&nbsp;&nbsp;&nbsp;Opoids (heroin, morphine, methadone, codeine, etc.)</span></span></p>

<p><span style=""font-size:11pt""><span style=""font-family:Calibri,sans-serif"">&nbsp;&nbsp;&nbsp;&nbsp;&nbsp;&nbsp; &nbsp;&nbsp;&nbsp;&nbsp;&nbsp;&nbsp;&nbsp;&nbsp;&nbsp;&nbsp;&nbsp;&nbsp;&nbsp;&nbsp;&nbsp;&nbsp;&nbsp;&nbsp;&nbsp;&nbsp;&nbsp;&nbsp;&nbsp;&nbsp;&nbsp;&nbsp;&nbsp;&nbsp;&nbsp;&nbsp;&nbsp;&nbsp;&nbsp;&nbsp;&nbsp;&nbsp;&nbsp;&nbsp;&nbsp;&nbsp;&nbsp;&nbsp;&nbsp;&nbsp;&nbsp;&nbsp;&nbsp;&nbsp;Others &ndash; specify.</span></span></p>

<p>&nbsp;</p>

<p>&nbsp;</p>

<ol>
	<li><span style=""font-size:11pt""><span style=""font-family:Calibri,sans-serif"">In your life, which of the following substances have you ever used ? (NON MEDICAL USE ONLY) probe if all amswers are negative: &lsquo;&rsquo; Not even when you were in school?&rsquo;&rsquo; If Yes, circle Y and ask Q 2-8 for each substances ever used.&nbsp;&nbsp;&nbsp;&nbsp;&nbsp;&nbsp;&nbsp;&nbsp; YES/NO</span></span></li>
	<li><span style=""font-size:11pt""><span style=""font-family:Calibri,sans-serif"">In the past 3 months, how often have you used the substances you used the substances you mentioned (1<sup>st</sup> DRUG, 2<sup>nd</sup> DRUG, ETC.)? Never (0), Once or Twice (2), Monthly (3), Weekly (4), Daily or Almost Daily (6)&nbsp;&nbsp;&nbsp;&nbsp;&nbsp;&nbsp;&nbsp;&nbsp;&nbsp;&nbsp;&nbsp;&nbsp;&nbsp;&nbsp;&nbsp;&nbsp;&nbsp;&nbsp;&nbsp;&nbsp;&nbsp;&nbsp;&nbsp;&nbsp;&nbsp;&nbsp;&nbsp;&nbsp;&nbsp;&nbsp;&nbsp;&nbsp; YES/NO</span></span></li>
	<li><span style=""font-size:11pt""><span style=""font-family:Calibri,sans-serif"">During the past 3 months, how often have you had a strong desire or urge to use (1<sup>st</sup> DRUG, 2<sup>nd</sup> DRUG, ETC)</span></span></li>
</ol>

<p><span style=""font-size:11pt""><span style=""font-family:Calibri,sans-serif"">&nbsp;&nbsp;&nbsp;&nbsp;&nbsp;&nbsp;&nbsp;&nbsp;&nbsp;&nbsp;&nbsp;&nbsp;&nbsp;&nbsp;&nbsp;&nbsp;&nbsp;&nbsp;&nbsp;&nbsp;&nbsp;&nbsp;&nbsp;&nbsp;&nbsp;&nbsp;&nbsp;&nbsp;&nbsp;&nbsp;&nbsp;&nbsp;&nbsp;&nbsp;&nbsp;&nbsp;&nbsp;&nbsp;&nbsp;&nbsp;&nbsp;&nbsp;&nbsp;&nbsp;&nbsp;&nbsp;&nbsp;&nbsp;&nbsp; </span></span></p>

<p><span style=""font-size:11pt""><span style=""font-family:Calibri,sans-serif"">&nbsp;&nbsp;&nbsp;&nbsp;&nbsp;&nbsp;&nbsp;&nbsp;&nbsp;&nbsp;&nbsp;&nbsp;&nbsp;&nbsp;&nbsp;&nbsp;&nbsp;&nbsp;&nbsp;&nbsp;&nbsp;&nbsp;&nbsp;&nbsp;&nbsp;&nbsp;&nbsp;&nbsp;&nbsp;&nbsp;&nbsp;&nbsp;&nbsp;&nbsp;&nbsp;&nbsp;&nbsp;&nbsp;&nbsp;&nbsp;&nbsp;&nbsp;&nbsp;&nbsp;&nbsp;&nbsp;&nbsp;&nbsp;&nbsp;&nbsp;&nbsp;&nbsp; &nbsp;&nbsp;</span></span></p>

<p><span style=""font-size:11pt""><span style=""font-family:Calibri,sans-serif"">&nbsp;&nbsp;&nbsp;&nbsp;&nbsp;&nbsp;&nbsp;&nbsp;&nbsp;&nbsp;&nbsp;&nbsp;&nbsp;&nbsp;&nbsp;&nbsp;&nbsp;&nbsp;&nbsp;&nbsp;&nbsp;&nbsp;&nbsp;&nbsp;&nbsp;&nbsp;&nbsp;&nbsp;&nbsp;&nbsp;&nbsp;&nbsp;&nbsp;&nbsp;&nbsp;&nbsp;&nbsp;&nbsp;&nbsp;&nbsp;&nbsp;&nbsp;&nbsp;&nbsp;&nbsp;&nbsp;&nbsp;&nbsp;&nbsp;&nbsp;&nbsp;&nbsp; </span></span></p>

<p><span style=""font-size:11pt""><span style=""font-family:Calibri,sans-serif"">&nbsp;&nbsp;&nbsp;&nbsp;&nbsp;&nbsp;&nbsp;&nbsp;&nbsp;&nbsp;&nbsp;&nbsp;&nbsp;&nbsp;&nbsp;&nbsp;&nbsp;&nbsp;&nbsp;&nbsp;&nbsp;&nbsp;&nbsp;&nbsp;&nbsp;&nbsp;&nbsp;&nbsp;&nbsp;&nbsp;&nbsp;&nbsp;&nbsp;&nbsp;&nbsp; &nbsp;&nbsp;&nbsp;&nbsp;&nbsp;&nbsp;&nbsp;&nbsp;&nbsp;&nbsp;&nbsp;&nbsp;&nbsp;&nbsp;&nbsp;&nbsp;&nbsp;&nbsp;&nbsp;&nbsp;&nbsp;&nbsp;&nbsp;&nbsp;&nbsp;&nbsp;&nbsp;&nbsp;&nbsp;&nbsp;&nbsp;&nbsp;&nbsp;&nbsp;&nbsp;&nbsp;&nbsp;&nbsp;&nbsp;&nbsp;&nbsp;&nbsp;&nbsp;&nbsp;&nbsp;&nbsp;&nbsp;&nbsp;&nbsp;&nbsp;&nbsp;&nbsp;&nbsp;&nbsp;&nbsp;&nbsp;&nbsp;&nbsp;&nbsp;&nbsp;&nbsp;&nbsp;&nbsp;&nbsp;&nbsp;&nbsp;&nbsp;&nbsp;&nbsp;&nbsp;&nbsp;&nbsp;&nbsp;&nbsp;&nbsp;&nbsp;&nbsp;&nbsp;&nbsp;&nbsp;&nbsp;&nbsp;&nbsp;&nbsp;&nbsp;&nbsp;&nbsp;&nbsp;&nbsp;&nbsp;&nbsp;&nbsp;&nbsp;&nbsp;&nbsp;&nbsp;&nbsp;&nbsp;&nbsp;&nbsp;&nbsp;&nbsp;&nbsp;&nbsp;&nbsp;&nbsp;&nbsp;&nbsp;&nbsp;&nbsp;&nbsp;&nbsp;&nbsp;&nbsp;&nbsp;&nbsp;&nbsp;&nbsp;&nbsp;&nbsp;&nbsp;&nbsp;&nbsp;&nbsp;&nbsp;&nbsp;&nbsp;&nbsp;&nbsp;&nbsp;&nbsp;&nbsp;&nbsp;&nbsp;&nbsp;&nbsp;&nbsp;&nbsp;&nbsp;&nbsp;&nbsp;&nbsp;&nbsp;&nbsp;&nbsp;&nbsp;&nbsp;&nbsp;&nbsp;&nbsp;&nbsp;&nbsp;&nbsp;&nbsp;&nbsp;&nbsp;&nbsp;&nbsp;&nbsp;&nbsp;&nbsp;&nbsp;&nbsp;&nbsp;&nbsp;&nbsp;&nbsp;&nbsp;&nbsp;&nbsp;&nbsp;&nbsp;&nbsp;&nbsp;&nbsp;&nbsp;&nbsp;&nbsp;&nbsp;&nbsp;&nbsp;&nbsp;&nbsp;&nbsp;&nbsp;&nbsp;&nbsp;&nbsp;&nbsp;&nbsp;&nbsp;&nbsp;`</span></span></p>

<p>&nbsp;</p>
",RECORD SHEET FOR SUBSTANCE USE DISORDER -?ASSESSMENT 2,CLINICAL NOTE
1685,"<p style=""text-align:center""><strong><span style=""font-size:20px"">PATIENT PRN CHART</span></strong></p>

<table border=""1"" cellpadding=""1"" cellspacing=""1"" style=""width:500px"">
	<tbody>
		<tr>
			<td>NAME OF PRESCRIPTION</td>
			<td>PRESCRIBED</td>
			<td>DATE GIVEN</td>
			<td>TIME GIVEN</td>
			<td>GIVEN FULL NAME</td>
		</tr>
		<tr>
			<td>
			<p>&nbsp;</p>
			</td>
			<td>&nbsp;</td>
			<td>&nbsp;</td>
			<td>&nbsp;</td>
			<td>&nbsp;</td>
		</tr>
	</tbody>
</table>

<p>&nbsp;</p>
",NUR-PATIENT PRN CHART,CLINICAL NOTE
1728,"<p><strong>Consultant;&nbsp; &nbsp; &nbsp; &nbsp; &nbsp;&nbsp;</strong>&nbsp; &nbsp; &nbsp; &nbsp; &nbsp; &nbsp; &nbsp; &nbsp; &nbsp; &nbsp; &nbsp; &nbsp; &nbsp; &nbsp; &nbsp; &nbsp; &nbsp; &nbsp; &nbsp; &nbsp; &nbsp; &nbsp; &nbsp; &nbsp; &nbsp; &nbsp; &nbsp; &nbsp; &nbsp; Medical Diagnosis;</p>

<p>Date of Admission;&nbsp; &nbsp; &nbsp; &nbsp; &nbsp; &nbsp; &nbsp; &nbsp; &nbsp; &nbsp; &nbsp; &nbsp; &nbsp; &nbsp; &nbsp; &nbsp; &nbsp; &nbsp; &nbsp; &nbsp; &nbsp; &nbsp; &nbsp; &nbsp; &nbsp; &nbsp; &nbsp; &nbsp; &nbsp; &nbsp;Allergies;</p>

<p>Immunisation; B.C.G&nbsp; &nbsp; &nbsp; &nbsp; &nbsp; &nbsp; &nbsp; &nbsp; &nbsp; &nbsp; &nbsp; &nbsp; &nbsp; &nbsp; &nbsp; &nbsp; &nbsp; &nbsp; &nbsp; &nbsp; &nbsp; &nbsp; &nbsp; &nbsp; &nbsp; &nbsp; &nbsp; &nbsp;Poliomyelities;&nbsp; &nbsp; &nbsp; &nbsp; &nbsp; &nbsp; &nbsp; &nbsp; &nbsp; &nbsp; Tetanus;&nbsp; &nbsp; &nbsp; &nbsp; &nbsp; &nbsp; &nbsp; &nbsp; &nbsp; &nbsp; &nbsp; &nbsp; &nbsp; &nbsp; &nbsp; &nbsp; &nbsp; &nbsp; &nbsp; &nbsp; &nbsp; &nbsp; &nbsp; &nbsp; &nbsp; &nbsp; &nbsp; &nbsp; &nbsp; &nbsp; &nbsp; &nbsp; &nbsp; &nbsp;Whooping cough</p>

<p>&nbsp; &nbsp; &nbsp; &nbsp; &nbsp; &nbsp; &nbsp; &nbsp; &nbsp; &nbsp; <strong>Diphtheria&nbsp;</strong> &nbsp; &nbsp; &nbsp; &nbsp; &nbsp; &nbsp; &nbsp; &nbsp; &nbsp; &nbsp; &nbsp; &nbsp; &nbsp; &nbsp; &nbsp; &nbsp; &nbsp; &nbsp; &nbsp; &nbsp; &nbsp; &nbsp; &nbsp; &nbsp; &nbsp; &nbsp; &nbsp; &nbsp; Measies</p>

<p>&nbsp; &nbsp; &nbsp; &nbsp; &nbsp; &nbsp; &nbsp; &nbsp; &nbsp;<strong> &nbsp; &nbsp; L.M.P</strong>;&nbsp; &nbsp; &nbsp; &nbsp; &nbsp; &nbsp; &nbsp; &nbsp; &nbsp; &nbsp; &nbsp; &nbsp; &nbsp; &nbsp; &nbsp; &nbsp; &nbsp; &nbsp; &nbsp; &nbsp; &nbsp; &nbsp; &nbsp; &nbsp; &nbsp; &nbsp; &nbsp; &nbsp; &nbsp; &nbsp; &nbsp; &nbsp; &nbsp; &nbsp; &nbsp; &nbsp; &nbsp; &nbsp; &nbsp; &nbsp; &nbsp; &nbsp; &nbsp; &nbsp; &nbsp; &nbsp; &nbsp; <strong>&nbsp; &nbsp; E.D.D;&nbsp; </strong>&nbsp; &nbsp; &nbsp; &nbsp; &nbsp; &nbsp; &nbsp; &nbsp; &nbsp;&nbsp;</p>

<p>Date of discharge;</p>

<p>&nbsp; &nbsp; &nbsp; &nbsp; &nbsp; &nbsp; &nbsp; &nbsp; &nbsp; &nbsp; &nbsp; &nbsp; &nbsp; &nbsp; &nbsp; &nbsp; &nbsp; &nbsp; &nbsp; &nbsp; &nbsp; &nbsp; &nbsp; &nbsp; &nbsp; &nbsp; &nbsp; &nbsp; &nbsp; &nbsp; &nbsp;<strong>NURSING HISTORY</strong></p>

<p>&nbsp; &nbsp; &nbsp;<strong>State of Health;</strong>&nbsp; &nbsp; &nbsp; &nbsp; &nbsp; &nbsp; &nbsp; &nbsp; &nbsp; &nbsp; &nbsp; &nbsp; &nbsp; &nbsp; &nbsp; &nbsp; &nbsp; &nbsp; &nbsp; &nbsp; &nbsp; &nbsp; &nbsp; &nbsp; &nbsp; &nbsp; &nbsp; &nbsp; &nbsp; &nbsp; &nbsp; &nbsp; &nbsp; &nbsp; &nbsp; &nbsp; &nbsp; &nbsp; &nbsp; &nbsp; &nbsp; &nbsp; &nbsp; &nbsp; &nbsp; &nbsp; &nbsp; &nbsp; &nbsp; <strong>Informant</strong>;</p>

<p>PRESENT;</p>

<p>&nbsp;</p>

<p>PAST;</p>

<p>&nbsp;</p>

<p>NUTRITION;</p>

<p>&nbsp;</p>

<p>ELIMINATION;</p>

<p>&nbsp;</p>

<p>ATIVITY/EXERSISE;&nbsp;</p>

<p>&nbsp;</p>

<p>SLEEP and REST;</p>

<p>&nbsp;</p>

<p>COMMUNICATION/ SPECIAL SENSE;</p>

<p>&nbsp;</p>

<p>FEELING ABOUT SELF/IMAGE;</p>

<p>&nbsp;</p>

<p>FAMILY SOCIAL/ RELATIONSHIP;</p>

<p>&nbsp;</p>

<p>SEXUALITY/ REPRODUCTION;</p>

<p>&nbsp;</p>

<p>COPING WITH STRESS;</p>

<p>&nbsp;</p>

<p>VALUE AND BELIEFS;</p>

<p>&nbsp;</p>

<p>OTHER INFORMATION&nbsp; i.e&nbsp; [HABIT]</p>

<p>&nbsp;</p>

<p>&nbsp; VALUEABLE</p>

<p>&nbsp; &nbsp; &nbsp; &nbsp; &nbsp; &nbsp; &nbsp; &nbsp; &nbsp; &nbsp; &nbsp; &nbsp; &nbsp; &nbsp; &nbsp; &nbsp; &nbsp; &nbsp; &nbsp;<strong>EXAMINATION</strong>&nbsp;</p>

<p>PHYSICAL MEASUREMENT;</p>

<p>TEMPRETURE;&nbsp; &nbsp; &nbsp; &nbsp; &nbsp; &nbsp; &nbsp; &nbsp; &nbsp; &nbsp; &nbsp; &nbsp; &nbsp; &nbsp; &nbsp; &nbsp; &nbsp; &nbsp; &nbsp; &nbsp; &nbsp; &nbsp; &nbsp; &nbsp; &nbsp; &nbsp; &nbsp; &nbsp; &nbsp; &nbsp; &nbsp; &nbsp; &nbsp;PULSE&nbsp; &nbsp; &nbsp; &nbsp; &nbsp; &nbsp; &nbsp; &nbsp; &nbsp; &nbsp; &nbsp; &nbsp; &nbsp; &nbsp; &nbsp; &nbsp; &nbsp; &nbsp; &nbsp; &nbsp; &nbsp; &nbsp; &nbsp; &nbsp; &nbsp; &nbsp; &nbsp; RESPIRATION;</p>

<p>BLOOD PRESURE;&nbsp; &nbsp; &nbsp; &nbsp; &nbsp; &nbsp; &nbsp; &nbsp; &nbsp; &nbsp; &nbsp; &nbsp; &nbsp; &nbsp; &nbsp; &nbsp; &nbsp; &nbsp; &nbsp; &nbsp; &nbsp; &nbsp; &nbsp; &nbsp; &nbsp; &nbsp; &nbsp; &nbsp; &nbsp; APEX BEAT&nbsp; &nbsp; &nbsp; &nbsp; &nbsp; &nbsp; &nbsp; &nbsp; &nbsp; &nbsp; &nbsp; &nbsp; &nbsp; &nbsp; &nbsp; &nbsp; &nbsp; &nbsp; &nbsp; &nbsp; &nbsp; &nbsp; &nbsp; &nbsp; WEIGHT</p>

<p>HEIGHT;</p>

<p>URINALYSIS</p>

<p>GENERAL INSPECTION {HEAD- TOE}</p>

<p>PAIPATION;</p>

<p>PERCUSSION;</p>

<p>AUSCULTATION;</p>

<p>NURSING DIAGNOSIS;</p>

<p>&nbsp; &nbsp; &nbsp; &nbsp; &nbsp; &nbsp; &nbsp; &nbsp; &nbsp; &nbsp; &nbsp; &nbsp; &nbsp; &nbsp; &nbsp; &nbsp; &nbsp; &nbsp; &nbsp; &nbsp; &nbsp; &nbsp; &nbsp; &nbsp; &nbsp; &nbsp; &nbsp; &nbsp; &nbsp; &nbsp; &nbsp; &nbsp; &nbsp; &nbsp; &nbsp; &nbsp; &nbsp; &nbsp; &nbsp; &nbsp; &nbsp; &nbsp; &nbsp; &nbsp; &nbsp; &nbsp; &nbsp; &nbsp; &nbsp; &nbsp; &nbsp; &nbsp; &nbsp; &nbsp; &nbsp; &nbsp; &nbsp; &nbsp; &nbsp; &nbsp; &nbsp; &nbsp; &nbsp; &nbsp; &nbsp; &nbsp; &nbsp; &nbsp; &nbsp; &nbsp; &nbsp; &nbsp; &nbsp; NAME of NURSE;</p>

<p>&nbsp; &nbsp; &nbsp; &nbsp; &nbsp; &nbsp; &nbsp; &nbsp; &nbsp; &nbsp; &nbsp; &nbsp; &nbsp; &nbsp; &nbsp; &nbsp; &nbsp; &nbsp; &nbsp; &nbsp; &nbsp; &nbsp; &nbsp; &nbsp; &nbsp; &nbsp; &nbsp; &nbsp; &nbsp; &nbsp; &nbsp; &nbsp; &nbsp; &nbsp; &nbsp; &nbsp; &nbsp; &nbsp; &nbsp; &nbsp; &nbsp; &nbsp; &nbsp; &nbsp; &nbsp; &nbsp; &nbsp; &nbsp; &nbsp; &nbsp; &nbsp; &nbsp; &nbsp; &nbsp; &nbsp; &nbsp; &nbsp; &nbsp; &nbsp; &nbsp; &nbsp; &nbsp; &nbsp; &nbsp; &nbsp; &nbsp; &nbsp; &nbsp; &nbsp; &nbsp; &nbsp; &nbsp; &nbsp; &nbsp; &nbsp; &nbsp;DATE ;</p>
",NURSING PROCESS RECORD-ICU,CLINICAL NOTE
1581,"<p style=""text-align:center""><span style=""font-size:16px"">RISK SCREEN</span></p>

<p>&nbsp;</p>

<p><span style=""font-size:11pt""><span style=""font-family:Calibri,sans-serif""><u><span style=""font-size:26.0pt"">RISK SCREEN</span></u></span></span></p>

<p><span style=""font-size:11pt""><span style=""font-family:Calibri,sans-serif""><strong><span style=""font-size:14.0pt"">Please (tick) the appropriate box</span></strong></span></span></p>

<table cellspacing=""0"" class=""MsoTableGrid"" style=""border-collapse:collapse; border:none; width:626px"">
	<tbody>
		<tr>
			<td style=""border-bottom:1px solid black; border-left:1px solid black; border-right:1px solid black; border-top:1px solid black; height:22px; vertical-align:top; width:223px"">
			<p><span style=""font-size:11pt""><span style=""font-family:Calibri,sans-serif""><strong><span style=""font-size:14.0pt"">Is this an initial risk screen?</span></strong></span></span></p>
			</td>
			<td style=""border-bottom:1px solid black; border-left:none; border-right:1px solid black; border-top:1px solid black; height:22px; vertical-align:top; width:40px"">
			<p><span style=""font-size:11pt""><span style=""font-family:Calibri,sans-serif""><strong><span style=""font-size:14.0pt"">Yes/No</span></strong></span></span></p>
			</td>
			<td style=""border-bottom:1px solid black; border-left:none; border-right:1px solid black; border-top:1px solid black; height:22px; vertical-align:top; width:363px"">
			<p><span style=""font-size:11pt""><span style=""font-family:Calibri,sans-serif""><strong><span style=""font-size:14.0pt"">Inpatient/out-patient/Community</span></strong></span></span></p>

			<p><span style=""font-size:11pt""><span style=""font-family:Calibri,sans-serif""><strong><span style=""font-size:14.0pt"">(delete as required0</span></strong></span></span></p>
			</td>
		</tr>
		<tr>
			<td style=""border-bottom:1px solid black; border-left:1px solid black; border-right:1px solid black; border-top:none; height:23px; vertical-align:top; width:223px"">
			<p><span style=""font-size:11pt""><span style=""font-family:Calibri,sans-serif""><strong><span style=""font-size:14.0pt"">Is this a subsequent Risk Screen?</span></strong></span></span></p>
			</td>
			<td style=""border-bottom:1px solid black; border-left:none; border-right:1px solid black; border-top:none; height:23px; vertical-align:top; width:40px"">
			<p><span style=""font-size:11pt""><span style=""font-family:Calibri,sans-serif""><strong><span style=""font-size:14.0pt"">Yes/No</span></strong></span></span></p>
			</td>
			<td style=""border-bottom:1px solid black; border-left:none; border-right:1px solid black; border-top:none; height:23px; vertical-align:top; width:363px"">
			<p><span style=""font-size:11pt""><span style=""font-family:Calibri,sans-serif""><strong><span style=""font-size:14.0pt"">Inpatient/Outpatient/Community</span></strong></span></span></p>

			<p><span style=""font-size:11pt""><span style=""font-family:Calibri,sans-serif""><strong><span style=""font-size:14.0pt"">(delete as required)</span></strong></span></span></p>
			</td>
		</tr>
	</tbody>
</table>

<p>&nbsp;</p>

<p>&nbsp;</p>

<p>&nbsp;</p>

<p>&nbsp;</p>

<p>&nbsp;</p>

<p>&nbsp;</p>

<p><span style=""font-size:11pt""><span style=""font-family:Calibri,sans-serif""><span style=""font-size:14.0pt"">FULL RISK ASSESSMENT TOOL</span></span></span></p>

<table cellspacing=""0"" class=""MsoTableGrid"" style=""border-collapse:collapse; border:none; width:671px"">
	<tbody>
		<tr>
			<td style=""border-bottom:1px solid black; border-left:1px solid black; border-right:1px solid black; border-top:1px solid black; height:40px; vertical-align:top; width:204px"">
			<p><span style=""font-size:11pt""><span style=""font-family:Calibri,sans-serif""><span style=""font-size:14.0pt"">SELF HARM/SUICIDE </span></span></span></p>
			</td>
			<td style=""border-bottom:1px solid black; border-left:none; border-right:1px solid black; border-top:1px solid black; height:40px; vertical-align:top; width:72px"">
			<p><span style=""font-size:11pt""><span style=""font-family:Calibri,sans-serif""><span style=""font-size:14.0pt"">Yes/No</span></span></span></p>
			</td>
			<td style=""border-bottom:1px solid black; border-left:none; border-right:1px solid black; border-top:1px solid black; height:40px; vertical-align:top; width:65px"">
			<p><span style=""font-size:11pt""><span style=""font-family:Calibri,sans-serif""><span style=""font-size:14.0pt"">DON&rsquo;T KNOW</span></span></span></p>
			</td>
			<td style=""border-bottom:1px solid black; border-left:none; border-right:1px solid black; border-top:1px solid black; height:40px; vertical-align:top; width:207px"">
			<p><span style=""font-size:11pt""><span style=""font-family:Calibri,sans-serif""><span style=""font-size:14.0pt"">VIOLENCE/AGGRESSION</span></span></span></p>
			</td>
			<td style=""border-bottom:1px solid black; border-left:none; border-right:1px solid black; border-top:1px solid black; height:40px; vertical-align:top; width:57px"">
			<p><span style=""font-size:11pt""><span style=""font-family:Calibri,sans-serif""><span style=""font-size:14.0pt"">Yes/No</span></span></span></p>
			</td>
			<td style=""border-bottom:1px solid black; border-left:none; border-right:1px solid black; border-top:1px solid black; height:40px; vertical-align:top; width:66px"">
			<p><span style=""font-size:11pt""><span style=""font-family:Calibri,sans-serif""><span style=""font-size:14.0pt"">DON&rsquo;T KNOW</span></span></span></p>
			</td>
		</tr>
		<tr>
			<td style=""border-bottom:1px solid black; border-left:1px solid black; border-right:1px solid black; border-top:none; vertical-align:top; width:204px"">
			<p><span style=""font-size:11pt""><span style=""font-family:Calibri,sans-serif""><span style=""font-size:14.0pt"">Current behavior suggesting there is a risk of self- harm/suicide</span></span></span></p>
			</td>
			<td style=""border-bottom:1px solid black; border-left:none; border-right:1px solid black; border-top:none; vertical-align:top; width:72px"">
			<p>&nbsp;</p>
			</td>
			<td style=""border-bottom:1px solid black; border-left:none; border-right:1px solid black; border-top:none; vertical-align:top; width:65px"">
			<p>&nbsp;</p>
			</td>
			<td style=""border-bottom:1px solid black; border-left:none; border-right:1px solid black; border-top:none; vertical-align:top; width:207px"">
			<p><span style=""font-size:11pt""><span style=""font-family:Calibri,sans-serif""><span style=""font-size:14.0pt"">Current thoughts /plans or symptoms indicating a risk of violence/aggression</span></span></span></p>
			</td>
			<td style=""border-bottom:1px solid black; border-left:none; border-right:1px solid black; border-top:none; vertical-align:top; width:57px"">
			<p>&nbsp;</p>
			</td>
			<td style=""border-bottom:1px solid black; border-left:none; border-right:1px solid black; border-top:none; vertical-align:top; width:66px"">
			<p>&nbsp;</p>
			</td>
		</tr>
		<tr>
			<td style=""border-bottom:1px solid black; border-left:1px solid black; border-right:1px solid black; border-top:none; vertical-align:top; width:204px"">
			<p><span style=""font-size:11pt""><span style=""font-family:Calibri,sans-serif""><span style=""font-size:14.0pt"">Recent significant adverse events</span></span></span></p>
			</td>
			<td style=""border-bottom:1px solid black; border-left:none; border-right:1px solid black; border-top:none; vertical-align:top; width:72px"">
			<p>&nbsp;</p>
			</td>
			<td style=""border-bottom:1px solid black; border-left:none; border-right:1px solid black; border-top:none; vertical-align:top; width:65px"">
			<p>&nbsp;</p>
			</td>
			<td style=""border-bottom:1px solid black; border-left:none; border-right:1px solid black; border-top:none; vertical-align:top; width:207px"">
			<p>&nbsp;</p>
			</td>
			<td style=""border-bottom:1px solid black; border-left:none; border-right:1px solid black; border-top:none; vertical-align:top; width:57px"">
			<p>&nbsp;</p>
			</td>
			<td style=""border-bottom:1px solid black; border-left:none; border-right:1px solid black; border-top:none; vertical-align:top; width:66px"">
			<p>&nbsp;</p>
			</td>
		</tr>
		<tr>
			<td style=""border-bottom:1px solid black; border-left:1px solid black; border-right:1px solid black; border-top:none; vertical-align:top; width:204px"">
			<p><span style=""font-size:11pt""><span style=""font-family:Calibri,sans-serif""><span style=""font-size:14.0pt"">Past history of self-harm/attempted suicide</span></span></span></p>
			</td>
			<td style=""border-bottom:1px solid black; border-left:none; border-right:1px solid black; border-top:none; vertical-align:top; width:72px"">
			<p>&nbsp;</p>
			</td>
			<td style=""border-bottom:1px solid black; border-left:none; border-right:1px solid black; border-top:none; vertical-align:top; width:65px"">
			<p>&nbsp;</p>
			</td>
			<td style=""border-bottom:1px solid black; border-left:none; border-right:1px solid black; border-top:none; vertical-align:top; width:207px"">
			<p><span style=""font-size:11pt""><span style=""font-family:Calibri,sans-serif""><span style=""font-size:14.0pt"">Current behavior suggesting there is a risk of violence/aggression/sexual assault</span></span></span></p>
			</td>
			<td style=""border-bottom:1px solid black; border-left:none; border-right:1px solid black; border-top:none; vertical-align:top; width:57px"">
			<p>&nbsp;</p>
			</td>
			<td style=""border-bottom:1px solid black; border-left:none; border-right:1px solid black; border-top:none; vertical-align:top; width:66px"">
			<p>&nbsp;</p>
			</td>
		</tr>
		<tr>
			<td style=""border-bottom:1px solid black; border-left:1px solid black; border-right:1px solid black; border-top:none; vertical-align:top; width:204px"">
			<p><span style=""font-size:11pt""><span style=""font-family:Calibri,sans-serif""><span style=""font-size:14.0pt"">Impulsivity</span></span></span></p>
			</td>
			<td style=""border-bottom:1px solid black; border-left:none; border-right:1px solid black; border-top:none; vertical-align:top; width:72px"">
			<p>&nbsp;</p>
			</td>
			<td style=""border-bottom:1px solid black; border-left:none; border-right:1px solid black; border-top:none; vertical-align:top; width:65px"">
			<p>&nbsp;</p>
			</td>
			<td style=""border-bottom:1px solid black; border-left:none; border-right:1px solid black; border-top:none; vertical-align:top; width:207px"">
			<p><span style=""font-size:11pt""><span style=""font-family:Calibri,sans-serif""><span style=""font-size:14.0pt"">Impulsivity</span></span></span></p>
			</td>
			<td style=""border-bottom:1px solid black; border-left:none; border-right:1px solid black; border-top:none; vertical-align:top; width:57px"">
			<p>&nbsp;</p>
			</td>
			<td style=""border-bottom:1px solid black; border-left:none; border-right:1px solid black; border-top:none; vertical-align:top; width:66px"">
			<p>&nbsp;</p>
			</td>
		</tr>
		<tr>
			<td style=""border-bottom:1px solid black; border-left:1px solid black; border-right:1px solid black; border-top:none; vertical-align:top; width:204px"">
			<p><span style=""font-size:11pt""><span style=""font-family:Calibri,sans-serif""><span style=""font-size:14.0pt"">Thoughts or plans which indicate there is a risk of self-harm or suicide</span></span></span></p>
			</td>
			<td style=""border-bottom:1px solid black; border-left:none; border-right:1px solid black; border-top:none; vertical-align:top; width:72px"">
			<p>&nbsp;</p>
			</td>
			<td style=""border-bottom:1px solid black; border-left:none; border-right:1px solid black; border-top:none; vertical-align:top; width:65px"">
			<p>&nbsp;</p>
			</td>
			<td style=""border-bottom:1px solid black; border-left:none; border-right:1px solid black; border-top:none; vertical-align:top; width:207px"">
			<p><span style=""font-size:11pt""><span style=""font-family:Calibri,sans-serif""><span style=""font-size:14.0pt"">Current problem with alcohol or substance abuse</span></span></span></p>
			</td>
			<td style=""border-bottom:1px solid black; border-left:none; border-right:1px solid black; border-top:none; vertical-align:top; width:57px"">
			<p>&nbsp;</p>
			</td>
			<td style=""border-bottom:1px solid black; border-left:none; border-right:1px solid black; border-top:none; vertical-align:top; width:66px"">
			<p>&nbsp;</p>
			</td>
		</tr>
		<tr>
			<td style=""border-bottom:1px solid black; border-left:1px solid black; border-right:1px solid black; border-top:none; vertical-align:top; width:204px"">
			<p><span style=""font-size:11pt""><span style=""font-family:Calibri,sans-serif""><span style=""font-size:14.0pt"">Mental illness (e.g depression, psychotic illness)/personality disorder</span></span></span></p>
			</td>
			<td style=""border-bottom:1px solid black; border-left:none; border-right:1px solid black; border-top:none; vertical-align:top; width:72px"">
			<p>&nbsp;</p>
			</td>
			<td style=""border-bottom:1px solid black; border-left:none; border-right:1px solid black; border-top:none; vertical-align:top; width:65px"">
			<p>&nbsp;</p>
			</td>
			<td style=""border-bottom:1px solid black; border-left:none; border-right:1px solid black; border-top:none; vertical-align:top; width:207px"">
			<p><span style=""font-size:11pt""><span style=""font-family:Calibri,sans-serif""><span style=""font-size:14.0pt"">Any expression of concern from others about the risk of violence</span></span></span></p>
			</td>
			<td style=""border-bottom:1px solid black; border-left:none; border-right:1px solid black; border-top:none; vertical-align:top; width:57px"">
			<p>&nbsp;</p>
			</td>
			<td style=""border-bottom:1px solid black; border-left:none; border-right:1px solid black; border-top:none; vertical-align:top; width:66px"">
			<p>&nbsp;</p>
			</td>
		</tr>
		<tr>
			<td style=""border-bottom:1px solid black; border-left:1px solid black; border-right:1px solid black; border-top:none; vertical-align:top; width:204px"">
			<p><span style=""font-size:11pt""><span style=""font-family:Calibri,sans-serif""><span style=""font-size:14.0pt"">Current problems with alcohol or substance misuse</span></span></span></p>
			</td>
			<td style=""border-bottom:1px solid black; border-left:none; border-right:1px solid black; border-top:none; vertical-align:top; width:72px"">
			<p>&nbsp;</p>
			</td>
			<td style=""border-bottom:1px solid black; border-left:none; border-right:1px solid black; border-top:none; vertical-align:top; width:65px"">
			<p>&nbsp;</p>
			</td>
			<td style=""border-bottom:1px solid black; border-left:none; border-right:1px solid black; border-top:none; vertical-align:top; width:207px"">
			<p><span style=""font-size:11pt""><span style=""font-family:Calibri,sans-serif""><span style=""font-size:14.0pt"">Physical factors e.g acute confusional state, pain</span></span></span></p>
			</td>
			<td style=""border-bottom:1px solid black; border-left:none; border-right:1px solid black; border-top:none; vertical-align:top; width:57px"">
			<p>&nbsp;</p>
			</td>
			<td style=""border-bottom:1px solid black; border-left:none; border-right:1px solid black; border-top:none; vertical-align:top; width:66px"">
			<p>&nbsp;</p>
			</td>
		</tr>
		<tr>
			<td style=""border-bottom:1px solid black; border-left:1px solid black; border-right:1px solid black; border-top:none; vertical-align:top; width:204px"">
			<p><span style=""font-size:11pt""><span style=""font-family:Calibri,sans-serif""><span style=""font-size:14.0pt"">An expression of concern(especially from a relative or carer) about the risk of self harm/suicide</span></span></span></p>
			</td>
			<td style=""border-bottom:1px solid black; border-left:none; border-right:1px solid black; border-top:none; vertical-align:top; width:72px"">
			<p>&nbsp;</p>
			</td>
			<td style=""border-bottom:1px solid black; border-left:none; border-right:1px solid black; border-top:none; vertical-align:top; width:65px"">
			<p>&nbsp;</p>
			</td>
			<td style=""border-bottom:1px solid black; border-left:none; border-right:1px solid black; border-top:none; vertical-align:top; width:207px"">
			<p><span style=""font-size:11pt""><span style=""font-family:Calibri,sans-serif""><span style=""font-size:14.0pt"">Evidence of disinhibited behavior</span></span></span></p>
			</td>
			<td style=""border-bottom:1px solid black; border-left:none; border-right:1px solid black; border-top:none; vertical-align:top; width:57px"">
			<p>&nbsp;</p>
			</td>
			<td style=""border-bottom:1px solid black; border-left:none; border-right:1px solid black; border-top:none; vertical-align:top; width:66px"">
			<p>&nbsp;</p>
			</td>
		</tr>
		<tr>
			<td style=""border-bottom:1px solid black; border-left:1px solid black; border-right:1px solid black; border-top:none; vertical-align:top; width:204px"">
			<p><span style=""font-size:11pt""><span style=""font-family:Calibri,sans-serif""><span style=""font-size:14.0pt"">Past history of self-harm/attempted suicide</span></span></span></p>
			</td>
			<td style=""border-bottom:1px solid black; border-left:none; border-right:1px solid black; border-top:none; vertical-align:top; width:72px"">
			<p>&nbsp;</p>
			</td>
			<td style=""border-bottom:1px solid black; border-left:none; border-right:1px solid black; border-top:none; vertical-align:top; width:65px"">
			<p>&nbsp;</p>
			</td>
			<td style=""border-bottom:1px solid black; border-left:none; border-right:1px solid black; border-top:none; vertical-align:top; width:207px"">
			<p><span style=""font-size:11pt""><span style=""font-family:Calibri,sans-serif""><span style=""font-size:14.0pt"">Risks to children</span></span></span></p>
			</td>
			<td style=""border-bottom:1px solid black; border-left:none; border-right:1px solid black; border-top:none; vertical-align:top; width:57px"">
			<p>&nbsp;</p>
			</td>
			<td style=""border-bottom:1px solid black; border-left:none; border-right:1px solid black; border-top:none; vertical-align:top; width:66px"">
			<p>&nbsp;</p>
			</td>
		</tr>
		<tr>
			<td style=""border-bottom:1px solid black; border-left:1px solid black; border-right:1px solid black; border-top:none; vertical-align:top; width:204px"">
			<p><span style=""font-size:11pt""><span style=""font-family:Calibri,sans-serif""><span style=""font-size:14.0pt"">Was serious inent expressed relating to any act of self-harm/attempted suicide</span></span></span></p>
			</td>
			<td style=""border-bottom:1px solid black; border-left:none; border-right:1px solid black; border-top:none; vertical-align:top; width:72px"">
			<p>&nbsp;</p>
			</td>
			<td style=""border-bottom:1px solid black; border-left:none; border-right:1px solid black; border-top:none; vertical-align:top; width:65px"">
			<p>&nbsp;</p>
			</td>
			<td style=""border-bottom:1px solid black; border-left:none; border-right:1px solid black; border-top:none; vertical-align:top; width:207px"">
			<p><span style=""font-size:11pt""><span style=""font-family:Calibri,sans-serif""><span style=""font-size:14.0pt"">Currently experiencing/responding to command hallucinations/false perception/delusions</span></span></span></p>
			</td>
			<td style=""border-bottom:1px solid black; border-left:none; border-right:1px solid black; border-top:none; vertical-align:top; width:57px"">
			<p>&nbsp;</p>
			</td>
			<td style=""border-bottom:1px solid black; border-left:none; border-right:1px solid black; border-top:none; vertical-align:top; width:66px"">
			<p>&nbsp;</p>
			</td>
		</tr>
		<tr>
			<td style=""border-bottom:1px solid black; border-left:1px solid black; border-right:1px solid black; border-top:none; vertical-align:top; width:204px"">
			<p><span style=""font-size:11pt""><span style=""font-family:Calibri,sans-serif""><span style=""font-size:14.0pt"">Any attempt to conceal an act of self harm</span></span></span></p>
			</td>
			<td style=""border-bottom:1px solid black; border-left:none; border-right:1px solid black; border-top:none; vertical-align:top; width:72px"">
			<p>&nbsp;</p>
			</td>
			<td style=""border-bottom:1px solid black; border-left:none; border-right:1px solid black; border-top:none; vertical-align:top; width:65px"">
			<p>&nbsp;</p>
			</td>
			<td style=""border-bottom:1px solid black; border-left:none; border-right:1px solid black; border-top:none; vertical-align:top; width:207px"">
			<p><span style=""font-size:11pt""><span style=""font-family:Calibri,sans-serif""><span style=""font-size:14.0pt"">Forensic history/evidence of arson and fire setting/index offences</span></span></span></p>
			</td>
			<td style=""border-bottom:1px solid black; border-left:none; border-right:1px solid black; border-top:none; vertical-align:top; width:57px"">
			<p>&nbsp;</p>
			</td>
			<td style=""border-bottom:1px solid black; border-left:none; border-right:1px solid black; border-top:none; vertical-align:top; width:66px"">
			<p>&nbsp;</p>
			</td>
		</tr>
		<tr>
			<td style=""border-bottom:1px solid black; border-left:1px solid black; border-right:1px solid black; border-top:none; vertical-align:top; width:204px"">
			<p><span style=""font-size:11pt""><span style=""font-family:Calibri,sans-serif""><span style=""font-size:14.0pt"">Currently experiencing/responding to command hallucinations</span></span></span></p>
			</td>
			<td style=""border-bottom:1px solid black; border-left:none; border-right:1px solid black; border-top:none; vertical-align:top; width:72px"">
			<p>&nbsp;</p>
			</td>
			<td style=""border-bottom:1px solid black; border-left:none; border-right:1px solid black; border-top:none; vertical-align:top; width:65px"">
			<p>&nbsp;</p>
			</td>
			<td style=""border-bottom:1px solid black; border-left:none; border-right:1px solid black; border-top:none; vertical-align:top; width:207px"">
			<p><span style=""font-size:11pt""><span style=""font-family:Calibri,sans-serif""><span style=""font-size:14.0pt"">Risk of domestic violence</span></span></span></p>
			</td>
			<td style=""border-bottom:1px solid black; border-left:none; border-right:1px solid black; border-top:none; vertical-align:top; width:57px"">
			<p>&nbsp;</p>
			</td>
			<td style=""border-bottom:1px solid black; border-left:none; border-right:1px solid black; border-top:none; vertical-align:top; width:66px"">
			<p>&nbsp;</p>
			</td>
		</tr>
		<tr>
			<td style=""border-bottom:1px solid black; border-left:1px solid black; border-right:1px solid black; border-top:none; vertical-align:top; width:204px"">
			<p><span style=""font-size:11pt""><span style=""font-family:Calibri,sans-serif""><span style=""font-size:14.0pt"">Is full risk assessment of this domain indicated?</span></span></span></p>
			</td>
			<td style=""border-bottom:1px solid black; border-left:none; border-right:1px solid black; border-top:none; vertical-align:top; width:72px"">
			<p>&nbsp;</p>
			</td>
			<td style=""border-bottom:1px solid black; border-left:none; border-right:1px solid black; border-top:none; vertical-align:top; width:65px"">
			<p>&nbsp;</p>
			</td>
			<td style=""border-bottom:1px solid black; border-left:none; border-right:1px solid black; border-top:none; vertical-align:top; width:207px"">
			<p><span style=""font-size:11pt""><span style=""font-family:Calibri,sans-serif""><span style=""font-size:14.0pt"">Risk to staff</span></span></span></p>
			</td>
			<td style=""border-bottom:1px solid black; border-left:none; border-right:1px solid black; border-top:none; vertical-align:top; width:57px"">
			<p>&nbsp;</p>
			</td>
			<td style=""border-bottom:1px solid black; border-left:none; border-right:1px solid black; border-top:none; vertical-align:top; width:66px"">
			<p>&nbsp;</p>
			</td>
		</tr>
		<tr>
			<td style=""border-bottom:1px solid black; border-left:1px solid black; border-right:1px solid black; border-top:none; vertical-align:top; width:204px"">
			<p>&nbsp;</p>
			</td>
			<td style=""border-bottom:1px solid black; border-left:none; border-right:1px solid black; border-top:none; vertical-align:top; width:72px"">
			<p>&nbsp;</p>
			</td>
			<td style=""border-bottom:1px solid black; border-left:none; border-right:1px solid black; border-top:none; vertical-align:top; width:65px"">
			<p>&nbsp;</p>
			</td>
			<td style=""border-bottom:1px solid black; border-left:none; border-right:1px solid black; border-top:none; vertical-align:top; width:207px"">
			<p><span style=""font-size:11pt""><span style=""font-family:Calibri,sans-serif""><span style=""font-size:14.0pt"">Is full Risk Assessment of this domain indicated?</span></span></span></p>
			</td>
			<td style=""border-bottom:1px solid black; border-left:none; border-right:1px solid black; border-top:none; vertical-align:top; width:57px"">
			<p>&nbsp;</p>
			</td>
			<td style=""border-bottom:1px solid black; border-left:none; border-right:1px solid black; border-top:none; vertical-align:top; width:66px"">
			<p>&nbsp;</p>
			</td>
		</tr>
	</tbody>
</table>

<p>&nbsp;</p>

<p>&nbsp;</p>

<table cellspacing=""0"" class=""MsoTableGrid"" style=""border-collapse:collapse; border:none; width:671px"">
	<tbody>
		<tr>
			<td style=""border-bottom:1px solid black; border-left:1px solid black; border-right:1px solid black; border-top:1px solid black; height:83px; vertical-align:top; width:198px"">
			<p><span style=""font-size:11pt""><span style=""font-family:Calibri,sans-serif""><span style=""font-size:14.0pt"">SERIOUS SELF-NEGLECT </span></span></span></p>
			</td>
			<td style=""border-bottom:1px solid black; border-left:none; border-right:1px solid black; border-top:1px solid black; height:83px; vertical-align:top; width:76px"">
			<p><span style=""font-size:11pt""><span style=""font-family:Calibri,sans-serif""><span style=""font-size:14.0pt"">Yes/No</span></span></span></p>
			</td>
			<td style=""border-bottom:1px solid black; border-left:none; border-right:1px solid black; border-top:1px solid black; height:83px; vertical-align:top; width:66px"">
			<p><span style=""font-size:11pt""><span style=""font-family:Calibri,sans-serif""><span style=""font-size:14.0pt"">DON&rsquo;T KNOW</span></span></span></p>
			</td>
			<td style=""border-bottom:1px solid black; border-left:none; border-right:1px solid black; border-top:1px solid black; height:83px; vertical-align:top; width:208px"">
			<p><span style=""font-size:11pt""><span style=""font-family:Calibri,sans-serif""><span style=""font-size:14.0pt"">EXPLOITATION VULNERABILITY OF SELF OF SELF AND OTHERS</span></span></span></p>
			</td>
			<td style=""border-bottom:1px solid black; border-left:none; border-right:1px solid black; border-top:1px solid black; height:83px; vertical-align:top; width:57px"">
			<p><span style=""font-size:11pt""><span style=""font-family:Calibri,sans-serif""><span style=""font-size:14.0pt"">Yes/No</span></span></span></p>
			</td>
			<td style=""border-bottom:1px solid black; border-left:none; border-right:1px solid black; border-top:1px solid black; height:83px; vertical-align:top; width:66px"">
			<p><span style=""font-size:11pt""><span style=""font-family:Calibri,sans-serif""><span style=""font-size:14.0pt"">DON&rsquo;T&nbsp;&nbsp;&nbsp;&nbsp; KNOW</span></span></span></p>
			</td>
		</tr>
		<tr>
			<td style=""border-bottom:1px solid black; border-left:1px solid black; border-right:1px solid black; border-top:none; height:68px; vertical-align:top; width:198px"">
			<p><span style=""font-size:11pt""><span style=""font-family:Calibri,sans-serif""><span style=""font-size:14.0pt"">Accommodation and homelessness</span></span></span></p>
			</td>
			<td style=""border-bottom:1px solid black; border-left:none; border-right:1px solid black; border-top:none; height:68px; vertical-align:top; width:76px"">
			<p>&nbsp;</p>
			</td>
			<td style=""border-bottom:1px solid black; border-left:none; border-right:1px solid black; border-top:none; height:68px; vertical-align:top; width:66px"">
			<p>&nbsp;</p>
			</td>
			<td style=""border-bottom:1px solid black; border-left:none; border-right:1px solid black; border-top:none; height:68px; vertical-align:top; width:208px"">
			<p><span style=""font-size:11pt""><span style=""font-family:Calibri,sans-serif""><span style=""font-size:14.0pt"">Risk of physical abuse</span></span></span></p>
			</td>
			<td style=""border-bottom:1px solid black; border-left:none; border-right:1px solid black; border-top:none; height:68px; vertical-align:top; width:57px"">
			<p>&nbsp;</p>
			</td>
			<td style=""border-bottom:1px solid black; border-left:none; border-right:1px solid black; border-top:none; height:68px; vertical-align:top; width:66px"">
			<p>&nbsp;</p>
			</td>
		</tr>
		<tr>
			<td style=""border-bottom:1px solid black; border-left:1px solid black; border-right:1px solid black; border-top:none; height:68px; vertical-align:top; width:198px"">
			<p><span style=""font-size:11pt""><span style=""font-family:Calibri,sans-serif""><span style=""font-size:14.0pt"">Unacceptable home conditions (e.g hazards)</span></span></span></p>
			</td>
			<td style=""border-bottom:1px solid black; border-left:none; border-right:1px solid black; border-top:none; height:68px; vertical-align:top; width:76px"">
			<p>&nbsp;</p>
			</td>
			<td style=""border-bottom:1px solid black; border-left:none; border-right:1px solid black; border-top:none; height:68px; vertical-align:top; width:66px"">
			<p>&nbsp;</p>
			</td>
			<td style=""border-bottom:1px solid black; border-left:none; border-right:1px solid black; border-top:none; height:68px; vertical-align:top; width:208px"">
			<p><span style=""font-size:11pt""><span style=""font-family:Calibri,sans-serif""><span style=""font-size:14.0pt"">Risk of sexual abuse</span></span></span></p>
			</td>
			<td style=""border-bottom:1px solid black; border-left:none; border-right:1px solid black; border-top:none; height:68px; vertical-align:top; width:57px"">
			<p>&nbsp;</p>
			</td>
			<td style=""border-bottom:1px solid black; border-left:none; border-right:1px solid black; border-top:none; height:68px; vertical-align:top; width:66px"">
			<p>&nbsp;</p>
			</td>
		</tr>
		<tr>
			<td style=""border-bottom:1px solid black; border-left:1px solid black; border-right:1px solid black; border-top:none; height:22px; vertical-align:top; width:198px"">
			<p><span style=""font-size:11pt""><span style=""font-family:Calibri,sans-serif""><span style=""font-size:14.0pt"">Social isolation</span></span></span></p>
			</td>
			<td style=""border-bottom:1px solid black; border-left:none; border-right:1px solid black; border-top:none; height:22px; vertical-align:top; width:76px"">
			<p>&nbsp;</p>
			</td>
			<td style=""border-bottom:1px solid black; border-left:none; border-right:1px solid black; border-top:none; height:22px; vertical-align:top; width:66px"">
			<p>&nbsp;</p>
			</td>
			<td style=""border-bottom:1px solid black; border-left:none; border-right:1px solid black; border-top:none; height:22px; vertical-align:top; width:208px"">
			<p><span style=""font-size:11pt""><span style=""font-family:Calibri,sans-serif""><span style=""font-size:14.0pt"">Risk of social abuse</span></span></span></p>
			</td>
			<td style=""border-bottom:1px solid black; border-left:none; border-right:1px solid black; border-top:none; height:22px; vertical-align:top; width:57px"">
			<p>&nbsp;</p>
			</td>
			<td style=""border-bottom:1px solid black; border-left:none; border-right:1px solid black; border-top:none; height:22px; vertical-align:top; width:66px"">
			<p>&nbsp;</p>
			</td>
		</tr>
		<tr>
			<td style=""border-bottom:1px solid black; border-left:1px solid black; border-right:1px solid black; border-top:none; height:46px; vertical-align:top; width:198px"">
			<p><span style=""font-size:11pt""><span style=""font-family:Calibri,sans-serif""><span style=""font-size:14.0pt"">Dehydration</span></span></span></p>
			</td>
			<td style=""border-bottom:1px solid black; border-left:none; border-right:1px solid black; border-top:none; height:46px; vertical-align:top; width:76px"">
			<p>&nbsp;</p>
			</td>
			<td style=""border-bottom:1px solid black; border-left:none; border-right:1px solid black; border-top:none; height:46px; vertical-align:top; width:66px"">
			<p>&nbsp;</p>
			</td>
			<td style=""border-bottom:1px solid black; border-left:none; border-right:1px solid black; border-top:none; height:46px; vertical-align:top; width:208px"">
			<p><span style=""font-size:11pt""><span style=""font-family:Calibri,sans-serif""><span style=""font-size:14.0pt"">Risk of emotional abuse</span></span></span></p>
			</td>
			<td style=""border-bottom:1px solid black; border-left:none; border-right:1px solid black; border-top:none; height:46px; vertical-align:top; width:57px"">
			<p>&nbsp;</p>
			</td>
			<td style=""border-bottom:1px solid black; border-left:none; border-right:1px solid black; border-top:none; height:46px; vertical-align:top; width:66px"">
			<p>&nbsp;</p>
			</td>
		</tr>
		<tr>
			<td style=""",ARO CLINICAL RISK ASSESSMENT TOOL (ACRAT),CLINICAL NOTE
1509,"<p style=""text-align:center""><span style=""font-size:12pt""><span style=""font-family:Calibri,sans-serif""><strong><em><span style=""font-family:&quot;Times New Roman&quot;,serif""><span style=""color:red"">SPEECH THERAPY ASSESSMENT FORM</span></span></em></strong></span></span></p>

<p>&nbsp;</p>

<p>&nbsp;</p>

<p><span style=""font-size:12pt""><span style=""font-family:Calibri,sans-serif""><em><span style=""font-family:&quot;Times New Roman&quot;,serif"">SPEECH THERAPIST IN CHARGE: </span></em></span></span></p>

<p><span style=""font-size:12pt""><span style=""font-family:Calibri,sans-serif""><em><span style=""font-family:&quot;Times New Roman&quot;,serif"">CONTACT ADDRESS: </span></em></span></span></p>

<p><span style=""font-size:12pt""><span style=""font-family:Calibri,sans-serif""><em><span style=""font-family:&quot;Times New Roman&quot;,serif"">DATE OF ASSESSMENT: </span></em></span></span></p>

<p>&nbsp;</p>

<p><span style=""font-size:12pt""><span style=""font-family:Calibri,sans-serif""><strong><em><span style=""font-size:14.0pt""><span style=""font-family:&quot;Times New Roman&quot;,serif"">REASON FOR REFERRAL:</span></span></em></strong></span></span></p>

<p>&nbsp;</p>

<p><span style=""font-size:12pt""><span style=""font-family:Calibri,sans-serif""><strong><em><span style=""font-size:14.0pt""><span style=""font-family:&quot;Times New Roman&quot;,serif"">Presenting complaints :</span></span></em></strong></span></span></p>

<p><span style=""font-size:12pt""><span style=""font-family:Calibri,sans-serif""><strong><em><span style=""font-size:14.0pt""><span style=""font-family:&quot;Times New Roman&quot;,serif"">Choose as appropriate (Yes/No)</span></span></em></strong></span></span></p>

<p><span style=""font-size:12pt""><span style=""font-family:Calibri,sans-serif""><strong><em><span style=""font-size:14.0pt""><span style=""font-family:&quot;Times New Roman&quot;,serif"">&nbsp;Autism Spectrum Disorder&nbsp;</span></span></em></strong></span></span></p>

<p><span style=""font-size:12pt""><span style=""font-family:Calibri,sans-serif""><strong><em><span style=""font-size:14.0pt""><span style=""font-family:&quot;Times New Roman&quot;,serif"">ADHD</span></span></em></strong></span></span></p>

<p><span style=""font-size:12pt""><span style=""font-family:Calibri,sans-serif""><strong><em><span style=""font-size:14.0pt""><span style=""font-family:&quot;Times New Roman&quot;,serif"">Cerebral Palsy </span></span></em></strong></span></span></p>

<p><span style=""font-size:12pt""><span style=""font-family:Calibri,sans-serif""><strong><em><span style=""font-size:14.0pt""><span style=""font-family:&quot;Times New Roman&quot;,serif"">Intellectual Disability</span></span></em></strong></span></span></p>

<p><span style=""font-size:12pt""><span style=""font-family:Calibri,sans-serif""><strong><em><span style=""font-size:14.0pt""><span style=""font-family:&quot;Times New Roman&quot;,serif"">Specific Learning Disability</span></span></em></strong></span></span></p>

<p><span style=""font-size:12pt""><span style=""font-family:Calibri,sans-serif""><strong><em><span style=""font-size:14.0pt""><span style=""font-family:&quot;Times New Roman&quot;,serif"">Developmental Language Disorder</span></span></em></strong></span></span></p>

<p><span style=""font-size:12pt""><span style=""font-family:Calibri,sans-serif""><strong><em><span style=""font-size:14.0pt""><span style=""font-family:&quot;Times New Roman&quot;,serif"">Hearing Impairment </span></span></em></strong></span></span></p>

<p><span style=""font-size:12pt""><span style=""font-family:Calibri,sans-serif""><strong><em><span style=""font-size:14.0pt""><span style=""font-family:&quot;Times New Roman&quot;,serif"">Fluency Disorder</span></span></em></strong></span></span></p>

<p><span style=""font-size:12pt""><span style=""font-family:Calibri,sans-serif""><strong><em><span style=""font-size:14.0pt""><span style=""font-family:&quot;Times New Roman&quot;,serif"">Speech Disorder </span></span></em></strong></span></span></p>

<p>&nbsp;</p>

<p>&nbsp;</p>

<p><span style=""font-size:12pt""><span style=""font-family:Calibri,sans-serif""><strong><em><span style=""font-size:14.0pt""><span style=""font-family:&quot;Times New Roman&quot;,serif"">CLIENT FAMILY HISTORY:</span></span></em></strong></span></span></p>

<p>&nbsp;</p>

<p><span style=""font-size:12pt""><span style=""font-family:Calibri,sans-serif""><strong><span style=""font-family:&quot;Times New Roman&quot;,serif"">CLIENT BIRTH HISTORY:</span></strong></span></span></p>

<p>&nbsp;</p>

<p><span style=""font-size:12pt""><span style=""font-family:Calibri,sans-serif""><strong><em><span style=""font-size:14.0pt""><span style=""font-family:&quot;Times New Roman&quot;,serif"">ORAL EXAMINATION:</span></span></em></strong></span></span></p>

<p><span style=""font-size:12pt""><span style=""font-family:Calibri,sans-serif""><strong><em><span style=""font-family:&quot;Times New Roman&quot;,serif"">Kindly indicate as unremarkable if no pathology observed or described the pathology noticed</span></em></strong></span></span></p>

<p><span style=""font-size:12pt""><span style=""font-family:Calibri,sans-serif""><em><span style=""font-family:&quot;Times New Roman&quot;,serif"">Respiration: </span></em></span></span></p>

<p><span style=""font-size:12pt""><span style=""font-family:Calibri,sans-serif""><em><span style=""font-family:&quot;Times New Roman&quot;,serif"">phonation: </span></em></span></span></p>

<p><span style=""font-size:12pt""><span style=""font-family:Calibri,sans-serif""><em><span style=""font-family:&quot;Times New Roman&quot;,serif"">Lips: </span></em></span></span></p>

<p><span style=""font-size:12pt""><span style=""font-family:Calibri,sans-serif""><em><span style=""font-family:&quot;Times New Roman&quot;,serif"">Tongue: </span></em></span></span></p>

<p><span style=""font-size:12pt""><span style=""font-family:Calibri,sans-serif""><em><span style=""font-family:&quot;Times New Roman&quot;,serif"">Jaw: </span></em></span></span></p>

<p><span style=""font-size:12pt""><span style=""font-family:Calibri,sans-serif""><em><span style=""font-family:&quot;Times New Roman&quot;,serif"">Uvula: </span></em></span></span></p>

<p><span style=""font-size:12pt""><span style=""font-family:Calibri,sans-serif""><em><span style=""font-family:&quot;Times New Roman&quot;,serif"">Palate: </span></em></span></span></p>

<p><span style=""font-size:12pt""><span style=""font-family:Calibri,sans-serif""><em><span style=""font-family:&quot;Times New Roman&quot;,serif"">Teeth: </span></em></span></span></p>

<p><span style=""font-size:12pt""><span style=""font-family:Calibri,sans-serif""><em><span style=""font-family:&quot;Times New Roman&quot;,serif"">Velum:</span></em></span></span></p>

<p><span style=""font-size:12pt""><span style=""font-family:Calibri,sans-serif""><em><span style=""font-family:&quot;Times New Roman&quot;,serif"">Other relevant information:</span></em><em> </em></span></span></p>

<p>&nbsp;</p>

<p><span style=""font-size:12pt""><span style=""font-family:Calibri,sans-serif""><strong><em><span style=""font-size:14.0pt""><span style=""font-family:&quot;Times New Roman&quot;,serif"">SPEECH GENERAL ASSESSMENT:</span></span></em></strong></span></span></p>

<p><span style=""font-size:12pt""><span style=""font-family:Calibri,sans-serif""><span style=""font-family:&quot;Times New Roman&quot;,serif"">Comprehension:</span></span></span></p>

<p><span style=""font-size:12pt""><span style=""font-family:Calibri,sans-serif""><span style=""font-family:&quot;Times New Roman&quot;,serif"">Expression:</span></span></span></p>

<p><span style=""font-size:12pt""><span style=""font-family:Calibri,sans-serif""><span style=""font-family:&quot;Times New Roman&quot;,serif"">Language Structure:</span></span></span></p>

<p><span style=""font-size:12pt""><span style=""font-family:Calibri,sans-serif""><span style=""font-family:&quot;Times New Roman&quot;,serif"">Vocabulary :</span></span></span></p>

<p><span style=""font-size:12pt""><span style=""font-family:Calibri,sans-serif""><span style=""font-family:&quot;Times New Roman&quot;,serif"">Articulation :</span></span></span></p>

<p><span style=""font-size:12pt""><span style=""font-family:Calibri,sans-serif""><span style=""font-family:&quot;Times New Roman&quot;,serif"">Voice:</span></span></span></p>

<p><span style=""font-size:12pt""><span style=""font-family:Calibri,sans-serif""><span style=""font-family:&quot;Times New Roman&quot;,serif"">Fluency :</span></span></span></p>

<p><span style=""font-size:12pt""><span style=""font-family:Calibri,sans-serif""><span style=""font-family:&quot;Times New Roman&quot;,serif"">Hearing :</span></span></span></p>

<p><span style=""font-size:12pt""><span style=""font-family:Calibri,sans-serif""><span style=""font-family:&quot;Times New Roman&quot;,serif"">Auditory Discrimination:</span></span></span></p>

<p><span style=""font-size:12pt""><span style=""font-family:Calibri,sans-serif""><span style=""font-family:&quot;Times New Roman&quot;,serif"">Auditory Memory:</span></span></span></p>

<p><span style=""font-size:12pt""><span style=""font-family:Calibri,sans-serif""><span style=""font-family:&quot;Times New Roman&quot;,serif"">Reading &amp; Writing:</span></span></span></p>

<p>&nbsp;</p>

<p><span style=""font-size:12pt""><span style=""font-family:Calibri,sans-serif""><strong><em><span style=""font-size:14.0pt""><span style=""font-family:&quot;Times New Roman&quot;,serif"">SPEECH DIAGNOSIS:</span></span></em></strong></span></span></p>

<p>&nbsp;</p>

<p>&nbsp;</p>

<p><span style=""font-size:12pt""><span style=""font-family:Calibri,sans-serif""><strong><em><span style=""font-size:14.0pt""><span style=""font-family:&quot;Times New Roman&quot;,serif"">SPEECH THERAPY INTERVENTION:</span></span></em></strong></span></span></p>

<p>&nbsp;</p>

<p><span style=""font-size:12pt""><span style=""font-family:Calibri,sans-serif""><strong><em><span style=""font-size:14.0pt""><span style=""font-family:&quot;Times New Roman&quot;,serif"">SPEECH THERAPY TREATMENT PLAN:</span></span></em></strong></span></span></p>

<ul>
	<li><span style=""font-size:12pt""><span style=""font-family:Calibri,sans-serif""><strong><em><span style=""font-size:14.0pt""><span style=""font-family:&quot;Times New Roman&quot;,serif"">Short term:</span></span></em></strong></span></span></li>
</ul>

<p>&nbsp;</p>

<ul>
	<li><span style=""font-size:12pt""><span style=""font-family:Calibri,sans-serif""><strong><em><span style=""font-size:14.0pt""><span style=""font-family:&quot;Times New Roman&quot;,serif"">Long term:</span></span></em></strong></span></span></li>
</ul>

<p>&nbsp;</p>

<p><span style=""font-size:12pt""><span style=""font-family:Calibri,sans-serif""><strong><em><span style=""font-size:14.0pt""><span style=""font-family:&quot;Times New Roman&quot;,serif"">SPEECH THERAPY CONCLUSION/SUMMARY:</span></span></em></strong></span></span></p>

<p>&nbsp;</p>

<p>&nbsp;</p>

<p><span style=""font-size:12pt""><span style=""font-family:Calibri,sans-serif""><a name=""_Hlk125347004""><strong><em><span style=""font-size:14.0pt""><span style=""font-family:&quot;Times New Roman&quot;,serif"">REFERRED TO:</span></span></em></strong></a></span></span></p>

<p>&nbsp;</p>

<p>&nbsp;</p>

<p>&nbsp;</p>

<p><span style=""font-size:12pt""><span style=""font-family:Calibri,sans-serif""><strong><em><span style=""font-size:14.0pt""><span style=""font-family:&quot;Times New Roman&quot;,serif"">RECOMMENDATION:</span></span></em></strong></span></span></p>

<p>&nbsp;</p>

<p>&nbsp;</p>

<p><span style=""font-size:12pt""><span style=""font-family:Calibri,sans-serif""><strong><em><span style=""font-size:14.0pt""><span style=""font-family:&quot;Times New Roman&quot;,serif"">SPEECH THERAPY PROGRESS REPORT :</span></span></em></strong></span></span></p>

<p><span style=""font-size:12pt""><span style=""font-family:Calibri,sans-serif""><span style=""font-family:&quot;Times New Roman&quot;,serif"">Date: &nbsp;&nbsp;Current Speech Level: Next follow up Date:</span></span></span></p>
",SPEECH THERAPY ASSESSMENT FORM,CLINICAL NOTE
1143,"<h1 style=""text-align:center""><strong>-- THEATRE NURSES PROGRESS FORM --</strong></h1>

<table border=""1"" cellpadding=""1"" cellspacing=""1"">
	<tbody>
		<tr>
			<td><strong>DATE:&nbsp; &nbsp; &nbsp; &nbsp; &nbsp; &nbsp; &nbsp; &nbsp; &nbsp; &nbsp; &nbsp; &nbsp; &nbsp; &nbsp; &nbsp; &nbsp; &nbsp;&nbsp;</strong></td>
			<td><strong>TIME :&nbsp; &nbsp; &nbsp; &nbsp; &nbsp; &nbsp; &nbsp; &nbsp; &nbsp;</strong></td>
			<td><strong>ID NO.:&nbsp; &nbsp; &nbsp; &nbsp; &nbsp; &nbsp; &nbsp; &nbsp; &nbsp; &nbsp; &nbsp; &nbsp; &nbsp; &nbsp; &nbsp; &nbsp; &nbsp; &nbsp; &nbsp; &nbsp; &nbsp; &nbsp;&nbsp;</strong></td>
		</tr>
	</tbody>
</table>

<table border=""1"" cellpadding=""1"" cellspacing=""1"">
	<tbody>
		<tr>
			<td><strong>PATIENT NAME:&nbsp; &nbsp; &nbsp; &nbsp; &nbsp; &nbsp; &nbsp; &nbsp; &nbsp; &nbsp; &nbsp; &nbsp; &nbsp; &nbsp; &nbsp; &nbsp; &nbsp; &nbsp; &nbsp; &nbsp; &nbsp; &nbsp; &nbsp; &nbsp; &nbsp; &nbsp;&nbsp;</strong></td>
		</tr>
	</tbody>
</table>

<table border=""1"" cellpadding=""1"" cellspacing=""1"">
	<tbody>
		<tr>
			<td><strong>AGE:&nbsp; &nbsp; &nbsp; &nbsp; &nbsp; &nbsp; &nbsp; &nbsp; &nbsp; &nbsp;&nbsp;</strong></td>
			<td><strong>SEX&nbsp; &nbsp; &nbsp; &nbsp; &nbsp; &nbsp; &nbsp; &nbsp; &nbsp; &nbsp; &nbsp; &nbsp; &nbsp; &nbsp; &nbsp; &nbsp; &nbsp; &nbsp; &nbsp; &nbsp; &nbsp;:</strong></td>
		</tr>
	</tbody>
</table>

<table border=""1"" cellpadding=""1"" cellspacing=""1"">
	<tbody>
		<tr>
			<td><strong>DIAGNOSIS:&nbsp; &nbsp; &nbsp; &nbsp; &nbsp; &nbsp; &nbsp; &nbsp; &nbsp; &nbsp; &nbsp; &nbsp; &nbsp; &nbsp; &nbsp; &nbsp; &nbsp; &nbsp; &nbsp; &nbsp; &nbsp; &nbsp; &nbsp; &nbsp; &nbsp; &nbsp; &nbsp; &nbsp; &nbsp;&nbsp;</strong></td>
		</tr>
	</tbody>
</table>

<table border=""1"" cellpadding=""1"" cellspacing=""1"">
	<tbody>
		<tr>
			<td><strong>PROCEDURE:&nbsp; &nbsp; &nbsp; &nbsp; &nbsp; &nbsp; &nbsp; &nbsp; &nbsp; &nbsp; &nbsp; &nbsp; &nbsp; &nbsp; &nbsp; &nbsp; &nbsp; &nbsp; &nbsp; &nbsp; &nbsp; &nbsp; &nbsp; &nbsp; &nbsp; &nbsp; &nbsp; &nbsp;</strong></td>
		</tr>
	</tbody>
</table>

<table border=""1"" cellpadding=""1"" cellspacing=""1"">
	<tbody>
		<tr>
			<td><strong>PREOPERATIVE VITAL SIGNS&nbsp; &nbsp; &nbsp; &nbsp; &nbsp; &nbsp; &nbsp; &nbsp; &nbsp; &nbsp; &nbsp; &nbsp; &nbsp; &nbsp; &nbsp; &nbsp; &nbsp; &nbsp;&nbsp;</strong></td>
		</tr>
	</tbody>
</table>

<table border=""1"" cellpadding=""1"" cellspacing=""1"">
	<tbody>
		<tr>
			<td><strong>TIME</strong></td>
			<td><strong>TEMP</strong></td>
			<td><strong>PULSE</strong></td>
			<td><strong>RESP</strong></td>
			<td><strong>B.P</strong></td>
			<td><strong>SPO2</strong></td>
			<td><strong>FBS</strong></td>
			<td><strong>WEIGHT</strong></td>
		</tr>
		<tr>
			<td>&nbsp;</td>
			<td>&nbsp;</td>
			<td>&nbsp;</td>
			<td>&nbsp;</td>
			<td>&nbsp;</td>
			<td>&nbsp;</td>
			<td>&nbsp; &nbsp; &nbsp; &nbsp; &nbsp; &nbsp;&nbsp;</td>
			<td>&nbsp;</td>
		</tr>
	</tbody>
</table>

<table border=""1"" cellpadding=""1"" cellspacing=""1"">
	<tbody>
		<tr>
			<td><strong>START TIME OF PROCEDURE:&nbsp; &nbsp; &nbsp; &nbsp; &nbsp; &nbsp; &nbsp; &nbsp; &nbsp; &nbsp; &nbsp; &nbsp; &nbsp; &nbsp; &nbsp; &nbsp; &nbsp; &nbsp; &nbsp; &nbsp;</strong></td>
		</tr>
	</tbody>
</table>

<table border=""1"" cellpadding=""1"" cellspacing=""1"">
	<tbody>
		<tr>
			<td style=""text-align:center""><strong>INTRAOPERATIVE MEDICATION&nbsp; &nbsp; &nbsp; &nbsp; &nbsp; &nbsp; &nbsp; &nbsp; &nbsp; &nbsp; &nbsp; &nbsp; &nbsp; &nbsp; &nbsp; &nbsp; &nbsp; &nbsp;&nbsp;</strong></td>
		</tr>
	</tbody>
</table>

<table border=""1"" cellpadding=""1"" cellspacing=""1"">
	<tbody>
		<tr>
			<td><strong>NAME OF DRUG</strong></td>
			<td><strong>DOSAGE</strong></td>
			<td><strong>ROUTE</strong></td>
			<td><strong>TIME</strong></td>
			<td><strong>SIGNATURE</strong></td>
		</tr>
		<tr>
			<td>&nbsp;</td>
			<td>&nbsp;</td>
			<td>&nbsp;</td>
			<td>&nbsp;</td>
			<td>&nbsp;</td>
		</tr>
		<tr>
			<td>&nbsp;</td>
			<td>&nbsp;</td>
			<td>&nbsp;</td>
			<td>&nbsp;</td>
			<td>&nbsp;</td>
		</tr>
		<tr>
			<td>&nbsp;</td>
			<td>&nbsp;</td>
			<td>&nbsp;</td>
			<td>&nbsp;</td>
			<td>&nbsp;</td>
		</tr>
		<tr>
			<td>&nbsp;</td>
			<td>&nbsp;</td>
			<td>&nbsp;</td>
			<td>&nbsp;</td>
			<td>&nbsp;</td>
		</tr>
		<tr>
			<td>&nbsp;</td>
			<td>&nbsp;</td>
			<td>&nbsp;</td>
			<td>&nbsp;</td>
			<td>&nbsp;</td>
		</tr>
		<tr>
			<td>&nbsp;</td>
			<td>&nbsp;</td>
			<td>&nbsp;</td>
			<td>&nbsp;</td>
			<td>&nbsp;</td>
		</tr>
		<tr>
			<td>&nbsp;</td>
			<td>&nbsp;</td>
			<td>&nbsp;</td>
			<td>&nbsp;</td>
			<td>&nbsp;</td>
		</tr>
	</tbody>
</table>

<table border=""1"" cellpadding=""1"" cellspacing=""1"">
	<tbody>
		<tr>
			<td><strong>END TIME OF PROCEDURE:&nbsp; &nbsp; &nbsp; &nbsp; &nbsp; &nbsp; &nbsp; &nbsp; &nbsp; &nbsp; &nbsp; &nbsp; &nbsp; &nbsp; &nbsp; &nbsp; &nbsp; &nbsp; &nbsp; &nbsp; &nbsp; &nbsp;</strong></td>
		</tr>
	</tbody>
</table>

<table border=""1"" cellpadding=""1"" cellspacing=""1"">
	<tbody>
		<tr>
			<td style=""text-align:center""><strong>POST OPERATIVE VITAL SIGNS&nbsp; &nbsp; &nbsp; &nbsp; &nbsp; &nbsp; &nbsp; &nbsp; &nbsp; &nbsp; &nbsp; &nbsp; &nbsp; &nbsp; &nbsp; &nbsp; &nbsp; &nbsp; &nbsp;</strong></td>
		</tr>
	</tbody>
</table>

<table border=""1"" cellpadding=""1"" cellspacing=""1"">
	<tbody>
		<tr>
			<td><strong>TIME</strong></td>
			<td><strong>TEMP</strong></td>
			<td><strong>PULSE</strong></td>
			<td><strong>RESP</strong></td>
			<td><strong>BP</strong></td>
			<td><strong>SPO2</strong></td>
			<td><strong>OTHERS</strong></td>
		</tr>
		<tr>
			<td>&nbsp;</td>
			<td>&nbsp;</td>
			<td>&nbsp;</td>
			<td>&nbsp;</td>
			<td>&nbsp; &nbsp; &nbsp; &nbsp; &nbsp; &nbsp; &nbsp; &nbsp; &nbsp; &nbsp;</td>
			<td>&nbsp;</td>
			<td>&nbsp;</td>
		</tr>
		<tr>
			<td>&nbsp;</td>
			<td>&nbsp;</td>
			<td>&nbsp;</td>
			<td>&nbsp;</td>
			<td>&nbsp;</td>
			<td>&nbsp;</td>
			<td>&nbsp;</td>
		</tr>
	</tbody>
</table>

<table border=""1"" cellpadding=""1"" cellspacing=""1"">
	<tbody>
		<tr>
			<td><strong>PATIENT CONDITION:</strong></td>
			<td>&nbsp; &nbsp; &nbsp; &nbsp; &nbsp; &nbsp; &nbsp; &nbsp; &nbsp; &nbsp; &nbsp; &nbsp; &nbsp; &nbsp; &nbsp; &nbsp; &nbsp; &nbsp; &nbsp; &nbsp; &nbsp; &nbsp; &nbsp; &nbsp; &nbsp; &nbsp; &nbsp;&nbsp;</td>
		</tr>
		<tr>
			<td><strong>REMARK:</strong></td>
			<td>&nbsp;</td>
		</tr>
		<tr>
			<td><strong>DATE/SIGN:</strong></td>
			<td>&nbsp;</td>
		</tr>
	</tbody>
</table>
",THEATRE NURSES PROGRESS FORM,
1461,"<p style=""text-align:center"">&nbsp;</p>

<p style=""text-align:center"">&nbsp;</p>

<p style=""text-align:center""><span style=""font-size:11pt""><span style=""font-family:&quot;Calibri&quot;,&quot;sans-serif&quot;""><span style=""font-size:14.0pt""><span style=""font-family:&quot;Times New Roman&quot;,&quot;serif&quot;"">INTAKE INTERVIEW TEMPLATE</span></span></span></span></p>

<p style=""margin-left:48px""><span style=""font-size:14.0pt""><span style=""font-family:&quot;Times New Roman&quot;,&quot;serif&quot;"">Referred by</span></span></p>

<p style=""margin-left:48px""><span style=""font-size:14.0pt""><span style=""font-family:&quot;Times New Roman&quot;,&quot;serif&quot;"">Reasons for referral</span></span></p>

<p style=""margin-left:48px""><span style=""font-size:14.0pt""><span style=""font-family:&quot;Times New Roman&quot;,&quot;serif&quot;"">Tests Administered</span></span></p>

<p style=""margin-left:48px"">&nbsp;</p>

<ul>
	<li><strong><span style=""font-size:14.0pt""><span style=""font-family:&quot;Times New Roman&quot;,&quot;serif&quot;"">BROUGHT BY</span></span></strong></li>
</ul>

<p style=""margin-left:48px"">&nbsp;</p>

<ul>
	<li><strong><span style=""font-size:14.0pt""><span style=""font-family:&quot;Times New Roman&quot;,&quot;serif&quot;"">PRESENTING COMPLAINTS</span></span></strong></li>
</ul>

<p style=""margin-left:48px"">&nbsp;</p>

<ul>
	<li><strong><span style=""font-size:14.0pt""><span style=""font-family:&quot;Times New Roman&quot;,&quot;serif&quot;"">BACK GROUND INFORMATION &amp; PSY DIAGNOSIS</span></span></strong></li>
</ul>

<p style=""margin-left:48px"">&nbsp;</p>

<ul>
	<li><strong><span style=""font-size:14.0pt""><span style=""font-family:&quot;Times New Roman&quot;,&quot;serif&quot;"">PHYSICAL DESCRIPTION</span></span></strong></li>
	<li><strong><span style=""font-size:14.0pt""><span style=""font-family:&quot;Times New Roman&quot;,&quot;serif&quot;"">FAMILY HISTORY</span></span></strong></li>
</ul>

<ul>
	<li><strong><span style=""font-size:14.0pt""><span style=""font-family:&quot;Times New Roman&quot;,&quot;serif&quot;"">DEVELOPMENTAL HISTORY</span></span></strong></li>
	<li><strong><span style=""font-size:14.0pt""><span style=""font-family:&quot;Times New Roman&quot;,&quot;serif&quot;"">EDUCATIONAL HISTORY</span></span></strong></li>
	<li><strong><span style=""font-size:14.0pt""><span style=""font-family:&quot;Times New Roman&quot;,&quot;serif&quot;"">OCCUPATIONAL HISTORY</span></span></strong></li>
	<li><strong><span style=""font-size:14.0pt""><span style=""font-family:&quot;Times New Roman&quot;,&quot;serif&quot;"">PSYCHOSEXUAL HISTORY</span></span></strong></li>
</ul>

<p style=""margin-left:48px"">&nbsp;</p>

<ul>
	<li><strong><span style=""font-size:14.0pt""><span style=""font-family:&quot;Times New Roman&quot;,&quot;serif&quot;"">DRUG HISTORY</span></span></strong></li>
	<li><strong><span style=""font-size:14.0pt""><span style=""font-family:&quot;Times New Roman&quot;,&quot;serif&quot;"">FORENSIC HISTORY</span></span></strong></li>
	<li><strong><span style=""font-size:14.0pt""><span style=""font-family:&quot;Times New Roman&quot;,&quot;serif&quot;"">ASSESSMENT FOR SUICIDAL INTENT</span></span></strong></li>
	<li><strong><span style=""font-size:14.0pt""><span style=""font-family:&quot;Times New Roman&quot;,&quot;serif&quot;"">PREMORBID PERSONALITY</span></span></strong></li>
</ul>

<ul>
	<li><strong><span style=""font-size:14.0pt""><span style=""font-family:&quot;Times New Roman&quot;,&quot;serif&quot;"">MENTAL STATE EXAMINATION</span></span></strong></li>
	<li><strong><span style=""font-size:14.0pt""><span style=""font-family:&quot;Times New Roman&quot;,&quot;serif&quot;"">TEST RESULT</span></span></strong></li>
	<li><strong><span style=""font-size:14.0pt""><span style=""font-family:&quot;Times New Roman&quot;,&quot;serif&quot;"">RECOMMENDATION </span></span></strong></li>
</ul>

<p>&nbsp;</p>

<p>&nbsp;</p>

<p style=""text-align:center"">&nbsp;</p>

<p style=""text-align:center""><span style=""font-size:11pt""><span style=""font-family:&quot;Calibri&quot;,&quot;sans-serif&quot;""><strong>PSYCHOTHERAPY REPORT</strong></span></span></p>

<p>&nbsp;<br />
&nbsp;</p>

<p>&nbsp;</p>

<table align=""left"" cellspacing=""0"" class=""MsoTableGrid"" style=""border-collapse:collapse; border:none; margin-left:9px; margin-right:9px; width:738px"">
	<tbody>
		<tr>
			<td style=""border-bottom:1px solid black; border-left:1px solid black; border-right:1px solid black; border-top:1px solid black; height:9px; vertical-align:top; width:94px"">
			<p style=""text-align:center""><span style=""font-size:11pt""><span style=""font-family:&quot;Calibri&quot;,&quot;sans-serif&quot;""><strong>Date</strong></span></span></p>
			</td>
			<td style=""border-bottom:1px solid black; border-left:none; border-right:1px solid black; border-top:1px solid black; height:9px; vertical-align:top; width:644px"">
			<p style=""text-align:center""><span style=""font-size:11pt""><span style=""font-family:&quot;Calibri&quot;,&quot;sans-serif&quot;""><strong>Psychological Notes</strong></span></span></p>
			</td>
		</tr>
		<tr>
			<td style=""border-bottom:1px solid black; border-left:1px solid black; border-right:1px solid black; border-top:none; height:765px; vertical-align:top; width:94px"">
			<p style=""margin-right:-13px"">&nbsp;</p>
			</td>
			<td style=""border-bottom:1px solid black; border-left:none; border-right:1px solid black; border-top:none; height:765px; vertical-align:top; width:644px"">
			<p style=""margin-right:-13px"">&nbsp;</p>
			</td>
		</tr>
	</tbody>
</table>
",Clerking and PSYCHOTHERAPY REPORT template,CLINICAL NOTE
1512,"<p style=""text-align:center""><span style=""font-size:20px""><span style=""font-family:&quot;Calibri&quot;,&quot;sans-serif&quot;""><strong>SEIZURE CHART</strong></span></span></p>

<p>&nbsp;</p>

<table border=""1"" cellpadding=""1"" cellspacing=""1"" style=""width:500px"">
	<tbody>
		<tr>
			<td>DATE</td>
			<td>TIME</td>
			<td>TYPE OF SEIZURE/DESCRIPTION</td>
			<td>DURATION</td>
			<td>REMARKS</td>
		</tr>
		<tr>
			<td>&nbsp;</td>
			<td>&nbsp;</td>
			<td>&nbsp;</td>
			<td>&nbsp;</td>
			<td>&nbsp;</td>
		</tr>
	</tbody>
</table>

<p>&nbsp;</p>
",NUR- SEIZURE CHART,CLINICAL NOTE
1543,"<p style=""text-align:center"">&nbsp;&nbsp;&nbsp;&nbsp;&nbsp;&nbsp;&nbsp;&nbsp;&nbsp;&nbsp;&nbsp;&nbsp;&nbsp;&nbsp;&nbsp;&nbsp;&nbsp;&nbsp;&nbsp;&nbsp;&nbsp;&nbsp;&nbsp;&nbsp;&nbsp;&nbsp;&nbsp;&nbsp;&nbsp;&nbsp;&nbsp;&nbsp;&nbsp;&nbsp;&nbsp;&nbsp;&nbsp;&nbsp;&nbsp;&nbsp;&nbsp;&nbsp;&nbsp;&nbsp;&nbsp;&nbsp;&nbsp;&nbsp;&nbsp;&nbsp;<span style=""font-size:20px""><strong>&nbsp;&nbsp;&nbsp; ASSESSMENT</strong></span></p>

<p>&nbsp;</p>

<p><span style=""font-size:16px""><strong>ACCOMPANIED BY:</strong></span></p>

<p><span style=""font-size:16px""><strong>CONSULTANT:</strong></span></p>

<p><span style=""font-size:16px""><strong>MEDICAL DIANOSIS:</strong></span></p>

<p><span style=""font-size:16px""><strong>AILMENT:</strong></span></p>

<p><span style=""font-size:16px""><strong>DATE OF ADMISSION:</strong></span></p>

<p><span style=""font-size:16px""><strong>STATUS:</strong></span></p>

<p><span style=""font-size:16px""><strong>VOLUNTARY:</strong></span></p>

<p><span style=""font-size:16px""><strong>REFERRAL:</strong></span></p>

<p>&nbsp;</p>

<p><span style=""font-size:16px""><strong>INTRODUCTION:</strong></span></p>

<p>&nbsp;</p>

<p>&nbsp;</p>

<p>&nbsp;</p>

<p><span style=""font-size:16px""><strong>COMPLAINTS FROM RELATION (ITEMISED):</strong></span></p>

<p>&nbsp;</p>

<p>&nbsp;</p>

<p>&nbsp;</p>

<p><span style=""font-size:16px""><strong>COMPLAINTS FROM PATIENTS (ITEMISED):</strong></span></p>

<p>&nbsp;</p>

<p>&nbsp;</p>

<p>&nbsp;</p>

<p><span style=""font-size:16px""><strong>HISTORY OF PRESENT ILLNESS:</strong></span></p>

<p>&nbsp;</p>

<p>&nbsp;</p>

<p><span style=""font-size:16px""><strong>PAST MEDICAL HISTORY:</strong></span></p>
",ASSESSMENT,CLINICAL NOTE
1585,"<p>GLOBAL RATING(using visual analogue scale) .............</p>

<p>&nbsp;</p>

<p style=""text-align:center"">&nbsp; &nbsp; &nbsp;CLINICAL NOTES</p>

<p>&nbsp;</p>
",RECORD SHEET FOR OTHER ANXIETY DISORDERS & SIGNIFICANT EMOTIONAL COMPLAINTS - FOLLOW-UP,CLINICAL NOTE
1587,"<p>DESCRIPTION OF SYMPTOMS:&nbsp; &nbsp; &nbsp; &nbsp; &nbsp; &nbsp; &nbsp; &nbsp; &nbsp; &nbsp; &nbsp; &nbsp; &nbsp; &nbsp; &nbsp; &nbsp; DEPRESSED MOOD.&nbsp; &nbsp; &nbsp; &nbsp; &nbsp; &nbsp; &nbsp; &nbsp; &nbsp; &nbsp; &nbsp; &nbsp; &nbsp; &nbsp; &nbsp; &nbsp; &nbsp; &nbsp; &nbsp; &nbsp; &nbsp; &nbsp; &nbsp; &nbsp;YES/NO &nbsp; &nbsp;&nbsp;</p>

<p>&nbsp; &nbsp; &nbsp; &nbsp; &nbsp; &nbsp; &nbsp; &nbsp; &nbsp; &nbsp; &nbsp; &nbsp; &nbsp; &nbsp; &nbsp; &nbsp; &nbsp; &nbsp; &nbsp; &nbsp; &nbsp; &nbsp; &nbsp; &nbsp; &nbsp; &nbsp; &nbsp; &nbsp; &nbsp; &nbsp; &nbsp; &nbsp; &nbsp; &nbsp; &nbsp; &nbsp; &nbsp; &nbsp; &nbsp; &nbsp; &nbsp; &nbsp; &nbsp; LOSS OF INTEREST OF PLEASURE&nbsp; &nbsp; &nbsp; &nbsp; &nbsp; &nbsp; &nbsp; &nbsp; &nbsp; &nbsp; &nbsp; YES/NO</p>

<p>&nbsp; &nbsp; &nbsp; &nbsp; &nbsp; &nbsp; &nbsp; &nbsp; &nbsp; &nbsp; &nbsp; &nbsp; &nbsp; &nbsp; &nbsp; &nbsp; &nbsp; &nbsp; &nbsp; &nbsp; &nbsp; &nbsp; &nbsp; &nbsp; &nbsp; &nbsp; &nbsp; &nbsp; &nbsp; &nbsp; &nbsp; &nbsp; &nbsp; &nbsp; &nbsp; &nbsp; &nbsp; &nbsp; &nbsp; &nbsp; &nbsp; &nbsp; &nbsp; DECREASED ENERGY OR EASILY FATIGUE.&nbsp; &nbsp; &nbsp; &nbsp;YES/NO</p>

<p>DURATION OF CURRENT EPISODE:</p>

<p>IMPACT ON DAILY LIFE AND RELATIONSHIPS&nbsp;</p>
",RECORD SHEET FOR DEPRESSION ASSESSMENT,CLINICAL NOTE
1588,"<p style=""text-align:center""><span style=""font-size:20px""><strong>BEHAVIOUR CHART</strong></span></p>

<p>&nbsp;</p>

<table border=""1"" cellpadding=""1"" cellspacing=""1"" style=""width:500px"">
	<tbody>
		<tr>
			<td>DATE</td>
			<td>TIME</td>
			<td>REMARKS</td>
		</tr>
		<tr>
			<td>&nbsp;</td>
			<td>&nbsp;</td>
			<td>&nbsp;</td>
		</tr>
	</tbody>
</table>

<p>&nbsp;</p>
",NUR- BEHAVIOUR  CHART,CLINICAL NOTE
1589,"<p><strong>DATE OF ADMISSION</strong></p>

<p><strong>WARD:</strong></p>

<p><strong>DATE OF 1ST ATTENDANCE:</strong></p>

<p><strong>OPC:</strong></p>

<p>&nbsp;</p>

<p>&nbsp;</p>
",NURSES PROGRESS REPORT,CLINICAL NOTE
1590,"<p style=""text-align:center""><span style=""font-size:20px""><strong>ESCAPEE CHART</strong></span></p>

<p>&nbsp;</p>

<table border=""1"" cellpadding=""1"" cellspacing=""1"" style=""width:500px"">
	<tbody>
		<tr>
			<td>DATE</td>
			<td>TIME</td>
			<td>NURSE TAKING OVER</td>
			<td>DATE</td>
			<td>TIME</td>
			<td>NURSE HANDING OVER</td>
			<td>REMARK</td>
		</tr>
		<tr>
			<td>&nbsp;</td>
			<td>&nbsp;</td>
			<td>&nbsp;</td>
			<td>&nbsp;</td>
			<td>&nbsp;</td>
			<td>&nbsp;</td>
			<td>&nbsp;</td>
		</tr>
	</tbody>
</table>
",NUR-ESCAPEE CHART,CLINICAL NOTE
1591,"<p style=""text-align:center""><span style=""font-size:20px""><strong>FOUR HOURLY CHART</strong></span></p>

<table border=""1"" cellpadding=""1"" cellspacing=""1"" style=""width:500px"">
	<tbody>
		<tr>
			<td>DATE</td>
			<td>TIME</td>
			<td>B,P</td>
			<td>PULSE</td>
			<td>NURSING INTERVENTION</td>
		</tr>
		<tr>
			<td>&nbsp;</td>
			<td>&nbsp;</td>
			<td>&nbsp;</td>
			<td>&nbsp;</td>
			<td>&nbsp;</td>
		</tr>
	</tbody>
</table>

<p>&nbsp;</p>
",NUR-FOUR HOURLY CHART,CLINICAL NOTE
1592,"<table cellspacing=""0"" class=""MsoTableGrid"" style=""border-collapse:collapse; border:none; width:630px"">
	<tbody>
		<tr>
			<td style=""border-bottom:1px solid black; border-left:1px solid black; border-right:1px solid black; border-top:1px solid black; vertical-align:top; width:37px"">
			<p><span style=""font-size:12pt""><span style=""font-family:Calibri,sans-serif"">DATE</span></span></p>
			</td>
			<td style=""border-bottom:1px solid black; border-left:none; border-right:1px solid black; border-top:1px solid black; vertical-align:top; width:36px"">
			<p><span style=""font-size:12pt""><span style=""font-family:Calibri,sans-serif"">TIME</span></span></p>
			</td>
			<td style=""border-bottom:1px solid black; border-left:none; border-right:1px solid black; border-top:1px solid black; vertical-align:top; width:42px"">
			<p><span style=""font-size:12pt""><span style=""font-family:Calibri,sans-serif"">FLUID TAKEN</span></span></p>
			</td>
			<td style=""border-bottom:1px solid black; border-left:none; border-right:1px solid black; border-top:1px solid black; vertical-align:top; width:58px"">
			<p><span style=""font-size:12pt""><span style=""font-family:Calibri,sans-serif"">QUANTITY</span></span></p>
			</td>
			<td style=""border-bottom:1px solid black; border-left:none; border-right:1px solid black; border-top:1px solid black; vertical-align:top; width:55px"">
			<p><span style=""font-size:12pt""><span style=""font-family:Calibri,sans-serif"">&nbsp;&nbsp;&nbsp;&nbsp;&nbsp; REMARKS</span></span></p>
			</td>
			<td style=""border-bottom:1px solid black; border-left:none; border-right:1px solid black; border-top:1px solid black; vertical-align:top; width:51px"">
			<p><span style=""font-size:12pt""><span style=""font-family:Calibri,sans-serif"">TOTALIN 24 HOURS</span></span></p>
			</td>
			<td style=""border-bottom:1px solid black; border-left:none; border-right:1px solid black; border-top:1px solid black; vertical-align:top; width:37px"">
			<p><span style=""font-size:12pt""><span style=""font-family:Calibri,sans-serif"">DATE</span></span></p>
			</td>
			<td style=""border-bottom:1px solid black; border-left:none; border-right:1px solid black; border-top:1px solid black; vertical-align:top; width:36px"">
			<p><span style=""font-size:12pt""><span style=""font-family:Calibri,sans-serif"">TIME</span></span></p>
			</td>
			<td style=""border-bottom:1px solid black; border-left:none; border-right:1px solid black; border-top:1px solid black; vertical-align:top; width:41px"">
			<p><span style=""font-size:12pt""><span style=""font-family:Calibri,sans-serif"">URINE</span></span></p>
			</td>
			<td style=""border-bottom:1px solid black; border-left:none; border-right:1px solid black; border-top:1px solid black; vertical-align:top; width:50px"">
			<p><span style=""font-size:12pt""><span style=""font-family:Calibri,sans-serif"">BOWELS ACTION</span></span></p>
			</td>
			<td style=""border-bottom:1px solid black; border-left:none; border-right:1px solid black; border-top:1px solid black; vertical-align:top; width:43px"">
			<p><span style=""font-size:12pt""><span style=""font-family:Calibri,sans-serif"">VOMIT</span></span></p>
			</td>
			<td style=""border-bottom:1px solid black; border-left:none; border-right:1px solid black; border-top:1px solid black; vertical-align:top; width:52px"">
			<p><span style=""font-size:12pt""><span style=""font-family:Calibri,sans-serif"">GASTRIC SUCTION</span></span></p>
			</td>
			<td style=""border-bottom:1px solid black; border-left:none; border-right:1px solid black; border-top:1px solid black; vertical-align:top; width:44px"">
			<p><span style=""font-size:12pt""><span style=""font-family:Calibri,sans-serif"">TOTAL IN 24 HOURS</span></span></p>
			</td>
			<td style=""border-bottom:1px solid black; border-left:none; border-right:1px solid black; border-top:1px solid black; vertical-align:top; width:49px"">
			<p><span style=""font-size:12pt""><span style=""font-family:Calibri,sans-serif"">NAME OF NURSE OR </span></span></p>
			</td>
		</tr>
		<tr>
			<td style=""border-bottom:1px solid black; border-left:1px solid black; border-right:1px solid black; border-top:none; vertical-align:top; width:37px"">
			<p>&nbsp;</p>
			</td>
			<td style=""border-bottom:1px solid black; border-left:none; border-right:1px solid black; border-top:none; vertical-align:top; width:36px"">
			<p>&nbsp;</p>
			</td>
			<td style=""border-bottom:1px solid black; border-left:none; border-right:1px solid black; border-top:none; vertical-align:top; width:42px"">
			<p>&nbsp;</p>
			</td>
			<td style=""border-bottom:1px solid black; border-left:none; border-right:1px solid black; border-top:none; vertical-align:top; width:58px"">
			<p>&nbsp;</p>
			</td>
			<td style=""border-bottom:1px solid black; border-left:none; border-right:1px solid black; border-top:none; vertical-align:top; width:55px"">
			<p>&nbsp;</p>
			</td>
			<td style=""border-bottom:1px solid black; border-left:none; border-right:1px solid black; border-top:none; vertical-align:top; width:51px"">
			<p>&nbsp;</p>
			</td>
			<td style=""border-bottom:1px solid black; border-left:none; border-right:1px solid black; border-top:none; vertical-align:top; width:37px"">
			<p>&nbsp;</p>
			</td>
			<td style=""border-bottom:1px solid black; border-left:none; border-right:1px solid black; border-top:none; vertical-align:top; width:36px"">
			<p>&nbsp;</p>
			</td>
			<td style=""border-bottom:1px solid black; border-left:none; border-right:1px solid black; border-top:none; vertical-align:top; width:41px"">
			<p>&nbsp;</p>
			</td>
			<td style=""border-bottom:1px solid black; border-left:none; border-right:1px solid black; border-top:none; vertical-align:top; width:50px"">
			<p>&nbsp;</p>
			</td>
			<td style=""border-bottom:1px solid black; border-left:none; border-right:1px solid black; border-top:none; vertical-align:top; width:43px"">
			<p>&nbsp;</p>
			</td>
			<td style=""border-bottom:1px solid black; border-left:none; border-right:1px solid black; border-top:none; vertical-align:top; width:52px"">
			<p>&nbsp;</p>
			</td>
			<td style=""border-bottom:1px solid black; border-left:none; border-right:1px solid black; border-top:none; vertical-align:top; width:44px"">
			<p>&nbsp;</p>
			</td>
			<td style=""border-bottom:1px solid black; border-left:none; border-right:1px solid black; border-top:none; vertical-align:top; width:49px"">
			<p>&nbsp;</p>
			</td>
		</tr>
		<tr>
			<td style=""border-bottom:1px solid black; border-left:1px solid black; border-right:1px solid black; border-top:none; vertical-align:top; width:37px"">
			<p>&nbsp;</p>
			</td>
			<td style=""border-bottom:1px solid black; border-left:none; border-right:1px solid black; border-top:none; vertical-align:top; width:36px"">
			<p>&nbsp;</p>
			</td>
			<td style=""border-bottom:1px solid black; border-left:none; border-right:1px solid black; border-top:none; vertical-align:top; width:42px"">
			<p>&nbsp;</p>
			</td>
			<td style=""border-bottom:1px solid black; border-left:none; border-right:1px solid black; border-top:none; vertical-align:top; width:58px"">
			<p>&nbsp;</p>
			</td>
			<td style=""border-bottom:1px solid black; border-left:none; border-right:1px solid black; border-top:none; vertical-align:top; width:55px"">
			<p>&nbsp;</p>
			</td>
			<td style=""border-bottom:1px solid black; border-left:none; border-right:1px solid black; border-top:none; vertical-align:top; width:51px"">
			<p>&nbsp;</p>
			</td>
			<td style=""border-bottom:1px solid black; border-left:none; border-right:1px solid black; border-top:none; vertical-align:top; width:37px"">
			<p>&nbsp;</p>
			</td>
			<td style=""border-bottom:1px solid black; border-left:none; border-right:1px solid black; border-top:none; vertical-align:top; width:36px"">
			<p>&nbsp;</p>
			</td>
			<td style=""border-bottom:1px solid black; border-left:none; border-right:1px solid black; border-top:none; vertical-align:top; width:41px"">
			<p>&nbsp;</p>
			</td>
			<td style=""border-bottom:1px solid black; border-left:none; border-right:1px solid black; border-top:none; vertical-align:top; width:50px"">
			<p>&nbsp;</p>
			</td>
			<td style=""border-bottom:1px solid black; border-left:none; border-right:1px solid black; border-top:none; vertical-align:top; width:43px"">
			<p>&nbsp;</p>
			</td>
			<td style=""border-bottom:1px solid black; border-left:none; border-right:1px solid black; border-top:none; vertical-align:top; width:52px"">
			<p>&nbsp;</p>
			</td>
			<td style=""border-bottom:1px solid black; border-left:none; border-right:1px solid black; border-top:none; vertical-align:top; width:44px"">
			<p>&nbsp;</p>
			</td>
			<td style=""border-bottom:1px solid black; border-left:none; border-right:1px solid black; border-top:none; vertical-align:top; width:49px"">
			<p>&nbsp;</p>
			</td>
		</tr>
		<tr>
			<td style=""border-bottom:1px solid black; border-left:1px solid black; border-right:1px solid black; border-top:none; vertical-align:top; width:37px"">
			<p>&nbsp;</p>
			</td>
			<td style=""border-bottom:1px solid black; border-left:none; border-right:1px solid black; border-top:none; vertical-align:top; width:36px"">
			<p>&nbsp;</p>
			</td>
			<td style=""border-bottom:1px solid black; border-left:none; border-right:1px solid black; border-top:none; vertical-align:top; width:42px"">
			<p>&nbsp;</p>
			</td>
			<td style=""border-bottom:1px solid black; border-left:none; border-right:1px solid black; border-top:none; vertical-align:top; width:58px"">
			<p>&nbsp;</p>
			</td>
			<td style=""border-bottom:1px solid black; border-left:none; border-right:1px solid black; border-top:none; vertical-align:top; width:55px"">
			<p>&nbsp;</p>
			</td>
			<td style=""border-bottom:1px solid black; border-left:none; border-right:1px solid black; border-top:none; vertical-align:top; width:51px"">
			<p>&nbsp;</p>
			</td>
			<td style=""border-bottom:1px solid black; border-left:none; border-right:1px solid black; border-top:none; vertical-align:top; width:37px"">
			<p>&nbsp;</p>
			</td>
			<td style=""border-bottom:1px solid black; border-left:none; border-right:1px solid black; border-top:none; vertical-align:top; width:36px"">
			<p>&nbsp;</p>
			</td>
			<td style=""border-bottom:1px solid black; border-left:none; border-right:1px solid black; border-top:none; vertical-align:top; width:41px"">
			<p>&nbsp;</p>
			</td>
			<td style=""border-bottom:1px solid black; border-left:none; border-right:1px solid black; border-top:none; vertical-align:top; width:50px"">
			<p>&nbsp;</p>
			</td>
			<td style=""border-bottom:1px solid black; border-left:none; border-right:1px solid black; border-top:none; vertical-align:top; width:43px"">
			<p>&nbsp;</p>
			</td>
			<td style=""border-bottom:1px solid black; border-left:none; border-right:1px solid black; border-top:none; vertical-align:top; width:52px"">
			<p>&nbsp;</p>
			</td>
			<td style=""border-bottom:1px solid black; border-left:none; border-right:1px solid black; border-top:none; vertical-align:top; width:44px"">
			<p>&nbsp;</p>
			</td>
			<td style=""border-bottom:1px solid black; border-left:none; border-right:1px solid black; border-top:none; vertical-align:top; width:49px"">
			<p>&nbsp;</p>
			</td>
		</tr>
		<tr>
			<td style=""border-bottom:1px solid black; border-left:1px solid black; border-right:1px solid black; border-top:none; vertical-align:top; width:37px"">
			<p>&nbsp;</p>
			</td>
			<td style=""border-bottom:1px solid black; border-left:none; border-right:1px solid black; border-top:none; vertical-align:top; width:36px"">
			<p>&nbsp;</p>
			</td>
			<td style=""border-bottom:1px solid black; border-left:none; border-right:1px solid black; border-top:none; vertical-align:top; width:42px"">
			<p>&nbsp;</p>
			</td>
			<td style=""border-bottom:1px solid black; border-left:none; border-right:1px solid black; border-top:none; vertical-align:top; width:58px"">
			<p>&nbsp;</p>
			</td>
			<td style=""border-bottom:1px solid black; border-left:none; border-right:1px solid black; border-top:none; vertical-align:top; width:55px"">
			<p>&nbsp;</p>
			</td>
			<td style=""border-bottom:1px solid black; border-left:none; border-right:1px solid black; border-top:none; vertical-align:top; width:51px"">
			<p>&nbsp;</p>
			</td>
			<td style=""border-bottom:1px solid black; border-left:none; border-right:1px solid black; border-top:none; vertical-align:top; width:37px"">
			<p>&nbsp;</p>
			</td>
			<td style=""border-bottom:1px solid black; border-left:none; border-right:1px solid black; border-top:none; vertical-align:top; width:36px"">
			<p>&nbsp;</p>
			</td>
			<td style=""border-bottom:1px solid black; border-left:none; border-right:1px solid black; border-top:none; vertical-align:top; width:41px"">
			<p>&nbsp;</p>
			</td>
			<td style=""border-bottom:1px solid black; border-left:none; border-right:1px solid black; border-top:none; vertical-align:top; width:50px"">
			<p>&nbsp;</p>
			</td>
			<td style=""border-bottom:1px solid black; border-left:none; border-right:1px solid black; border-top:none; vertical-align:top; width:43px"">
			<p>&nbsp;</p>
			</td>
			<td style=""border-bottom:1px solid black; border-left:none; border-right:1px solid black; border-top:none; vertical-align:top; width:52px"">
			<p>&nbsp;</p>
			</td>
			<td style=""border-bottom:1px solid black; border-left:none; border-right:1px solid black; border-top:none; vertical-align:top; width:44px"">
			<p>&nbsp;</p>
			</td>
			<td style=""border-bottom:1px solid black; border-left:none; border-right:1px solid black; border-top:none; vertical-align:top; width:49px"">
			<p>&nbsp;</p>
			</td>
		</tr>
		<tr>
			<td style=""border-bottom:1px solid black; border-left:1px solid black; border-right:1px solid black; border-top:none; vertical-align:top; width:37px"">
			<p>&nbsp;</p>
			</td>
			<td style=""border-bottom:1px solid black; border-left:none; border-right:1px solid black; border-top:none; vertical-align:top; width:36px"">
			<p>&nbsp;</p>
			</td>
			<td style=""border-bottom:1px solid black; border-left:none; border-right:1px solid black; border-top:none; vertical-align:top; width:42px"">
			<p>&nbsp;</p>
			</td>
			<td style=""border-bottom:1px solid black; border-left:none; border-right:1px solid black; border-top:none; vertical-align:top; width:58px"">
			<p>&nbsp;</p>
			</td>
			<td style=""border-bottom:1px solid black; border-left:none; border-right:1px solid black; border-top:none; vertical-align:top; width:55px"">
			<p>&nbsp;</p>
			</td>
			<td style=""border-bottom:1px solid black; border-left:none; border-right:1px solid black; border-top:none; vertical-align:top; width:51px"">
			<p>&nbsp;</p>
			</td>
			<td style=""border-bottom:1px solid black; border-left:none; border-right:1px solid black; border-top:none; vertical-align:top; width:37px"">
			<p>&nbsp;</p>
			</td>
			<td style=""border-bottom:1px solid black; border-left:none; border-right:1px solid black; border-top:none; vertical-align:top; width:36px"">
			<p>&nbsp;</p>
			</td>
			<td style=""border-bottom:1px solid black; border-left:none; border-right:1px solid black; border-top:none; vertical-align:top; width:41px"">
			<p>&nbsp;</p>
			</td>
			<td style=""border-bottom:1px solid black; border-left:none; border-right:1px solid black; border-top:none; vertical-align:top; width:50px"">
			<p>&nbsp;</p>
			</td>
			<td style=""border-bottom:1px solid black; border-left:none; border-right:1px solid black; border-top:none; vertical-align:top; width:43px"">
			<p>&nbsp;</p>
			</td>
			<td style=""border-bottom:1px solid black; border-left:none; border-right:1px solid black; border-top:none; vertical-align:top; width:52px"">
			<p>&nbsp;</p>
			</td>
			<td style=""border-bottom:1px solid black; border-left:none; border-right:1px solid black; border-top:none; vertical-align:top; width:44px"">
			<p>&nbsp;</p>
			</td>
			<td style=""border-bottom:1px solid black; border-left:none; border-right:1px solid black; border-top:none; vertical-align:top; width:49px"">
			<p>&nbsp;</p>
			</td>
		</tr>
		<tr>
			<td style=""border-bottom:1px solid black; border-left:1px solid black; border-right:1px solid black; border-top:none; vertical-align:top; width:37px"">
			<p>&nbsp;</p>
			</td>
			<td style=""border-bottom:1px solid black; border-left:none; border-right:1px solid black; border-top:none; vertical-align:top; width:36px"">
			<p>&nbsp;</p>
			</td>
			<td style=""border-bottom:1px solid black; border-left:none; border-right:1px solid black; border-top:none; vertical-align:top; width:42px"">
			<p>&nbsp;</p>
			</td>
			<td style=""border-bottom:1px solid black; border-left:none; border-right:1px solid black; border-top:none; vertical-align:top; width:58px"">
			<p>&nbsp;</p>
			</td>
			<td style=""border-bottom:1px solid black; border-left:none; border-right:1px solid black; border-top:none; vertical-align:top; width:55px"">
			<p>&nbsp;</p>
			</td>
			<td style=""border-bottom:1px solid black; border-left:none; border-right:1px solid black; border-top:none; vertical-align:top; width:51px"">
			<p>&nbsp;</p>
			</td>
			<td style=""border-bottom:1px solid black; border-left:none; border-right:1px solid black; border-top:none; vertical-align:top; width:37px"">
			<p>&nbsp;</p>
			</td>
			<td style=""border-bottom:1px solid black; border-left:none; border-right:1px solid black; border-top:none; vertical-align:top; width:36px"">
			<p>&nbsp;</p>
			</td>
			<td style=""border-bottom:1px solid black; border-left:none; border-right:1px solid black; border-top:none; vertical-align:top; width:41px"">
			<p>&nbsp;</p>
			</td>
			<td style=""border-bottom:1px solid black; border-left:none; border-right:1px solid black; border-top:none; vertical-align:top; width:50px"">
			<p>&nbsp;</p>
			</td>
			<td style=""border-bottom:1px solid black; border-left:none; border-right:1px solid black; border-top:none; vertical-align:top; width:43px"">
			<p>&nbsp;</p>
			</td>
			<td style=""border-bottom:1px solid black; border-left:none; border-right:1px solid black; border-top:none; vertical-align:top; width:52px"">
			<p>&nbsp;</p>
			</td>
			<td style=""border-bottom:1px solid black; border-left:none; border-right:1px solid black; border-top:none; vertical-align:top; width:44px"">
			<p>&nbsp;</p>
			</td>
			<td style=""border-bottom:1px solid black; border-left:none; border-right:1px solid black; border-top:none; vertical-align:top; width:49px"">
			<p>&nbsp;</p>
			</td>
		</tr>
		<tr>
			<td style=""border-bottom:1px solid black; border-left:1px solid black; border-right:1px solid black; border-top:none; vertical-align:top; width:37px"">
			<p>&nbsp;</p>
			</td>
			<td style=""border-bottom:1px solid black; border-left:none; border-right:1px solid black; border-top:none; vertical-align:top; width:36px"">
			<p>&nbsp;</p>
			</td>
			<td style=""border-bottom:1px solid black; border-left:none; border-right:1px solid black; border-top:none; vertical-align:top; width:42px"">
			<p>&nbsp;</p>
			</td>
			<td style=""border-bottom:1px solid black; border-left:none; border-right:1px solid black; border-top:none; vertical-align:top; width:58px"">
			<p>&nbsp;</p>
			</td>
			<td style=""border-bottom:1px solid black; border-left:none; border-right:1px solid black; border-top:none; vertical-align:top; width:55px"">
			<p>&nbsp;</p>
			</td>
			<td style=""border-bottom:1px solid black; border-left:none; border-right:1px solid black; border-top:none; vertical-align:top; width:51px"">
			<p>&nbsp;</p>
			</td>
			<td style=""border-bottom:1px solid black; border-left:none; border-right:1px solid black; border-top:none; vertical-align:top; width:37px"">
			<p>&nbsp;</p>
			</td>
			<td style=""border-bottom:1px solid black; border-left:none; border-right:1px solid black; border-top:none; vertical-align:top; width:36px"">
			<p>&nbsp;</p>
			</td>
			<td style=""border-bottom:1px solid black; border-left:none; border-right:1px solid black; border-top:none; vertical-align:top; width:41px"">
			<p>&nbsp;</p>
			</td>
			<td style=""border-bottom:1px solid black; border-left:none; border-right:1px solid black; border-top:none; vertical-align:top; width:50px"">
			<p>&nbsp;</p>
			</td>
			<td style=""border-bottom:1px solid black; border-left:none; border-right:1px solid black; border-top:none; vertical-align:top; width:43px"">
			<p>&nbsp;</p>
			</td>
			<td style=""border-bottom:1px solid black; border-left:none; border-right:1px solid black; border-top:none; vertical-align:top; width:52px"">
			<p>&nbsp;</p>
			</td>
			<td style=""border-bottom:1px solid black; border-left:none; border-right:1px solid black; border-top:none; vertical-align:top; width:44px"">
			<p>&nbsp;</p>
			</td>
			<td style=""border-bottom:1px solid black; border-left:none; border-right:1px solid black; border-top:none; vertical-align:top; width:49px"">
			<p>&nbsp;</p>
			</td>
		</tr>
		<tr>
			<td style=""border-bottom:1px solid black; border-left:1px solid black; border-right:1px solid black; border-top:none; vertical-align:top; width:37px"">
			<p>&nbsp;</p>
			</td>
			<td style=""border-bottom:1px solid black; border-left:none; border-right:1px solid black; border-top:none; vertical-align:top; width:36px"">
			<p>&nbsp;</p>
			</td>
			<td style=""border-bottom:1px solid black; border-left:none; border-right:1px solid black; border-top:none; vertical-align:top; width:42px"">
			<p>&nbsp;</p>
			</td>
			<td style=""border-bottom:1px solid black; border-left:none; border-right:1px solid black; border-top:none; vertical-align:top; width:58px"">
			<p>&nbsp;</p>
			</td>
			<td style=""border-bottom:1px solid black; border-left:none; border-right:1px solid black; border-top:none; vertical-align:top; width:55px"">
			<p>&nbsp;</p>
			</td>
			<td style=""border-bottom:1px solid black; border-left:none; border-right:1px solid black; border-top:none; vertical-align:top; width:51px"">
			<p>&nbsp;</p>
			</td>
			<td style=""border-bottom:1px solid black; border-left:none; border-right:1px solid black; border-top:none; vertical-align:top; width:37px"">
			<p>&nbsp;</p>
			</td>
			<td style=""border-bottom:1px solid black; border-left:none; border-right:1px solid black; border-top:none; vertical-align:top; width:36px"">
			<p>&nbsp;</p>
			</td>
			<td style=""border-bottom:1px solid black; border-left:none; border-right:1px solid black; border-top:none; vertical-align:top; width:41px"">
			<p>&nbsp;</p>
			</td>
			<td style=""border-bottom:1px solid black; border-left:none; border-right:1px solid black; border-top:none; vertical-align:top; width:50px"">
			<p>&nbsp;</p>
			</td>
			<td style=""border-bottom:1px solid black; border-left:none; border-right:1px solid black; border-top:none; vertical-align:top; width:43px"">
			<p>&nbsp;</p>
			</td>
			<td style=""border-bottom:1px solid black; border-left:none; border-right:1px solid black; border-top:none; vertical-align:top; width:52px"">
			<p>&nbsp;</p>
			</td>
			<td style=""border-bottom:1px solid black; border-left:none; border-right:1px solid black; border-top:none; vertical-align:top; width:44px"">
			<p>&nbsp;</p>
			</td>
			<td style=""border-bottom:1px solid black; border-left:none; border-right:1px solid black; border-top:none; vertical-align:top; width:49px"">
			<p>&nbsp;</p>
			</td>
		</tr>
		<tr>
			<td style=""border-bottom:1px solid black; border-left:1px solid black; border-right:1px solid black; border-top:none; vertical-align:top; width:37px"">
			<p>&nbsp;</p>
			</td>
			<td style=""border-bottom:1px solid black; border-left:none; border-right:1px solid black; border-top:none; vertical-align:top; width:36px"">
			<p>&nbsp;</p>
			</td>
			<td style=""border-bottom:1px solid black; border-left:none; border-right:1px solid black; border-top:none; vertical-align:top; width:42px"">
			<p>&nbsp;</p>
			</td>
			<td style=""border-bottom:1px solid black; border-left:none; border-right:1px solid black; border-top:none; vertical-align:top; width:58px"">
			<p>&nbsp;</p>
			</td>
			<td style=""border-bottom:1px solid black; border-left:none; border-right:1px solid black; border-top:none; vertical-align:top; width:55px"">
			<p>&nbsp;</p>
			</td>
			<td style=""border-bottom:1px solid black; border-left:none; border-right:1px solid black; border-top:none; vertical-align:top; width:51px"">
			<p>&nbsp;</p>
			</td>
			<td style=""border-bottom:1px solid black; border-left:none; border-right:1px solid black; border-top:none; vertical-align:top; width:37px"">
			<p>&nbsp;</p>
			</td>
			<td style=""border-bottom:1px solid black; border-left:none; border-right:1px solid black; border-top:none; vertical-align:top; width:36px"">
			<p>&nbsp;</p>
			</td>
			<td style=""border-bottom:1px solid black; border-left:none; border-right:1px solid black; border-top:none; vertical-align:top; width:41px"">
			<p>&nbsp;</p>
			</td>
			<td style=""border-bottom:1px solid black; border-left:none; border-right:1px solid black; border-top:none; vertical-align:top; width:50px"">
			<p>&nbsp;</p>
			</td>
			<td style=""border-bottom:1px solid black; border-left:none; border-right:1px solid black; border-top:none; vertical-align:top; width:43px"">
			<p>&nbsp;</p>
			</td>
			<td style=""border-bottom:1px solid black; border-left:none; border-right:1px solid black; border-top:none; vertical-align:top; width:52px"">
			<p>&nbsp;</p>
			</td>
			<td style=""border-bottom:1px solid black; border-left:none; border-right:1px solid black; border-top:none; vertical-align:top; width:44px"">
			<p>&nbsp;</p>
			</td>
			<td style=""border-bottom:1px solid black; border-left:none; border-right:1px solid black; border-top:none; vertical-align:top; width:49px"">
			<p>&nbsp;</p>
			</td>
		</tr>
		<tr>
			<td style=""border-bottom:1px solid black; border-left:1px solid black; border-right:1px solid black; border-top:none; vertical-align:top; width:37px"">
			<p>&nbsp;</p>
			</td>
			<td style=""border-bottom:1px solid black; border-left:none; border-right:1px solid black; border-top:none; vertical-align:top; width:36px"">
			<p>&nbsp;</p>
			</td>
			<td style=""border-bottom:1px solid black; border-left:none; border-right:1px solid black; border-top:none; vertical-align:top; width:42px"">
			<p>&nbsp;</p>
			</td>
			<td style=""border-bottom:1px solid black; border-left:none; border-right:1px solid black; border-top:none; vertical-align:top; width:58px"">
			<p>&nbsp;</p>
			</td>
			<td style=""border-bottom:1px solid black; border-left:none; border-right:1px solid black; border-top:none; vertical-align:top; width:55px"">
			<p>&nbsp;</p>
			</td>
			<td style=""border-bottom:1px solid black; border-left:none; border-right:1px solid black; border-top:none; vertical-align:top; width:51px"">
			<p>&nbsp;</p>
			</td>
			<td style=""border-bottom:1px solid black; border-left:none; border-right:1px solid black; border-top:none; vertical-align:top; width:37px"">
			<p>&nbsp;</p>
			</td>
			<td style=""border-bottom:1px solid black; border-left:none; border-right:1px solid black; border-top:none; vertical-align:top; width:36px"">
			<p>&nbsp;</p>
			</td>
			<td style=""border-bottom:1px solid black; border-left:none; border-right:1px solid black; border-top:none; vertical-align:top; width:41px"">
			<p>&nbsp;</p>
			</td>
			<td style=""border-bottom:1px solid black; border-left:none; border-right:1px solid black; border-top:none; vertical-align:top; width:50px"">
			<p>&nbsp;</p>
			</td>
			<td style=""border-bottom:1px solid black; border-left:none; border-right:1px solid black; border-top:none; vertical-align:top; width:43px"">
			<p>&nbsp;</p>
			</td>
			<td style=""border-bottom:1px solid black; border-left:none; border-right:1px solid black; border-top:none; vertical-align:top; width:52px"">
			<p>&nbsp;</p>
			</td>
			<td style=""border-bottom:1px solid black; border-left:none; border-right:1px solid black; border-top:none; vertical-align:top; width:44px"">
			<p>&nbsp;</p>
			</td>
			<td style=""border-bottom:1px solid black; border-left:none; border-right:1px solid black; border-top:none; vertical-align:top; width:49px"">
			<p>&nbsp;</p>
			</td>
		</tr>
		<tr>
			<td style=""border-bottom:1px solid black; border-left:1px solid black; border-right:1px solid black; border-top:none; vertical-align:top; width:37px"">
			<p>&nbsp;</p>
			</td>
			<td style=""border-bottom:1px solid black; border-left:none; border-right:1px solid black; border-top:none; vertical-align:top; width:36px"">
			<p>&nbsp;</p>
			</td>
			<td style=""border-bottom:1px solid black; border-left:none; border-right:1px solid black; border-top:none; vertical-align:top; width:42px"">
			<p>&nbsp;</p>
			</td>
			<td style=""border-bottom:1px solid black; border-left:none; border-right:1px solid black; border-top:none; vertical-align:top; width:58px"">
			<p>&nbsp;</p>
			</td>
			<td style=""border-bottom:1px solid black; border-left:none; border-right:1px solid black; border-top:none; vertical-align:top; width:55px"">
			<p>&nbsp;</p>
			</td>
			<td style=""border-bottom:1px solid black; border-left:none; border-right:1px solid black; border-top:none; vertical-align:top; width:51px"">
			<p>&nbsp;</p>
			</td>
			<td style=""border-bottom:1px solid black; border-left:none; border-right:1px solid black; border-top:none; vertical-align:top; width:37px"">
			<p>&nbsp;</p>
			</td>
			<td style=""border-bottom:1px solid black; border-left:none; border-right:1px solid black; border-top:none; vertical-align:top; width:36px"">
			<p>&nbsp;</p>
			</td>
			<td style=""border-bottom:1px solid black; border-left:none; border-right:1px solid black; border-top:none; vertical-align:top; width:41px"">
			<p>&nbsp;</p>
			</td>
			<td style=""border-bottom:1px solid black; border-left:none; border-right:1px solid black; border-top:none; vertical-align:top; width:50px"">
			<p>&nbsp;</p>
			</td>
			<td style=""border-bottom:1px solid black; border-left:none; border-right:1px solid black; border-top:none; vertical-align:top; width:43px"">
			<p>&nbsp;</p>
			</td>
			<td style=""border-bottom:1px solid black; border-left:none; border-right:1px solid black; border-top:none; vertical-align:top; width:52px"">
			<p>&nbsp;</p>
			</td>
			<td style=""border-bottom:1px solid black; border-left:none; border-right:1px solid black; border-top:none; vertical-align:top; width:44px"">
			<p>&nbsp;</p>
			</td>
			<td style=""border-bottom:1px solid black; border-left:none; border-right:1px solid black; border-top:none; vertical-align:top; width:49px"">
			<p>&nbsp;</p>
			</td>
		</tr>
		<tr>
			<td style=""border-bottom:1px solid black; border-left:1px solid black; border-right:1px solid black; border-top:none; vertical-align:top; width:37px"">
			<p>&nbsp;</p>
			</td>
			<td style=""border-bottom:1px solid black; border-left:none; border-right:1px solid black; border-top:none; vertical-align:top; width:36px"">
			<p>&nbsp;</p>
			</td>
			<td style=""border-bottom:1px solid black; border-left:none; border-right:1px solid black; border-top:none; vertical-align:top; width:42px"">
			<p>&nbsp;</p>
			</td>
			<td style=""border-bottom:1px solid black; border-left:none; border-right:1px solid black; border-top:none; vertical-align:top; width:58px"">
			<p>&nbsp;</p>
			</td>
			<td style=""border-bottom:1px solid black; border-left:none; border-right:1px solid black; border-top:none; vertical-align:top; width:55px"">
			<p>&nbsp;</p>
			</td>
			<td style=""border-bottom:1px solid black; border-left:none; border-right:1px solid black; border-top:none; vertical-align:top; width:51px"">
			<p>&nbsp;</p>
			</td>
			<td style=""border-bottom:1px solid black; border-left:none; border-right:1px solid black; border-top:none; vertical-align:top; width:37px"">
			<p>&nbsp;</p>
			</td>
			<td style=""border-bottom:1px solid black; border-left:none; border-right:1px solid black; border-top:none; vertical-align:top; width:36px"">
			<p>&nbsp;</p>
			</td>
			<td style=""border-bottom:1px solid black; border-left:none; border-right:1px solid black; border-top:none; vertical-align:top; width:41px"">
			<p>&nbsp;</p>
			</td>
			<td style=""border-bottom:1px solid black; border-left:none; border-right:1px solid black; border-top:none; vertical-align:top; width:50px"">
			<p>&nbsp;</p>
			</td>
			<td style=""border-bottom:1px solid black; border-left:none; border-right:1px solid black; border-top:none; vertical-align:top; width:43px"">
			<p>&nbsp;</p>
			</td>
		</tr>
	</tbody>
</table>
",NUR- INTAKE AND OUTPUT CHART,CLINICAL NOTE
1594,"<p><strong>E.C.T COMMEN:</strong></p>

<p><strong>FREQUENCY:</strong></p>

<p><strong>DIAGNOSIS:</strong></p>

<p>&nbsp;</p>

<table border=""1"" cellpadding=""1"" cellspacing=""1"" style=""width:500px"">
	<tbody>
		<tr>
			<td>DATE</td>
			<td>NO</td>
			<td>T.P.R</td>
			<td>PREMEDICATION</td>
			<td>TIME</td>
			<td>VOLT</td>
			<td>RESULT</td>
			<td>DR. NAME</td>
			<td>REMARKS</td>
		</tr>
		<tr>
			<td>&nbsp;</td>
			<td>&nbsp;</td>
			<td>&nbsp;</td>
			<td>&nbsp;</td>
			<td>&nbsp;</td>
			<td>&nbsp;</td>
			<td>&nbsp;</td>
			<td>&nbsp;</td>
			<td>&nbsp;</td>
		</tr>
	</tbody>
</table>

<p>&nbsp;</p>
",NUR- ECT CHART,CLINICAL NOTE
1513,"<p>&nbsp;&nbsp;&nbsp;&nbsp;&nbsp;&nbsp;&nbsp;&nbsp;&nbsp;&nbsp;&nbsp;&nbsp;&nbsp;&nbsp;&nbsp;&nbsp;&nbsp;&nbsp;&nbsp;&nbsp;&nbsp;&nbsp;&nbsp;&nbsp;&nbsp;&nbsp;&nbsp;&nbsp;&nbsp;&nbsp;&nbsp;&nbsp;&nbsp;&nbsp;&nbsp;&nbsp;&nbsp;&nbsp;&nbsp;&nbsp;&nbsp;&nbsp;&nbsp;&nbsp;&nbsp;&nbsp;&nbsp;&nbsp;&nbsp;&nbsp;&nbsp;&nbsp;&nbsp;&nbsp;&nbsp;&nbsp;&nbsp;&nbsp;&nbsp;&nbsp;&nbsp;&nbsp;&nbsp;&nbsp;&nbsp;&nbsp;&nbsp;&nbsp;&nbsp;&nbsp;&nbsp;&nbsp;&nbsp;&nbsp;<span style=""font-size:20px""><strong>&nbsp;&nbsp;&nbsp;&nbsp;&nbsp; OBSERVATION CHART</strong></span></p>

<p>&nbsp;</p>

<table border=""1"" cellpadding=""1"" cellspacing=""1"" style=""height:594px; width:932px"">
	<tbody>
		<tr>
			<td>TIME</td>
			<td colspan=""4"" rowspan=""1"">DAY 1</td>
			<td colspan=""4"" rowspan=""1"">DAY 2</td>
			<td colspan=""4"" rowspan=""1"">DAY 3</td>
			<td colspan=""4"" rowspan=""1"">DAY 4</td>
			<td colspan=""4"" rowspan=""1"">DAY 5</td>
			<td colspan=""4"" rowspan=""1"">DAY 6</td>
			<td colspan=""4"" rowspan=""1"">DAY 7</td>
			<td colspan=""4"" rowspan=""1"">DAY 8</td>
			<td colspan=""4"" rowspan=""1"">DAY 9</td>
			<td colspan=""4"" rowspan=""1"">DAY 10</td>
		</tr>
		<tr>
			<td>&nbsp;</td>
			<td>T</td>
			<td>P</td>
			<td>R</td>
			<td>BP</td>
			<td>T</td>
			<td>P</td>
			<td>R</td>
			<td>BP</td>
			<td>T</td>
			<td>P</td>
			<td>R</td>
			<td>BP</td>
			<td>T</td>
			<td>P</td>
			<td>R</td>
			<td>BP</td>
			<td>T</td>
			<td>P</td>
			<td>R</td>
			<td>BP</td>
			<td>T</td>
			<td>P</td>
			<td>R</td>
			<td>BP</td>
			<td>T</td>
			<td>P</td>
			<td>R</td>
			<td>BP</td>
			<td>T</td>
			<td>P</td>
			<td>R</td>
			<td>BP</td>
			<td>T</td>
			<td>P</td>
			<td>R</td>
			<td>BP</td>
			<td>T</td>
			<td>P</td>
			<td>R</td>
			<td>BP</td>
		</tr>
		<tr>
			<td>&nbsp;</td>
			<td>&nbsp;</td>
			<td>&nbsp;</td>
			<td>&nbsp;</td>
			<td>&nbsp;</td>
			<td>&nbsp;</td>
			<td>&nbsp;</td>
			<td>&nbsp;</td>
			<td>&nbsp;</td>
			<td>&nbsp;</td>
			<td>&nbsp;</td>
			<td>&nbsp;</td>
			<td>&nbsp;</td>
			<td>&nbsp;</td>
			<td>&nbsp;</td>
			<td>&nbsp;</td>
			<td>&nbsp;</td>
			<td>&nbsp;</td>
			<td>&nbsp;</td>
			<td>&nbsp;</td>
			<td>&nbsp;</td>
			<td>&nbsp;</td>
			<td>&nbsp;</td>
			<td>&nbsp;</td>
			<td>&nbsp;</td>
			<td>&nbsp;</td>
			<td>&nbsp;</td>
			<td>&nbsp;</td>
			<td>&nbsp;</td>
			<td>&nbsp;</td>
			<td>&nbsp;</td>
			<td>&nbsp;</td>
			<td>&nbsp;</td>
			<td>&nbsp;</td>
			<td>&nbsp;</td>
			<td>&nbsp;</td>
			<td>&nbsp;</td>
			<td>&nbsp;</td>
			<td>&nbsp;</td>
			<td>&nbsp;</td>
			<td>&nbsp;</td>
		</tr>
		<tr>
			<td>&nbsp;</td>
			<td>&nbsp;</td>
			<td>&nbsp;</td>
			<td>&nbsp;</td>
			<td>&nbsp;</td>
			<td>&nbsp;</td>
			<td>&nbsp;</td>
			<td>&nbsp;</td>
			<td>&nbsp;</td>
			<td>&nbsp;</td>
			<td>&nbsp;</td>
			<td>&nbsp;</td>
			<td>&nbsp;</td>
			<td>&nbsp;</td>
			<td>&nbsp;</td>
			<td>&nbsp;</td>
			<td>&nbsp;</td>
			<td>&nbsp;</td>
			<td>&nbsp;</td>
			<td>&nbsp;</td>
			<td>&nbsp;</td>
			<td>&nbsp;</td>
			<td>&nbsp;</td>
			<td>&nbsp;</td>
			<td>&nbsp;</td>
			<td>&nbsp;</td>
			<td>&nbsp;</td>
			<td>&nbsp;</td>
			<td>&nbsp;</td>
			<td>&nbsp;</td>
			<td>&nbsp;</td>
			<td>&nbsp;</td>
			<td>&nbsp;</td>
			<td>&nbsp;</td>
			<td>&nbsp;</td>
			<td>&nbsp;</td>
			<td>&nbsp;</td>
			<td>&nbsp;</td>
			<td>&nbsp;</td>
			<td>&nbsp;</td>
			<td>&nbsp;</td>
		</tr>
		<tr>
			<td>&nbsp;</td>
			<td>&nbsp;</td>
			<td>&nbsp;</td>
			<td>&nbsp;</td>
			<td>&nbsp;</td>
			<td>&nbsp;</td>
			<td>&nbsp;</td>
			<td>&nbsp;</td>
			<td>&nbsp;</td>
			<td>&nbsp;</td>
			<td>&nbsp;</td>
			<td>&nbsp;</td>
			<td>&nbsp;</td>
			<td>&nbsp;</td>
			<td>&nbsp;</td>
			<td>&nbsp;</td>
			<td>&nbsp;</td>
			<td>&nbsp;</td>
			<td>&nbsp;</td>
			<td>&nbsp;</td>
			<td>&nbsp;</td>
			<td>&nbsp;</td>
			<td>&nbsp;</td>
			<td>&nbsp;</td>
			<td>&nbsp;</td>
			<td>&nbsp;</td>
			<td>&nbsp;</td>
			<td>&nbsp;</td>
			<td>&nbsp;</td>
			<td>&nbsp;</td>
			<td>&nbsp;</td>
			<td>&nbsp;</td>
			<td>&nbsp;</td>
			<td>&nbsp;</td>
			<td>&nbsp;</td>
			<td>&nbsp;</td>
			<td>&nbsp;</td>
			<td>&nbsp;</td>
			<td>&nbsp;</td>
			<td>&nbsp;</td>
			<td>&nbsp;</td>
		</tr>
		<tr>
			<td>&nbsp;</td>
			<td>&nbsp;</td>
			<td>&nbsp;</td>
			<td>&nbsp;</td>
			<td>&nbsp;</td>
			<td>&nbsp;</td>
			<td>&nbsp;</td>
			<td>&nbsp;</td>
			<td>&nbsp;</td>
			<td>&nbsp;</td>
			<td>&nbsp;</td>
			<td>&nbsp;</td>
			<td>&nbsp;</td>
			<td>&nbsp;</td>
			<td>&nbsp;</td>
			<td>&nbsp;</td>
			<td>&nbsp;</td>
			<td>&nbsp;</td>
			<td>&nbsp;</td>
			<td>&nbsp;</td>
			<td>&nbsp;</td>
			<td>&nbsp;</td>
			<td>&nbsp;</td>
			<td>&nbsp;</td>
			<td>&nbsp;</td>
			<td>&nbsp;</td>
			<td>&nbsp;</td>
			<td>&nbsp;</td>
			<td>&nbsp;</td>
			<td>&nbsp;</td>
			<td>&nbsp;</td>
			<td>&nbsp;</td>
			<td>&nbsp;</td>
			<td>&nbsp;</td>
			<td>&nbsp;</td>
			<td>&nbsp;</td>
			<td>&nbsp;</td>
			<td>&nbsp;</td>
			<td>&nbsp;</td>
			<td>&nbsp;</td>
			<td>&nbsp;</td>
		</tr>
		<tr>
			<td>&nbsp;</td>
			<td>&nbsp;</td>
			<td>&nbsp;</td>
			<td>&nbsp;</td>
			<td>&nbsp;</td>
			<td>&nbsp;</td>
			<td>&nbsp;</td>
			<td>&nbsp;</td>
			<td>&nbsp;</td>
			<td>&nbsp;</td>
			<td>&nbsp;</td>
			<td>&nbsp;</td>
			<td>&nbsp;</td>
			<td>&nbsp;</td>
			<td>&nbsp;</td>
			<td>&nbsp;</td>
			<td>&nbsp;</td>
			<td>&nbsp;</td>
			<td>&nbsp;</td>
			<td>&nbsp;</td>
			<td>&nbsp;</td>
			<td>&nbsp;</td>
			<td>&nbsp;</td>
			<td>&nbsp;</td>
			<td>&nbsp;</td>
			<td>&nbsp;</td>
			<td>&nbsp;</td>
			<td>&nbsp;</td>
			<td>&nbsp;</td>
			<td>&nbsp;</td>
			<td>&nbsp;</td>
			<td>&nbsp;</td>
			<td>&nbsp;</td>
			<td>&nbsp;</td>
			<td>&nbsp;</td>
			<td>&nbsp;</td>
			<td>&nbsp;</td>
			<td>&nbsp;</td>
			<td>&nbsp;</td>
			<td>&nbsp;</td>
			<td>&nbsp;</td>
		</tr>
		<tr>
			<td>&nbsp;</td>
			<td>&nbsp;</td>
			<td>&nbsp;</td>
			<td>&nbsp;</td>
			<td>&nbsp;</td>
			<td>&nbsp;</td>
			<td>&nbsp;</td>
			<td>&nbsp;</td>
			<td>&nbsp;</td>
			<td>&nbsp;</td>
			<td>&nbsp;</td>
			<td>&nbsp;</td>
			<td>&nbsp;</td>
			<td>&nbsp;</td>
			<td>&nbsp;</td>
			<td>&nbsp;</td>
			<td>&nbsp;</td>
			<td>&nbsp;</td>
			<td>&nbsp;</td>
			<td>&nbsp;</td>
			<td>&nbsp;</td>
			<td>&nbsp;</td>
			<td>&nbsp;</td>
			<td>&nbsp;</td>
			<td>&nbsp;</td>
			<td>&nbsp;</td>
			<td>&nbsp;</td>
			<td>&nbsp;</td>
			<td>&nbsp;</td>
			<td>&nbsp;</td>
			<td>&nbsp;</td>
			<td>&nbsp;</td>
			<td>&nbsp;</td>
			<td>&nbsp;</td>
			<td>&nbsp;</td>
			<td>&nbsp;</td>
			<td>&nbsp;</td>
			<td>&nbsp;</td>
			<td>&nbsp;</td>
			<td>&nbsp;</td>
			<td>&nbsp;</td>
		</tr>
		<tr>
			<td>&nbsp;</td>
			<td>&nbsp;</td>
			<td>&nbsp;</td>
			<td>&nbsp;</td>
			<td>&nbsp;</td>
			<td>&nbsp;</td>
			<td>&nbsp;</td>
			<td>&nbsp;</td>
			<td>&nbsp;</td>
			<td>&nbsp;</td>
			<td>&nbsp;</td>
			<td>&nbsp;</td>
			<td>&nbsp;</td>
			<td>&nbsp;</td>
			<td>&nbsp;</td>
			<td>&nbsp;</td>
			<td>&nbsp;</td>
			<td>&nbsp;</td>
			<td>&nbsp;</td>
			<td>&nbsp;</td>
			<td>&nbsp;</td>
			<td>&nbsp;</td>
			<td>&nbsp;</td>
			<td>&nbsp;</td>
			<td>&nbsp;</td>
			<td>&nbsp;</td>
			<td>&nbsp;</td>
			<td>&nbsp;</td>
			<td>&nbsp;</td>
			<td>&nbsp;</td>
			<td>&nbsp;</td>
			<td>&nbsp;</td>
			<td>&nbsp;</td>
			<td>&nbsp;</td>
			<td>&nbsp;</td>
			<td>&nbsp;</td>
			<td>&nbsp;</td>
			<td>&nbsp;</td>
			<td>&nbsp;</td>
			<td>&nbsp;</td>
			<td>&nbsp;</td>
		</tr>
		<tr>
			<td>&nbsp;</td>
			<td>&nbsp;</td>
			<td>&nbsp;</td>
			<td>&nbsp;</td>
			<td>&nbsp;</td>
			<td>&nbsp;</td>
			<td>&nbsp;</td>
			<td>&nbsp;</td>
			<td>&nbsp;</td>
			<td>&nbsp;</td>
			<td>&nbsp;</td>
			<td>&nbsp;</td>
			<td>&nbsp;</td>
			<td>&nbsp;</td>
			<td>&nbsp;</td>
			<td>&nbsp;</td>
			<td>&nbsp;</td>
			<td>&nbsp;</td>
			<td>&nbsp;</td>
			<td>&nbsp;</td>
			<td>&nbsp;</td>
			<td>&nbsp;</td>
			<td>&nbsp;</td>
			<td>&nbsp;</td>
			<td>&nbsp;</td>
			<td>&nbsp;</td>
			<td>&nbsp;</td>
			<td>&nbsp;</td>
			<td>&nbsp;</td>
			<td>&nbsp;</td>
			<td>&nbsp;</td>
			<td>&nbsp;</td>
			<td>&nbsp;</td>
			<td>&nbsp;</td>
			<td>&nbsp;</td>
			<td>&nbsp;</td>
			<td>&nbsp;</td>
			<td>&nbsp;</td>
			<td>&nbsp;</td>
			<td>&nbsp;</td>
			<td>&nbsp;</td>
		</tr>
		<tr>
			<td>&nbsp;</td>
			<td>&nbsp;</td>
			<td>&nbsp;</td>
			<td>&nbsp;</td>
			<td>&nbsp;</td>
			<td>&nbsp;</td>
			<td>&nbsp;</td>
			<td>&nbsp;</td>
			<td>&nbsp;</td>
			<td>&nbsp;</td>
			<td>&nbsp;</td>
			<td>&nbsp;</td>
			<td>&nbsp;</td>
			<td>&nbsp;</td>
			<td>&nbsp;</td>
			<td>&nbsp;</td>
			<td>&nbsp;</td>
			<td>&nbsp;</td>
			<td>&nbsp;</td>
			<td>&nbsp;</td>
			<td>&nbsp;</td>
			<td>&nbsp;</td>
			<td>&nbsp;</td>
			<td>&nbsp;</td>
			<td>&nbsp;</td>
			<td>&nbsp;</td>
			<td>&nbsp;</td>
			<td>&nbsp;</td>
			<td>&nbsp;</td>
			<td>&nbsp;</td>
			<td>&nbsp;</td>
			<td>&nbsp;</td>
			<td>&nbsp;</td>
			<td>&nbsp;</td>
			<td>&nbsp;</td>
			<td>&nbsp;</td>
			<td>&nbsp;</td>
			<td>&nbsp;</td>
			<td>&nbsp;</td>
			<td>&nbsp;</td>
			<td>&nbsp;</td>
		</tr>
		<tr>
			<td>&nbsp;</td>
			<td>&nbsp;</td>
			<td>&nbsp;</td>
			<td>&nbsp;</td>
			<td>&nbsp;</td>
			<td>&nbsp;</td>
			<td>&nbsp;</td>
			<td>&nbsp;</td>
			<td>&nbsp;</td>
			<td>&nbsp;</td>
			<td>&nbsp;</td>
			<td>&nbsp;</td>
			<td>&nbsp;</td>
			<td>&nbsp;</td>
			<td>&nbsp;</td>
			<td>&nbsp;</td>
			<td>&nbsp;</td>
			<td>&nbsp;</td>
			<td>&nbsp;</td>
			<td>&nbsp;</td>
			<td>&nbsp;</td>
			<td>&nbsp;</td>
			<td>&nbsp;</td>
			<td>&nbsp;</td>
			<td>&nbsp;</td>
			<td>&nbsp;</td>
			<td>&nbsp;</td>
			<td>&nbsp;</td>
			<td>&nbsp;</td>
			<td>&nbsp;</td>
			<td>&nbsp;</td>
			<td>&nbsp;</td>
			<td>&nbsp;</td>
			<td>&nbsp;</td>
			<td>&nbsp;</td>
			<td>&nbsp;</td>
			<td>&nbsp;</td>
			<td>&nbsp;</td>
			<td>&nbsp;</td>
			<td>&nbsp;</td>
			<td>&nbsp;</td>
		</tr>
		<tr>
			<td>&nbsp;</td>
			<td>&nbsp;</td>
			<td>&nbsp;</td>
			<td>&nbsp;</td>
			<td>&nbsp;</td>
			<td>&nbsp;</td>
			<td>&nbsp;</td>
			<td>&nbsp;</td>
			<td>&nbsp;</td>
			<td>&nbsp;</td>
			<td>&nbsp;</td>
			<td>&nbsp;</td>
			<td>&nbsp;</td>
			<td>&nbsp;</td>
			<td>&nbsp;</td>
			<td>&nbsp;</td>
			<td>&nbsp;</td>
			<td>&nbsp;</td>
			<td>&nbsp;</td>
			<td>&nbsp;</td>
			<td>&nbsp;</td>
			<td>&nbsp;</td>
			<td>&nbsp;</td>
			<td>&nbsp;</td>
			<td>&nbsp;</td>
			<td>&nbsp;</td>
			<td>&nbsp;</td>
			<td>&nbsp;</td>
			<td>&nbsp;</td>
			<td>&nbsp;</td>
			<td>&nbsp;</td>
			<td>&nbsp;</td>
			<td>&nbsp;</td>
			<td>&nbsp;</td>
			<td>&nbsp;</td>
			<td>&nbsp;</td>
			<td>&nbsp;</td>
			<td>&nbsp;</td>
			<td>&nbsp;</td>
			<td>&nbsp;</td>
			<td>&nbsp;</td>
		</tr>
		<tr>
			<td>&nbsp;</td>
			<td>&nbsp;</td>
			<td>&nbsp;</td>
			<td>&nbsp;</td>
			<td>&nbsp;</td>
			<td>&nbsp;</td>
			<td>&nbsp;</td>
			<td>&nbsp;</td>
			<td>&nbsp;</td>
			<td>&nbsp;</td>
			<td>&nbsp;</td>
			<td>&nbsp;</td>
			<td>&nbsp;</td>
			<td>&nbsp;</td>
			<td>&nbsp;</td>
			<td>&nbsp;</td>
			<td>&nbsp;</td>
			<td>&nbsp;</td>
			<td>&nbsp;</td>
			<td>&nbsp;</td>
			<td>&nbsp;</td>
			<td>&nbsp;</td>
			<td>&nbsp;</td>
			<td>&nbsp;</td>
			<td>&nbsp;</td>
			<td>&nbsp;</td>
			<td>&nbsp;</td>
			<td>&nbsp;</td>
			<td>&nbsp;</td>
			<td>&nbsp;</td>
			<td>&nbsp;</td>
			<td>&nbsp;</td>
			<td>&nbsp;</td>
			<td>&nbsp;</td>
			<td>&nbsp;</td>
			<td>&nbsp;</td>
			<td>&nbsp;</td>
			<td>&nbsp;</td>
			<td>&nbsp;</td>
			<td>&nbsp;</td>
			<td>&nbsp;</td>
		</tr>
		<tr>
			<td>&nbsp;</td>
			<td>&nbsp;</td>
			<td>&nbsp;</td>
			<td>&nbsp;</td>
			<td>&nbsp;</td>
			<td>&nbsp;</td>
			<td>&nbsp;</td>
			<td>&nbsp;</td>
			<td>&nbsp;</td>
			<td>&nbsp;</td>
			<td>&nbsp;</td>
			<td>&nbsp;</td>
			<td>&nbsp;</td>
			<td>&nbsp;</td>
			<td>&nbsp;</td>
			<td>&nbsp;</td>
			<td>&nbsp;</td>
			<td>&nbsp;</td>
			<td>&nbsp;</td>
			<td>&nbsp;</td>
			<td>&nbsp;</td>
			<td>&nbsp;</td>
			<td>&nbsp;</td>
			<td>&nbsp;</td>
			<td>&nbsp;</td>
			<td>&nbsp;</td>
			<td>&nbsp;</td>
			<td>&nbsp;</td>
			<td>&nbsp;</td>
			<td>&nbsp;</td>
			<td>&nbsp;</td>
			<td>&nbsp;</td>
			<td>&nbsp;</td>
			<td>&nbsp;</td>
			<td>&nbsp;</td>
			<td>&nbsp;</td>
			<td>&nbsp;</td>
			<td>&nbsp;</td>
			<td>&nbsp;</td>
			<td>&nbsp;</td>
			<td>&nbsp;</td>
		</tr>
		<tr>
			<td>&nbsp;</td>
			<td>&nbsp;</td>
			<td>&nbsp;</td>
			<td>&nbsp;</td>
			<td>&nbsp;</td>
			<td>&nbsp;</td>
			<td>&nbsp;</td>
			<td>&nbsp;</td>
			<td>&nbsp;</td>
			<td>&nbsp;</td>
			<td>&nbsp;</td>
			<td>&nbsp;</td>
			<td>&nbsp;</td>
			<td>&nbsp;</td>
			<td>&nbsp;</td>
			<td>&nbsp;</td>
			<td>&nbsp;</td>
			<td>&nbsp;</td>
			<td>&nbsp;</td>
			<td>&nbsp;</td>
			<td>&nbsp;</td>
			<td>&nbsp;</td>
			<td>&nbsp;</td>
			<td>&nbsp;</td>
			<td>&nbsp;</td>
			<td>&nbsp;</td>
			<td>&nbsp;</td>
			<td>&nbsp;</td>
			<td>&nbsp;</td>
			<td>&nbsp;</td>
			<td>&nbsp;</td>
			<td>&nbsp;</td>
			<td>&nbsp;</td>
			<td>&nbsp;</td>
			<td>&nbsp;</td>
			<td>&nbsp;</td>
			<td>&nbsp;</td>
			<td>&nbsp;</td>
			<td>&nbsp;</td>
			<td>&nbsp;</td>
			<td>&nbsp;</td>
		</tr>
		<tr>
			<td>&nbsp;</td>
			<td>&nbsp;</td>
			<td>&nbsp;</td>
			<td>&nbsp;</td>
			<td>&nbsp;</td>
			<td>&nbsp;</td>
			<td>&nbsp;</td>
			<td>&nbsp;</td>
			<td>&nbsp;</td>
			<td>&nbsp;</td>
			<td>&nbsp;</td>
			<td>&nbsp;</td>
			<td>&nbsp;</td>
			<td>&nbsp;</td>
			<td>&nbsp;</td>
			<td>&nbsp;</td>
			<td>&nbsp;</td>
			<td>&nbsp;</td>
			<td>&nbsp;</td>
			<td>&nbsp;</td>
			<td>&nbsp;</td>
			<td>&nbsp;</td>
			<td>&nbsp;</td>
			<td>&nbsp;</td>
			<td>&nbsp;</td>
			<td>&nbsp;</td>
			<td>&nbsp;</td>
			<td>&nbsp;</td>
			<td>&nbsp;</td>
			<td>&nbsp;</td>
			<td>&nbsp;</td>
			<td>&nbsp;</td>
			<td>&nbsp;</td>
			<td>&nbsp;</td>
			<td>&nbsp;</td>
			<td>&nbsp;</td>
			<td>&nbsp;</td>
			<td>&nbsp;</td>
			<td>&nbsp;</td>
			<td>&nbsp;</td>
			<td>&nbsp;</td>
		</tr>
		<tr>
			<td>&nbsp;</td>
			<td>&nbsp;</td>
			<td>&nbsp;</td>
			<td>&nbsp;</td>
			<td>&nbsp;</td>
			<td>&nbsp;</td>
			<td>&nbsp;</td>
			<td>&nbsp;</td>
			<td>&nbsp;</td>
			<td>&nbsp;</td>
			<td>&nbsp;</td>
			<td>&nbsp;</td>
			<td>&nbsp;</td>
			<td>&nbsp;</td>
			<td>&nbsp;</td>
			<td>&nbsp;</td>
			<td>&nbsp;</td>
			<td>&nbsp;</td>
			<td>&nbsp;</td>
			<td>&nbsp;</td>
			<td>&nbsp;</td>
			<td>&nbsp;</td>
			<td>&nbsp;</td>
			<td>&nbsp;</td>
			<td>&nbsp;</td>
			<td>&nbsp;</td>
			<td>&nbsp;</td>
			<td>&nbsp;</td>
			<td>&nbsp;</td>
			<td>&nbsp;</td>
			<td>&nbsp;</td>
			<td>&nbsp;</td>
			<td>&nbsp;</td>
			<td>&nbsp;</td>
			<td>&nbsp;</td>
			<td>&nbsp;</td>
			<td>&nbsp;</td>
			<td>&nbsp;</td>
			<td>&nbsp;</td>
			<td>&nbsp;</td>
			<td>&nbsp;</td>
		</tr>
		<tr>
			<td>&nbsp;</td>
			<td>&nbsp;</td>
			<td>&nbsp;</td>
			<td>&nbsp;</td>
			<td>&nbsp;</td>
			<td>&nbsp;</td>
			<td>&nbsp;</td>
			<td>&nbsp;</td>
			<td>&nbsp;</td>
			<td>&nbsp;</td>
			<td>&nbsp;</td>
			<td>&nbsp;</td>
			<td>&nbsp;</td>
			<td>&nbsp;</td>
			<td>&nbsp;</td>
			<td>&nbsp;</td>
			<td>&nbsp;</td>
			<td>&nbsp;</td>
			<td>&nbsp;</td>
			<td>&nbsp;</td>
			<td>&nbsp;</td>
			<td>&nbsp;</td>
			<td>&nbsp;</td>
			<td>&nbsp;</td>
			<td>&nbsp;</td>
			<td>&nbsp;</td>
			<td>&nbsp;</td>
			<td>&nbsp;</td>
			<td>&nbsp;</td>
			<td>&nbsp;</td>
			<td>&nbsp;</td>
			<td>&nbsp;</td>
			<td>&nbsp;</td>
			<td>&nbsp;</td>
			<td>&nbsp;</td>
			<td>&nbsp;</td>
			<td>&nbsp;</td>
			<td>&nbsp;</td>
			<td>&nbsp;</td>
			<td>&nbsp;</td>
			<td>&nbsp;</td>
		</tr>
		<tr>
			<td>&nbsp;</td>
			<td>&nbsp;</td>
			<td>&nbsp;</td>
			<td>&nbsp;</td>
			<td>&nbsp;</td>
			<td>&nbsp;</td>
			<td>&nbsp;</td>
			<td>&nbsp;</td>
			<td>&nbsp;</td>
			<td>&nbsp;</td>
			<td>&nbsp;</td>
			<td>&nbsp;</td>
			<td>&nbsp;</td>
			<td>&nbsp;</td>
			<td>&nbsp;</td>
			<td>&nbsp;</td>
			<td>&nbsp;</td>
			<td>&nbsp;</td>
			<td>&nbsp;</td>
			<td>&nbsp;</td>
			<td>&nbsp;</td>
			<td>&nbsp;</td>
			<td>&nbsp;</td>
			<td>&nbsp;</td>
			<td>&nbsp;</td>
			<td>&nbsp;</td>
			<td>&nbsp;</td>
			<td>&nbsp;</td>
			<td>&nbsp;</td>
			<td>&nbsp;</td>
			<td>&nbsp;</td>
			<td>&nbsp;</td>
			<td>&nbsp;</td>
			<td>&nbsp;</td>
			<td>&nbsp;</td>
			<td>&nbsp;</td>
			<td>&nbsp;</td>
			<td>&nbsp;</td>
			<td>&nbsp;</td>
			<td>&nbsp;</td>
			<td>&nbsp;</td>
		</tr>
		<tr>
			<td>&nbsp;</td>
			<td>&nbsp;</td>
			<td>&nbsp;</td>
			<td>&nbsp;</td>
			<td>&nbsp;</td>
			<td>&nbsp;</td>
			<td>&nbsp;</td>
			<td>&nbsp;</td>
			<td>&nbsp;</td>
			<td>&nbsp;</td>
			<td>&nbsp;</td>
			<td>&nbsp;</td>
			<td>&nbsp;</td>
			<td>&nbsp;</td>
			<td>&nbsp;</td>
			<td>&nbsp;</td>
			<td>&nbsp;</td>
			<td>&nbsp;</td>
			<td>&nbsp;</td>
			<td>&nbsp;</td>
			<td>&nbsp;</td>
			<td>&nbsp;</td>
			<td>&nbsp;</td>
			<td>&nbsp;</td>
			<td>&nbsp;</td>
			<td>&nbsp;</td>
			<td>&nbsp;</td>
			<td>&nbsp;</td>
			<td>&nbsp;</td>
			<td>&nbsp;</td>
			<td>&nbsp;</td>
			<td>&nbsp;</td>
			<td>&nbsp;</td>
			<td>&nbsp;</td>
			<td>&nbsp;</td>
			<td>&nbsp;</td>
			<td>&nbsp;</td>
			<td>&nbsp;</td>
			<td>&nbsp;</td>
			<td>&nbsp;</td>
			<td>&nbsp;</td>
		</tr>
	</tbody>
</table>

<p>&nbsp;</p>

<p>&nbsp;</p>

<p><span style=""font-size:16px""><strong>WEIGHT:</strong></span></p>

<p>&nbsp;</p>

<p><span style=""font-size:16px""><strong>HEIGHT:</strong></span></p>
",OBSERVATION CHART,CLINICAL NOTE
1541,"<p><span style=""font-size:16px""><strong>PATIENTS NAME:</strong></span></p>

<p><span style=""font-size:16px""><strong>RE NO:</strong></span></p>

<p>&nbsp;</p>

<p>&nbsp;</p>

<table border=""1"" cellpadding=""1"" cellspacing=""1"" style=""height:365px; width:961px"">
	<tbody>
		<tr>
			<td>DATE</td>
			<td>TIME</td>
			<td>INTAKE</td>
			<td>AMOUNT</td>
			<td>OUTPUT</td>
			<td>AMOUNT</td>
		</tr>
		<tr>
			<td>&nbsp;</td>
			<td>&nbsp;</td>
			<td>&nbsp;</td>
			<td>&nbsp;</td>
			<td>&nbsp;</td>
			<td>&nbsp;</td>
		</tr>
	</tbody>
</table>

<p>&nbsp;</p>
",FLUID CHART,CLINICAL NOTE
1542,"<p>&nbsp;&nbsp;&nbsp;&nbsp;&nbsp;&nbsp;&nbsp;&nbsp;&nbsp;&nbsp;&nbsp;&nbsp;&nbsp;&nbsp;&nbsp;&nbsp;&nbsp;&nbsp;&nbsp;&nbsp;&nbsp;&nbsp;&nbsp;&nbsp;&nbsp;&nbsp;&nbsp;&nbsp;&nbsp;&nbsp;&nbsp;&nbsp;&nbsp;&nbsp;&nbsp;&nbsp;&nbsp;&nbsp;&nbsp;&nbsp;&nbsp;&nbsp;&nbsp;&nbsp;&nbsp;&nbsp;&nbsp;&nbsp;&nbsp;&nbsp;&nbsp;&nbsp;&nbsp;&nbsp;<span style=""font-size:20px""><strong>&nbsp;&nbsp;&nbsp;&nbsp;&nbsp;&nbsp;&nbsp;&nbsp;&nbsp;&nbsp;&nbsp;&nbsp;&nbsp;&nbsp;&nbsp;&nbsp; NURSES NOTE</strong></span></p>

<p><span style=""font-size:20px""><strong>&nbsp;&nbsp;&nbsp;&nbsp;&nbsp;&nbsp;&nbsp;&nbsp;&nbsp;&nbsp;&nbsp;&nbsp;&nbsp;&nbsp;&nbsp;&nbsp;&nbsp;&nbsp;&nbsp;&nbsp;&nbsp;&nbsp;&nbsp;&nbsp;&nbsp;&nbsp;&nbsp;&nbsp;&nbsp;&nbsp;&nbsp;&nbsp;&nbsp;&nbsp;&nbsp;&nbsp;&nbsp;&nbsp;&nbsp;&nbsp;&nbsp;&nbsp;&nbsp;&nbsp;&nbsp;&nbsp;&nbsp;&nbsp;&nbsp;&nbsp;&nbsp;&nbsp;&nbsp;&nbsp;&nbsp;&nbsp;&nbsp;&nbsp;&nbsp;&nbsp; DISCHARE SUMMARY AND REFERRAL</strong></span></p>

<p>&nbsp;</p>

<p><span style=""font-size:16px""><strong>NAME:</strong></span></p>

<p><span style=""font-size:16px""><strong>WARD/UNIT:</strong></span></p>

<p><span style=""font-size:16px""><strong>HOSPITAL NO:</strong></span></p>

<p>&nbsp;</p>

<p><span style=""font-size:16px""><strong>ASSESSMENT OF PATIENT ON DISCHARE (BASED ON IDENTIFIED NIDX)</strong></span></p>

<p>&nbsp;</p>

<p>&nbsp;</p>

<p>&nbsp;</p>

<p>&nbsp;</p>

<p>&nbsp;</p>

<p>&nbsp;</p>

<p>&nbsp;</p>

<p>&nbsp;</p>

<p><span style=""font-size:16px""><strong>SUMMARY OF HEALTH COUNSELLING</strong></span></p>

<p><span style=""font-size:16px"">ACTIVITIES OF DAILY LIVING:</span></p>

<p>&nbsp;</p>

<p>&nbsp;</p>

<p>&nbsp;</p>

<p>&nbsp;</p>

<p>&nbsp;</p>

<p><span style=""font-size:16px"">DRUGS:</span></p>

<p>&nbsp;</p>

<p>&nbsp;</p>

<p><span style=""font-size:16px"">DIET:</span></p>

<p>&nbsp;</p>

<p>&nbsp;</p>

<p><span style=""font-size:16px"">ROLE OF FAMILY:</span></p>

<p>&nbsp;</p>

<p>&nbsp;</p>

<p>&nbsp;</p>

<p><span style=""font-size:16px"">OTHERS (SPECIFY):</span></p>

<p>&nbsp;</p>

<p>&nbsp;</p>

<p>&nbsp;</p>

<p><span style=""font-size:16px"">HOME ASSESSMENT REPORT:</span></p>
",NURSES NOTE DISCHARE SUMMARY AND REFERRAL,CLINICAL NOTE
1561,,A free Note,EXAMINATION
1142,"<h1 style=""text-align:center""><strong>-- SURGERY REGISTER --</strong></h1>

<table border=""1"" cellpadding=""1"" cellspacing=""1"">
	<tbody>
		<tr>
			<td><strong>DATE OF PROCEDURE</strong></td>
			<td>&nbsp;</td>
		</tr>
		<tr>
			<td><strong>NAME</strong></td>
			<td>&nbsp;</td>
		</tr>
		<tr>
			<td><strong>AGE</strong></td>
			<td>&nbsp; &nbsp; &nbsp; &nbsp; &nbsp; &nbsp; &nbsp; &nbsp; &nbsp; &nbsp; &nbsp; &nbsp; &nbsp; &nbsp; &nbsp; &nbsp;&nbsp;</td>
		</tr>
		<tr>
			<td><strong>SEX</strong></td>
			<td>&nbsp;</td>
		</tr>
		<tr>
			<td><strong>STATUS</strong></td>
			<td>&nbsp;</td>
		</tr>
		<tr>
			<td><strong>ID NO.</strong></td>
			<td>&nbsp;</td>
		</tr>
		<tr>
			<td><strong>DEPARTMENT</strong></td>
			<td>&nbsp;</td>
		</tr>
		<tr>
			<td><strong>DIAGNOSIS</strong></td>
			<td>&nbsp; &nbsp; &nbsp; &nbsp; &nbsp; &nbsp; &nbsp; &nbsp; &nbsp; &nbsp; &nbsp; &nbsp;</td>
		</tr>
		<tr>
			<td><strong>PROCEDURE</strong></td>
			<td>&nbsp;</td>
		</tr>
		<tr>
			<td><strong>SURGEON</strong></td>
			<td>&nbsp;</td>
		</tr>
		<tr>
			<td><strong>ASSISTANT SURGEON</strong></td>
			<td>&nbsp;</td>
		</tr>
		<tr>
			<td><strong>ANAESTHETIST</strong></td>
			<td>&nbsp;</td>
		</tr>
		<tr>
			<td><strong>ANAESTHESIA</strong></td>
			<td>&nbsp;</td>
		</tr>
		<tr>
			<td><strong>SCRUB NURSE</strong></td>
			<td>&nbsp;</td>
		</tr>
		<tr>
			<td><strong>CATEGORY OF SURGERY</strong></td>
			<td>&nbsp;</td>
		</tr>
	</tbody>
</table>
",SURGERY REGISTER,CLINICAL NOTE
1144,"<h1 style=""text-align:center""><strong>-- THEATRE NURSES PROGRESS FORM --</strong></h1>

<table border=""1"" cellpadding=""1"" cellspacing=""1"">
	<tbody>
		<tr>
			<td><strong>DATE:&nbsp; &nbsp; &nbsp; &nbsp; &nbsp; &nbsp; &nbsp; &nbsp;</strong></td>
			<td><strong>TIME:&nbsp; &nbsp; &nbsp; &nbsp; &nbsp; &nbsp; &nbsp; &nbsp;&nbsp;</strong></td>
			<td><strong>ID NO.:&nbsp; &nbsp; &nbsp; &nbsp; &nbsp; &nbsp; &nbsp; &nbsp; &nbsp; &nbsp; &nbsp; &nbsp; &nbsp; &nbsp;</strong></td>
		</tr>
	</tbody>
</table>

<table border=""1"" cellpadding=""1"" cellspacing=""1"">
	<tbody>
		<tr>
			<td><strong>PATIENT NAME:&nbsp; &nbsp; &nbsp; &nbsp; &nbsp; &nbsp; &nbsp; &nbsp; &nbsp; &nbsp; &nbsp; &nbsp; &nbsp; &nbsp; &nbsp; &nbsp; &nbsp; &nbsp; &nbsp; &nbsp; &nbsp; &nbsp; &nbsp; &nbsp; &nbsp; &nbsp; &nbsp; &nbsp; &nbsp; &nbsp; &nbsp; &nbsp; &nbsp;&nbsp;</strong></td>
		</tr>
	</tbody>
</table>

<table border=""1"" cellpadding=""1"" cellspacing=""1"">
	<tbody>
		<tr>
			<td><strong>AGE:&nbsp; &nbsp; &nbsp; &nbsp; &nbsp; &nbsp; &nbsp; &nbsp; &nbsp; &nbsp; &nbsp; &nbsp; &nbsp; &nbsp; &nbsp; &nbsp; &nbsp; &nbsp; &nbsp; &nbsp; &nbsp; &nbsp; &nbsp;&nbsp;</strong></td>
			<td><strong>SEX:&nbsp; &nbsp; &nbsp; &nbsp; &nbsp; &nbsp; &nbsp; &nbsp; &nbsp; &nbsp; &nbsp; &nbsp; &nbsp; &nbsp; &nbsp;</strong></td>
		</tr>
	</tbody>
</table>

<table border=""1"" cellpadding=""1"" cellspacing=""1"">
	<tbody>
		<tr>
			<td><strong>DIAGNOSIS:&nbsp; &nbsp; &nbsp; &nbsp; &nbsp; &nbsp; &nbsp; &nbsp; &nbsp; &nbsp; &nbsp; &nbsp; &nbsp; &nbsp; &nbsp; &nbsp; &nbsp; &nbsp; &nbsp; &nbsp; &nbsp; &nbsp; &nbsp; &nbsp; &nbsp; &nbsp; &nbsp; &nbsp; &nbsp; &nbsp; &nbsp; &nbsp; &nbsp; &nbsp; &nbsp; &nbsp; &nbsp;</strong></td>
		</tr>
	</tbody>
</table>

<table border=""1"" cellpadding=""1"" cellspacing=""1"">
	<tbody>
		<tr>
			<td><strong>PROCEDURE:&nbsp; &nbsp; &nbsp; &nbsp; &nbsp; &nbsp; &nbsp; &nbsp; &nbsp; &nbsp; &nbsp; &nbsp; &nbsp; &nbsp; &nbsp; &nbsp; &nbsp; &nbsp; &nbsp; &nbsp; &nbsp; &nbsp; &nbsp; &nbsp; &nbsp; &nbsp; &nbsp; &nbsp; &nbsp; &nbsp; &nbsp; &nbsp; &nbsp; &nbsp; &nbsp;&nbsp;</strong></td>
		</tr>
	</tbody>
</table>

<table border=""1"" cellpadding=""1"" cellspacing=""1"">
	<tbody>
		<tr>
			<td style=""text-align:center""><strong>PREOPERATIVE VITAL SIGNS&nbsp; &nbsp; &nbsp; &nbsp; &nbsp; &nbsp; &nbsp; &nbsp; &nbsp; &nbsp; &nbsp; &nbsp; &nbsp; &nbsp; &nbsp; &nbsp; &nbsp; &nbsp; &nbsp; &nbsp; &nbsp; &nbsp;</strong></td>
		</tr>
	</tbody>
</table>

<table border=""1"" cellpadding=""1"" cellspacing=""1"">
	<tbody>
		<tr>
			<td><strong>TIME</strong></td>
			<td><strong>TEMP</strong></td>
			<td><strong>PULSE</strong></td>
			<td><strong>RESP</strong></td>
			<td><strong>B.P</strong></td>
			<td><strong>SPO2</strong></td>
			<td><strong>FBS</strong></td>
			<td><strong>WEIGHT</strong></td>
		</tr>
		<tr>
			<td>&nbsp;</td>
			<td>&nbsp;</td>
			<td>&nbsp;</td>
			<td>&nbsp;</td>
			<td>&nbsp;</td>
			<td>&nbsp;</td>
			<td>&nbsp; &nbsp; &nbsp; &nbsp; &nbsp; &nbsp; &nbsp;&nbsp;</td>
			<td>&nbsp;</td>
		</tr>
	</tbody>
</table>

<table border=""1"" cellpadding=""1"" cellspacing=""1"">
	<tbody>
		<tr>
			<td><strong>START TIME OF PROCEDURE:&nbsp; &nbsp; &nbsp; &nbsp; &nbsp; &nbsp; &nbsp; &nbsp; &nbsp; &nbsp; &nbsp; &nbsp; &nbsp; &nbsp; &nbsp; &nbsp; &nbsp; &nbsp; &nbsp; &nbsp; &nbsp;&nbsp;</strong></td>
		</tr>
	</tbody>
</table>

<table border=""1"" cellpadding=""1"" cellspacing=""1"">
	<tbody>
		<tr>
			<td><strong>INTRAOPERATIVE MEDICATION&nbsp; &nbsp; &nbsp; &nbsp; &nbsp; &nbsp; &nbsp; &nbsp; &nbsp; &nbsp; &nbsp; &nbsp; &nbsp; &nbsp; &nbsp; &nbsp; &nbsp; &nbsp; &nbsp; &nbsp;</strong></td>
		</tr>
	</tbody>
</table>

<table border=""1"" cellpadding=""1"" cellspacing=""1"">
	<tbody>
		<tr>
			<td><strong>NAME OF DRUG</strong></td>
			<td><strong>DOSAGE</strong></td>
			<td><strong>ROUTE</strong></td>
			<td><strong>TIME</strong></td>
			<td><strong>SIGNATURE</strong></td>
		</tr>
		<tr>
			<td>&nbsp;</td>
			<td>&nbsp;</td>
			<td>&nbsp;</td>
			<td>&nbsp; &nbsp; &nbsp; &nbsp; &nbsp; &nbsp;</td>
			<td>&nbsp;</td>
		</tr>
		<tr>
			<td>&nbsp;</td>
			<td>&nbsp;</td>
			<td>&nbsp;</td>
			<td>&nbsp;</td>
			<td>&nbsp;</td>
		</tr>
		<tr>
			<td>&nbsp;</td>
			<td>&nbsp;</td>
			<td>&nbsp;</td>
			<td>&nbsp;</td>
			<td>&nbsp;</td>
		</tr>
		<tr>
			<td>&nbsp;</td>
			<td>&nbsp;</td>
			<td>&nbsp;</td>
			<td>&nbsp;</td>
			<td>&nbsp;</td>
		</tr>
		<tr>
			<td>&nbsp;</td>
			<td>&nbsp;</td>
			<td>&nbsp;</td>
			<td>&nbsp;</td>
			<td>&nbsp;</td>
		</tr>
		<tr>
			<td>&nbsp;</td>
			<td>&nbsp;</td>
			<td>&nbsp;</td>
			<td>&nbsp;</td>
			<td>&nbsp;</td>
		</tr>
		<tr>
			<td>&nbsp;</td>
			<td>&nbsp;</td>
			<td>&nbsp;</td>
			<td>&nbsp;</td>
			<td>&nbsp;</td>
		</tr>
	</tbody>
</table>

<table border=""1"" cellpadding=""1"" cellspacing=""1"">
	<tbody>
		<tr>
			<td><strong>END TIME OF PROCEDURE:&nbsp; &nbsp; &nbsp; &nbsp; &nbsp; &nbsp; &nbsp; &nbsp; &nbsp; &nbsp; &nbsp; &nbsp; &nbsp; &nbsp; &nbsp; &nbsp; &nbsp; &nbsp; &nbsp; &nbsp; &nbsp; &nbsp; &nbsp;</strong></td>
		</tr>
	</tbody>
</table>

<table border=""1"" cellpadding=""1"" cellspacing=""1"">
	<tbody>
		<tr>
			<td><strong>POST OPERATIVE VITAL SIGNS&nbsp; &nbsp; &nbsp; &nbsp; &nbsp; &nbsp; &nbsp; &nbsp; &nbsp; &nbsp; &nbsp; &nbsp; &nbsp; &nbsp; &nbsp; &nbsp; &nbsp; &nbsp; &nbsp; &nbsp;</strong></td>
		</tr>
	</tbody>
</table>

<table border=""1"" cellpadding=""1"" cellspacing=""1"">
	<tbody>
		<tr>
			<td><strong>TIME</strong></td>
			<td><strong>TEMP</strong></td>
			<td><strong>PULSE</strong></td>
			<td><strong>RESP</strong></td>
			<td><strong>BP</strong></td>
			<td><strong>SPO2</strong></td>
			<td><strong>OTHERS</strong></td>
		</tr>
		<tr>
			<td>&nbsp;</td>
			<td>&nbsp;</td>
			<td>&nbsp;</td>
			<td>&nbsp;</td>
			<td>&nbsp; &nbsp; &nbsp; &nbsp; &nbsp; &nbsp; &nbsp; &nbsp; &nbsp; &nbsp; &nbsp;</td>
			<td>&nbsp;</td>
			<td>&nbsp;</td>
		</tr>
		<tr>
			<td>&nbsp;</td>
			<td>&nbsp;</td>
			<td>&nbsp;</td>
			<td>&nbsp;</td>
			<td>&nbsp;</td>
			<td>&nbsp;</td>
			<td>&nbsp;</td>
		</tr>
	</tbody>
</table>

<table border=""1"" cellpadding=""1"" cellspacing=""1"">
	<tbody>
		<tr>
			<td><strong>PATIENT CONDITION:</strong></td>
			<td>&nbsp; &nbsp; &nbsp; &nbsp; &nbsp; &nbsp; &nbsp; &nbsp; &nbsp; &nbsp; &nbsp; &nbsp; &nbsp; &nbsp; &nbsp; &nbsp; &nbsp; &nbsp; &nbsp; &nbsp; &nbsp; &nbsp; &nbsp; &nbsp; &nbsp; &nbsp; &nbsp; &nbsp;&nbsp;</td>
		</tr>
		<tr>
			<td><strong>REMARK:</strong></td>
			<td>&nbsp;</td>
		</tr>
		<tr>
			<td><strong>DATE/SIGN:</strong></td>
			<td>&nbsp;</td>
		</tr>
	</tbody>
</table>
",THEATRE NURSES PROGRESS FORM,CLINICAL NOTE
1425,"<table align=""left"" cellspacing=""0"" class=""MsoTableGrid"" style=""border-collapse:collapse; border:none; margin-left:10px; margin-right:10px; width:945px"">
	<tbody>
		<tr>
			<td style=""border-bottom:1px solid black; border-left:1px solid black; border-right:1px solid black; border-top:1px solid black; vertical-align:top; width:85px"">
			<p><span style=""font-size:11pt""><span style=""font-family:Calibri,sans-serif""><span style=""font-size:14.0pt"">DATE</span></span></span></p>

			<p><span style=""font-size:11pt""><span style=""font-family:Calibri,sans-serif""><span style=""font-size:14.0pt"">TIME</span></span></span></p>
			</td>
			<td style=""border-bottom:1px solid black; border-left:none; border-right:1px solid black; border-top:1px solid black; vertical-align:top; width:189px"">
			<p><span style=""font-size:11pt""><span style=""font-family:Calibri,sans-serif""><span style=""font-size:14.0pt"">NURSING DIAGNOSIS</span></span></span></p>
			</td>
			<td style=""border-bottom:1px solid black; border-left:none; border-right:1px solid black; border-top:1px solid black; vertical-align:top; width:198px"">
			<p><span style=""font-size:11pt""><span style=""font-family:Calibri,sans-serif""><span style=""font-size:14.0pt"">NURSING OBJECTIVES</span></span></span></p>
			</td>
			<td style=""border-bottom:1px solid black; border-left:none; border-right:1px solid black; border-top:1px solid black; vertical-align:top; width:189px"">
			<p><span style=""font-size:11pt""><span style=""font-family:Calibri,sans-serif""><span style=""font-size:14.0pt"">NURSING ACTIONS</span></span></span></p>
			</td>
			<td style=""border-bottom:1px solid black; border-left:none; border-right:1px solid black; border-top:1px solid black; vertical-align:top; width:161px"">
			<p><span style=""font-size:11pt""><span style=""font-family:Calibri,sans-serif""><span style=""font-size:14.0pt"">EVALUATION</span></span></span></p>
			</td>
			<td style=""border-bottom:1px solid black; border-left:none; border-right:1px solid black; border-top:1px solid black; vertical-align:top; width:123px"">
			<p><span style=""font-size:11pt""><span style=""font-family:Calibri,sans-serif""><span style=""font-size:14.0pt"">SIGN</span></span></span></p>
			</td>
		</tr>
		<tr>
			<td style=""border-bottom:1px solid black; border-left:1px solid black; border-right:1px solid black; border-top:none; vertical-align:top; width:85px"">
			<p>&nbsp;</p>
			</td>
			<td style=""border-bottom:1px solid black; border-left:none; border-right:1px solid black; border-top:none; vertical-align:top; width:189px"">
			<p>&nbsp;</p>
			</td>
			<td style=""border-bottom:1px solid black; border-left:none; border-right:1px solid black; border-top:none; vertical-align:top; width:198px"">
			<p>&nbsp;</p>
			</td>
			<td style=""border-bottom:1px solid black; border-left:none; border-right:1px solid black; border-top:none; vertical-align:top; width:189px"">
			<p>&nbsp;</p>
			</td>
			<td style=""border-bottom:1px solid black; border-left:none; border-right:1px solid black; border-top:none; vertical-align:top; width:161px"">
			<p>&nbsp;</p>
			</td>
			<td style=""border-bottom:1px solid black; border-left:none; border-right:1px solid black; border-top:none; vertical-align:top; width:123px"">
			<p>&nbsp;</p>
			</td>
		</tr>
		<tr>
			<td style=""border-bottom:1px solid black; border-left:1px solid black; border-right:1px solid black; border-top:none; vertical-align:top; width:85px"">
			<p>&nbsp;</p>
			</td>
			<td style=""border-bottom:1px solid black; border-left:none; border-right:1px solid black; border-top:none; vertical-align:top; width:189px"">
			<p>&nbsp;</p>
			</td>
			<td style=""border-bottom:1px solid black; border-left:none; border-right:1px solid black; border-top:none; vertical-align:top; width:198px"">
			<p>&nbsp;</p>
			</td>
			<td style=""border-bottom:1px solid black; border-left:none; border-right:1px solid black; border-top:none; vertical-align:top; width:189px"">
			<p>&nbsp;</p>
			</td>
			<td style=""border-bottom:1px solid black; border-left:none; border-right:1px solid black; border-top:none; vertical-align:top; width:161px"">
			<p>&nbsp;</p>
			</td>
			<td style=""border-bottom:1px solid black; border-left:none; border-right:1px solid black; border-top:none; vertical-align:top; width:123px"">
			<p>&nbsp;</p>
			</td>
		</tr>
		<tr>
			<td style=""border-bottom:1px solid black; border-left:1px solid black; border-right:1px solid black; border-top:none; vertical-align:top; width:85px"">
			<p>&nbsp;</p>
			</td>
			<td style=""border-bottom:1px solid black; border-left:none; border-right:1px solid black; border-top:none; vertical-align:top; width:189px"">
			<p>&nbsp;</p>
			</td>
			<td style=""border-bottom:1px solid black; border-left:none; border-right:1px solid black; border-top:none; vertical-align:top; width:198px"">
			<p>&nbsp;</p>
			</td>
			<td style=""border-bottom:1px solid black; border-left:none; border-right:1px solid black; border-top:none; vertical-align:top; width:189px"">
			<p>&nbsp;</p>
			</td>
			<td style=""border-bottom:1px solid black; border-left:none; border-right:1px solid black; border-top:none; vertical-align:top; width:161px"">
			<p>&nbsp;</p>
			</td>
			<td style=""border-bottom:1px solid black; border-left:none; border-right:1px solid black; border-top:none; vertical-align:top; width:123px"">
			<p>&nbsp;</p>
			</td>
		</tr>
		<tr>
			<td style=""border-bottom:1px solid black; border-left:1px solid black; border-right:1px solid black; border-top:none; vertical-align:top; width:85px"">
			<p>&nbsp;</p>
			</td>
			<td style=""border-bottom:1px solid black; border-left:none; border-right:1px solid black; border-top:none; vertical-align:top; width:189px"">
			<p>&nbsp;</p>
			</td>
			<td style=""border-bottom:1px solid black; border-left:none; border-right:1px solid black; border-top:none; vertical-align:top; width:198px"">
			<p>&nbsp;</p>
			</td>
			<td style=""border-bottom:1px solid black; border-left:none; border-right:1px solid black; border-top:none; vertical-align:top; width:189px"">
			<p>&nbsp;</p>
			</td>
			<td style=""border-bottom:1px solid black; border-left:none; border-right:1px solid black; border-top:none; vertical-align:top; width:161px"">
			<p>&nbsp;</p>
			</td>
			<td style=""border-bottom:1px solid black; border-left:none; border-right:1px solid black; border-top:none; vertical-align:top; width:123px"">
			<p>&nbsp;</p>
			</td>
		</tr>
		<tr>
			<td style=""border-bottom:1px solid black; border-left:1px solid black; border-right:1px solid black; border-top:none; vertical-align:top; width:85px"">
			<p>&nbsp;</p>
			</td>
			<td style=""border-bottom:1px solid black; border-left:none; border-right:1px solid black; border-top:none; vertical-align:top; width:189px"">
			<p>&nbsp;</p>
			</td>
			<td style=""border-bottom:1px solid black; border-left:none; border-right:1px solid black; border-top:none; vertical-align:top; width:198px"">
			<p>&nbsp;</p>
			</td>
			<td style=""border-bottom:1px solid black; border-left:none; border-right:1px solid black; border-top:none; vertical-align:top; width:189px"">
			<p>&nbsp;</p>
			</td>
			<td style=""border-bottom:1px solid black; border-left:none; border-right:1px solid black; border-top:none; vertical-align:top; width:161px"">
			<p>&nbsp;</p>
			</td>
			<td style=""border-bottom:1px solid black; border-left:none; border-right:1px solid black; border-top:none; vertical-align:top; width:123px"">
			<p>&nbsp;</p>
			</td>
		</tr>
		<tr>
			<td style=""border-bottom:1px solid black; border-left:1px solid black; border-right:1px solid black; border-top:none; vertical-align:top; width:85px"">
			<p>&nbsp;</p>
			</td>
			<td style=""border-bottom:1px solid black; border-left:none; border-right:1px solid black; border-top:none; vertical-align:top; width:189px"">
			<p>&nbsp;</p>
			</td>
			<td style=""border-bottom:1px solid black; border-left:none; border-right:1px solid black; border-top:none; vertical-align:top; width:198px"">
			<p>&nbsp;</p>
			</td>
			<td style=""border-bottom:1px solid black; border-left:none; border-right:1px solid black; border-top:none; vertical-align:top; width:189px"">
			<p>&nbsp;</p>
			</td>
			<td style=""border-bottom:1px solid black; border-left:none; border-right:1px solid black; border-top:none; vertical-align:top; width:161px"">
			<p>&nbsp;</p>
			</td>
			<td style=""border-bottom:1px solid black; border-left:none; border-right:1px solid black; border-top:none; vertical-align:top; width:123px"">
			<p>&nbsp;</p>
			</td>
		</tr>
		<tr>
			<td style=""border-bottom:1px solid black; border-left:1px solid black; border-right:1px solid black; border-top:none; vertical-align:top; width:85px"">
			<p>&nbsp;</p>
			</td>
			<td style=""border-bottom:1px solid black; border-left:none; border-right:1px solid black; border-top:none; vertical-align:top; width:189px"">
			<p>&nbsp;</p>
			</td>
			<td style=""border-bottom:1px solid black; border-left:none; border-right:1px solid black; border-top:none; vertical-align:top; width:198px"">
			<p>&nbsp;</p>
			</td>
			<td style=""border-bottom:1px solid black; border-left:none; border-right:1px solid black; border-top:none; vertical-align:top; width:189px"">
			<p>&nbsp;</p>
			</td>
			<td style=""border-bottom:1px solid black; border-left:none; border-right:1px solid black; border-top:none; vertical-align:top; width:161px"">
			<p>&nbsp;</p>
			</td>
			<td style=""border-bottom:1px solid black; border-left:none; border-right:1px solid black; border-top:none; vertical-align:top; width:123px"">
			<p>&nbsp;</p>
			</td>
		</tr>
		<tr>
			<td style=""border-bottom:1px solid black; border-left:1px solid black; border-right:1px solid black; border-top:none; vertical-align:top; width:85px"">
			<p>&nbsp;</p>
			</td>
			<td style=""border-bottom:1px solid black; border-left:none; border-right:1px solid black; border-top:none; vertical-align:top; width:189px"">
			<p>&nbsp;</p>
			</td>
			<td style=""border-bottom:1px solid black; border-left:none; border-right:1px solid black; border-top:none; vertical-align:top; width:198px"">
			<p>&nbsp;</p>
			</td>
			<td style=""border-bottom:1px solid black; border-left:none; border-right:1px solid black; border-top:none; vertical-align:top; width:189px"">
			<p>&nbsp;</p>
			</td>
			<td style=""border-bottom:1px solid black; border-left:none; border-right:1px solid black; border-top:none; vertical-align:top; width:161px"">
			<p>&nbsp;</p>
			</td>
			<td style=""border-bottom:1px solid black; border-left:none; border-right:1px solid black; border-top:none; vertical-align:top; width:123px"">
			<p>&nbsp;</p>
			</td>
		</tr>
		<tr>
			<td style=""border-bottom:1px solid black; border-left:1px solid black; border-right:1px solid black; border-top:none; vertical-align:top; width:85px"">
			<p>&nbsp;</p>
			</td>
			<td style=""border-bottom:1px solid black; border-left:none; border-right:1px solid black; border-top:none; vertical-align:top; width:189px"">
			<p>&nbsp;</p>
			</td>
			<td style=""border-bottom:1px solid black; border-left:none; border-right:1px solid black; border-top:none; vertical-align:top; width:198px"">
			<p>&nbsp;</p>
			</td>
			<td style=""border-bottom:1px solid black; border-left:none; border-right:1px solid black; border-top:none; vertical-align:top; width:189px"">
			<p>&nbsp;</p>
			</td>
			<td style=""border-bottom:1px solid black; border-left:none; border-right:1px solid black; border-top:none; vertical-align:top; width:161px"">
			<p>&nbsp;</p>
			</td>
			<td style=""border-bottom:1px solid black; border-left:none; border-right:1px solid black; border-top:none; vertical-align:top; width:123px"">
			<p>&nbsp;</p>
			</td>
		</tr>
		<tr>
			<td style=""border-bottom:1px solid black; border-left:1px solid black; border-right:1px solid black; border-top:none; vertical-align:top; width:85px"">
			<p>&nbsp;</p>
			</td>
			<td style=""border-bottom:1px solid black; border-left:none; border-right:1px solid black; border-top:none; vertical-align:top; width:189px"">
			<p>&nbsp;</p>
			</td>
			<td style=""border-bottom:1px solid black; border-left:none; border-right:1px solid black; border-top:none; vertical-align:top; width:198px"">
			<p>&nbsp;</p>
			</td>
			<td style=""border-bottom:1px solid black; border-left:none; border-right:1px solid black; border-top:none; vertical-align:top; width:189px"">
			<p>&nbsp;</p>
			</td>
			<td style=""border-bottom:1px solid black; border-left:none; border-right:1px solid black; border-top:none; vertical-align:top; width:161px"">
			<p>&nbsp;</p>
			</td>
			<td style=""border-bottom:1px solid black; border-left:none; border-right:1px solid black; border-top:none; vertical-align:top; width:123px"">
			<p>&nbsp;</p>
			</td>
		</tr>
		<tr>
			<td style=""border-bottom:1px solid black; border-left:1px solid black; border-right:1px solid black; border-top:none; vertical-align:top; width:85px"">
			<p>&nbsp;</p>
			</td>
			<td style=""border-bottom:1px solid black; border-left:none; border-right:1px solid black; border-top:none; vertical-align:top; width:189px"">
			<p>&nbsp;</p>
			</td>
			<td style=""border-bottom:1px solid black; border-left:none; border-right:1px solid black; border-top:none; vertical-align:top; width:198px"">
			<p>&nbsp;</p>
			</td>
			<td style=""border-bottom:1px solid black; border-left:none; border-right:1px solid black; border-top:none; vertical-align:top; width:189px"">
			<p>&nbsp;</p>
			</td>
			<td style=""border-bottom:1px solid black; border-left:none; border-right:1px solid black; border-top:none; vertical-align:top; width:161px"">
			<p>&nbsp;</p>
			</td>
			<td style=""border-bottom:1px solid black; border-left:none; border-right:1px solid black; border-top:none; vertical-align:top; width:123px"">
			<p>&nbsp;</p>
			</td>
		</tr>
		<tr>
			<td style=""border-bottom:1px solid black; border-left:1px solid black; border-right:1px solid black; border-top:none; vertical-align:top; width:85px"">
			<p>&nbsp;</p>
			</td>
			<td style=""border-bottom:1px solid black; border-left:none; border-right:1px solid black; border-top:none; vertical-align:top; width:189px"">
			<p>&nbsp;</p>
			</td>
			<td style=""border-bottom:1px solid black; border-left:none; border-right:1px solid black; border-top:none; vertical-align:top; width:198px"">
			<p>&nbsp;</p>
			</td>
			<td style=""border-bottom:1px solid black; border-left:none; border-right:1px solid black; border-top:none; vertical-align:top; width:189px"">
			<p>&nbsp;</p>
			</td>
			<td style=""border-bottom:1px solid black; border-left:none; border-right:1px solid black; border-top:none; vertical-align:top; width:161px"">
			<p>&nbsp;</p>
			</td>
			<td style=""border-bottom:1px solid black; border-left:none; border-right:1px solid black; border-top:none; vertical-align:top; width:123px"">
			<p>&nbsp;</p>
			</td>
		</tr>
		<tr>
			<td style=""border-bottom:1px solid black; border-left:1px solid black; border-right:1px solid black; border-top:none; vertical-align:top; width:85px"">
			<p>&nbsp;</p>
			</td>
			<td style=""border-bottom:1px solid black; border-left:none; border-right:1px solid black; border-top:none; vertical-align:top; width:189px"">
			<p>&nbsp;</p>
			</td>
			<td style=""border-bottom:1px solid black; border-left:none; border-right:1px solid black; border-top:none; vertical-align:top; width:198px"">
			<p>&nbsp;</p>
			</td>
			<td style=""border-bottom:1px solid black; border-left:none; border-right:1px solid black; border-top:none; vertical-align:top; width:189px"">
			<p>&nbsp;</p>
			</td>
			<td style=""border-bottom:1px solid black; border-left:none; border-right:1px solid black; border-top:none; vertical-align:top; width:161px"">
			<p>&nbsp;</p>
			</td>
			<td style=""border-bottom:1px solid black; border-left:none; border-right:1px solid black; border-top:none; vertical-align:top; width:123px"">
			<p>&nbsp;</p>
			</td>
		</tr>
		<tr>
			<td style=""border-bottom:1px solid black; border-left:1px solid black; border-right:1px solid black; border-top:none; vertical-align:top; width:85px"">
			<p>&nbsp;</p>
			</td>
			<td style=""border-bottom:1px solid black; border-left:none; border-right:1px solid black; border-top:none; vertical-align:top; width:189px"">
			<p>&nbsp;</p>
			</td>
			<td style=""border-bottom:1px solid black; border-left:none; border-right:1px solid black; border-top:none; vertical-align:top; width:198px"">
			<p>&nbsp;</p>
			</td>
			<td style=""border-bottom:1px solid black; border-left:none; border-right:1px solid black; border-top:none; vertical-align:top; width:189px"">
			<p>&nbsp;</p>
			</td>
			<td style=""border-bottom:1px solid black; border-left:none; border-right:1px solid black; border-top:none; vertical-align:top; width:161px"">
			<p>&nbsp;</p>
			</td>
			<td style=""border-bottom:1px solid black; border-left:none; border-right:1px solid black; border-top:none; vertical-align:top; width:123px"">
			<p>&nbsp;</p>
			</td>
		</tr>
		<tr>
			<td style=""border-bottom:1px solid black; border-left:1px solid black; border-right:1px solid black; border-top:none; vertical-align:top; width:85px"">
			<p>&nbsp;</p>
			</td>
			<td style=""border-bottom:1px solid black; border-left:none; border-right:1px solid black; border-top:none; vertical-align:top; width:189px"">
			<p>&nbsp;</p>
			</td>
			<td style=""border-bottom:1px solid black; border-left:none; border-right:1px solid black; border-top:none; vertical-align:top; width:198px"">
			<p>&nbsp;</p>
			</td>
			<td style=""border-bottom:1px solid black; border-left:none; border-right:1px solid black; border-top:none; vertical-align:top; width:189px"">
			<p>&nbsp;</p>
			</td>
			<td style=""border-bottom:1px solid black; border-left:none; border-right:1px solid black; border-top:none; vertical-align:top; width:161px"">
			<p>&nbsp;</p>
			</td>
			<td style=""border-bottom:1px solid black; border-left:none; border-right:1px solid black; border-top:none; vertical-align:top; width:123px"">
			<p>&nbsp;</p>
			</td>
		</tr>
	</tbody>
</table>

<p style=""margin-left:240px"">&nbsp;</p>

<p style=""margin-left:240px"">&nbsp;</p>

<p style=""margin-left:240px"">&nbsp;</p>
",NURSE CARE PLAN SHEET,
1221,"<p>ISSUES SEEN</p>

<p>&nbsp;</p>

<p>COMMENT</p>
",,Radiology
1241,,Pre Anaesthestic Hx,Hx
1382,"<p style=""text-align:center""><span style=""font-size:16px"">Physiotherapy Follow Up Sheet</span></p>

<p>&nbsp;</p>
",Physiotherapy Follow Up Sheet,CLINICAL NOTE
1342,,Occupational Therapy Progress Report Sheet,CLINICAL NOTE
1441,"<p>ISSUES SEEN</p>

<p>&nbsp;</p>

<p>COMMENT<br />
&nbsp;</p>

<p>ADDITIONAL REMARK</p>
",Dr. Lawal,Radiology
1462,"<p style=""text-align:center""><span style=""font-size:11pt""><span style=""font-family:&quot;Calibri&quot;,&quot;sans-serif&quot;""><strong><span style=""font-size:14.0pt""><span style=""font-family:&quot;Tahoma&quot;,&quot;sans-serif&quot;""><span style=""color:#002060"">Child and Adolescent Mental Health Services Centre (CAMHSC)</span></span></span></strong></span></span></p>

<p style=""text-align:center"">&nbsp;</p>

<p style=""text-align:center"">&nbsp;</p>
",C and A Psychiatry Clerking Template,CLINICAL NOTE
1481,"<p style=""text-align:center""><span style=""font-size:11pt""><span style=""font-family:&quot;Calibri&quot;,&quot;sans-serif&quot;""><strong><span style=""font-size:18.0pt"">Family History</span></strong></span></span></p>

<p style=""text-align:center"">&nbsp;</p>

<p style=""text-align:center"">&nbsp;</p>

<p style=""text-align:center"">&nbsp;</p>

<p style=""text-align:center""><span style=""font-size:11pt""><span style=""font-family:&quot;Calibri&quot;,&quot;sans-serif&quot;""><strong><span style=""font-size:18.0pt"">Nutrition</span></strong></span></span></p>

<ul>
	<li><span style=""font-size:11pt""><span style=""font-family:&quot;Calibri&quot;,&quot;sans-serif&quot;""><strong><span style=""font-size:12.0pt"">Feeding Pattern: likes</span></strong></span></span></li>
</ul>

<p><span style=""font-size:11pt""><span style=""font-family:&quot;Calibri&quot;,&quot;sans-serif&quot;""><strong><span style=""font-size:12.0pt"">&nbsp;&nbsp;&nbsp;&nbsp;&nbsp;&nbsp;&nbsp;&nbsp;&nbsp;&nbsp;&nbsp;&nbsp;&nbsp;&nbsp;&nbsp;&nbsp;&nbsp;&nbsp;&nbsp;&nbsp;&nbsp;&nbsp;&nbsp;&nbsp;&nbsp;&nbsp;&nbsp;&nbsp;&nbsp;&nbsp;&nbsp;&nbsp;&nbsp;&nbsp;&nbsp;&nbsp;&nbsp;&nbsp;&nbsp; Dislikes </span></strong></span></span></p>

<ul>
	<li><span style=""font-size:11pt""><span style=""font-family:&quot;Calibri&quot;,&quot;sans-serif&quot;""><strong><span style=""font-size:12.0pt"">Any Refusal of food:</span></strong></span></span></li>
</ul>

<p>&nbsp;</p>

<p style=""text-align:center""><span style=""font-size:11pt""><span style=""font-family:&quot;Calibri&quot;,&quot;sans-serif&quot;""><strong><span style=""font-size:18.0pt"">Comments</span></strong></span></span></p>

<p style=""text-align:center"">&nbsp;</p>

<p style=""text-align:center"">&nbsp;</p>

<p style=""text-align:center"">&nbsp;</p>

<p style=""text-align:center"">&nbsp;</p>

<p><span style=""font-size:11pt""><span style=""font-family:&quot;Calibri&quot;,&quot;sans-serif&quot;""><strong><span style=""font-size:14.0pt"">Social/Marital History:</span></strong></span></span></p>

<p>&nbsp;</p>

<p>&nbsp;</p>

<p>&nbsp;</p>

<p>&nbsp;</p>

<p><span style=""font-size:11pt""><span style=""font-family:&quot;Calibri&quot;,&quot;sans-serif&quot;""><strong><span style=""font-size:14.0pt"">Forensic History:</span></strong></span></span></p>

<p>&nbsp;</p>

<p>&nbsp;</p>

<p>&nbsp;</p>

<p>&nbsp;</p>

<p><span style=""font-size:11pt""><span style=""font-family:&quot;Calibri&quot;,&quot;sans-serif&quot;""><strong><span style=""font-size:14.0pt"">Nursing Diagnosis:</span></strong></span></span></p>

<p>&nbsp;</p>

<p>&nbsp;</p>

<p>&nbsp;</p>

<p>&nbsp;</p>

<p><span style=""font-size:11pt""><span style=""font-family:&quot;Calibri&quot;,&quot;sans-serif&quot;""><strong><span style=""font-size:14.0pt"">Patient&rsquo;s Description:</span></strong></span></span></p>

<p>&nbsp;</p>

<p>&nbsp;</p>

<p>&nbsp;</p>

<p>&nbsp;</p>

<p><span style=""font-size:11pt""><span style=""font-family:&quot;Calibri&quot;,&quot;sans-serif&quot;""><strong><span style=""font-size:14.0pt"">Medication:</span></strong></span></span></p>

<p>&nbsp;</p>

<p>&nbsp;</p>

<p><span style=""font-size:11pt""><span style=""font-family:&quot;Calibri&quot;,&quot;sans-serif&quot;""><strong><span style=""font-size:14.0pt"">Investigations:</span></strong></span></span></p>

<p>&nbsp;</p>

<p>&nbsp;</p>

<p>&nbsp;</p>

<p>&nbsp;</p>

<p>&nbsp;</p>

<p>&nbsp;</p>

<p><span style=""font-size:11pt""><span style=""font-family:&quot;Calibri&quot;,&quot;sans-serif&quot;""><strong><span style=""font-size:14.0pt"">Payment/Valuables:</span></strong></span></span></p>

<p>&nbsp;</p>

<p>&nbsp;</p>

<p>&nbsp;</p>

<p>&nbsp;</p>

<p>&nbsp;</p>

<p><span style=""font-size:11pt""><span style=""font-family:&quot;Calibri&quot;,&quot;sans-serif&quot;""><strong><span style=""font-size:14.0pt"">Immediate Nursing Action:</span></strong></span></span></p>

<p>&nbsp;</p>

<p>&nbsp;</p>

<p>&nbsp;</p>

<p>&nbsp;</p>

<p>&nbsp;</p>

<p><span style=""font-size:11pt""><span style=""font-family:&quot;Calibri&quot;,&quot;sans-serif&quot;""><strong><span style=""font-size:14.0pt"">Remark:</span></strong></span></span></p>

<p>&nbsp;</p>

<p>&nbsp;</p>
",Family History,CLINICAL NOTE
1482,"<p style=""margin-left:96px; text-align:center""><span style=""font-size:16px""><span style=""font-family:&quot;Calibri&quot;,&quot;sans-serif&quot;""><strong>&nbsp; &nbsp; &nbsp; &nbsp; &nbsp; &nbsp; &nbsp; &nbsp; &nbsp; &nbsp; &nbsp; &nbsp; &nbsp; &nbsp; &nbsp; &nbsp; SLEEP CLINIC, TOTAL DIAGNOSTIC BUILDING</strong></span></span></p>

<p style=""margin-left:96px"">&nbsp;</p>

<p>&nbsp;</p>

<p><span style=""font-size:18px""><span style=""font-family:&quot;Calibri&quot;,&quot;sans-serif&quot;"">Date:</span></span></p>

<p><span style=""font-size:18px""><span style=""font-family:&quot;Calibri&quot;,&quot;sans-serif&quot;"">Hospital No:&nbsp;&nbsp;&nbsp;&nbsp;&nbsp;&nbsp;&nbsp;&nbsp;&nbsp;&nbsp; &nbsp;&nbsp;&nbsp;&nbsp;&nbsp;&nbsp;&nbsp;&nbsp;&nbsp;&nbsp;&nbsp;&nbsp;&nbsp;&nbsp;&nbsp;&nbsp;&nbsp;&nbsp;&nbsp;&nbsp;&nbsp;&nbsp;&nbsp;&nbsp;&nbsp;&nbsp;&nbsp;&nbsp;&nbsp;&nbsp;&nbsp;&nbsp;&nbsp;&nbsp;&nbsp;&nbsp;&nbsp;&nbsp;&nbsp;&nbsp;&nbsp;&nbsp;&nbsp;&nbsp;&nbsp;&nbsp;&nbsp;&nbsp;&nbsp;&nbsp;&nbsp;&nbsp;&nbsp;&nbsp;&nbsp;&nbsp;&nbsp;&nbsp;&nbsp;&nbsp;&nbsp;&nbsp;&nbsp;&nbsp;&nbsp;&nbsp;&nbsp;&nbsp;&nbsp;&nbsp;&nbsp;&nbsp;&nbsp;&nbsp;&nbsp;&nbsp;&nbsp;&nbsp;&nbsp;&nbsp; &nbsp;&nbsp;&nbsp;&nbsp;&nbsp;&nbsp;&nbsp;&nbsp;&nbsp;&nbsp;&nbsp;&nbsp;&nbsp;&nbsp;&nbsp;&nbsp;&nbsp;&nbsp;&nbsp;&nbsp;&nbsp;&nbsp;&nbsp;&nbsp;&nbsp;&nbsp;&nbsp;&nbsp;&nbsp;&nbsp;&nbsp;&nbsp;<strong>ESS:&nbsp;&nbsp;&nbsp;&nbsp;&nbsp;&nbsp;&nbsp;&nbsp;&nbsp;&nbsp;&nbsp;&nbsp;&nbsp;&nbsp;&nbsp;&nbsp;&nbsp;&nbsp;&nbsp;&nbsp; BDI:</strong></span></span></p>

<p><span style=""font-size:18px""><span style=""font-family:&quot;Calibri&quot;,&quot;sans-serif&quot;"">Phone no<strong> &nbsp;&nbsp;&nbsp;&nbsp;&nbsp;&nbsp;&nbsp;&nbsp;&nbsp;&nbsp;&nbsp;&nbsp;&nbsp;&nbsp;&nbsp;&nbsp;&nbsp;&nbsp;&nbsp;&nbsp;&nbsp;&nbsp;&nbsp;&nbsp;&nbsp;&nbsp;&nbsp;&nbsp;&nbsp;&nbsp;&nbsp;&nbsp;&nbsp;&nbsp;&nbsp;&nbsp;&nbsp;&nbsp;&nbsp;&nbsp;&nbsp;&nbsp;&nbsp;&nbsp;&nbsp;&nbsp;&nbsp;&nbsp;&nbsp;&nbsp;&nbsp;&nbsp;&nbsp;&nbsp;&nbsp;&nbsp;&nbsp;&nbsp;&nbsp;&nbsp;&nbsp;&nbsp;&nbsp; &nbsp;&nbsp;&nbsp;&nbsp;&nbsp;&nbsp;&nbsp;&nbsp;&nbsp;&nbsp;&nbsp;&nbsp;&nbsp;&nbsp;&nbsp;&nbsp;&nbsp;&nbsp;&nbsp;&nbsp;&nbsp;&nbsp;&nbsp;&nbsp;&nbsp;&nbsp;&nbsp;&nbsp;&nbsp;&nbsp;&nbsp;&nbsp;&nbsp;&nbsp;&nbsp;&nbsp;&nbsp;&nbsp;ISQ/ISI:&nbsp;&nbsp;&nbsp;&nbsp;&nbsp;&nbsp;&nbsp;&nbsp;&nbsp;&nbsp;&nbsp;&nbsp;&nbsp;&nbsp; FSS:&nbsp;&nbsp;&nbsp;&nbsp;&nbsp;&nbsp;&nbsp;&nbsp;&nbsp;&nbsp;&nbsp;&nbsp;&nbsp;&nbsp;&nbsp;&nbsp;&nbsp;&nbsp;&nbsp;&nbsp; SHI:</strong></span></span></p>

<p><span style=""font-size:18px""><span style=""font-family:&quot;Calibri&quot;,&quot;sans-serif&quot;"">Name:</span></span></p>

<p><span style=""font-size:18px""><span style=""font-family:&quot;Calibri&quot;,&quot;sans-serif&quot;"">Age:</span></span></p>

<p><span style=""font-size:18px""><span style=""font-family:&quot;Calibri&quot;,&quot;sans-serif&quot;"">Sex (M/F):</span></span></p>

<p><span style=""font-size:18px""><span style=""font-family:&quot;Calibri&quot;,&quot;sans-serif&quot;"">Occupation:&nbsp;&nbsp;&nbsp;&nbsp;&nbsp;&nbsp;&nbsp;&nbsp;&nbsp;&nbsp;&nbsp;&nbsp;&nbsp;&nbsp;&nbsp;&nbsp;&nbsp;&nbsp;&nbsp;&nbsp;&nbsp;&nbsp;&nbsp;&nbsp;&nbsp;&nbsp;&nbsp;&nbsp;&nbsp;&nbsp;&nbsp;&nbsp;&nbsp;&nbsp;&nbsp; (shift work?)</span></span></p>

<p><span style=""font-size:18px""><span style=""font-family:&quot;Calibri&quot;,&quot;sans-serif&quot;"">Religion (&amp; denomination):</span></span></p>

<p><span style=""font-size:18px""><span style=""font-family:&quot;Calibri&quot;,&quot;sans-serif&quot;"">Address:</span></span></p>

<p><span style=""font-size:18px""><span style=""font-family:&quot;Calibri&quot;,&quot;sans-serif&quot;"">Marital status:</span></span></p>

<p><span style=""font-size:18px""><span style=""font-family:&quot;Calibri&quot;,&quot;sans-serif&quot;"">Source of referral:</span></span></p>

<p><span style=""font-size:18px""><span style=""font-family:&quot;Calibri&quot;,&quot;sans-serif&quot;"">Reason for referral:</span></span></p>

<p>&nbsp;</p>

<p><span style=""font-size:18px""><span style=""font-family:&quot;Calibri&quot;,&quot;sans-serif&quot;""><strong>PRIMARY COMPLAINTS (&amp; duration)</strong>:&nbsp;&nbsp;&nbsp;&nbsp;&nbsp;&nbsp;&nbsp;&nbsp;&nbsp;&nbsp;&nbsp;&nbsp;&nbsp;&nbsp;&nbsp;&nbsp;&nbsp;&nbsp;&nbsp;&nbsp;&nbsp;&nbsp;&nbsp;&nbsp;&nbsp;&nbsp;&nbsp;&nbsp;&nbsp;&nbsp;&nbsp;&nbsp;&nbsp;&nbsp;&nbsp;&nbsp;&nbsp;&nbsp;&nbsp;&nbsp;&nbsp;&nbsp;&nbsp;&nbsp;&nbsp;&nbsp;&nbsp;&nbsp;&nbsp;&nbsp;&nbsp;&nbsp;&nbsp;&nbsp;&nbsp;&nbsp;&nbsp;&nbsp;&nbsp;&nbsp;&nbsp;&nbsp;&nbsp;&nbsp;&nbsp;&nbsp;&nbsp;&nbsp;&nbsp;&nbsp;&nbsp;&nbsp;&nbsp;&nbsp;&nbsp;&nbsp;&nbsp;&nbsp;&nbsp;&nbsp;&nbsp;&nbsp; </span></span></p>

<p>&nbsp;</p>

<p>&nbsp;</p>

<p><span style=""font-size:18px""><span style=""font-family:&quot;Calibri&quot;,&quot;sans-serif&quot;""><strong>Sleep History:</strong></span></span></p>

<p><span style=""font-size:18px""><span style=""font-family:&quot;Calibri&quot;,&quot;sans-serif&quot;"">Total Sleep Time:&nbsp;&nbsp;&nbsp;&nbsp;&nbsp;&nbsp;&nbsp;&nbsp;&nbsp;&nbsp;&nbsp;&nbsp;&nbsp;&nbsp;&nbsp;&nbsp;&nbsp;&nbsp;&nbsp;&nbsp;&nbsp;&nbsp;&nbsp;&nbsp;&nbsp;&nbsp;&nbsp;&nbsp;&nbsp;&nbsp;&nbsp;&nbsp;&nbsp;&nbsp;&nbsp;&nbsp;&nbsp;&nbsp;&nbsp;&nbsp;&nbsp;&nbsp;&nbsp;&nbsp;&nbsp;&nbsp;&nbsp;&nbsp;&nbsp;&nbsp;&nbsp;&nbsp;&nbsp;&nbsp;&nbsp;&nbsp;&nbsp;&nbsp;&nbsp;&nbsp;&nbsp;&nbsp;&nbsp;&nbsp;&nbsp;&nbsp;&nbsp;&nbsp;&nbsp;&nbsp;&nbsp;&nbsp;&nbsp;&nbsp;&nbsp;&nbsp;&nbsp;&nbsp;&nbsp;&nbsp;&nbsp;&nbsp;&nbsp;&nbsp;&nbsp;&nbsp; &nbsp;&nbsp;&nbsp;&nbsp;&nbsp;&nbsp;&nbsp;&nbsp;&nbsp;&nbsp;&nbsp;&nbsp;&nbsp;&nbsp;&nbsp;&nbsp;&nbsp;&nbsp;&nbsp;&nbsp;&nbsp;&nbsp;&nbsp;&nbsp;&nbsp;&nbsp;Number of awakenings</span></span></p>

<p><span style=""font-size:18px""><span style=""font-family:&quot;Calibri&quot;,&quot;sans-serif&quot;"">Time to bed:&nbsp;&nbsp;&nbsp;&nbsp;&nbsp;&nbsp;&nbsp;&nbsp;&nbsp;&nbsp;&nbsp;&nbsp;&nbsp;&nbsp;&nbsp;&nbsp;&nbsp;&nbsp;&nbsp;&nbsp;&nbsp;&nbsp;&nbsp;&nbsp;&nbsp;&nbsp;&nbsp;&nbsp;&nbsp;&nbsp;&nbsp;&nbsp;&nbsp;&nbsp;&nbsp;&nbsp;&nbsp;&nbsp;&nbsp;&nbsp;&nbsp;&nbsp;&nbsp;&nbsp;&nbsp;&nbsp;&nbsp;&nbsp;&nbsp;&nbsp;&nbsp;&nbsp;&nbsp;&nbsp;&nbsp;&nbsp;&nbsp;&nbsp;&nbsp;&nbsp;&nbsp;&nbsp;&nbsp;&nbsp;&nbsp;&nbsp;&nbsp;&nbsp;&nbsp;&nbsp;&nbsp;&nbsp;&nbsp;&nbsp;&nbsp;&nbsp;&nbsp;&nbsp;&nbsp;&nbsp;&nbsp;&nbsp;&nbsp; &nbsp;&nbsp;&nbsp;&nbsp;&nbsp;&nbsp;&nbsp;&nbsp;&nbsp;&nbsp;&nbsp;&nbsp;&nbsp;&nbsp;&nbsp;&nbsp;&nbsp;&nbsp;&nbsp;&nbsp;&nbsp;&nbsp;&nbsp;&nbsp;&nbsp;&nbsp;&nbsp;&nbsp;&nbsp;&nbsp;&nbsp;&nbsp;&nbsp;&nbsp;&nbsp;&nbsp;&nbsp;Why wakes?</span></span></p>

<p><span style=""font-size:18px""><span style=""font-family:&quot;Calibri&quot;,&quot;sans-serif&quot;"">Lights off time&nbsp;&nbsp;&nbsp;&nbsp;&nbsp;&nbsp;&nbsp;&nbsp;&nbsp;&nbsp;&nbsp;&nbsp;&nbsp;&nbsp;&nbsp;&nbsp;&nbsp;&nbsp;&nbsp;&nbsp;&nbsp;&nbsp;&nbsp;&nbsp;&nbsp;&nbsp;&nbsp;&nbsp;&nbsp;&nbsp;&nbsp;&nbsp;&nbsp;&nbsp;&nbsp;&nbsp;&nbsp;&nbsp;&nbsp;&nbsp;&nbsp;&nbsp;&nbsp;&nbsp;&nbsp;&nbsp;&nbsp;&nbsp;&nbsp;&nbsp;&nbsp;&nbsp;&nbsp;&nbsp;&nbsp;&nbsp;&nbsp;&nbsp;&nbsp;&nbsp;&nbsp;&nbsp;&nbsp;&nbsp;&nbsp;&nbsp;&nbsp;&nbsp;&nbsp;&nbsp;&nbsp;&nbsp;&nbsp;&nbsp;&nbsp;&nbsp;&nbsp;&nbsp;&nbsp;&nbsp;&nbsp;&nbsp;&nbsp;&nbsp;&nbsp;&nbsp;&nbsp;&nbsp;&nbsp;&nbsp;&nbsp; &nbsp;&nbsp;&nbsp;&nbsp;&nbsp;&nbsp;&nbsp;&nbsp;&nbsp;&nbsp;&nbsp;&nbsp;&nbsp;&nbsp;&nbsp;&nbsp;&nbsp;&nbsp;&nbsp;&nbsp;&nbsp;&nbsp;&nbsp;&nbsp;&nbsp;&nbsp;Nocturia</span></span></p>

<p><span style=""font-size:18px""><span style=""font-family:&quot;Calibri&quot;,&quot;sans-serif&quot;"">Time to fall asleep:&nbsp;&nbsp;&nbsp;&nbsp;&nbsp;&nbsp;&nbsp;&nbsp;&nbsp;&nbsp;&nbsp;&nbsp;&nbsp;&nbsp;&nbsp;&nbsp;&nbsp;&nbsp;&nbsp;&nbsp;&nbsp;&nbsp;&nbsp;&nbsp;&nbsp;&nbsp;&nbsp;&nbsp;&nbsp;&nbsp;&nbsp;&nbsp;&nbsp;&nbsp;&nbsp;&nbsp;&nbsp;&nbsp;&nbsp;&nbsp;&nbsp;&nbsp;&nbsp;&nbsp;&nbsp; &nbsp;&nbsp;&nbsp;&nbsp;&nbsp;&nbsp;&nbsp;&nbsp;&nbsp;&nbsp;&nbsp;&nbsp;&nbsp;&nbsp;&nbsp;&nbsp;&nbsp;&nbsp;&nbsp;&nbsp;&nbsp;&nbsp;&nbsp;&nbsp;&nbsp;&nbsp;&nbsp;&nbsp;&nbsp;&nbsp;&nbsp;&nbsp;&nbsp;&nbsp;&nbsp;&nbsp;&nbsp;&nbsp;&nbsp;&nbsp;&nbsp;&nbsp;&nbsp;&nbsp;&nbsp;&nbsp;&nbsp;&nbsp;&nbsp;&nbsp;&nbsp;&nbsp;&nbsp;&nbsp;&nbsp;&nbsp;&nbsp;&nbsp;&nbsp;&nbsp;&nbsp;&nbsp;&nbsp;&nbsp;Pain</span></span></p>

<p><span style=""font-size:18px""><span style=""font-family:&quot;Calibri&quot;,&quot;sans-serif&quot;"">Time to fall back to sleep &nbsp;&nbsp;&nbsp;&nbsp;&nbsp;&nbsp;&nbsp;&nbsp;&nbsp;&nbsp;&nbsp;&nbsp;&nbsp;&nbsp;&nbsp;&nbsp;&nbsp;&nbsp;&nbsp;&nbsp;&nbsp;&nbsp;&nbsp;&nbsp;&nbsp;&nbsp;&nbsp;&nbsp;&nbsp;&nbsp;&nbsp;&nbsp;&nbsp;&nbsp;&nbsp;&nbsp;&nbsp;&nbsp;&nbsp;&nbsp;&nbsp;&nbsp;&nbsp;&nbsp;&nbsp;&nbsp;&nbsp;&nbsp;&nbsp;&nbsp;&nbsp;&nbsp;&nbsp;&nbsp;&nbsp;&nbsp;&nbsp;&nbsp;&nbsp;&nbsp;&nbsp;&nbsp;&nbsp;&nbsp;&nbsp;&nbsp;&nbsp;&nbsp;&nbsp;&nbsp;&nbsp;&nbsp;&nbsp;&nbsp;&nbsp;&nbsp;&nbsp;&nbsp;&nbsp;&nbsp;&nbsp;&nbsp;&nbsp;&nbsp;&nbsp;&nbsp;&nbsp;&nbsp;&nbsp;&nbsp;&nbsp;&nbsp;&nbsp;&nbsp;&nbsp;&nbsp;&nbsp;&nbsp;&nbsp;Nocturnal palpitations</span></span></p>

<p><span style=""font-size:18px""><span style=""font-family:&quot;Calibri&quot;,&quot;sans-serif&quot;"">Time gets up in a.m.:&nbsp;&nbsp;&nbsp;&nbsp;&nbsp;&nbsp;&nbsp;&nbsp;&nbsp;&nbsp;&nbsp;&nbsp;&nbsp;&nbsp;&nbsp;&nbsp;&nbsp;&nbsp;&nbsp;&nbsp;&nbsp;&nbsp;&nbsp;&nbsp;&nbsp;&nbsp;&nbsp;&nbsp;&nbsp;&nbsp;&nbsp;&nbsp;&nbsp;&nbsp;&nbsp;&nbsp;&nbsp;&nbsp;&nbsp;&nbsp;&nbsp;&nbsp;&nbsp;&nbsp;&nbsp;&nbsp;&nbsp;&nbsp;&nbsp;&nbsp;&nbsp;&nbsp;&nbsp;&nbsp;&nbsp;&nbsp;&nbsp;&nbsp;&nbsp;&nbsp;&nbsp;&nbsp;&nbsp;&nbsp;&nbsp;&nbsp;&nbsp;&nbsp;&nbsp;&nbsp;&nbsp;&nbsp;&nbsp;&nbsp;&nbsp;&nbsp;&nbsp;&nbsp;&nbsp;&nbsp; &nbsp;&nbsp;&nbsp;&nbsp;&nbsp;&nbsp;&nbsp;&nbsp;&nbsp;&nbsp;&nbsp;&nbsp;&nbsp;&nbsp;&nbsp;&nbsp;&nbsp;&nbsp;&nbsp;&nbsp;&nbsp;&nbsp;&nbsp;&nbsp;&nbsp;&nbsp;Witnessed apneas</span></span></p>

<p><span style=""font-size:18px""><span style=""font-family:&quot;Calibri&quot;,&quot;sans-serif&quot;"">Do you ever act out your dreams?&nbsp;&nbsp;&nbsp;&nbsp;&nbsp;&nbsp;&nbsp;&nbsp;&nbsp;&nbsp;&nbsp;&nbsp;&nbsp;&nbsp;&nbsp;&nbsp;&nbsp;&nbsp;&nbsp;&nbsp;&nbsp;&nbsp;&nbsp;&nbsp;&nbsp;&nbsp;&nbsp;&nbsp;&nbsp;&nbsp;&nbsp;&nbsp;&nbsp;&nbsp;&nbsp;&nbsp;&nbsp;&nbsp;&nbsp;&nbsp;&nbsp;&nbsp;&nbsp;&nbsp;&nbsp;&nbsp;&nbsp;&nbsp;&nbsp;&nbsp;&nbsp;&nbsp;&nbsp;&nbsp;&nbsp;&nbsp; &nbsp;&nbsp;&nbsp;&nbsp;&nbsp;&nbsp;&nbsp;&nbsp;&nbsp;&nbsp;&nbsp;&nbsp;&nbsp;&nbsp;&nbsp;&nbsp;&nbsp;&nbsp;&nbsp;&nbsp;&nbsp;&nbsp;&nbsp;&nbsp;&nbsp;&nbsp;&nbsp;Snoring Choking/Gasping</span></span></p>

<p><span style=""font-size:18px""><span style=""font-family:&quot;Calibri&quot;,&quot;sans-serif&quot;"">Before bed activities:</span></span></p>

<p>&nbsp;</p>

<p><span style=""font-size:18px""><span style=""font-family:&quot;Calibri&quot;,&quot;sans-serif&quot;"">Feel refreshed in the am? </span></span></p>

<p><span style=""font-size:18px""><span style=""font-family:&quot;Calibri&quot;,&quot;sans-serif&quot;"">Morning Headaches?</span></span></p>

<p><span style=""font-size:18px""><span style=""font-family:&quot;Calibri&quot;,&quot;sans-serif&quot;"">Difficulty awaking from sleep?</span></span></p>

<p>&nbsp;</p>

<p><span style=""font-size:18px""><span style=""font-family:&quot;Calibri&quot;,&quot;sans-serif&quot;"">Excessive daytime sleepiness&nbsp; &nbsp; &nbsp; &nbsp; &nbsp; &nbsp; &nbsp; &nbsp; &nbsp; &nbsp; &nbsp; &nbsp; &nbsp; &nbsp; &nbsp; &nbsp; &nbsp; &nbsp; &nbsp; &nbsp; &nbsp; &nbsp; &nbsp; &nbsp; &nbsp; &nbsp; &nbsp; &nbsp; &nbsp; &nbsp; &nbsp; &nbsp; &nbsp; &nbsp; &nbsp; &nbsp; &nbsp; &nbsp; &nbsp; &nbsp; &nbsp; &nbsp; &nbsp; &nbsp;Mind racing</span></span></p>

<p><span style=""font-size:18px""><span style=""font-family:&quot;Calibri&quot;,&quot;sans-serif&quot;"">Daytime naps &nbsp;&nbsp;&nbsp;&nbsp;&nbsp;&nbsp;&nbsp;&nbsp;&nbsp;&nbsp;&nbsp;&nbsp;&nbsp;&nbsp;&nbsp;&nbsp;&nbsp;&nbsp;&nbsp;&nbsp;&nbsp;&nbsp;&nbsp;&nbsp;&nbsp;&nbsp;&nbsp;&nbsp;&nbsp;&nbsp;&nbsp;&nbsp;&nbsp;&nbsp;&nbsp;&nbsp;&nbsp;&nbsp;&nbsp;&nbsp;&nbsp;&nbsp;&nbsp;&nbsp;&nbsp;&nbsp;&nbsp;&nbsp;&nbsp;&nbsp;&nbsp;&nbsp;&nbsp;&nbsp;&nbsp;&nbsp;&nbsp;&nbsp;&nbsp;&nbsp;&nbsp;&nbsp;&nbsp;&nbsp;&nbsp;&nbsp;&nbsp;&nbsp;&nbsp;&nbsp;&nbsp;&nbsp;&nbsp;&nbsp;&nbsp;&nbsp;&nbsp;&nbsp;&nbsp;&nbsp;&nbsp;&nbsp;&nbsp;&nbsp;&nbsp;&nbsp;&nbsp;&nbsp;&nbsp;&nbsp;&nbsp;&nbsp;&nbsp;&nbsp;&nbsp;&nbsp;&nbsp;&nbsp;&nbsp;&nbsp;&nbsp;&nbsp;&nbsp;&nbsp; &nbsp;&nbsp;&nbsp;&nbsp;Nightmares</span></span></p>

<p><span style=""font-size:18px""><span style=""font-family:&quot;Calibri&quot;,&quot;sans-serif&quot;"">Unrefreshing naps &nbsp;&nbsp;&nbsp;&nbsp;&nbsp;&nbsp;&nbsp;&nbsp;&nbsp;&nbsp;&nbsp;&nbsp;&nbsp;&nbsp;&nbsp;&nbsp;&nbsp;&nbsp;&nbsp;&nbsp;&nbsp;&nbsp;&nbsp;&nbsp;&nbsp;&nbsp;&nbsp;&nbsp;&nbsp;&nbsp;&nbsp;&nbsp;&nbsp;&nbsp;&nbsp;&nbsp;&nbsp;&nbsp;&nbsp;&nbsp;&nbsp;&nbsp;&nbsp;&nbsp;&nbsp;&nbsp;&nbsp;&nbsp;&nbsp;&nbsp;&nbsp;&nbsp;&nbsp;&nbsp;&nbsp;&nbsp;&nbsp;&nbsp;&nbsp;&nbsp;&nbsp;&nbsp;&nbsp;&nbsp;&nbsp;&nbsp;&nbsp;&nbsp;&nbsp;&nbsp;&nbsp;&nbsp;&nbsp;&nbsp;&nbsp;&nbsp;&nbsp;&nbsp;&nbsp;&nbsp; &nbsp;&nbsp;&nbsp;&nbsp;&nbsp;&nbsp;&nbsp;&nbsp;&nbsp;&nbsp;&nbsp;&nbsp;&nbsp;&nbsp;&nbsp;&nbsp;&nbsp;&nbsp;&nbsp;&nbsp;&nbsp;&nbsp;Sleep paralysis</span></span></p>

<p><span style=""font-size:18px""><span style=""font-family:&quot;Calibri&quot;,&quot;sans-serif&quot;"">Dark bedroom environment&nbsp; &nbsp;&nbsp;&nbsp;&nbsp;&nbsp;&nbsp;&nbsp;&nbsp;&nbsp;&nbsp;&nbsp;&nbsp;&nbsp;&nbsp;&nbsp;&nbsp;&nbsp;&nbsp;&nbsp;&nbsp;&nbsp;&nbsp;&nbsp;&nbsp;&nbsp;&nbsp;&nbsp;&nbsp;&nbsp;&nbsp;&nbsp;&nbsp;&nbsp;&nbsp;&nbsp;&nbsp;&nbsp;&nbsp;&nbsp;&nbsp;&nbsp;&nbsp;&nbsp;&nbsp;&nbsp;&nbsp;&nbsp;&nbsp;&nbsp;&nbsp;&nbsp;&nbsp;&nbsp;&nbsp;&nbsp;&nbsp;&nbsp;&nbsp;&nbsp;&nbsp;&nbsp;&nbsp;&nbsp;&nbsp; &nbsp;&nbsp;&nbsp;&nbsp;&nbsp;&nbsp;&nbsp;&nbsp;&nbsp;&nbsp;&nbsp;&nbsp;&nbsp;&nbsp;&nbsp;&nbsp;&nbsp;&nbsp;&nbsp;&nbsp;&nbsp;&nbsp;H. Hallucinations</span></span></p>

<p><span style=""font-size:18px""><span style=""font-family:&quot;Calibri&quot;,&quot;sans-serif&quot;"">TV in bedroom&nbsp;&nbsp;&nbsp;&nbsp;&nbsp;&nbsp;&nbsp;&nbsp;&nbsp;&nbsp;&nbsp;&nbsp;&nbsp;&nbsp;&nbsp;&nbsp;&nbsp;&nbsp;&nbsp;&nbsp;&nbsp;&nbsp;&nbsp;&nbsp;&nbsp;&nbsp;&nbsp;&nbsp;&nbsp;&nbsp;&nbsp;&nbsp;&nbsp;&nbsp;&nbsp;&nbsp;&nbsp;&nbsp;&nbsp;&nbsp;&nbsp;&nbsp;&nbsp;&nbsp;&nbsp;&nbsp;&nbsp;&nbsp;&nbsp;&nbsp;&nbsp;&nbsp;&nbsp;&nbsp;&nbsp;&nbsp;&nbsp;&nbsp;&nbsp;&nbsp;&nbsp;&nbsp;&nbsp;&nbsp;&nbsp;&nbsp;&nbsp;&nbsp;&nbsp;&nbsp;&nbsp;&nbsp;&nbsp;&nbsp;&nbsp;&nbsp;&nbsp;&nbsp;&nbsp;&nbsp;&nbsp;&nbsp;&nbsp;&nbsp;&nbsp;&nbsp;&nbsp;&nbsp;&nbsp;&nbsp;&nbsp;&nbsp;&nbsp;&nbsp;&nbsp;&nbsp;&nbsp;&nbsp;&nbsp;&nbsp;&nbsp;&nbsp;&nbsp; &nbsp;&nbsp;&nbsp; Sleep Walking</span></span></p>

<p><span style=""font-size:18px""><span style=""font-family:&quot;Calibri&quot;,&quot;sans-serif&quot;"">Environmental Noise &nbsp;&nbsp;&nbsp;&nbsp;&nbsp;&nbsp;&nbsp;&nbsp;&nbsp;&nbsp;&nbsp;&nbsp;&nbsp;&nbsp;&nbsp;&nbsp;&nbsp;&nbsp;&nbsp;&nbsp;&nbsp;&nbsp;&nbsp;&nbsp;&nbsp;&nbsp;&nbsp;&nbsp;&nbsp;&nbsp;&nbsp;&nbsp;&nbsp;&nbsp;&nbsp;&nbsp;&nbsp;&nbsp;&nbsp;&nbsp;&nbsp;&nbsp;&nbsp;&nbsp;&nbsp;&nbsp;&nbsp;&nbsp;&nbsp;&nbsp;&nbsp;&nbsp;&nbsp;&nbsp;&nbsp;&nbsp;&nbsp;&nbsp;&nbsp;&nbsp;&nbsp;&nbsp;&nbsp;&nbsp;&nbsp;&nbsp;&nbsp;&nbsp;&nbsp;&nbsp;&nbsp;&nbsp;&nbsp;&nbsp;&nbsp;&nbsp;&nbsp;&nbsp;&nbsp;&nbsp;&nbsp;&nbsp;&nbsp;&nbsp;&nbsp;&nbsp;&nbsp;&nbsp;&nbsp;&nbsp;&nbsp;&nbsp; &nbsp;&nbsp;&nbsp;&nbsp;Sleep Talking</span></span></p>

<p><span style=""font-size:18px""><span style=""font-family:&quot;Calibri&quot;,&quot;sans-serif&quot;"">Restless legs &nbsp;&nbsp;&nbsp;&nbsp;&nbsp;&nbsp;&nbsp;&nbsp;&nbsp;&nbsp;&nbsp;&nbsp;&nbsp;&nbsp;&nbsp;&nbsp;&nbsp;&nbsp;&nbsp;&nbsp;&nbsp;&nbsp;&nbsp;&nbsp;&nbsp;&nbsp;&nbsp;&nbsp;&nbsp;&nbsp;&nbsp;&nbsp;&nbsp;&nbsp;&nbsp;&nbsp;&nbsp;&nbsp;&nbsp;&nbsp;&nbsp;&nbsp;&nbsp;&nbsp;&nbsp;&nbsp;&nbsp;&nbsp;&nbsp;&nbsp;&nbsp;&nbsp;&nbsp;&nbsp;&nbsp;&nbsp;&nbsp;&nbsp;&nbsp;&nbsp;&nbsp;&nbsp;&nbsp;&nbsp;&nbsp;&nbsp;&nbsp;&nbsp;&nbsp;&nbsp;&nbsp;&nbsp;&nbsp;&nbsp;&nbsp;&nbsp;&nbsp;&nbsp;&nbsp;&nbsp;&nbsp;&nbsp;&nbsp;&nbsp;&nbsp;&nbsp;&nbsp;&nbsp;&nbsp;&nbsp;&nbsp;&nbsp;&nbsp;&nbsp;&nbsp;&nbsp;&nbsp;&nbsp;&nbsp;&nbsp;&nbsp;&nbsp;&nbsp;&nbsp;&nbsp; &nbsp;&nbsp;&nbsp;&nbsp;Confusional Arousals</span></span></p>

<p><span style=""font-size:18px""><span style=""font-family:&quot;Calibri&quot;,&quot;sans-serif&quot;"">Urge to move legs</span></span></p>

<p><span style=""font-size:18px""><span style=""font-family:&quot;Calibri&quot;,&quot;sans-serif&quot;"">Teeth grinding</span></span></p>

<p><span style=""font-size:18px""><span style=""font-family:&quot;Calibri&quot;,&quot;sans-serif&quot;"">Have you ever experienced sudden muscle weakness when you laugh?</span></span></p>

<p><span style=""font-size:18px""><span style=""font-family:&quot;Calibri&quot;,&quot;sans-serif&quot;"">If yes:</span></span></p>

<p><span style=""font-size:18px""><span style=""font-family:&quot;Calibri&quot;,&quot;sans-serif&quot;"">During your episode of weakness: can you hear?&nbsp;&nbsp;&nbsp;&nbsp;&nbsp;&nbsp;&nbsp;&nbsp;&nbsp;&nbsp;&nbsp;&nbsp; &nbsp;&nbsp;&nbsp;&nbsp;&nbsp;&nbsp;&nbsp;&nbsp;&nbsp;&nbsp;&nbsp;&nbsp;&nbsp;&nbsp;&nbsp;&nbsp;&nbsp;&nbsp;&nbsp;&nbsp;&nbsp;&nbsp;&nbsp;&nbsp;&nbsp;&nbsp;&nbsp;&nbsp;&nbsp;&nbsp;&nbsp;&nbsp;&nbsp;&nbsp;&nbsp;&nbsp;&nbsp;Does your speech become slurred?</span></span></p>

<p><span style=""font-size:18px""><span style=""font-family:&quot;Calibri&quot;,&quot;sans-serif&quot;"">Is your head affected?&nbsp;&nbsp;&nbsp;&nbsp;&nbsp;&nbsp;&nbsp;&nbsp;&nbsp;&nbsp;&nbsp;&nbsp;&nbsp;&nbsp;&nbsp;&nbsp;&nbsp;&nbsp;&nbsp;&nbsp;&nbsp;&nbsp;&nbsp;&nbsp;&nbsp;&nbsp;&nbsp;&nbsp;&nbsp;&nbsp;&nbsp;&nbsp;&nbsp;&nbsp;&nbsp;&nbsp;&nbsp;&nbsp;&nbsp;&nbsp;&nbsp;&nbsp;&nbsp;&nbsp;&nbsp;&nbsp;&nbsp;&nbsp;&nbsp;&nbsp;&nbsp;&nbsp;&nbsp;&nbsp;&nbsp;&nbsp;&nbsp;&nbsp;&nbsp; &nbsp;&nbsp;&nbsp;&nbsp;&nbsp;&nbsp;&nbsp;&nbsp;&nbsp;&nbsp;&nbsp;&nbsp; &nbsp;&nbsp;&nbsp;&nbsp;&nbsp;&nbsp;&nbsp;&nbsp;&nbsp;&nbsp;&nbsp;&nbsp;&nbsp;&nbsp;&nbsp;&nbsp;&nbsp;&nbsp;Is your whole body affected?</span></span></p>

<p><span style=""font-size:18px""><span style=""font-family:&quot;Calibri&quot;,&quot;sans-serif&quot;"">Fatigue: goes to bed but does not sleep</span></span></p>

<p><span style=""font-size:18px""><span style=""font-family:&quot;Calibri&quot;,&quot;sans-serif&quot;"">&nbsp;&nbsp;&nbsp;&nbsp;&nbsp;&nbsp;&nbsp;&nbsp;&nbsp;&nbsp;&nbsp;&nbsp;&nbsp;&nbsp;&nbsp; Mood</span></span></p>

<p><span style=""font-size:18px""><span style=""font-family:&quot;Calibri&quot;,&quot;sans-serif&quot;"">&nbsp;&nbsp;&nbsp;&nbsp;&nbsp;&nbsp;&nbsp;&nbsp;&nbsp;&nbsp;&nbsp;&nbsp;&nbsp;&nbsp;&nbsp; Cognitive decline&nbsp;&nbsp;&nbsp;&nbsp;&nbsp;&nbsp;&nbsp;&nbsp;&nbsp;&nbsp;&nbsp;&nbsp;&nbsp;&nbsp;&nbsp;&nbsp;&nbsp;&nbsp;&nbsp;&nbsp;&nbsp;&nbsp;&nbsp;&nbsp;&nbsp;&nbsp;&nbsp;&nbsp;&nbsp;&nbsp;&nbsp;&nbsp;&nbsp;&nbsp;&nbsp;&nbsp;&nbsp;&nbsp;&nbsp;&nbsp;&nbsp;&nbsp;&nbsp;&nbsp;&nbsp;&nbsp;&nbsp;&nbsp;&nbsp;&nbsp;&nbsp;&nbsp;&nbsp;&nbsp;&nbsp;&nbsp;&nbsp;&nbsp;&nbsp;&nbsp;&nbsp;&nbsp;&nbsp;&nbsp;&nbsp;&nbsp;&nbsp;&nbsp;&nbsp;&nbsp;&nbsp;&nbsp;&nbsp;&nbsp;&nbsp;&nbsp;&nbsp;&nbsp;&nbsp;&nbsp;&nbsp;&nbsp;&nbsp;&nbsp;&nbsp;&nbsp;&nbsp;&nbsp;&nbsp;&nbsp;&nbsp;&nbsp;&nbsp;&nbsp;&nbsp;&nbsp;&nbsp;&nbsp;&nbsp;&nbsp;&nbsp;&nbsp;&nbsp;&nbsp;&nbsp;&nbsp;&nbsp;&nbsp;&nbsp;&nbsp;&nbsp;&nbsp;&nbsp;&nbsp;&nbsp;&nbsp;&nbsp;&nbsp;&nbsp;&nbsp;&nbsp;&nbsp;&nbsp;&nbsp;&nbsp;&nbsp;&nbsp;&nbsp;&nbsp;&nbsp;&nbsp; </span></span></p>

<p>&nbsp;</p>

<p><span style=""font-size:18px""><span style=""font-family:&quot;Calibri&quot;,&quot;sans-serif&quot;"">Medications&nbsp;&nbsp;&nbsp;&nbsp;&nbsp;&nbsp;&nbsp;&nbsp;&nbsp;&nbsp;&nbsp;&nbsp;&nbsp;&nbsp;&nbsp;&nbsp;&nbsp;&nbsp;&nbsp;&nbsp;&nbsp;&nbsp;&nbsp;&nbsp;&nbsp;&nbsp;&nbsp;&nbsp;&nbsp;&nbsp;&nbsp;&nbsp;&nbsp;&nbsp;&nbsp;&nbsp;&nbsp;&nbsp;&nbsp;&nbsp;&nbsp;&nbsp;&nbsp;&nbsp;&nbsp;&nbsp;&nbsp;&nbsp;&nbsp;&nbsp;&nbsp;&nbsp;&nbsp;&nbsp;&nbsp;&nbsp;&nbsp;&nbsp;&nbsp;&nbsp;&nbsp;&nbsp;&nbsp;&nbsp;&nbsp;&nbsp;&nbsp;&nbsp;&nbsp;&nbsp;&nbsp;&nbsp;&nbsp;&nbsp;&nbsp;&nbsp;&nbsp;&nbsp;&nbsp;&nbsp;&nbsp;&nbsp;&nbsp;&nbsp;&nbsp;&nbsp;&nbsp;&nbsp;&nbsp;&nbsp;&nbsp;&nbsp;&nbsp;&nbsp;&nbsp;&nbsp;&nbsp;&nbsp;&nbsp;&nbsp;&nbsp;&nbsp;&nbsp;&nbsp;&nbsp;&nbsp;&nbsp;&nbsp;&nbsp;&nbsp;&nbsp;&nbsp;&nbsp;&nbsp;&nbsp;&nbsp;&nbsp;&nbsp;&nbsp;&nbsp;&nbsp;&nbsp;&nbsp; &nbsp;&nbsp; Weight Change</span></span></p>

<p><span style=""font-size:18px""><span style=""font-family:&quot;Calibri&quot;,&quot;sans-serif&quot;"">Antidepressants</span></span></p>

<p><span style=""font-size:18px""><span style=""font-family:&quot;Calibri&quot;,&quot;sans-serif&quot;"">Hypnotics</span></span></p>

<p><span style=""font-size:18px""><span style=""font-family:&quot;Calibri&quot;,&quot;sans-serif&quot;"">Amphetamines&nbsp;&nbsp;&nbsp;&nbsp;&nbsp;&nbsp;&nbsp;&nbsp;&nbsp;&nbsp;&nbsp;&nbsp;&nbsp;&nbsp;&nbsp;&nbsp;&nbsp;&nbsp;&nbsp;&nbsp;&nbsp;&nbsp;&nbsp;&nbsp;&nbsp;&nbsp;&nbsp;&nbsp;&nbsp;&nbsp;&nbsp;&nbsp;&nbsp;&nbsp;&nbsp;&nbsp;&nbsp;&nbsp;&nbsp;&nbsp;&nbsp;&nbsp;&nbsp;&nbsp;&nbsp;&nbsp;&nbsp;&nbsp;&nbsp;&nbsp;&nbsp;&nbsp;&nbsp;&nbsp;&nbsp;&nbsp;&nbsp;&nbsp;&nbsp;&nbsp;&nbsp;&nbsp;&nbsp;&nbsp;&nbsp;&nbsp;&nbsp;&nbsp;&nbsp;&nbsp;&nbsp;&nbsp;&nbsp;&nbsp;&nbsp;&nbsp;&nbsp;&nbsp;&nbsp;&nbsp;&nbsp;&nbsp;&nbsp;&nbsp;&nbsp;&nbsp;&nbsp;&nbsp;&nbsp;&nbsp;&nbsp;&nbsp;&nbsp;&nbsp;&nbsp;&nbsp;&nbsp;&nbsp;&nbsp;&nbsp;&nbsp;&nbsp;&nbsp;&nbsp;&nbsp;&nbsp;&nbsp;&nbsp;&nbsp;&nbsp;&nbsp;&nbsp;&nbsp;&nbsp;&nbsp;&nbsp;&nbsp;&nbsp; &nbsp;&nbsp;&nbsp; MVA</span></span></p>

<p><span style=""font-size:18px""><span style=""font-family:&quot;Calibri&quot;,&quot;sans-serif&quot;"">Sedatives</span></span></p>

<p><span style=""font-size:18px""><span style=""font-family:&quot;Calibri&quot;,&quot;sans-serif&quot;"">If appropriate:</span></span></p>

<p><span style=""font-size:18px""><span style=""font-family:&quot;Calibri&quot;,&quot;sans-serif&quot;"">Has your libido or sexual activity changed either while you are awake or falling asleep, or during your sleep?</span></span></p>

<p><span style=""font-size:18px""><span style=""font-family:&quot;Calibri&quot;,&quot;sans-serif&quot;"">Has your bed partner observed any sexual vocalizations or sexual behaviors on your part while you are asleep? </span></span></p>

<p>&nbsp;</p>

<p><span style=""font-size:18px""><span style=""font-family:&quot;Calibri&quot;,&quot;sans-serif&quot;"">PMHx&nbsp;&nbsp;&nbsp;&nbsp;&nbsp;&nbsp;&nbsp;&nbsp;&nbsp;&nbsp;&nbsp;&nbsp;&nbsp;&nbsp;&nbsp;&nbsp;&nbsp;&nbsp;&nbsp;&nbsp;&nbsp;&nbsp;&nbsp;&nbsp;&nbsp;&nbsp;&nbsp;&nbsp;&nbsp;&nbsp;&nbsp;&nbsp;&nbsp;&nbsp;&nbsp;&nbsp;&nbsp;&nbsp;&nbsp;&nbsp;&nbsp;&nbsp;&nbsp;&nbsp;&nbsp;&nbsp;&nbsp;&nbsp;&nbsp;&nbsp;&nbsp;&nbsp;&nbsp;&nbsp;&nbsp;&nbsp;&nbsp;&nbsp;&nbsp;&nbsp;&nbsp;&nbsp;&nbsp;&nbsp;&nbsp;&nbsp;&nbsp;&nbsp;&nbsp;&nbsp;&nbsp;&nbsp;&nbsp;&nbsp;&nbsp;&nbsp;&nbsp;&nbsp;&nbsp;&nbsp;&nbsp;&nbsp;&nbsp;&nbsp;&nbsp;&nbsp;&nbsp;&nbsp;&nbsp;&nbsp;&nbsp;&nbsp;&nbsp;&nbsp;&nbsp;&nbsp;&nbsp;&nbsp;&nbsp;&nbsp;&nbsp;&nbsp;&nbsp;&nbsp;&nbsp;&nbsp;&nbsp;&nbsp;&nbsp;&nbsp;&nbsp;&nbsp;&nbsp;&nbsp;&nbsp;&nbsp;&nbsp; Medications:</span></span></p>

<p>&nbsp;</p>

<p>&nbsp;</p>

<p>&nbsp;</p>

<p><span style=""font-size:18px""><span style=""font-family:&quot;Calibri&quot;,&quot;sans-serif&quot;"">PPsychHx&nbsp;&nbsp;&nbsp;&nbsp;&nbsp;&nbsp;&nbsp;&nbsp;&nbsp;&nbsp;&nbsp;&nbsp;&nbsp;&nbsp;&nbsp;&nbsp;&nbsp;&nbsp;&nbsp;&nbsp;&nbsp;&nbsp;&nbsp;&nbsp;&nbsp;&nbsp;&nbsp;&nbsp;&nbsp;&nbsp;&nbsp;&nbsp;&nbsp;&nbsp;&nbsp;&nbsp;&nbsp;&nbsp;&nbsp;&nbsp;&nbsp;&nbsp;&nbsp;&nbsp;&nbsp;&nbsp;&nbsp;&nbsp;&nbsp;&nbsp;&nbsp;&nbsp;&nbsp;&nbsp;&nbsp;&nbsp;&nbsp;&nbsp;&nbsp;&nbsp;&nbsp;&nbsp;&nbsp;&nbsp;&nbsp;&nbsp;&nbsp;&nbsp;&nbsp;&nbsp;&nbsp;&nbsp;&nbsp;&nbsp;&nbsp;&nbsp;&nbsp;&nbsp;&nbsp;&nbsp;&nbsp;&nbsp;&nbsp;&nbsp;&nbsp;&nbsp;&nbsp;&nbsp;&nbsp;&nbsp;&nbsp;&nbsp;&nbsp;&nbsp;&nbsp;&nbsp; &nbsp;&nbsp;&nbsp;&nbsp;&nbsp;&nbsp;&nbsp;&nbsp;&nbsp;&nbsp;&nbsp;&nbsp;&nbsp;&nbsp;&nbsp;&nbsp;&nbsp;&nbsp; Medications:</span></span></p>

<p>&nbsp;</p>

<p>&nbsp;</p>

<p><span style=""font-size:18px""><span style=""font-family:&quot;Calibri&quot;,&quot;sans-serif&quot;"">Current Psych Hx:</span></span></p>

<p>&nbsp;</p>

<p><span style=""font-size:18px""><span style=""font-family:&quot;Calibri&quot;,&quot;sans-serif&quot;"">Family Hx:</span></span></p>

<p>&nbsp;</p>

<p>&nbsp;</p>

<p><span style=""font-size:18px""><span style=""font-family:&quot;Calibri&quot;,&quot;sans-serif&quot;"">Personal Hx:</span></span></p>

<p><span style=""font-size:18px""><span style=""font-family:&quot;Calibri&quot;,&quot;sans-serif&quot;"">&nbsp;&nbsp;&nbsp;&nbsp;&nbsp;&nbsp;&nbsp;&nbsp;&nbsp;&nbsp;&nbsp;&nbsp;&nbsp;&nbsp;&nbsp; Pregnancy and birth Hx:</span></span></p>

<p><span style=""font-size:18px""><span style=""font-family:&quot;Calibri&quot;,&quot;sans-serif&quot;"">&nbsp;&nbsp;&nbsp;&nbsp;&nbsp;&nbsp;&nbsp;&nbsp;&nbsp;&nbsp;&nbsp;&nbsp;&nbsp;&nbsp;&nbsp; Developmental Hx:</span></span></p>

<p><span style=""font-size:18px""><span style=""font-family:&quot;Calibri&quot;,&quot;sans-serif&quot;"">&nbsp;&nbsp;&nbsp;&nbsp;&nbsp;&nbsp;&nbsp;&nbsp;&nbsp;&nbsp;&nbsp;&nbsp;&nbsp;&nbsp;&nbsp; Educational Hx:</span></span></p>

<p>&nbsp;</p>

<p><span style=""font-size:18px""><span style=""font-family:&quot;Calibri&quot;,&quot;sans-serif&quot;"">&nbsp;&nbsp;&nbsp;&nbsp;&nbsp;&nbsp;&nbsp;&nbsp;&nbsp;&nbsp;&nbsp;&nbsp;&nbsp;&nbsp;&nbsp; </span></span></p>

<p><span style=""font-size:18px""><span style=""font-family:&quot;Calibri&quot;,&quot;sans-serif&quot;"">&nbsp;&nbsp;&nbsp;&nbsp;&nbsp;&nbsp;&nbsp;&nbsp;&nbsp;&nbsp;&nbsp;&nbsp;&nbsp;&nbsp;&nbsp; Occupational Hx:</span></span></p>

<p>&nbsp;</p>

<p><span style=""font-size:18px""><span style=""font-family:&quot;Calibri&quot;,&quot;sans-serif&quot;"">&nbsp;&nbsp;&nbsp;&nbsp;&nbsp;&nbsp;&nbsp;&nbsp;&nbsp;&nbsp;&nbsp;&nbsp;&nbsp;&nbsp;&nbsp; </span></span></p>

<p><span style=""font-size:18px""><span style=""font-family:&quot;Calibri&quot;,&quot;sans-serif&quot;"">Exercise Hx:</span></span></p>

<p><span style=""font-size:18px""><span style=""font-family:&quot;Calibri&quot;,&quot;sans-serif&quot;"">&nbsp;&nbsp;&nbsp;&nbsp;&nbsp;&nbsp;&nbsp;&nbsp;&nbsp;&nbsp;&nbsp;&nbsp;&nbsp;&nbsp;&nbsp; Psychosocial Hx:</span></span></p>

<p><span style=""font-size:18px""><span style=""font-family:&quot;Calibri&quot;,&quot;sans-serif&quot;"">&nbsp;&nbsp;&nbsp;&nbsp;&nbsp;&nbsp;&nbsp;&nbsp;&nbsp;&nbsp;&nbsp;&nbsp;&nbsp;&nbsp;&nbsp;&nbsp;&nbsp;&nbsp;&nbsp;&nbsp;&nbsp;&nbsp;&nbsp;&nbsp;&nbsp;&nbsp;&nbsp;&nbsp;&nbsp;&nbsp;&nbsp; Psychoactive substance use and time of use:</span></span></p>

<p><span style=""font-size:18px""><span style=""font-family:&quot;Calibri&quot;,&quot;sans-serif&quot;"">&nbsp;&nbsp;&nbsp;&nbsp;&nbsp;&nbsp;&nbsp;&nbsp;&nbsp;&nbsp;&nbsp;&nbsp;&nbsp;&nbsp;&nbsp;&nbsp;&nbsp;&nbsp;&nbsp;&nbsp;&nbsp;&nbsp;&nbsp;&nbsp;&nbsp;&nbsp;&nbsp;&nbsp;&nbsp;&nbsp;&nbsp; &nbsp;&nbsp;&nbsp;&nbsp;&nbsp;&nbsp;&nbsp;&nbsp;&nbsp;&nbsp;&nbsp;&nbsp;&nbsp;&nbsp; Alcohol:&nbsp;&nbsp;&nbsp;&nbsp;&nbsp;&nbsp;&nbsp;&nbsp;&nbsp;&nbsp;&nbsp;&nbsp;&nbsp;&nbsp;&nbsp;&nbsp;&nbsp;&nbsp;&nbsp;&nbsp;&nbsp;&nbsp;&nbsp;&nbsp;&nbsp;&nbsp;&nbsp;&nbsp;&nbsp;&nbsp; Caffeine:&nbsp;&nbsp;&nbsp;&nbsp;&nbsp;&nbsp;&nbsp;&nbsp;&nbsp;&nbsp;&nbsp;&nbsp;&nbsp;&nbsp;&nbsp;&nbsp;&nbsp;&nbsp;&nbsp;&nbsp;&nbsp;&nbsp;&nbsp; Tobacco:&nbsp;&nbsp;&nbsp;&nbsp;&nbsp;&nbsp;&nbsp;&nbsp;&nbsp;&nbsp;&nbsp;&nbsp; Others:&nbsp; </span></span></p>

<p><span style=""font-size:18px""><span style=""font-family:&quot;Calibri&quot;,&quot;sans-serif&quot;"">&nbsp;&nbsp;&nbsp;&nbsp;&nbsp;&nbsp;&nbsp;&nbsp;&nbsp;&nbsp;&nbsp;&nbsp;&nbsp;&nbsp;&nbsp; Psychosexual Hx:</span></span></p>

<p>&nbsp;</p>

<p><span style=""font-size:18px""><span style=""font-family:&quot;Calibri&quot;,&quot;sans-serif&quot;"">&nbsp;&nbsp;&nbsp;&nbsp;&nbsp;&nbsp;&nbsp;&nbsp;&nbsp;&nbsp;&nbsp;&nbsp;&nbsp;&nbsp;&nbsp; Forensic Hx (when relevant):</span></span></p>

<p><span style=""font-size:18px""><span style=""font-family:&quot;Calibri&quot;,&quot;sans-serif&quot;"">&nbsp;&nbsp;&nbsp;&nbsp;&nbsp;&nbsp;&nbsp;&nbsp;&nbsp;&nbsp;&nbsp;&nbsp;&nbsp;&nbsp;&nbsp; </span></span></p>

<p><span style=""font-size:18px""><span style=""font-family:&quot;Calibri&quot;,&quot;sans-serif&quot;"">Premorbid Personality:</span></span></p>

<p>&nbsp;</p>

<p>&nbsp;</p>

<p><span style=""font-size:18px""><span style=""font-family:&quot;Calibri&quot;,&quot;sans-serif&quot;"">Mental State Examination:</span></span></p>

<p>&nbsp;</p>

<p><span style=""font-size:18px""><span style=""font-family:&quot;Calibri&quot;,&quot;sans-serif&quot;"">A &amp; B:</span></span></p>

<p><span style=""font-size:18px""><span style=""font-family:&quot;Calibri&quot;,&quot;sans-serif&quot;"">Speech:&nbsp; Stream&nbsp;&nbsp;&nbsp;&nbsp;&nbsp;&nbsp;&nbsp;&nbsp;&nbsp;&nbsp;&nbsp;&nbsp; &nbsp;&nbsp;&nbsp;&nbsp;&nbsp;&nbsp;&nbsp;&nbsp;&nbsp;&nbsp;&nbsp;&nbsp;&nbsp;&nbsp;&nbsp;&nbsp;&nbsp;&nbsp;&nbsp;&nbsp;&nbsp;&nbsp;&nbsp;&nbsp;&nbsp;Coherence&nbsp;&nbsp;&nbsp;&nbsp;&nbsp;&nbsp;&nbsp;&nbsp;&nbsp;&nbsp;&nbsp;&nbsp;&nbsp;&nbsp;&nbsp;&nbsp;&nbsp;&nbsp;&nbsp;&nbsp;&nbsp;&nbsp;&nbsp;&nbsp;&nbsp;&nbsp;&nbsp;&nbsp;&nbsp;&nbsp;&nbsp;&nbsp;&nbsp;&nbsp;&nbsp;&nbsp;&nbsp;&nbsp;&nbsp;&nbsp;&nbsp;&nbsp;&nbsp;&nbsp; Relevance</span></span></p>

<p><span style=""font-size:18px""><span style=""font-family:&quot;Calibri&quot;,&quot;sans-serif&quot;"">Mood:</span></span></p>

<p><span style=""font-size:18px""><span style=""font-family:&quot;Calibri&quot;,&quot;sans-serif&quot;"">Affect:</span></span></p>

<p><span style=""font-size:18px""><span style=""font-family:&quot;Calibri&quot;,&quot;sans-serif&quot;"">Perception:</span></span></p>

<p><span style=""font-size:18px""><span style=""font-family:&quot;Calibri&quot;,&quot;sans-serif&quot;"">Thought:&nbsp;&nbsp; &nbsp;&nbsp;&nbsp;Stream:&nbsp;&nbsp;&nbsp;&nbsp;&nbsp;&nbsp;&nbsp;&nbsp;&nbsp;&nbsp;&nbsp;&nbsp;&nbsp;&nbsp;&nbsp;&nbsp;&nbsp;&nbsp;&nbsp;&nbsp;&nbsp;&nbsp;&nbsp;&nbsp;&nbsp;&nbsp;&nbsp;&nbsp;&nbsp;&nbsp;&nbsp;&nbsp;&nbsp;&nbsp;&nbsp;&nbsp;&nbsp;&nbsp;&nbsp;&nbsp;&nbsp;&nbsp;&nbsp;&nbsp;&nbsp;&nbsp;&nbsp;&nbsp;&nbsp;&nbsp;&nbsp;&nbsp;&nbsp;&nbsp;&nbsp;&nbsp;&nbsp;&nbsp;&nbsp;&nbsp;&nbsp;&nbsp;&nbsp;&nbsp;&nbsp;&nbsp;&nbsp;&nbsp;&nbsp;&nbsp;&nbsp;&nbsp; Form:&nbsp;&nbsp;&nbsp;&nbsp;&nbsp;&nbsp;&nbsp;&nbsp;&nbsp;&nbsp;&nbsp;&nbsp;&nbsp;&nbsp;&nbsp;&nbsp;&nbsp;&nbsp;&nbsp;&nbsp;&nbsp;&nbsp;&nbsp;&nbsp;&nbsp;&nbsp;&nbsp;&nbsp;&nbsp;&nbsp;&nbsp;&nbsp;&nbsp; </span></span></p>

<p><span style=""font-size:18px""><span style=""font-family:&quot;Calibri&quot;,&quot;sans-serif&quot;"">&nbsp;&nbsp;&nbsp; Content:&nbsp;&nbsp;&nbsp;&nbsp;&nbsp;&nbsp;&nbsp;&nbsp;&nbsp;&nbsp;&nbsp;&nbsp;&nbsp;&nbsp;&nbsp;&nbsp;&nbsp;&nbsp;&nbsp;&nbsp;&nbsp;&nbsp;&nbsp;&nbsp;&nbsp;&nbsp;&nbsp;&nbsp;&nbsp;&nbsp;&nbsp;&nbsp;&nbsp;&nbsp;&nbsp;&nbsp;&nbsp;&nbsp;&nbsp;&nbsp; &nbsp;&nbsp;&nbsp;&nbsp;&nbsp;&nbsp;&nbsp;&nbsp;&nbsp;&nbsp;&nbsp;&nbsp;&nbsp;&nbsp;&nbsp;&nbsp;&nbsp;&nbsp;&nbsp;&nbsp;&nbsp;&nbsp;&nbsp;&nbsp;&nbsp;&nbsp;&nbsp;&nbsp;&nbsp;&nbsp;&nbsp;Possession:</span></span></p>

<p><span style=""font-size:18px""><span style=""font-family:&quot;Calibri&quot;,&quot;sans-serif&quot;"">Orientation:</span></span></p>

<p><span style=""font-size:18px""><span style=""font-family:&quot;Calibri&quot;,&quot;sans-serif&quot;"">Attention/Concentration:</span></span></p>

<p><span style=""font-size:18px""><span style=""font-family:&quot;Calibri&quot;,&quot;sans-serif&quot;"">Memory:&nbsp;&nbsp; IR&nbsp;&nbsp;&nbsp;&nbsp;&nbsp;&nbsp;&nbsp;&nbsp;&nbsp;&nbsp;&nbsp;&nbsp;&nbsp;&nbsp;&nbsp;&nbsp;&nbsp;&nbsp;&nbsp;&nbsp;&nbsp;&nbsp;&nbsp;&nbsp;&nbsp;&nbsp;&nbsp;&nbsp;&nbsp;&nbsp;&nbsp;&nbsp;&nbsp;&nbsp;&nbsp;&nbsp;&nbsp;&nbsp;&nbsp;&nbsp;&nbsp;&nbsp;&nbsp;&nbsp;&nbsp;&nbsp;&nbsp;&nbsp;&nbsp;&nbsp; SM&nbsp;&nbsp;&nbsp;&nbsp;&nbsp;&nbsp;&nbsp;&nbsp;&nbsp;&nbsp;&nbsp;&nbsp;&nbsp;&nbsp;&nbsp;&nbsp;&nbsp;&nbsp;&nbsp;&nbsp;&nbsp;&nbsp;&nbsp;&nbsp;&nbsp;&nbsp;&nbsp;&nbsp;&nbsp;&nbsp;&nbsp;&nbsp;&nbsp;&nbsp;&nbsp;&nbsp;&nbsp;&nbsp;&nbsp;&nbsp;&nbsp; LM</span></span></p>

<p>&nbsp;</p>

<p><span style=""font-size:18px""><span style=""font-family:&quot;Calibri&quot;,&quot;sans-serif&quot;"">Intellect:&nbsp; </span></span></p>

<p>&nbsp;</p>

<p><span style=""font-size:18px""><span style=""font-family:&quot;Calibri&quot;,&quot;sans-serif&quot;"">Judgment:</span></span></p>

<p>&nbsp;</p>

<p><span style=""font-size:18px""><span style=""font-family:&quot;Calibri&quot;,&quot;sans-serif&quot;"">Insight:</span></span></p>

<p>&nbsp;</p>

<p><span style=""font-size:18px""><span style=""font-family:&quot;Calibri&quot;,&quot;sans-serif&quot;"">Physical examinat</span></span></p>
",SLEEP CLINIC clerking sheet,CLINICAL NOTE
1582,"<p><span style=""font-size:14px"">1.&nbsp;&nbsp;<strong>Informant:&nbsp;</strong></span></p>

<p><span style=""font-size:14px"">2.&nbsp;&nbsp;<strong>Onset of Illness:</strong>&nbsp;</span></p>

<p><span style=""font-size:14px"">3.&nbsp;&nbsp;<strong>Duration of relapse:&nbsp;</strong></span></p>

<p><span style=""font-size:14px"">4. <strong>Premorbid Developmental Milestone</strong></span></p>

<p><span style=""font-size:14px"">* i. Pregnancy &nbsp; &nbsp; Eventful &nbsp; &nbsp; Uneventful</span></p>

<p><span style=""font-size:14px"">Others, specify:&nbsp;</span></p>

<p><span style=""font-size:14px"">ii. Child birth/delivery:</span></p>

<p><span style=""font-size:14px"">&nbsp; &nbsp; Eventful &nbsp; &nbsp; Uneventful Others, specify:</span></p>

<p><span style=""font-size:14px"">&nbsp;iii. Infancy 0 &ndash; 1 year Neck control Crawling</span></p>

<p><span style=""font-size:14px"">&nbsp;Speaking Walking others, specify :</span></p>

<p><span style=""font-size:14px"">iv. Early Childhood ( 2 &ndash; 3 years) Climb stairs Use short sentences</span></p>

<p><span style=""font-size:14px"">&nbsp;Follow simple instructions Scribble</span></p>

<p><span style=""font-size:14px"">&nbsp;Stack block on top of another&nbsp; Others, specify :</span></p>

<p><span style=""font-size:14px"">* v. Preschool (3 &ndash; 5) Throw balls Dress up Stand on one foot</span></p>

<p><span style=""font-size:14px"">&nbsp;Draw a person Skip &nbsp; &nbsp; &nbsp; Hop Others, specify :</span></p>

<p>&nbsp;</p>

<p><span style=""font-size:14px"">* vi. School Age (6 &ndash; 12 years) Confident Independent&nbsp; Peer Relationships</span></p>

<p><span style=""font-size:14px"">&nbsp;Sexual characteristics development&nbsp; Others, specify :</span></p>

<p>&nbsp;</p>

<p><span style=""font-size:14px"">* vii. Adolescent (12 &ndash; 19) Thinks abstractly Understands consequences of actions</span></p>

<p><span style=""font-size:14px"">&nbsp;Understand principles and apply them Thinks about future</span></p>

<p><span style=""font-size:14px"">&nbsp;Peer group involvement Others, specify :</span></p>

<p>&nbsp;</p>

<p><span style=""font-size:14px"">5. <strong>Present Mental State History</strong></span></p>

<p><span style=""font-size:14px"">* i. Presenting complaint from relatives:</span></p>

<p>&nbsp;</p>

<p><span style=""font-size:14px"">* ii. Presenting complaint from patient</span></p>

<p>&nbsp;</p>

<p><span style=""font-size:14px"">&nbsp;6<strong>. Previous Treatment Received</strong></span></p>

<p><span style=""font-size:14px"">&nbsp;&nbsp; &nbsp; &nbsp; Orthodox&nbsp; &nbsp; &nbsp; &nbsp; &nbsp;Spiritual&nbsp; &nbsp; &nbsp; &nbsp; Traditional&nbsp; &nbsp; &nbsp; &nbsp; &nbsp; Others, specify :</span></p>

<p>&nbsp;</p>

<p><strong><span style=""font-size:14px"">7. Physical Examination:</span></strong></p>

<p><span style=""font-size:14px"">Inspection :</span></p>

<p><span style=""font-size:14px"">Auscultation :</span></p>

<p><span style=""font-size:14px"">Percussion :</span></p>

<p><span style=""font-size:14px"">Vital Signs:&nbsp; &nbsp; &nbsp; &nbsp; &nbsp; &nbsp; &nbsp;Temperature:&nbsp; &nbsp; &nbsp; &nbsp; &nbsp; Pulse:&nbsp; &nbsp; &nbsp; &nbsp; &nbsp; &nbsp; &nbsp; &nbsp;R:</span></p>

<p><span style=""font-size:14px"">&nbsp; &nbsp; &nbsp; &nbsp; &nbsp; &nbsp; &nbsp; &nbsp; &nbsp; &nbsp; &nbsp; &nbsp; &nbsp; &nbsp; &nbsp; &nbsp;Weight:&nbsp; &nbsp; &nbsp; &nbsp; &nbsp; &nbsp; &nbsp; &nbsp; &nbsp; Height:</span></p>

<p><span style=""font-size:14px"">8.<strong> Mental State Examination:</strong></span></p>

<p><span style=""font-size:14px"">* i.<strong> General Appearance</strong></span></p>

<p><span style=""font-size:14px"">&nbsp; &nbsp;Average height&nbsp; &nbsp; &nbsp; &nbsp; &nbsp; &nbsp; &nbsp; &nbsp;Short&nbsp; &nbsp; &nbsp; &nbsp; &nbsp; &nbsp; &nbsp; &nbsp; &nbsp; &nbsp; &nbsp; &nbsp; &nbsp; &nbsp; &nbsp; &nbsp; &nbsp; Tall</span></p>

<p><span style=""font-size:14px"">&nbsp;&nbsp; Normal weight&nbsp; &nbsp; &nbsp; &nbsp; &nbsp; &nbsp; &nbsp; &nbsp; Under weight&nbsp; &nbsp; &nbsp; &nbsp; &nbsp; &nbsp; &nbsp; &nbsp; &nbsp; &nbsp; &nbsp;Over weight</span></p>

<p><span style=""font-size:14px"">*&nbsp; No visual marks&nbsp; &nbsp; &nbsp; &nbsp; &nbsp; &nbsp; &nbsp;Tattoos</span></p>

<p><span style=""font-size:14px"">* Tribal marks&nbsp; &nbsp; &nbsp; &nbsp; &nbsp; &nbsp; &nbsp; &nbsp; &nbsp; &nbsp;Well groomed&nbsp; &nbsp; &nbsp; &nbsp; &nbsp; &nbsp; &nbsp; &nbsp; &nbsp; &nbsp; &nbsp;Poorly groomed</span></p>

<p><span style=""font-size:14px"">* Body odour&nbsp; &nbsp; &nbsp; &nbsp; &nbsp; &nbsp; &nbsp; &nbsp; &nbsp; &nbsp;Appropriately dressed&nbsp; &nbsp; &nbsp; &nbsp; &nbsp;Formally dressed</span></p>

<p><span style=""font-size:14px"">* Inappropriately dressed&nbsp; &nbsp; &nbsp; &nbsp; &nbsp;Bizzare style&nbsp; &nbsp; &nbsp; &nbsp; &nbsp; &nbsp; &nbsp; &nbsp;Casual attire</span></p>

<p><span style=""font-size:14px"">*&nbsp; Picnic.&nbsp; &nbsp; &nbsp; &nbsp; &nbsp; &nbsp; &nbsp; &nbsp; &nbsp; &nbsp; &nbsp; &nbsp; &nbsp; Acthenic&nbsp; &nbsp; &nbsp; &nbsp; &nbsp; &nbsp; &nbsp; &nbsp; &nbsp; &nbsp; &nbsp; &nbsp; &nbsp; &nbsp; &nbsp; &nbsp;Athletic</span></p>

<p>&nbsp;</p>

<p><strong><span style=""font-size:14px"">* ii. Orientation</span></strong></p>

<p><span style=""font-size:14px"">&nbsp; Time&nbsp; &nbsp; &nbsp; &nbsp; &nbsp; &nbsp; &nbsp; &nbsp; &nbsp; &nbsp; &nbsp; &nbsp; &nbsp; &nbsp; &nbsp; &nbsp; Yes&nbsp; &nbsp; &nbsp; &nbsp; &nbsp; &nbsp; &nbsp; &nbsp; &nbsp; &nbsp; &nbsp; &nbsp; &nbsp; &nbsp; &nbsp; &nbsp; &nbsp; &nbsp; &nbsp;No</span></p>

<p><span style=""font-size:14px"">&nbsp; Place.&nbsp; &nbsp; &nbsp; &nbsp; &nbsp; &nbsp; &nbsp; &nbsp; &nbsp; &nbsp; &nbsp; &nbsp; &nbsp; &nbsp; &nbsp; Yes&nbsp; &nbsp; &nbsp; &nbsp; &nbsp; &nbsp; &nbsp; &nbsp; &nbsp; &nbsp; &nbsp; &nbsp; &nbsp; &nbsp; &nbsp; &nbsp; &nbsp; &nbsp; &nbsp;No</span></p>

<p><span style=""font-size:14px"">&nbsp;Person&nbsp; &nbsp; &nbsp; &nbsp; &nbsp; &nbsp; &nbsp; &nbsp; &nbsp; &nbsp; &nbsp; &nbsp; &nbsp; &nbsp; &nbsp; Yes&nbsp; &nbsp; &nbsp; &nbsp; &nbsp; &nbsp; &nbsp; &nbsp; &nbsp; &nbsp; &nbsp; &nbsp; &nbsp; &nbsp; &nbsp; &nbsp; &nbsp; &nbsp; &nbsp;No</span></p>

<p><span style=""font-size:14px"">&nbsp;None, specify:</span></p>

<p>&nbsp;</p>

<p><span style=""font-size:14px"">* <strong>iii. Insight</strong></span></p>

<p><span style=""font-size:14px"">&nbsp;Intact&nbsp; &nbsp; &nbsp; &nbsp; &nbsp; &nbsp; &nbsp; &nbsp; &nbsp; &nbsp; &nbsp; &nbsp; &nbsp; &nbsp; &nbsp; &nbsp; &nbsp;Partial&nbsp; &nbsp; &nbsp; &nbsp; &nbsp; &nbsp; &nbsp; &nbsp; &nbsp; &nbsp; &nbsp; &nbsp; &nbsp; &nbsp; &nbsp; &nbsp; Lacking</span></p>

<p><strong><span style=""font-size:14px"">iv &nbsp; Consciousness</span></strong></p>

<p><span style=""font-size:14px"">Alert&nbsp; &nbsp; &nbsp; &nbsp; &nbsp; &nbsp; &nbsp; &nbsp; &nbsp; &nbsp; &nbsp; &nbsp; &nbsp; &nbsp; &nbsp; &nbsp; &nbsp; &nbsp;Drowsy</span></p>

<p><span style=""font-size:14px"">Semi conscious&nbsp; &nbsp; &nbsp; &nbsp; &nbsp; &nbsp; &nbsp; &nbsp; &nbsp;Unconscious</span></p>

<p>&nbsp;</p>

<p><strong><span style=""font-size:14px"">v Mood</span></strong></p>

<p><span style=""font-size:14px"">Euthymic&nbsp; &nbsp; &nbsp; &nbsp; &nbsp; &nbsp; &nbsp; &nbsp; &nbsp; &nbsp; &nbsp; &nbsp; &nbsp; Irritable&nbsp; &nbsp; &nbsp; &nbsp; &nbsp; &nbsp; &nbsp; &nbsp; &nbsp; &nbsp; &nbsp; &nbsp; &nbsp; &nbsp; &nbsp; &nbsp;Dysthymic</span></p>

<p><span style=""font-size:14px"">Cyclothymic</span></p>

<p>&nbsp;</p>

<p><strong><span style=""font-size:14px"">vi. Memory</span></strong></p>

<p><span style=""font-size:14px"">Intact&nbsp; &nbsp; &nbsp; &nbsp; &nbsp; &nbsp; &nbsp; &nbsp; &nbsp; &nbsp; &nbsp; &nbsp; &nbsp; &nbsp; &nbsp; Auterograde</span></p>

<p><span style=""font-size:14px"">Retrograde&nbsp; &nbsp; &nbsp; &nbsp; &nbsp; &nbsp; &nbsp; &nbsp; &nbsp; &nbsp; &nbsp;Amnesia</span></p>

<p>&nbsp;</p>

<p>&nbsp;</p>

<p><span style=""font-size:14px"">vii<strong> Psychomotor Activity</strong></span></p>

<p><span style=""font-size:14px"">&nbsp; Normal Gait&nbsp; &nbsp; &nbsp; &nbsp; &nbsp; &nbsp; &nbsp; &nbsp; &nbsp; &nbsp; Abnormal Gait&nbsp; &nbsp; &nbsp; &nbsp; &nbsp; &nbsp; &nbsp; &nbsp; &nbsp; &nbsp; &nbsp; &nbsp; &nbsp;Wheel Chair</span></p>

<p><span style=""font-size:14px"">&nbsp; Ambulates with cane&nbsp; &nbsp; &nbsp; Tremors&nbsp; &nbsp; &nbsp; &nbsp; &nbsp; &nbsp; &nbsp; &nbsp; &nbsp; &nbsp; &nbsp; &nbsp; &nbsp; &nbsp; &nbsp; &nbsp; &nbsp; &nbsp;Tics</span></p>

<p><span style=""font-size:14px"">&nbsp; Mannerism&nbsp; &nbsp; &nbsp; &nbsp; &nbsp; &nbsp; &nbsp; &nbsp; &nbsp; &nbsp; &nbsp;Rigidity&nbsp; &nbsp; &nbsp; &nbsp; &nbsp; &nbsp; &nbsp; &nbsp; &nbsp; &nbsp; &nbsp; &nbsp; &nbsp; &nbsp; &nbsp; &nbsp; &nbsp; &nbsp; Agitated</span></p>

<p>&nbsp;</p>

<p><span style=""font-size:14px"">viii.<strong>General Attitude</strong></span></p>

<p><span style=""font-size:14px"">*&nbsp; Cooperative&nbsp; &nbsp; &nbsp; &nbsp; &nbsp; &nbsp; &nbsp; &nbsp; &nbsp;Uncooperative&nbsp; &nbsp; &nbsp; &nbsp; &nbsp; &nbsp; &nbsp; &nbsp; &nbsp; &nbsp; &nbsp; &nbsp; &nbsp;Defensive</span></p>

<p><span style=""font-size:14px"">*&nbsp; Aggressive/hostile.&nbsp; &nbsp; &nbsp; Poor eye contact&nbsp; &nbsp; &nbsp; &nbsp; &nbsp; &nbsp; &nbsp; &nbsp; &nbsp; &nbsp; &nbsp;Good eye contact</span></p>

<p>&nbsp;</p>

<p><strong><span style=""font-size:14px"">* ix. Speech</span></strong></p>

<p><span style=""font-size:14px"">&nbsp; Appropriate&nbsp; &nbsp; &nbsp; &nbsp; &nbsp; &nbsp; &nbsp; &nbsp; &nbsp; Soft&nbsp; &nbsp; &nbsp; &nbsp; &nbsp; &nbsp; &nbsp; &nbsp; &nbsp; &nbsp; &nbsp; &nbsp; &nbsp; &nbsp; &nbsp; &nbsp; &nbsp; &nbsp; &nbsp; &nbsp; &nbsp; Mute</span></p>

<p><span style=""font-size:14px"">&nbsp; Selectively Mute&nbsp; &nbsp; &nbsp; &nbsp; &nbsp; Pressured&nbsp; &nbsp; &nbsp; &nbsp; &nbsp; &nbsp; &nbsp; &nbsp; &nbsp; &nbsp; &nbsp; &nbsp; &nbsp; &nbsp; &nbsp; &nbsp; Monotonous</span></p>

<p><span style=""font-size:14px"">*Slow.&nbsp; &nbsp; &nbsp; &nbsp; &nbsp; &nbsp; &nbsp; &nbsp; &nbsp; &nbsp; &nbsp; &nbsp; &nbsp; &nbsp; Slurred&nbsp; &nbsp; &nbsp; &nbsp; &nbsp; &nbsp; &nbsp; &nbsp; &nbsp; &nbsp; &nbsp; &nbsp; &nbsp; &nbsp; &nbsp; &nbsp; &nbsp; &nbsp; &nbsp;Stultering</span></p>

<p><span style=""font-size:14px"">&nbsp;Delayed&nbsp; &nbsp; &nbsp; &nbsp; &nbsp; &nbsp; &nbsp; &nbsp; &nbsp; &nbsp; &nbsp; &nbsp;Good articulation&nbsp; &nbsp; &nbsp; &nbsp; &nbsp; &nbsp; &nbsp; &nbsp; &nbsp; &nbsp; &nbsp; Aphasic</span></p>

<p>&nbsp;</p>

<p><strong><span style=""font-size:14px"">x. Affect</span></strong></p>

<p><span style=""font-size:14px"">Congruence with Mood&nbsp; &nbsp; &nbsp; &nbsp; &nbsp;Incongruence with mood&nbsp; &nbsp; &nbsp; &nbsp; &nbsp; &nbsp; &nbsp;flat</span></p>

<p>&nbsp;</p>

<p><strong><span style=""font-size:14px"">xi. Intelligence</span></strong></p>

<p><span style=""font-size:14px"">* Basic Calculation&nbsp; &nbsp; &nbsp; &nbsp; &nbsp; &nbsp; &nbsp; &nbsp; Basic knowledge</span></p>

<p><span style=""font-size:14px"">* None of the above</span></p>

<p>&nbsp;</p>

<p><span style=""font-size:14px"">* xii. <strong>Thought Process</strong></span></p>

<p><span style=""font-size:14px"">* (a) &nbsp; Form</span></p>

<p><span style=""font-size:14px"">&nbsp; Flight of ideas&nbsp; &nbsp; &nbsp; &nbsp; &nbsp; &nbsp; &nbsp; &nbsp; &nbsp; &nbsp; Association looseness&nbsp; &nbsp; &nbsp; &nbsp; &nbsp; &nbsp; &nbsp; &nbsp; &nbsp; &nbsp;Circumstantiality</span></p>

<p><span style=""font-size:14px"">&nbsp;&nbsp; Tangentiality&nbsp; &nbsp; &nbsp; &nbsp; &nbsp; &nbsp; &nbsp; &nbsp; &nbsp; &nbsp; &nbsp;Neologisms&nbsp; &nbsp; &nbsp; &nbsp; &nbsp; &nbsp; &nbsp; &nbsp; &nbsp; &nbsp; &nbsp; &nbsp; &nbsp; &nbsp; &nbsp; &nbsp; &nbsp; &nbsp; Concrete thinking</span></p>

<p><span style=""font-size:14px"">* Clang association&nbsp; &nbsp; &nbsp; &nbsp; &nbsp; &nbsp; &nbsp;Word Salad&nbsp; &nbsp; &nbsp; &nbsp; &nbsp; &nbsp; &nbsp; &nbsp; &nbsp; &nbsp; &nbsp; &nbsp; &nbsp; &nbsp; &nbsp; &nbsp; &nbsp; &nbsp; &nbsp;Echolalia</span></p>

<p><span style=""font-size:14px"">* Preservation.&nbsp; &nbsp; &nbsp; &nbsp; &nbsp; &nbsp; &nbsp; &nbsp; &nbsp; &nbsp; Poverty of Speech</span></p>

<p>&nbsp;</p>

<p><strong><span style=""font-size:14px"">* (b) &nbsp; Content</span></strong></p>

<p><span style=""font-size:14px"">&nbsp; Persecutory Delusion&nbsp; &nbsp; &nbsp; Grandiose Delusion&nbsp; &nbsp; &nbsp; &nbsp; &nbsp; &nbsp; &nbsp; &nbsp; &nbsp; &nbsp; &nbsp; &nbsp; Reference Delusion</span></p>

<p><span style=""font-size:14px"">&nbsp; Control Delusion&nbsp; &nbsp; &nbsp; &nbsp; &nbsp; &nbsp; &nbsp;Somatic Delusion&nbsp; &nbsp; &nbsp; &nbsp; &nbsp; &nbsp; &nbsp; &nbsp; &nbsp; &nbsp; &nbsp; &nbsp; &nbsp; &nbsp; &nbsp;Nihilistic Delusion</span></p>

<p><span style=""font-size:14px"">&nbsp;&nbsp; Paranoid Delusion&nbsp; &nbsp; &nbsp; &nbsp; &nbsp;Magical thinking&nbsp; &nbsp; &nbsp; &nbsp; &nbsp; &nbsp; &nbsp; &nbsp; &nbsp; &nbsp; &nbsp; &nbsp; &nbsp; &nbsp; &nbsp; &nbsp;Obsessions</span></p>

<p>&nbsp;</p>

<p><span style=""font-size:14px"">* (c) &nbsp; <strong>Suicidal tendency</strong></span></p>

<p><span style=""font-size:14px"">&nbsp; &nbsp; Ideation&nbsp; &nbsp; &nbsp; &nbsp; &nbsp; &nbsp; &nbsp; &nbsp; &nbsp; &nbsp; &nbsp; &nbsp; &nbsp; &nbsp; &nbsp; &nbsp; &nbsp; &nbsp; &nbsp;Attempt&nbsp; &nbsp; &nbsp; &nbsp; &nbsp; &nbsp; &nbsp; &nbsp; &nbsp; &nbsp; &nbsp; &nbsp; &nbsp; &nbsp; &nbsp; &nbsp; &nbsp;None</span></p>

<p><span style=""font-size:14px"">&nbsp; &nbsp; Others, specify:</span></p>

<p>&nbsp;</p>

<p><span style=""font-size:14px"">* (d) &nbsp;<strong> Homicidal Tendency</strong></span></p>

<p><span style=""font-size:14px"">&nbsp; &nbsp; Ideation&nbsp; &nbsp; &nbsp; &nbsp; &nbsp; &nbsp; &nbsp; &nbsp; &nbsp; &nbsp; &nbsp; &nbsp; &nbsp; &nbsp; &nbsp; &nbsp; &nbsp; &nbsp; &nbsp;Attempt&nbsp; &nbsp; &nbsp; &nbsp; &nbsp; &nbsp; &nbsp; &nbsp; &nbsp; &nbsp; &nbsp; &nbsp; &nbsp; &nbsp; &nbsp; &nbsp;Deliberate</span></p>

<p><span style=""font-size:14px"">&nbsp; &nbsp; None of the above&nbsp; &nbsp; &nbsp; &nbsp; &nbsp; &nbsp; &nbsp; &nbsp; &nbsp; &nbsp; Others, specify:</span></p>

<p>&nbsp;</p>

<p><strong><span style=""font-size:14px"">* xiii. Sensory Perception</span></strong></p>

<p><strong><span style=""font-size:14px"">&nbsp;&nbsp; Hallucinations&nbsp;</span></strong></p>

<p><span style=""font-size:14px"">&nbsp;&nbsp; Auditory&nbsp; &nbsp; &nbsp; &nbsp; &nbsp; &nbsp; &nbsp; &nbsp; &nbsp; &nbsp; &nbsp; &nbsp; &nbsp; &nbsp; &nbsp; &nbsp; &nbsp; &nbsp; Visual&nbsp; &nbsp; &nbsp; &nbsp; &nbsp; &nbsp; &nbsp; &nbsp; &nbsp; &nbsp; &nbsp; &nbsp; &nbsp; &nbsp; &nbsp; &nbsp; &nbsp; &nbsp; Tactile</span></p>

<p><span style=""font-size:14px"">&nbsp;&nbsp; Olfactory&nbsp; &nbsp; &nbsp; &nbsp; &nbsp; &nbsp; &nbsp; &nbsp; &nbsp; &nbsp; &nbsp; &nbsp; &nbsp; &nbsp; &nbsp; &nbsp; &nbsp; Gustatory</span></p>

<p>&nbsp;</p>

<p><strong><span style=""font-size:14px"">Illusions</span></strong></p>

<p><span style=""font-size:14px"">&nbsp;&nbsp; Depersonalization&nbsp; &nbsp; &nbsp; &nbsp; &nbsp; &nbsp; &nbsp; &nbsp; &nbsp; &nbsp;Derealization</span></p>

<p>&nbsp;</p>

<p><span style=""font-size:14px"">*<strong> xiv. Judgement</strong></span></p>

<p><span style=""font-size:14px"">&nbsp; Poor&nbsp; &nbsp; &nbsp; &nbsp; &nbsp; &nbsp; &nbsp; &nbsp; &nbsp; &nbsp; &nbsp; &nbsp; &nbsp; &nbsp; &nbsp; &nbsp; &nbsp; &nbsp; &nbsp; &nbsp; Fair&nbsp; &nbsp; &nbsp; &nbsp; &nbsp; &nbsp; &nbsp; &nbsp; &nbsp; &nbsp; &nbsp; &nbsp; &nbsp; &nbsp; &nbsp; &nbsp; &nbsp; &nbsp; &nbsp; &nbsp; &nbsp; &nbsp; Good</span></p>

<p>&nbsp;</p>

<p><span style=""font-size:14px""><strong>&nbsp;9. Previous Treatment</strong></span></p>

<p><span style=""font-size:14px"">&nbsp; Medical/Orthodox&nbsp; &nbsp; &nbsp; &nbsp; &nbsp; &nbsp; &nbsp; &nbsp; &nbsp; Spiritual&nbsp; &nbsp; &nbsp; &nbsp; &nbsp; &nbsp; &nbsp; &nbsp; &nbsp; &nbsp; &nbsp; &nbsp; &nbsp; &nbsp; &nbsp; &nbsp; &nbsp; &nbsp; &nbsp; Traditional</span></p>

<p><span style=""font-size:14px"">&nbsp;&nbsp; None of the above &nbsp; Others, specify:&nbsp;</span></p>

<p>&nbsp;</p>

<p><span style=""font-size:14px""><strong>10. Premorbid Personality</strong></span></p>

<p><span style=""font-size:14px"">&nbsp; Introvert&nbsp; &nbsp; &nbsp; &nbsp; &nbsp; &nbsp; &nbsp; &nbsp; &nbsp; &nbsp; &nbsp; &nbsp; &nbsp; &nbsp;Ambivert&nbsp; &nbsp; &nbsp; &nbsp; &nbsp; &nbsp; &nbsp; &nbsp; &nbsp; &nbsp; &nbsp; &nbsp; &nbsp; &nbsp; &nbsp; &nbsp; &nbsp; &nbsp; &nbsp; &nbsp; &nbsp;Extrovert</span></p>

<p>&nbsp;</p>

<p>&nbsp;</p>

<p><strong><span style=""font-size:14px"">11. Allergy</span></strong></p>

<p><span style=""font-size:14px"">&nbsp; Drug&nbsp; &nbsp; &nbsp; &nbsp; &nbsp; &nbsp; &nbsp; &nbsp; &nbsp; &nbsp; &nbsp; &nbsp; &nbsp; &nbsp; &nbsp; &nbsp;Food&nbsp; &nbsp; &nbsp; &nbsp; &nbsp; &nbsp; &nbsp; &nbsp; &nbsp; &nbsp; &nbsp; &nbsp; &nbsp; &nbsp; &nbsp; &nbsp; &nbsp; &nbsp; &nbsp; &nbsp; &nbsp; &nbsp; &nbsp; &nbsp; Animal</span></p>

<p><span style=""font-size:14px"">&nbsp;&nbsp; Inanimate&nbsp; &nbsp; &nbsp; &nbsp; &nbsp; &nbsp; &nbsp; &nbsp; &nbsp; &nbsp; &nbsp; Others, specify:&nbsp;</span></p>

<p>&nbsp;</p>

<p><strong><span style=""font-size:14px"">12. Nutrition</span></strong></p>

<p><span style=""font-size:14px"">&nbsp; Pica&nbsp; &nbsp; &nbsp; &nbsp; &nbsp; &nbsp; &nbsp; &nbsp; &nbsp; &nbsp; &nbsp; &nbsp; &nbsp; &nbsp; &nbsp; &nbsp; Refusal of food&nbsp; &nbsp; &nbsp; &nbsp; &nbsp; &nbsp; &nbsp; &nbsp; &nbsp; &nbsp; &nbsp; &nbsp; &nbsp; &nbsp; &nbsp;Anorexia Nervosa</span></p>

<p><span style=""font-size:14px"">&nbsp; Bulimia Nervosa&nbsp; &nbsp; &nbsp; &nbsp; &nbsp; &nbsp;None of the above</span></p>

<p><span style=""font-size:14px"">&nbsp; Others, specify:</span></p>

<p>&nbsp;</p>

<p><span style=""font-size:14px""><strong>13. Elimination</strong></span></p>

<p><strong><span style=""font-size:14px"">Urinary</span></strong></p>

<p><span style=""font-size:14px"">&nbsp;Oliguria&nbsp; &nbsp; &nbsp; &nbsp; &nbsp; &nbsp; &nbsp; &nbsp; &nbsp; &nbsp; &nbsp; &nbsp; &nbsp; &nbsp;Polyuria&nbsp; &nbsp; &nbsp; &nbsp; &nbsp; &nbsp; &nbsp; &nbsp; &nbsp; &nbsp; &nbsp; &nbsp; &nbsp; &nbsp; &nbsp; &nbsp; &nbsp; &nbsp; &nbsp; &nbsp;Anuria</span></p>

<p><span style=""font-size:14px"">&nbsp; Heamaturia&nbsp; &nbsp; &nbsp; &nbsp; &nbsp; &nbsp; &nbsp; &nbsp; &nbsp; &nbsp;Incontinence&nbsp; &nbsp; &nbsp; &nbsp; &nbsp; &nbsp; &nbsp; &nbsp; &nbsp; &nbsp; &nbsp; &nbsp; &nbsp; &nbsp; &nbsp; &nbsp; None of the above</span></p>

<p>&nbsp;</p>

<p><strong><span style=""font-size:14px"">Feacal</span></strong></p>

<p><span style=""font-size:14px"">&nbsp; Diarrhea&nbsp; &nbsp; &nbsp; &nbsp; &nbsp; &nbsp; &nbsp; &nbsp; &nbsp; &nbsp; &nbsp; &nbsp;Constipation</span></p>

<p><span style=""font-size:14px"">&nbsp; Incontinence&nbsp; &nbsp; &nbsp; &nbsp; &nbsp; &nbsp; &nbsp; &nbsp; &nbsp;None of the above</span></p>

<p>&nbsp;</p>

<p><strong><span style=""font-size:14px"">14.Insomnia</span></strong></p>

<p><strong><span style=""font-size:14px"">Partial</span></strong></p>

<p><span style=""font-size:14px"">&nbsp;Somnabulism&nbsp; &nbsp; &nbsp; &nbsp; &nbsp; &nbsp; &nbsp; &nbsp; &nbsp; &nbsp;Sleep talking&nbsp; &nbsp; &nbsp; &nbsp; &nbsp; &nbsp; &nbsp; &nbsp; &nbsp; &nbsp; &nbsp; &nbsp; &nbsp; &nbsp; &nbsp; &nbsp; Sleep apnea</span></p>

<p><span style=""font-size:14px"">&nbsp;None of the above</span></p>

<p><strong><span style=""font-size:14px"">Total</span></strong></p>

<p><span style=""font-size:14px"">&nbsp;Somnabulism&nbsp; &nbsp; &nbsp; &nbsp; &nbsp; &nbsp; &nbsp; &nbsp; Sleep talking&nbsp; &nbsp; &nbsp; &nbsp; &nbsp; &nbsp; &nbsp; &nbsp; &nbsp; &nbsp; &nbsp; &nbsp; &nbsp; &nbsp; &nbsp; &nbsp; &nbsp; &nbsp;Sleep apnea</span></p>

<p><span style=""font-size:14px"">None of the above</span></p>

<p>&nbsp;</p>

<p><span style=""font-size:14px""><strong>15. Mode of Communication</strong></span></p>

<p><span style=""font-size:14px"">&nbsp;English&nbsp; &nbsp; &nbsp; &nbsp; &nbsp; &nbsp; &nbsp; &nbsp; &nbsp; &nbsp; &nbsp; &nbsp; &nbsp; &nbsp;Igbo&nbsp; &nbsp; &nbsp; &nbsp; &nbsp; &nbsp; &nbsp; &nbsp; &nbsp; &nbsp; &nbsp; &nbsp; &nbsp; &nbsp; &nbsp; &nbsp; &nbsp; &nbsp; &nbsp; &nbsp; &nbsp; &nbsp; &nbsp; &nbsp; &nbsp; &nbsp; &nbsp;Yoruba</span></p>

<p><span style=""font-size:14px"">&nbsp; Hausa&nbsp; &nbsp; &nbsp; &nbsp; &nbsp; &nbsp; &nbsp; &nbsp; &nbsp; &nbsp; &nbsp; &nbsp; &nbsp; &nbsp; Others, specify :</span></p>

<p>&nbsp;</p>

<p><span style=""font-size:14px""><strong>16. Special Sense Defect</strong></span></p>

<p><span style=""font-size:14px"">&nbsp;Eye&nbsp; &nbsp; &nbsp; &nbsp; &nbsp; &nbsp; &nbsp; &nbsp; &nbsp; &nbsp; &nbsp; &nbsp; &nbsp; &nbsp; &nbsp; &nbsp; &nbsp; Nose&nbsp; &nbsp; &nbsp; &nbsp; &nbsp; &nbsp; &nbsp; &nbsp; &nbsp; &nbsp; &nbsp; &nbsp; &nbsp; &nbsp; &nbsp; &nbsp; &nbsp; &nbsp; &nbsp; &nbsp; &nbsp; &nbsp; &nbsp; &nbsp; &nbsp;Ear</span></p>

<p><span style=""font-size:14px"">&nbsp;Skin&nbsp; &nbsp; &nbsp; &nbsp; &nbsp; &nbsp; &nbsp; &nbsp; &nbsp; &nbsp; &nbsp; &nbsp; &nbsp; &nbsp; &nbsp; &nbsp; &nbsp;Tongue</span></p>

<p><span style=""font-size:14px"">&nbsp; If you tick any of the above specify :&nbsp;</span></p>

<p>&nbsp;</p>

<p><span style=""font-size:14px""><strong>17. Family History</strong></span></p>

<p><span style=""font-size:14px"">* i. History of mental illness in the family&nbsp;</span></p>

<p><span style=""font-size:14px"">&nbsp;Yes&nbsp; &nbsp; &nbsp; &nbsp; &nbsp; &nbsp; &nbsp; &nbsp; &nbsp; &nbsp; &nbsp; &nbsp; &nbsp; &nbsp; &nbsp; &nbsp; &nbsp; &nbsp; &nbsp; &nbsp; &nbsp; &nbsp; &nbsp; &nbsp; &nbsp; No</span></p>

<p><span style=""font-size:14px"">&nbsp; If yes, specify:</span></p>

<p><span style=""font-size:14px"">* ii. Family Setting</span></p>

<p><span style=""font-size:14px"">&nbsp;Monogamous&nbsp; &nbsp; &nbsp; &nbsp; &nbsp; &nbsp; &nbsp; &nbsp; &nbsp; &nbsp; &nbsp; &nbsp; &nbsp; &nbsp; &nbsp; &nbsp; &nbsp;Polygamous&nbsp; &nbsp; &nbsp; &nbsp; &nbsp; &nbsp; &nbsp; &nbsp; &nbsp; &nbsp; &nbsp; &nbsp; &nbsp; &nbsp; &nbsp; Adopted</span></p>

<p><span style=""font-size:14px"">&nbsp; If yes, specify:</span></p>

<p><span style=""font-size:14px"">* iii. Position of patient</span></p>

<p><span style=""font-size:14px"">Specify:</span></p>

<p><span style=""font-size:14px"">* iv. Relationship of patient with siblings</span></p>

<p>&nbsp;</p>

<p><span style=""font-size:14px"">&nbsp;Cordial &nbsp; Not cordial</span></p>

<p>&nbsp;</p>

<p><strong><span style=""font-size:14px"">18. Social History</span></strong></p>

<p><span style=""font-size:14px"">Psychoactive Substance Use</span></p>

<p><span style=""font-size:14px"">&nbsp;Yes&nbsp; &nbsp; &nbsp; &nbsp; &nbsp; &nbsp; &nbsp; &nbsp; &nbsp; &nbsp; &nbsp; &nbsp; &nbsp; &nbsp; &nbsp; &nbsp; &nbsp; &nbsp; &nbsp; &nbsp; &nbsp; &nbsp; No</span></p>

<p><span style=""font-size:14px"">&nbsp; If yes, specify:</span></p>

<p><span style=""font-size:14px"">Partying/Clubbing</span></p>

<p><span style=""font-size:14px"">&nbsp;Yes&nbsp; &nbsp; &nbsp; &nbsp; &nbsp; &nbsp; &nbsp; &nbsp; &nbsp; &nbsp; &nbsp; &nbsp; &nbsp; &nbsp; &nbsp; &nbsp; &nbsp; &nbsp; &nbsp; &nbsp; &nbsp; &nbsp;No</span></p>

<p>&nbsp;</p>

<p><strong><span style=""font-size:14px"">19. Marital&nbsp; History</span></strong></p>

<p><span style=""font-size:14px"">&nbsp;Married&nbsp; &nbsp; &nbsp; &nbsp; &nbsp; &nbsp; &nbsp; &nbsp; &nbsp; &nbsp; &nbsp; &nbsp; &nbsp; &nbsp; &nbsp; &nbsp; &nbsp; &nbsp; Separated&nbsp; &nbsp; &nbsp; &nbsp; &nbsp; &nbsp; &nbsp; &nbsp; &nbsp; &nbsp; &nbsp; &nbsp; &nbsp; &nbsp; &nbsp; &nbsp; &nbsp;Divorced</span></p>

<p><span style=""font-size:14px"">&nbsp; Divorced&nbsp; &nbsp; &nbsp; &nbsp; &nbsp; &nbsp; &nbsp; &nbsp; &nbsp; &nbsp; &nbsp; &nbsp; &nbsp; &nbsp; &nbsp; &nbsp; Widow&nbsp; &nbsp; &nbsp; &nbsp; &nbsp; &nbsp; &nbsp; &nbsp; &nbsp; &nbsp; &nbsp; &nbsp; &nbsp; &nbsp; &nbsp; &nbsp; &nbsp; &nbsp; &nbsp; &nbsp; Single</span></p>

<p><span style=""font-size:14px"">&nbsp; Widower</span></p>

<p>&nbsp;</p>

<p><span style=""font-size:14px""><strong>20. Education</strong></span></p>

<p><span style=""font-size:14px"">&nbsp;Primary&nbsp; &nbsp; &nbsp; &nbsp; &nbsp; &nbsp; &nbsp; &nbsp; &nbsp; &nbsp; &nbsp; &nbsp; &nbsp; &nbsp; &nbsp; &nbsp;Secondary&nbsp; &nbsp; &nbsp; &nbsp; &nbsp; &nbsp; &nbsp; &nbsp; &nbsp; &nbsp; &nbsp; &nbsp; &nbsp; &nbsp; &nbsp; &nbsp; &nbsp; &nbsp; &nbsp;Tertiary</span></p>

<p><span style=""font-size:14px"">&nbsp; None of the above</span></p>

<p><span style=""font-size:14px""><strong>&nbsp;21. Values/Belief</strong></span></p>

<p><span style=""font-size:14px"">&nbsp;Christian&nbsp; &nbsp; &nbsp; &nbsp; &nbsp; &nbsp; &nbsp; &nbsp; &nbsp; &nbsp; &nbsp; &nbsp; &nbsp; &nbsp; &nbsp;Muslim&nbsp; &nbsp; &nbsp; &nbsp; &nbsp; &nbsp; &nbsp; &nbsp; &nbsp; &nbsp; &nbsp; &nbsp; &nbsp; &nbsp; &nbsp; &nbsp; &nbsp; &nbsp; &nbsp; &nbsp; &nbsp; &nbsp;Traditional</span></p>

<p><span style=""font-size:14px"">&nbsp; Others, specify:</span></p>

<p>&nbsp;</p>

<p><strong><span style=""font-size:14px"">22. Occupation</span></strong></p>

<p><span style=""font-size:14px"">&nbsp;Employed&nbsp; &nbsp; &nbsp; &nbsp; &nbsp; &nbsp; &nbsp; &nbsp; &nbsp; &nbsp; &nbsp; &nbsp; &nbsp; Unemployed</span></p>

<p><span style=""font-size:14px"">&nbsp; If employed, specify:</span></p>

<p>&nbsp;</p>

<p><strong><span style=""font-size:14px"">23. Forensic History</span></strong></p>

<p><span style=""font-size:14px"">&nbsp;Yes&nbsp; &nbsp; &nbsp; &nbsp; &nbsp; &nbsp; &nbsp; &nbsp; &nbsp; &nbsp; &nbsp; &nbsp; &nbsp; &nbsp; &nbsp; &nbsp; &nbsp; &nbsp; &nbsp;No</span></p>

<p><span style=""font-size:14px"">&nbsp;Police&nbsp; &nbsp; &nbsp; &nbsp; &nbsp; &nbsp; &nbsp; &nbsp; &nbsp; &nbsp; &nbsp; &nbsp; &nbsp; &nbsp; &nbsp; &nbsp; &nbsp;NDLEA&nbsp; &nbsp; &nbsp; &nbsp; &nbsp; &nbsp; &nbsp; &nbsp; &nbsp; &nbsp; &nbsp; &nbsp; &nbsp; &nbsp; &nbsp; &nbsp; &nbsp; &nbsp; &nbsp; &nbsp; &nbsp; &nbsp; &nbsp;Soldier</span></p>

<p><span style=""font-size:14px"">&nbsp; If yes, specify:</span></p>

<p>&nbsp;</p>

<p><span style=""font-size:14px"">1. 24. Menstrual History</span></p>

<p><span style=""font-size:14px"">&nbsp;Not applicable&nbsp; &nbsp; &nbsp; &nbsp; &nbsp; &nbsp; &nbsp; &nbsp; &nbsp; Last Menstrual Period&nbsp; &nbsp; &nbsp; &nbsp; &nbsp; &nbsp; &nbsp; &nbsp; &nbsp; &nbsp; &nbsp; &nbsp; &nbsp;Menarche &nbsp; </span></p>

<p><span style=""font-size:14px"">&nbsp; Menopause&nbsp; &nbsp; &nbsp; &nbsp; &nbsp; &nbsp; &nbsp; &nbsp; &nbsp; &nbsp; &nbsp;Abnormal</span></p>

<p><span style=""font-size:14px"">&nbsp; Any abnormalities, specify:</span></p>

<p>&nbsp;</p>

<p><span style=""font-size:14px"">1. 25. Nursing Diagnosis:</span></p>

<p>&nbsp;</p>

<p>&nbsp;</p>

<p><span style=""font-size:14px"">1. 26. Attending Nurse</span></p>

<p><span style=""font-size:14px"">Name: &nbsp;</span></p>

<p><span style=""font-size:14px"">Rank:</span></p>

<p><span style=""font-size:14px"">Date:&nbsp;</span></p>

<p>&nbsp;</p>
",ADMISSION FORMAT FOR CHILD AND ADOLESCENT (FULL HISTORY),CLINICAL NOTE
1583,,RECORD SHEET FOR EPILEPSY - ASSESSMENT,CLINICAL NOTE
1511,"<p>&nbsp;&nbsp;&nbsp;&nbsp;&nbsp;&nbsp;&nbsp;&nbsp;&nbsp;&nbsp;&nbsp;&nbsp;&nbsp;&nbsp;&nbsp;&nbsp;&nbsp;&nbsp;&nbsp;&nbsp;&nbsp;&nbsp;&nbsp;&nbsp;&nbsp;&nbsp;&nbsp;&nbsp;&nbsp;&nbsp;&nbsp;&nbsp;&nbsp;&nbsp;&nbsp;&nbsp;&nbsp;&nbsp;&nbsp;&nbsp;&nbsp;&nbsp;&nbsp;&nbsp;&nbsp;&nbsp;&nbsp;&nbsp;&nbsp;&nbsp;&nbsp;&nbsp;&nbsp;&nbsp;&nbsp;&nbsp;&nbsp;&nbsp;&nbsp;&nbsp;&nbsp;&nbsp;&nbsp;&nbsp;&nbsp;&nbsp;&nbsp;&nbsp;&nbsp;&nbsp;&nbsp;&nbsp;&nbsp;&nbsp;&nbsp;&nbsp;&nbsp;&nbsp;&nbsp;&nbsp;&nbsp;&nbsp;&nbsp;&nbsp;<span style=""font-size:20px""><strong> Sleep Assessment</strong></span></p>

<p>&nbsp;</p>

<p><span style=""font-size:16px""><strong>Client&#39;s Name: </strong></span></p>

<p><span style=""font-size:16px""><strong>Ward: </strong></span></p>

<p>&nbsp;</p>

<table border=""1"" cellpadding=""1"" cellspacing=""1"" style=""height:512px; width:922px"">
	<tbody>
		<tr>
			<td>Date</td>
			<td>00 am</td>
			<td>1am</td>
			<td>2am</td>
			<td>3am</td>
			<td>4am</td>
			<td>5am</td>
			<td>6am</td>
			<td>7am</td>
			<td>8am</td>
			<td>9am</td>
			<td>&nbsp;</td>
			<td>10am</td>
			<td>11am</td>
			<td>12pm</td>
			<td>1pm</td>
			<td>2pm</td>
			<td>3pm</td>
			<td>4pm</td>
			<td>5pm</td>
			<td>6pm</td>
			<td>7pm</td>
			<td>8pm</td>
			<td>9pm</td>
			<td>10pm</td>
			<td>11pm</td>
		</tr>
		<tr>
			<td>&nbsp;</td>
			<td>&nbsp;</td>
			<td>&nbsp;</td>
			<td>&nbsp;</td>
			<td>&nbsp;</td>
			<td>&nbsp;</td>
			<td>&nbsp;</td>
			<td>&nbsp;</td>
			<td>&nbsp;</td>
			<td>&nbsp;</td>
			<td>&nbsp;</td>
			<td>&nbsp;</td>
			<td>&nbsp;</td>
			<td>&nbsp;</td>
			<td>&nbsp;</td>
			<td>&nbsp;</td>
			<td>&nbsp;</td>
			<td>&nbsp;</td>
			<td>&nbsp;</td>
			<td>&nbsp;</td>
			<td>&nbsp;</td>
			<td>&nbsp;</td>
			<td>&nbsp;</td>
			<td>&nbsp;</td>
			<td>&nbsp;</td>
			<td>&nbsp;</td>
		</tr>
		<tr>
			<td>&nbsp;</td>
			<td>&nbsp;</td>
			<td>&nbsp;</td>
			<td>&nbsp;</td>
			<td>&nbsp;</td>
			<td>&nbsp;</td>
			<td>&nbsp;</td>
			<td>&nbsp;</td>
			<td>&nbsp;</td>
			<td>&nbsp;</td>
			<td>&nbsp;</td>
			<td>&nbsp;</td>
			<td>&nbsp;</td>
			<td>&nbsp;</td>
			<td>&nbsp;</td>
			<td>&nbsp;</td>
			<td>&nbsp;</td>
			<td>&nbsp;</td>
			<td>&nbsp;</td>
			<td>&nbsp;</td>
			<td>&nbsp;</td>
			<td>&nbsp;</td>
			<td>&nbsp;</td>
			<td>&nbsp;</td>
			<td>&nbsp;</td>
			<td>&nbsp;</td>
		</tr>
		<tr>
			<td>&nbsp;</td>
			<td>&nbsp;</td>
			<td>&nbsp;</td>
			<td>&nbsp;</td>
			<td>&nbsp;</td>
			<td>&nbsp;</td>
			<td>&nbsp;</td>
			<td>&nbsp;</td>
			<td>&nbsp;</td>
			<td>&nbsp;</td>
			<td>&nbsp;</td>
			<td>&nbsp;</td>
			<td>&nbsp;</td>
			<td>&nbsp;</td>
			<td>&nbsp;</td>
			<td>&nbsp;</td>
			<td>&nbsp;</td>
			<td>&nbsp;</td>
			<td>&nbsp;</td>
			<td>&nbsp;</td>
			<td>&nbsp;</td>
			<td>&nbsp;</td>
			<td>&nbsp;</td>
			<td>&nbsp;</td>
			<td>&nbsp;</td>
			<td>&nbsp;</td>
		</tr>
		<tr>
			<td>&nbsp;</td>
			<td>&nbsp;</td>
			<td>&nbsp;</td>
			<td>&nbsp;</td>
			<td>&nbsp;</td>
			<td>&nbsp;</td>
			<td>&nbsp;</td>
			<td>&nbsp;</td>
			<td>&nbsp;</td>
			<td>&nbsp;</td>
			<td>&nbsp;</td>
			<td>&nbsp;</td>
			<td>&nbsp;</td>
			<td>&nbsp;</td>
			<td>&nbsp;</td>
			<td>&nbsp;</td>
			<td>&nbsp;</td>
			<td>&nbsp;</td>
			<td>&nbsp;</td>
			<td>&nbsp;</td>
			<td>&nbsp;</td>
			<td>&nbsp;</td>
			<td>&nbsp;</td>
			<td>&nbsp;</td>
			<td>&nbsp;</td>
			<td>&nbsp;</td>
		</tr>
		<tr>
			<td>&nbsp;</td>
			<td>&nbsp;</td>
			<td>&nbsp;</td>
			<td>&nbsp;</td>
			<td>&nbsp;</td>
			<td>&nbsp;</td>
			<td>&nbsp;</td>
			<td>&nbsp;</td>
			<td>&nbsp;</td>
			<td>&nbsp;</td>
			<td>&nbsp;</td>
			<td>&nbsp;</td>
			<td>&nbsp;</td>
			<td>&nbsp;</td>
			<td>&nbsp;</td>
			<td>&nbsp;</td>
			<td>&nbsp;</td>
			<td>&nbsp;</td>
			<td>&nbsp;</td>
			<td>&nbsp;</td>
			<td>&nbsp;</td>
			<td>&nbsp;</td>
			<td>&nbsp;</td>
			<td>&nbsp;</td>
			<td>&nbsp;</td>
			<td>&nbsp;</td>
		</tr>
		<tr>
			<td>&nbsp;</td>
			<td>&nbsp;</td>
			<td>&nbsp;</td>
			<td>&nbsp;</td>
			<td>&nbsp;</td>
			<td>&nbsp;</td>
			<td>&nbsp;</td>
			<td>&nbsp;</td>
			<td>&nbsp;</td>
			<td>&nbsp;</td>
			<td>&nbsp;</td>
			<td>&nbsp;</td>
			<td>&nbsp;</td>
			<td>&nbsp;</td>
			<td>&nbsp;</td>
			<td>&nbsp;</td>
			<td>&nbsp;</td>
			<td>&nbsp;</td>
			<td>&nbsp;</td>
			<td>&nbsp;</td>
			<td>&nbsp;</td>
			<td>&nbsp;</td>
			<td>&nbsp;</td>
			<td>&nbsp;</td>
			<td>&nbsp;</td>
			<td>&nbsp;</td>
		</tr>
		<tr>
			<td>&nbsp;</td>
			<td>&nbsp;</td>
			<td>&nbsp;</td>
			<td>&nbsp;</td>
			<td>&nbsp;</td>
			<td>&nbsp;</td>
			<td>&nbsp;</td>
			<td>&nbsp;</td>
			<td>&nbsp;</td>
			<td>&nbsp;</td>
			<td>&nbsp;</td>
			<td>&nbsp;</td>
			<td>&nbsp;</td>
			<td>&nbsp;</td>
			<td>&nbsp;</td>
			<td>&nbsp;</td>
			<td>&nbsp;</td>
			<td>&nbsp;</td>
			<td>&nbsp;</td>
			<td>&nbsp;</td>
			<td>&nbsp;</td>
			<td>&nbsp;</td>
			<td>&nbsp;</td>
			<td>&nbsp;</td>
			<td>&nbsp;</td>
			<td>&nbsp;</td>
		</tr>
		<tr>
			<td>&nbsp;</td>
			<td>&nbsp;</td>
			<td>&nbsp;</td>
			<td>&nbsp;</td>
			<td>&nbsp;</td>
			<td>&nbsp;</td>
			<td>&nbsp;</td>
			<td>&nbsp;</td>
			<td>&nbsp;</td>
			<td>&nbsp;</td>
			<td>&nbsp;</td>
			<td>&nbsp;</td>
			<td>&nbsp;</td>
			<td>&nbsp;</td>
			<td>&nbsp;</td>
			<td>&nbsp;</td>
			<td>&nbsp;</td>
			<td>&nbsp;</td>
			<td>&nbsp;</td>
			<td>&nbsp;</td>
			<td>&nbsp;</td>
			<td>&nbsp;</td>
			<td>&nbsp;</td>
			<td>&nbsp;</td>
			<td>&nbsp;</td>
			<td>&nbsp;</td>
		</tr>
		<tr>
			<td>&nbsp;</td>
			<td>&nbsp;</td>
			<td>&nbsp;</td>
			<td>&nbsp;</td>
			<td>&nbsp;</td>
			<td>&nbsp;</td>
			<td>&nbsp;</td>
			<td>&nbsp;</td>
			<td>&nbsp;</td>
			<td>&nbsp;</td>
			<td>&nbsp;</td>
			<td>&nbsp;</td>
			<td>&nbsp;</td>
			<td>&nbsp;</td>
			<td>&nbsp;</td>
			<td>&nbsp;</td>
			<td>&nbsp;</td>
			<td>&nbsp;</td>
			<td>&nbsp;</td>
			<td>&nbsp;</td>
			<td>&nbsp;</td>
			<td>&nbsp;</td>
			<td>&nbsp;</td>
			<td>&nbsp;</td>
			<td>&nbsp;</td>
			<td>&nbsp;</td>
		</tr>
		<tr>
			<td>&nbsp;</td>
			<td>&nbsp;</td>
			<td>&nbsp;</td>
			<td>&nbsp;</td>
			<td>&nbsp;</td>
			<td>&nbsp;</td>
			<td>&nbsp;</td>
			<td>&nbsp;</td>
			<td>&nbsp;</td>
			<td>&nbsp;</td>
			<td>&nbsp;</td>
			<td>&nbsp;</td>
			<td>&nbsp;</td>
			<td>&nbsp;</td>
			<td>&nbsp;</td>
			<td>&nbsp;</td>
			<td>&nbsp;</td>
			<td>&nbsp;</td>
			<td>&nbsp;</td>
			<td>&nbsp;</td>
			<td>&nbsp;</td>
			<td>&nbsp;</td>
			<td>&nbsp;</td>
			<td>&nbsp;</td>
			<td>&nbsp;</td>
			<td>&nbsp;</td>
		</tr>
		<tr>
			<td>&nbsp;</td>
			<td>&nbsp;</td>
			<td>&nbsp;</td>
			<td>&nbsp;</td>
			<td>&nbsp;</td>
			<td>&nbsp;</td>
			<td>&nbsp;</td>
			<td>&nbsp;</td>
			<td>&nbsp;</td>
			<td>&nbsp;</td>
			<td>&nbsp;</td>
			<td>&nbsp;</td>
			<td>&nbsp;</td>
			<td>&nbsp;</td>
			<td>&nbsp;</td>
			<td>&nbsp;</td>
			<td>&nbsp;</td>
			<td>&nbsp;</td>
			<td>&nbsp;</td>
			<td>&nbsp;</td>
			<td>&nbsp;</td>
			<td>&nbsp;</td>
			<td>&nbsp;</td>
			<td>&nbsp;</td>
			<td>&nbsp;</td>
			<td>&nbsp;</td>
		</tr>
		<tr>
			<td>&nbsp;</td>
			<td>&nbsp;</td>
			<td>&nbsp;</td>
			<td>&nbsp;</td>
			<td>&nbsp;</td>
			<td>&nbsp;</td>
			<td>&nbsp;</td>
			<td>&nbsp;</td>
			<td>&nbsp;</td>
			<td>&nbsp;</td>
			<td>&nbsp;</td>
			<td>&nbsp;</td>
			<td>&nbsp;</td>
			<td>&nbsp;</td>
			<td>&nbsp;</td>
			<td>&nbsp;</td>
			<td>&nbsp;</td>
			<td>&nbsp;</td>
			<td>&nbsp;</td>
			<td>&nbsp;</td>
			<td>&nbsp;</td>
			<td>&nbsp;</td>
			<td>&nbsp;</td>
			<td>&nbsp;</td>
			<td>&nbsp;</td>
			<td>&nbsp;</td>
		</tr>
		<tr>
			<td>&nbsp;</td>
			<td>&nbsp;</td>
			<td>&nbsp;</td>
			<td>&nbsp;</td>
			<td>&nbsp;</td>
			<td>&nbsp;</td>
			<td>&nbsp;</td>
			<td>&nbsp;</td>
			<td>&nbsp;</td>
			<td>&nbsp;</td>
			<td>&nbsp;</td>
			<td>&nbsp;</td>
			<td>&nbsp;</td>
			<td>&nbsp;</td>
			<td>&nbsp;</td>
			<td>&nbsp;</td>
			<td>&nbsp;</td>
			<td>&nbsp;</td>
			<td>&nbsp;</td>
			<td>&nbsp;</td>
			<td>&nbsp;</td>
			<td>&nbsp;</td>
			<td>&nbsp;</td>
			<td>&nbsp;</td>
			<td>&nbsp;</td>
			<td>&nbsp;</td>
		</tr>
		<tr>
			<td>&nbsp;</td>
			<td>&nbsp;</td>
			<td>&nbsp;</td>
			<td>&nbsp;</td>
			<td>&nbsp;</td>
			<td>&nbsp;</td>
			<td>&nbsp;</td>
			<td>&nbsp;</td>
			<td>&nbsp;</td>
			<td>&nbsp;</td>
			<td>&nbsp;</td>
			<td>&nbsp;</td>
			<td>&nbsp;</td>
			<td>&nbsp;</td>
			<td>&nbsp;</td>
			<td>&nbsp;</td>
			<td>&nbsp;</td>
			<td>&nbsp;</td>
			<td>&nbsp;</td>
			<td>&nbsp;</td>
			<td>&nbsp;</td>
			<td>&nbsp;</td>
			<td>&nbsp;</td>
			<td>&nbsp;</td>
			<td>&nbsp;</td>
			<td>&nbsp;</td>
		</tr>
		<tr>
			<td>&nbsp;</td>
			<td>&nbsp;</td>
			<td>&nbsp;</td>
			<td>&nbsp;</td>
			<td>&nbsp;</td>
			<td>&nbsp;</td>
			<td>&nbsp;</td>
			<td>&nbsp;</td>
			<td>&nbsp;</td>
			<td>&nbsp;</td>
			<td>&nbsp;</td>
			<td>&nbsp;</td>
			<td>&nbsp;</td>
			<td>&nbsp;</td>
			<td>&nbsp;</td>
			<td>&nbsp;</td>
			<td>&nbsp;</td>
			<td>&nbsp;</td>
			<td>&nbsp;</td>
			<td>&nbsp;</td>
			<td>&nbsp;</td>
			<td>&nbsp;</td>
			<td>&nbsp;</td>
			<td>&nbsp;</td>
			<td>&nbsp;</td>
			<td>&nbsp;</td>
		</tr>
		<tr>
			<td>&nbsp;</td>
			<td>&nbsp;</td>
			<td>&nbsp;</td>
			<td>&nbsp;</td>
			<td>&nbsp;</td>
			<td>&nbsp;</td>
			<td>&nbsp;</td>
			<td>&nbsp;</td>
			<td>&nbsp;</td>
			<td>&nbsp;</td>
			<td>&nbsp;</td>
			<td>&nbsp;</td>
			<td>&nbsp;</td>
			<td>&nbsp;</td>
			<td>&nbsp;</td>
			<td>&nbsp;</td>
			<td>&nbsp;</td>
			<td>&nbsp;</td>
			<td>&nbsp;</td>
			<td>&nbsp;</td>
			<td>&nbsp;</td>
			<td>&nbsp;</td>
			<td>&nbsp;</td>
			<td>&nbsp;</td>
			<td>&nbsp;</td>
			<td>&nbsp;</td>
		</tr>
		<tr>
			<td>&nbsp;</td>
			<td>&nbsp;</td>
			<td>&nbsp;</td>
			<td>&nbsp;</td>
			<td>&nbsp;</td>
			<td>&nbsp;</td>
			<td>&nbsp;</td>
			<td>&nbsp;</td>
			<td>&nbsp;</td>
			<td>&nbsp;</td>
			<td>&nbsp;</td>
			<td>&nbsp;</td>
			<td>&nbsp;</td>
			<td>&nbsp;</td>
			<td>&nbsp;</td>
			<td>&nbsp;</td>
			<td>&nbsp;</td>
			<td>&nbsp;</td>
			<td>&nbsp;</td>
			<td>&nbsp;</td>
			<td>&nbsp;</td>
			<td>&nbsp;</td>
			<td>&nbsp;</td>
			<td>&nbsp;</td>
			<td>&nbsp;</td>
			<td>&nbsp;</td>
		</tr>
	</tbody>
</table>

<p>&nbsp;</p>
",NUR- Sleep Pattern Chart,CLINICAL NOTE
1584,"<p>DESCRIPTION OF SYMPTOMS:</p>

<p>&nbsp;</p>

<p>&nbsp;</p>

<p style=""text-align:center"">A&nbsp; &nbsp; &nbsp; &nbsp; &nbsp; &nbsp; &nbsp; &nbsp; &nbsp; &nbsp; Persistent anxiety, worry or nervousness. Yes/No</p>

<p style=""text-align:center"">&nbsp; &nbsp; &nbsp; &nbsp; &nbsp; &nbsp; &nbsp; &nbsp; &nbsp; &nbsp; &nbsp; Medically unexplained bodily Symptoms.&nbsp; Yes/No</p>

<p>&nbsp; &nbsp; &nbsp; &nbsp; &nbsp; &nbsp; &nbsp; &nbsp; &nbsp;</p>

<p>&nbsp; &nbsp; &nbsp; &nbsp; &nbsp; &nbsp; &nbsp; &nbsp; &nbsp; &nbsp; &nbsp; &nbsp; &nbsp; &nbsp; &nbsp; &nbsp; &nbsp; &nbsp; &nbsp; &nbsp; &nbsp; &nbsp; &nbsp; &nbsp; &nbsp; &nbsp; &nbsp; &nbsp; &nbsp; &nbsp; &nbsp; &nbsp; &nbsp; &nbsp; &nbsp; &nbsp; &nbsp; &nbsp; &nbsp; &nbsp; &nbsp;B.&nbsp; &nbsp; &nbsp; &nbsp; &nbsp; &nbsp; &nbsp; &nbsp; &nbsp; &nbsp; Recent Extreme stressors.&nbsp; &nbsp;Yes/No</p>

<p>&nbsp; &nbsp; &nbsp; &nbsp; &nbsp; &nbsp; &nbsp; &nbsp;</p>

<p>&nbsp; &nbsp; &nbsp; &nbsp; &nbsp; &nbsp; &nbsp; &nbsp; &nbsp; &nbsp; &nbsp; &nbsp; &nbsp; &nbsp; &nbsp; &nbsp; &nbsp; &nbsp; &nbsp; &nbsp; &nbsp; &nbsp; &nbsp; &nbsp; &nbsp; &nbsp; &nbsp; &nbsp; &nbsp; &nbsp; &nbsp; &nbsp; &nbsp; &nbsp; &nbsp; &nbsp; &nbsp; &nbsp; &nbsp; &nbsp; &nbsp;C.&nbsp; &nbsp; &nbsp; &nbsp; &nbsp; &nbsp; &nbsp; &nbsp; &nbsp; &nbsp; thoughts or plans of suicide/self-harm in last month.&nbsp; Yes/No</p>

<p>&nbsp; &nbsp; &nbsp; &nbsp; &nbsp; &nbsp; &nbsp; &nbsp; &nbsp; &nbsp; &nbsp; &nbsp; &nbsp; &nbsp; &nbsp; &nbsp; &nbsp; &nbsp; &nbsp; &nbsp; &nbsp; &nbsp; &nbsp; &nbsp; &nbsp; &nbsp; &nbsp; &nbsp; &nbsp; &nbsp; &nbsp; &nbsp; &nbsp; &nbsp; &nbsp; &nbsp; &nbsp; &nbsp; &nbsp; &nbsp; &nbsp; &nbsp; &nbsp; &nbsp; &nbsp; &nbsp; &nbsp; &nbsp; &nbsp; &nbsp; &nbsp; &nbsp; &nbsp;Act of Self-harm during the last year.&nbsp; Yes/No</p>

<p>&nbsp; &nbsp; &nbsp; &nbsp; &nbsp; &nbsp; &nbsp; &nbsp; &nbsp; &nbsp; &nbsp; &nbsp; &nbsp; &nbsp; &nbsp; &nbsp; &nbsp; &nbsp; &nbsp; &nbsp; &nbsp; &nbsp; &nbsp; &nbsp; &nbsp; &nbsp; &nbsp; &nbsp; &nbsp; &nbsp; &nbsp; &nbsp; &nbsp; &nbsp; &nbsp; &nbsp; &nbsp; &nbsp;</p>

<p>&nbsp; &nbsp; &nbsp; &nbsp; &nbsp; &nbsp; &nbsp; &nbsp; &nbsp; &nbsp; &nbsp; &nbsp; &nbsp; &nbsp; &nbsp; &nbsp; &nbsp; &nbsp; &nbsp; &nbsp; &nbsp; &nbsp; &nbsp; &nbsp; &nbsp; &nbsp; &nbsp; &nbsp; &nbsp; &nbsp; &nbsp; &nbsp; &nbsp; &nbsp; &nbsp; &nbsp; &nbsp; &nbsp; &nbsp; &nbsp; &nbsp; &nbsp; &nbsp; &nbsp; &nbsp; &nbsp; &nbsp; &nbsp; &nbsp; &nbsp; &nbsp; &nbsp; &nbsp; &nbsp; &nbsp; &nbsp; &nbsp; &nbsp; &nbsp; &nbsp; &nbsp; &nbsp; &nbsp; &nbsp; &nbsp; &nbsp; &nbsp; Global Rating.......</p>

<p>&nbsp;</p>

<p>DURATION OF CURRENT EPISODE:</p>

<p>&nbsp;</p>

<p>IMPACT ON DAILY LIFE AND RELATIONSHIP:</p>

<p>&nbsp;</p>

<p>CAUSATIVE FACTORS:</p>

<p>&nbsp;</p>

<p>PATIENTS UNDERSTANDING OF PROBLEMS:</p>

<p>&nbsp;</p>

<p>PATIENTS EXPECTATIONS OF TREATMENT:</p>

<p>&nbsp;</p>

<p>INTERVENTIONS:&nbsp; &nbsp; &nbsp; &nbsp; &nbsp; &nbsp; &nbsp; &nbsp; &nbsp; &nbsp; &nbsp; &nbsp; &nbsp; &nbsp; &nbsp; &nbsp; &nbsp; &nbsp; &nbsp; &nbsp; &nbsp; &nbsp; &nbsp; &nbsp; &nbsp; &nbsp; &nbsp;A.&nbsp; &nbsp; &nbsp; &nbsp; &nbsp; &nbsp; &nbsp; &nbsp; &nbsp;B&nbsp; &nbsp; &nbsp; &nbsp; &nbsp; &nbsp; &nbsp; &nbsp; C.&nbsp; &nbsp; &nbsp; &nbsp; &nbsp; &nbsp; &nbsp; &nbsp; &nbsp; &nbsp; &nbsp; &nbsp; &nbsp; &nbsp;comments (e.g. date, incomplete, drug, dose)</p>

<p>Psychological First-aid.&nbsp; &nbsp; &nbsp; &nbsp; &nbsp; &nbsp; &nbsp; &nbsp; &nbsp; &nbsp; &nbsp; &nbsp; &nbsp; &nbsp; &nbsp; &nbsp; &nbsp; &nbsp; &nbsp; &nbsp; &nbsp; &nbsp; &nbsp; &nbsp; &nbsp; &nbsp; &nbsp; &nbsp; &nbsp; &nbsp; &nbsp; &nbsp; &nbsp;Y/N.&nbsp; &nbsp; &nbsp; &nbsp; &nbsp; Y/N.&nbsp; &nbsp; &nbsp; &nbsp; &nbsp; &nbsp;&nbsp;</p>

<p>Avoid unnecessary tests.&nbsp; &nbsp; &nbsp; &nbsp; &nbsp; &nbsp; &nbsp; &nbsp; &nbsp; &nbsp; &nbsp; &nbsp; &nbsp; &nbsp; &nbsp; &nbsp; &nbsp; &nbsp; &nbsp; &nbsp; &nbsp;Y/N&nbsp; &nbsp; &nbsp; &nbsp; &nbsp; &nbsp; &nbsp; &nbsp;Y/N.&nbsp; &nbsp; &nbsp; &nbsp; &nbsp; Y/N</p>

<p>Acknowledge Symptoms&nbsp; &nbsp; &nbsp; &nbsp; &nbsp; &nbsp; &nbsp; &nbsp; &nbsp; &nbsp; &nbsp; &nbsp; &nbsp; &nbsp; &nbsp; &nbsp; &nbsp; &nbsp; &nbsp; &nbsp; &nbsp;&nbsp;Y/N&nbsp; &nbsp; &nbsp; &nbsp; &nbsp; &nbsp; &nbsp; &nbsp;Y/N.&nbsp; &nbsp; &nbsp; &nbsp; &nbsp; Y/N</p>

<p>Communicate test results.&nbsp; &nbsp; &nbsp; &nbsp; &nbsp; &nbsp; &nbsp; &nbsp; &nbsp; &nbsp; &nbsp; &nbsp; &nbsp; &nbsp; &nbsp; &nbsp; &nbsp; &nbsp; &nbsp; &nbsp; Y/N&nbsp; &nbsp; &nbsp; &nbsp; &nbsp; &nbsp; &nbsp; &nbsp;Y/N.&nbsp; &nbsp; &nbsp; &nbsp; &nbsp; Y/N</p>

<p>Patient&#39;s explanation of somatic symptoms.&nbsp; &nbsp; &nbsp; &nbsp; &nbsp; &nbsp; &nbsp;Y/N&nbsp; &nbsp; &nbsp; &nbsp; &nbsp; &nbsp; &nbsp; &nbsp;Y/N.&nbsp; &nbsp; &nbsp; &nbsp; &nbsp; Y/N</p>

<p>Psycho-education.&nbsp; &nbsp; &nbsp; &nbsp; &nbsp; &nbsp; &nbsp; &nbsp; &nbsp; &nbsp; &nbsp; &nbsp; &nbsp; &nbsp; &nbsp; &nbsp; &nbsp; &nbsp; &nbsp; &nbsp; &nbsp; &nbsp; &nbsp; &nbsp; &nbsp; &nbsp;&nbsp;Y/N&nbsp; &nbsp; &nbsp; &nbsp; &nbsp; &nbsp; &nbsp; &nbsp;Y/N.&nbsp; &nbsp; &nbsp; &nbsp; &nbsp; Y/N</p>

<p>Psychosocial Interventions.&nbsp; &nbsp; &nbsp; &nbsp; &nbsp; &nbsp; &nbsp; &nbsp; &nbsp; &nbsp; &nbsp; &nbsp; &nbsp; &nbsp; &nbsp; &nbsp; &nbsp; &nbsp; &nbsp;&nbsp;Y/N&nbsp; &nbsp; &nbsp; &nbsp; &nbsp; &nbsp; &nbsp; &nbsp;Y/N.&nbsp; &nbsp; &nbsp; &nbsp; &nbsp; Y/N</p>

<p>Advise to re-consult if worsens.&nbsp; &nbsp; &nbsp; &nbsp; &nbsp; &nbsp; &nbsp; &nbsp; &nbsp; &nbsp; &nbsp; &nbsp; &nbsp; &nbsp; &nbsp; &nbsp;&nbsp;Y/N&nbsp; &nbsp; &nbsp; &nbsp; &nbsp; &nbsp; &nbsp; &nbsp;Y/N.&nbsp; &nbsp; &nbsp; &nbsp; &nbsp; Y/N</p>

<p>Culturally appropriate mourning /adjustment&nbsp; &nbsp; &nbsp; &nbsp; &nbsp; &nbsp; &nbsp; &nbsp; &nbsp; &nbsp; &nbsp; &nbsp; &nbsp; &nbsp; &nbsp; &nbsp; &nbsp;Y/N.&nbsp; &nbsp; &nbsp; &nbsp; &nbsp; Y/N</p>

<p>Reactivate social networks.&nbsp; &nbsp; &nbsp; &nbsp; &nbsp; &nbsp; &nbsp; &nbsp; &nbsp; &nbsp; &nbsp; &nbsp; &nbsp; &nbsp; &nbsp; &nbsp; &nbsp; &nbsp; &nbsp; &nbsp; &nbsp; &nbsp; &nbsp; &nbsp; &nbsp; &nbsp; &nbsp; &nbsp; &nbsp; &nbsp;Y/N.&nbsp; &nbsp; &nbsp; &nbsp; &nbsp; Y/N</p>

<p>Refer for special assessment.&nbsp; &nbsp; &nbsp; &nbsp; &nbsp; &nbsp; &nbsp; &nbsp; &nbsp; &nbsp; &nbsp; &nbsp; &nbsp; &nbsp; &nbsp; &nbsp; &nbsp; &nbsp; &nbsp; &nbsp; &nbsp; &nbsp; &nbsp; &nbsp; &nbsp; &nbsp; &nbsp; &nbsp; &nbsp; &nbsp; &nbsp; &nbsp; &nbsp; &nbsp; &nbsp; &nbsp; Y/N&nbsp;&nbsp;</p>
",RECORD SHEET FOR OTHER ANXIETY DISORDERS & SIGNIFICANT EMOTIONAL COMPLAINTS-ASSESSMENT,CLINICAL NOTE
1586,,RECORD SHEET FOR SUBSTANCE USE DISORDER- ASSESSMENT,CLINICAL NOTE
1621,"<p><strong>1.informant;</strong></p>

<p>onset of illness;</p>

<p>duration of relapse;</p>

<p><strong>3. Past of History;</strong></p>

<p>&nbsp; Development milestone&nbsp; &nbsp; &nbsp; &nbsp; &nbsp;Eventful&nbsp; &nbsp; &nbsp; &nbsp; &nbsp; &nbsp; &nbsp; &nbsp; Application.&nbsp; &nbsp; &nbsp; &nbsp; &nbsp; &nbsp; Not application</p>

<p>Other specify;</p>

<p>&nbsp; &nbsp;{a} Medical.&nbsp; &nbsp; &nbsp; &nbsp;HTN.&nbsp; &nbsp; &nbsp; &nbsp; &nbsp; &nbsp; &nbsp; &nbsp; &nbsp; &nbsp; &nbsp; PUD.&nbsp; &nbsp; &nbsp; &nbsp; &nbsp; &nbsp; &nbsp; &nbsp; &nbsp; &nbsp; &nbsp; &nbsp; &nbsp; DM.&nbsp; &nbsp; &nbsp; &nbsp; &nbsp;&nbsp;</p>

<p>&nbsp; &nbsp; &nbsp; &nbsp; &nbsp; &nbsp; &nbsp; &nbsp; &nbsp; &nbsp; &nbsp; &nbsp; &nbsp; &nbsp; &nbsp;Asthma.&nbsp; &nbsp; &nbsp; &nbsp; &nbsp; &nbsp; &nbsp; &nbsp; &nbsp;Other, specify</p>

<p>{b}&nbsp; &nbsp;Surgery&nbsp; &nbsp; C/S.&nbsp; &nbsp; &nbsp; &nbsp; &nbsp; &nbsp; &nbsp; &nbsp; &nbsp; &nbsp; &nbsp; &nbsp; &nbsp; &nbsp; Appendectomy</p>

<p>&nbsp; &nbsp; &nbsp; &nbsp; &nbsp; &nbsp; &nbsp; &nbsp; &nbsp; &nbsp; &nbsp; &nbsp; &nbsp;Herniohaphy&nbsp; &nbsp; &nbsp; &nbsp; &nbsp; &nbsp; &nbsp; Cataract.&nbsp; &nbsp; &nbsp; &nbsp; &nbsp; &nbsp; &nbsp; &nbsp; &nbsp; &nbsp; Other,specify</p>

<p>{c} Blood transfusion.&nbsp; &nbsp; &nbsp; &nbsp; &nbsp; &nbsp; &nbsp; &nbsp; &nbsp; &nbsp; &nbsp; &nbsp; &nbsp; Yes.&nbsp; &nbsp; &nbsp; &nbsp; &nbsp; &nbsp; &nbsp; &nbsp; &nbsp; &nbsp; &nbsp; &nbsp; &nbsp; &nbsp;No</p>

<p><strong>4.&nbsp; Present Mental State History</strong></p>

<p>&nbsp; &nbsp; &nbsp;Presenting complaint from relatives;</p>

<p>&nbsp; &nbsp; &nbsp;</p>

<p>&nbsp; &nbsp; Presenting complaint from relatives;</p>

<p><strong>5.Mental State Examination</strong></p>

<p>&nbsp; &nbsp;General Appearance</p>

<p>&nbsp; &nbsp; &nbsp; &nbsp;Height</p>

<p>&nbsp; &nbsp; &nbsp; &nbsp; obese.&nbsp; &nbsp; &nbsp; &nbsp; &nbsp; &nbsp; &nbsp; &nbsp; &nbsp; &nbsp; &nbsp; &nbsp; &nbsp; &nbsp; &nbsp; &nbsp; &nbsp; &nbsp; &nbsp; &nbsp; &nbsp;No visual&nbsp; marks.&nbsp; &nbsp; &nbsp; &nbsp; &nbsp; &nbsp; &nbsp; &nbsp; &nbsp; &nbsp; &nbsp; &nbsp;Tattoos</p>

<p>&nbsp; &nbsp; &nbsp; &nbsp; Tribal mark.&nbsp; &nbsp; &nbsp; &nbsp; &nbsp; &nbsp; &nbsp; &nbsp; &nbsp; &nbsp; &nbsp; &nbsp; &nbsp; &nbsp; &nbsp; &nbsp; Well groomed.&nbsp; &nbsp; &nbsp; &nbsp; &nbsp; &nbsp; &nbsp; &nbsp; &nbsp; &nbsp; &nbsp; &nbsp; &nbsp; &nbsp; &nbsp;Poorly groomed</p>

<p>&nbsp; &nbsp; &nbsp; &nbsp; &nbsp;body odour&nbsp; &nbsp; &nbsp; &nbsp; &nbsp; &nbsp; &nbsp; &nbsp; &nbsp; &nbsp; &nbsp; &nbsp; &nbsp; &nbsp; &nbsp; &nbsp;Appropriately dressed.&nbsp; &nbsp; &nbsp; &nbsp; &nbsp; &nbsp; &nbsp; &nbsp; Formally dressed</p>

<p>&nbsp; &nbsp; &nbsp; &nbsp; Inappropriately dreesed&nbsp; &nbsp; &nbsp; &nbsp; &nbsp; &nbsp; Bizzare style.&nbsp; &nbsp; &nbsp; &nbsp; &nbsp; &nbsp; &nbsp; &nbsp; &nbsp; &nbsp; &nbsp; &nbsp; &nbsp; &nbsp; &nbsp; &nbsp;Casual attire</p>

<p>&nbsp; &nbsp; &nbsp; &nbsp; Pyknic.&nbsp; &nbsp; &nbsp; &nbsp; &nbsp; &nbsp; &nbsp; &nbsp; &nbsp; &nbsp; &nbsp; &nbsp; &nbsp; &nbsp; &nbsp; &nbsp; &nbsp; &nbsp; &nbsp; &nbsp;Asthmic.&nbsp; &nbsp; &nbsp; &nbsp; &nbsp; &nbsp; &nbsp; &nbsp; &nbsp; &nbsp; &nbsp; &nbsp; &nbsp; &nbsp; &nbsp; &nbsp; &nbsp; &nbsp; &nbsp; Athletic</p>

<p><strong>ORIENTATION</strong></p>

<p>Time</p>

<p>Place</p>

<p>Person</p>

<p><strong>INSIGHT</strong></p>

<p>Good.&nbsp; &nbsp; &nbsp; &nbsp; &nbsp; &nbsp; &nbsp; &nbsp; &nbsp; &nbsp; Partial&nbsp; &nbsp; &nbsp; &nbsp; &nbsp; &nbsp; &nbsp; &nbsp;Poor</p>

<p><strong>CONSCIOUSNESS</strong></p>

<p>Conscious&nbsp; &nbsp; &nbsp; &nbsp; &nbsp; &nbsp; &nbsp; &nbsp; &nbsp; &nbsp; &nbsp; &nbsp;Unconsious</p>

<p><strong>MOOD</strong></p>

<p>Euthymic&nbsp; &nbsp; &nbsp; &nbsp; &nbsp; &nbsp; &nbsp; &nbsp; &nbsp; Irriable&nbsp; &nbsp; &nbsp; &nbsp; &nbsp; &nbsp; &nbsp; &nbsp; &nbsp; &nbsp; &nbsp; &nbsp; &nbsp;Dysthymic</p>

<p>Cyclothymic.&nbsp; &nbsp; &nbsp; &nbsp; &nbsp; &nbsp; &nbsp; Euphonic&nbsp; &nbsp; &nbsp; &nbsp; &nbsp; &nbsp; &nbsp; &nbsp; &nbsp; &nbsp; &nbsp;</p>

<p><strong>MEMORY</strong></p>

<p>Good.&nbsp; &nbsp; &nbsp; &nbsp; &nbsp; &nbsp; &nbsp; &nbsp;Amnesia</p>

<p><strong>PSYCHOMOTOR.&nbsp;</strong> &nbsp;ACTIVITIES</p>

<p>Normal Gait&nbsp; &nbsp; &nbsp; &nbsp; &nbsp; &nbsp; &nbsp; &nbsp; &nbsp; &nbsp; &nbsp; &nbsp; &nbsp; &nbsp; &nbsp; &nbsp; &nbsp; &nbsp; &nbsp;Abnormal Gait&nbsp; &nbsp; &nbsp; &nbsp; &nbsp; &nbsp; &nbsp; &nbsp; &nbsp; &nbsp; &nbsp; &nbsp;Wheel chair</p>

<p>Ambulates with cane&nbsp; &nbsp; &nbsp; &nbsp; &nbsp; &nbsp; &nbsp; &nbsp; &nbsp; &nbsp; &nbsp; &nbsp;Tremors.&nbsp; &nbsp; &nbsp; &nbsp; &nbsp; &nbsp; &nbsp; &nbsp; &nbsp; &nbsp; &nbsp; &nbsp; &nbsp; &nbsp; &nbsp; &nbsp; &nbsp; Tic</p>

<p>Mannerism&nbsp; &nbsp; &nbsp; &nbsp; &nbsp; &nbsp; &nbsp; &nbsp; &nbsp; &nbsp; &nbsp; &nbsp; &nbsp; &nbsp; &nbsp; &nbsp; &nbsp; &nbsp; &nbsp; &nbsp;Rigidity&nbsp; &nbsp; &nbsp; &nbsp; &nbsp; &nbsp; &nbsp; &nbsp; &nbsp; &nbsp; &nbsp; &nbsp; &nbsp; &nbsp; &nbsp; &nbsp; &nbsp; Agilited</p>

<p>Restless.&nbsp; &nbsp; &nbsp; &nbsp; &nbsp; &nbsp; &nbsp; &nbsp; &nbsp; &nbsp; &nbsp; &nbsp; &nbsp; &nbsp; &nbsp; &nbsp; &nbsp; &nbsp; &nbsp; &nbsp; &nbsp; Talkactiveness</p>

<p><strong>GENERAL&nbsp; ATTITUDE</strong></p>

<p>Cooperative.&nbsp; &nbsp; &nbsp; &nbsp; &nbsp; &nbsp; &nbsp; &nbsp; &nbsp;Uncooperative.&nbsp; &nbsp; &nbsp; &nbsp; &nbsp; &nbsp; &nbsp; &nbsp; &nbsp; &nbsp; &nbsp; &nbsp; &nbsp; &nbsp; &nbsp; Defensive</p>

<p>Aggressive/hostile&nbsp; &nbsp; &nbsp; &nbsp;Poor eye contact.&nbsp; &nbsp; &nbsp; &nbsp; &nbsp; &nbsp; &nbsp; &nbsp; &nbsp; &nbsp; &nbsp; &nbsp; &nbsp; Good&nbsp; eye contact</p>

<p><strong>SPEECH</strong></p>

<p>Hesitant&nbsp; &nbsp; &nbsp; &nbsp; &nbsp; &nbsp; &nbsp; &nbsp; &nbsp; &nbsp; &nbsp; &nbsp; &nbsp; &nbsp; &nbsp; &nbsp;Soft.&nbsp; &nbsp; &nbsp; &nbsp; &nbsp; &nbsp; &nbsp; &nbsp; &nbsp; &nbsp; &nbsp; &nbsp; &nbsp; &nbsp; &nbsp; &nbsp; &nbsp; &nbsp; &nbsp; &nbsp; &nbsp; &nbsp; &nbsp;Mute</p>

<p>Selectively Mute.&nbsp; &nbsp; &nbsp; &nbsp; &nbsp; &nbsp; &nbsp; &nbsp;Pressured.&nbsp; &nbsp; &nbsp; &nbsp; &nbsp; &nbsp; &nbsp; &nbsp; &nbsp; &nbsp; &nbsp; &nbsp; &nbsp; &nbsp; &nbsp; &nbsp; &nbsp; &nbsp; Monatonous</p>

<p>Slow&nbsp; &nbsp; &nbsp; &nbsp; &nbsp; &nbsp; &nbsp; &nbsp; &nbsp; &nbsp; &nbsp; &nbsp; &nbsp; &nbsp; &nbsp; &nbsp; &nbsp; &nbsp;Slurred&nbsp; &nbsp; &nbsp; &nbsp; &nbsp; &nbsp; &nbsp; &nbsp; &nbsp; &nbsp; &nbsp; &nbsp; &nbsp; &nbsp; &nbsp; &nbsp; &nbsp; &nbsp; &nbsp; &nbsp; Stultering</p>

<p>Delayed.&nbsp; &nbsp; &nbsp; &nbsp; &nbsp; &nbsp; &nbsp; &nbsp; &nbsp; &nbsp; &nbsp; &nbsp; &nbsp; &nbsp; &nbsp;Good articulation.&nbsp; &nbsp; &nbsp; &nbsp; &nbsp; &nbsp; &nbsp; &nbsp; &nbsp; &nbsp; &nbsp; &nbsp; &nbsp;Aphasic</p>

<p>Appropriate</p>

<p><strong>AFFECT&nbsp;</strong></p>

<p>Congruous with Mood.&nbsp; &nbsp; &nbsp; &nbsp; &nbsp; &nbsp; &nbsp; &nbsp; &nbsp; &nbsp; &nbsp; &nbsp; &nbsp; &nbsp; &nbsp; &nbsp;Incongruous with Mood.&nbsp; &nbsp; &nbsp; &nbsp; &nbsp; &nbsp;Flat</p>

<p>Constricted</p>

<p><strong>INTELLGENCE</strong></p>

<p>Basic Calculation.&nbsp; &nbsp; &nbsp; &nbsp; &nbsp; &nbsp; &nbsp; &nbsp; &nbsp; &nbsp; &nbsp; Basic knowledge</p>

<p>None of the above.&nbsp; &nbsp;</p>

<p><strong>THOUGHT PROCESS&nbsp;</strong></p>

<p><strong>{a} From.&nbsp;</strong></p>

<p>Flight of ideas.&nbsp; &nbsp; &nbsp; &nbsp; &nbsp; &nbsp; &nbsp; &nbsp; &nbsp; &nbsp; &nbsp; &nbsp; Associative looseness.&nbsp; &nbsp; &nbsp; &nbsp; &nbsp; &nbsp; &nbsp; &nbsp; &nbsp; &nbsp;Circumstantiality&nbsp;</p>

<p>Tangentiality&nbsp; &nbsp; &nbsp; &nbsp; &nbsp; &nbsp; &nbsp; &nbsp; &nbsp; &nbsp; &nbsp; &nbsp; &nbsp; &nbsp;Neologism.&nbsp; &nbsp; &nbsp; &nbsp; &nbsp; &nbsp; &nbsp; &nbsp; &nbsp; &nbsp; &nbsp; &nbsp; &nbsp; &nbsp; &nbsp; &nbsp; &nbsp; &nbsp; &nbsp;Concrete thinking&nbsp;</p>

<p>Clag associate.&nbsp; &nbsp; &nbsp; &nbsp; &nbsp; &nbsp; &nbsp; &nbsp; &nbsp; &nbsp; &nbsp; word&nbsp; salad.&nbsp; &nbsp; &nbsp; &nbsp; &nbsp; &nbsp; &nbsp; &nbsp; &nbsp; &nbsp; &nbsp; &nbsp; &nbsp; &nbsp; &nbsp; &nbsp; &nbsp; &nbsp; Echolalia</p>

<p>Perseverance.&nbsp; &nbsp; &nbsp; &nbsp; &nbsp; &nbsp; &nbsp; &nbsp; &nbsp; &nbsp; &nbsp; &nbsp;Poverty of speech&nbsp;</p>

<p><strong>{b} content</strong>&nbsp;</p>

<p>&nbsp; &nbsp; &nbsp; Persecutory delusion.&nbsp; &nbsp; &nbsp; &nbsp; &nbsp; &nbsp; &nbsp; &nbsp; &nbsp; &nbsp; &nbsp;grandiose Delusion.&nbsp; &nbsp; &nbsp; &nbsp; &nbsp; &nbsp; &nbsp; &nbsp; &nbsp; &nbsp;Reference Delusion</p>

<p>&nbsp; &nbsp; &nbsp; &nbsp;Control&nbsp; Delusion.&nbsp; &nbsp; &nbsp; &nbsp; &nbsp; &nbsp; &nbsp; &nbsp; &nbsp; &nbsp; &nbsp; &nbsp; Somatic Delusion.&nbsp; &nbsp; &nbsp; &nbsp; &nbsp; &nbsp; &nbsp; &nbsp; &nbsp; &nbsp; &nbsp; &nbsp; Nihilistic Delusion</p>

<p>&nbsp; &nbsp; &nbsp; &nbsp;Paranoid Delusion&nbsp; &nbsp; &nbsp; &nbsp; &nbsp; &nbsp; &nbsp; &nbsp; &nbsp; &nbsp; &nbsp; &nbsp; Magical Delusion.&nbsp; &nbsp; &nbsp; &nbsp; &nbsp; &nbsp; &nbsp; &nbsp; &nbsp; &nbsp; &nbsp; &nbsp; Obsessions</p>

<p><strong>{c} Suicidal tendency</strong></p>

<p>&nbsp; &nbsp; &nbsp; &nbsp; Ideation.&nbsp; &nbsp; &nbsp; &nbsp; &nbsp; &nbsp; &nbsp; &nbsp; &nbsp; &nbsp;Attempt.&nbsp; &nbsp; &nbsp; &nbsp; &nbsp; &nbsp; &nbsp; &nbsp; &nbsp; &nbsp; &nbsp; None</p>

<p>&nbsp; &nbsp; &nbsp; &nbsp; None of the above&nbsp; &nbsp; &nbsp; &nbsp; &nbsp;other. specify;</p>

<p><strong>(d) Homicidal Tendency:</strong></p>

<p>&nbsp; &nbsp; &nbsp; &nbsp; &nbsp;ideation.&nbsp; &nbsp; &nbsp; &nbsp; &nbsp; &nbsp; &nbsp; &nbsp; &nbsp; &nbsp;Attempt.&nbsp; &nbsp; &nbsp; &nbsp; &nbsp; &nbsp; &nbsp; &nbsp; &nbsp; &nbsp; &nbsp; Deliberate</p>

<p>&nbsp; &nbsp; &nbsp; &nbsp; &nbsp;None of the above&nbsp; &nbsp; &nbsp; &nbsp; &nbsp;other. specify;</p>

<p><strong>Sensory&nbsp; Perception:</strong></p>

<p><strong>Hallucinations</strong></p>

<p>&nbsp; &nbsp; &nbsp; &nbsp; Auditory.&nbsp; &nbsp; &nbsp; &nbsp; &nbsp; &nbsp; &nbsp; &nbsp; &nbsp; &nbsp; &nbsp;Visual.&nbsp; &nbsp; &nbsp; &nbsp; &nbsp; &nbsp; &nbsp; &nbsp; &nbsp;Tactile</p>

<p>&nbsp; &nbsp; &nbsp; &nbsp; Of factory.&nbsp; &nbsp; &nbsp; &nbsp; &nbsp; &nbsp; &nbsp; &nbsp; &nbsp; Gustatory</p>

<p><strong>ILLUSION</strong></p>

<p>Depersonalization.&nbsp; &nbsp; &nbsp; &nbsp; &nbsp; &nbsp; &nbsp; Derealization.&nbsp; &nbsp;</p>

<p><strong>JUDGEMENT</strong></p>

<p>Poor.&nbsp; &nbsp; &nbsp; &nbsp; &nbsp; &nbsp; &nbsp; &nbsp; &nbsp; &nbsp; &nbsp; Fair&nbsp; &nbsp; &nbsp; &nbsp; &nbsp; &nbsp; &nbsp; &nbsp; &nbsp;Good</p>

<p><strong>6.&nbsp; Previous Treatment&nbsp;</strong></p>

<p>&nbsp; &nbsp; &nbsp;Medication Orthodox.&nbsp; &nbsp; &nbsp; &nbsp; &nbsp; &nbsp; &nbsp; Spiritual&nbsp; &nbsp; &nbsp; &nbsp; &nbsp; &nbsp; &nbsp; &nbsp;Traditional.&nbsp; &nbsp;</p>

<p>&nbsp; &nbsp; &nbsp;None of the above.&nbsp; &nbsp; &nbsp; &nbsp; &nbsp; &nbsp; &nbsp; &nbsp; &nbsp; &nbsp; Other specify;</p>

<p><strong>7.&nbsp; &nbsp;Premorbid Personalty&nbsp;</strong></p>

<p>&nbsp; &nbsp; &nbsp; Introvert.&nbsp; &nbsp; &nbsp; &nbsp; &nbsp; &nbsp; &nbsp; &nbsp; &nbsp; &nbsp; &nbsp; &nbsp; &nbsp; Ambivert&nbsp; &nbsp; &nbsp; &nbsp; &nbsp; &nbsp; &nbsp; &nbsp; &nbsp; &nbsp; Extrovert</p>

<p><strong>8.&nbsp; Allergy</strong></p>

<p>&nbsp; &nbsp; Drug&nbsp; &nbsp; &nbsp; &nbsp; &nbsp; &nbsp; &nbsp; &nbsp; &nbsp; &nbsp; &nbsp; &nbsp; &nbsp; &nbsp; &nbsp; &nbsp;Food&nbsp; &nbsp; &nbsp; &nbsp; &nbsp; &nbsp; &nbsp; &nbsp; &nbsp; &nbsp; &nbsp; &nbsp; &nbsp; &nbsp; &nbsp; &nbsp; &nbsp; &nbsp; &nbsp; &nbsp; &nbsp; &nbsp; &nbsp; &nbsp; Animal</p>

<p>&nbsp;&nbsp; Inanimate&nbsp; &nbsp; &nbsp; &nbsp; &nbsp; &nbsp; &nbsp; &nbsp; &nbsp; &nbsp; &nbsp; Others, specify:&nbsp;</p>

<p>&nbsp;</p>

<p><strong>9. Nutrition</strong></p>

<p>&nbsp; Pica&nbsp; &nbsp; &nbsp; &nbsp; &nbsp; &nbsp; &nbsp; &nbsp; &nbsp; &nbsp; &nbsp; &nbsp; &nbsp; &nbsp; &nbsp; &nbsp; Refusal of food&nbsp; &nbsp; &nbsp; &nbsp; &nbsp; &nbsp; &nbsp; &nbsp; &nbsp; &nbsp; &nbsp; &nbsp; &nbsp; &nbsp; &nbsp;Anorexia Nervosa</p>

<p>&nbsp; Bulimia Nervosa&nbsp; &nbsp; &nbsp; &nbsp; &nbsp; &nbsp;None of the above</p>

<p>&nbsp; Others, specify:</p>

<p>&nbsp;</p>

<p><strong>10. Elimination</strong></p>

<p><strong>Urinary</strong></p>

<p>&nbsp;Oliguria&nbsp; &nbsp; &nbsp; &nbsp; &nbsp; &nbsp; &nbsp; &nbsp; &nbsp; &nbsp; &nbsp; &nbsp; &nbsp; &nbsp;Polyuria&nbsp; &nbsp; &nbsp; &nbsp; &nbsp; &nbsp; &nbsp; &nbsp; &nbsp; &nbsp; &nbsp; &nbsp; &nbsp; &nbsp; &nbsp; &nbsp; &nbsp; &nbsp; &nbsp; &nbsp;Anuria</p>

<p>&nbsp; Heamaturia&nbsp; &nbsp; &nbsp; &nbsp; &nbsp; &nbsp; &nbsp; &nbsp; &nbsp; &nbsp;Incontinence&nbsp; &nbsp; &nbsp; &nbsp; &nbsp; &nbsp; &nbsp; &nbsp; &nbsp; &nbsp; &nbsp; &nbsp; &nbsp; &nbsp; &nbsp; &nbsp; None of the above</p>

<p>&nbsp;</p>

<p><strong>Feacal</strong></p>

<p>&nbsp; Diarrhea&nbsp; &nbsp; &nbsp; &nbsp; &nbsp; &nbsp; &nbsp; &nbsp; &nbsp; &nbsp; &nbsp; &nbsp;Constipation</p>

<p>&nbsp; Incontinence&nbsp; &nbsp; &nbsp; &nbsp; &nbsp; &nbsp; &nbsp; &nbsp; &nbsp;None of the above</p>

<p>&nbsp;</p>

<p><strong>11.Insomnia</strong></p>

<p><strong>Partial</strong></p>

<p>&nbsp;Somnabulism&nbsp; &nbsp; &nbsp; &nbsp; &nbsp; &nbsp; &nbsp; &nbsp; &nbsp; &nbsp;Sleep talking&nbsp; &nbsp; &nbsp; &nbsp; &nbsp; &nbsp; &nbsp; &nbsp; &nbsp; &nbsp; &nbsp; &nbsp; &nbsp; &nbsp; &nbsp; &nbsp; Sleep apnea</p>

<p>&nbsp;None of the above</p>

<p><strong>Total</strong></p>

<p>&nbsp;Somnabulism&nbsp; &nbsp; &nbsp; &nbsp; &nbsp; &nbsp; &nbsp; &nbsp; Sleep talking&nbsp; &nbsp; &nbsp; &nbsp; &nbsp; &nbsp; &nbsp; &nbsp; &nbsp; &nbsp; &nbsp; &nbsp; &nbsp; &nbsp; &nbsp; &nbsp; &nbsp; &nbsp;Sleep apnea</p>

<p>None of the above</p>

<p>&nbsp;</p>

<p><strong>12. Mode of Communication</strong></p>

<p>&nbsp;English&nbsp; &nbsp; &nbsp; &nbsp; &nbsp; &nbsp; &nbsp; &nbsp; &nbsp; &nbsp; &nbsp; &nbsp; &nbsp; &nbsp;Igbo&nbsp; &nbsp; &nbsp; &nbsp; &nbsp; &nbsp; &nbsp; &nbsp; &nbsp; &nbsp; &nbsp; &nbsp; &nbsp; &nbsp; &nbsp; &nbsp; &nbsp; &nbsp; &nbsp; &nbsp; &nbsp; &nbsp; &nbsp; &nbsp; &nbsp; &nbsp; &nbsp;Yoruba</p>

<p>&nbsp; Hausa&nbsp; &nbsp; &nbsp; &nbsp; &nbsp; &nbsp; &nbsp; &nbsp; &nbsp; &nbsp; &nbsp; &nbsp; &nbsp; &nbsp; Others, specify :</p>

<p>&nbsp;</p>

<p><strong>13. Special Sense Defect</strong></p>

<p>&nbsp;Eye&nbsp; &nbsp; &nbsp; &nbsp; &nbsp; &nbsp; &nbsp; &nbsp; &nbsp; &nbsp; &nbsp; &nbsp; &nbsp; &nbsp; &nbsp; &nbsp; &nbsp; Nose&nbsp; &nbsp; &nbsp; &nbsp; &nbsp; &nbsp; &nbsp; &nbsp; &nbsp; &nbsp; &nbsp; &nbsp; &nbsp; &nbsp; &nbsp; &nbsp; &nbsp; &nbsp; &nbsp; &nbsp; &nbsp; &nbsp; &nbsp; &nbsp; &nbsp;Ear</p>

<p>&nbsp;Skin&nbsp; &nbsp; &nbsp; &nbsp; &nbsp; &nbsp; &nbsp; &nbsp; &nbsp; &nbsp; &nbsp; &nbsp; &nbsp; &nbsp; &nbsp; &nbsp; &nbsp;Tongue</p>

<p>&nbsp; If you tick any of the above specify :&nbsp;</p>

<p>&nbsp;</p>

<p><strong>14. Family History</strong></p>

<p>* i. History of mental illness in the family&nbsp;</p>

<p>&nbsp;Yes&nbsp; &nbsp; &nbsp; &nbsp; &nbsp; &nbsp; &nbsp; &nbsp; &nbsp; &nbsp; &nbsp; &nbsp; &nbsp; &nbsp; &nbsp; &nbsp; &nbsp; &nbsp; &nbsp; &nbsp; &nbsp; &nbsp; &nbsp; &nbsp; &nbsp; No</p>

<p>&nbsp; If yes, specify:</p>

<p>* ii. Family Setting</p>

<p>&nbsp;Monogamous&nbsp; &nbsp; &nbsp; &nbsp; &nbsp; &nbsp; &nbsp; &nbsp; &nbsp; &nbsp; &nbsp; &nbsp; &nbsp; &nbsp; &nbsp; &nbsp; &nbsp;Polygamous&nbsp; &nbsp; &nbsp; &nbsp; &nbsp; &nbsp; &nbsp; &nbsp; &nbsp; &nbsp; &nbsp; &nbsp; &nbsp; &nbsp; &nbsp; Adopted</p>

<p>&nbsp; If yes, specify:</p>

<p>* iii. Position of patient</p>

<p>Specify:</p>

<p>* iv. Relationship of patient with siblings</p>

<p>&nbsp;</p>

<p>&nbsp;Cordial&nbsp; &nbsp; &nbsp; &nbsp; &nbsp; &nbsp; &nbsp; &nbsp; &nbsp; &nbsp; &nbsp; &nbsp; &nbsp; &nbsp; &nbsp; &nbsp; &nbsp; &nbsp; &nbsp; &nbsp;Not cordial</p>

<p><strong>15. Social History</strong></p>

<p>Psychoactive Substance Use</p>

<p>&nbsp;Yes&nbsp; &nbsp; &nbsp; &nbsp; &nbsp; &nbsp; &nbsp; &nbsp; &nbsp; &nbsp; &nbsp; &nbsp; &nbsp; &nbsp; &nbsp; &nbsp; &nbsp; &nbsp; &nbsp; &nbsp; &nbsp; &nbsp; No</p>

<p>&nbsp; If yes, specify:</p>

<p>Partying/Clubbing</p>

<p>&nbsp;Yes&nbsp; &nbsp; &nbsp; &nbsp; &nbsp; &nbsp; &nbsp; &nbsp; &nbsp; &nbsp; &nbsp; &nbsp; &nbsp; &nbsp; &nbsp; &nbsp; &nbsp; &nbsp; &nbsp; &nbsp; &nbsp; &nbsp;No</p>

<p>&nbsp;</p>

<p><strong>16. Marital&nbsp; History</strong></p>

<p>&nbsp;Married&nbsp; &nbsp; &nbsp; &nbsp; &nbsp; &nbsp; &nbsp; &nbsp; &nbsp; &nbsp; &nbsp; &nbsp; &nbsp; &nbsp; &nbsp; &nbsp; &nbsp; &nbsp; Separated&nbsp; &nbsp; &nbsp; &nbsp; &nbsp; &nbsp; &nbsp; &nbsp; &nbsp; &nbsp; &nbsp; &nbsp; &nbsp; &nbsp; &nbsp; &nbsp; &nbsp;Divorced&nbsp;</p>

<p>&nbsp; Divorced&nbsp; &nbsp; &nbsp; &nbsp; &nbsp; &nbsp; &nbsp; &nbsp; &nbsp; &nbsp; &nbsp; &nbsp; &nbsp; &nbsp; &nbsp; &nbsp; Widow&nbsp; &nbsp; &nbsp; &nbsp; &nbsp; &nbsp; &nbsp; &nbsp; &nbsp; &nbsp; &nbsp; &nbsp; &nbsp; &nbsp; &nbsp; &nbsp; &nbsp; &nbsp; &nbsp; &nbsp; Single</p>

<p>&nbsp; Widower</p>

<p>&nbsp;</p>

<p><strong>17. Education</strong></p>

<p>&nbsp;Primary&nbsp; &nbsp; &nbsp; &nbsp; &nbsp; &nbsp; &nbsp; &nbsp; &nbsp; &nbsp; &nbsp; &nbsp; &nbsp; &nbsp; &nbsp; &nbsp;Secondary&nbsp; &nbsp; &nbsp; &nbsp; &nbsp; &nbsp; &nbsp; &nbsp; &nbsp; &nbsp; &nbsp; &nbsp; &nbsp; &nbsp; &nbsp; &nbsp; &nbsp; &nbsp; &nbsp;Tertiary</p>

<p>&nbsp; None of the above</p>

<p><strong>&nbsp;18. Values/Belief</strong></p>

<p>&nbsp;Christian&nbsp; &nbsp; &nbsp; &nbsp; &nbsp; &nbsp; &nbsp; &nbsp; &nbsp; &nbsp; &nbsp; &nbsp; &nbsp; &nbsp; &nbsp;Muslim&nbsp; &nbsp; &nbsp; &nbsp; &nbsp; &nbsp; &nbsp; &nbsp; &nbsp; &nbsp; &nbsp; &nbsp; &nbsp; &nbsp; &nbsp; &nbsp; &nbsp; &nbsp; &nbsp; &nbsp; &nbsp; &nbsp;Traditional</p>

<p>&nbsp; Others, specify:</p>

<p>&nbsp;</p>

<p><strong>19. Occupation</strong></p>

<p>&nbsp;Employed&nbsp; &nbsp; &nbsp; &nbsp; &nbsp; &nbsp; &nbsp; &nbsp; &nbsp; &nbsp; &nbsp; &nbsp; &nbsp; Unemployed</p>

<p>&nbsp; If employed, specify:</p>

<p><strong>20. Physical Examination</strong></p>

<p>&nbsp; &nbsp; &nbsp; Vital Signs</p>

<p>&nbsp; &nbsp; &nbsp;Temperature.&nbsp; &nbsp; &nbsp; &nbsp; &nbsp; &nbsp; &nbsp; &nbsp; &nbsp; Pulse.&nbsp; &nbsp; &nbsp; &nbsp; &nbsp; &nbsp; &nbsp; &nbsp; &nbsp; &nbsp; &nbsp; &nbsp; &nbsp; &nbsp; &nbsp; &nbsp; &nbsp; &nbsp; &nbsp; Height</p>

<p>&nbsp; &nbsp; &nbsp;Blood Pressure.&nbsp; &nbsp; &nbsp; &nbsp; &nbsp; &nbsp; Weight&nbsp; &nbsp; &nbsp; &nbsp;&nbsp;</p>

<p><strong>21. Forensic History</strong></p>

<p>&nbsp;Yes&nbsp; &nbsp; &nbsp; &nbsp; &nbsp; &nbsp; &nbsp; &nbsp; &nbsp; &nbsp; &nbsp; &nbsp; &nbsp; &nbsp; &nbsp; &nbsp; &nbsp; &nbsp; &nbsp;No</p>

<p>&nbsp;Police&nbsp; &nbsp; &nbsp; &nbsp; &nbsp; &nbsp; &nbsp; &nbsp; &nbsp; &nbsp; &nbsp; &nbsp; &nbsp; &nbsp; &nbsp; &nbsp; &nbsp;NDLEA&nbsp; &nbsp; &nbsp; &nbsp; &nbsp; &nbsp; &nbsp; &nbsp; &nbsp; &nbsp; &nbsp; &nbsp; &nbsp; &nbsp; &nbsp; &nbsp; &nbsp; &nbsp; &nbsp; &nbsp; &nbsp; &nbsp; &nbsp;Soldier</p>

<p>&nbsp; If yes, specify:</p>

<p>&nbsp;</p>

<p>22.<strong> Menstrual History</strong></p>

<p>&nbsp;Not applicable&nbsp; &nbsp; &nbsp; &nbsp; &nbsp; &nbsp; &nbsp; &nbsp; &nbsp; Last Menstrual Period&nbsp; &nbsp; &nbsp; &nbsp; &nbsp; &nbsp; &nbsp; &nbsp; &nbsp; &nbsp; &nbsp; &nbsp; &nbsp;Menarche &nbsp;</p>

<p>&nbsp; Menopause&nbsp; &nbsp; &nbsp; &nbsp; &nbsp; &nbsp; &nbsp; &nbsp; &nbsp; &nbsp; &nbsp;Abnormal</p>

<p>&nbsp; Any abnormalities, specify:</p>

<p>&nbsp;</p>

<p><strong>23. Nursing Diagnosis:</strong></p>

<p>&nbsp;</p>

<p><strong>24. Attending Nurse</strong></p>

<p>Name: &nbsp;</p>

<p>Rank:</p>

<p>Date:&nbsp;</p>

<p>&nbsp;</p>
",NUR-ADMISSION FORMAT FOR ASSESSMENT UNIT (FULL HISTORY),CLINICAL NOTE
1622,"<p><span style=""font-size:11pt""><span style=""font-family:Calibri,sans-serif"">&nbsp; &nbsp; &nbsp; &nbsp; &nbsp; (1)&nbsp;&nbsp; Introduction</span></span></p>

<p><span style=""font-size:11pt""><span style=""font-family:Calibri,sans-serif"">&nbsp;&nbsp;&nbsp;&nbsp;&nbsp;&nbsp;&nbsp;&nbsp;&nbsp; (2)&nbsp;&nbsp;&nbsp;&nbsp;&nbsp;&nbsp; Reasons for Referral&nbsp;&nbsp;&nbsp;&nbsp;&nbsp;&nbsp;&nbsp; (a) Personality Assessment&nbsp;&nbsp;&nbsp;&nbsp;&nbsp;&nbsp;&nbsp;&nbsp;&nbsp;&nbsp;&nbsp;&nbsp;&nbsp;&nbsp;&nbsp;&nbsp;&nbsp;&nbsp; (b) Insight Therapy&nbsp;&nbsp;&nbsp;&nbsp; </span></span></p>

<p><span style=""font-size:11pt""><span style=""font-family:Calibri,sans-serif"">&nbsp;&nbsp;&nbsp;&nbsp;&nbsp;&nbsp;&nbsp;&nbsp;&nbsp;&nbsp;&nbsp;&nbsp;&nbsp;&nbsp;&nbsp;&nbsp;&nbsp;&nbsp;&nbsp;&nbsp;&nbsp;&nbsp;&nbsp;&nbsp;&nbsp;&nbsp;&nbsp;&nbsp;&nbsp;&nbsp;&nbsp;&nbsp; &nbsp;&nbsp;&nbsp;&nbsp;&nbsp;&nbsp;&nbsp;&nbsp;&nbsp;&nbsp;&nbsp;&nbsp;&nbsp;&nbsp;&nbsp;&nbsp;(c) &nbsp;Behavioural Modification&nbsp;&nbsp;&nbsp;&nbsp; &nbsp;&nbsp;&nbsp;&nbsp;&nbsp;&nbsp;&nbsp;&nbsp;&nbsp;&nbsp;&nbsp;&nbsp;&nbsp;(d) Motivation Enhancement&nbsp; Therapy</span></span></p>

<p><span style=""font-size:11pt""><span style=""font-family:Calibri,sans-serif"">&nbsp;&nbsp;&nbsp;&nbsp;&nbsp;&nbsp;&nbsp;&nbsp;&nbsp;&nbsp;&nbsp;&nbsp;&nbsp;&nbsp;&nbsp;&nbsp;&nbsp;&nbsp;&nbsp;&nbsp;&nbsp;&nbsp;&nbsp;&nbsp;&nbsp;&nbsp;&nbsp;&nbsp;&nbsp;&nbsp;&nbsp;&nbsp;&nbsp;&nbsp;&nbsp;&nbsp;&nbsp;&nbsp;&nbsp;&nbsp;&nbsp;&nbsp;&nbsp;&nbsp;&nbsp;&nbsp; &nbsp;&nbsp;&nbsp;(e) I.Q Assessment&nbsp;&nbsp;&nbsp;&nbsp;&nbsp;&nbsp;&nbsp;&nbsp;&nbsp;&nbsp;&nbsp;&nbsp;&nbsp;&nbsp;&nbsp;&nbsp;&nbsp;&nbsp;&nbsp;&nbsp;&nbsp;&nbsp;&nbsp;&nbsp;&nbsp;&nbsp;&nbsp;&nbsp;&nbsp;&nbsp;&nbsp;&nbsp;&nbsp;&nbsp;&nbsp; (f) Counselling</span></span></p>

<p><span style=""font-size:11pt""><span style=""font-family:Calibri,sans-serif"">&nbsp;&nbsp;&nbsp;&nbsp;&nbsp;&nbsp;&nbsp;&nbsp;&nbsp;&nbsp;&nbsp;&nbsp;&nbsp;&nbsp;&nbsp;&nbsp;&nbsp;&nbsp;&nbsp;&nbsp;&nbsp;&nbsp;&nbsp;&nbsp;&nbsp;&nbsp;&nbsp;&nbsp;&nbsp;&nbsp;&nbsp;&nbsp;&nbsp;&nbsp;&nbsp;&nbsp;&nbsp;&nbsp;&nbsp;&nbsp;&nbsp;&nbsp;&nbsp;&nbsp;&nbsp;&nbsp;&nbsp;&nbsp;&nbsp; (g)&nbsp; Drug Education&nbsp;&nbsp;&nbsp;&nbsp;&nbsp;&nbsp;&nbsp;&nbsp;&nbsp;&nbsp;&nbsp;&nbsp;&nbsp;&nbsp;&nbsp;&nbsp;&nbsp; &nbsp;&nbsp;&nbsp;&nbsp;&nbsp;&nbsp;&nbsp;&nbsp;&nbsp;&nbsp;&nbsp;&nbsp;&nbsp;&nbsp;&nbsp;&nbsp;&nbsp;&nbsp;&nbsp;(h) Social Skill Training </span></span></p>

<p><span style=""font-size:11pt""><span style=""font-family:Calibri,sans-serif"">&nbsp;&nbsp;&nbsp;&nbsp;&nbsp;&nbsp;&nbsp;&nbsp;&nbsp;&nbsp;&nbsp;&nbsp;&nbsp;&nbsp;&nbsp;&nbsp;&nbsp;&nbsp;&nbsp;&nbsp;&nbsp;&nbsp;&nbsp;&nbsp;&nbsp;&nbsp;&nbsp;&nbsp;&nbsp;&nbsp;&nbsp;&nbsp;&nbsp;&nbsp;&nbsp;&nbsp;&nbsp;&nbsp;&nbsp;&nbsp;&nbsp;&nbsp;&nbsp;&nbsp;&nbsp;&nbsp;&nbsp;&nbsp;&nbsp;&nbsp; (i) Self Esteem Education&nbsp;&nbsp;&nbsp;&nbsp;&nbsp;&nbsp;&nbsp;&nbsp;&nbsp;&nbsp;&nbsp;&nbsp;&nbsp;&nbsp;&nbsp;&nbsp;&nbsp;&nbsp;&nbsp;&nbsp;&nbsp;&nbsp;&nbsp;&nbsp;&nbsp;&nbsp;&nbsp; (j) Psychological Review </span></span></p>

<p><span style=""font-size:11pt""><span style=""font-family:Calibri,sans-serif"">&nbsp;&nbsp;&nbsp;&nbsp;&nbsp;&nbsp;&nbsp;&nbsp;&nbsp;&nbsp;&nbsp;&nbsp;&nbsp; &nbsp;&nbsp;&nbsp;&nbsp;&nbsp;&nbsp;&nbsp;&nbsp;&nbsp;&nbsp;&nbsp;&nbsp;&nbsp;&nbsp;&nbsp;&nbsp;&nbsp;&nbsp;&nbsp;&nbsp;&nbsp;&nbsp;&nbsp;&nbsp;&nbsp;&nbsp;&nbsp;&nbsp;&nbsp;&nbsp;&nbsp;&nbsp;&nbsp;&nbsp;&nbsp;&nbsp;&nbsp;&nbsp;(k) Cognitive Assessment&nbsp;&nbsp;&nbsp; &nbsp;&nbsp;&nbsp;&nbsp;&nbsp;&nbsp;&nbsp;&nbsp;&nbsp;&nbsp;&nbsp;&nbsp;&nbsp;&nbsp;&nbsp;&nbsp;&nbsp;&nbsp;&nbsp;&nbsp;&nbsp;&nbsp;&nbsp;(l) Others </span></span></p>

<p><span style=""font-size:11pt""><span style=""font-family:Calibri,sans-serif"">&nbsp;&nbsp;&nbsp;&nbsp;&nbsp;&nbsp;&nbsp;&nbsp;&nbsp;&nbsp;&nbsp;&nbsp;&nbsp;&nbsp;&nbsp;&nbsp;&nbsp;&nbsp;&nbsp;&nbsp;&nbsp;&nbsp;&nbsp;&nbsp;&nbsp;&nbsp;&nbsp;&nbsp;&nbsp;&nbsp;&nbsp;&nbsp;&nbsp;&nbsp;&nbsp;&nbsp;&nbsp;&nbsp;&nbsp;&nbsp;&nbsp;&nbsp;&nbsp;&nbsp;&nbsp;&nbsp;&nbsp;&nbsp;&nbsp;&nbsp;&nbsp;&nbsp; (m) Family&nbsp; Therapy</span></span></p>

<p><span style=""font-size:11pt""><span style=""font-family:Calibri,sans-serif"">&nbsp;&nbsp; (3)&nbsp;&nbsp;&nbsp;&nbsp;&nbsp;&nbsp; Presenting Complaints:</span></span></p>

<p>&nbsp;</p>

<p><span style=""font-size:11pt""><span style=""font-family:Calibri,sans-serif"">&nbsp;&nbsp; (4)&nbsp;&nbsp;&nbsp;&nbsp;&nbsp;&nbsp; History of Presenting Complaints:</span></span></p>

<p>&nbsp;</p>

<p><span style=""font-size:11pt""><span style=""font-family:Calibri,sans-serif"">&nbsp;&nbsp;&nbsp; (5)&nbsp;&nbsp;&nbsp;&nbsp;&nbsp; Past Medical History:</span></span></p>

<p>&nbsp;</p>

<p><span style=""font-size:11pt""><span style=""font-family:Calibri,sans-serif"">&nbsp;&nbsp;&nbsp; (6)&nbsp;&nbsp;&nbsp;&nbsp;&nbsp; Past Psychiatric History:</span></span></p>

<p>&nbsp;</p>

<p><span style=""font-size:11pt""><span style=""font-family:Calibri,sans-serif"">&nbsp;&nbsp;&nbsp; (7)&nbsp;&nbsp;&nbsp;&nbsp; Family History:</span></span></p>

<p>&nbsp;</p>

<p>&nbsp;</p>

<p><span style=""font-size:11pt""><span style=""font-family:Calibri,sans-serif"">&nbsp;&nbsp; (8) &nbsp;&nbsp;&nbsp;Personal History: (a)&nbsp; Prenatal&nbsp; (Gestation)&nbsp;&nbsp;&nbsp;&nbsp;&nbsp;&nbsp;&nbsp;&nbsp;&nbsp; &nbsp;&nbsp;&nbsp;&nbsp;&nbsp;&nbsp;&nbsp;&nbsp;&nbsp;&nbsp;&nbsp;&nbsp;&nbsp;&nbsp;&nbsp;&nbsp;&nbsp;&nbsp;&nbsp;&nbsp;&nbsp;&nbsp;&nbsp;&nbsp;&nbsp;&nbsp;&nbsp;&nbsp;(b) Labour&nbsp;&nbsp; </span></span></p>

<p><span style=""font-size:11pt""><span style=""font-family:Calibri,sans-serif"">&nbsp;&nbsp;&nbsp;&nbsp;&nbsp;&nbsp;&nbsp;&nbsp;&nbsp;&nbsp;&nbsp;&nbsp;&nbsp;&nbsp;&nbsp;&nbsp;&nbsp;&nbsp;&nbsp;&nbsp;&nbsp;&nbsp;&nbsp;&nbsp;&nbsp;&nbsp;&nbsp;&nbsp;&nbsp;&nbsp;&nbsp;&nbsp;&nbsp;&nbsp;&nbsp;&nbsp;&nbsp;&nbsp;&nbsp; &nbsp;&nbsp;&nbsp;(c) &nbsp;Early Childhood 1 &ndash; 3 years&nbsp;&nbsp;&nbsp;&nbsp;&nbsp;&nbsp;&nbsp;&nbsp;&nbsp;&nbsp;&nbsp;&nbsp;&nbsp;&nbsp;&nbsp;&nbsp;&nbsp;&nbsp;&nbsp;&nbsp;&nbsp;&nbsp;&nbsp;&nbsp;&nbsp;&nbsp;&nbsp; (d) Middle Childhood 3 &ndash; 11 years</span></span></p>

<p><span style=""font-size:11pt""><span style=""font-family:Calibri,sans-serif"">&nbsp;&nbsp;&nbsp;&nbsp;&nbsp;&nbsp;&nbsp;&nbsp;&nbsp;&nbsp;&nbsp;&nbsp;&nbsp;&nbsp;&nbsp;&nbsp;&nbsp;&nbsp;&nbsp;&nbsp;&nbsp;&nbsp;&nbsp;&nbsp;&nbsp;&nbsp;&nbsp;&nbsp;&nbsp;&nbsp;&nbsp;&nbsp;&nbsp;&nbsp;&nbsp;&nbsp;&nbsp;&nbsp;&nbsp;&nbsp;&nbsp;&nbsp; (e)&nbsp; Late Childhood 12 &ndash; 19 years&nbsp;&nbsp;&nbsp;&nbsp;&nbsp;&nbsp;&nbsp;&nbsp;&nbsp;&nbsp;&nbsp;&nbsp;&nbsp;&nbsp;&nbsp;&nbsp;&nbsp;&nbsp;&nbsp;&nbsp;&nbsp;&nbsp;&nbsp;&nbsp; (f) Educational History </span></span></p>

<p><span style=""font-size:11pt""><span style=""font-family:Calibri,sans-serif"">&nbsp;&nbsp;&nbsp;&nbsp;&nbsp;&nbsp;&nbsp;&nbsp;&nbsp;&nbsp;&nbsp;&nbsp;&nbsp;&nbsp;&nbsp;&nbsp;&nbsp;&nbsp;&nbsp;&nbsp;&nbsp;&nbsp;&nbsp;&nbsp;&nbsp;&nbsp;&nbsp;&nbsp;&nbsp;&nbsp;&nbsp;&nbsp;&nbsp;&nbsp;&nbsp;&nbsp;&nbsp;&nbsp;&nbsp;&nbsp;&nbsp;&nbsp; (g) Psychosexual History&nbsp;&nbsp;&nbsp;&nbsp;&nbsp;&nbsp;&nbsp;&nbsp;&nbsp;&nbsp;&nbsp;&nbsp;&nbsp;&nbsp;&nbsp;&nbsp;&nbsp;&nbsp;&nbsp;&nbsp;&nbsp;&nbsp;&nbsp;&nbsp;&nbsp;&nbsp;&nbsp;&nbsp;&nbsp;&nbsp;&nbsp;&nbsp;&nbsp;&nbsp;&nbsp;&nbsp;&nbsp;&nbsp;&nbsp; (h) Drug History</span></span></p>

<p><span style=""font-size:11pt""><span style=""font-family:Calibri,sans-serif"">&nbsp;&nbsp;&nbsp;&nbsp;&nbsp;&nbsp;&nbsp;&nbsp;&nbsp;&nbsp;&nbsp;&nbsp;&nbsp;&nbsp;&nbsp;&nbsp;&nbsp;&nbsp;&nbsp;&nbsp;&nbsp;&nbsp;&nbsp;&nbsp;&nbsp;&nbsp;&nbsp;&nbsp;&nbsp;&nbsp;&nbsp;&nbsp;&nbsp;&nbsp;&nbsp;&nbsp;&nbsp;&nbsp;&nbsp;&nbsp;&nbsp;&nbsp;&nbsp;&nbsp; (i) Premobid Personality &nbsp;&nbsp;&nbsp;&nbsp;&nbsp;&nbsp;&nbsp;&nbsp;&nbsp;&nbsp;&nbsp;&nbsp;&nbsp;&nbsp;&nbsp;&nbsp;&nbsp;&nbsp;&nbsp;&nbsp;&nbsp;&nbsp;&nbsp;&nbsp;&nbsp;&nbsp;&nbsp;&nbsp;&nbsp;&nbsp;&nbsp;&nbsp;&nbsp;&nbsp;&nbsp;&nbsp;&nbsp;&nbsp;(J) Forensic History</span></span></p>

<p><span style=""font-size:11pt""><span style=""font-family:Calibri,sans-serif"">&nbsp;(9)&nbsp;&nbsp;&nbsp; Mental State Examination&nbsp; (If Applicable)</span></span></p>

<p><span style=""font-size:11pt""><span style=""font-family:Calibri,sans-serif"">&nbsp;&nbsp;&nbsp;&nbsp;&nbsp;&nbsp;&nbsp;&nbsp;&nbsp;&nbsp;&nbsp;&nbsp;&nbsp;&nbsp;&nbsp;&nbsp;&nbsp;&nbsp;&nbsp;&nbsp;&nbsp;&nbsp;&nbsp;&nbsp;&nbsp;&nbsp;&nbsp;&nbsp;&nbsp;&nbsp; (a) Appearance&nbsp;&nbsp;&nbsp;&nbsp;&nbsp;&nbsp;&nbsp;&nbsp;&nbsp;&nbsp;&nbsp;&nbsp;&nbsp;&nbsp;&nbsp;&nbsp;&nbsp;&nbsp;&nbsp;&nbsp;&nbsp;&nbsp;&nbsp;&nbsp;&nbsp;&nbsp;&nbsp;&nbsp;&nbsp;&nbsp;&nbsp; (b) Memory&nbsp;&nbsp;&nbsp;&nbsp;&nbsp;&nbsp;&nbsp;&nbsp;&nbsp;&nbsp;&nbsp;&nbsp;&nbsp;&nbsp;&nbsp;&nbsp;&nbsp;&nbsp;&nbsp;&nbsp;&nbsp; &nbsp;&nbsp;&nbsp;&nbsp;&nbsp;&nbsp;&nbsp;&nbsp;&nbsp;&nbsp;&nbsp;&nbsp;&nbsp;&nbsp;(c)&nbsp;&nbsp; Mood</span></span></p>

<p><span style=""font-size:11pt""><span style=""font-family:Calibri,sans-serif"">&nbsp;&nbsp;&nbsp;&nbsp;&nbsp;&nbsp;&nbsp;&nbsp;&nbsp;&nbsp;&nbsp;&nbsp;&nbsp;&nbsp;&nbsp;&nbsp;&nbsp;&nbsp;&nbsp;&nbsp;&nbsp;&nbsp;&nbsp;&nbsp;&nbsp;&nbsp;&nbsp;&nbsp;&nbsp;&nbsp;&nbsp; (d)&nbsp; Perception&nbsp;&nbsp;&nbsp;&nbsp;&nbsp;&nbsp;&nbsp;&nbsp;&nbsp;&nbsp;&nbsp;&nbsp;&nbsp;&nbsp;&nbsp;&nbsp;&nbsp;&nbsp;&nbsp;&nbsp;&nbsp;&nbsp;&nbsp;&nbsp;&nbsp;&nbsp;&nbsp;&nbsp;&nbsp;&nbsp;&nbsp; (e) speech and Language&nbsp;&nbsp;&nbsp;&nbsp;&nbsp;&nbsp;&nbsp;&nbsp;&nbsp;&nbsp;&nbsp;&nbsp;&nbsp;&nbsp;&nbsp;&nbsp;&nbsp;&nbsp;&nbsp;&nbsp;&nbsp;&nbsp; (f) Judgement</span></span></p>

<p><span style=""font-size:11pt""><span style=""font-family:Calibri,sans-serif"">&nbsp;&nbsp;&nbsp;&nbsp;&nbsp;&nbsp;&nbsp;&nbsp;&nbsp;&nbsp;&nbsp;&nbsp;&nbsp;&nbsp;&nbsp;&nbsp;&nbsp;&nbsp;&nbsp;&nbsp;&nbsp;&nbsp;&nbsp;&nbsp;&nbsp;&nbsp;&nbsp;&nbsp;&nbsp;&nbsp;&nbsp; (g) Insight</span></span></p>

<p><span style=""font-size:11pt""><span style=""font-family:Calibri,sans-serif"">(10)&nbsp;&nbsp;&nbsp;&nbsp; Initial Psychological Impression </span></span></p>

<p><span style=""font-size:11pt""><span style=""font-family:Calibri,sans-serif"">&nbsp;(11)&nbsp;&nbsp;&nbsp; Psychometric Examination Test Used: </span></span></p>

<p><span style=""font-size:11pt""><span style=""font-family:Calibri,sans-serif"">&nbsp;&nbsp;&nbsp; &nbsp;&nbsp;&nbsp;&nbsp;&nbsp;&nbsp;&nbsp;&nbsp;&nbsp;&nbsp;&nbsp;&nbsp;&nbsp;&nbsp;&nbsp;&nbsp;&nbsp;&nbsp;&nbsp;&nbsp;&nbsp;(a)&nbsp; Minnesota Multiphasic personality Inventory (MMP12)&nbsp; </span></span></p>

<p><span style=""font-size:11pt""><span style=""font-family:Calibri,sans-serif"">&nbsp;&nbsp;&nbsp;&nbsp;&nbsp;&nbsp;&nbsp;&nbsp;&nbsp;&nbsp;&nbsp;&nbsp;&nbsp;&nbsp;&nbsp;&nbsp;&nbsp;&nbsp;&nbsp;&nbsp;&nbsp;&nbsp;&nbsp;&nbsp; (b) Million Clinical Multiaxial Inventory &ndash; III </span></span></p>

<p><span style=""font-size:11pt""><span style=""font-family:Calibri,sans-serif"">&nbsp;&nbsp;&nbsp;&nbsp;&nbsp;&nbsp;&nbsp;&nbsp;&nbsp;&nbsp;&nbsp;&nbsp;&nbsp;&nbsp;&nbsp;&nbsp;&nbsp;&nbsp;&nbsp;&nbsp;&nbsp;&nbsp;&nbsp;&nbsp; (c) Eyesenck Personality Questionnaire (EPQ) </span></span></p>

<p><span style=""font-size:11pt""><span style=""font-family:Calibri,sans-serif"">&nbsp;&nbsp;&nbsp;&nbsp;&nbsp;&nbsp;&nbsp;&nbsp;&nbsp;&nbsp;&nbsp;&nbsp;&nbsp;&nbsp;&nbsp;&nbsp;&nbsp;&nbsp;&nbsp;&nbsp;&nbsp;&nbsp;&nbsp; (d) Minnesota Multiphasic Personality Inventory Adolescent Version (MMPI-A)</span></span></p>

<p><span style=""font-size:11pt""><span style=""font-family:Calibri,sans-serif"">&nbsp;&nbsp;&nbsp;&nbsp;&nbsp;&nbsp;&nbsp;&nbsp;&nbsp;&nbsp;&nbsp;&nbsp;&nbsp;&nbsp;&nbsp;&nbsp;&nbsp;&nbsp;&nbsp;&nbsp;&nbsp;&nbsp;&nbsp; (e) Draw &ndash; a &ndash; Person Test + (DAP)</span></span></p>

<p><span style=""font-size:11pt""><span style=""font-family:Calibri,sans-serif"">&nbsp; &nbsp; &nbsp; &nbsp; &nbsp; &nbsp; &nbsp; &nbsp; &nbsp; &nbsp; &nbsp; &nbsp; (f) Draw &ndash; a &ndash; Person I Q Test (DAP &ndash; IQ)</span></span></p>

<p><span style=""font-size:11pt""><span style=""font-family:Calibri,sans-serif"">&nbsp; &nbsp; &nbsp; &nbsp; &nbsp; &nbsp; &nbsp; &nbsp; &nbsp; &nbsp; &nbsp; &nbsp; (g) Incomplete Sentence Blank College Form ( ISBC) </span></span></p>

<p><span style=""font-size:11pt""><span style=""font-family:Calibri,sans-serif"">&nbsp; &nbsp; &nbsp; &nbsp; &nbsp; &nbsp; &nbsp; &nbsp; &nbsp; &nbsp; &nbsp; &nbsp; (h) Blossom Drawing Coordination Test (SCDT)</span></span></p>

<p><span style=""font-size:11pt""><span style=""font-family:Calibri,sans-serif"">&nbsp; &nbsp; &nbsp; &nbsp; &nbsp; &nbsp; &nbsp; &nbsp; &nbsp; &nbsp; &nbsp; &nbsp; (I)&nbsp; Bendal Gestalt Test of Memory Dysfunction (BGT)</span></span></p>

<p><span style=""font-size:11pt""><span style=""font-family:Calibri,sans-serif"">&nbsp; &nbsp; &nbsp; &nbsp; &nbsp; &nbsp; &nbsp; &nbsp; &nbsp; &nbsp; &nbsp; &nbsp; (J) Wechsler Adult Intelligence Scale (WAIS)</span></span></p>

<p><span style=""font-size:11pt""><span style=""font-family:Calibri,sans-serif"">&nbsp; &nbsp; &nbsp; &nbsp; &nbsp; &nbsp; &nbsp; &nbsp; &nbsp; &nbsp; &nbsp; &nbsp; (K) Wechsler Intelligence Scale for children (WISC)</span></span></p>

<p><span style=""font-size:11pt""><span style=""font-family:Calibri,sans-serif"">&nbsp; &nbsp; &nbsp; &nbsp; &nbsp; &nbsp; &nbsp; &nbsp; &nbsp; &nbsp; &nbsp; &nbsp; (l) Wechsler Preschool and Primary Scale of Intelligence (WPPIS &ndash; IV) </span></span></p>

<p><span style=""font-size:11pt""><span style=""font-family:Calibri,sans-serif"">&nbsp; &nbsp; &nbsp; &nbsp; &nbsp; &nbsp; &nbsp; &nbsp; &nbsp; &nbsp; &nbsp; &nbsp;(m) Cambridge Prospective Memory Test (CPMT) </span></span></p>

<p><span style=""font-size:11pt""><span style=""font-family:Calibri,sans-serif"">&nbsp; &nbsp; &nbsp; &nbsp; &nbsp; &nbsp; &nbsp; &nbsp; &nbsp; &nbsp; &nbsp; &nbsp;(n) Miller Forensic Assessment Symptoms Test (MFAST) </span></span></p>

<p><span style=""font-size:11pt""><span style=""font-family:Calibri,sans-serif"">&nbsp; &nbsp; &nbsp; &nbsp; &nbsp; &nbsp; &nbsp; &nbsp; &nbsp; &nbsp; &nbsp; &nbsp;(o) Thematic Apperception Test (TAT)</span></span></p>

<p><span style=""font-size:11pt""><span style=""font-family:Calibri,sans-serif"">&nbsp; &nbsp; &nbsp; &nbsp; &nbsp; &nbsp; &nbsp; &nbsp; &nbsp; &nbsp; &nbsp; &nbsp;(p) Rorschach Inkblot Test (RIT)</span></span></p>

<p><span style=""font-size:11pt""><span style=""font-family:Calibri,sans-serif"">&nbsp; &nbsp; &nbsp; &nbsp; &nbsp; &nbsp; &nbsp; &nbsp; &nbsp; &nbsp; &nbsp; &nbsp;(q) Others </span></span></p>

<p>&nbsp;</p>

<p><span style=""font-size:11pt""><span style=""font-family:Calibri,sans-serif"">&nbsp; &nbsp; &nbsp; &nbsp; &nbsp; &nbsp; &nbsp; &nbsp; &nbsp; &nbsp; &nbsp; &nbsp; (r) Vineland Adaptive Behaviour Scale</span></span></p>

<p>&nbsp;</p>

<p><span style=""font-size:11pt""><span style=""font-family:Calibri,sans-serif"">12. &nbsp;Test Behaviour:</span></span></p>

<p><span style=""font-size:11pt""><span style=""font-family:Calibri,sans-serif"">13.&nbsp; Rationale for &nbsp;Testing:</span></span></p>

<p><span style=""font-size:11pt""><span style=""font-family:Calibri,sans-serif"">14. Test Results:</span></span></p>

<p><span style=""font-size:11pt""><span style=""font-family:Calibri,sans-serif"">15. Impression / Psychodiagnosis : &nbsp;(a)&nbsp; Gifted or very Superior&nbsp; (b) Above Average Intelligence</span></span></p>

<p><span style=""font-size:11pt""><span style=""font-family:Calibri,sans-serif"">&nbsp;&nbsp;&nbsp;&nbsp;&nbsp;&nbsp;&nbsp; (c) Average Intelligence&nbsp;&nbsp; (d) Below Average Intelligence&nbsp;&nbsp;&nbsp; (e) Extremely Low &nbsp;Intelligence</span></span></p>

<p><span style=""font-size:11pt""><span style=""font-family:Calibri,sans-serif"">&nbsp;&nbsp;&nbsp;&nbsp;&nbsp;&nbsp;&nbsp;&nbsp;&nbsp; (f) Border line Intelligence&nbsp; (g) Mid Intellectual Disability&nbsp;&nbsp; (h) Moderate Intellectual Disability</span></span></p>

<p><span style=""font-size:11pt""><span style=""font-family:Calibri,sans-serif"">&nbsp;&nbsp;&nbsp;&nbsp;&nbsp;&nbsp;&nbsp;&nbsp;&nbsp; (i) Severe Intellectual Disability &nbsp;&nbsp;&nbsp;(j) Profound Intellectual Disability&nbsp; &nbsp;(k) Cognitive Impairment mild</span></span></p>

<p><span style=""font-size:11pt""><span style=""font-family:Calibri,sans-serif"">&nbsp;&nbsp;&nbsp;&nbsp;&nbsp;&nbsp;&nbsp;&nbsp;&nbsp; (l) Moderate Cognitive Impairment&nbsp;&nbsp;&nbsp; (m) Severe Cognitive Impairment&nbsp; (n) Antisocial Personality</span></span></p>

<p><span style=""font-size:11pt""><span style=""font-family:Calibri,sans-serif"">&nbsp;&nbsp;&nbsp;&nbsp;&nbsp;&nbsp;&nbsp;&nbsp;&nbsp; (o) Paranoid Personality&nbsp; &nbsp;&nbsp;&nbsp;&nbsp;(p) Schizoid Personality&nbsp;&nbsp;&nbsp; (q) Schizotypal (r) Histrionic Personality</span></span></p>

<p><span style=""font-size:11pt""><span style=""font-family:Calibri,sans-serif"">&nbsp;&nbsp;&nbsp;&nbsp;&nbsp;&nbsp;&nbsp;&nbsp;&nbsp;&nbsp; (s) Marcissistic Personality&nbsp;&nbsp; &nbsp;(t) Borderline Personality&nbsp;&nbsp; &nbsp;(u) Aviodant Personality&nbsp; &nbsp;&nbsp;&nbsp;&nbsp;&nbsp;&nbsp;&nbsp;</span></span></p>

<p><span style=""font-size:11pt""><span style=""font-family:Calibri,sans-serif"">&nbsp;&nbsp;&nbsp;&nbsp;&nbsp;&nbsp;&nbsp;&nbsp;&nbsp;&nbsp;&nbsp; (v) Passive &nbsp;Aggressive Personality &nbsp;(w) Obsessive Compulsive Personality (x) Dependant &nbsp;&nbsp;&nbsp;Personality&nbsp;&nbsp;&nbsp;&nbsp;&nbsp;&nbsp;&nbsp; (y) Personality change due to other &nbsp;medical&nbsp; neurological condition&nbsp;&nbsp; </span></span></p>

<p><span style=""font-size:11pt""><span style=""font-family:Calibri,sans-serif"">&nbsp;&nbsp;&nbsp;&nbsp;&nbsp;&nbsp;&nbsp;&nbsp;&nbsp; (z) Unspecified Personality Disorder (a2) Others</span></span></p>

<p><span style=""font-size:11pt""><span style=""font-family:Calibri,sans-serif"">16. Formulations:</span></span></p>

<p><span style=""font-size:11pt""><span style=""font-family:Calibri,sans-serif"">17. Problem Indentified:</span></span></p>

<p><span style=""font-size:11pt""><span style=""font-family:Calibri,sans-serif"">18. Treatment mode: 1(a) Individual Psychotherapy&nbsp; (b) Group Therapy &nbsp;(c) Family Therapy (d) Cognitive Behavioural&nbsp; Therapy&nbsp;&nbsp; (e) Rational Emotive Behavioural Therapy&nbsp; (f) Psychoanalytical Therapy &nbsp;&nbsp;&nbsp;&nbsp;&nbsp;&nbsp;&nbsp;&nbsp;&nbsp;&nbsp;&nbsp;&nbsp;&nbsp;&nbsp;&nbsp;&nbsp;(g) &nbsp;Dialectical Behavioural Therapy&nbsp; (h) ( Ecelectic Therapy&nbsp;&nbsp; (I) Hypnotherapy&nbsp; (j) Eye Movement Desensilzation and Reprocessing &nbsp;(k) Others&nbsp;&nbsp; (l) Supportive Psychotherapy&nbsp; (m) Psycho Education&nbsp; </span></span></p>

<p><span style=""font-size:11pt""><span style=""font-family:Calibri,sans-serif"">(n) Parental Educational and Training&nbsp;&nbsp; (o) &nbsp;Motivation Enhancement Therapy (p)&nbsp; Drug&nbsp; Education&nbsp; </span></span></p>

<p><span style=""font-size:11pt""><span style=""font-family:Calibri,sans-serif"">(q) Insight Therapy&nbsp;&nbsp; (r) Psychological Review </span></span></p>

<p><span style=""font-size:11pt""><span style=""font-family:Calibri,sans-serif"">1(b )&nbsp; Behavioural Modification&nbsp;&nbsp;&nbsp; (a) Counter Conditioning&nbsp; (b) Punishment&nbsp; (c) &nbsp;Positive / Negative Reinforcement&nbsp;&nbsp; (d) Systematic Desensitization&nbsp; (e) &nbsp;Aversive &nbsp;Therapy&nbsp; (f) Role Modeling </span></span></p>

<p><span style=""font-size:11pt""><span style=""font-family:Calibri,sans-serif"">(g) Individualized Educational Program&nbsp; (h) Flooding&nbsp; (i) Time out (j)&nbsp; Relaxation Technique&nbsp; </span></span></p>

<p><span style=""font-size:11pt""><span style=""font-family:Calibri,sans-serif"">(k) Social Skill Training </span></span></p>

<p><span style=""font-size:11pt""><span style=""font-family:Calibri,sans-serif"">20. &nbsp;Referrals: (a) Psychiatrist&nbsp;&nbsp; (b) Neurologist&nbsp; (c) Speech Therapist&nbsp;&nbsp;&nbsp; (d)&nbsp; Special Education &nbsp;&nbsp;&nbsp;&nbsp;&nbsp;&nbsp;&nbsp;&nbsp;&nbsp;&nbsp;</span></span></p>

<p><span style=""font-size:11.0pt""><span style=""font-family:&quot;Calibri&quot;,sans-serif"">&nbsp;&nbsp;&nbsp;&nbsp;&nbsp;&nbsp;&nbsp;&nbsp;&nbsp;&nbsp;&nbsp;&nbsp; (e) Occupational &nbsp;Therapist&nbsp;&nbsp; (f) Physiotherapist&nbsp; (g) DATER&nbsp;&nbsp;&nbsp; (h) Others:</span></span></p>
",PSYCHOLOGICAL CHECKLIST FOR OFFICIAL ACTIVITIES,CLINICAL NOTE
1623,"<p><span style=""font-size:11pt""><span style=""font-family:Calibri,sans-serif"">Description of symptoms:&nbsp; &nbsp; &nbsp; &nbsp; &nbsp; &nbsp; &nbsp; &nbsp; &nbsp; &nbsp; &nbsp; &nbsp; &nbsp; &nbsp; &nbsp; &nbsp; &nbsp; &nbsp; &nbsp; &nbsp; &nbsp; &nbsp; &nbsp; Loss of or impaired consciousness YES/NO &nbsp;&nbsp;&nbsp;&nbsp;&nbsp;&nbsp;&nbsp;&nbsp;&nbsp;&nbsp;&nbsp;&nbsp;&nbsp;&nbsp;&nbsp;&nbsp;&nbsp;&nbsp;&nbsp;&nbsp;&nbsp;&nbsp;&nbsp;&nbsp;&nbsp;&nbsp;&nbsp;&nbsp;&nbsp;&nbsp;&nbsp;&nbsp;&nbsp;&nbsp;&nbsp;&nbsp;&nbsp;&nbsp;&nbsp;&nbsp;&nbsp;&nbsp;&nbsp;&nbsp;&nbsp;&nbsp;&nbsp;&nbsp;&nbsp;&nbsp;&nbsp;&nbsp;&nbsp;&nbsp;&nbsp;&nbsp;</span></span></p>

<p><span style=""font-size:11pt""><span style=""font-family:Calibri,sans-serif"">&nbsp;&nbsp;&nbsp;&nbsp;&nbsp;&nbsp;&nbsp;&nbsp;&nbsp;&nbsp;&nbsp;&nbsp;&nbsp;&nbsp;&nbsp;&nbsp;&nbsp;&nbsp;&nbsp;&nbsp;&nbsp;&nbsp;&nbsp;&nbsp;&nbsp;&nbsp;&nbsp;&nbsp;&nbsp;&nbsp;&nbsp;&nbsp;&nbsp;&nbsp;&nbsp;&nbsp;&nbsp;&nbsp;&nbsp;&nbsp;&nbsp;&nbsp;&nbsp;&nbsp;&nbsp;&nbsp;&nbsp;&nbsp; &nbsp;&nbsp;&nbsp;&nbsp;&nbsp;&nbsp;&nbsp;&nbsp;&nbsp;&nbsp;&nbsp;&nbsp;&nbsp;&nbsp;&nbsp;&nbsp;&nbsp;&nbsp;&nbsp;&nbsp;&nbsp;&nbsp;&nbsp;&nbsp;&nbsp;&nbsp;&nbsp;&nbsp;&nbsp;&nbsp;&nbsp;&nbsp;&nbsp;&nbsp;&nbsp;&nbsp;&nbsp;Stiffness, rigidity lasting longer than 1-2 minutes YES/NO</span></span></p>

<p><span style=""font-size:11pt""><span style=""font-family:Calibri,sans-serif"">&nbsp; &nbsp; &nbsp; &nbsp; &nbsp; &nbsp; &nbsp; &nbsp; &nbsp; &nbsp; &nbsp; &nbsp; &nbsp; &nbsp; &nbsp; &nbsp; &nbsp; &nbsp; &nbsp; &nbsp; &nbsp; &nbsp; &nbsp; &nbsp; &nbsp; &nbsp; &nbsp; &nbsp; &nbsp; &nbsp; &nbsp; &nbsp; &nbsp; &nbsp; &nbsp; &nbsp; &nbsp; &nbsp; &nbsp; &nbsp; &nbsp; &nbsp; &nbsp; Convulsive movement lasting longer that 1-2 minutes YES/NO&nbsp; &nbsp; &nbsp; &nbsp; &nbsp; &nbsp; &nbsp; &nbsp; &nbsp; &nbsp; &nbsp; &nbsp; &nbsp; &nbsp; &nbsp; &nbsp; &nbsp; &nbsp; &nbsp; &nbsp; &nbsp; &nbsp; &nbsp; &nbsp; &nbsp; &nbsp; &nbsp; &nbsp; A&nbsp; &nbsp; &nbsp; &nbsp; &nbsp; &nbsp; &nbsp; &nbsp; &nbsp; &nbsp; &nbsp; &nbsp; &nbsp; &nbsp; &nbsp; &nbsp; &nbsp; &nbsp; &nbsp; &nbsp; &nbsp; &nbsp; &nbsp; &nbsp; &nbsp; &nbsp; &nbsp; &nbsp; &nbsp; &nbsp; &nbsp; &nbsp; &nbsp; &nbsp; &nbsp; &nbsp; &nbsp; &nbsp; &nbsp; Tongue bite or self &nbsp;injury YES/NO</span></span></p>

<p><span style=""font-size:11pt""><span style=""font-family:Calibri,sans-serif"">&nbsp; &nbsp; &nbsp; &nbsp; &nbsp; &nbsp; &nbsp; &nbsp; &nbsp; &nbsp; &nbsp; &nbsp; &nbsp; &nbsp; &nbsp; &nbsp; &nbsp; &nbsp; &nbsp; &nbsp; &nbsp; &nbsp; &nbsp; &nbsp; &nbsp; &nbsp; &nbsp; &nbsp; &nbsp; &nbsp; &nbsp; &nbsp; &nbsp; &nbsp; &nbsp; &nbsp; &nbsp; &nbsp; &nbsp; &nbsp; &nbsp; &nbsp; &nbsp; Incontinence of urine and/or feaces &nbsp;YES/NO&nbsp;&nbsp;&nbsp;&nbsp;&nbsp;&nbsp;&nbsp;&nbsp;&nbsp;&nbsp;&nbsp;&nbsp;&nbsp;&nbsp;&nbsp;&nbsp;&nbsp;&nbsp;&nbsp;&nbsp;&nbsp;&nbsp;&nbsp;&nbsp;&nbsp;&nbsp;&nbsp;&nbsp;&nbsp;&nbsp;&nbsp;&nbsp;&nbsp;&nbsp;&nbsp;&nbsp;&nbsp;&nbsp;&nbsp;&nbsp;&nbsp;&nbsp;&nbsp;&nbsp;&nbsp;&nbsp;&nbsp;&nbsp;&nbsp;&nbsp;&nbsp;&nbsp; </span></span></p>

<p><span style=""font-size:11pt""><span style=""font-family:Calibri,sans-serif"">After the abnormal movement: fatigue, drowsiness, sleepiness,&nbsp; &nbsp; &nbsp; &nbsp; &nbsp; &nbsp; &nbsp; &nbsp; &nbsp; </span></span></p>

<p><span style=""font-size:11pt""><span style=""font-family:Calibri,sans-serif"">Confusion, abnormal behavior, headache or muscle aches</span></span></p>

<p><span style=""font-size:11pt""><span style=""font-family:Calibri,sans-serif"">Date of first episode:&nbsp;&nbsp;&nbsp;&nbsp;&nbsp;&nbsp;&nbsp;&nbsp;&nbsp;&nbsp;&nbsp;&nbsp;&nbsp;&nbsp;&nbsp;&nbsp;&nbsp;&nbsp;&nbsp;&nbsp; &nbsp;&nbsp;&nbsp;&nbsp;&nbsp;&nbsp;Fever, headache, or stiff neck YES/NO&nbsp; &nbsp;&nbsp;&nbsp;&nbsp;&nbsp;&nbsp;&nbsp;&nbsp;&nbsp;&nbsp;&nbsp;&nbsp;&nbsp;&nbsp;&nbsp;&nbsp;&nbsp;Recent head injury YES/NO</span></span></p>

<p>&nbsp;</p>

<p><span style=""font-size:11pt""><span style=""font-family:Calibri,sans-serif"">Impact on daily life and relationships:</span></span></p>

<p><span style=""font-size:11pt""><span style=""font-family:Calibri,sans-serif"">&nbsp;&nbsp;&nbsp;&nbsp;&nbsp;&nbsp;&nbsp;&nbsp;&nbsp;&nbsp;&nbsp;&nbsp;&nbsp;&nbsp;&nbsp;&nbsp;&nbsp;&nbsp;&nbsp;&nbsp;&nbsp;&nbsp;&nbsp;&nbsp;&nbsp;&nbsp;&nbsp;&nbsp;&nbsp;&nbsp;&nbsp;&nbsp;&nbsp;&nbsp;&nbsp;&nbsp;&nbsp;&nbsp;&nbsp;&nbsp;&nbsp;&nbsp;&nbsp;&nbsp;&nbsp;&nbsp;&nbsp;&nbsp;&nbsp;&nbsp;&nbsp;&nbsp;&nbsp;&nbsp; B&nbsp;&nbsp;&nbsp;&nbsp; Substance use/withdrawal&nbsp; &nbsp; &nbsp; &nbsp; &nbsp; &nbsp; &nbsp; &nbsp;&nbsp;</span></span></p>

<p><span style=""font-size:11pt""><span style=""font-family:Calibri,sans-serif"">&nbsp;&nbsp;&nbsp;&nbsp;&nbsp;&nbsp;&nbsp;&nbsp;&nbsp;&nbsp;&nbsp;&nbsp;&nbsp;&nbsp;&nbsp;&nbsp;&nbsp;&nbsp;&nbsp;&nbsp;&nbsp;&nbsp;&nbsp;&nbsp;&nbsp;&nbsp;&nbsp;&nbsp;&nbsp;&nbsp;&nbsp;&nbsp;&nbsp;&nbsp;&nbsp;&nbsp;&nbsp;&nbsp;&nbsp;&nbsp;&nbsp;&nbsp;&nbsp;&nbsp;&nbsp;&nbsp;&nbsp;&nbsp;&nbsp;&nbsp;&nbsp;&nbsp;&nbsp;&nbsp;&nbsp;&nbsp;&nbsp;&nbsp;&nbsp;&nbsp;&nbsp; Other medical condition YES/NO</span></span></p>

<p>&nbsp;</p>

<p><span style=""font-size:11pt""><span style=""font-family:Calibri,sans-serif"">&nbsp;&nbsp;&nbsp;&nbsp;&nbsp;&nbsp;&nbsp;&nbsp;&nbsp;&nbsp;&nbsp;&nbsp;&nbsp;&nbsp;&nbsp;&nbsp;&nbsp;&nbsp;&nbsp;&nbsp;&nbsp;&nbsp;&nbsp;&nbsp;&nbsp;&nbsp;&nbsp;&nbsp;&nbsp;&nbsp;&nbsp;&nbsp;&nbsp;&nbsp;&nbsp;&nbsp;&nbsp;&nbsp;&nbsp;&nbsp;&nbsp;&nbsp;&nbsp;&nbsp;&nbsp;&nbsp;&nbsp;&nbsp;&nbsp;&nbsp;&nbsp;&nbsp;&nbsp;&nbsp;&nbsp;&nbsp;&nbsp;&nbsp;&nbsp;&nbsp;&nbsp;&nbsp;&nbsp; Seizure persists for at least 20 minutes YES/NO</span></span></p>

<p><span style=""font-size:11pt""><span style=""font-family:Calibri,sans-serif"">&nbsp;&nbsp;&nbsp;&nbsp;&nbsp;&nbsp;&nbsp;&nbsp;&nbsp;&nbsp;&nbsp;&nbsp;&nbsp;&nbsp;&nbsp;&nbsp;&nbsp;&nbsp;&nbsp;&nbsp;&nbsp;&nbsp;&nbsp;&nbsp;&nbsp;&nbsp;&nbsp;&nbsp;&nbsp;&nbsp;&nbsp;&nbsp;&nbsp;&nbsp;&nbsp;&nbsp;&nbsp;&nbsp;&nbsp;&nbsp;&nbsp;&nbsp;&nbsp;&nbsp;&nbsp;&nbsp;&nbsp;&nbsp;&nbsp;&nbsp;&nbsp;&nbsp;&nbsp;&nbsp;&nbsp;&nbsp;&nbsp;&nbsp; C&nbsp;&nbsp;&nbsp; Multiple episodes of seizure without returning to baseline YES/NO</span></span></p>

<p><span style=""font-size:11pt""><span style=""font-family:Calibri,sans-serif"">&nbsp;&nbsp;&nbsp;&nbsp;&nbsp;&nbsp;&nbsp;&nbsp;&nbsp;&nbsp;&nbsp;&nbsp;&nbsp;&nbsp;&nbsp;&nbsp;&nbsp;&nbsp;&nbsp;&nbsp;&nbsp;&nbsp;&nbsp;&nbsp;&nbsp;&nbsp;&nbsp;&nbsp;&nbsp;&nbsp;&nbsp;&nbsp;&nbsp;&nbsp;&nbsp;&nbsp;&nbsp;&nbsp;&nbsp;&nbsp;&nbsp;&nbsp;&nbsp;&nbsp;&nbsp;&nbsp;&nbsp;&nbsp;&nbsp;&nbsp;&nbsp;&nbsp;&nbsp;&nbsp;&nbsp;&nbsp;&nbsp;&nbsp;&nbsp;&nbsp;&nbsp;&nbsp;&nbsp;&nbsp;&nbsp;&nbsp;&nbsp;&nbsp;&nbsp;&nbsp;&nbsp;&nbsp;&nbsp;&nbsp;&nbsp;&nbsp;&nbsp;&nbsp;&nbsp;&nbsp;&nbsp;&nbsp;&nbsp;&nbsp;&nbsp;&nbsp;&nbsp;&nbsp;&nbsp;&nbsp;&nbsp;&nbsp;&nbsp;&nbsp;&nbsp;&nbsp;&nbsp;&nbsp;&nbsp;&nbsp;&nbsp;&nbsp;&nbsp;&nbsp;&nbsp;&nbsp;&nbsp;&nbsp;&nbsp;&nbsp;&nbsp;&nbsp;&nbsp;&nbsp;&nbsp;&nbsp;&nbsp;&nbsp;&nbsp;&nbsp;&nbsp;&nbsp;&nbsp;&nbsp;&nbsp;&nbsp;&nbsp;&nbsp;&nbsp;&nbsp;&nbsp;&nbsp;&nbsp; Between the intervals</span></span></p>

<p><span style=""font-size:11pt""><span style=""font-family:Calibri,sans-serif"">Patient&rsquo;s understanding of problems:&nbsp;&nbsp;&nbsp;&nbsp;&nbsp;&nbsp;&nbsp;&nbsp;&nbsp;&nbsp;&nbsp;&nbsp;&nbsp;&nbsp;&nbsp;&nbsp;&nbsp;&nbsp;&nbsp;&nbsp;&nbsp;&nbsp;&nbsp;&nbsp;&nbsp;&nbsp;&nbsp;&nbsp;&nbsp;&nbsp;&nbsp;&nbsp;&nbsp;&nbsp;&nbsp;&nbsp;&nbsp;&nbsp;&nbsp;&nbsp; &nbsp;&nbsp;&nbsp;&nbsp;Is the patient a child (&lt; 16 years )&nbsp;&nbsp;YES/NO</span></span></p>

<p><span style=""font-size:11pt""><span style=""font-family:Calibri,sans-serif"">&nbsp;&nbsp;&nbsp;&nbsp;&nbsp;&nbsp;&nbsp;&nbsp;&nbsp;&nbsp;&nbsp;&nbsp;&nbsp;&nbsp;&nbsp;&nbsp;&nbsp;&nbsp;&nbsp;&nbsp;&nbsp;&nbsp;&nbsp;&nbsp;&nbsp;&nbsp;&nbsp;&nbsp;&nbsp;&nbsp;&nbsp;&nbsp;&nbsp;&nbsp;&nbsp;&nbsp;&nbsp;&nbsp;&nbsp;&nbsp;&nbsp;&nbsp;&nbsp;&nbsp;&nbsp;&nbsp;&nbsp;&nbsp;&nbsp;&nbsp;&nbsp;&nbsp;&nbsp;&nbsp;&nbsp;&nbsp;&nbsp;&nbsp;&nbsp; D&nbsp;&nbsp;&nbsp;&nbsp;&nbsp;&nbsp;&nbsp;&nbsp;&nbsp; If No go to Box E, if Yes, does the child have associate YES/NO</span></span></p>

<p>&nbsp;</p>

<p><span style=""font-size:11pt""><span style=""font-family:Calibri,sans-serif"">&nbsp;&nbsp;&nbsp;&nbsp;&nbsp;&nbsp;&nbsp;&nbsp;&nbsp;&nbsp;&nbsp;&nbsp;&nbsp;&nbsp;&nbsp;&nbsp;&nbsp;&nbsp;&nbsp;&nbsp;&nbsp;&nbsp;&nbsp;&nbsp;&nbsp;&nbsp;&nbsp;&nbsp;&nbsp;&nbsp;&nbsp;&nbsp;&nbsp;&nbsp;&nbsp;&nbsp;&nbsp;&nbsp;&nbsp;&nbsp;&nbsp;&nbsp;&nbsp;&nbsp;&nbsp;&nbsp;&nbsp;&nbsp;&nbsp;&nbsp;&nbsp;&nbsp;&nbsp;&nbsp;&nbsp;&nbsp;&nbsp;&nbsp;&nbsp;&nbsp;&nbsp;&nbsp;&nbsp;&nbsp;&nbsp;&nbsp;&nbsp;&nbsp;&nbsp;&nbsp;&nbsp;&nbsp;&nbsp;&nbsp;&nbsp;&nbsp;&nbsp;&nbsp;&nbsp;&nbsp;&nbsp;&nbsp; &nbsp;Intellectual disability or behavioural problems YES/NO</span></span></p>

<p><span style=""font-size:11pt""><span style=""font-family:Calibri,sans-serif"">Patient&rsquo;s expectations of treatment &nbsp;&nbsp;&nbsp;&nbsp;&nbsp;&nbsp;&nbsp;&nbsp;&nbsp;&nbsp;&nbsp;&nbsp;&nbsp;&nbsp;&nbsp;&nbsp;&nbsp;&nbsp;Is the patient a woman of childbearing age ( between&nbsp;and menopause )&nbsp;YES/NO</span></span></p>

<p>&nbsp;</p>

<p>&nbsp;</p>

<p>&nbsp;</p>

<p><span style=""font-size:11pt""><span style=""font-family:Calibri,sans-serif"">&nbsp;&nbsp;&nbsp;&nbsp;&nbsp;&nbsp;&nbsp;&nbsp;&nbsp;&nbsp;&nbsp;&nbsp;&nbsp;&nbsp;&nbsp;&nbsp;&nbsp;&nbsp;&nbsp;&nbsp;&nbsp;&nbsp;&nbsp;&nbsp;&nbsp;&nbsp;&nbsp;&nbsp;&nbsp;&nbsp;&nbsp;&nbsp;&nbsp;&nbsp;&nbsp;&nbsp;&nbsp;&nbsp;&nbsp;&nbsp;&nbsp;&nbsp;&nbsp;&nbsp;&nbsp;&nbsp;&nbsp;&nbsp;&nbsp;&nbsp;&nbsp;&nbsp;&nbsp;&nbsp;&nbsp;&nbsp;&nbsp;&nbsp;&nbsp;&nbsp;&nbsp;&nbsp;&nbsp;&nbsp;&nbsp;&nbsp; E&nbsp;&nbsp;&nbsp;&nbsp;&nbsp;&nbsp;&nbsp;&nbsp;&nbsp; &nbsp;&nbsp;&nbsp;&nbsp;</span></span></p>

<p><span style=""font-size:11pt""><span style=""font-family:Calibri,sans-serif"">&nbsp;&nbsp;&nbsp;&nbsp;&nbsp;&nbsp;&nbsp;&nbsp;&nbsp; &nbsp;&nbsp;&nbsp;&nbsp;&nbsp;&nbsp;&nbsp;&nbsp;&nbsp;&nbsp;&nbsp;&nbsp;&nbsp;&nbsp;&nbsp;&nbsp;&nbsp;&nbsp;&nbsp;&nbsp;&nbsp;&nbsp;&nbsp;&nbsp;&nbsp;&nbsp;&nbsp;&nbsp;&nbsp;&nbsp;&nbsp;&nbsp;&nbsp;&nbsp;&nbsp;&nbsp;&nbsp;&nbsp;&nbsp;&nbsp;&nbsp;&nbsp;&nbsp;&nbsp;&nbsp;&nbsp;&nbsp;&nbsp;&nbsp;&nbsp;&nbsp;&nbsp;&nbsp;&nbsp;&nbsp;&nbsp;&nbsp;&nbsp;&nbsp;&nbsp;&nbsp;&nbsp;&nbsp;&nbsp;&nbsp;&nbsp;&nbsp;&nbsp;&nbsp;If No, go to interventions, If Yes, is she pregnant? </span></span></p>

<p><span style=""font-size:11pt""><span style=""font-family:Calibri,sans-serif"">&nbsp;&nbsp;&nbsp;&nbsp;&nbsp;&nbsp;&nbsp;&nbsp;&nbsp;&nbsp; &nbsp;&nbsp;&nbsp;&nbsp;&nbsp;&nbsp;&nbsp;&nbsp;&nbsp;&nbsp;&nbsp;&nbsp;&nbsp;&nbsp;&nbsp;&nbsp;&nbsp;&nbsp;&nbsp;&nbsp;&nbsp;&nbsp;&nbsp;&nbsp;&nbsp;&nbsp;&nbsp;&nbsp;&nbsp;&nbsp;&nbsp;&nbsp;&nbsp;&nbsp;&nbsp;&nbsp;&nbsp;&nbsp;&nbsp;&nbsp;&nbsp;&nbsp;&nbsp;&nbsp;&nbsp;&nbsp;&nbsp;&nbsp;&nbsp;&nbsp;&nbsp;&nbsp;&nbsp;&nbsp;&nbsp;&nbsp;&nbsp;&nbsp;&nbsp;&nbsp;&nbsp;&nbsp;&nbsp;&nbsp;&nbsp;&nbsp;&nbsp;&nbsp;&nbsp;&nbsp;&nbsp;&nbsp;&nbsp;&nbsp;&nbsp;&nbsp;&nbsp;&nbsp;&nbsp;&nbsp;&nbsp;&nbsp;&nbsp;&nbsp;&nbsp;&nbsp;&nbsp;&nbsp;&nbsp;&nbsp;&nbsp;&nbsp;&nbsp;&nbsp;&nbsp;&nbsp;&nbsp;&nbsp;&nbsp;&nbsp;&nbsp;&nbsp;&nbsp;&nbsp;&nbsp;&nbsp;&nbsp;&nbsp;&nbsp;&nbsp;&nbsp;&nbsp;&nbsp;&nbsp;&nbsp;&nbsp;&nbsp;&nbsp;&nbsp;Is she breastfeeding? </span></span></p>
",RECORD SHEET FOR EPILEPSY ?ASSESSMENT,CLINICAL NOTE
1628,"<p><span style=""font-size:11pt""><span style=""font-family:Calibri,sans-serif""><span style=""font-size:14.0pt"">.&nbsp; NATURE AND DEGREE OR RISK? HOW LIKELY IS IT?</span></span></span></p>

<p><span style=""font-size:11pt""><span style=""font-family:Calibri,sans-serif""><span style=""font-size:14.0pt"">.&nbsp; PAST HISTORY OF SUICIDE ATTEMPTS, SELF-HARM, SERIOUS SELF NEGLECT, EXPLOITATION/ VULNERABILITY</span></span></span></p>

<p><span style=""font-size:11pt""><span style=""font-family:Calibri,sans-serif""><span style=""font-size:14.0pt"">.&nbsp; RELATIONSHIP BETWEEN RISK AND MENTAL DISORDER, CURRENT SIOCIAL CIRCUMSTANCES OR OTHER CONTEXTUAL WHAT FACTORS</span></span></span></p>

<p><span style=""font-size:11pt""><span style=""font-family:Calibri,sans-serif""><span style=""font-size:14.0pt"">.&nbsp; DIFFERENTIATE BETWEEN RISK OF SUICIDE AND RISK OF SELF- HARM ING BEHAVIOURS MEAN TO THE PATIENTS</span></span></span></p>

<p><span style=""font-size:11pt""><span style=""font-family:Calibri,sans-serif""><span style=""font-size:14.0pt"">.&nbsp; RISK OF ABSCODENCE/GOING MISSING</span></span></span></p>

<p><span style=""font-size:11pt""><span style=""font-family:Calibri,sans-serif""><span style=""font-size:14.0pt"">.&nbsp; FACTORS INCREASING THE RISK AND PROTECTION FACTORS THAT REDUCE RISK PREVIOUS HELPFUL INTERVENTIONS</span></span></span></p>

<p><span style=""font-size:11pt""><span style=""font-family:Calibri,sans-serif""><span style=""font-size:14.0pt"">.&nbsp; CLIENT&rsquo;S CAREERS AND OTHER VIEWS OF RISK&nbsp;&nbsp; ( INCLUDING CHILDREN&rsquo;S VIEWS)</span></span></span></p>

<p><span style=""font-size:11pt""><span style=""font-family:Calibri,sans-serif""><span style=""font-size:14.0pt"">. GAPS IN INFORMATION</span></span></span></p>

<p><span style=""font-size:11pt""><span style=""font-family:Calibri,sans-serif""><span style=""font-size:14.0pt"">. ENSURE ALL RISK IDENTIFIED IN THE ASSESSMENT ARE REFLECTED IN THE FORMULATION AND SUBSEQUENT PLAN</span></span></span></p>

<p><span style=""font-size:11pt""><span style=""font-family:Calibri,sans-serif""><span style=""font-size:14.0pt"">.&nbsp; CONSIDER THE PERSON&rsquo;S CAPACITY</span></span></span></p>

<p>&nbsp;</p>

<p>&nbsp;</p>

<p>&nbsp;</p>

<p>&nbsp;</p>

<p>&nbsp;</p>
",ACRAT FORMULATION OF RISK FOR LEAVE OR DISCHARGE,CLINICAL NOTE
1631,"<p><span style=""font-size:11pt""><span style=""font-family:Calibri,sans-serif""><strong>Date of follow- up&nbsp;&nbsp;&nbsp;&nbsp;&nbsp;&nbsp;&nbsp;&nbsp;&nbsp;&nbsp;&nbsp;&nbsp;&nbsp;&nbsp;&nbsp;&nbsp;&nbsp;&nbsp;&nbsp;&nbsp;&nbsp;&nbsp;&nbsp;&nbsp;&nbsp;&nbsp;&nbsp;&nbsp;&nbsp;&nbsp;&nbsp;&nbsp;&nbsp;&nbsp;&nbsp;&nbsp;&nbsp;&nbsp;&nbsp; &nbsp;&nbsp;&nbsp;&nbsp;&nbsp;&nbsp;&nbsp;</strong>Incoherent or irrevelant speech</span></span></p>

<p><span style=""font-size:11pt""><span style=""font-family:Calibri,sans-serif"">&nbsp;&nbsp;&nbsp;&nbsp;&nbsp;&nbsp;&nbsp;&nbsp;&nbsp;&nbsp;&nbsp;&nbsp;&nbsp;&nbsp;&nbsp;&nbsp;&nbsp;&nbsp;&nbsp;&nbsp;&nbsp;&nbsp;&nbsp;&nbsp;&nbsp;&nbsp;&nbsp;&nbsp;&nbsp;&nbsp;&nbsp;&nbsp;&nbsp;&nbsp;&nbsp;&nbsp;&nbsp;&nbsp;&nbsp;&nbsp;&nbsp;&nbsp;&nbsp;&nbsp;&nbsp;&nbsp;&nbsp;&nbsp;&nbsp;&nbsp;&nbsp;&nbsp;&nbsp;&nbsp;&nbsp;&nbsp;&nbsp;&nbsp;&nbsp;&nbsp;&nbsp;&nbsp;&nbsp;&nbsp;&nbsp;&nbsp;&nbsp;&nbsp;&nbsp;&nbsp;&nbsp; &nbsp;Delusions</span></span></p>

<p><span style=""font-size:11pt""><span style=""font-family:Calibri,sans-serif"">&nbsp;&nbsp;&nbsp;&nbsp;&nbsp;&nbsp;&nbsp;&nbsp;&nbsp;&nbsp;&nbsp;&nbsp;&nbsp;&nbsp;&nbsp;&nbsp;&nbsp;&nbsp;&nbsp;&nbsp;&nbsp;&nbsp;&nbsp;&nbsp;&nbsp;&nbsp;&nbsp;&nbsp;&nbsp;&nbsp;&nbsp;&nbsp;&nbsp;&nbsp;&nbsp;&nbsp;&nbsp;&nbsp;&nbsp;&nbsp;&nbsp;&nbsp;&nbsp;&nbsp;&nbsp;&nbsp;&nbsp; &nbsp;&nbsp;&nbsp;&nbsp;&nbsp;&nbsp;&nbsp;&nbsp;&nbsp;&nbsp;&nbsp; &nbsp;&nbsp;&nbsp;&nbsp;&nbsp;&nbsp;&nbsp;&nbsp;&nbsp;&nbsp;&nbsp;&nbsp;&nbsp;&nbsp;&nbsp; Hallucinations</span></span></p>

<p><span style=""font-size:11pt""><span style=""font-family:Calibri,sans-serif"">&nbsp;&nbsp;&nbsp;&nbsp;&nbsp;&nbsp;&nbsp;&nbsp;&nbsp;&nbsp;&nbsp;&nbsp;&nbsp;&nbsp;&nbsp;&nbsp;&nbsp;&nbsp;&nbsp;&nbsp;&nbsp;&nbsp;&nbsp;&nbsp;&nbsp;&nbsp;&nbsp;&nbsp;&nbsp;&nbsp;&nbsp;&nbsp;&nbsp;&nbsp;&nbsp;&nbsp;&nbsp;&nbsp;&nbsp;&nbsp;&nbsp;&nbsp;&nbsp;&nbsp;&nbsp;&nbsp;&nbsp;&nbsp;&nbsp;&nbsp;&nbsp;&nbsp;&nbsp;&nbsp;&nbsp;&nbsp;&nbsp;&nbsp;&nbsp;&nbsp;&nbsp;&nbsp;&nbsp;&nbsp;&nbsp;&nbsp;&nbsp;&nbsp;&nbsp;&nbsp;&nbsp; &nbsp;Withdrawal, agitation, disorganized behavior</span></span></p>

<p><span style=""font-size:11pt""><span style=""font-family:Calibri,sans-serif"">&nbsp;&nbsp;&nbsp;&nbsp;&nbsp;&nbsp;&nbsp;&nbsp;&nbsp;&nbsp;&nbsp;&nbsp;&nbsp;&nbsp;&nbsp;&nbsp;&nbsp;&nbsp;&nbsp;&nbsp;&nbsp;&nbsp;&nbsp;&nbsp;&nbsp;&nbsp;&nbsp;&nbsp;&nbsp;&nbsp;&nbsp;&nbsp;&nbsp;&nbsp;&nbsp;&nbsp;&nbsp;&nbsp;&nbsp;&nbsp;&nbsp;&nbsp;&nbsp;&nbsp;&nbsp;&nbsp;&nbsp;&nbsp;&nbsp;&nbsp;&nbsp;&nbsp;&nbsp;&nbsp;&nbsp;&nbsp;&nbsp;&nbsp;&nbsp;&nbsp;&nbsp;&nbsp;&nbsp;&nbsp;&nbsp;&nbsp;&nbsp;&nbsp;&nbsp;&nbsp;&nbsp; &nbsp;Social withdrawal and neglect of responsibilities</span></span></p>

<p><span style=""font-size:11pt""><span style=""font-family:Calibri,sans-serif"">&nbsp;&nbsp;&nbsp;&nbsp;&nbsp;&nbsp;&nbsp;&nbsp;&nbsp;&nbsp;&nbsp;&nbsp;&nbsp;&nbsp;&nbsp;&nbsp;&nbsp;&nbsp;&nbsp;&nbsp;&nbsp;&nbsp;&nbsp;&nbsp;&nbsp;&nbsp;&nbsp;&nbsp;&nbsp;&nbsp;&nbsp;&nbsp;&nbsp;&nbsp;&nbsp;&nbsp;&nbsp;&nbsp;&nbsp;&nbsp;&nbsp;&nbsp;&nbsp;&nbsp;&nbsp;&nbsp;&nbsp;&nbsp;&nbsp;&nbsp;&nbsp;&nbsp;&nbsp;&nbsp;&nbsp;&nbsp;&nbsp;&nbsp;&nbsp;&nbsp;&nbsp;&nbsp;&nbsp;&nbsp;&nbsp;&nbsp;&nbsp;&nbsp;&nbsp;&nbsp;&nbsp; &nbsp;Being unusually happy, too energetics,too talkative</span></span></p>

<p><span style=""font-size:11pt""><span style=""font-family:Calibri,sans-serif"">&nbsp;&nbsp;&nbsp;&nbsp;&nbsp;&nbsp;&nbsp;&nbsp;&nbsp;&nbsp;&nbsp;&nbsp;&nbsp;&nbsp;&nbsp;&nbsp;&nbsp;&nbsp;&nbsp;&nbsp;&nbsp;&nbsp;&nbsp;&nbsp;&nbsp;&nbsp;&nbsp;&nbsp;&nbsp;&nbsp;&nbsp;&nbsp;&nbsp;&nbsp;&nbsp;&nbsp;&nbsp;&nbsp;&nbsp;&nbsp;&nbsp;&nbsp;&nbsp;&nbsp;&nbsp;&nbsp;&nbsp;&nbsp;&nbsp;&nbsp;&nbsp;&nbsp;&nbsp;&nbsp;&nbsp;&nbsp;&nbsp;&nbsp;&nbsp;&nbsp;&nbsp;&nbsp;&nbsp;&nbsp;&nbsp;&nbsp;&nbsp;&nbsp;&nbsp;&nbsp;&nbsp; &nbsp;Very irritable, not sleeping, reckless behavior</span></span></p>

<p><span style=""font-size:11pt""><span style=""font-family:Calibri,sans-serif""><strong>ANTIPSYCHOTIC MEDICATION ( name, dose, time)</strong></span></span></p>

<p>&nbsp;</p>

<p>&nbsp;</p>

<p><span style=""font-size:11pt""><span style=""font-family:Calibri,sans-serif""><strong>MEDICATION FOR SIDE-EFFECTS ( name, dose, time)</strong></span></span></p>

<p>&nbsp;</p>

<p><span style=""font-size:11pt""><span style=""font-family:Calibri,sans-serif""><strong>SIDE- EFFECTS</strong></span></span></p>

<p>&nbsp;</p>

<p><span style=""font-size:11pt""><span style=""font-family:Calibri,sans-serif""><strong>SEVERITY OF SIDE EFFECTS (none=1, mild=2, severe=3</strong></span></span></p>

<p>&nbsp;</p>

<p><span style=""font-size:11pt""><span style=""font-family:Calibri,sans-serif""><strong>ADHERENCE (good=1, partial=2, non-adherent=3)</strong></span></span></p>

<p>&nbsp;</p>

<p><span style=""font-size:11pt""><span style=""font-family:Calibri,sans-serif""><strong>GLOBAL RATING (using visual analogue scale) </strong></span></span></p>

<p>&nbsp;</p>

<p><span style=""font-size:11pt""><span style=""font-family:Calibri,sans-serif""><strong>If psychosis does not respond to 4 weeks treatment with antipsychotic in adequate dosage&nbsp; REFER</strong></span></span></p>

<p>&nbsp;</p>

<p>&nbsp;</p>

<p>&nbsp;</p>

<p>&nbsp;</p>
",RECORD SHEET FOR PSYCHOSIS- FOLLOW- UP,CLINICAL NOTE
1632,"<p><span style=""font-size:11pt""><span style=""font-family:Calibri,sans-serif""><strong>Description of symptoms:&nbsp;&nbsp;&nbsp;&nbsp;&nbsp;&nbsp;&nbsp;&nbsp;&nbsp;&nbsp;&nbsp;&nbsp;&nbsp;&nbsp;&nbsp;&nbsp;&nbsp;&nbsp;&nbsp;&nbsp;&nbsp;&nbsp;&nbsp;&nbsp;&nbsp;&nbsp;&nbsp;&nbsp;&nbsp;&nbsp;&nbsp;&nbsp;&nbsp;&nbsp;&nbsp;&nbsp;&nbsp;&nbsp;&nbsp;&nbsp;&nbsp; </strong>Incoherent or irrevelant speech</span></span></p>

<p><span style=""font-size:11pt""><span style=""font-family:Calibri,sans-serif"">&nbsp;&nbsp;&nbsp;&nbsp;&nbsp;&nbsp;&nbsp;&nbsp;&nbsp;&nbsp;&nbsp;&nbsp;&nbsp;&nbsp;&nbsp;&nbsp;&nbsp;&nbsp;&nbsp;&nbsp;&nbsp;&nbsp;&nbsp;&nbsp;&nbsp;&nbsp;&nbsp;&nbsp;&nbsp;&nbsp;&nbsp;&nbsp;&nbsp;&nbsp;&nbsp;&nbsp;&nbsp;&nbsp;&nbsp;&nbsp;&nbsp;&nbsp;&nbsp;&nbsp;&nbsp;&nbsp;&nbsp;&nbsp;&nbsp;&nbsp;&nbsp;&nbsp;&nbsp;&nbsp;&nbsp;&nbsp;&nbsp;&nbsp;&nbsp;&nbsp;&nbsp;&nbsp;&nbsp;&nbsp;&nbsp;&nbsp;&nbsp;&nbsp;&nbsp;&nbsp;&nbsp; &nbsp; Delusions</span></span></p>

<ol style=""list-style-type:upper-alpha"">
	<li><span style=""font-size:11pt""><span style=""font-family:Calibri,sans-serif"">&nbsp;&nbsp;&nbsp;&nbsp;&nbsp;&nbsp;&nbsp;&nbsp;&nbsp; &nbsp;&nbsp;&nbsp;&nbsp;&nbsp;&nbsp;&nbsp;&nbsp;&nbsp;&nbsp;&nbsp;&nbsp;&nbsp;&nbsp;&nbsp;&nbsp;&nbsp;Hallucinations</span></span></li>
</ol>

<p><span style=""font-size:11pt""><span style=""font-family:Calibri,sans-serif"">&nbsp;&nbsp;&nbsp;&nbsp;&nbsp;&nbsp;&nbsp;&nbsp;&nbsp;&nbsp;&nbsp;&nbsp;&nbsp;&nbsp;&nbsp;&nbsp;&nbsp;&nbsp;&nbsp;&nbsp;&nbsp;&nbsp;&nbsp;&nbsp;&nbsp;&nbsp;&nbsp;&nbsp;&nbsp;&nbsp;&nbsp;&nbsp;&nbsp;&nbsp;&nbsp;&nbsp;&nbsp;&nbsp;&nbsp;&nbsp;&nbsp;&nbsp;&nbsp;&nbsp;&nbsp;&nbsp;&nbsp;&nbsp;&nbsp;&nbsp;&nbsp;&nbsp;&nbsp;&nbsp;&nbsp;&nbsp;&nbsp;&nbsp;&nbsp;&nbsp;&nbsp;&nbsp;&nbsp;&nbsp;&nbsp;&nbsp;&nbsp;&nbsp;&nbsp;&nbsp;&nbsp; &nbsp;Withdrawal, agitation, disorganized behavior</span></span></p>

<p><span style=""font-size:11pt""><span style=""font-family:Calibri,sans-serif"">&nbsp;&nbsp;&nbsp;&nbsp;&nbsp;&nbsp;&nbsp;&nbsp;&nbsp;&nbsp;&nbsp;&nbsp;&nbsp;&nbsp;&nbsp;&nbsp;&nbsp;&nbsp;&nbsp;&nbsp;&nbsp;&nbsp;&nbsp;&nbsp;&nbsp;&nbsp;&nbsp;&nbsp;&nbsp;&nbsp;&nbsp;&nbsp;&nbsp;&nbsp;&nbsp;&nbsp;&nbsp;&nbsp;&nbsp;&nbsp;&nbsp;&nbsp;&nbsp;&nbsp;&nbsp;&nbsp;&nbsp;&nbsp;&nbsp;&nbsp;&nbsp;&nbsp;&nbsp;&nbsp;&nbsp;&nbsp;&nbsp;&nbsp;&nbsp;&nbsp;&nbsp;&nbsp;&nbsp;&nbsp;&nbsp;&nbsp;&nbsp;&nbsp;&nbsp;&nbsp;&nbsp; &nbsp;Social withdrawal and neglect of responsibilities</span></span></p>

<p><span style=""font-size:11pt""><span style=""font-family:Calibri,sans-serif"">&nbsp;&nbsp;&nbsp;&nbsp;&nbsp;&nbsp;&nbsp;&nbsp;&nbsp;&nbsp;&nbsp;&nbsp;&nbsp;&nbsp;&nbsp;&nbsp;&nbsp;&nbsp;&nbsp;&nbsp;&nbsp;&nbsp;&nbsp;&nbsp;&nbsp;&nbsp;&nbsp;&nbsp;&nbsp;&nbsp;&nbsp;&nbsp;&nbsp;&nbsp;&nbsp;&nbsp;&nbsp;&nbsp;&nbsp;&nbsp;&nbsp;&nbsp;&nbsp;&nbsp;&nbsp;&nbsp;&nbsp;&nbsp;&nbsp;&nbsp;&nbsp;&nbsp;&nbsp;&nbsp;&nbsp;&nbsp;&nbsp;&nbsp;&nbsp;&nbsp;&nbsp;&nbsp;&nbsp;&nbsp;&nbsp;&nbsp;&nbsp;&nbsp;&nbsp;&nbsp;&nbsp; &nbsp;Being unusually happy, too energetics,too talkative</span></span></p>

<p><span style=""font-size:11pt""><span style=""font-family:Calibri,sans-serif"">&nbsp;&nbsp;&nbsp;&nbsp;&nbsp;&nbsp;&nbsp;&nbsp;&nbsp;&nbsp;&nbsp;&nbsp;&nbsp;&nbsp;&nbsp;&nbsp;&nbsp;&nbsp;&nbsp;&nbsp;&nbsp;&nbsp;&nbsp;&nbsp;&nbsp;&nbsp;&nbsp;&nbsp;&nbsp;&nbsp;&nbsp;&nbsp;&nbsp;&nbsp;&nbsp;&nbsp;&nbsp;&nbsp;&nbsp;&nbsp;&nbsp;&nbsp;&nbsp;&nbsp;&nbsp;&nbsp;&nbsp;&nbsp;&nbsp;&nbsp;&nbsp;&nbsp;&nbsp;&nbsp;&nbsp;&nbsp;&nbsp;&nbsp;&nbsp;&nbsp;&nbsp;&nbsp;&nbsp;&nbsp;&nbsp;&nbsp;&nbsp;&nbsp;&nbsp;&nbsp;&nbsp; &nbsp;Very irritable, not sleeping, reckless behavior</span></span></p>

<p><span style=""font-size:11pt""><span style=""font-family:Calibri,sans-serif""><strong>Impact on daily life and relationships:&nbsp;&nbsp; </strong>B.<strong>&nbsp;&nbsp;&nbsp;&nbsp;&nbsp;&nbsp;&nbsp;</strong>When did episode begin? &hellip;&hellip;&hellip;&hellip;&hellip;&hellip;&hellip;&hellip;&hellip;&hellip;&hellip;&hellip;..</span></span></p>

<p><span style=""font-size:11pt""><span style=""font-family:Calibri,sans-serif"">&nbsp;&nbsp;&nbsp;&nbsp;&nbsp;&nbsp;&nbsp;&nbsp;&nbsp;&nbsp;&nbsp;&nbsp;&nbsp;&nbsp;&nbsp;&nbsp;&nbsp;&nbsp;&nbsp;&nbsp;&nbsp;&nbsp;&nbsp;&nbsp;&nbsp;&nbsp;&nbsp;&nbsp;&nbsp;&nbsp;&nbsp;&nbsp;&nbsp;&nbsp;&nbsp;&nbsp;&nbsp;&nbsp;&nbsp;&nbsp;&nbsp;&nbsp;&nbsp;&nbsp;&nbsp;&nbsp;&nbsp;&nbsp;&nbsp;&nbsp;&nbsp;&nbsp;&nbsp;&nbsp;&nbsp;&nbsp;&nbsp;&nbsp;&nbsp;&nbsp;&nbsp;&nbsp;&nbsp;&nbsp;&nbsp;&nbsp;&nbsp;&nbsp;&nbsp;&nbsp;&nbsp; &nbsp;Previous episodes? &hellip;&hellip;&hellip;&hellip;&hellip;&hellip;&hellip;&hellip;&hellip;&hellip;&hellip;&hellip;&hellip;&hellip;&hellip;&hellip;..</span></span></p>

<p><span style=""font-size:11pt""><span style=""font-family:Calibri,sans-serif"">&nbsp;&nbsp;&nbsp;&nbsp;&nbsp;&nbsp;&nbsp;&nbsp;&nbsp;&nbsp;&nbsp;&nbsp;&nbsp;&nbsp;&nbsp;&nbsp;&nbsp;&nbsp;&nbsp;&nbsp;&nbsp;&nbsp;&nbsp;&nbsp;&nbsp;&nbsp;&nbsp;&nbsp;&nbsp;&nbsp;&nbsp;&nbsp;&nbsp;&nbsp;&nbsp;&nbsp;&nbsp;&nbsp;&nbsp;&nbsp;&nbsp;&nbsp;&nbsp;&nbsp;&nbsp;&nbsp;&nbsp;&nbsp;&nbsp;&nbsp;&nbsp;&nbsp;&nbsp;&nbsp;&nbsp;&nbsp;&nbsp;&nbsp;&nbsp;&nbsp;&nbsp;&nbsp;&nbsp;&nbsp;&nbsp;&nbsp;&nbsp;&nbsp;&nbsp;&nbsp;&nbsp; &nbsp;Detailed of previous or current treatment: </span></span></p>

<p style=""margin-left:288px""><span style=""font-size:11pt""><span style=""font-family:Calibri,sans-serif"">&nbsp;&nbsp;&nbsp;&nbsp;&nbsp;&nbsp;&nbsp;&nbsp;&nbsp;&nbsp;&nbsp;&nbsp;&nbsp;&nbsp;&nbsp;&nbsp;&nbsp;&nbsp;&nbsp;&nbsp;&nbsp;&nbsp;&nbsp;&nbsp;&nbsp;&nbsp;&nbsp;&nbsp;&nbsp;&nbsp;&nbsp;&nbsp;&nbsp;&nbsp;&nbsp;&nbsp;&nbsp;&nbsp;&nbsp;&nbsp;&nbsp;&nbsp;&nbsp;&nbsp;&nbsp;&nbsp;&nbsp;&nbsp;&nbsp;&nbsp;&nbsp;&nbsp;&nbsp;&nbsp;&nbsp;&nbsp;&nbsp;&nbsp;&nbsp; &nbsp;&nbsp;&nbsp;&nbsp;&nbsp;&nbsp;&nbsp;&nbsp;&nbsp;&nbsp;&nbsp;&nbsp;&nbsp;&nbsp;&nbsp;&nbsp;&nbsp;&nbsp;&nbsp;&nbsp;&nbsp;&nbsp;&nbsp;&nbsp;&nbsp;&nbsp;&nbsp;&nbsp;&nbsp;&nbsp;&nbsp;&nbsp;&nbsp;&nbsp;&nbsp;&nbsp;&nbsp;&nbsp;&nbsp;&nbsp;&nbsp;&nbsp;&nbsp;&nbsp;&nbsp;&nbsp; </span></span></p>

<p><span style=""font-size:11pt""><span style=""font-family:Calibri,sans-serif""><strong>Patients understanding of treatment</strong>&nbsp;&nbsp;&nbsp;&nbsp;&nbsp;&nbsp; C.&nbsp;&nbsp;&nbsp;&nbsp;&nbsp;&nbsp;&nbsp;&nbsp;&nbsp; Psychosis associated with violence towards others</span></span></p>

<p><span style=""font-size:11pt""><span style=""font-family:Calibri,sans-serif"">&nbsp;&nbsp;&nbsp;&nbsp;&nbsp;&nbsp;&nbsp;&nbsp;&nbsp;&nbsp;&nbsp;&nbsp;&nbsp;&nbsp;&nbsp;&nbsp;&nbsp;&nbsp;&nbsp;&nbsp;&nbsp;&nbsp;&nbsp;&nbsp;&nbsp;&nbsp;&nbsp;&nbsp;&nbsp;&nbsp;&nbsp;&nbsp;&nbsp;&nbsp;&nbsp;&nbsp;&nbsp;&nbsp;&nbsp;&nbsp;&nbsp;&nbsp;&nbsp;&nbsp;&nbsp;&nbsp;&nbsp;&nbsp;&nbsp;&nbsp;&nbsp;&nbsp;&nbsp;&nbsp;&nbsp;&nbsp;&nbsp;&nbsp;&nbsp;&nbsp;&nbsp;&nbsp;&nbsp;&nbsp;&nbsp;&nbsp;&nbsp;&nbsp;&nbsp;&nbsp;&nbsp; &nbsp;Danger to self, e.g. not eating, not sleeping, roaming,</span></span></p>

<p><span style=""font-size:11pt""><span style=""font-family:Calibri,sans-serif"">&nbsp;&nbsp;&nbsp;&nbsp;&nbsp;&nbsp;&nbsp;&nbsp;&nbsp;&nbsp;&nbsp;&nbsp;&nbsp;&nbsp;&nbsp;&nbsp;&nbsp;&nbsp;&nbsp;&nbsp;&nbsp;&nbsp;&nbsp;&nbsp;&nbsp;&nbsp;&nbsp;&nbsp;&nbsp;&nbsp;&nbsp;&nbsp;&nbsp;&nbsp;&nbsp;&nbsp;&nbsp;&nbsp;&nbsp;&nbsp;&nbsp;&nbsp;&nbsp;&nbsp;&nbsp;&nbsp;&nbsp;&nbsp;&nbsp;&nbsp;&nbsp;&nbsp;&nbsp;&nbsp;&nbsp;&nbsp;&nbsp;&nbsp;&nbsp;&nbsp;&nbsp;&nbsp;&nbsp;&nbsp;&nbsp;&nbsp;&nbsp;&nbsp;&nbsp;&nbsp;&nbsp; &nbsp;Uncontrollable, persistently excitable, suicidal</span></span></p>

<p><span style=""font-size:11pt""><span style=""font-family:Calibri,sans-serif"">&nbsp;&nbsp;&nbsp;&nbsp;&nbsp;&nbsp;&nbsp;&nbsp;&nbsp;&nbsp;&nbsp;&nbsp;&nbsp;&nbsp;&nbsp;&nbsp;&nbsp;&nbsp;&nbsp;&nbsp;&nbsp;&nbsp;&nbsp;&nbsp;&nbsp;&nbsp;&nbsp;&nbsp;&nbsp;&nbsp;&nbsp;&nbsp;&nbsp;&nbsp;&nbsp;&nbsp;&nbsp;&nbsp;&nbsp;&nbsp;&nbsp;&nbsp;&nbsp;&nbsp;&nbsp;&nbsp;&nbsp;&nbsp;&nbsp;&nbsp;&nbsp;&nbsp;&nbsp;&nbsp;&nbsp;&nbsp;&nbsp;&nbsp;&nbsp; &nbsp;&nbsp;&nbsp;&nbsp;&nbsp;&nbsp;&nbsp; &nbsp;&nbsp;&nbsp;&nbsp; &nbsp;Alcohol or drug use and intoxication</span></span></p>

<p><span style=""font-size:11pt""><span style=""font-family:Calibri,sans-serif""><strong>Patients expectations of treatment:</strong>&nbsp;&nbsp;&nbsp;&nbsp;&nbsp;&nbsp;&nbsp;&nbsp;&nbsp;&nbsp;&nbsp;&nbsp;&nbsp;&nbsp;&nbsp;&nbsp;&nbsp; Others medical conditions e.g. Brain injury, stroke,</span></span></p>

<p><span style=""font-size:11pt""><span style=""font-family:Calibri,sans-serif"">&nbsp;&nbsp;&nbsp;&nbsp;&nbsp;&nbsp;&nbsp;&nbsp;&nbsp;&nbsp;&nbsp;&nbsp;&nbsp;&nbsp;&nbsp;&nbsp;&nbsp;&nbsp;&nbsp;&nbsp;&nbsp;&nbsp;&nbsp;&nbsp;&nbsp;&nbsp;&nbsp;&nbsp;&nbsp;&nbsp;&nbsp;&nbsp;&nbsp;&nbsp;&nbsp;&nbsp;&nbsp;&nbsp;&nbsp;&nbsp;&nbsp;&nbsp;&nbsp;&nbsp;&nbsp;&nbsp;&nbsp;&nbsp;&nbsp;&nbsp;&nbsp;&nbsp;&nbsp;&nbsp;&nbsp;&nbsp;&nbsp;&nbsp;&nbsp;&nbsp;&nbsp;&nbsp;&nbsp;&nbsp;&nbsp;&nbsp;&nbsp;&nbsp;&nbsp;&nbsp;&nbsp; &nbsp; Diabetes, hypertension, confusion, fever.</span></span></p>

<p>&nbsp;</p>

<p><span style=""font-size:11pt""><span style=""font-family:Calibri,sans-serif""><strong>Intervention&nbsp;&nbsp;&nbsp;&nbsp;&nbsp;&nbsp;&nbsp;&nbsp;&nbsp;&nbsp;&nbsp;&nbsp;&nbsp;&nbsp;&nbsp;&nbsp;&nbsp;&nbsp;&nbsp;&nbsp;&nbsp;&nbsp;&nbsp;&nbsp;&nbsp;&nbsp;&nbsp;&nbsp;&nbsp;&nbsp;&nbsp;&nbsp;&nbsp;&nbsp;&nbsp;&nbsp;&nbsp;&nbsp;&nbsp;&nbsp;&nbsp;&nbsp;&nbsp;&nbsp;&nbsp;&nbsp;&nbsp;&nbsp;&nbsp;&nbsp;&nbsp;&nbsp;&nbsp;&nbsp;&nbsp;&nbsp;&nbsp;&nbsp;&nbsp;&nbsp;&nbsp;&nbsp;&nbsp;&nbsp;&nbsp;&nbsp;&nbsp;&nbsp;&nbsp; Comments (e.g. date, incomplete, drug, dose)</strong></span></span></p>

<p><span style=""font-size:11pt""><span style=""font-family:Calibri,sans-serif""><strong>Psycho-education to person and careers&nbsp; &nbsp; &nbsp; &nbsp; &nbsp; &nbsp; &nbsp; &nbsp; &nbsp; &nbsp; &nbsp;</strong></span></span></p>

<p><span style=""font-size:11pt""><span style=""font-family:Calibri,sans-serif""><strong>Begin antipsychotic medication&nbsp; &nbsp; &nbsp; &nbsp; &nbsp; &nbsp; &nbsp; &nbsp; &nbsp; &nbsp; &nbsp; &nbsp; &nbsp; &nbsp; &nbsp; &nbsp; &nbsp; &nbsp; &nbsp;</strong></span></span></p>

<p><span style=""font-size:11pt""><span style=""font-family:Calibri,sans-serif""><strong>Precautions and side-effects&nbsp; &nbsp; &nbsp; &nbsp; &nbsp; &nbsp; &nbsp; &nbsp; &nbsp; &nbsp; &nbsp; &nbsp; &nbsp; &nbsp; &nbsp; &nbsp; &nbsp; &nbsp; &nbsp; &nbsp; &nbsp;&nbsp;</strong></span></span></p>

<p><span style=""font-size:11pt""><span style=""font-family:Calibri,sans-serif""><strong>Provide psychosocial interventions&nbsp; &nbsp; &nbsp; &nbsp; &nbsp; &nbsp; &nbsp; &nbsp; &nbsp; &nbsp; &nbsp; &nbsp; &nbsp; &nbsp; &nbsp; &nbsp;&nbsp;</strong></span></span></p>

<p><span style=""font-size:11pt""><span style=""font-family:Calibri,sans-serif""><strong>Interventions for psychosis after childbirth&nbsp; &nbsp; &nbsp; &nbsp; &nbsp; &nbsp; &nbsp; &nbsp; &nbsp; &nbsp;</strong></span></span></p>

<p><span style=""font-size:11pt""><span style=""font-family:Calibri,sans-serif""><strong>Facilitate rehabilitation&nbsp; &nbsp; &nbsp; &nbsp; &nbsp; &nbsp; &nbsp; &nbsp; &nbsp; &nbsp; &nbsp; &nbsp; &nbsp; &nbsp; &nbsp; &nbsp; &nbsp; &nbsp; &nbsp; &nbsp; &nbsp; &nbsp; &nbsp; &nbsp; &nbsp; &nbsp; &nbsp;&nbsp;</strong></span></span></p>

<p><span style=""font-size:11pt""><span style=""font-family:Calibri,sans-serif""><strong>Provide regular follow-up&nbsp; &nbsp; &nbsp; &nbsp; &nbsp; &nbsp; &nbsp; &nbsp; &nbsp; &nbsp; &nbsp; &nbsp; &nbsp; &nbsp; &nbsp; &nbsp; &nbsp; &nbsp; &nbsp; &nbsp; &nbsp; &nbsp; &nbsp; &nbsp; &nbsp;&nbsp;</strong></span></span></p>

<p><span style=""font-size:11pt""><span style=""font-family:Calibri,sans-serif""><strong>Refer&nbsp; &nbsp; &nbsp; &nbsp; &nbsp; &nbsp; &nbsp; &nbsp; &nbsp; &nbsp; &nbsp; &nbsp; &nbsp; &nbsp; &nbsp; &nbsp; &nbsp; &nbsp; &nbsp; &nbsp; &nbsp; &nbsp; &nbsp; &nbsp; &nbsp; &nbsp; &nbsp; &nbsp; &nbsp; &nbsp; &nbsp; &nbsp; &nbsp; &nbsp; &nbsp; &nbsp; &nbsp; &nbsp; &nbsp; &nbsp; &nbsp; &nbsp; &nbsp; &nbsp;&nbsp;</strong></span></span></p>
",RECORD SHEET FOR PSYCHOSIS- ASSESSMENT,CLINICAL NOTE
1634,"<p>&nbsp;</p>

<ol style=""list-style-type:lower-alpha"">
	<li><span style=""font-size:10.0pt""><span style=""font-family:&quot;Calibri Light&quot;,sans-serif"">Tobacco product (Cigarrettes, chewing tobacco,cigars, etc.)&nbsp; </span></span></li>
	<li><span style=""font-size:10.0pt""><span style=""font-family:&quot;Calibri Light&quot;,sans-serif"">&nbsp;Alcoholic beverages ( beer, wine, spirit, etc.)&nbsp;&nbsp;&nbsp; </span></span></li>
	<li><span style=""font-size:10.0pt""><span style=""font-family:&quot;Calibri Light&quot;,sans-serif"">&nbsp;Cannabis&nbsp; (Marijuana, port, grass, hash, India hemp etc.)</span></span></li>
	<li><span style=""font-size:10.0pt""><span style=""font-family:&quot;Calibri Light&quot;,sans-serif"">&nbsp;Cocaine (Coke, Crack, etc.)</span></span></li>
	<li><span style=""font-size:10.0pt""><span style=""font-family:&quot;Calibri Light&quot;,sans-serif"">&nbsp;Amphetamine types stimulants (speed,diet, pills, ecstasy, etc.)</span></span></li>
	<li><span style=""font-size:10.0pt""><span style=""font-family:&quot;Calibri Light&quot;,sans-serif"">&nbsp;Inhalants&nbsp; (nitrous, glue, petrol, paint thinner, etc)</span></span></li>
	<li><span style=""font-size:10.0pt""><span style=""font-family:&quot;Calibri Light&quot;,sans-serif"">&nbsp;Sedatives or sleeping pills ( Valium, Serapax, Rohypnol, etc.)</span></span></li>
	<li><span style=""font-size:10.0pt""><span style=""font-family:&quot;Calibri Light&quot;,sans-serif"">&nbsp;Hallucinogens (LSD, acid, mushrooms,PCP, Special K, etc.)</span></span></li>
	<li value=""1""><span style=""font-size:10.0pt""><span style=""font-family:&quot;Calibri Light&quot;,sans-serif"">&nbsp;Opoids (heroin, morphine, methadone, codeine, etc.)</span></span></li>
	<li value=""10""><span style=""font-size:10.0pt""><span style=""font-family:&quot;Calibri Light&quot;,sans-serif"">&nbsp;Others &ndash; specify.</span></span></li>
</ol>

<p>&nbsp;</p>

<p>&nbsp;</p>

<ol>
	<li><span style=""font-size:10.0pt""><span style=""font-family:&quot;Calibri Light&quot;,sans-serif"">In your life, which of the following substances have you ever used ? (NON MEDICAL USE ONLY) probe if all answers are negative: &lsquo;&rsquo; Not even when you were in school?&rsquo;&rsquo; If Yes, circle Y and ask Q 2-8 for each substances ever used.&nbsp;&nbsp;&nbsp;&nbsp;&nbsp;&nbsp;&nbsp;&nbsp; YES/NO</span></span></li>
	<li><span style=""font-size:10.0pt""><span style=""font-family:&quot;Calibri Light&quot;,sans-serif"">In the past 3 months, how often have you used the substances you used the substances you mentioned (1<sup>st</sup> DRUG, 2<sup>nd</sup> DRUG, ETC.)? Never (0), Once or Twice (2), Monthly (3), Weekly (4), Daily or Almost Daily (6).&nbsp;&nbsp;&nbsp;&nbsp;&nbsp;&nbsp;&nbsp;&nbsp;&nbsp;&nbsp;&nbsp;&nbsp;&nbsp;&nbsp;&nbsp;&nbsp;&nbsp;&nbsp;&nbsp;&nbsp;&nbsp;&nbsp;&nbsp;&nbsp;&nbsp;&nbsp;&nbsp;&nbsp;&nbsp;&nbsp;&nbsp;&nbsp;&nbsp;&nbsp;&nbsp;&nbsp;&nbsp; YES/NO</span></span></li>
	<li><span style=""font-size:10.0pt""><span style=""font-family:&quot;Calibri Light&quot;,sans-serif"">During the past 3 months, how often have you had a strong desire or urge to use (1<sup>st</sup> DRUG, 2<sup>nd</sup> DRUG, ETC)? Never (0), Once or Twice (3), Monthly (4), Weekly (5), Daily or Almost Daily (6).</span></span></li>
	<li><span style=""font-size:10.0pt""><span style=""font-family:&quot;Calibri Light&quot;,sans-serif"">During the past 3 months, how often has your use of (1<sup>st</sup> DRUG, ETC.) led to health, social, legal or financial problems? Never (0), Once or Twice (4), Monthly (5), Weekly (6), Daily or Almost Daily (7).&nbsp;&nbsp;&nbsp;&nbsp;&nbsp;&nbsp;&nbsp;&nbsp;&nbsp;&nbsp;&nbsp;&nbsp;&nbsp;&nbsp;&nbsp;&nbsp;&nbsp;&nbsp;&nbsp;&nbsp;&nbsp;&nbsp;&nbsp;&nbsp;&nbsp;&nbsp;&nbsp;&nbsp;&nbsp;&nbsp;&nbsp;&nbsp;&nbsp;&nbsp;&nbsp;&nbsp;&nbsp;&nbsp;&nbsp; &nbsp;&nbsp;&nbsp;&nbsp;&nbsp;&nbsp;&nbsp;&nbsp;&nbsp;&nbsp;&nbsp;&nbsp;&nbsp;&nbsp;&nbsp;&nbsp;&nbsp;&nbsp;&nbsp;&nbsp;&nbsp;&nbsp;&nbsp;&nbsp;&nbsp;&nbsp;&nbsp;&nbsp;&nbsp;&nbsp;&nbsp;&nbsp;&nbsp;&nbsp;&nbsp;&nbsp;&nbsp;&nbsp;&nbsp;&nbsp;YES/NO</span></span></li>
	<li><span style=""font-size:10.0pt""><span style=""font-family:&quot;Calibri Light&quot;,sans-serif"">During the past 3 months, how often have you failed to do what was normally expected of you because of your used of (1<sup>st</sup> DRUG, 2<sup>nd</sup> DRUG, ETC.)? Never (0), Once or Twice (5) Monthly (6), Weekly (7), Daily or Almost Daily (8).&nbsp;&nbsp;&nbsp;&nbsp;&nbsp;&nbsp;&nbsp;&nbsp;&nbsp;&nbsp;&nbsp;&nbsp;&nbsp;&nbsp;&nbsp;&nbsp;&nbsp;&nbsp;&nbsp;&nbsp;&nbsp;&nbsp;&nbsp;&nbsp;&nbsp;&nbsp;&nbsp;&nbsp;&nbsp;&nbsp;&nbsp;&nbsp;&nbsp;&nbsp;&nbsp; YES/NO</span></span></li>
	<li><span style=""font-size:10.0pt""><span style=""font-family:&quot;Calibri Light&quot;,sans-serif"">Has a friend or relative or anyone else ever expressed concern about your use of (1<sup>st</sup> DRUG, 2<sup>nd</sup> DRUG, ETC.)? No, never (0), Yes, in the past 3 months (6), Yes, but not in the past 3 months (3).&nbsp;&nbsp;&nbsp;&nbsp; &nbsp;YES/NO</span></span></li>
	<li><span style=""font-size:10.0pt""><span style=""font-family:&quot;Calibri Light&quot;,sans-serif"">Have you ever tried and failed to control, cut down or stop using (1<sup>st</sup> DRUG, 2<sup>nd</sup> DRUG, ETC.)? No, never (0), Yes, in the past 3 months (6), Yes, but not in the past 3 months (3). YES/NO</span></span></li>
	<li><span style=""font-size:10.0pt""><span style=""font-family:&quot;Calibri Light&quot;,sans-serif"">Have you ever used any drug by injection? (NON MEDICAL DRUGS ONLY ) Yes (Y) or No (N) YES/NO</span></span></li>
</ol>

<p>&nbsp;</p>

<p>&nbsp;</p>
",RECORD SHEET FOR SUBSTANCES USE DISORDER ?3 ?MONTH FOLLOW-UP REVIEW,CLINICAL NOTE
1635,"<p>&nbsp;</p>

<p><span style=""font-size:11pt""><span style=""font-family:Calibri,sans-serif""><strong>Description of symptoms:&nbsp;&nbsp;&nbsp;&nbsp;&nbsp;&nbsp;&nbsp;&nbsp;&nbsp;&nbsp;&nbsp;&nbsp;&nbsp;&nbsp;&nbsp;&nbsp;&nbsp;&nbsp;&nbsp;&nbsp;&nbsp;&nbsp;&nbsp;&nbsp;&nbsp;&nbsp;&nbsp;&nbsp;&nbsp;&nbsp;&nbsp;&nbsp;&nbsp;&nbsp;&nbsp;&nbsp;&nbsp;&nbsp;&nbsp;&nbsp;&nbsp; </strong>Incoherent or irrevelant speech</span></span></p>

<p><span style=""font-size:11pt""><span style=""font-family:Calibri,sans-serif"">&nbsp;&nbsp;&nbsp;&nbsp;&nbsp;&nbsp;&nbsp;&nbsp;&nbsp;&nbsp;&nbsp;&nbsp;&nbsp;&nbsp;&nbsp;&nbsp;&nbsp;&nbsp;&nbsp;&nbsp;&nbsp;&nbsp;&nbsp;&nbsp;&nbsp;&nbsp;&nbsp;&nbsp;&nbsp;&nbsp;&nbsp;&nbsp;&nbsp;&nbsp;&nbsp;&nbsp;&nbsp;&nbsp;&nbsp;&nbsp;&nbsp;&nbsp;&nbsp;&nbsp;&nbsp;&nbsp;&nbsp;&nbsp;&nbsp;&nbsp;&nbsp;&nbsp;&nbsp;&nbsp;&nbsp;&nbsp;&nbsp;&nbsp;&nbsp;&nbsp;&nbsp;&nbsp;&nbsp;&nbsp;&nbsp;&nbsp;&nbsp;&nbsp;&nbsp;&nbsp;&nbsp; &nbsp; Delusions</span></span></p>

<ol style=""list-style-type:upper-alpha"">
	<li><span style=""font-size:11pt""><span style=""font-family:Calibri,sans-serif"">&nbsp;&nbsp;&nbsp;&nbsp;&nbsp;&nbsp;&nbsp;&nbsp;&nbsp; &nbsp;&nbsp;&nbsp;&nbsp;&nbsp;&nbsp;&nbsp;&nbsp;&nbsp;&nbsp;&nbsp;&nbsp;&nbsp;&nbsp;&nbsp;&nbsp;&nbsp;Hallucinations</span></span></li>
</ol>

<p><span style=""font-size:11pt""><span style=""font-family:Calibri,sans-serif"">&nbsp;&nbsp;&nbsp;&nbsp;&nbsp;&nbsp;&nbsp;&nbsp;&nbsp;&nbsp;&nbsp;&nbsp;&nbsp;&nbsp;&nbsp;&nbsp;&nbsp;&nbsp;&nbsp;&nbsp;&nbsp;&nbsp;&nbsp;&nbsp;&nbsp;&nbsp;&nbsp;&nbsp;&nbsp;&nbsp;&nbsp;&nbsp;&nbsp;&nbsp;&nbsp;&nbsp;&nbsp;&nbsp;&nbsp;&nbsp;&nbsp;&nbsp;&nbsp;&nbsp;&nbsp;&nbsp;&nbsp;&nbsp;&nbsp;&nbsp;&nbsp;&nbsp;&nbsp;&nbsp;&nbsp;&nbsp;&nbsp;&nbsp;&nbsp;&nbsp;&nbsp;&nbsp;&nbsp;&nbsp;&nbsp;&nbsp;&nbsp;&nbsp;&nbsp;&nbsp;&nbsp; &nbsp;Withdrawal, agitation, disorganized behavior</span></span></p>

<p><span style=""font-size:11pt""><span style=""font-family:Calibri,sans-serif"">&nbsp;&nbsp;&nbsp;&nbsp;&nbsp;&nbsp;&nbsp;&nbsp;&nbsp;&nbsp;&nbsp;&nbsp;&nbsp;&nbsp;&nbsp;&nbsp;&nbsp;&nbsp;&nbsp;&nbsp;&nbsp;&nbsp;&nbsp;&nbsp;&nbsp;&nbsp;&nbsp;&nbsp;&nbsp;&nbsp;&nbsp;&nbsp;&nbsp;&nbsp;&nbsp;&nbsp;&nbsp;&nbsp;&nbsp;&nbsp;&nbsp;&nbsp;&nbsp;&nbsp;&nbsp;&nbsp;&nbsp;&nbsp;&nbsp;&nbsp;&nbsp;&nbsp;&nbsp;&nbsp;&nbsp;&nbsp;&nbsp;&nbsp;&nbsp;&nbsp;&nbsp;&nbsp;&nbsp;&nbsp;&nbsp;&nbsp;&nbsp;&nbsp;&nbsp;&nbsp;&nbsp; &nbsp;Social withdrawal and neglect of responsibilities</span></span></p>

<p><span style=""font-size:11pt""><span style=""font-family:Calibri,sans-serif"">&nbsp;&nbsp;&nbsp;&nbsp;&nbsp;&nbsp;&nbsp;&nbsp;&nbsp;&nbsp;&nbsp;&nbsp;&nbsp;&nbsp;&nbsp;&nbsp;&nbsp;&nbsp;&nbsp;&nbsp;&nbsp;&nbsp;&nbsp;&nbsp;&nbsp;&nbsp;&nbsp;&nbsp;&nbsp;&nbsp;&nbsp;&nbsp;&nbsp;&nbsp;&nbsp;&nbsp;&nbsp;&nbsp;&nbsp;&nbsp;&nbsp;&nbsp;&nbsp;&nbsp;&nbsp;&nbsp;&nbsp;&nbsp;&nbsp;&nbsp;&nbsp;&nbsp;&nbsp;&nbsp;&nbsp;&nbsp;&nbsp;&nbsp;&nbsp;&nbsp;&nbsp;&nbsp;&nbsp;&nbsp;&nbsp;&nbsp;&nbsp;&nbsp;&nbsp;&nbsp;&nbsp; &nbsp;Being unusually happy, too energetics,too talkative</span></span></p>

<p><span style=""font-size:11pt""><span style=""font-family:Calibri,sans-serif"">&nbsp;&nbsp;&nbsp;&nbsp;&nbsp;&nbsp;&nbsp;&nbsp;&nbsp;&nbsp;&nbsp;&nbsp;&nbsp;&nbsp;&nbsp;&nbsp;&nbsp;&nbsp;&nbsp;&nbsp;&nbsp;&nbsp;&nbsp;&nbsp;&nbsp;&nbsp;&nbsp;&nbsp;&nbsp;&nbsp;&nbsp;&nbsp;&nbsp;&nbsp;&nbsp;&nbsp;&nbsp;&nbsp;&nbsp;&nbsp;&nbsp;&nbsp;&nbsp;&nbsp;&nbsp;&nbsp;&nbsp;&nbsp;&nbsp;&nbsp;&nbsp;&nbsp;&nbsp;&nbsp;&nbsp;&nbsp;&nbsp;&nbsp;&nbsp;&nbsp;&nbsp;&nbsp;&nbsp;&nbsp;&nbsp;&nbsp;&nbsp;&nbsp;&nbsp;&nbsp;&nbsp; &nbsp;Very irritable, not sleeping, reckless behavior</span></span></p>

<p><span style=""font-size:11pt""><span style=""font-family:Calibri,sans-serif""><strong>Impact on daily life and relationships:&nbsp;&nbsp; </strong>B.<strong>&nbsp;&nbsp;&nbsp;&nbsp;&nbsp;&nbsp;&nbsp;&nbsp;&nbsp;&nbsp;&nbsp; </strong>When did episode begin? :</span></span><span style=""font-size:11pt""><span style=""font-family:Calibri,sans-serif"">&nbsp; &nbsp; &nbsp; &nbsp; &nbsp; &nbsp; &nbsp; &nbsp; &nbsp; &nbsp; &nbsp; &nbsp; &nbsp; &nbsp; &nbsp; &nbsp; &nbsp; &nbsp; &nbsp; &nbsp; &nbsp; &nbsp; &nbsp; &nbsp; &nbsp; &nbsp; &nbsp; &nbsp; &nbsp; &nbsp; &nbsp; &nbsp; &nbsp; &nbsp; &nbsp; &nbsp; </span></span></p>

<p><span style=""font-size:11pt""><span style=""font-family:Calibri,sans-serif"">&nbsp; &nbsp; &nbsp; &nbsp; &nbsp; &nbsp; &nbsp; &nbsp; &nbsp; &nbsp; &nbsp; &nbsp; &nbsp; &nbsp; &nbsp; &nbsp; &nbsp; &nbsp; &nbsp; &nbsp; &nbsp; &nbsp; &nbsp; &nbsp; &nbsp; &nbsp; &nbsp; &nbsp; &nbsp; &nbsp; &nbsp; &nbsp; &nbsp; &nbsp; &nbsp; &nbsp; &nbsp; Previous episodes? :</span></span></p>

<p><span style=""font-size:11pt""><span style=""font-family:Calibri,sans-serif"">&nbsp;&nbsp;&nbsp;&nbsp;&nbsp;&nbsp;&nbsp;&nbsp;&nbsp;&nbsp;&nbsp;&nbsp;&nbsp;&nbsp;&nbsp;&nbsp;&nbsp;&nbsp;&nbsp;&nbsp;&nbsp;&nbsp;&nbsp;&nbsp;&nbsp;&nbsp;&nbsp;&nbsp;&nbsp;&nbsp;&nbsp;&nbsp;&nbsp;&nbsp;&nbsp;&nbsp;&nbsp;&nbsp;&nbsp;&nbsp;&nbsp;&nbsp;&nbsp;&nbsp;&nbsp;&nbsp;&nbsp;&nbsp;&nbsp;&nbsp;&nbsp;&nbsp;&nbsp;&nbsp;&nbsp;&nbsp;&nbsp;&nbsp;&nbsp;&nbsp;&nbsp;&nbsp;&nbsp;&nbsp;&nbsp;&nbsp;&nbsp;&nbsp;&nbsp;&nbsp;&nbsp; &nbsp;Detailed of previous or current treatment: </span></span></p>

<p style=""margin-left:288px""><span style=""font-size:11pt""><span style=""font-family:Calibri,sans-serif"">&nbsp;&nbsp;&nbsp;&nbsp;&nbsp;&nbsp;&nbsp;&nbsp;&nbsp;&nbsp;&nbsp;&nbsp;&nbsp;&nbsp;&nbsp;&nbsp;&nbsp;&nbsp;&nbsp;&nbsp;&nbsp;&nbsp;&nbsp;&nbsp;&nbsp;&nbsp;&nbsp;&nbsp;&nbsp;&nbsp;&nbsp;&nbsp;&nbsp;&nbsp;&nbsp;&nbsp;&nbsp;&nbsp;&nbsp;&nbsp;&nbsp;&nbsp;&nbsp;&nbsp;&nbsp;&nbsp;&nbsp;&nbsp;&nbsp;&nbsp;&nbsp;&nbsp;&nbsp;&nbsp;&nbsp;&nbsp;&nbsp;&nbsp;&nbsp; &nbsp;&nbsp;&nbsp;&nbsp;&nbsp;&nbsp;&nbsp;&nbsp;&nbsp;&nbsp;&nbsp;&nbsp;&nbsp;&nbsp;&nbsp;&nbsp;&nbsp;&nbsp;&nbsp;&nbsp;&nbsp;&nbsp;&nbsp;&nbsp;&nbsp;&nbsp;&nbsp;&nbsp;&nbsp;&nbsp;&nbsp;&nbsp;&nbsp;&nbsp;&nbsp;&nbsp;&nbsp;&nbsp;&nbsp;&nbsp;&nbsp;&nbsp;&nbsp;&nbsp;&nbsp;&nbsp; </span></span></p>

<p><span style=""font-size:11pt""><span style=""font-family:Calibri,sans-serif""><strong>Patients understanding of treatment</strong>&nbsp;&nbsp;&nbsp;&nbsp;&nbsp;&nbsp; C.&nbsp;&nbsp;&nbsp;&nbsp;&nbsp;&nbsp;&nbsp;&nbsp;&nbsp; Psychosis associated with violence towards others</span></span></p>

<p><span style=""font-size:11pt""><span style=""font-family:Calibri,sans-serif"">&nbsp;&nbsp;&nbsp;&nbsp;&nbsp;&nbsp;&nbsp;&nbsp;&nbsp;&nbsp;&nbsp;&nbsp;&nbsp;&nbsp;&nbsp;&nbsp;&nbsp;&nbsp;&nbsp;&nbsp;&nbsp;&nbsp;&nbsp;&nbsp;&nbsp;&nbsp;&nbsp;&nbsp;&nbsp;&nbsp;&nbsp;&nbsp;&nbsp;&nbsp;&nbsp;&nbsp;&nbsp;&nbsp;&nbsp;&nbsp;&nbsp;&nbsp;&nbsp;&nbsp;&nbsp;&nbsp;&nbsp;&nbsp;&nbsp;&nbsp;&nbsp;&nbsp;&nbsp;&nbsp;&nbsp;&nbsp;&nbsp;&nbsp;&nbsp;&nbsp;&nbsp;&nbsp;&nbsp;&nbsp;&nbsp;&nbsp;&nbsp;&nbsp;&nbsp;&nbsp;&nbsp; &nbsp;Danger to self, e.g. not eating, not sleeping, roaming,</span></span></p>

<p><span style=""font-size:11pt""><span style=""font-family:Calibri,sans-serif"">&nbsp;&nbsp;&nbsp;&nbsp;&nbsp;&nbsp;&nbsp;&nbsp;&nbsp;&nbsp;&nbsp;&nbsp;&nbsp;&nbsp;&nbsp;&nbsp;&nbsp;&nbsp;&nbsp;&nbsp;&nbsp;&nbsp;&nbsp;&nbsp;&nbsp;&nbsp;&nbsp;&nbsp;&nbsp;&nbsp;&nbsp;&nbsp;&nbsp;&nbsp;&nbsp;&nbsp;&nbsp;&nbsp;&nbsp;&nbsp;&nbsp;&nbsp;&nbsp;&nbsp;&nbsp;&nbsp;&nbsp;&nbsp;&nbsp;&nbsp;&nbsp;&nbsp;&nbsp;&nbsp;&nbsp;&nbsp;&nbsp;&nbsp;&nbsp;&nbsp;&nbsp;&nbsp;&nbsp;&nbsp;&nbsp;&nbsp;&nbsp;&nbsp;&nbsp;&nbsp;&nbsp; &nbsp;Uncontrollable, persistently excitable, suicidal</span></span></p>

<p><span style=""font-size:11pt""><span style=""font-family:Calibri,sans-serif"">&nbsp;&nbsp;&nbsp;&nbsp;&nbsp;&nbsp;&nbsp;&nbsp;&nbsp;&nbsp;&nbsp;&nbsp;&nbsp;&nbsp;&nbsp;&nbsp;&nbsp;&nbsp;&nbsp;&nbsp;&nbsp;&nbsp;&nbsp;&nbsp;&nbsp;&nbsp;&nbsp;&nbsp;&nbsp;&nbsp;&nbsp;&nbsp;&nbsp;&nbsp;&nbsp;&nbsp;&nbsp;&nbsp;&nbsp;&nbsp;&nbsp;&nbsp;&nbsp;&nbsp;&nbsp;&nbsp;&nbsp;&nbsp;&nbsp;&nbsp;&nbsp;&nbsp;&nbsp;&nbsp;&nbsp;&nbsp;&nbsp;&nbsp;&nbsp; &nbsp;&nbsp;&nbsp;&nbsp;&nbsp;&nbsp;&nbsp; &nbsp;&nbsp;&nbsp;&nbsp; &nbsp;Alcohol or drug use and intoxication</span></span></p>

<p><span style=""font-size:11pt""><span style=""font-family:Calibri,sans-serif""><strong>Patients expectations of treatment:</strong>&nbsp;&nbsp;&nbsp;&nbsp;&nbsp;&nbsp;&nbsp;&nbsp;&nbsp;&nbsp;&nbsp;&nbsp;&nbsp;&nbsp;&nbsp;&nbsp;&nbsp; Others medical conditions e.g. Brain injury, stroke,</span></span></p>

<p><span style=""font-size:11pt""><span style=""font-family:Calibri,sans-serif"">&nbsp;&nbsp;&nbsp;&nbsp;&nbsp;&nbsp;&nbsp;&nbsp;&nbsp;&nbsp;&nbsp;&nbsp;&nbsp;&nbsp;&nbsp;&nbsp;&nbsp;&nbsp;&nbsp;&nbsp;&nbsp;&nbsp;&nbsp;&nbsp;&nbsp;&nbsp;&nbsp;&nbsp;&nbsp;&nbsp;&nbsp;&nbsp;&nbsp;&nbsp;&nbsp;&nbsp;&nbsp;&nbsp;&nbsp;&nbsp;&nbsp;&nbsp;&nbsp;&nbsp;&nbsp;&nbsp;&nbsp;&nbsp;&nbsp;&nbsp;&nbsp;&nbsp;&nbsp;&nbsp;&nbsp;&nbsp;&nbsp;&nbsp;&nbsp;&nbsp;&nbsp;&nbsp;&nbsp;&nbsp;&nbsp;&nbsp;&nbsp;&nbsp;&nbsp;&nbsp;&nbsp; &nbsp; Diabetes, hypertension, confusion, fever.</span></span></p>

<p>&nbsp;</p>

<p><span style=""font-size:11pt""><span style=""font-family:Calibri,sans-serif""><strong>Intervention&nbsp;&nbsp;&nbsp;&nbsp;&nbsp;&nbsp;&nbsp;&nbsp;&nbsp;&nbsp;&nbsp;&nbsp;&nbsp;&nbsp;&nbsp;&nbsp;&nbsp;&nbsp;&nbsp;&nbsp;&nbsp;&nbsp;&nbsp;&nbsp;&nbsp;&nbsp;&nbsp;&nbsp;&nbsp;&nbsp;&nbsp;&nbsp;&nbsp;&nbsp;&nbsp;&nbsp;&nbsp;&nbsp;&nbsp;&nbsp;&nbsp;&nbsp;&nbsp;&nbsp;&nbsp;&nbsp;&nbsp;&nbsp;&nbsp;&nbsp;&nbsp;&nbsp;&nbsp;&nbsp;&nbsp;&nbsp;&nbsp;&nbsp;&nbsp;&nbsp;&nbsp;&nbsp;&nbsp;&nbsp;&nbsp;&nbsp;&nbsp;&nbsp;&nbsp; Comments (e.g. date, incomplete, drug, dose)</strong></span></span></p>

<p><span style=""font-size:11pt""><span style=""font-family:Calibri,sans-serif""><strong>Psycho-education to person and careers&nbsp; :&nbsp; &nbsp; &nbsp; &nbsp; &nbsp; &nbsp; &nbsp; &nbsp; &nbsp; &nbsp;</strong></span></span></p>

<p><span style=""font-size:11pt""><span style=""font-family:Calibri,sans-serif""><strong>Begin antipsychotic medication :&nbsp; &nbsp; &nbsp; &nbsp; &nbsp; &nbsp; &nbsp; &nbsp; &nbsp; &nbsp; &nbsp; &nbsp; &nbsp; &nbsp; &nbsp; &nbsp; &nbsp; &nbsp;&nbsp;</strong></span></span></p>

<p><span style=""font-size:11pt""><span style=""font-family:Calibri,sans-serif""><strong>Precautions and side-effects:&nbsp; &nbsp; &nbsp; &nbsp; &nbsp; &nbsp; &nbsp; &nbsp; &nbsp; &nbsp; &nbsp; &nbsp; &nbsp; &nbsp; &nbsp; &nbsp; &nbsp; &nbsp; &nbsp; &nbsp;</strong></span></span></p>

<p><span style=""font-size:11pt""><span style=""font-family:Calibri,sans-serif""><strong>Provide psychosocial interventions :&nbsp; &nbsp; &nbsp; &nbsp; &nbsp; &nbsp; &nbsp; &nbsp; &nbsp; &nbsp; &nbsp; &nbsp; &nbsp; &nbsp; &nbsp; &nbsp;</strong></span></span></p>

<p><span style=""font-size:11pt""><span style=""font-family:Calibri,sans-serif""><strong>Interventions for psychosis after childbirth :&nbsp; &nbsp; &nbsp; &nbsp; &nbsp; &nbsp; &nbsp; &nbsp; &nbsp;&nbsp;</strong></span></span></p>

<p><span style=""font-size:11pt""><span style=""font-family:Calibri,sans-serif""><strong>Facilitate rehabilitation :&nbsp; &nbsp; &nbsp; &nbsp; &nbsp; &nbsp; &nbsp; &nbsp; &nbsp; &nbsp; &nbsp; &nbsp; &nbsp; &nbsp; &nbsp; &nbsp; &nbsp; &nbsp; &nbsp; &nbsp; &nbsp; &nbsp; &nbsp; &nbsp; &nbsp; &nbsp;</strong></span></span></p>

<p><span style=""font-size:11pt""><span style=""font-family:Calibri,sans-serif""><strong>Provide regular follow-up&nbsp; &nbsp; &nbsp; &nbsp; &nbsp; &nbsp; &nbsp; &nbsp; &nbsp; &nbsp; &nbsp; &nbsp; &nbsp; &nbsp; &nbsp; &nbsp; &nbsp; &nbsp; &nbsp; &nbsp; &nbsp; &nbsp; &nbsp; &nbsp; &nbsp;&nbsp;</strong></span></span></p>

<p>&nbsp;</p>
",RECORD SHEET FOR PSYCHOSIS- ASSESSMENT 2,CLINICAL NOTE
1637,"<p><span style=""font-size:11pt""><span style=""font-family:Calibri,sans-serif""><span style=""font-size:16.0pt"">PROVISIONAL DIAGNNOSIS</span></span></span></p>

<p><span style=""font-size:11pt""><span style=""font-family:Calibri,sans-serif""><span style=""font-size:16.0pt"">NAME OF UNIT:</span></span></span></p>

<p><span style=""font-size:11pt""><span style=""font-family:Calibri,sans-serif""><span style=""font-size:16.0pt"">CONSULTANT IN-CHARGE</span></span></span></p>

<p><span style=""font-size:11pt""><span style=""font-family:Calibri,sans-serif""><span style=""font-size:16.0pt"">OFFICIAL ADDRESS:</span></span></span></p>

<p><span style=""font-size:11pt""><span style=""font-family:Calibri,sans-serif""><span style=""font-size:16.0pt"">CONTACT ADDRESS:</span></span></span></p>

<p><span style=""font-size:11pt""><span style=""font-family:Calibri,sans-serif""><span style=""font-size:16.0pt"">SPEECH DISORDER:</span></span></span></p>

<p><span style=""font-size:11pt""><span style=""font-family:Calibri,sans-serif""><strong><em><span style=""font-size:16.0pt"">Reason for referral</span></em></strong><span style=""font-size:16.0pt"">:</span></span></span></p>

<ol>
	<li><span style=""font-size:11pt""><span style=""font-family:Calibri,sans-serif""><span style=""font-size:16.0pt"">Assessment </span></span></span></li>
	<li><span style=""font-size:11pt""><span style=""font-family:Calibri,sans-serif""><span style=""font-size:16.0pt"">Interventions/Management Plan</span></span></span></li>
</ol>

<p style=""margin-left:24px""><span style=""font-size:11pt""><span style=""font-family:Calibri,sans-serif""><span style=""font-size:16.0pt"">I.&nbsp;&nbsp;&nbsp; Intellectual Disability</span></span></span></p>

<p style=""margin-left:24px""><span style=""font-size:11pt""><span style=""font-family:Calibri,sans-serif""><span style=""font-size:16.0pt"">ii. &nbsp;&nbsp;Autism</span></span></span></p>

<p style=""margin-left:24px""><span style=""font-size:11pt""><span style=""font-family:Calibri,sans-serif""><span style=""font-size:16.0pt"">iii.&nbsp; ADHD</span></span></span></p>

<p style=""margin-left:24px""><span style=""font-size:11pt""><span style=""font-family:Calibri,sans-serif""><span style=""font-size:16.0pt"">iv. Cerebral Palsy</span></span></span></p>

<p style=""margin-left:24px""><span style=""font-size:11pt""><span style=""font-family:Calibri,sans-serif""><span style=""font-size:16.0pt"">v.&nbsp; Down syndrome</span></span></span></p>

<p style=""margin-left:24px""><span style=""font-size:11pt""><span style=""font-family:Calibri,sans-serif""><span style=""font-size:16.0pt"">vi.&nbsp; Delay speech development</span></span></span></p>

<p style=""margin-left:24px""><span style=""font-size:11pt""><span style=""font-family:Calibri,sans-serif""><span style=""font-size:16.0pt"">vii.&nbsp; Specific Learning Disability</span></span></span></p>

<p style=""margin-left:24px""><span style=""font-size:11pt""><span style=""font-family:Calibri,sans-serif""><span style=""font-size:16.0pt"">viii.&nbsp; Hearing Impairment</span></span></span></p>

<p style=""margin-left:24px""><span style=""font-size:11pt""><span style=""font-family:Calibri,sans-serif""><span style=""font-size:16.0pt"">ix.&nbsp; Aphasia</span></span></span></p>

<p style=""margin-left:24px""><span style=""font-size:11pt""><span style=""font-family:Calibri,sans-serif""><span style=""font-size:16.0pt"">x.&nbsp; Fluency Disorder</span></span></span></p>

<p style=""margin-left:24px"">&nbsp;</p>

<p style=""margin-left:24px""><span style=""font-size:11pt""><span style=""font-family:Calibri,sans-serif""><strong><span style=""font-size:16.0pt"">Additional Information:</span></strong></span></span></p>

<p style=""margin-left:24px"">&nbsp;</p>

<p style=""margin-left:24px"">&nbsp;</p>

<p style=""margin-left:24px"">&nbsp;</p>

<p style=""margin-left:24px""><span style=""font-size:11pt""><span style=""font-family:Calibri,sans-serif""><span style=""font-size:16.0pt"">&nbsp;&nbsp;&nbsp;&nbsp;&nbsp;&nbsp;&nbsp;&nbsp;&nbsp;&nbsp;&nbsp;&nbsp;&nbsp;&nbsp;&nbsp;&nbsp;&nbsp;&nbsp;&nbsp;&nbsp;&nbsp;&nbsp;&nbsp;&nbsp;&nbsp;&nbsp;&nbsp;&nbsp;&nbsp;&nbsp;&nbsp;&nbsp;&nbsp;&nbsp;&nbsp;&nbsp;&nbsp;&nbsp;&nbsp;&nbsp;&nbsp;&nbsp; <strong>FAMILY HISTORY</strong></span></span></span></p>

<p style=""margin-left:24px""><span style=""font-size:11pt""><span style=""font-family:Calibri,sans-serif""><span style=""font-size:16.0pt"">FATHER:</span></span></span></p>

<p style=""margin-left:24px""><span style=""font-size:11pt""><span style=""font-family:Calibri,sans-serif""><span style=""font-size:16.0pt"">MOTHER:</span></span></span></p>

<p style=""margin-left:24px""><span style=""font-size:11pt""><span style=""font-family:Calibri,sans-serif""><span style=""font-size:16.0pt"">SIBLINGS:</span></span></span></p>

<p style=""margin-left:24px""><span style=""font-size:11pt""><span style=""font-family:Calibri,sans-serif""><span style=""font-size:16.0pt"">FAMILY HISTORY:</span></span></span></p>

<p style=""margin-left:24px""><span style=""font-size:11pt""><span style=""font-family:Calibri,sans-serif""><span style=""font-size:16.0pt"">HOME HISTORY:</span></span></span></p>

<p style=""margin-left:24px""><span style=""font-size:11pt""><span style=""font-family:Calibri,sans-serif""><span style=""font-size:16.0pt"">PHONE NUMBER:</span></span></span></p>

<p style=""margin-left:24px""><span style=""font-size:11pt""><span style=""font-family:Calibri,sans-serif""><span style=""font-size:16.0pt"">&nbsp;&nbsp;&nbsp;&nbsp;&nbsp;&nbsp;&nbsp;&nbsp;&nbsp;&nbsp;&nbsp;&nbsp;&nbsp;&nbsp;&nbsp;&nbsp;&nbsp;&nbsp;&nbsp;&nbsp;&nbsp;&nbsp;&nbsp;&nbsp;&nbsp;&nbsp;&nbsp;&nbsp;&nbsp;&nbsp;&nbsp;&nbsp;&nbsp;&nbsp;&nbsp;&nbsp;&nbsp;&nbsp;&nbsp;&nbsp;&nbsp;&nbsp; <strong>PERSONAL HISTORY</strong></span></span></span></p>

<p style=""margin-left:24px""><span style=""font-size:11pt""><span style=""font-family:Calibri,sans-serif""><span style=""font-size:16.0pt"">PRE-NATAL:</span></span></span></p>

<p style=""margin-left:24px""><span style=""font-size:11pt""><span style=""font-family:Calibri,sans-serif""><span style=""font-size:16.0pt"">BIRTH:</span></span></span></p>

<p style=""margin-left:24px""><span style=""font-size:11pt""><span style=""font-family:Calibri,sans-serif""><span style=""font-size:16.0pt"">ILLNESSES OF NATAL AND POST-NATAL PERIOD:</span></span></span></p>

<p style=""margin-left:24px""><span style=""font-size:11pt""><span style=""font-family:Calibri,sans-serif""><span style=""font-size:16.0pt"">MOTOR MILESTONE DEVELOPMENT:</span></span></span></p>

<p style=""margin-left:24px""><span style=""font-size:11pt""><span style=""font-family:Calibri,sans-serif""><span style=""font-size:16.0pt"">&nbsp; &nbsp; &nbsp; &nbsp; &nbsp; &nbsp; &nbsp; &nbsp; &nbsp; &nbsp; &nbsp; &nbsp; &nbsp; &nbsp; &nbsp; &nbsp; &nbsp; &nbsp; &nbsp; &nbsp; &nbsp; &nbsp; &nbsp; &nbsp; &nbsp;<strong>SPECIFIC&nbsp;</strong><strong>ASSESSMENT</strong></span></span></span></p>

<p style=""margin-left:24px""><span style=""font-size:11pt""><span style=""font-family:Calibri,sans-serif""><span style=""font-size:16.0pt"">COMPREHENSION:</span></span></span></p>

<p style=""margin-left:24px""><span style=""font-size:11pt""><span style=""font-family:Calibri,sans-serif""><span style=""font-size:16.0pt"">EXPRESSION:</span></span></span></p>

<p style=""margin-left:24px""><span style=""font-size:11pt""><span style=""font-family:Calibri,sans-serif""><span style=""font-size:16.0pt"">LANGUAGE STRUCTURE:</span></span></span></p>

<p style=""margin-left:24px""><span style=""font-size:11pt""><span style=""font-family:Calibri,sans-serif""><span style=""font-size:16.0pt"">VOCABULARY:</span></span></span></p>

<p style=""margin-left:24px""><span style=""font-size:11pt""><span style=""font-family:Calibri,sans-serif""><span style=""font-size:16.0pt"">ARTICULATION:</span></span></span></p>

<p style=""margin-left:24px""><span style=""font-size:11pt""><span style=""font-family:Calibri,sans-serif""><span style=""font-size:16.0pt"">VOICE:</span></span></span></p>

<p style=""margin-left:24px""><span style=""font-size:11pt""><span style=""font-family:Calibri,sans-serif""><span style=""font-size:16.0pt"">FLUENCY:</span></span></span></p>

<p style=""margin-left:24px""><span style=""font-size:11pt""><span style=""font-family:Calibri,sans-serif""><span style=""font-size:16.0pt"">SPEECH INTELLIGIBILITY:</span></span></span></p>

<p style=""margin-left:24px""><span style=""font-size:11pt""><span style=""font-family:Calibri,sans-serif""><span style=""font-size:16.0pt"">LIPS:</span></span></span></p>

<p style=""margin-left:24px""><span style=""font-size:11pt""><span style=""font-family:Calibri,sans-serif""><span style=""font-size:16.0pt"">HEARING:</span></span></span></p>

<p style=""margin-left:24px""><span style=""font-size:11pt""><span style=""font-family:Calibri,sans-serif""><span style=""font-size:16.0pt"">AUDITORY DISCRIMINATION:</span></span></span></p>

<p style=""margin-left:24px""><span style=""font-size:11pt""><span style=""font-family:Calibri,sans-serif""><span style=""font-size:16.0pt"">AUDIRORY MEMORY:</span></span></span></p>

<p style=""margin-left:24px""><span style=""font-size:11pt""><span style=""font-family:Calibri,sans-serif""><span style=""font-size:16.0pt"">MOTOR: LATERALITY:</span></span></span></p>

<p style=""margin-left:24px""><span style=""font-size:11pt""><span style=""font-family:Calibri,sans-serif""><span style=""font-size:16.0pt"">&nbsp;&nbsp;&nbsp;&nbsp;&nbsp;&nbsp;&nbsp;&nbsp;&nbsp;&nbsp;&nbsp;&nbsp;&nbsp; &nbsp;HAND EYE CO-ORDINATION:</span></span></span></p>

<p><span style=""font-size:11pt""><span style=""font-family:Calibri,sans-serif""><span style=""font-size:14.0pt"">&nbsp;&nbsp;&nbsp;&nbsp;&nbsp;&nbsp;&nbsp;&nbsp;&nbsp;&nbsp;&nbsp;&nbsp;&nbsp;&nbsp;&nbsp;&nbsp;&nbsp;&nbsp;&nbsp;&nbsp;&nbsp;&nbsp;&nbsp; FOOT EYE CO-ORDINATION:</span></span></span></p>

<p><span style=""font-size:11pt""><span style=""font-family:Calibri,sans-serif""><span style=""font-size:14.0pt"">&nbsp;&nbsp;&nbsp;&nbsp;&nbsp;&nbsp;&nbsp;&nbsp;&nbsp;&nbsp;&nbsp;&nbsp;&nbsp;&nbsp;&nbsp;&nbsp;&nbsp;&nbsp;&nbsp;&nbsp;&nbsp;&nbsp;&nbsp; BALANCE:</span></span></span></p>

<p><span style=""font-size:11pt""><span style=""font-family:Calibri,sans-serif""><span style=""font-size:14.0pt"">&nbsp;&nbsp;&nbsp;&nbsp;&nbsp;&nbsp;&nbsp;&nbsp;&nbsp;&nbsp;&nbsp;&nbsp;&nbsp;&nbsp;&nbsp;&nbsp;&nbsp;&nbsp;&nbsp;&nbsp;&nbsp;&nbsp;&nbsp; GROSS MOTOR CO-ORDINATION:</span></span></span></p>

<p><span style=""font-size:11pt""><span style=""font-family:Calibri,sans-serif""><span style=""font-size:14.0pt"">READING:</span></span></span></p>

<p><span style=""font-size:11pt""><span style=""font-family:Calibri,sans-serif""><span style=""font-size:14.0pt"">WRITING:</span></span></span></p>

<p><span style=""font-size:11pt""><span style=""font-family:Calibri,sans-serif""><span style=""font-size:14.0pt"">MEMORY:</span></span></span></p>

<p><span style=""font-size:11pt""><span style=""font-family:Calibri,sans-serif""><span style=""font-size:14.0pt"">ATTENTION:</span></span></span></p>

<p><span style=""font-size:11pt""><span style=""font-family:Calibri,sans-serif""><span style=""font-size:14.0pt"">SEQUENCING:</span></span></span></p>

<p>&nbsp;</p>

<p>&nbsp;</p>

<p><span style=""font-size:11pt""><span style=""font-family:Calibri,sans-serif""><span style=""font-size:16.0pt"">PALATE:</span></span></span></p>

<p><span style=""font-size:11pt""><span style=""font-family:Calibri,sans-serif""><span style=""font-size:16.0pt"">TEETH:</span></span></span></p>

<p><span style=""font-size:11pt""><span style=""font-family:Calibri,sans-serif""><span style=""font-size:16.0pt"">OTHER RELEVANT INFORMATION:</span></span></span></p>

<p>&nbsp;</p>

<p>&nbsp;</p>

<p><span style=""font-size:11pt""><span style=""font-family:Calibri,sans-serif""><span style=""font-size:16.0pt"">PROPOSED TREATMENT:</span></span></span></p>

<p>&nbsp;</p>

<p><span style=""font-size:11pt""><span style=""font-family:Calibri,sans-serif""><span style=""font-size:16.0pt"">REFERRALS:</span></span></span></p>

<p>&nbsp;</p>

<p>&nbsp;</p>

<p><span style=""font-size:11pt""><span style=""font-family:Calibri,sans-serif""><span style=""font-size:16.0pt"">&nbsp;PROGRESS NOTE:</span></span></span></p>

<p>&nbsp;</p>
",SPEECH THERAPY ASSESSMENT FORM 2,CLINICAL NOTE
1638,"<p><span style=""font-size:11pt""><span style=""font-family:Calibri,sans-serif"">Introduction:</span></span></p>

<p>&nbsp;</p>

<p>&nbsp;</p>

<p><span style=""font-size:11pt""><span style=""font-family:Calibri,sans-serif"">&nbsp;Reason for referral (a) personality assessment (b) insight therapy (c) behavioral modification (d) motivational enchantment therapy (e) I.Q assessment (f) counselling (g) drug education (h) social skill training (i) self esteem education (j) psychological review (k) cognitive assessment (l) family therapy (m) others</span></span></p>

<p>&nbsp;</p>

<p><span style=""font-size:11pt""><span style=""font-family:Calibri,sans-serif"">Presenting complaints:</span></span></p>

<p>&nbsp;</p>

<p>&nbsp;</p>

<p><span style=""font-size:11pt""><span style=""font-family:Calibri,sans-serif"">History of presenting complaints:</span></span></p>

<p>&nbsp;</p>

<p>&nbsp;</p>

<p><span style=""font-size:11pt""><span style=""font-family:Calibri,sans-serif"">Past medical history:</span></span></p>

<p>&nbsp;</p>

<p>&nbsp;</p>

<p><span style=""font-size:11pt""><span style=""font-family:Calibri,sans-serif"">Past psychiatric history:</span></span></p>

<p>&nbsp;</p>

<p><span style=""font-size:11pt""><span style=""font-family:Calibri,sans-serif"">Family history:</span></span></p>

<p>&nbsp;</p>

<p><span style=""font-size:11pt""><span style=""font-family:Calibri,sans-serif"">Personal history: &ndash; (a) prenatal (Gestation) (b) Labor (c) Early childhood 1 &ndash; 3yrs (d) Middle childhood 3 &ndash; 11yrs (e) Late childhood 12 &ndash; 19yrs (f) Educational history (g) Psychosexual history (h) Drug history (I) Premorbid personality (j) Forensic history (k) present living circumstances. (l) premorbid personality.</span></span></p>

<p>&nbsp;</p>

<p><span style=""font-size:11pt""><span style=""font-family:Calibri,sans-serif"">Mental state examination: (if applicable) (a) Appearance. (b) orientation (c) Memory (d) Mood (e) affect (f) Perception (g) Speech and Language (h) Judgement (i) Insight</span></span></p>

<p>&nbsp;</p>

<p><span style=""font-size:11pt""><span style=""font-family:Calibri,sans-serif"">Initial psychological impression:</span></span></p>

<p>&nbsp;</p>

<p><span style=""font-size:11pt""><span style=""font-family:Calibri,sans-serif"">Psychometric Examination Test used:- (1) Minnesota Multiphasic Personality Inventory (MMPI) (2) Millon Clinical Multiaxial Inventory (MCMI) (3) Eysenck Personality Questionnaire (EPQ) (4) Minnesota Multiphasic Personality Inventory Adolescent Version (MMPI &ndash; A) (5) Draw &ndash; a &ndash; Person Test (DAP) (6) Draw &ndash; a &ndash; Person IQ Test (DAP &ndash; IQ) (7) Incomplete Sentence Blank College Form (ISBC) (8) Slosson Drawing Coordination Test (SCDT) (9) Bendal Gestalt Test of Memory Dysfunction (BGT) (10) Wechsler Adult Intelligence Scale (WAISE) (11) Weschler Intelligence Scale for Children (WISC) (12) Wechsler Preschool and Primary Scale of Intelligence (WPPIS &ndash; iv) (13) Cambridge Prospective Memory Test (CPMT) (14) Miller Forensic Assessment Symptom Test (MFAST) (15) Thematic Apperception Test (TAT) (16) Rorschach Inkblot Test (RIT) (17) Others (18) Vineland Adaptive Behavior Scale</span></span></p>

<p>&nbsp;</p>

<p><span style=""font-size:11pt""><span style=""font-family:Calibri,sans-serif"">Test Behaviour:</span></span></p>

<p>&nbsp;</p>

<p><span style=""font-size:11pt""><span style=""font-family:Calibri,sans-serif"">Rationale for Testing:</span></span></p>

<p>&nbsp;</p>

<p><span style=""font-size:11pt""><span style=""font-family:Calibri,sans-serif"">Test Results:</span></span></p>

<p>&nbsp;</p>

<p><span style=""font-size:11pt""><span style=""font-family:Calibri,sans-serif"">Impression/Psychodiagnosis;- (1) Gifted or Very Superior (2) Superior (3) Above Average Intelligence (4) Average Intelligence (5) Below Average Intelligence (6) Extremely Low Intelligence (7) Borderline Intelligence (8) Mild Intellectual Disability (9) Moderate Intellectual Disability (10) severe Intellectual Disability (11) Profound Intellectual Disability (12) Cognitive Impairment Mild (13) Moderate Cognitive Impairment (14) Severe Cognitive Impairment (15) Antisocial Personality (16) Paranoid Personality (17) Schizoid Personality (18) Schizotypal Personality (19) Histrionic Personality (20) Narcissistic Personality (21) Borderline Personality (22) Avoidant personality (23) Passive &ndash; Aggressive Personality (24) Obsessive Compulsive Personality (25) Dependent Personality (26) Personality change due to other medical or Neurological Condition (27) unspecified Personality disorder (28) Others</span></span></p>

<p>&nbsp;</p>

<p><span style=""font-size:11pt""><span style=""font-family:Calibri,sans-serif"">Formulations:</span></span></p>

<p>&nbsp;</p>

<p><span style=""font-size:11pt""><span style=""font-family:Calibri,sans-serif"">Problem Identified:</span></span></p>

<p>&nbsp;</p>

<p><span style=""font-size:11pt""><span style=""font-family:Calibri,sans-serif"">Treatment Mode: (1a) Individual Psychotherapy: (a) Group Therapy (b) Family Therapy (c) Cognitive Behavioral Therapy (d) Rational Emotive Behavioral Therapy (e) Psychoanalytical Therapy (f) Dialectical Behavioral Therapy (g) Eclectic Therapy(h) Hypnotherapy (I) Eye Movement Desensitization and Reprocessing (j) Others (k) Supportive Psychotherapy (L) Psychoeducation (m) Parental Education and Training (n) Motivation Enhancement Therapy (o) Drug Education (p) Insight Therapy (q) Psychological Review&nbsp; (1b) Behavioral Modification (a) Counter Conditioning (b) Punishment (c) Positive/Negative Reinforcement (d) Systematic Desensitization (e) Aversive Therapy (f) &nbsp;Modelling (g) Individualized Educational Program (h) Flooding (I) Time out (j) Relaxation Technique (k) Social Skill Training</span></span></p>

<p>&nbsp;</p>

<p><span style=""font-size:11pt""><span style=""font-family:Calibri,sans-serif"">Referrals: (1) Psychiatrist (2) Neurologist (3) Speech Therapist (4) Special Education (5) Occupational Therapist (6) Psychotherapist (7) Dater (8) Others.</span></span></p>
",PSYCHOLOGICAL REPORT,CLINICAL NOTE
1641,"<p><strong><u>PRESENTING COMPLAINTS:</u></strong></p>

<p>&nbsp;</p>

<p>&nbsp;</p>

<p>&nbsp;</p>

<p>&nbsp;</p>

<p><strong><u>HISTORY OF PRESENTING COMPLAINTS:</u></strong></p>

<p>&nbsp;</p>

<p>&nbsp;</p>

<p>&nbsp;</p>

<p>&nbsp;</p>

<p>&nbsp;</p>

<p>&nbsp;</p>

<p>&nbsp;</p>

<p>&nbsp;</p>

<p>&nbsp;</p>

<p>&nbsp;</p>

<p>&nbsp;</p>

<p>&nbsp;</p>

<p>&nbsp;</p>
",GENERAL MEDICAL PRACTICE,CLINICAL NOTE
1601,"<p style=""text-align:center""><span style=""font-size:11pt""><span style=""font-family:Calibri,sans-serif""><strong><span style=""font-size:16.0pt""><span style=""font-family:&quot;Times New Roman&quot;,serif"">GENERAL PSYCHIATRIC ASSESSMENT</span></span></strong></span></span></p>

<p><span style=""font-size:11pt""><span style=""font-family:Calibri,sans-serif""><strong><span style=""font-size:12.0pt""><span style=""font-family:&quot;Times New Roman&quot;,serif"">SOURCE OF REFERRAL:&nbsp;</span></span></strong></span></span></p>

<p><span style=""font-size:11pt""><span style=""font-family:Calibri,sans-serif""><strong><span style=""font-size:12.0pt""><span style=""font-family:&quot;Times New Roman&quot;,serif"">INFORMANTS:&nbsp;</span></span></strong></span></span></p>

<p><span style=""font-size:11pt""><span style=""font-family:Calibri,sans-serif""><strong><span style=""font-size:12.0pt""><span style=""font-family:&quot;Times New Roman&quot;,serif"">RELIABILITY:&nbsp;</span></span></strong></span></span></p>

<p>&nbsp;</p>

<p><span style=""font-size:11pt""><span style=""font-family:Calibri,sans-serif""><strong><span style=""font-size:18.0pt""><span style=""font-family:&quot;Times New Roman&quot;,serif"">Present Complaints:&nbsp;</span></span></strong></span></span></p>

<p>&nbsp;</p>

<p>&nbsp;</p>

<p><span style=""font-size:11pt""><span style=""font-family:Calibri,sans-serif""><strong><span style=""font-size:18.0pt""><span style=""font-family:&quot;Times New Roman&quot;,serif"">History of Present Complaints:&nbsp;</span></span></strong></span></span></p>

<p>&nbsp;</p>

<p>&nbsp;</p>

<p><span style=""font-size:11pt""><span style=""font-family:Calibri,sans-serif""><strong><span style=""font-size:18.0pt""><span style=""font-family:&quot;Times New Roman&quot;,serif"">Past History: </span></span></strong></span></span></p>

<p style=""margin-left:48px""><span style=""font-size:11pt""><span style=""font-family:Calibri,sans-serif""><strong><span style=""font-size:16.0pt""><span style=""font-family:&quot;Times New Roman&quot;,serif"">Psychiatric: &nbsp;</span></span></strong></span></span></p>

<p style=""margin-left:48px"">&nbsp;</p>

<p style=""margin-left:48px""><span style=""font-size:11pt""><span style=""font-family:Calibri,sans-serif""><strong><span style=""font-size:16.0pt""><span style=""font-family:&quot;Times New Roman&quot;,serif"">Medical :&nbsp;</span></span></strong></span></span></p>

<p>&nbsp;</p>

<p><span style=""font-size:11pt""><span style=""font-family:Calibri,sans-serif""><strong><span style=""font-size:18.0pt""><span style=""font-family:&quot;Times New Roman&quot;,serif"">Family History:&nbsp;</span></span></strong></span></span></p>

<p>&nbsp;</p>

<p>&nbsp;</p>

<p><span style=""font-size:11pt""><span style=""font-family:Calibri,sans-serif""><strong><span style=""font-size:18.0pt""><span style=""font-family:&quot;Times New Roman&quot;,serif"">Personal History: </span></span></strong></span></span></p>

<p style=""margin-left:48px""><span style=""font-size:11pt""><span style=""font-family:Calibri,sans-serif""><strong><span style=""font-size:14.0pt""><span style=""font-family:&quot;Times New Roman&quot;,serif"">Pregnancy, Birth Neonatal History:&nbsp;</span></span></strong></span></span></p>

<p style=""margin-left:48px"">&nbsp;</p>

<p style=""margin-left:48px""><span style=""font-size:11pt""><span style=""font-family:Calibri,sans-serif""><strong><span style=""font-size:14.0pt""><span style=""font-family:&quot;Times New Roman&quot;,serif"">Immunization History:&nbsp;</span></span></strong></span></span></p>

<p style=""margin-left:48px"">&nbsp;</p>

<p style=""margin-left:48px""><span style=""font-size:11pt""><span style=""font-family:Calibri,sans-serif""><strong><span style=""font-size:14.0pt""><span style=""font-family:&quot;Times New Roman&quot;,serif"">Developmental Milestones:&nbsp;</span></span></strong></span></span></p>

<p>&nbsp;</p>

<p><span style=""font-size:11pt""><span style=""font-family:Calibri,sans-serif""><strong><span style=""font-size:14.0pt""><span style=""font-family:&quot;Times New Roman&quot;,serif"">&nbsp; &nbsp; &nbsp; &nbsp; &nbsp; Early Childhood History:&nbsp;</span></span></strong></span></span></p>

<p>&nbsp;</p>

<p style=""margin-left:48px""><span style=""font-size:11pt""><span style=""font-family:Calibri,sans-serif""><strong><span style=""font-size:14.0pt""><span style=""font-family:&quot;Times New Roman&quot;,serif"">Educational History:&nbsp;</span></span></strong></span></span></p>

<p style=""margin-left:48px"">&nbsp;</p>

<p style=""margin-left:48px""><span style=""font-size:11pt""><span style=""font-family:Calibri,sans-serif""><strong><span style=""font-size:14.0pt""><span style=""font-family:&quot;Times New Roman&quot;,serif"">Occupational History:&nbsp;</span></span></strong></span></span></p>

<p>&nbsp;</p>

<p><span style=""font-size:11pt""><span style=""font-family:Calibri,sans-serif""><strong><span style=""font-size:18.0pt""><span style=""font-family:&quot;Times New Roman&quot;,serif"">Psychosexual History:&nbsp;</span></span></strong></span></span></p>

<p>&nbsp;</p>

<p><span style=""font-size:11pt""><span style=""font-family:Calibri,sans-serif""><strong><span style=""font-size:18.0pt""><span style=""font-family:&quot;Times New Roman&quot;,serif"">Drug and Alcohol History:&nbsp;</span></span></strong></span></span></p>

<p>&nbsp;</p>

<p><span style=""font-size:11pt""><span style=""font-family:Calibri,sans-serif""><strong><span style=""font-size:18.0pt""><span style=""font-family:&quot;Times New Roman&quot;,serif"">Forensic History:&nbsp;</span></span></strong></span></span></p>

<p>&nbsp;</p>

<p><span style=""font-size:11pt""><span style=""font-family:Calibri,sans-serif""><strong><span style=""font-size:18.0pt""><span style=""font-family:&quot;Times New Roman&quot;,serif"">Current Living Conditions:&nbsp;</span></span></strong></span></span></p>

<p>&nbsp;</p>

<p><span style=""font-size:11pt""><span style=""font-family:Calibri,sans-serif""><strong><span style=""font-size:18.0pt""><span style=""font-family:&quot;Times New Roman&quot;,serif"">Premorbid Personality:&nbsp;</span></span></strong></span></span></p>

<p>&nbsp;</p>

<p><span style=""font-size:11pt""><span style=""font-family:Calibri,sans-serif""><strong><span style=""font-size:18.0pt""><span style=""font-family:&quot;Times New Roman&quot;,serif"">Mental State Examination: </span></span></strong></span></span></p>

<p style=""margin-left:48px""><span style=""font-size:11pt""><span style=""font-family:Calibri,sans-serif""><strong><span style=""font-size:14.0pt""><span style=""font-family:&quot;Times New Roman&quot;,serif"">General Appearance and Behaviours:&nbsp;</span></span></strong></span></span></p>

<p style=""margin-left:48px"">&nbsp;</p>

<p style=""margin-left:48px""><span style=""font-size:11pt""><span style=""font-family:Calibri,sans-serif""><strong><span style=""font-size:14.0pt""><span style=""font-family:&quot;Times New Roman&quot;,serif"">Speech:</span></span></strong></span></span></p>

<p style=""margin-left:48px"">&nbsp;</p>

<p style=""margin-left:48px""><span style=""font-size:11pt""><span style=""font-family:Calibri,sans-serif""><strong><span style=""font-size:14.0pt""><span style=""font-family:&quot;Times New Roman&quot;,serif"">Mood:&nbsp;</span></span></strong></span></span></p>

<p style=""margin-left:48px"">&nbsp;</p>

<p style=""margin-left:48px""><span style=""font-size:11pt""><span style=""font-family:Calibri,sans-serif""><strong><span style=""font-size:14.0pt""><span style=""font-family:&quot;Times New Roman&quot;,serif"">Affect:&nbsp;</span></span></strong></span></span></p>

<p style=""margin-left:48px""><span style=""font-size:11pt""><span style=""font-family:Calibri,sans-serif""><strong>&nbsp;</strong></span></span></p>

<p style=""margin-left:48px""><span style=""font-size:11pt""><span style=""font-family:Calibri,sans-serif""><strong><span style=""font-size:14.0pt""><span style=""font-family:&quot;Times New Roman&quot;,serif"">Thought: </span></span></strong></span></span></p>

<p style=""margin-left:48px""><span style=""font-size:11pt""><span style=""font-family:Calibri,sans-serif""><strong><span style=""font-size:14.0pt""><span style=""font-family:&quot;Times New Roman&quot;,serif"">&nbsp;&nbsp;&nbsp;&nbsp;&nbsp;&nbsp;&nbsp;&nbsp; Stream:&nbsp;</span></span></strong></span></span></p>

<p style=""margin-left:48px""><span style=""font-size:11pt""><span style=""font-family:Calibri,sans-serif""><strong><span style=""font-size:14.0pt""><span style=""font-family:&quot;Times New Roman&quot;,serif"">&nbsp;&nbsp;&nbsp;&nbsp;&nbsp;&nbsp;&nbsp;&nbsp; Form:&nbsp;</span></span></strong></span></span></p>

<p style=""margin-left:48px""><span style=""font-size:11pt""><span style=""font-family:Calibri,sans-serif""><strong><span style=""font-size:14.0pt""><span style=""font-family:&quot;Times New Roman&quot;,serif"">&nbsp;&nbsp;&nbsp;&nbsp;&nbsp;&nbsp;&nbsp;&nbsp;&nbsp; Content:&nbsp;</span></span></strong></span></span></p>

<p style=""margin-left:48px""><span style=""font-size:11pt""><span style=""font-family:Calibri,sans-serif""><strong><span style=""font-size:14.0pt""><span style=""font-family:&quot;Times New Roman&quot;,serif"">&nbsp;&nbsp;&nbsp;&nbsp;&nbsp;&nbsp;&nbsp;&nbsp;&nbsp; Control/ possession:&nbsp;</span></span></strong></span></span></p>

<p style=""margin-left:48px""><span style=""font-size:11pt""><span style=""font-family:Calibri,sans-serif""><strong>&nbsp;</strong></span></span></p>

<p style=""margin-left:48px""><span style=""font-size:11pt""><span style=""font-family:Calibri,sans-serif""><strong><span style=""font-size:14.0pt""><span style=""font-family:&quot;Times New Roman&quot;,serif"">Perception:&nbsp;</span></span></strong></span></span></p>

<p style=""margin-left:48px""><span style=""font-size:11pt""><span style=""font-family:Calibri,sans-serif""><strong>&nbsp;</strong></span></span></p>

<p style=""margin-left:48px""><span style=""font-size:11pt""><span style=""font-family:Calibri,sans-serif""><strong><span style=""font-size:14.0pt""><span style=""font-family:&quot;Times New Roman&quot;,serif"">Cognition:&nbsp;</span></span></strong></span></span></p>

<p style=""margin-left:48px""><span style=""font-size:11pt""><span style=""font-family:Calibri,sans-serif""><strong>&nbsp;</strong></span></span></p>

<p style=""margin-left:48px""><span style=""font-size:11pt""><span style=""font-family:Calibri,sans-serif""><strong><span style=""font-size:14.0pt""><span style=""font-family:&quot;Times New Roman&quot;,serif"">Judgment:&nbsp;</span></span></strong></span></span></p>

<p style=""margin-left:48px""><span style=""font-size:11pt""><span style=""font-family:Calibri,sans-serif""><strong>&nbsp;</strong></span></span></p>

<p style=""margin-left:48px""><span style=""font-size:11pt""><span style=""font-family:Calibri,sans-serif""><strong><span style=""font-size:14.0pt""><span style=""font-family:&quot;Times New Roman&quot;,serif"">Insight:&nbsp;</span></span></strong></span></span></p>

<p>&nbsp;</p>

<p><span style=""font-size:11pt""><span style=""font-family:Calibri,sans-serif""><strong><span style=""font-size:18.0pt""><span style=""font-family:&quot;Times New Roman&quot;,serif"">Physical Examination: </span></span></strong></span></span></p>

<p><span style=""font-size:11pt""><span style=""font-family:Calibri,sans-serif""><strong>&nbsp;&nbsp;&nbsp;&nbsp;&nbsp;&nbsp;&nbsp;&nbsp;&nbsp;&nbsp;&nbsp; </strong><strong><span style=""font-size:18.0pt""><span style=""font-family:&quot;Times New Roman&quot;,serif"">General Examination:&nbsp;</span></span></strong></span></span></p>

<p>&nbsp;</p>

<p><span style=""font-size:11pt""><span style=""font-family:Calibri,sans-serif""><strong><span style=""font-size:18.0pt""><span style=""font-family:&quot;Times New Roman&quot;,serif"">&nbsp;&nbsp;&nbsp;&nbsp;&nbsp;&nbsp; Chest/ Respiratory System:&nbsp;</span></span></strong></span></span></p>

<p><span style=""font-size:11pt""><span style=""font-family:Calibri,sans-serif""><strong>&nbsp;</strong></span></span></p>

<p><span style=""font-size:11pt""><span style=""font-family:Calibri,sans-serif""><strong><span style=""font-size:18.0pt""><span style=""font-family:&quot;Times New Roman&quot;,serif"">&nbsp;&nbsp;&nbsp;&nbsp;&nbsp;&nbsp; Cardiovascular System:&nbsp;</span></span></strong></span></span></p>

<p>&nbsp;</p>

<p><span style=""font-size:11pt""><span style=""font-family:Calibri,sans-serif""><strong><span style=""font-size:18.0pt""><span style=""font-family:&quot;Times New Roman&quot;,serif"">&nbsp;&nbsp;&nbsp;&nbsp;&nbsp;&nbsp; Abdomen:&nbsp;</span></span></strong></span></span></p>

<p>&nbsp;</p>

<p><span style=""font-size:11pt""><span style=""font-family:Calibri,sans-serif""><strong><span style=""font-size:18.0pt""><span style=""font-family:&quot;Times New Roman&quot;,serif"">&nbsp;&nbsp;&nbsp;&nbsp;&nbsp;&nbsp; Musculo-skeletal:&nbsp;</span></span></strong></span></span></p>

<p><span style=""font-size:11pt""><span style=""font-family:Calibri,sans-serif""><strong><span style=""font-size:18.0pt""><span style=""font-family:&quot;Times New Roman&quot;,serif"">&nbsp;&nbsp;&nbsp;&nbsp;&nbsp;&nbsp; Central Nervous System Examination:&nbsp;</span></span></strong></span></span></p>

<p>&nbsp;</p>

<p>&nbsp;</p>

<p><span style=""font-size:11pt""><span style=""font-family:Calibri,sans-serif""><strong><span style=""font-size:18.0pt""><span style=""font-family:&quot;Times New Roman&quot;,serif"">Plan: &nbsp;</span></span></strong></span></span></p>

<p><span style=""font-size:11pt""><span style=""font-family:Calibri,sans-serif""><strong>&nbsp;&nbsp;&nbsp;&nbsp;&nbsp;&nbsp;&nbsp;&nbsp;&nbsp;&nbsp;&nbsp; </strong><strong><span style=""font-size:18.0pt""><span style=""font-family:&quot;Times New Roman&quot;,serif"">In-patients:</span></span></strong></span></span></p>

<p><span style=""font-size:11pt""><span style=""font-family:Calibri,sans-serif""><strong><span style=""font-size:18.0pt""><span style=""font-family:&quot;Times New Roman&quot;,serif"">&nbsp; &nbsp; &nbsp; &nbsp; &nbsp; &nbsp; &nbsp; &nbsp; &nbsp; &nbsp; &nbsp; Investigations: </span></span></strong></span></span></p>

<p><span style=""font-size:11pt""><span style=""font-family:Calibri,sans-serif""><strong><span style=""font-size:18.0pt""><span style=""font-family:&quot;Times New Roman&quot;,serif"">&nbsp;&nbsp;&nbsp;&nbsp;&nbsp;&nbsp;&nbsp;&nbsp;&nbsp;&nbsp;&nbsp;&nbsp;&nbsp;&nbsp;&nbsp;&nbsp;&nbsp;&nbsp;&nbsp;&nbsp;&nbsp;&nbsp;&nbsp;&nbsp;&nbsp;&nbsp; Biological:&nbsp;</span></span></strong></span></span></p>

<p>&nbsp;</p>

<p><span style=""font-size:11pt""><span style=""font-family:Calibri,sans-serif""><strong><span style=""font-size:18.0pt""><span style=""font-family:&quot;Times New Roman&quot;,serif"">&nbsp;&nbsp;&nbsp;&nbsp;&nbsp;&nbsp;&nbsp;&nbsp;&nbsp;&nbsp;&nbsp;&nbsp;&nbsp; &nbsp;&nbsp;&nbsp;&nbsp;&nbsp;&nbsp;&nbsp;&nbsp;&nbsp;&nbsp; Psychological:&nbsp;</span></span></strong></span></span></p>

<p>&nbsp;</p>

<p><span style=""font-size:11pt""><span style=""font-family:Calibri,sans-serif""><strong><span style=""font-size:18.0pt""><span style=""font-family:&quot;Times New Roman&quot;,serif"">&nbsp;&nbsp;&nbsp;&nbsp;&nbsp;&nbsp;&nbsp;&nbsp;&nbsp;&nbsp;&nbsp;&nbsp;&nbsp;&nbsp;&nbsp;&nbsp;&nbsp;&nbsp;&nbsp;&nbsp;&nbsp;&nbsp;&nbsp;&nbsp;&nbsp;&nbsp; Social:&nbsp;</span></span></strong></span></span></p>

<p>&nbsp;</p>

<p>&nbsp;</p>

<p>&nbsp;</p>

<p>&nbsp;</p>

<p><span style=""font-size:11pt""><span style=""font-family:Calibri,sans-serif""><strong><span style=""font-size:18.0pt""><span style=""font-family:&quot;Times New Roman&quot;,serif"">&nbsp; &nbsp; &nbsp; &nbsp; Treatment:</span></span></strong></span></span></p>

<p><span style=""font-size:11pt""><span style=""font-family:Calibri,sans-serif""><strong><span style=""font-size:18.0pt""><span style=""font-family:&quot;Times New Roman&quot;,serif"">&nbsp;&nbsp;&nbsp;&nbsp;&nbsp;&nbsp;&nbsp;&nbsp;&nbsp;&nbsp;&nbsp;&nbsp;&nbsp;&nbsp;&nbsp;&nbsp;&nbsp;&nbsp;&nbsp;&nbsp;&nbsp;&nbsp; Biological:&nbsp;</span></span></strong></span></span></p>

<p>&nbsp;</p>

<p><span style=""font-size:11pt""><span style=""font-family:Calibri,sans-serif""><strong><span style=""font-size:18.0pt""><span style=""font-family:&quot;Times New Roman&quot;,serif"">&nbsp;&nbsp;&nbsp;&nbsp;&nbsp;&nbsp;&nbsp;&nbsp;&nbsp;&nbsp;&nbsp;&nbsp;&nbsp; &nbsp;&nbsp;&nbsp;&nbsp;&nbsp;&nbsp; Psychological:&nbsp;</span></span></strong></span></span></p>

<p>&nbsp;</p>

<p><span style=""font-size:11pt""><span style=""font-family:Calibri,sans-serif""><strong><span style=""font-size:18.0pt""><span style=""font-family:&quot;Times New Roman&quot;,serif"">&nbsp;&nbsp;&nbsp;&nbsp;&nbsp;&nbsp;&nbsp;&nbsp;&nbsp;&nbsp;&nbsp;&nbsp;&nbsp;&nbsp;&nbsp;&nbsp;&nbsp;&nbsp;&nbsp;&nbsp;&nbsp;&nbsp; Social:&nbsp;</span></span></strong></span></span></p>

<p>&nbsp;</p>

<p><span style=""font-size:11pt""><span style=""font-family:Calibri,sans-serif""><strong>&nbsp;&nbsp;&nbsp;&nbsp;&nbsp;&nbsp;&nbsp;&nbsp;&nbsp;&nbsp;&nbsp;&nbsp;&nbsp; &nbsp;</strong></span></span></p>

<p><span style=""font-size:11pt""><span style=""font-family:Calibri,sans-serif""><strong><span style=""font-size:18.0pt""><span style=""font-family:&quot;Times New Roman&quot;,serif"">&nbsp;&nbsp;&nbsp;&nbsp;&nbsp;&nbsp;&nbsp;&nbsp;&nbsp;&nbsp;&nbsp;&nbsp;&nbsp; Nursing Care:&nbsp;</span></span></strong></span></span></p>

<p>&nbsp;</p>

<p><span style=""font-size:11pt""><span style=""font-family:Calibri,sans-serif""><strong>&nbsp;</strong></span></span></p>

<p><span style=""font-size:11pt""><span style=""font-family:Calibri,sans-serif""><strong>&nbsp;&nbsp;&nbsp;&nbsp;&nbsp;&nbsp; </strong></span></span></p>

<p>&nbsp;</p>

<p><span style=""font-size:11pt""><span style=""font-family:Calibri,sans-serif""><strong><span style=""font-size:18.0pt""><span style=""font-family:&quot;Times New Roman&quot;,serif"">Out-patient:</span></span></strong></span></span></p>

<p><span style=""font-size:11pt""><span style=""font-family:Calibri,sans-serif""><strong><span style=""font-size:18.0pt""><span style=""font-family:&quot;Times New Roman&quot;,serif"">&nbsp; &nbsp; &nbsp; &nbsp; &nbsp; &nbsp; &nbsp; &nbsp; &nbsp; &nbsp; &nbsp; &nbsp; &nbsp; Investigations: </span></span></strong></span></span></p>

<p><span style=""font-size:11pt""><span style=""font-family:Calibri,sans-serif""><strong><span style=""font-size:18.0pt""><span style=""font-family:&quot;Times New Roman&quot;,serif"">&nbsp;&nbsp;&nbsp;&nbsp;&nbsp;&nbsp;&nbsp;&nbsp;&nbsp;&nbsp;&nbsp;&nbsp;&nbsp;&nbsp;&nbsp;&nbsp;&nbsp;&nbsp;&nbsp;&nbsp;&nbsp;&nbsp;&nbsp;&nbsp;&nbsp;&nbsp; Biological:&nbsp;</span></span></strong></span></span></p>

<p>&nbsp;</p>

<p><span style=""font-size:11pt""><span style=""font-family:Calibri,sans-serif""><strong><span style=""font-size:18.0pt""><span style=""font-family:&quot;Times New Roman&quot;,serif"">&nbsp;&nbsp;&nbsp;&nbsp;&nbsp;&nbsp;&nbsp;&nbsp;&nbsp;&nbsp;&nbsp;&nbsp;&nbsp; &nbsp;&nbsp;&nbsp;&nbsp;&nbsp;&nbsp;&nbsp;&nbsp;&nbsp;&nbsp; Psychological:&nbsp;</span></span></strong></span></span></p>

<p>&nbsp;</p>

<p><span style=""font-size:11pt""><span style=""font-family:Calibri,sans-serif""><strong><span style=""font-size:18.0pt""><span style=""font-family:&quot;Times New Roman&quot;,serif"">&nbsp;&nbsp;&nbsp;&nbsp;&nbsp;&nbsp;&nbsp;&nbsp;&nbsp;&nbsp;&nbsp;&nbsp;&nbsp;&nbsp;&nbsp;&nbsp;&nbsp;&nbsp;&nbsp;&nbsp;&nbsp;&nbsp;&nbsp;&nbsp;&nbsp;&nbsp; Social:&nbsp;</span></span></strong></span></span></p>

<p>&nbsp;</p>

<p>&nbsp;</p>

<p>&nbsp;</p>

<p>&nbsp;</p>

<p><span style=""font-size:11pt""><span style=""font-family:Calibri,sans-serif""><strong><span style=""font-size:18.0pt""><span style=""font-family:&quot;Times New Roman&quot;,serif"">&nbsp; Treatment:</span></span></strong></span></span></p>

<p><span style=""font-size:11pt""><span style=""font-family:Calibri,sans-serif""><strong><span style=""font-size:18.0pt""><span style=""font-family:&quot;Times New Roman&quot;,serif"">&nbsp;&nbsp;&nbsp;&nbsp;&nbsp;&nbsp;&nbsp;&nbsp;&nbsp;&nbsp;&nbsp;&nbsp;&nbsp;&nbsp;&nbsp;&nbsp;&nbsp;&nbsp;&nbsp;&nbsp;&nbsp;&nbsp; Biological:&nbsp;</span></span></strong></span></span></p>

<p>&nbsp;</p>

<p><span style=""font-size:11pt""><span style=""font-family:Calibri,sans-serif""><strong><span style=""font-size:18.0pt""><span style=""font-family:&quot;Times New Roman&quot;,serif"">&nbsp;&nbsp;&nbsp;&nbsp;&nbsp;&nbsp;&nbsp;&nbsp;&nbsp;&nbsp;&nbsp;&nbsp;&nbsp; &nbsp;&nbsp;&nbsp;&nbsp;&nbsp;&nbsp; Psychological:&nbsp;</span></span></strong></span></span></p>

<p>&nbsp;</p>

<p><span style=""font-size:11pt""><span style=""font-family:Calibri,sans-serif""><strong><span style=""font-size:18.0pt""><span style=""font-family:&quot;Times New Roman&quot;,serif"">&nbsp;&nbsp;&nbsp;&nbsp;&nbsp;&nbsp;&nbsp;&nbsp;&nbsp;&nbsp;&nbsp;&nbsp;&nbsp;&nbsp;&nbsp;&nbsp;&nbsp;&nbsp;&nbsp;&nbsp;&nbsp;&nbsp; Social:&nbsp;</span></span></strong></span></span></p>

<p>&nbsp;</p>

<p><span style=""font-size:11pt""><span style=""font-family:Calibri,sans-serif""><strong>&nbsp;</strong></span></span><span style=""font-size:11pt""><span style=""font-family:Calibri,sans-serif""><strong><span style=""font-size:18.0pt""><span style=""font-family:&quot;Times New Roman&quot;,serif"">&nbsp;Nursing Care:&nbsp;</span></span></strong></span></span></p>

<p>&nbsp;</p>

<p>&nbsp;</p>

<p><span style=""font-size:11pt""><span style=""font-family:Calibri,sans-serif""><strong>&nbsp;&nbsp;&nbsp;&nbsp;&nbsp;&nbsp;&nbsp;&nbsp; </strong></span></span></p>

<p>&nbsp;</p>

<p><span style=""font-size:11pt""><span style=""font-family:Calibri,sans-serif""><strong><span style=""font-size:16.0pt""><span style=""font-family:&quot;Times New Roman&quot;,serif"">Referral:&nbsp;</span></span></strong></span></span></p>

<p>&nbsp;</p>

<p>&nbsp;</p>
",ASSESSMENT- GENERAL PSYCHIATRIC,CLINICAL NOTE
1603,"<p><span style=""font-size:14px""><span style=""font-family:Calibri,sans-serif""><strong><span style=""font-family:&quot;Times New Roman&quot;,serif"">&nbsp;Present Complaints:&nbsp;</span></strong></span></span></p>

<p>&nbsp;</p>

<p><span style=""font-size:14px""><span style=""font-family:Calibri,sans-serif""><strong><span style=""font-family:&quot;Times New Roman&quot;,serif"">History of Present</span></strong><strong>ing Complaints:</strong></span></span></p>

<p>&nbsp;</p>

<p><span style=""font-size:14px""><span style=""font-family:Calibri,sans-serif""><strong><span style=""font-family:&quot;Times New Roman&quot;,serif"">Mental State Examination:&nbsp;</span></strong></span></span></p>

<p>&nbsp;</p>

<p><span style=""font-size:14px""><span style=""font-family:Calibri,sans-serif""><strong><span style=""font-family:&quot;Times New Roman&quot;,serif"">General Examination:&nbsp; &nbsp;&nbsp;</span></strong></span></span></p>

<p>&nbsp;</p>

<p><span style=""font-size:14px""><span style=""font-family:Calibri,sans-serif""><strong><span style=""font-family:&quot;Times New Roman&quot;,serif"">Assessment/Diagnosis:&nbsp;</span></strong></span></span></p>

<p>&nbsp;</p>

<p><span style=""font-size:14px""><span style=""font-family:Calibri,sans-serif""><strong><span style=""font-family:&quot;Times New Roman&quot;,serif"">Plan:</span></strong></span></span></p>

<p><span style=""font-size:14px""><span style=""font-family:Calibri,sans-serif""><strong><span style=""font-family:&quot;Times New Roman&quot;,serif"">&nbsp;&nbsp;&nbsp;&nbsp;&nbsp; Investigations:</span></strong></span></span></p>

<p><span style=""font-size:14px""><span style=""font-family:Calibri,sans-serif""><strong><span style=""font-family:&quot;Times New Roman&quot;,serif"">&nbsp;&nbsp;&nbsp;&nbsp;&nbsp;&nbsp;&nbsp;&nbsp;&nbsp;&nbsp;&nbsp;&nbsp;&nbsp;&nbsp; Biological:&nbsp;</span></strong></span></span></p>

<p><span style=""font-size:14px""><span style=""font-family:Calibri,sans-serif""><strong><span style=""font-family:&quot;Times New Roman&quot;,serif"">&nbsp;&nbsp;&nbsp;&nbsp;&nbsp;&nbsp;&nbsp;&nbsp;&nbsp;&nbsp;&nbsp;&nbsp;&nbsp;&nbsp; Psychological:</span></strong></span></span></p>

<p><span style=""font-size:14px""><span style=""font-family:Calibri,sans-serif""><strong><span style=""font-family:&quot;Times New Roman&quot;,serif"">&nbsp;&nbsp;&nbsp;&nbsp;&nbsp;&nbsp;&nbsp;&nbsp;&nbsp;&nbsp;&nbsp;&nbsp;&nbsp;&nbsp; Social:</span></strong></span></span></p>

<p>&nbsp;</p>

<p><span style=""font-size:14px""><span style=""font-family:Calibri,sans-serif""><strong><span style=""font-family:&quot;Times New Roman&quot;,serif"">&nbsp;&nbsp;&nbsp;&nbsp;&nbsp; Treatment: </span></strong></span></span></p>

<p><span style=""font-size:14px""><span style=""font-family:Calibri,sans-serif""><strong><span style=""font-family:&quot;Times New Roman&quot;,serif"">&nbsp;&nbsp;&nbsp;&nbsp;&nbsp;&nbsp;&nbsp;&nbsp;&nbsp;&nbsp;&nbsp;&nbsp;&nbsp;&nbsp; Biological:&nbsp;</span></strong></span></span></p>

<p><span style=""font-size:14px""><span style=""font-family:Calibri,sans-serif""><strong><span style=""font-family:&quot;Times New Roman&quot;,serif"">&nbsp;&nbsp;&nbsp;&nbsp;&nbsp;&nbsp;&nbsp;&nbsp;&nbsp;&nbsp;&nbsp;&nbsp;&nbsp;&nbsp; Psychological:&nbsp;</span></strong></span></span></p>

<p><span style=""font-size:14px""><span style=""font-family:Calibri,sans-serif""><strong><span style=""font-family:&quot;Times New Roman&quot;,serif"">&nbsp;&nbsp;&nbsp;&nbsp;&nbsp;&nbsp;&nbsp;&nbsp;&nbsp;&nbsp;&nbsp;&nbsp;&nbsp;&nbsp; Social:</span></strong></span></span></p>

<p>&nbsp;</p>

<p><span style=""font-size:14px""><span style=""font-family:Calibri,sans-serif""><strong><span style=""font-family:&quot;Times New Roman&quot;,serif"">Next Appointment</span></strong>:&nbsp;</span></span></p>

<p>&nbsp;</p>

<p>&nbsp;</p>

<p><span style=""font-size:14px""><span style=""font-family:Calibri,sans-serif""><strong><span style=""font-family:&quot;Times New Roman&quot;,serif"">Referral:</span></strong></span></span></p>
",OUTPATIENT CLINIC CONSULTATION,CLINICAL NOTE
1642,"<p>INFORMANT:</p>

<p>&nbsp;</p>

<p>DURATION OF ILLENESS/DURATION OF RELAPSE:</p>

<p>&nbsp;</p>

<p>PREMORBBID MILESTONE:</p>

<p>A. Pregnancy</p>

<p>B. Child Birth/Delivery</p>

<p>STATES DEVELOPMENT</p>

<p>C. Infancy (0-2years)</p>

<p>Neck Control,Crawing Speaking,Walking and other Task yet to be completed</p>

<p>D. Early Childhood (2-4years)</p>

<p>E.&nbsp; Preschool Age (4-5years)</p>

<p>F.&nbsp; School Age (5-12years)</p>

<p>G.&nbsp; Adolescent (13-19years)</p>

<p>&nbsp;PRESENTING COMPLAINTS FROM PATIENT&lsquo;S RELATIVE:</p>

<p>..&nbsp; &nbsp;PRESENTING COMPLAINTS FROM PATIENT&rsquo;S:</p>

<p>..&nbsp; PREVIOUS TREATMENT RECEIVED FOR PRESENT ILLNESS:</p>

<p>..&nbsp; PHYSICAL EXAMINATION:</p>

<p>&nbsp; &nbsp;GENERAL BODY INSPECTION:Skin,Hair,Eye,Nose, to the</p>

<p>Defect/Deformities:</p>

<p>Vital Signs:</p>

<p>Height,weight:</p>

<p>PERSONAL OBSERVATION:</p>

<p>Age,Body-Built,Appearance,Complexion,Dressing,Height</p>

<p>MENTAL STATE&nbsp; e.g Insight,Orientation,Conscioness,Alertness,Calmness,etc</p>

<p>NURSING DIAGNOSES(using Nanda international Disight):</p>

<p>PATIENT NEXT OF KIN:</p>

<p>Patient:Address ,Relationship,Phone No):</p>
",ASSESSMENT UNIT ADMISSION FOR CHILD/ADOLESCENT DISORDERS,CLINICAL NOTE
1593,"<p style=""text-align:center""><span style=""font-size:20px""><strong>VISIT TO CLIENTS</strong></span></p>

<p>&nbsp;</p>

<table border=""1"" cellpadding=""1"" cellspacing=""1"" style=""width:500px"">
	<tbody>
		<tr>
			<td style=""border-bottom:1px solid black; border-left:1px solid black; border-right:1px solid black; border-top:1px solid black; vertical-align:top; width:104px"">
			<p><span style=""font-size:12pt""><span style=""font-family:Calibri,sans-serif"">NO. OF VISITS</span></span></p>
			</td>
			<td style=""border-bottom:1px solid black; border-left:none; border-right:1px solid black; border-top:1px solid black; vertical-align:top; width:104px"">
			<p><span style=""font-size:12pt""><span style=""font-family:Calibri,sans-serif"">DATE</span></span></p>
			</td>
			<td style=""border-bottom:1px solid black; border-left:none; border-right:1px solid black; border-top:1px solid black; vertical-align:top; width:104px"">
			<p><span style=""font-size:12pt""><span style=""font-family:Calibri,sans-serif"">NAME OF VISITORS AND RELATIONSHIP TO CLIENT</span></span></p>
			</td>
			<td style=""border-bottom:1px solid black; border-left:none; border-right:1px solid black; border-top:1px solid black; vertical-align:top; width:104px"">
			<p><span style=""font-size:12pt""><span style=""font-family:Calibri,sans-serif"">TIME OF VISITS</span></span></p>
			</td>
			<td style=""border-bottom:1px solid black; border-left:none; border-right:1px solid black; border-top:1px solid black; vertical-align:top; width:104px"">
			<p><span style=""font-size:12pt""><span style=""font-family:Calibri,sans-serif"">TIME VISITORS LEAVE</span></span></p>
			</td>
			<td style=""border-bottom:1px solid black; border-left:none; border-right:1px solid black; border-top:1px solid black; vertical-align:top; width:104px"">
			<p><span style=""font-size:12pt""><span style=""font-family:Calibri,sans-serif"">NURSES REMARKS</span></span></p>
			</td>
		</tr>
		<tr>
			<td>
			<p>&nbsp;</p>
			</td>
			<td>&nbsp;</td>
			<td>&nbsp;</td>
			<td>&nbsp;</td>
			<td>&nbsp;</td>
			<td>&nbsp;</td>
		</tr>
	</tbody>
</table>

<p>&nbsp;</p>
",NUR-VISIT TO CLIENTS,CLINICAL NOTE
1643,"<p>INFORMANT:</p>

<p>ONSET OF ILLENESS/DURATION OF RELAPSE:</p>

<p>PREMORBID PERSONALITY:</p>

<p>&nbsp;DEVELOPMENTAL MILESTONE:</p>

<p>Pregnancy, labour,development milestone:</p>

<p>PRESENTING COMPLAINTS FROM PATIENT&rsquo;S RELATIVE:</p>

<p>PRESENTING COMPLAINT FROM PATIENT:</p>

<p>&nbsp;DESCRIPTION OF SEIZURE:</p>

<p>Depending on the type e.g Tonic/Clonic</p>

<p>Aura stage:</p>

<p>Tonic stage:</p>

<p>Comatous:</p>

<p>POST SEIZURE:</p>

<p>Symptoms like headache, confusion, vomiting e.t.c</p>

<p>Previous Treatment/Medication Received for Seizure</p>

<p>FAMILY HISTORY:</p>

<p>HISTORY OF HEAD INJURY/RTA SUSTAINED SINCE BIRTH:</p>

<p>HISTORY OF FEBRILE CONVULSION:</p>

<p>MEDICAL/SURGICAL HISTORY:</p>

<p>COMPLICATION:</p>

<p>PHYSICAL EXAMINATION:</p>

<p>General body inspection: skin, hair, eye, nose to the toes e.t.c vital signs, weight, defect/abnormalities, if febrile to touch, cyanosed, pale, pedal oedema ,any mass seen from head to the foot</p>

<p>PERSONAL OBSERVATION:</p>

<p>Age, body-built, appearances, complexion, dressing, height, marks e.t.c</p>

<p>MENTAL STATE:</p>

<p>Speech, mood, affect, orientation, perception, memory, insight, thought, judgement, consciousness, alertness, calmness e.t.c</p>

<p>ADDITIONAL INFORMATION:</p>

<p>NURSING DIAGNOSIS:&nbsp;</p>

<p>PATIENT&rsquo;S NEXT OF KIN:</p>

<p>Name, address, relationship, phone number.</p>

<p>&nbsp;</p>

<p>&nbsp; &nbsp; &nbsp;&nbsp;</p>

<p>&nbsp;</p>

<p>&nbsp;</p>

<p>&hellip;</p>
",ASSESSEMENT UNIT FOR SEIZEURE DISORSER,CLINICAL NOTE
1662,"<p><strong>Introduction of the Patient:</strong></p>

<p><strong>Appearance and behaviours&nbsp;</strong></p>

<p>Clothing</p>

<p>Hygiene</p>

<p>&nbsp;</p>

<p><strong>Presenting Complaint &amp; History of Presenting Complaint:</strong></p>

<p>&nbsp;</p>

<p><strong>Source of Information:</strong></p>

<p><strong>Degree of reliability of information.</strong></p>

<p>&nbsp;</p>

<p><strong>Family History</strong></p>

<p>Parental social history vis-&agrave;-vis; family type, age, religion, level of education, occupation, number of children in the family and relationship with patient.</p>

<p>Siblings&rsquo; social history. This are often required to determine patient relationship with siblings, family socio-economic status and source of social support network.</p>

<p>History of similar illness in both paternal and maternal lineages.</p>

<p>&nbsp;</p>

<p><strong>Patient&rsquo;s Personal History</strong></p>

<p><strong>Date of Birth</strong></p>

<p><strong>Place of birth</strong></p>

<p><strong>Developmental milestone</strong></p>

<p><strong>History of&nbsp; childhood and adolescent</strong></p>

<p>&nbsp;</p>

<p><strong>Educational History</strong></p>

<p>Primary</p>

<p>Secondary</p>

<p>Tertiary</p>

<p>This are documented with dates of entry and exit, academic performances, completed or uncompleted, record of repetition and truancy and the certificates obtained at each of those levels.</p>

<p>&nbsp;</p>

<p><strong>Occupational History:</strong></p>

<p>Type of occupation {Skilled or unskilled)</p>

<p>Duration&nbsp;</p>

<p>Last time patient worked</p>

<p>&nbsp;</p>

<p><strong>Psychosexual History:</strong></p>

<p>History of attainment of puberty</p>

<p>History of sexual experience (Consensual or non-consensual)</p>

<p>Age of sexual experience, with whom and where.</p>

<p>Protected or unprotected.</p>

<p>&nbsp;</p>

<p><strong>Marital History</strong></p>

<p>Married/Single/Widowed/Separated</p>

<p>Spousal details&nbsp;&nbsp;</p>

<p>Number of children</p>

<p>Status of the marriage</p>

<p>&nbsp;</p>

<p><strong>Premorbid Personality</strong></p>

<p>Patients personality traits prior to the illness</p>

<p>Determination of patient&rsquo;s interpersonal relationship with family and friends.</p>

<p>Gives an insight to the patient&rsquo;s social orientation.</p>

<p>&nbsp;</p>

<p><strong>Religious History</strong></p>

<p>This gives an insight into the patient&rsquo;s religious belief, religiosity and its relationship with mental health.</p>

<p>&nbsp;</p>

<p><strong>Past Psychiatric history</strong></p>

<p>This usually includes past history of the illness</p>

<p>Date of first episode</p>

<p>Treatment received and where received</p>

<p>Causes of present relapse etc</p>

<p>&nbsp;</p>

<p><strong>Past Medical History</strong></p>

<p>Includes past physical health challenges. Sometimes mental health challenges are exacerbated by physical challenges.</p>

<p>&nbsp;</p>

<p><strong>History of Psycho active Substance use</strong></p>

<p>Type of substance abused</p>

<p>Age of first use</p>

<p>Who initiated the patient</p>

<p>Effect of use on the patient and the family.</p>

<p>&nbsp;</p>

<p><strong>Forensic History</strong></p>

<p>Crimes committed in the past</p>

<p>Number of arrest by security operatives</p>

<p>How has crime and criminality contributed to patient&rsquo;s illness</p>

<p>&nbsp;</p>

<p><strong>Home circumstance</strong></p>

<p>Patient&rsquo;s living condition&nbsp;</p>

<p>To assess the effect of environment on the patients wellbeing</p>

<p>&nbsp;</p>

<p><strong>Social Diagnosis</strong></p>

<p>Social problems identified in the patient and the family</p>

<p>Social issues that may affect patient&rsquo;s management</p>

<p>Social interventions</p>

<p>Social treatments and interventions to social problems identified</p>

<p>&nbsp;</p>

<p><strong>Patient&rsquo;s next of kin</strong></p>

<p>Usually two or three patient&rsquo;s next of kin are required</p>

<p>Name, address, relationship with patient&nbsp; and phone numbers are required</p>

<p>The next of kin is expected to read thoroughly and sign the contract agreement form.&nbsp;</p>

<p>&nbsp;</p>

<p><strong>Recommendation</strong></p>
",Social Welfare Department Clinical Clerking,CLINICAL NOTE
1682,"<p style=""text-align:center""><span style=""font-size:18px""><strong>HOMICIDAL CAUTION&nbsp; CHART</strong></span></p>

<p style=""text-align:center"">&nbsp;</p>

<table border=""1"" cellpadding=""1"" cellspacing=""1"" style=""width:500px"">
	<tbody>
		<tr>
			<td>DATE</td>
			<td>TIME</td>
			<td>NURSE HANDING OVER</td>
			<td>DATE</td>
			<td>TIME</td>
			<td>NURSE HANDING OVER</td>
			<td>REMARK</td>
		</tr>
		<tr>
			<td>&nbsp;</td>
			<td>&nbsp;</td>
			<td>&nbsp;</td>
			<td>&nbsp;</td>
			<td>&nbsp;</td>
			<td>&nbsp;</td>
			<td>&nbsp;</td>
		</tr>
	</tbody>
</table>

<p>&nbsp;</p>
",NUR- HOMICIDAL CAUTION?CHART,CLINICAL NOTE
1703,"<p><strong>EEG TECHNICAL AND NEUROLOGIST REPORT:</strong></p>

<p>&nbsp;</p>

<p>&nbsp;</p>

<p><u>DESCRIPTION</u></p>

<p>&nbsp;</p>

<p>&nbsp;</p>

<p><u>IMPRESSION</u></p>

<p>&nbsp;</p>

<p>&nbsp;</p>

<p>&nbsp;</p>

<p><strong>COMMENT:</strong>&nbsp; EPISODIC UNUSUAL BEHAVIOR 4 EPISODESIN LAST 8/12</p>

<p>DR. OA TALABI</p>

<p>CONSULTANT NEUROLOGIST.</p>
",EEG REPORT,CLINICAL NOTE
1722,"<p><strong>1.informant;</strong></p>

<p>onset of illness;</p>

<p>duration of relapse;</p>

<p><strong>3. Past of History;</strong></p>

<p>&nbsp; Development milestone&nbsp; &nbsp; &nbsp; &nbsp; &nbsp;Eventful&nbsp; &nbsp; &nbsp; &nbsp; &nbsp; &nbsp; &nbsp; &nbsp; Application.&nbsp; &nbsp; &nbsp; &nbsp; &nbsp; &nbsp; Not application</p>

<p>Other specify;</p>

<p>&nbsp; &nbsp;{a} Medical.&nbsp; &nbsp; &nbsp; &nbsp;HTN.&nbsp; &nbsp; &nbsp; &nbsp; &nbsp; &nbsp; &nbsp; &nbsp; &nbsp; &nbsp; &nbsp; PUD.&nbsp; &nbsp; &nbsp; &nbsp; &nbsp; &nbsp; &nbsp; &nbsp; &nbsp; &nbsp; &nbsp; &nbsp; &nbsp; DM.&nbsp; &nbsp; &nbsp; &nbsp; &nbsp;&nbsp;</p>

<p>&nbsp; &nbsp; &nbsp; &nbsp; &nbsp; &nbsp; &nbsp; &nbsp; &nbsp; &nbsp; &nbsp; &nbsp; &nbsp; &nbsp; &nbsp;Asthma.&nbsp; &nbsp; &nbsp; &nbsp; &nbsp; &nbsp; &nbsp; &nbsp; &nbsp;Other, specify</p>

<p>{b}&nbsp; &nbsp;Surgery&nbsp; &nbsp; C/S.&nbsp; &nbsp; &nbsp; &nbsp; &nbsp; &nbsp; &nbsp; &nbsp; &nbsp; &nbsp; &nbsp; &nbsp; &nbsp; &nbsp; Appendectomy</p>

<p>&nbsp; &nbsp; &nbsp; &nbsp; &nbsp; &nbsp; &nbsp; &nbsp; &nbsp; &nbsp; &nbsp; &nbsp; &nbsp;Herniohaphy&nbsp; &nbsp; &nbsp; &nbsp; &nbsp; &nbsp; &nbsp; Cataract.&nbsp; &nbsp; &nbsp; &nbsp; &nbsp; &nbsp; &nbsp; &nbsp; &nbsp; &nbsp; Other,specify</p>

<p>{c} Blood transfusion.&nbsp; &nbsp; &nbsp; &nbsp; &nbsp; &nbsp; &nbsp; &nbsp; &nbsp; &nbsp; &nbsp; &nbsp; &nbsp; Yes.&nbsp; &nbsp; &nbsp; &nbsp; &nbsp; &nbsp; &nbsp; &nbsp; &nbsp; &nbsp; &nbsp; &nbsp; &nbsp; &nbsp;No</p>

<p><strong>4.&nbsp; Present Mental State History</strong></p>

<p>&nbsp; &nbsp; &nbsp;Presenting complaint from relatives;</p>

<p>&nbsp; &nbsp; &nbsp;</p>

<p>&nbsp; &nbsp; Presenting complaint from relatives;</p>

<p><strong>5.Mental State Examination</strong></p>

<p>&nbsp; &nbsp;General Appearance</p>

<p>&nbsp; &nbsp; &nbsp; &nbsp;Height</p>

<p>&nbsp; &nbsp; &nbsp; &nbsp; obese.&nbsp; &nbsp; &nbsp; &nbsp; &nbsp; &nbsp; &nbsp; &nbsp; &nbsp; &nbsp; &nbsp; &nbsp; &nbsp; &nbsp; &nbsp; &nbsp; &nbsp; &nbsp; &nbsp; &nbsp; &nbsp;No visual&nbsp; marks.&nbsp; &nbsp; &nbsp; &nbsp; &nbsp; &nbsp; &nbsp; &nbsp; &nbsp; &nbsp; &nbsp; &nbsp;Tattoos</p>

<p>&nbsp; &nbsp; &nbsp; &nbsp; Tribal mark.&nbsp; &nbsp; &nbsp; &nbsp; &nbsp; &nbsp; &nbsp; &nbsp; &nbsp; &nbsp; &nbsp; &nbsp; &nbsp; &nbsp; &nbsp; &nbsp; Well groomed.&nbsp; &nbsp; &nbsp; &nbsp; &nbsp; &nbsp; &nbsp; &nbsp; &nbsp; &nbsp; &nbsp; &nbsp; &nbsp; &nbsp; &nbsp;Poorly groomed</p>

<p>&nbsp; &nbsp; &nbsp; &nbsp; &nbsp;body odour&nbsp; &nbsp; &nbsp; &nbsp; &nbsp; &nbsp; &nbsp; &nbsp; &nbsp; &nbsp; &nbsp; &nbsp; &nbsp; &nbsp; &nbsp; &nbsp;Appropriately dressed.&nbsp; &nbsp; &nbsp; &nbsp; &nbsp; &nbsp; &nbsp; &nbsp; Formally dressed</p>

<p>&nbsp; &nbsp; &nbsp; &nbsp; Inappropriately dreesed&nbsp; &nbsp; &nbsp; &nbsp; &nbsp; &nbsp; Bizzare style.&nbsp; &nbsp; &nbsp; &nbsp; &nbsp; &nbsp; &nbsp; &nbsp; &nbsp; &nbsp; &nbsp; &nbsp; &nbsp; &nbsp; &nbsp; &nbsp;Casual attire</p>

<p>&nbsp; &nbsp; &nbsp; &nbsp; Pyknic.&nbsp; &nbsp; &nbsp; &nbsp; &nbsp; &nbsp; &nbsp; &nbsp; &nbsp; &nbsp; &nbsp; &nbsp; &nbsp; &nbsp; &nbsp; &nbsp; &nbsp; &nbsp; &nbsp; &nbsp;Asthmic.&nbsp; &nbsp; &nbsp; &nbsp; &nbsp; &nbsp; &nbsp; &nbsp; &nbsp; &nbsp; &nbsp; &nbsp; &nbsp; &nbsp; &nbsp; &nbsp; &nbsp; &nbsp; &nbsp; Athletic</p>

<p><strong>ORIENTATION</strong></p>

<p>Time</p>

<p>Place</p>

<p>Person</p>

<p><strong>INSIGHT</strong></p>

<p>Good.&nbsp; &nbsp; &nbsp; &nbsp; &nbsp; &nbsp; &nbsp; &nbsp; &nbsp; &nbsp; Partial&nbsp; &nbsp; &nbsp; &nbsp; &nbsp; &nbsp; &nbsp; &nbsp;Poor</p>

<p><strong>CONSCIOUSNESS</strong></p>

<p>Conscious&nbsp; &nbsp; &nbsp; &nbsp; &nbsp; &nbsp; &nbsp; &nbsp; &nbsp; &nbsp; &nbsp; &nbsp;Unconsious</p>

<p><strong>MOOD</strong></p>

<p>Euthymic&nbsp; &nbsp; &nbsp; &nbsp; &nbsp; &nbsp; &nbsp; &nbsp; &nbsp; Irriable&nbsp; &nbsp; &nbsp; &nbsp; &nbsp; &nbsp; &nbsp; &nbsp; &nbsp; &nbsp; &nbsp; &nbsp; &nbsp;Dysthymic</p>

<p>Cyclothymic.&nbsp; &nbsp; &nbsp; &nbsp; &nbsp; &nbsp; &nbsp; Euphonic&nbsp; &nbsp; &nbsp; &nbsp; &nbsp; &nbsp; &nbsp; &nbsp; &nbsp; &nbsp; &nbsp;</p>

<p><strong>MEMORY</strong></p>

<p>Good.&nbsp; &nbsp; &nbsp; &nbsp; &nbsp; &nbsp; &nbsp; &nbsp;Amnesia</p>

<p><strong>PSYCHOMOTOR.&nbsp;</strong> &nbsp;ACTIVITIES</p>

<p>Normal Gait&nbsp; &nbsp; &nbsp; &nbsp; &nbsp; &nbsp; &nbsp; &nbsp; &nbsp; &nbsp; &nbsp; &nbsp; &nbsp; &nbsp; &nbsp; &nbsp; &nbsp; &nbsp; &nbsp;Abnormal Gait&nbsp; &nbsp; &nbsp; &nbsp; &nbsp; &nbsp; &nbsp; &nbsp; &nbsp; &nbsp; &nbsp; &nbsp;Wheel chair</p>

<p>Ambulates with cane&nbsp; &nbsp; &nbsp; &nbsp; &nbsp; &nbsp; &nbsp; &nbsp; &nbsp; &nbsp; &nbsp; &nbsp;Tremors.&nbsp; &nbsp; &nbsp; &nbsp; &nbsp; &nbsp; &nbsp; &nbsp; &nbsp; &nbsp; &nbsp; &nbsp; &nbsp; &nbsp; &nbsp; &nbsp; &nbsp; Tic</p>

<p>Mannerism&nbsp; &nbsp; &nbsp; &nbsp; &nbsp; &nbsp; &nbsp; &nbsp; &nbsp; &nbsp; &nbsp; &nbsp; &nbsp; &nbsp; &nbsp; &nbsp; &nbsp; &nbsp; &nbsp; &nbsp;Rigidity&nbsp; &nbsp; &nbsp; &nbsp; &nbsp; &nbsp; &nbsp; &nbsp; &nbsp; &nbsp; &nbsp; &nbsp; &nbsp; &nbsp; &nbsp; &nbsp; &nbsp; Agilited</p>

<p>Restless.&nbsp; &nbsp; &nbsp; &nbsp; &nbsp; &nbsp; &nbsp; &nbsp; &nbsp; &nbsp; &nbsp; &nbsp; &nbsp; &nbsp; &nbsp; &nbsp; &nbsp; &nbsp; &nbsp; &nbsp; &nbsp; Talkactiveness</p>

<p><strong>GENERAL&nbsp; ATTITUDE</strong></p>

<p>Cooperative.&nbsp; &nbsp; &nbsp; &nbsp; &nbsp; &nbsp; &nbsp; &nbsp; &nbsp;Uncooperative.&nbsp; &nbsp; &nbsp; &nbsp; &nbsp; &nbsp; &nbsp; &nbsp; &nbsp; &nbsp; &nbsp; &nbsp; &nbsp; &nbsp; &nbsp; Defensive</p>

<p>Aggressive/hostile&nbsp; &nbsp; &nbsp; &nbsp;Poor eye contact.&nbsp; &nbsp; &nbsp; &nbsp; &nbsp; &nbsp; &nbsp; &nbsp; &nbsp; &nbsp; &nbsp; &nbsp; &nbsp; Good&nbsp; eye contact</p>

<p><strong>SPEECH</strong></p>

<p>Hesitant&nbsp; &nbsp; &nbsp; &nbsp; &nbsp; &nbsp; &nbsp; &nbsp; &nbsp; &nbsp; &nbsp; &nbsp; &nbsp; &nbsp; &nbsp; &nbsp;Soft.&nbsp; &nbsp; &nbsp; &nbsp; &nbsp; &nbsp; &nbsp; &nbsp; &nbsp; &nbsp; &nbsp; &nbsp; &nbsp; &nbsp; &nbsp; &nbsp; &nbsp; &nbsp; &nbsp; &nbsp; &nbsp; &nbsp; &nbsp;Mute</p>

<p>Selectively Mute.&nbsp; &nbsp; &nbsp; &nbsp; &nbsp; &nbsp; &nbsp; &nbsp;Pressured.&nbsp; &nbsp; &nbsp; &nbsp; &nbsp; &nbsp; &nbsp; &nbsp; &nbsp; &nbsp; &nbsp; &nbsp; &nbsp; &nbsp; &nbsp; &nbsp; &nbsp; &nbsp; Monatonous</p>

<p>Slow&nbsp; &nbsp; &nbsp; &nbsp; &nbsp; &nbsp; &nbsp; &nbsp; &nbsp; &nbsp; &nbsp; &nbsp; &nbsp; &nbsp; &nbsp; &nbsp; &nbsp; &nbsp;Slurred&nbsp; &nbsp; &nbsp; &nbsp; &nbsp; &nbsp; &nbsp; &nbsp; &nbsp; &nbsp; &nbsp; &nbsp; &nbsp; &nbsp; &nbsp; &nbsp; &nbsp; &nbsp; &nbsp; &nbsp; Stultering</p>

<p>Delayed.&nbsp; &nbsp; &nbsp; &nbsp; &nbsp; &nbsp; &nbsp; &nbsp; &nbsp; &nbsp; &nbsp; &nbsp; &nbsp; &nbsp; &nbsp;Good articulation.&nbsp; &nbsp; &nbsp; &nbsp; &nbsp; &nbsp; &nbsp; &nbsp; &nbsp; &nbsp; &nbsp; &nbsp; &nbsp;Aphasic</p>

<p>Appropriate</p>

<p><strong>AFFECT&nbsp;</strong></p>

<p>Congruous with Mood.&nbsp; &nbsp; &nbsp; &nbsp; &nbsp; &nbsp; &nbsp; &nbsp; &nbsp; &nbsp; &nbsp; &nbsp; &nbsp; &nbsp; &nbsp; &nbsp;Incongruous with Mood.&nbsp; &nbsp; &nbsp; &nbsp; &nbsp; &nbsp;Flat</p>

<p>Constricted</p>

<p><strong>INTELLGENCE</strong></p>

<p>Basic Calculation.&nbsp; &nbsp; &nbsp; &nbsp; &nbsp; &nbsp; &nbsp; &nbsp; &nbsp; &nbsp; &nbsp; Basic knowledge</p>

<p>None of the above.&nbsp; &nbsp;</p>

<p><strong>THOUGHT PROCESS&nbsp;</strong></p>

<p><strong>{a} From.&nbsp;</strong></p>

<p>Flight of ideas.&nbsp; &nbsp; &nbsp; &nbsp; &nbsp; &nbsp; &nbsp; &nbsp; &nbsp; &nbsp; &nbsp; &nbsp; Associative looseness.&nbsp; &nbsp; &nbsp; &nbsp; &nbsp; &nbsp; &nbsp; &nbsp; &nbsp; &nbsp;Circumstantiality&nbsp;</p>

<p>Tangentiality&nbsp; &nbsp; &nbsp; &nbsp; &nbsp; &nbsp; &nbsp; &nbsp; &nbsp; &nbsp; &nbsp; &nbsp; &nbsp; &nbsp;Neologism.&nbsp; &nbsp; &nbsp; &nbsp; &nbsp; &nbsp; &nbsp; &nbsp; &nbsp; &nbsp; &nbsp; &nbsp; &nbsp; &nbsp; &nbsp; &nbsp; &nbsp; &nbsp; &nbsp;Concrete thinking&nbsp;</p>

<p>Clag associate.&nbsp; &nbsp; &nbsp; &nbsp; &nbsp; &nbsp; &nbsp; &nbsp; &nbsp; &nbsp; &nbsp; word&nbsp; salad.&nbsp; &nbsp; &nbsp; &nbsp; &nbsp; &nbsp; &nbsp; &nbsp; &nbsp; &nbsp; &nbsp; &nbsp; &nbsp; &nbsp; &nbsp; &nbsp; &nbsp; &nbsp; Echolalia</p>

<p>Perseverance.&nbsp; &nbsp; &nbsp; &nbsp; &nbsp; &nbsp; &nbsp; &nbsp; &nbsp; &nbsp; &nbsp; &nbsp;Poverty of speech&nbsp;</p>

<p><strong>{b} content</strong>&nbsp;</p>

<p>&nbsp; &nbsp; &nbsp; Persecutory delusion.&nbsp; &nbsp; &nbsp; &nbsp; &nbsp; &nbsp; &nbsp; &nbsp; &nbsp; &nbsp; &nbsp;grandiose Delusion.&nbsp; &nbsp; &nbsp; &nbsp; &nbsp; &nbsp; &nbsp; &nbsp; &nbsp; &nbsp;Reference Delusion</p>

<p>&nbsp; &nbsp; &nbsp; &nbsp;Control&nbsp; Delusion.&nbsp; &nbsp; &nbsp; &nbsp; &nbsp; &nbsp; &nbsp; &nbsp; &nbsp; &nbsp; &nbsp; &nbsp; Somatic Delusion.&nbsp; &nbsp; &nbsp; &nbsp; &nbsp; &nbsp; &nbsp; &nbsp; &nbsp; &nbsp; &nbsp; &nbsp; Nihilistic Delusion</p>

<p>&nbsp; &nbsp; &nbsp; &nbsp;Paranoid Delusion&nbsp; &nbsp; &nbsp; &nbsp; &nbsp; &nbsp; &nbsp; &nbsp; &nbsp; &nbsp; &nbsp; &nbsp; Magical Delusion.&nbsp; &nbsp; &nbsp; &nbsp; &nbsp; &nbsp; &nbsp; &nbsp; &nbsp; &nbsp; &nbsp; &nbsp; Obsessions</p>

<p><strong>{c} Suicidal tendency</strong></p>

<p>&nbsp; &nbsp; &nbsp; &nbsp; Ideation.&nbsp; &nbsp; &nbsp; &nbsp; &nbsp; &nbsp; &nbsp; &nbsp; &nbsp; &nbsp;Attempt.&nbsp; &nbsp; &nbsp; &nbsp; &nbsp; &nbsp; &nbsp; &nbsp; &nbsp; &nbsp; &nbsp; None</p>

<p>&nbsp; &nbsp; &nbsp; &nbsp; None of the above&nbsp; &nbsp; &nbsp; &nbsp; &nbsp;other. specify;</p>

<p><strong>(d) Homicidal Tendency:</strong></p>

<p>&nbsp; &nbsp; &nbsp; &nbsp; &nbsp;ideation.&nbsp; &nbsp; &nbsp; &nbsp; &nbsp; &nbsp; &nbsp; &nbsp; &nbsp; &nbsp;Attempt.&nbsp; &nbsp; &nbsp; &nbsp; &nbsp; &nbsp; &nbsp; &nbsp; &nbsp; &nbsp; &nbsp; Deliberate</p>

<p>&nbsp; &nbsp; &nbsp; &nbsp; &nbsp;None of the above&nbsp; &nbsp; &nbsp; &nbsp; &nbsp;other. specify;</p>

<p><strong>Sensory&nbsp; Perception:</strong></p>

<p><strong>Hallucinations</strong></p>

<p>&nbsp; &nbsp; &nbsp; &nbsp; Auditory.&nbsp; &nbsp; &nbsp; &nbsp; &nbsp; &nbsp; &nbsp; &nbsp; &nbsp; &nbsp; &nbsp;Visual.&nbsp; &nbsp; &nbsp; &nbsp; &nbsp; &nbsp; &nbsp; &nbsp; &nbsp;Tactile</p>

<p>&nbsp; &nbsp; &nbsp; &nbsp; Of factory.&nbsp; &nbsp; &nbsp; &nbsp; &nbsp; &nbsp; &nbsp; &nbsp; &nbsp; Gustatory</p>

<p><strong>ILLUSION</strong></p>

<p>Depersonalization.&nbsp; &nbsp; &nbsp; &nbsp; &nbsp; &nbsp; &nbsp; Derealization.&nbsp; &nbsp;</p>

<p><strong>JUDGEMENT</strong></p>

<p>Poor.&nbsp; &nbsp; &nbsp; &nbsp; &nbsp; &nbsp; &nbsp; &nbsp; &nbsp; &nbsp; &nbsp; Fair&nbsp; &nbsp; &nbsp; &nbsp; &nbsp; &nbsp; &nbsp; &nbsp; &nbsp;Good</p>

<p><strong>6.&nbsp; Previous Treatment&nbsp;</strong></p>

<p>&nbsp; &nbsp; &nbsp;Medication Orthodox.&nbsp; &nbsp; &nbsp; &nbsp; &nbsp; &nbsp; &nbsp; Spiritual&nbsp; &nbsp; &nbsp; &nbsp; &nbsp; &nbsp; &nbsp; &nbsp;Traditional.&nbsp; &nbsp;</p>

<p>&nbsp; &nbsp; &nbsp;None of the above.&nbsp; &nbsp; &nbsp; &nbsp; &nbsp; &nbsp; &nbsp; &nbsp; &nbsp; &nbsp; Other specify;</p>

<p><strong>7.&nbsp; &nbsp;Premorbid Personalty&nbsp;</strong></p>

<p>&nbsp; &nbsp; &nbsp; Introvert.&nbsp; &nbsp; &nbsp; &nbsp; &nbsp; &nbsp; &nbsp; &nbsp; &nbsp; &nbsp; &nbsp; &nbsp; &nbsp; Ambivert&nbsp; &nbsp; &nbsp; &nbsp; &nbsp; &nbsp; &nbsp; &nbsp; &nbsp; &nbsp; Extrovert</p>

<p><strong>8.&nbsp; Allergy</strong></p>

<p>&nbsp; &nbsp; Drug&nbsp; &nbsp; &nbsp; &nbsp; &nbsp; &nbsp; &nbsp; &nbsp; &nbsp; &nbsp; &nbsp; &nbsp; &nbsp; &nbsp; &nbsp; &nbsp;Food&nbsp; &nbsp; &nbsp; &nbsp; &nbsp; &nbsp; &nbsp; &nbsp; &nbsp; &nbsp; &nbsp; &nbsp; &nbsp; &nbsp; &nbsp; &nbsp; &nbsp; &nbsp; &nbsp; &nbsp; &nbsp; &nbsp; &nbsp; &nbsp; Animal</p>

<p>&nbsp;&nbsp; Inanimate&nbsp; &nbsp; &nbsp; &nbsp; &nbsp; &nbsp; &nbsp; &nbsp; &nbsp; &nbsp; &nbsp; Others, specify:&nbsp;</p>

<p>&nbsp;</p>

<p><strong>9. Nutrition</strong></p>

<p>&nbsp; Pica&nbsp; &nbsp; &nbsp; &nbsp; &nbsp; &nbsp; &nbsp; &nbsp; &nbsp; &nbsp; &nbsp; &nbsp; &nbsp; &nbsp; &nbsp; &nbsp; Refusal of food&nbsp; &nbsp; &nbsp; &nbsp; &nbsp; &nbsp; &nbsp; &nbsp; &nbsp; &nbsp; &nbsp; &nbsp; &nbsp; &nbsp; &nbsp;Anorexia Nervosa</p>

<p>&nbsp; Bulimia Nervosa&nbsp; &nbsp; &nbsp; &nbsp; &nbsp; &nbsp;None of the above</p>

<p>&nbsp; Others, specify:</p>

<p>&nbsp;</p>

<p><strong>10. Elimination</strong></p>

<p><strong>Urinary</strong></p>

<p>&nbsp;Oliguria&nbsp; &nbsp; &nbsp; &nbsp; &nbsp; &nbsp; &nbsp; &nbsp; &nbsp; &nbsp; &nbsp; &nbsp; &nbsp; &nbsp;Polyuria&nbsp; &nbsp; &nbsp; &nbsp; &nbsp; &nbsp; &nbsp; &nbsp; &nbsp; &nbsp; &nbsp; &nbsp; &nbsp; &nbsp; &nbsp; &nbsp; &nbsp; &nbsp; &nbsp; &nbsp;Anuria</p>

<p>&nbsp; Heamaturia&nbsp; &nbsp; &nbsp; &nbsp; &nbsp; &nbsp; &nbsp; &nbsp; &nbsp; &nbsp;Incontinence&nbsp; &nbsp; &nbsp; &nbsp; &nbsp; &nbsp; &nbsp; &nbsp; &nbsp; &nbsp; &nbsp; &nbsp; &nbsp; &nbsp; &nbsp; &nbsp; None of the above</p>

<p>&nbsp;</p>

<p><strong>Feacal</strong></p>

<p>&nbsp; Diarrhea&nbsp; &nbsp; &nbsp; &nbsp; &nbsp; &nbsp; &nbsp; &nbsp; &nbsp; &nbsp; &nbsp; &nbsp;Constipation</p>

<p>&nbsp; Incontinence&nbsp; &nbsp; &nbsp; &nbsp; &nbsp; &nbsp; &nbsp; &nbsp; &nbsp;None of the above</p>

<p>&nbsp;</p>

<p><strong>11.Insomnia</strong></p>

<p><strong>Partial</strong></p>

<p>&nbsp;Somnabulism&nbsp; &nbsp; &nbsp; &nbsp; &nbsp; &nbsp; &nbsp; &nbsp; &nbsp; &nbsp;Sleep talking&nbsp; &nbsp; &nbsp; &nbsp; &nbsp; &nbsp; &nbsp; &nbsp; &nbsp; &nbsp; &nbsp; &nbsp; &nbsp; &nbsp; &nbsp; &nbsp; Sleep apnea</p>

<p>&nbsp;None of the above</p>

<p><strong>Total</strong></p>

<p>&nbsp;Somnabulism&nbsp; &nbsp; &nbsp; &nbsp; &nbsp; &nbsp; &nbsp; &nbsp; Sleep talking&nbsp; &nbsp; &nbsp; &nbsp; &nbsp; &nbsp; &nbsp; &nbsp; &nbsp; &nbsp; &nbsp; &nbsp; &nbsp; &nbsp; &nbsp; &nbsp; &nbsp; &nbsp;Sleep apnea</p>

<p>None of the above</p>

<p>&nbsp;</p>

<p><strong>12. Mode of Communication</strong></p>

<p>&nbsp;English&nbsp; &nbsp; &nbsp; &nbsp; &nbsp; &nbsp; &nbsp; &nbsp; &nbsp; &nbsp; &nbsp; &nbsp; &nbsp; &nbsp;Igbo&nbsp; &nbsp; &nbsp; &nbsp; &nbsp; &nbsp; &nbsp; &nbsp; &nbsp; &nbsp; &nbsp; &nbsp; &nbsp; &nbsp; &nbsp; &nbsp; &nbsp; &nbsp; &nbsp; &nbsp; &nbsp; &nbsp; &nbsp; &nbsp; &nbsp; &nbsp; &nbsp;Yoruba</p>

<p>&nbsp; Hausa&nbsp; &nbsp; &nbsp; &nbsp; &nbsp; &nbsp; &nbsp; &nbsp; &nbsp; &nbsp; &nbsp; &nbsp; &nbsp; &nbsp; Others, specify :</p>

<p>&nbsp;</p>

<p><strong>13. Special Sense Defect</strong></p>

<p>&nbsp;Eye&nbsp; &nbsp; &nbsp; &nbsp; &nbsp; &nbsp; &nbsp; &nbsp; &nbsp; &nbsp; &nbsp; &nbsp; &nbsp; &nbsp; &nbsp; &nbsp; &nbsp; Nose&nbsp; &nbsp; &nbsp; &nbsp; &nbsp; &nbsp; &nbsp; &nbsp; &nbsp; &nbsp; &nbsp; &nbsp; &nbsp; &nbsp; &nbsp; &nbsp; &nbsp; &nbsp; &nbsp; &nbsp; &nbsp; &nbsp; &nbsp; &nbsp; &nbsp;Ear</p>

<p>&nbsp;Skin&nbsp; &nbsp; &nbsp; &nbsp; &nbsp; &nbsp; &nbsp; &nbsp; &nbsp; &nbsp; &nbsp; &nbsp; &nbsp; &nbsp; &nbsp; &nbsp; &nbsp;Tongue</p>

<p>&nbsp; If you tick any of the above specify :&nbsp;</p>

<p>&nbsp;</p>

<p><strong>14. Family History</strong></p>

<p>* i. History of mental illness in the family&nbsp;</p>

<p>&nbsp;Yes&nbsp; &nbsp; &nbsp; &nbsp; &nbsp; &nbsp; &nbsp; &nbsp; &nbsp; &nbsp; &nbsp; &nbsp; &nbsp; &nbsp; &nbsp; &nbsp; &nbsp; &nbsp; &nbsp; &nbsp; &nbsp; &nbsp; &nbsp; &nbsp; &nbsp; No</p>

<p>&nbsp; If yes, specify:</p>

<p>* ii. Family Setting</p>

<p>&nbsp;Monogamous&nbsp; &nbsp; &nbsp; &nbsp; &nbsp; &nbsp; &nbsp; &nbsp; &nbsp; &nbsp; &nbsp; &nbsp; &nbsp; &nbsp; &nbsp; &nbsp; &nbsp;Polygamous&nbsp; &nbsp; &nbsp; &nbsp; &nbsp; &nbsp; &nbsp; &nbsp; &nbsp; &nbsp; &nbsp; &nbsp; &nbsp; &nbsp; &nbsp; Adopted</p>

<p>&nbsp; If yes, specify:</p>

<p>* iii. Position of patient</p>

<p>Specify:</p>

<p>* iv. Relationship of patient with siblings</p>

<p>&nbsp;</p>

<p>&nbsp;Cordial&nbsp; &nbsp; &nbsp; &nbsp; &nbsp; &nbsp; &nbsp; &nbsp; &nbsp; &nbsp; &nbsp; &nbsp; &nbsp; &nbsp; &nbsp; &nbsp; &nbsp; &nbsp; &nbsp; &nbsp;Not cordial</p>

<p><strong>15. Social History</strong></p>

<p>Psychoactive Substance Use</p>

<p>&nbsp;Yes&nbsp; &nbsp; &nbsp; &nbsp; &nbsp; &nbsp; &nbsp; &nbsp; &nbsp; &nbsp; &nbsp; &nbsp; &nbsp; &nbsp; &nbsp; &nbsp; &nbsp; &nbsp; &nbsp; &nbsp; &nbsp; &nbsp; No</p>

<p>&nbsp; If yes, specify:</p>

<p>Partying/Clubbing</p>

<p>&nbsp;Yes&nbsp; &nbsp; &nbsp; &nbsp; &nbsp; &nbsp; &nbsp; &nbsp; &nbsp; &nbsp; &nbsp; &nbsp; &nbsp; &nbsp; &nbsp; &nbsp; &nbsp; &nbsp; &nbsp; &nbsp; &nbsp; &nbsp;No</p>

<p>&nbsp;</p>

<p><strong>16. Marital&nbsp; History</strong></p>

<p>&nbsp;Married&nbsp; &nbsp; &nbsp; &nbsp; &nbsp; &nbsp; &nbsp; &nbsp; &nbsp; &nbsp; &nbsp; &nbsp; &nbsp; &nbsp; &nbsp; &nbsp; &nbsp; &nbsp; Separated&nbsp; &nbsp; &nbsp; &nbsp; &nbsp; &nbsp; &nbsp; &nbsp; &nbsp; &nbsp; &nbsp; &nbsp; &nbsp; &nbsp; &nbsp; &nbsp; &nbsp;Divorced&nbsp;</p>

<p>&nbsp; Divorced&nbsp; &nbsp; &nbsp; &nbsp; &nbsp; &nbsp; &nbsp; &nbsp; &nbsp; &nbsp; &nbsp; &nbsp; &nbsp; &nbsp; &nbsp; &nbsp; Widow&nbsp; &nbsp; &nbsp; &nbsp; &nbsp; &nbsp; &nbsp; &nbsp; &nbsp; &nbsp; &nbsp; &nbsp; &nbsp; &nbsp; &nbsp; &nbsp; &nbsp; &nbsp; &nbsp; &nbsp; Single</p>

<p>&nbsp; Widower</p>

<p>&nbsp;</p>

<p><strong>17. Education</strong></p>

<p>&nbsp;Primary&nbsp; &nbsp; &nbsp; &nbsp; &nbsp; &nbsp; &nbsp; &nbsp; &nbsp; &nbsp; &nbsp; &nbsp; &nbsp; &nbsp; &nbsp; &nbsp;Secondary&nbsp; &nbsp; &nbsp; &nbsp; &nbsp; &nbsp; &nbsp; &nbsp; &nbsp; &nbsp; &nbsp; &nbsp; &nbsp; &nbsp; &nbsp; &nbsp; &nbsp; &nbsp; &nbsp;Tertiary</p>

<p>&nbsp; None of the above</p>

<p><strong>&nbsp;18. Values/Belief</strong></p>

<p>&nbsp;Christian&nbsp; &nbsp; &nbsp; &nbsp; &nbsp; &nbsp; &nbsp; &nbsp; &nbsp; &nbsp; &nbsp; &nbsp; &nbsp; &nbsp; &nbsp;Muslim&nbsp; &nbsp; &nbsp; &nbsp; &nbsp; &nbsp; &nbsp; &nbsp; &nbsp; &nbsp; &nbsp; &nbsp; &nbsp; &nbsp; &nbsp; &nbsp; &nbsp; &nbsp; &nbsp; &nbsp; &nbsp; &nbsp;Traditional</p>

<p>&nbsp; Others, specify:</p>

<p>&nbsp;</p>

<p><strong>19. Occupation</strong></p>

<p>&nbsp;Employed&nbsp; &nbsp; &nbsp; &nbsp; &nbsp; &nbsp; &nbsp; &nbsp; &nbsp; &nbsp; &nbsp; &nbsp; &nbsp; Unemployed</p>

<p>&nbsp; If employed, specify:</p>

<p>20. Physical Examination</p>

<p>&nbsp; &nbsp; &nbsp; Vital Signs</p>

<p>&nbsp; &nbsp; &nbsp;Temperature.&nbsp; &nbsp; &nbsp; &nbsp; &nbsp; &nbsp; &nbsp; &nbsp; &nbsp; Pulse.&nbsp; &nbsp; &nbsp; &nbsp; &nbsp; &nbsp; &nbsp; &nbsp; &nbsp; &nbsp; &nbsp; &nbsp; &nbsp; &nbsp; &nbsp; &nbsp; &nbsp; &nbsp; &nbsp; Height</p>

<p>&nbsp; &nbsp; &nbsp;Blood Pressure.&nbsp; &nbsp; &nbsp; &nbsp; &nbsp; &nbsp; Weight&nbsp; &nbsp; &nbsp; &nbsp;&nbsp;</p>

<p><strong>21. Forensic History</strong></p>

<p>&nbsp;Yes&nbsp; &nbsp; &nbsp; &nbsp; &nbsp; &nbsp; &nbsp; &nbsp; &nbsp; &nbsp; &nbsp; &nbsp; &nbsp; &nbsp; &nbsp; &nbsp; &nbsp; &nbsp; &nbsp;No</p>

<p>&nbsp;Police&nbsp; &nbsp; &nbsp; &nbsp; &nbsp; &nbsp; &nbsp; &nbsp; &nbsp; &nbsp; &nbsp; &nbsp; &nbsp; &nbsp; &nbsp; &nbsp; &nbsp;NDLEA&nbsp; &nbsp; &nbsp; &nbsp; &nbsp; &nbsp; &nbsp; &nbsp; &nbsp; &nbsp; &nbsp; &nbsp; &nbsp; &nbsp; &nbsp; &nbsp; &nbsp; &nbsp; &nbsp; &nbsp; &nbsp; &nbsp; &nbsp;Soldier</p>

<p>&nbsp; If yes, specify:</p>

<p>&nbsp;</p>

<p>22.<strong> Menstrual History</strong></p>

<p>&nbsp;Not applicable&nbsp; &nbsp; &nbsp; &nbsp; &nbsp; &nbsp; &nbsp; &nbsp; &nbsp; Last Menstrual Period&nbsp; &nbsp; &nbsp; &nbsp; &nbsp; &nbsp; &nbsp; &nbsp; &nbsp; &nbsp; &nbsp; &nbsp; &nbsp;Menarche &nbsp;</p>

<p>&nbsp; Menopause&nbsp; &nbsp; &nbsp; &nbsp; &nbsp; &nbsp; &nbsp; &nbsp; &nbsp; &nbsp; &nbsp;Abnormal</p>

<p>&nbsp; Any abnormalities, specify:</p>

<p>&nbsp;</p>

<p><strong>23. Nursing Diagnosis:</strong></p>

<p>&nbsp;</p>

<p><strong>24. Attending Nurse</strong></p>

<p>Name: &nbsp;</p>

<p>Rank:</p>

<p>Date:&nbsp;</p>

<p>&nbsp;</p>
",OPC ASSESSMENT SHEET,CLINICAL NOTE
1723,"<p><strong>1.informant;</strong></p>

<p>onset of illness;</p>

<p>duration of relapse;</p>

<p><strong>3. Past of History;</strong></p>

<p>&nbsp; Development milestone&nbsp; &nbsp; &nbsp; &nbsp; &nbsp;Eventful&nbsp; &nbsp; &nbsp; &nbsp; &nbsp; &nbsp; &nbsp; &nbsp; Application.&nbsp; &nbsp; &nbsp; &nbsp; &nbsp; &nbsp; Not application</p>

<p>Other specify;</p>

<p>&nbsp; &nbsp;{a} Medical.&nbsp; &nbsp; &nbsp; &nbsp;HTN.&nbsp; &nbsp; &nbsp; &nbsp; &nbsp; &nbsp; &nbsp; &nbsp; &nbsp; &nbsp; &nbsp; PUD.&nbsp; &nbsp; &nbsp; &nbsp; &nbsp; &nbsp; &nbsp; &nbsp; &nbsp; &nbsp; &nbsp; &nbsp; &nbsp; DM.&nbsp; &nbsp; &nbsp; &nbsp; &nbsp;&nbsp;</p>

<p>&nbsp; &nbsp; &nbsp; &nbsp; &nbsp; &nbsp; &nbsp; &nbsp; &nbsp; &nbsp; &nbsp; &nbsp; &nbsp; &nbsp; &nbsp;Asthma.&nbsp; &nbsp; &nbsp; &nbsp; &nbsp; &nbsp; &nbsp; &nbsp; &nbsp;Other, specify</p>

<p>{b}&nbsp; &nbsp;Surgery&nbsp; &nbsp; C/S.&nbsp; &nbsp; &nbsp; &nbsp; &nbsp; &nbsp; &nbsp; &nbsp; &nbsp; &nbsp; &nbsp; &nbsp; &nbsp; &nbsp; Appendectomy</p>

<p>&nbsp; &nbsp; &nbsp; &nbsp; &nbsp; &nbsp; &nbsp; &nbsp; &nbsp; &nbsp; &nbsp; &nbsp; &nbsp;Herniohaphy&nbsp; &nbsp; &nbsp; &nbsp; &nbsp; &nbsp; &nbsp; Cataract.&nbsp; &nbsp; &nbsp; &nbsp; &nbsp; &nbsp; &nbsp; &nbsp; &nbsp; &nbsp; Other,specify</p>

<p>{c} Blood transfusion.&nbsp; &nbsp; &nbsp; &nbsp; &nbsp; &nbsp; &nbsp; &nbsp; &nbsp; &nbsp; &nbsp; &nbsp; &nbsp; Yes.&nbsp; &nbsp; &nbsp; &nbsp; &nbsp; &nbsp; &nbsp; &nbsp; &nbsp; &nbsp; &nbsp; &nbsp; &nbsp; &nbsp;No</p>

<p><strong>4.&nbsp; Present Mental State History</strong></p>

<p>&nbsp; &nbsp; &nbsp;Presenting complaint from relatives;</p>

<p>&nbsp; &nbsp; &nbsp;</p>

<p>&nbsp; &nbsp; Presenting complaint from relatives;</p>

<p><strong>5.Mental State Examination</strong></p>

<p>&nbsp; &nbsp;General Appearance</p>

<p>&nbsp; &nbsp; &nbsp; &nbsp;Height</p>

<p>&nbsp; &nbsp; &nbsp; &nbsp; obese.&nbsp; &nbsp; &nbsp; &nbsp; &nbsp; &nbsp; &nbsp; &nbsp; &nbsp; &nbsp; &nbsp; &nbsp; &nbsp; &nbsp; &nbsp; &nbsp; &nbsp; &nbsp; &nbsp; &nbsp; &nbsp;No visual&nbsp; marks.&nbsp; &nbsp; &nbsp; &nbsp; &nbsp; &nbsp; &nbsp; &nbsp; &nbsp; &nbsp; &nbsp; &nbsp;Tattoos</p>

<p>&nbsp; &nbsp; &nbsp; &nbsp; Tribal mark.&nbsp; &nbsp; &nbsp; &nbsp; &nbsp; &nbsp; &nbsp; &nbsp; &nbsp; &nbsp; &nbsp; &nbsp; &nbsp; &nbsp; &nbsp; &nbsp; Well groomed.&nbsp; &nbsp; &nbsp; &nbsp; &nbsp; &nbsp; &nbsp; &nbsp; &nbsp; &nbsp; &nbsp; &nbsp; &nbsp; &nbsp; &nbsp;Poorly groomed</p>

<p>&nbsp; &nbsp; &nbsp; &nbsp; &nbsp;body odour&nbsp; &nbsp; &nbsp; &nbsp; &nbsp; &nbsp; &nbsp; &nbsp; &nbsp; &nbsp; &nbsp; &nbsp; &nbsp; &nbsp; &nbsp; &nbsp;Appropriately dressed.&nbsp; &nbsp; &nbsp; &nbsp; &nbsp; &nbsp; &nbsp; &nbsp; Formally dressed</p>

<p>&nbsp; &nbsp; &nbsp; &nbsp; Inappropriately dreesed&nbsp; &nbsp; &nbsp; &nbsp; &nbsp; &nbsp; Bizzare style.&nbsp; &nbsp; &nbsp; &nbsp; &nbsp; &nbsp; &nbsp; &nbsp; &nbsp; &nbsp; &nbsp; &nbsp; &nbsp; &nbsp; &nbsp; &nbsp;Casual attire</p>

<p>&nbsp; &nbsp; &nbsp; &nbsp; Pyknic.&nbsp; &nbsp; &nbsp; &nbsp; &nbsp; &nbsp; &nbsp; &nbsp; &nbsp; &nbsp; &nbsp; &nbsp; &nbsp; &nbsp; &nbsp; &nbsp; &nbsp; &nbsp; &nbsp; &nbsp;Asthmic.&nbsp; &nbsp; &nbsp; &nbsp; &nbsp; &nbsp; &nbsp; &nbsp; &nbsp; &nbsp; &nbsp; &nbsp; &nbsp; &nbsp; &nbsp; &nbsp; &nbsp; &nbsp; &nbsp; Athletic</p>

<p><strong>ORIENTATION</strong></p>

<p>Time</p>

<p>Place</p>

<p>Person</p>

<p><strong>INSIGHT</strong></p>

<p>Good.&nbsp; &nbsp; &nbsp; &nbsp; &nbsp; &nbsp; &nbsp; &nbsp; &nbsp; &nbsp; Partial&nbsp; &nbsp; &nbsp; &nbsp; &nbsp; &nbsp; &nbsp; &nbsp;Poor</p>

<p><strong>CONSCIOUSNESS</strong></p>

<p>Conscious&nbsp; &nbsp; &nbsp; &nbsp; &nbsp; &nbsp; &nbsp; &nbsp; &nbsp; &nbsp; &nbsp; &nbsp;Unconsious</p>

<p><strong>MOOD</strong></p>

<p>Euthymic&nbsp; &nbsp; &nbsp; &nbsp; &nbsp; &nbsp; &nbsp; &nbsp; &nbsp; Irriable&nbsp; &nbsp; &nbsp; &nbsp; &nbsp; &nbsp; &nbsp; &nbsp; &nbsp; &nbsp; &nbsp; &nbsp; &nbsp;Dysthymic</p>

<p>Cyclothymic.&nbsp; &nbsp; &nbsp; &nbsp; &nbsp; &nbsp; &nbsp; Euphonic&nbsp; &nbsp; &nbsp; &nbsp; &nbsp; &nbsp; &nbsp; &nbsp; &nbsp; &nbsp; &nbsp;</p>

<p><strong>MEMORY</strong></p>

<p>Good.&nbsp; &nbsp; &nbsp; &nbsp; &nbsp; &nbsp; &nbsp; &nbsp;Amnesia</p>

<p><strong>PSYCHOMOTOR.&nbsp;</strong> &nbsp;ACTIVITIES</p>

<p>Normal Gait&nbsp; &nbsp; &nbsp; &nbsp; &nbsp; &nbsp; &nbsp; &nbsp; &nbsp; &nbsp; &nbsp; &nbsp; &nbsp; &nbsp; &nbsp; &nbsp; &nbsp; &nbsp; &nbsp;Abnormal Gait&nbsp; &nbsp; &nbsp; &nbsp; &nbsp; &nbsp; &nbsp; &nbsp; &nbsp; &nbsp; &nbsp; &nbsp;Wheel chair</p>

<p>Ambulates with cane&nbsp; &nbsp; &nbsp; &nbsp; &nbsp; &nbsp; &nbsp; &nbsp; &nbsp; &nbsp; &nbsp; &nbsp;Tremors.&nbsp; &nbsp; &nbsp; &nbsp; &nbsp; &nbsp; &nbsp; &nbsp; &nbsp; &nbsp; &nbsp; &nbsp; &nbsp; &nbsp; &nbsp; &nbsp; &nbsp; Tic</p>

<p>Mannerism&nbsp; &nbsp; &nbsp; &nbsp; &nbsp; &nbsp; &nbsp; &nbsp; &nbsp; &nbsp; &nbsp; &nbsp; &nbsp; &nbsp; &nbsp; &nbsp; &nbsp; &nbsp; &nbsp; &nbsp;Rigidity&nbsp; &nbsp; &nbsp; &nbsp; &nbsp; &nbsp; &nbsp; &nbsp; &nbsp; &nbsp; &nbsp; &nbsp; &nbsp; &nbsp; &nbsp; &nbsp; &nbsp; Agilited</p>

<p>Restless.&nbsp; &nbsp; &nbsp; &nbsp; &nbsp; &nbsp; &nbsp; &nbsp; &nbsp; &nbsp; &nbsp; &nbsp; &nbsp; &nbsp; &nbsp; &nbsp; &nbsp; &nbsp; &nbsp; &nbsp; &nbsp; Talkactiveness</p>

<p><strong>GENERAL&nbsp; ATTITUDE</strong></p>

<p>Cooperative.&nbsp; &nbsp; &nbsp; &nbsp; &nbsp; &nbsp; &nbsp; &nbsp; &nbsp;Uncooperative.&nbsp; &nbsp; &nbsp; &nbsp; &nbsp; &nbsp; &nbsp; &nbsp; &nbsp; &nbsp; &nbsp; &nbsp; &nbsp; &nbsp; &nbsp; Defensive</p>

<p>Aggressive/hostile&nbsp; &nbsp; &nbsp; &nbsp;Poor eye contact.&nbsp; &nbsp; &nbsp; &nbsp; &nbsp; &nbsp; &nbsp; &nbsp; &nbsp; &nbsp; &nbsp; &nbsp; &nbsp; Good&nbsp; eye contact</p>

<p><strong>SPEECH</strong></p>

<p>Hesitant&nbsp; &nbsp; &nbsp; &nbsp; &nbsp; &nbsp; &nbsp; &nbsp; &nbsp; &nbsp; &nbsp; &nbsp; &nbsp; &nbsp; &nbsp; &nbsp;Soft.&nbsp; &nbsp; &nbsp; &nbsp; &nbsp; &nbsp; &nbsp; &nbsp; &nbsp; &nbsp; &nbsp; &nbsp; &nbsp; &nbsp; &nbsp; &nbsp; &nbsp; &nbsp; &nbsp; &nbsp; &nbsp; &nbsp; &nbsp;Mute</p>

<p>Selectively Mute.&nbsp; &nbsp; &nbsp; &nbsp; &nbsp; &nbsp; &nbsp; &nbsp;Pressured.&nbsp; &nbsp; &nbsp; &nbsp; &nbsp; &nbsp; &nbsp; &nbsp; &nbsp; &nbsp; &nbsp; &nbsp; &nbsp; &nbsp; &nbsp; &nbsp; &nbsp; &nbsp; Monatonous</p>

<p>Slow&nbsp; &nbsp; &nbsp; &nbsp; &nbsp; &nbsp; &nbsp; &nbsp; &nbsp; &nbsp; &nbsp; &nbsp; &nbsp; &nbsp; &nbsp; &nbsp; &nbsp; &nbsp;Slurred&nbsp; &nbsp; &nbsp; &nbsp; &nbsp; &nbsp; &nbsp; &nbsp; &nbsp; &nbsp; &nbsp; &nbsp; &nbsp; &nbsp; &nbsp; &nbsp; &nbsp; &nbsp; &nbsp; &nbsp; Stultering</p>

<p>Delayed.&nbsp; &nbsp; &nbsp; &nbsp; &nbsp; &nbsp; &nbsp; &nbsp; &nbsp; &nbsp; &nbsp; &nbsp; &nbsp; &nbsp; &nbsp;Good articulation.&nbsp; &nbsp; &nbsp; &nbsp; &nbsp; &nbsp; &nbsp; &nbsp; &nbsp; &nbsp; &nbsp; &nbsp; &nbsp;Aphasic</p>

<p>Appropriate</p>

<p><strong>AFFECT&nbsp;</strong></p>

<p>Congruous with Mood.&nbsp; &nbsp; &nbsp; &nbsp; &nbsp; &nbsp; &nbsp; &nbsp; &nbsp; &nbsp; &nbsp; &nbsp; &nbsp; &nbsp; &nbsp; &nbsp;Incongruous with Mood.&nbsp; &nbsp; &nbsp; &nbsp; &nbsp; &nbsp;Flat</p>

<p>Constricted</p>

<p><strong>INTELLGENCE</strong></p>

<p>Basic Calculation.&nbsp; &nbsp; &nbsp; &nbsp; &nbsp; &nbsp; &nbsp; &nbsp; &nbsp; &nbsp; &nbsp; Basic knowledge</p>

<p>None of the above.&nbsp; &nbsp;</p>

<p><strong>THOUGHT PROCESS&nbsp;</strong></p>

<p><strong>{a} From.&nbsp;</strong></p>

<p>Flight of ideas.&nbsp; &nbsp; &nbsp; &nbsp; &nbsp; &nbsp; &nbsp; &nbsp; &nbsp; &nbsp; &nbsp; &nbsp; Associative looseness.&nbsp; &nbsp; &nbsp; &nbsp; &nbsp; &nbsp; &nbsp; &nbsp; &nbsp; &nbsp;Circumstantiality&nbsp;</p>

<p>Tangentiality&nbsp; &nbsp; &nbsp; &nbsp; &nbsp; &nbsp; &nbsp; &nbsp; &nbsp; &nbsp; &nbsp; &nbsp; &nbsp; &nbsp;Neologism.&nbsp; &nbsp; &nbsp; &nbsp; &nbsp; &nbsp; &nbsp; &nbsp; &nbsp; &nbsp; &nbsp; &nbsp; &nbsp; &nbsp; &nbsp; &nbsp; &nbsp; &nbsp; &nbsp;Concrete thinking&nbsp;</p>

<p>Clag associate.&nbsp; &nbsp; &nbsp; &nbsp; &nbsp; &nbsp; &nbsp; &nbsp; &nbsp; &nbsp; &nbsp; word&nbsp; salad.&nbsp; &nbsp; &nbsp; &nbsp; &nbsp; &nbsp; &nbsp; &nbsp; &nbsp; &nbsp; &nbsp; &nbsp; &nbsp; &nbsp; &nbsp; &nbsp; &nbsp; &nbsp; Echolalia</p>

<p>Perseverance.&nbsp; &nbsp; &nbsp; &nbsp; &nbsp; &nbsp; &nbsp; &nbsp; &nbsp; &nbsp; &nbsp; &nbsp;Poverty of speech&nbsp;</p>

<p><strong>{b} content</strong>&nbsp;</p>

<p>&nbsp; &nbsp; &nbsp; Persecutory delusion.&nbsp; &nbsp; &nbsp; &nbsp; &nbsp; &nbsp; &nbsp; &nbsp; &nbsp; &nbsp; &nbsp;grandiose Delusion.&nbsp; &nbsp; &nbsp; &nbsp; &nbsp; &nbsp; &nbsp; &nbsp; &nbsp; &nbsp;Reference Delusion</p>

<p>&nbsp; &nbsp; &nbsp; &nbsp;Control&nbsp; Delusion.&nbsp; &nbsp; &nbsp; &nbsp; &nbsp; &nbsp; &nbsp; &nbsp; &nbsp; &nbsp; &nbsp; &nbsp; Somatic Delusion.&nbsp; &nbsp; &nbsp; &nbsp; &nbsp; &nbsp; &nbsp; &nbsp; &nbsp; &nbsp; &nbsp; &nbsp; Nihilistic Delusion</p>

<p>&nbsp; &nbsp; &nbsp; &nbsp;Paranoid Delusion&nbsp; &nbsp; &nbsp; &nbsp; &nbsp; &nbsp; &nbsp; &nbsp; &nbsp; &nbsp; &nbsp; &nbsp; Magical Delusion.&nbsp; &nbsp; &nbsp; &nbsp; &nbsp; &nbsp; &nbsp; &nbsp; &nbsp; &nbsp; &nbsp; &nbsp; Obsessions</p>

<p><strong>{c} Suicidal tendency</strong></p>

<p>&nbsp; &nbsp; &nbsp; &nbsp; Ideation.&nbsp; &nbsp; &nbsp; &nbsp; &nbsp; &nbsp; &nbsp; &nbsp; &nbsp; &nbsp;Attempt.&nbsp; &nbsp; &nbsp; &nbsp; &nbsp; &nbsp; &nbsp; &nbsp; &nbsp; &nbsp; &nbsp; None</p>

<p>&nbsp; &nbsp; &nbsp; &nbsp; None of the above&nbsp; &nbsp; &nbsp; &nbsp; &nbsp;other. specify;</p>

<p><strong>(d) Homicidal Tendency:</strong></p>

<p>&nbsp; &nbsp; &nbsp; &nbsp; &nbsp;ideation.&nbsp; &nbsp; &nbsp; &nbsp; &nbsp; &nbsp; &nbsp; &nbsp; &nbsp; &nbsp;Attempt.&nbsp; &nbsp; &nbsp; &nbsp; &nbsp; &nbsp; &nbsp; &nbsp; &nbsp; &nbsp; &nbsp; Deliberate</p>

<p>&nbsp; &nbsp; &nbsp; &nbsp; &nbsp;None of the above&nbsp; &nbsp; &nbsp; &nbsp; &nbsp;other. specify;</p>

<p><strong>Sensory&nbsp; Perception:</strong></p>

<p><strong>Hallucinations</strong></p>

<p>&nbsp; &nbsp; &nbsp; &nbsp; Auditory.&nbsp; &nbsp; &nbsp; &nbsp; &nbsp; &nbsp; &nbsp; &nbsp; &nbsp; &nbsp; &nbsp;Visual.&nbsp; &nbsp; &nbsp; &nbsp; &nbsp; &nbsp; &nbsp; &nbsp; &nbsp;Tactile</p>

<p>&nbsp; &nbsp; &nbsp; &nbsp; Of factory.&nbsp; &nbsp; &nbsp; &nbsp; &nbsp; &nbsp; &nbsp; &nbsp; &nbsp; Gustatory</p>

<p><strong>ILLUSION</strong></p>

<p>Depersonalization.&nbsp; &nbsp; &nbsp; &nbsp; &nbsp; &nbsp; &nbsp; Derealization.&nbsp; &nbsp;</p>

<p><strong>JUDGEMENT</strong></p>

<p>Poor.&nbsp; &nbsp; &nbsp; &nbsp; &nbsp; &nbsp; &nbsp; &nbsp; &nbsp; &nbsp; &nbsp; Fair&nbsp; &nbsp; &nbsp; &nbsp; &nbsp; &nbsp; &nbsp; &nbsp; &nbsp;Good</p>

<p><strong>6.&nbsp; Previous Treatment&nbsp;</strong></p>

<p>&nbsp; &nbsp; &nbsp;Medication Orthodox.&nbsp; &nbsp; &nbsp; &nbsp; &nbsp; &nbsp; &nbsp; Spiritual&nbsp; &nbsp; &nbsp; &nbsp; &nbsp; &nbsp; &nbsp; &nbsp;Traditional.&nbsp; &nbsp;</p>

<p>&nbsp; &nbsp; &nbsp;None of the above.&nbsp; &nbsp; &nbsp; &nbsp; &nbsp; &nbsp; &nbsp; &nbsp; &nbsp; &nbsp; Other specify;</p>

<p><strong>7.&nbsp; &nbsp;Premorbid Personalty&nbsp;</strong></p>

<p>&nbsp; &nbsp; &nbsp; Introvert.&nbsp; &nbsp; &nbsp; &nbsp; &nbsp; &nbsp; &nbsp; &nbsp; &nbsp; &nbsp; &nbsp; &nbsp; &nbsp; Ambivert&nbsp; &nbsp; &nbsp; &nbsp; &nbsp; &nbsp; &nbsp; &nbsp; &nbsp; &nbsp; Extrovert</p>

<p><strong>8.&nbsp; Allergy</strong></p>

<p>&nbsp; &nbsp; Drug&nbsp; &nbsp; &nbsp; &nbsp; &nbsp; &nbsp; &nbsp; &nbsp; &nbsp; &nbsp; &nbsp; &nbsp; &nbsp; &nbsp; &nbsp; &nbsp;Food&nbsp; &nbsp; &nbsp; &nbsp; &nbsp; &nbsp; &nbsp; &nbsp; &nbsp; &nbsp; &nbsp; &nbsp; &nbsp; &nbsp; &nbsp; &nbsp; &nbsp; &nbsp; &nbsp; &nbsp; &nbsp; &nbsp; &nbsp; &nbsp; Animal</p>

<p>&nbsp;&nbsp; Inanimate&nbsp; &nbsp; &nbsp; &nbsp; &nbsp; &nbsp; &nbsp; &nbsp; &nbsp; &nbsp; &nbsp; Others, specify:&nbsp;</p>

<p>&nbsp;</p>

<p><strong>9. Nutrition</strong></p>

<p>&nbsp; Pica&nbsp; &nbsp; &nbsp; &nbsp; &nbsp; &nbsp; &nbsp; &nbsp; &nbsp; &nbsp; &nbsp; &nbsp; &nbsp; &nbsp; &nbsp; &nbsp; Refusal of food&nbsp; &nbsp; &nbsp; &nbsp; &nbsp; &nbsp; &nbsp; &nbsp; &nbsp; &nbsp; &nbsp; &nbsp; &nbsp; &nbsp; &nbsp;Anorexia Nervosa</p>

<p>&nbsp; Bulimia Nervosa&nbsp; &nbsp; &nbsp; &nbsp; &nbsp; &nbsp;None of the above</p>

<p>&nbsp; Others, specify:</p>

<p>&nbsp;</p>

<p><strong>10. Elimination</strong></p>

<p><strong>Urinary</strong></p>

<p>&nbsp;Oliguria&nbsp; &nbsp; &nbsp; &nbsp; &nbsp; &nbsp; &nbsp; &nbsp; &nbsp; &nbsp; &nbsp; &nbsp; &nbsp; &nbsp;Polyuria&nbsp; &nbsp; &nbsp; &nbsp; &nbsp; &nbsp; &nbsp; &nbsp; &nbsp; &nbsp; &nbsp; &nbsp; &nbsp; &nbsp; &nbsp; &nbsp; &nbsp; &nbsp; &nbsp; &nbsp;Anuria</p>

<p>&nbsp; Heamaturia&nbsp; &nbsp; &nbsp; &nbsp; &nbsp; &nbsp; &nbsp; &nbsp; &nbsp; &nbsp;Incontinence&nbsp; &nbsp; &nbsp; &nbsp; &nbsp; &nbsp; &nbsp; &nbsp; &nbsp; &nbsp; &nbsp; &nbsp; &nbsp; &nbsp; &nbsp; &nbsp; None of the above</p>

<p>&nbsp;</p>

<p><strong>Feacal</strong></p>

<p>&nbsp; Diarrhea&nbsp; &nbsp; &nbsp; &nbsp; &nbsp; &nbsp; &nbsp; &nbsp; &nbsp; &nbsp; &nbsp; &nbsp;Constipation</p>

<p>&nbsp; Incontinence&nbsp; &nbsp; &nbsp; &nbsp; &nbsp; &nbsp; &nbsp; &nbsp; &nbsp;None of the above</p>

<p>&nbsp;</p>

<p><strong>11.Insomnia</strong></p>

<p><strong>Partial</strong></p>

<p>&nbsp;Somnabulism&nbsp; &nbsp; &nbsp; &nbsp; &nbsp; &nbsp; &nbsp; &nbsp; &nbsp; &nbsp;Sleep talking&nbsp; &nbsp; &nbsp; &nbsp; &nbsp; &nbsp; &nbsp; &nbsp; &nbsp; &nbsp; &nbsp; &nbsp; &nbsp; &nbsp; &nbsp; &nbsp; Sleep apnea</p>

<p>&nbsp;None of the above</p>

<p><strong>Total</strong></p>

<p>&nbsp;Somnabulism&nbsp; &nbsp; &nbsp; &nbsp; &nbsp; &nbsp; &nbsp; &nbsp; Sleep talking&nbsp; &nbsp; &nbsp; &nbsp; &nbsp; &nbsp; &nbsp; &nbsp; &nbsp; &nbsp; &nbsp; &nbsp; &nbsp; &nbsp; &nbsp; &nbsp; &nbsp; &nbsp;Sleep apnea</p>

<p>None of the above</p>

<p>&nbsp;</p>

<p><strong>12. Mode of Communication</strong></p>

<p>&nbsp;English&nbsp; &nbsp; &nbsp; &nbsp; &nbsp; &nbsp; &nbsp; &nbsp; &nbsp; &nbsp; &nbsp; &nbsp; &nbsp; &nbsp;Igbo&nbsp; &nbsp; &nbsp; &nbsp; &nbsp; &nbsp; &nbsp; &nbsp; &nbsp; &nbsp; &nbsp; &nbsp; &nbsp; &nbsp; &nbsp; &nbsp; &nbsp; &nbsp; &nbsp; &nbsp; &nbsp; &nbsp; &nbsp; &nbsp; &nbsp; &nbsp; &nbsp;Yoruba</p>

<p>&nbsp; Hausa&nbsp; &nbsp; &nbsp; &nbsp; &nbsp; &nbsp; &nbsp; &nbsp; &nbsp; &nbsp; &nbsp; &nbsp; &nbsp; &nbsp; Others, specify :</p>

<p>&nbsp;</p>

<p><strong>13. Special Sense Defect</strong></p>

<p>&nbsp;Eye&nbsp; &nbsp; &nbsp; &nbsp; &nbsp; &nbsp; &nbsp; &nbsp; &nbsp; &nbsp; &nbsp; &nbsp; &nbsp; &nbsp; &nbsp; &nbsp; &nbsp; Nose&nbsp; &nbsp; &nbsp; &nbsp; &nbsp; &nbsp; &nbsp; &nbsp; &nbsp; &nbsp; &nbsp; &nbsp; &nbsp; &nbsp; &nbsp; &nbsp; &nbsp; &nbsp; &nbsp; &nbsp; &nbsp; &nbsp; &nbsp; &nbsp; &nbsp;Ear</p>

<p>&nbsp;Skin&nbsp; &nbsp; &nbsp; &nbsp; &nbsp; &nbsp; &nbsp; &nbsp; &nbsp; &nbsp; &nbsp; &nbsp; &nbsp; &nbsp; &nbsp; &nbsp; &nbsp;Tongue</p>

<p>&nbsp; If you tick any of the above specify :&nbsp;</p>

<p>&nbsp;</p>

<p><strong>14. Family History</strong></p>

<p>* i. History of mental illness in the family&nbsp;</p>

<p>&nbsp;Yes&nbsp; &nbsp; &nbsp; &nbsp; &nbsp; &nbsp; &nbsp; &nbsp; &nbsp; &nbsp; &nbsp; &nbsp; &nbsp; &nbsp; &nbsp; &nbsp; &nbsp; &nbsp; &nbsp; &nbsp; &nbsp; &nbsp; &nbsp; &nbsp; &nbsp; No</p>

<p>&nbsp; If yes, specify:</p>

<p>* ii. Family Setting</p>

<p>&nbsp;Monogamous&nbsp; &nbsp; &nbsp; &nbsp; &nbsp; &nbsp; &nbsp; &nbsp; &nbsp; &nbsp; &nbsp; &nbsp; &nbsp; &nbsp; &nbsp; &nbsp; &nbsp;Polygamous&nbsp; &nbsp; &nbsp; &nbsp; &nbsp; &nbsp; &nbsp; &nbsp; &nbsp; &nbsp; &nbsp; &nbsp; &nbsp; &nbsp; &nbsp; Adopted</p>

<p>&nbsp; If yes, specify:</p>

<p>* iii. Position of patient</p>

<p>Specify:</p>

<p>* iv. Relationship of patient with siblings</p>

<p>&nbsp;</p>

<p>&nbsp;Cordial&nbsp; &nbsp; &nbsp; &nbsp; &nbsp; &nbsp; &nbsp; &nbsp; &nbsp; &nbsp; &nbsp; &nbsp; &nbsp; &nbsp; &nbsp; &nbsp; &nbsp; &nbsp; &nbsp; &nbsp;Not cordial</p>

<p><strong>15. Social History</strong></p>

<p>Psychoactive Substance Use</p>

<p>&nbsp;Yes&nbsp; &nbsp; &nbsp; &nbsp; &nbsp; &nbsp; &nbsp; &nbsp; &nbsp; &nbsp; &nbsp; &nbsp; &nbsp; &nbsp; &nbsp; &nbsp; &nbsp; &nbsp; &nbsp; &nbsp; &nbsp; &nbsp; No</p>

<p>&nbsp; If yes, specify:</p>

<p>Partying/Clubbing</p>

<p>&nbsp;Yes&nbsp; &nbsp; &nbsp; &nbsp; &nbsp; &nbsp; &nbsp; &nbsp; &nbsp; &nbsp; &nbsp; &nbsp; &nbsp; &nbsp; &nbsp; &nbsp; &nbsp; &nbsp; &nbsp; &nbsp; &nbsp; &nbsp;No</p>

<p>&nbsp;</p>

<p><strong>16. Marital&nbsp; History</strong></p>

<p>&nbsp;Married&nbsp; &nbsp; &nbsp; &nbsp; &nbsp; &nbsp; &nbsp; &nbsp; &nbsp; &nbsp; &nbsp; &nbsp; &nbsp; &nbsp; &nbsp; &nbsp; &nbsp; &nbsp; Separated&nbsp; &nbsp; &nbsp; &nbsp; &nbsp; &nbsp; &nbsp; &nbsp; &nbsp; &nbsp; &nbsp; &nbsp; &nbsp; &nbsp; &nbsp; &nbsp; &nbsp;Divorced&nbsp;</p>

<p>&nbsp; Divorced&nbsp; &nbsp; &nbsp; &nbsp; &nbsp; &nbsp; &nbsp; &nbsp; &nbsp; &nbsp; &nbsp; &nbsp; &nbsp; &nbsp; &nbsp; &nbsp; Widow&nbsp; &nbsp; &nbsp; &nbsp; &nbsp; &nbsp; &nbsp; &nbsp; &nbsp; &nbsp; &nbsp; &nbsp; &nbsp; &nbsp; &nbsp; &nbsp; &nbsp; &nbsp; &nbsp; &nbsp; Single</p>

<p>&nbsp; Widower</p>

<p>&nbsp;</p>

<p><strong>17. Education</strong></p>

<p>&nbsp;Primary&nbsp; &nbsp; &nbsp; &nbsp; &nbsp; &nbsp; &nbsp; &nbsp; &nbsp; &nbsp; &nbsp; &nbsp; &nbsp; &nbsp; &nbsp; &nbsp;Secondary&nbsp; &nbsp; &nbsp; &nbsp; &nbsp; &nbsp; &nbsp; &nbsp; &nbsp; &nbsp; &nbsp; &nbsp; &nbsp; &nbsp; &nbsp; &nbsp; &nbsp; &nbsp; &nbsp;Tertiary</p>

<p>&nbsp; None of the above</p>

<p><strong>&nbsp;18. Values/Belief</strong></p>

<p>&nbsp;Christian&nbsp; &nbsp; &nbsp; &nbsp; &nbsp; &nbsp; &nbsp; &nbsp; &nbsp; &nbsp; &nbsp; &nbsp; &nbsp; &nbsp; &nbsp;Muslim&nbsp; &nbsp; &nbsp; &nbsp; &nbsp; &nbsp; &nbsp; &nbsp; &nbsp; &nbsp; &nbsp; &nbsp; &nbsp; &nbsp; &nbsp; &nbsp; &nbsp; &nbsp; &nbsp; &nbsp; &nbsp; &nbsp;Traditional</p>

<p>&nbsp; Others, specify:</p>

<p>&nbsp;</p>

<p><strong>19. Occupation</strong></p>

<p>&nbsp;Employed&nbsp; &nbsp; &nbsp; &nbsp; &nbsp; &nbsp; &nbsp; &nbsp; &nbsp; &nbsp; &nbsp; &nbsp; &nbsp; Unemployed</p>

<p>&nbsp; If employed, specify:</p>

<p>20. Physical Examination</p>

<p>&nbsp; &nbsp; &nbsp; Vital Signs</p>

<p>&nbsp; &nbsp; &nbsp;Temperature.&nbsp; &nbsp; &nbsp; &nbsp; &nbsp; &nbsp; &nbsp; &nbsp; &nbsp; Pulse.&nbsp; &nbsp; &nbsp; &nbsp; &nbsp; &nbsp; &nbsp; &nbsp; &nbsp; &nbsp; &nbsp; &nbsp; &nbsp; &nbsp; &nbsp; &nbsp; &nbsp; &nbsp; &nbsp; Height</p>

<p>&nbsp; &nbsp; &nbsp;Blood Pressure.&nbsp; &nbsp; &nbsp; &nbsp; &nbsp; &nbsp; Weight&nbsp; &nbsp; &nbsp; &nbsp;&nbsp;</p>

<p><strong>21. Forensic History</strong></p>

<p>&nbsp;Yes&nbsp; &nbsp; &nbsp; &nbsp; &nbsp; &nbsp; &nbsp; &nbsp; &nbsp; &nbsp; &nbsp; &nbsp; &nbsp; &nbsp; &nbsp; &nbsp; &nbsp; &nbsp; &nbsp;No</p>

<p>&nbsp;Police&nbsp; &nbsp; &nbsp; &nbsp; &nbsp; &nbsp; &nbsp; &nbsp; &nbsp; &nbsp; &nbsp; &nbsp; &nbsp; &nbsp; &nbsp; &nbsp; &nbsp;NDLEA&nbsp; &nbsp; &nbsp; &nbsp; &nbsp; &nbsp; &nbsp; &nbsp; &nbsp; &nbsp; &nbsp; &nbsp; &nbsp; &nbsp; &nbsp; &nbsp; &nbsp; &nbsp; &nbsp; &nbsp; &nbsp; &nbsp; &nbsp;Soldier</p>

<p>&nbsp; If yes, specify:</p>

<p>&nbsp;</p>

<p>22.<strong> Menstrual History</strong></p>

<p>&nbsp;Not applicable&nbsp; &nbsp; &nbsp; &nbsp; &nbsp; &nbsp; &nbsp; &nbsp; &nbsp; Last Menstrual Period&nbsp; &nbsp; &nbsp; &nbsp; &nbsp; &nbsp; &nbsp; &nbsp; &nbsp; &nbsp; &nbsp; &nbsp; &nbsp;Menarche &nbsp;</p>

<p>&nbsp; Menopause&nbsp; &nbsp; &nbsp; &nbsp; &nbsp; &nbsp; &nbsp; &nbsp; &nbsp; &nbsp; &nbsp;Abnormal</p>

<p>&nbsp; Any abnormalities, specify:</p>

<p>&nbsp;</p>

<p><strong>23. Nursing Diagnosis:</strong></p>

<p>&nbsp;</p>

<p><strong>24. Attending Nurse</strong></p>

<p>Name: &nbsp;</p>

<p>Rank:</p>

<p>Date:&nbsp;</p>

<p>&nbsp;</p>

<p>&nbsp;</p>
",NUR-ADMISSION ASSESSMENT FORMAT FOR PSYCHOGERIATIC (FULL HISTORY),CLINICAL NOTE
1724,"<p><strong>1. informant;</strong></p>

<p><strong>2. Onset of illness;</strong></p>

<p><strong>3. Duration of relapse;</strong></p>

<p><strong>4. Premorbid Personality:</strong></p>

<p>&nbsp;introvert.&nbsp; &nbsp; &nbsp; &nbsp; &nbsp; &nbsp; &nbsp; &nbsp; &nbsp; &nbsp; Ambivert&nbsp; &nbsp; &nbsp; &nbsp; &nbsp; &nbsp; &nbsp; &nbsp; &nbsp; &nbsp; &nbsp; &nbsp; &nbsp;Extrovert</p>

<p>5. <strong>Developmental Milestone:</strong></p>

<p><strong>i. Pregnancy&nbsp; &nbsp; &nbsp; &nbsp; &nbsp; &nbsp; &nbsp;</strong>Eventful.&nbsp; &nbsp; &nbsp; &nbsp; &nbsp; &nbsp; Uneventful</p>

<p>if eventful, specify:</p>

<p><strong>ii. Labour:&nbsp; </strong>&nbsp; &nbsp; &nbsp; &nbsp; &nbsp; &nbsp; &nbsp; &nbsp;&nbsp;Eventful.&nbsp; &nbsp; &nbsp; &nbsp; &nbsp; &nbsp; Uneventful</p>

<p>if eventful, specify:</p>

<p>iii. Stages of development.&nbsp; &nbsp; &nbsp; &nbsp;<strong>&nbsp;</strong>Eventful.&nbsp; &nbsp; &nbsp; &nbsp; &nbsp; &nbsp; Uneventful</p>

<p>if eventful, specify:</p>

<p><strong>6. Present Mental State History</strong></p>

<p>&nbsp; &nbsp; &nbsp;Presenting complaint from relatives;</p>

<p>&nbsp; &nbsp; &nbsp;</p>

<p>&nbsp; &nbsp; Presenting complaint from relatives;</p>

<p>7. Description of Seizure</p>

<p>i Aura Stage.&nbsp; &nbsp; &nbsp; &nbsp; &nbsp; Warning Sign.&nbsp; &nbsp; &nbsp; &nbsp;No warning sign</p>

<p>ii. Ictal&nbsp; &nbsp; &nbsp; &nbsp; &nbsp; &nbsp; &nbsp; &nbsp; &nbsp; &nbsp; Sudden.&nbsp; &nbsp; &nbsp; &nbsp; &nbsp; &nbsp; &nbsp; &nbsp; Gradual.&nbsp; &nbsp; &nbsp; &nbsp; &nbsp; &nbsp; Generalized.&nbsp; &nbsp; &nbsp; &nbsp; &nbsp; &nbsp;Partial</p>

<p>&nbsp; &nbsp; &nbsp; &nbsp; &nbsp; &nbsp; &nbsp; &nbsp; &nbsp; &nbsp; &nbsp; &nbsp; &nbsp; &nbsp; &nbsp; Semi Conscious.&nbsp; &nbsp;Conscious.&nbsp; &nbsp; &nbsp; &nbsp; Unconscious</p>

<p>&nbsp; &nbsp; &nbsp; &nbsp; &nbsp; &nbsp; &nbsp; &nbsp; &nbsp; &nbsp; &nbsp; &nbsp; &nbsp; &nbsp; &nbsp; Convulsive (tonic-clonic)&nbsp; &nbsp; &nbsp; &nbsp; &nbsp; &nbsp; &nbsp; &nbsp; &nbsp;Non convulsive.&nbsp; &nbsp; &nbsp; &nbsp;Incotinences</p>

<p>iii. Post Ictal.&nbsp; &nbsp; &nbsp; &nbsp; &nbsp; Headache.&nbsp; &nbsp; &nbsp; &nbsp; &nbsp; &nbsp; Confusion&nbsp; &nbsp; &nbsp; &nbsp; &nbsp; &nbsp; Irritability&nbsp; &nbsp; &nbsp; &nbsp; &nbsp; &nbsp; &nbsp; &nbsp; Vomiting</p>

<p>&nbsp; &nbsp; &nbsp; &nbsp; &nbsp; &nbsp; &nbsp; &nbsp; &nbsp; &nbsp; &nbsp; &nbsp; &nbsp; &nbsp; &nbsp; &nbsp;Fatigue&nbsp; &nbsp; &nbsp; &nbsp; &nbsp; &nbsp; &nbsp; &nbsp; &nbsp; Agitation</p>

<p>Previous Treatment Received for Seizure</p>

<p>Orthodox&nbsp; &nbsp; &nbsp; &nbsp; &nbsp; &nbsp; &nbsp; Spiritual&nbsp; &nbsp; &nbsp; &nbsp; &nbsp; &nbsp; &nbsp; &nbsp; &nbsp;Traditional&nbsp; &nbsp; &nbsp; &nbsp; &nbsp; &nbsp; Others, specify:</p>

<p><strong>5.Mental State Examination</strong></p>

<p>&nbsp; &nbsp;General Appearance</p>

<p>&nbsp; &nbsp; &nbsp; Average Height&nbsp; &nbsp; &nbsp; &nbsp; &nbsp; &nbsp; &nbsp; &nbsp; &nbsp; &nbsp; &nbsp; &nbsp; &nbsp; &nbsp; &nbsp;Short&nbsp; &nbsp; &nbsp; &nbsp; &nbsp; &nbsp; &nbsp; &nbsp; &nbsp; &nbsp; &nbsp; &nbsp; &nbsp; &nbsp; &nbsp; &nbsp; &nbsp; &nbsp; &nbsp; &nbsp; &nbsp; Tall</p>

<p>&nbsp; &nbsp; &nbsp; &nbsp;Normal weight&nbsp; &nbsp; &nbsp; &nbsp; &nbsp; &nbsp; &nbsp; &nbsp; &nbsp; &nbsp; &nbsp; &nbsp; &nbsp; &nbsp; &nbsp;Under weight&nbsp; &nbsp; &nbsp; &nbsp; &nbsp; &nbsp; &nbsp; &nbsp; &nbsp; &nbsp; &nbsp; &nbsp; &nbsp; &nbsp; &nbsp; &nbsp;Over weight</p>

<p>&nbsp; &nbsp; &nbsp; &nbsp;Obese&nbsp;&nbsp; &nbsp; &nbsp; &nbsp; &nbsp; &nbsp; &nbsp; &nbsp; &nbsp; &nbsp; &nbsp; &nbsp; &nbsp; &nbsp; &nbsp; &nbsp; &nbsp; &nbsp; &nbsp; &nbsp; No visual&nbsp; marks.&nbsp; &nbsp; &nbsp; &nbsp; &nbsp; &nbsp; &nbsp; &nbsp; &nbsp; &nbsp; &nbsp; &nbsp;Tattoos</p>

<p>&nbsp; &nbsp; &nbsp; &nbsp; Tribal mark.&nbsp; &nbsp; &nbsp; &nbsp; &nbsp; &nbsp; &nbsp; &nbsp; &nbsp; &nbsp; &nbsp; &nbsp; &nbsp; &nbsp; &nbsp; &nbsp; Well groomed.&nbsp; &nbsp; &nbsp; &nbsp; &nbsp; &nbsp; &nbsp; &nbsp; &nbsp; &nbsp; &nbsp; &nbsp; &nbsp; &nbsp; &nbsp;Poorly groomed</p>

<p>&nbsp; &nbsp; &nbsp; &nbsp; &nbsp;Body odour&nbsp; &nbsp; &nbsp; &nbsp; &nbsp; &nbsp; &nbsp; &nbsp; &nbsp; &nbsp; &nbsp; &nbsp; &nbsp; &nbsp; &nbsp; &nbsp;Appropriately dressed.&nbsp; &nbsp; &nbsp; &nbsp; &nbsp; &nbsp; &nbsp; &nbsp; Formally dressed</p>

<p>&nbsp; &nbsp; &nbsp; &nbsp; Inappropriately dreesed&nbsp; &nbsp; &nbsp; &nbsp; &nbsp; &nbsp; Bizzare style.&nbsp; &nbsp; &nbsp; &nbsp; &nbsp; &nbsp; &nbsp; &nbsp; &nbsp; &nbsp; &nbsp; &nbsp; &nbsp; &nbsp; &nbsp; &nbsp;Casual attire</p>

<p>&nbsp; &nbsp; &nbsp; &nbsp; Picnic.&nbsp; &nbsp; &nbsp; &nbsp; &nbsp; &nbsp; &nbsp; &nbsp; &nbsp; &nbsp; &nbsp; &nbsp; &nbsp; &nbsp; &nbsp; &nbsp; &nbsp; &nbsp; &nbsp; &nbsp;Acthenic.&nbsp; &nbsp; &nbsp; &nbsp; &nbsp; &nbsp; &nbsp; &nbsp; &nbsp; &nbsp; &nbsp; &nbsp; &nbsp; &nbsp; &nbsp; &nbsp; &nbsp; &nbsp; &nbsp; Athletic</p>

<p><strong>ORIENTATION</strong></p>

<p>Time&nbsp; &nbsp; &nbsp; &nbsp; &nbsp; &nbsp; &nbsp; &nbsp; &nbsp; &nbsp; &nbsp; &nbsp; &nbsp; &nbsp; &nbsp; &nbsp; &nbsp; &nbsp; &nbsp; &nbsp; &nbsp; &nbsp; &nbsp; &nbsp; Yes&nbsp; &nbsp; &nbsp; &nbsp; &nbsp; &nbsp; &nbsp; &nbsp; &nbsp; &nbsp; &nbsp; &nbsp; &nbsp; &nbsp; &nbsp; &nbsp; &nbsp; &nbsp; &nbsp; &nbsp; &nbsp; &nbsp; &nbsp; &nbsp; &nbsp; &nbsp; &nbsp; No</p>

<p>Place&nbsp; &nbsp; &nbsp; &nbsp; &nbsp; &nbsp; &nbsp; &nbsp; &nbsp; &nbsp; &nbsp; &nbsp; &nbsp; &nbsp; &nbsp; &nbsp; &nbsp; &nbsp; &nbsp; &nbsp; &nbsp; &nbsp; &nbsp; &nbsp;Yes&nbsp; &nbsp; &nbsp; &nbsp; &nbsp; &nbsp; &nbsp; &nbsp; &nbsp; &nbsp; &nbsp; &nbsp; &nbsp; &nbsp; &nbsp; &nbsp; &nbsp; &nbsp; &nbsp; &nbsp; &nbsp; &nbsp; &nbsp; &nbsp; &nbsp; &nbsp; &nbsp; No</p>

<p>Person&nbsp; &nbsp; &nbsp; &nbsp; &nbsp; &nbsp; &nbsp; &nbsp; &nbsp; &nbsp; &nbsp; &nbsp; &nbsp; &nbsp; &nbsp; &nbsp; &nbsp; &nbsp; &nbsp; &nbsp; &nbsp; &nbsp; &nbsp;Yes&nbsp; &nbsp; &nbsp; &nbsp; &nbsp; &nbsp; &nbsp; &nbsp; &nbsp; &nbsp; &nbsp; &nbsp; &nbsp; &nbsp; &nbsp; &nbsp; &nbsp; &nbsp; &nbsp; &nbsp; &nbsp; &nbsp; &nbsp; &nbsp; &nbsp; &nbsp; &nbsp; No</p>

<p>None, specify:</p>

<p><strong>INSIGHT</strong></p>

<p>Intact&nbsp; &nbsp; &nbsp; &nbsp; &nbsp; &nbsp; &nbsp; &nbsp; &nbsp; &nbsp; &nbsp; &nbsp; &nbsp; &nbsp; &nbsp; &nbsp; &nbsp; &nbsp; &nbsp; &nbsp; &nbsp; &nbsp; &nbsp; Partial&nbsp; &nbsp; &nbsp; &nbsp; &nbsp; &nbsp; &nbsp; &nbsp; &nbsp; &nbsp; &nbsp; &nbsp; &nbsp; &nbsp; &nbsp; &nbsp; &nbsp; &nbsp; &nbsp; &nbsp; &nbsp; &nbsp; &nbsp; &nbsp; &nbsp; &nbsp; Lacking</p>

<p><strong>CONSCIOUSNESS</strong></p>

<p>Alert&nbsp; &nbsp; &nbsp; &nbsp; &nbsp; &nbsp; &nbsp; &nbsp; &nbsp; &nbsp; &nbsp; &nbsp; &nbsp; &nbsp; &nbsp; &nbsp; &nbsp; &nbsp; &nbsp; &nbsp; &nbsp; &nbsp; &nbsp; &nbsp; Drowsy</p>

<p>Semi Conscious&nbsp; &nbsp; &nbsp; &nbsp; &nbsp; &nbsp; &nbsp; &nbsp; &nbsp; &nbsp; &nbsp; &nbsp; &nbsp; &nbsp; &nbsp; Unconscious</p>

<p><strong>MOOD</strong></p>

<p>Euthymic&nbsp; &nbsp; &nbsp; &nbsp; &nbsp; &nbsp; &nbsp; &nbsp; &nbsp; &nbsp; &nbsp; &nbsp; &nbsp; &nbsp; &nbsp; &nbsp; &nbsp; &nbsp; &nbsp; &nbsp; &nbsp; Irriable&nbsp; &nbsp; &nbsp; &nbsp; &nbsp; &nbsp; &nbsp; &nbsp; &nbsp; &nbsp; &nbsp; &nbsp; &nbsp; &nbsp; &nbsp; &nbsp; &nbsp; &nbsp; &nbsp; &nbsp; &nbsp; &nbsp; &nbsp; Dysthymic</p>

<p>Cyclothymic.&nbsp; &nbsp; &nbsp; &nbsp; &nbsp; &nbsp; &nbsp; &nbsp; &nbsp; &nbsp; &nbsp; &nbsp; &nbsp; &nbsp; &nbsp; &nbsp; &nbsp;&nbsp;</p>

<p><strong>MEMORY</strong></p>

<p>Intact&nbsp; &nbsp; &nbsp; &nbsp; &nbsp; &nbsp; &nbsp; &nbsp; &nbsp; &nbsp; &nbsp; &nbsp; &nbsp; &nbsp; &nbsp; &nbsp; &nbsp; &nbsp; &nbsp; &nbsp; &nbsp; &nbsp; &nbsp; &nbsp;Autograde&nbsp; &nbsp; &nbsp; &nbsp; &nbsp; &nbsp; &nbsp; &nbsp; &nbsp; &nbsp; &nbsp;</p>

<p>Retrograde&nbsp; &nbsp; &nbsp; &nbsp; &nbsp; &nbsp; &nbsp; &nbsp; &nbsp; &nbsp; &nbsp; &nbsp; &nbsp; &nbsp; &nbsp; &nbsp; &nbsp; &nbsp; &nbsp; Amnesia</p>

<p><strong>PSYCHOMOTOR.&nbsp;</strong> &nbsp;ACTIVITIES</p>

<p>Normal Gait&nbsp; &nbsp; &nbsp; &nbsp; &nbsp; &nbsp; &nbsp; &nbsp; &nbsp; &nbsp; &nbsp; &nbsp; &nbsp; &nbsp; &nbsp; &nbsp; &nbsp; &nbsp; &nbsp;Abnormal Gait&nbsp; &nbsp; &nbsp; &nbsp; &nbsp; &nbsp; &nbsp; &nbsp; &nbsp; &nbsp; &nbsp; &nbsp;Wheel chair</p>

<p>Ambulates with cane&nbsp; &nbsp; &nbsp; &nbsp; &nbsp; &nbsp; &nbsp; &nbsp; &nbsp; &nbsp; &nbsp; &nbsp;Tremors.&nbsp; &nbsp; &nbsp; &nbsp; &nbsp; &nbsp; &nbsp; &nbsp; &nbsp; &nbsp; &nbsp; &nbsp; &nbsp; &nbsp; &nbsp; &nbsp; &nbsp; Tics</p>

<p>Mannerism&nbsp; &nbsp; &nbsp; &nbsp; &nbsp; &nbsp; &nbsp; &nbsp; &nbsp; &nbsp; &nbsp; &nbsp; &nbsp; &nbsp; &nbsp; &nbsp; &nbsp; &nbsp; &nbsp; &nbsp;Rigidity&nbsp; &nbsp; &nbsp; &nbsp; &nbsp; &nbsp; &nbsp; &nbsp; &nbsp; &nbsp; &nbsp; &nbsp; &nbsp; &nbsp; &nbsp; &nbsp; &nbsp; &nbsp; Agitated</p>

<p>Restless.&nbsp; &nbsp; &nbsp; &nbsp; &nbsp; &nbsp; &nbsp; &nbsp; &nbsp; &nbsp; &nbsp; &nbsp; &nbsp; &nbsp; &nbsp; &nbsp; &nbsp; &nbsp; &nbsp; &nbsp;&nbsp;</p>

<p><strong>GENERAL&nbsp; ATTITUDE</strong></p>

<p>Cooperative.&nbsp; &nbsp; &nbsp; &nbsp; &nbsp; &nbsp; &nbsp; &nbsp; &nbsp;Uncooperative.&nbsp; &nbsp; &nbsp; &nbsp; &nbsp; &nbsp; &nbsp; &nbsp; &nbsp; &nbsp; &nbsp; &nbsp; &nbsp; &nbsp; &nbsp; &nbsp; &nbsp; &nbsp; Defensive</p>

<p>Aggressive/hostile&nbsp; &nbsp; &nbsp; &nbsp;Poor eye contact.&nbsp; &nbsp; &nbsp; &nbsp; &nbsp; &nbsp; &nbsp; &nbsp; &nbsp; &nbsp; &nbsp; &nbsp; &nbsp; &nbsp; &nbsp; &nbsp; &nbsp;Good&nbsp; eye contact</p>

<p><strong>SPEECH</strong></p>

<p>Hesitant&nbsp; &nbsp; &nbsp; &nbsp; &nbsp; &nbsp; &nbsp; &nbsp; &nbsp; &nbsp; &nbsp; &nbsp; &nbsp; &nbsp; &nbsp; &nbsp;Soft.&nbsp; &nbsp; &nbsp; &nbsp; &nbsp; &nbsp; &nbsp; &nbsp; &nbsp; &nbsp; &nbsp; &nbsp; &nbsp; &nbsp; &nbsp; &nbsp; &nbsp; &nbsp; &nbsp; &nbsp; &nbsp; &nbsp; &nbsp; Mute</p>

<p>Selectively Mute.&nbsp; &nbsp; &nbsp; &nbsp; &nbsp; &nbsp; &nbsp; &nbsp; Pressured.&nbsp; &nbsp; &nbsp; &nbsp; &nbsp; &nbsp; &nbsp; &nbsp; &nbsp; &nbsp; &nbsp; &nbsp; &nbsp; &nbsp; &nbsp; &nbsp; &nbsp; &nbsp; &nbsp;Monotonous</p>

<p>Slow&nbsp; &nbsp; &nbsp; &nbsp; &nbsp; &nbsp; &nbsp; &nbsp; &nbsp; &nbsp; &nbsp; &nbsp; &nbsp; &nbsp; &nbsp; &nbsp; &nbsp; &nbsp;Slurred&nbsp; &nbsp; &nbsp; &nbsp; &nbsp; &nbsp; &nbsp; &nbsp; &nbsp; &nbsp; &nbsp; &nbsp; &nbsp; &nbsp; &nbsp; &nbsp; &nbsp; &nbsp; &nbsp; &nbsp; &nbsp; &nbsp;Stultering</p>

<p>Delayed.&nbsp; &nbsp; &nbsp; &nbsp; &nbsp; &nbsp; &nbsp; &nbsp; &nbsp; &nbsp; &nbsp; &nbsp; &nbsp; &nbsp; &nbsp;Good articulation.&nbsp; &nbsp; &nbsp; &nbsp; &nbsp; &nbsp; &nbsp; &nbsp; &nbsp; &nbsp; &nbsp; &nbsp; &nbsp; Aphasic</p>

<p>Appropriate</p>

<p><strong>AFFECT&nbsp;</strong></p>

<p>Congruous with Mood.&nbsp; &nbsp; &nbsp; &nbsp; Incongruous with Mood.&nbsp; &nbsp; &nbsp; &nbsp; &nbsp; &nbsp; &nbsp; &nbsp;Flat</p>

<p>Constricted</p>

<p><strong>INTELLGENCE</strong></p>

<p>Basic Calculation.&nbsp; &nbsp; &nbsp; &nbsp; &nbsp; &nbsp; &nbsp; &nbsp; &nbsp; &nbsp; &nbsp; Basic knowledge</p>

<p>None of the above.&nbsp; &nbsp;</p>

<p><strong>THOUGHT PROCESS&nbsp;</strong></p>

<p><strong>{a} From.&nbsp;</strong></p>

<p>Flight of ideas.&nbsp; &nbsp; &nbsp; &nbsp; &nbsp; &nbsp; &nbsp; &nbsp; &nbsp; &nbsp; &nbsp; &nbsp; Associative looseness.&nbsp; &nbsp; &nbsp; &nbsp; &nbsp; &nbsp; &nbsp; &nbsp; &nbsp; &nbsp;Circumstantiality&nbsp;</p>

<p>Tangentiality&nbsp; &nbsp; &nbsp; &nbsp; &nbsp; &nbsp; &nbsp; &nbsp; &nbsp; &nbsp; &nbsp; &nbsp; &nbsp; &nbsp;Neologism.&nbsp; &nbsp; &nbsp; &nbsp; &nbsp; &nbsp; &nbsp; &nbsp; &nbsp; &nbsp; &nbsp; &nbsp; &nbsp; &nbsp; &nbsp; &nbsp; &nbsp; &nbsp; &nbsp;Concrete thinking&nbsp;</p>

<p>Clag associate.&nbsp; &nbsp; &nbsp; &nbsp; &nbsp; &nbsp; &nbsp; &nbsp; &nbsp; &nbsp; &nbsp; word&nbsp; salad.&nbsp; &nbsp; &nbsp; &nbsp; &nbsp; &nbsp; &nbsp; &nbsp; &nbsp; &nbsp; &nbsp; &nbsp; &nbsp; &nbsp; &nbsp; &nbsp; &nbsp; &nbsp; Echolalia</p>

<p>Perseverance.&nbsp; &nbsp; &nbsp; &nbsp; &nbsp; &nbsp; &nbsp; &nbsp; &nbsp; &nbsp; &nbsp; &nbsp;Poverty of speech&nbsp;</p>

<p><strong>{b} content</strong>&nbsp;</p>

<p>&nbsp; &nbsp; &nbsp; Persecutory delusion.&nbsp; &nbsp; &nbsp; &nbsp; &nbsp; &nbsp; &nbsp; &nbsp; &nbsp; &nbsp; &nbsp;grandiose Delusion.&nbsp; &nbsp; &nbsp; &nbsp; &nbsp; &nbsp; &nbsp; &nbsp; &nbsp; &nbsp;Reference Delusion</p>

<p>&nbsp; &nbsp; &nbsp; &nbsp;Control&nbsp; Delusion.&nbsp; &nbsp; &nbsp; &nbsp; &nbsp; &nbsp; &nbsp; &nbsp; &nbsp; &nbsp; &nbsp; &nbsp; Somatic Delusion.&nbsp; &nbsp; &nbsp; &nbsp; &nbsp; &nbsp; &nbsp; &nbsp; &nbsp; &nbsp; &nbsp; &nbsp; Nihilistic Delusion</p>

<p>&nbsp; &nbsp; &nbsp; &nbsp;Paranoid Delusion&nbsp; &nbsp; &nbsp; &nbsp; &nbsp; &nbsp; &nbsp; &nbsp; &nbsp; &nbsp; &nbsp; &nbsp; Magical Delusion.&nbsp; &nbsp; &nbsp; &nbsp; &nbsp; &nbsp; &nbsp; &nbsp; &nbsp; &nbsp; &nbsp; &nbsp; Obsessions</p>

<p><strong>{c} Suicidal tendency</strong></p>

<p>&nbsp; &nbsp; &nbsp; &nbsp; Ideation.&nbsp; &nbsp; &nbsp; &nbsp; &nbsp; &nbsp; &nbsp; &nbsp; &nbsp; &nbsp;Attempt.&nbsp; &nbsp; &nbsp; &nbsp; &nbsp; &nbsp; &nbsp; &nbsp; &nbsp; &nbsp; &nbsp; None</p>

<p>&nbsp; &nbsp; &nbsp; &nbsp; None of the above&nbsp; &nbsp; &nbsp; &nbsp; &nbsp;other. specify;</p>

<p><strong>(d) Homicidal Tendency:</strong></p>

<p>&nbsp; &nbsp; &nbsp; &nbsp; &nbsp;ideation.&nbsp; &nbsp; &nbsp; &nbsp; &nbsp; &nbsp; &nbsp; &nbsp; &nbsp; &nbsp;Attempt.&nbsp; &nbsp; &nbsp; &nbsp; &nbsp; &nbsp; &nbsp; &nbsp; &nbsp; &nbsp; &nbsp; Deliberate</p>

<p>&nbsp; &nbsp; &nbsp; &nbsp; &nbsp;None of the above&nbsp; &nbsp; &nbsp; &nbsp; &nbsp;other. specify;</p>

<p><strong>Sensory&nbsp; Perception:</strong></p>

<p><strong>Hallucinations</strong></p>

<p>&nbsp; &nbsp; &nbsp; &nbsp; Auditory.&nbsp; &nbsp; &nbsp; &nbsp; &nbsp; &nbsp; &nbsp; &nbsp; &nbsp; &nbsp; &nbsp;Visual.&nbsp; &nbsp; &nbsp; &nbsp; &nbsp; &nbsp; &nbsp; &nbsp; &nbsp;Tactile</p>

<p>&nbsp; &nbsp; &nbsp; &nbsp; Of factory.&nbsp; &nbsp; &nbsp; &nbsp; &nbsp; &nbsp; &nbsp; &nbsp; &nbsp; Gustatory</p>

<p><strong>ILLUSIONS</strong></p>

<p>Depersonalization.&nbsp; &nbsp; &nbsp; &nbsp; &nbsp; &nbsp; &nbsp; Derealization.&nbsp; &nbsp;</p>

<p><strong>JUDGEMENT</strong></p>

<p>Poor.&nbsp; &nbsp; &nbsp; &nbsp; &nbsp; &nbsp; &nbsp; &nbsp; &nbsp; &nbsp; &nbsp; &nbsp; &nbsp; &nbsp; &nbsp; &nbsp; &nbsp; &nbsp; Fair&nbsp; &nbsp; &nbsp; &nbsp; &nbsp; &nbsp; &nbsp; &nbsp; &nbsp; &nbsp; &nbsp; &nbsp; &nbsp; &nbsp; &nbsp; &nbsp; &nbsp; &nbsp; &nbsp; &nbsp;Good</p>

<p><strong>6.&nbsp; Previous Treatment&nbsp;</strong></p>

<p>&nbsp; &nbsp; &nbsp;Medication Orthodox.&nbsp; &nbsp; &nbsp; &nbsp; &nbsp; &nbsp; &nbsp; &nbsp; &nbsp;Spiritual&nbsp; &nbsp; &nbsp; &nbsp; &nbsp; &nbsp; &nbsp; &nbsp; &nbsp; &nbsp; &nbsp; &nbsp; Traditional.&nbsp; &nbsp;</p>

<p>&nbsp; &nbsp; &nbsp;None of the above.&nbsp; &nbsp; &nbsp; &nbsp; &nbsp; &nbsp; &nbsp; &nbsp; &nbsp; &nbsp; &nbsp;Other specify;</p>

<p><strong>7.&nbsp; &nbsp;Premorbid Personalty&nbsp;</strong></p>

<p>&nbsp; &nbsp; &nbsp; Introvert.&nbsp; &nbsp; &nbsp; &nbsp; &nbsp; &nbsp; &nbsp; &nbsp; &nbsp; &nbsp; &nbsp; &nbsp; &nbsp; &nbsp; &nbsp; &nbsp; &nbsp; &nbsp; Ambivert&nbsp; &nbsp; &nbsp; &nbsp; &nbsp; &nbsp; &nbsp; &nbsp; &nbsp; &nbsp; &nbsp; &nbsp; &nbsp;Extrovert</p>

<p><strong>8.&nbsp; Allergy</strong></p>

<p>&nbsp; &nbsp; Drug&nbsp; &nbsp; &nbsp; &nbsp; &nbsp; &nbsp; &nbsp; &nbsp; &nbsp; &nbsp; &nbsp; &nbsp; &nbsp; &nbsp; &nbsp; &nbsp; &nbsp; &nbsp; &nbsp; &nbsp; &nbsp; &nbsp; Food&nbsp; &nbsp; &nbsp; &nbsp; &nbsp; &nbsp; &nbsp; &nbsp; &nbsp; &nbsp; &nbsp; &nbsp; &nbsp; &nbsp; &nbsp; &nbsp; Animal</p>

<p>&nbsp;&nbsp; Inanimate&nbsp; &nbsp; &nbsp; &nbsp; &nbsp; &nbsp; &nbsp; &nbsp; &nbsp; &nbsp; &nbsp; &nbsp; &nbsp; &nbsp; &nbsp; &nbsp; &nbsp; &nbsp; &nbsp;Others, specify:&nbsp;</p>

<p>&nbsp;</p>

<p><strong>9. Nutrition</strong></p>

<p>&nbsp; Pica&nbsp; &nbsp; &nbsp; &nbsp; &nbsp; &nbsp; &nbsp; &nbsp; &nbsp; &nbsp; &nbsp; &nbsp; &nbsp; &nbsp; &nbsp; &nbsp; &nbsp; &nbsp; &nbsp; &nbsp; &nbsp; &nbsp; &nbsp; &nbsp;Refusal of food&nbsp; &nbsp; &nbsp; &nbsp; &nbsp; &nbsp; &nbsp; &nbsp; &nbsp; &nbsp; &nbsp; &nbsp; &nbsp; &nbsp; &nbsp;Anorexia Nervosa</p>

<p>&nbsp; Bulimia Nervosa&nbsp; &nbsp; &nbsp; &nbsp; &nbsp; &nbsp; &nbsp; &nbsp; &nbsp; &nbsp; &nbsp; &nbsp; &nbsp; &nbsp; None of the above</p>

<p>&nbsp; Others, specify:</p>

<p>&nbsp;</p>

<p><strong>10. Elimination</strong></p>

<p><strong>Urinary</strong></p>

<p>&nbsp;Oliguria&nbsp; &nbsp; &nbsp; &nbsp; &nbsp; &nbsp; &nbsp; &nbsp; &nbsp; &nbsp; &nbsp; &nbsp; &nbsp; &nbsp;Polyuria&nbsp; &nbsp; &nbsp; &nbsp; &nbsp; &nbsp; &nbsp; &nbsp; &nbsp; &nbsp; &nbsp; &nbsp; &nbsp; &nbsp; &nbsp; &nbsp; &nbsp; &nbsp; &nbsp; &nbsp;Anuria</p>

<p>&nbsp; Heamaturia&nbsp; &nbsp; &nbsp; &nbsp; &nbsp; &nbsp; &nbsp; &nbsp; &nbsp; &nbsp;Incontinence&nbsp; &nbsp; &nbsp; &nbsp; &nbsp; &nbsp; &nbsp; &nbsp; &nbsp; &nbsp; &nbsp; &nbsp; &nbsp; &nbsp; &nbsp; &nbsp; None of the above</p>

<p><strong>Feacal</strong></p>

<p>&nbsp; Diarrhea&nbsp; &nbsp; &nbsp; &nbsp; &nbsp; &nbsp; &nbsp; &nbsp; &nbsp; &nbsp; &nbsp; &nbsp;Constipation</p>

<p>&nbsp; Incontinence&nbsp; &nbsp; &nbsp; &nbsp; &nbsp; &nbsp; &nbsp; &nbsp; &nbsp;None of the above</p>

<p><strong>11.Insomnia</strong></p>

<p><strong>Partial</strong></p>

<p>&nbsp;Somnabulism&nbsp; &nbsp; &nbsp; &nbsp; &nbsp; &nbsp; &nbsp; &nbsp; &nbsp; &nbsp;Sleep talking&nbsp; &nbsp; &nbsp; &nbsp; &nbsp; &nbsp; &nbsp; &nbsp; &nbsp; &nbsp; &nbsp; &nbsp; &nbsp; &nbsp; &nbsp; &nbsp; Sleep apnea</p>

<p>&nbsp;None of the above</p>

<p><strong>Total</strong></p>

<p>&nbsp;Somnabulism&nbsp; &nbsp; &nbsp; &nbsp; &nbsp; &nbsp; &nbsp; &nbsp; Sleep talking&nbsp; &nbsp; &nbsp; &nbsp; &nbsp; &nbsp; &nbsp; &nbsp; &nbsp; &nbsp; &nbsp; &nbsp; &nbsp; &nbsp; &nbsp; &nbsp; &nbsp; &nbsp;Sleep apnea</p>

<p>None of the above</p>

<p>&nbsp;</p>

<p><strong>12. Mode of Communication</strong></p>

<p>&nbsp;English&nbsp; &nbsp; &nbsp; &nbsp; &nbsp; &nbsp; &nbsp; &nbsp; &nbsp; &nbsp; &nbsp; &nbsp; &nbsp; &nbsp;Igbo&nbsp; &nbsp; &nbsp; &nbsp; &nbsp; &nbsp; &nbsp; &nbsp; &nbsp; &nbsp; &nbsp; &nbsp; &nbsp; &nbsp; &nbsp; &nbsp; &nbsp; &nbsp; &nbsp; &nbsp; &nbsp; &nbsp; &nbsp; &nbsp; &nbsp; &nbsp; &nbsp;Yoruba</p>

<p>&nbsp; Hausa&nbsp; &nbsp; &nbsp; &nbsp; &nbsp; &nbsp; &nbsp; &nbsp; &nbsp; &nbsp; &nbsp; &nbsp; &nbsp; &nbsp; Others, specify :</p>

<p>&nbsp;</p>

<p><strong>13. Special Sense Defect</strong></p>

<p>&nbsp;Eye&nbsp; &nbsp; &nbsp; &nbsp; &nbsp; &nbsp; &nbsp; &nbsp; &nbsp; &nbsp; &nbsp; &nbsp; &nbsp; &nbsp; &nbsp; &nbsp; &nbsp; Nose&nbsp; &nbsp; &nbsp; &nbsp; &nbsp; &nbsp; &nbsp; &nbsp; &nbsp; &nbsp; &nbsp; &nbsp; &nbsp; &nbsp; &nbsp; &nbsp; &nbsp; &nbsp; &nbsp; &nbsp; &nbsp; &nbsp; &nbsp; &nbsp; &nbsp;Ear</p>

<p>&nbsp;Skin&nbsp; &nbsp; &nbsp; &nbsp; &nbsp; &nbsp; &nbsp; &nbsp; &nbsp; &nbsp; &nbsp; &nbsp; &nbsp; &nbsp; &nbsp; &nbsp; &nbsp;Tongue</p>

<p>&nbsp; If you tick any of the above specify :&nbsp;</p>

<p>&nbsp;</p>

<p><strong>14. Family History</strong></p>

<p>* i. History of mental illness in the family&nbsp;</p>

<p>&nbsp;Yes&nbsp; &nbsp; &nbsp; &nbsp; &nbsp; &nbsp; &nbsp; &nbsp; &nbsp; &nbsp; &nbsp; &nbsp; &nbsp; &nbsp; &nbsp; &nbsp; &nbsp; &nbsp; &nbsp; &nbsp; &nbsp; &nbsp; &nbsp; &nbsp; &nbsp; No</p>

<p>&nbsp; If yes, specify:</p>

<p>* ii. Family Setting</p>

<p>&nbsp;Monogamous&nbsp; &nbsp; &nbsp; &nbsp; &nbsp; &nbsp; &nbsp; &nbsp; &nbsp; &nbsp; &nbsp; &nbsp; &nbsp; &nbsp; &nbsp; &nbsp; &nbsp;Polygamous&nbsp; &nbsp; &nbsp; &nbsp; &nbsp; &nbsp; &nbsp; &nbsp; &nbsp; &nbsp; &nbsp; &nbsp; &nbsp; &nbsp; &nbsp; Adopted</p>

<p>&nbsp; If yes, specify:</p>

<p>* iii. Position of patient</p>

<p>Specify:</p>

<p>* iv. Relationship of patient with siblings</p>

<p>&nbsp;</p>

<p>&nbsp;Cordial&nbsp; &nbsp; &nbsp; &nbsp; &nbsp; &nbsp; &nbsp; &nbsp; &nbsp; &nbsp; &nbsp; &nbsp; &nbsp; &nbsp; &nbsp; &nbsp; &nbsp; &nbsp; &nbsp; &nbsp;Not cordial</p>

<p><strong>15. Social History</strong></p>

<p>Psychoactive Substance Use</p>

<p>&nbsp;Yes&nbsp; &nbsp; &nbsp; &nbsp; &nbsp; &nbsp; &nbsp; &nbsp; &nbsp; &nbsp; &nbsp; &nbsp; &nbsp; &nbsp; &nbsp; &nbsp; &nbsp; &nbsp; &nbsp; &nbsp; &nbsp; &nbsp; No</p>

<p>&nbsp; If yes, specify:</p>

<p>Partying/Clubbing</p>

<p>&nbsp;Yes&nbsp; &nbsp; &nbsp; &nbsp; &nbsp; &nbsp; &nbsp; &nbsp; &nbsp; &nbsp; &nbsp; &nbsp; &nbsp; &nbsp; &nbsp; &nbsp; &nbsp; &nbsp; &nbsp; &nbsp; &nbsp; &nbsp;No</p>

<p>&nbsp;</p>

<p><strong>16. Marital&nbsp; History</strong></p>

<p>&nbsp; Married&nbsp; &nbsp; &nbsp; &nbsp; &nbsp; &nbsp; &nbsp; &nbsp; &nbsp; &nbsp; &nbsp; &nbsp; &nbsp; &nbsp; &nbsp; &nbsp; &nbsp; &nbsp; Separated&nbsp; &nbsp; &nbsp; &nbsp; &nbsp; &nbsp; &nbsp; &nbsp; &nbsp; &nbsp; &nbsp; &nbsp; &nbsp; &nbsp; &nbsp; &nbsp; &nbsp;Divorced&nbsp;</p>

<p>&nbsp; Divorced&nbsp; &nbsp; &nbsp; &nbsp; &nbsp; &nbsp; &nbsp; &nbsp; &nbsp; &nbsp; &nbsp; &nbsp; &nbsp; &nbsp; &nbsp; &nbsp; &nbsp; Widow&nbsp; &nbsp; &nbsp; &nbsp; &nbsp; &nbsp; &nbsp; &nbsp; &nbsp; &nbsp; &nbsp; &nbsp; &nbsp; &nbsp; &nbsp; &nbsp; &nbsp; &nbsp; &nbsp; &nbsp; Single</p>

<p>&nbsp; Widower</p>

<p>&nbsp;</p>

<p><strong>17. Education</strong></p>

<p>&nbsp;Primary&nbsp; &nbsp; &nbsp; &nbsp; &nbsp; &nbsp; &nbsp; &nbsp; &nbsp; &nbsp; &nbsp; &nbsp; &nbsp; &nbsp; &nbsp; &nbsp; &nbsp; &nbsp; Secondary&nbsp; &nbsp; &nbsp; &nbsp; &nbsp; &nbsp; &nbsp; &nbsp; &nbsp; &nbsp; &nbsp; &nbsp; &nbsp; &nbsp; &nbsp; &nbsp; &nbsp; &nbsp; &nbsp;Tertiary</p>

<p>&nbsp; None of the above</p>

<p><strong>&nbsp;18. Values/Belief</strong></p>

<p>&nbsp;Christian&nbsp; &nbsp; &nbsp; &nbsp; &nbsp; &nbsp; &nbsp; &nbsp; &nbsp; &nbsp; &nbsp; &nbsp; &nbsp; &nbsp; &nbsp; &nbsp; &nbsp; &nbsp;Muslim&nbsp; &nbsp; &nbsp; &nbsp; &nbsp; &nbsp; &nbsp; &nbsp; &nbsp; &nbsp; &nbsp; &nbsp; &nbsp; &nbsp; &nbsp; &nbsp; &nbsp; &nbsp; &nbsp; &nbsp; &nbsp; &nbsp;Traditional</p>

<p>&nbsp; Others, specify:</p>

<p>&nbsp;</p>

<p><strong>19. Occupation</strong></p>

<p>&nbsp;Employed&nbsp; &nbsp; &nbsp; &nbsp; &nbsp; &nbsp; &nbsp; &nbsp; &nbsp; &nbsp; &nbsp; &nbsp; &nbsp; Unemployed</p>

<p>&nbsp; If employed, specify:</p>

<p>20. Physical Examination</p>

<p>&nbsp; &nbsp; &nbsp; Vital Signs</p>

<p>&nbsp; &nbsp; &nbsp;Temperature.&nbsp; &nbsp; &nbsp; &nbsp; &nbsp; &nbsp; &nbsp; &nbsp; &nbsp; Pulse.&nbsp; &nbsp; &nbsp; &nbsp; &nbsp; &nbsp; &nbsp; &nbsp; &nbsp; &nbsp; &nbsp; &nbsp; &nbsp; &nbsp; &nbsp; &nbsp; &nbsp; &nbsp; &nbsp; Height</p>

<p>&nbsp; &nbsp; &nbsp;Blood Pressure.&nbsp; &nbsp; &nbsp; &nbsp; &nbsp; &nbsp; Weight&nbsp; &nbsp; &nbsp; &nbsp;&nbsp;</p>

<p><strong>21. Forensic History</strong></p>

<p>&nbsp;Yes&nbsp; &nbsp; &nbsp; &nbsp; &nbsp; &nbsp; &nbsp; &nbsp; &nbsp; &nbsp; &nbsp; &nbsp; &nbsp; &nbsp; &nbsp; &nbsp; &nbsp; &nbsp; &nbsp;No</p>

<p>&nbsp;Police&nbsp; &nbsp; &nbsp; &nbsp; &nbsp; &nbsp; &nbsp; &nbsp; &nbsp; &nbsp; &nbsp; &nbsp; &nbsp; &nbsp; &nbsp; &nbsp; &nbsp;NDLEA&nbsp; &nbsp; &nbsp; &nbsp; &nbsp; &nbsp; &nbsp; &nbsp; &nbsp; &nbsp; &nbsp; &nbsp; &nbsp; &nbsp; &nbsp; &nbsp; &nbsp; &nbsp; &nbsp; &nbsp; &nbsp; &nbsp; &nbsp;Soldier</p>

<p>&nbsp; If yes, specify:</p>

<p>&nbsp;</p>

<p>22.<strong> Menstrual History</strong></p>

<p>&nbsp;Not applicable&nbsp; &nbsp; &nbsp; &nbsp; &nbsp; &nbsp; &nbsp; &nbsp; &nbsp; Last Menstrual Period&nbsp; &nbsp; &nbsp; &nbsp; &nbsp; &nbsp; &nbsp; &nbsp; &nbsp; &nbsp; &nbsp; &nbsp; &nbsp;Menarche &nbsp;</p>

<p>&nbsp; Menopause&nbsp; &nbsp; &nbsp; &nbsp; &nbsp; &nbsp; &nbsp; &nbsp; &nbsp; &nbsp; &nbsp;Abnormal</p>

<p>&nbsp; Any abnormalities, specify:</p>

<p>&nbsp;</p>

<p><strong>23. Nursing Diagnosis:</strong></p>

<p>&nbsp;</p>

<p><strong>24. Attending Nurse</strong></p>

<p>Name: &nbsp;</p>

<p>Rank:</p>

<p>Date:&nbsp;</p>

<p>&nbsp;</p>
",NUR-ADMISSION FORMAT FORMAT FOR SEIZURE (FULL HISTORY),CLINICAL NOTE
1725,"<p><strong>CONSULTANT</strong>;&nbsp; &nbsp; &nbsp; &nbsp; &nbsp; &nbsp; &nbsp; &nbsp; &nbsp; &nbsp; &nbsp; &nbsp; &nbsp; &nbsp; &nbsp; &nbsp; &nbsp; &nbsp; &nbsp; &nbsp; &nbsp; &nbsp; &nbsp; &nbsp; &nbsp; &nbsp; &nbsp; &nbsp; Medical diagnosis;</p>

<p>Date of admission;&nbsp; &nbsp; &nbsp; &nbsp; &nbsp; &nbsp; &nbsp; &nbsp; &nbsp; &nbsp; &nbsp; &nbsp; &nbsp; &nbsp; &nbsp; &nbsp; &nbsp; &nbsp; &nbsp; &nbsp; &nbsp; &nbsp; &nbsp; &nbsp; &nbsp; &nbsp; &nbsp; &nbsp; &nbsp; Allergies;&nbsp; &nbsp; &nbsp; &nbsp; &nbsp; &nbsp; &nbsp; &nbsp; &nbsp; &nbsp; &nbsp; &nbsp; &nbsp; &nbsp;&nbsp;</p>

<p>Immunisations B.C.G&nbsp; &nbsp; &nbsp; &nbsp; &nbsp; &nbsp; &nbsp; &nbsp; &nbsp; &nbsp; &nbsp; &nbsp; &nbsp; &nbsp; &nbsp; &nbsp; &nbsp; &nbsp; &nbsp; &nbsp; &nbsp; &nbsp; &nbsp;Poliomyelitis&nbsp; &nbsp; &nbsp; &nbsp; &nbsp; &nbsp; &nbsp; &nbsp; &nbsp; &nbsp; &nbsp; &nbsp; &nbsp; &nbsp; &nbsp; &nbsp; &nbsp; &nbsp; &nbsp; &nbsp; &nbsp; &nbsp; &nbsp; &nbsp; &nbsp; &nbsp; &nbsp; &nbsp; &nbsp; &nbsp; &nbsp; &nbsp; &nbsp; &nbsp; &nbsp; &nbsp; &nbsp; &nbsp; Tetanus&nbsp; &nbsp; &nbsp; &nbsp; &nbsp; &nbsp; &nbsp; &nbsp; &nbsp; &nbsp; &nbsp; &nbsp;</p>

<p>&nbsp; &nbsp; &nbsp; &nbsp; &nbsp; &nbsp; &nbsp; &nbsp; &nbsp; &nbsp; &nbsp; &nbsp; &nbsp; &nbsp; &nbsp; &nbsp; &nbsp; &nbsp; &nbsp; Diphtheria&nbsp; &nbsp; &nbsp; &nbsp; &nbsp; &nbsp; &nbsp; &nbsp; &nbsp; &nbsp; &nbsp; &nbsp; &nbsp; &nbsp; &nbsp; &nbsp; &nbsp;meales&nbsp; &nbsp; &nbsp; &nbsp; &nbsp; &nbsp; &nbsp; &nbsp; &nbsp; &nbsp; &nbsp; &nbsp; &nbsp; &nbsp; &nbsp; &nbsp; &nbsp; &nbsp; Other</p>

<p><strong>&nbsp; &nbsp; &nbsp; &nbsp; &nbsp; &nbsp; &nbsp; &nbsp; &nbsp; &nbsp; &nbsp; &nbsp; &nbsp; &nbsp; &nbsp; &nbsp; &nbsp; &nbsp; &nbsp; &nbsp; &nbsp; &nbsp; &nbsp; &nbsp; &nbsp; &nbsp; &nbsp; &nbsp; &nbsp; &nbsp; NURSING HISTORY</strong></p>

<p>State of Health&nbsp; &nbsp; &nbsp; &nbsp; &nbsp; &nbsp; &nbsp; &nbsp; &nbsp; &nbsp; &nbsp; &nbsp; &nbsp; &nbsp; &nbsp; &nbsp; &nbsp; &nbsp; &nbsp; &nbsp; &nbsp; &nbsp; &nbsp; &nbsp; &nbsp; &nbsp; &nbsp; &nbsp; &nbsp; &nbsp; &nbsp; &nbsp; &nbsp; &nbsp; &nbsp; &nbsp; &nbsp; &nbsp; &nbsp; &nbsp; &nbsp; &nbsp; &nbsp; &nbsp; &nbsp; &nbsp; &nbsp; &nbsp; &nbsp; &nbsp; &nbsp; &nbsp; &nbsp; &nbsp; &nbsp; &nbsp; &nbsp; &nbsp; &nbsp; &nbsp; &nbsp; &nbsp;Informant</p>

<p>Past;</p>

<p>Nutrition;</p>

<p>Elimination;</p>

<p>Activity/exercise;</p>

<p>Sleep and rest;</p>

<p>Cummunication /special sense;</p>

<p>Feeling about self/image;</p>

<p>Family social/relationship;</p>

<p>Sexualty/reprodution;</p>

<p>Coping with stress;</p>

<p>Value and beliefs;</p>

<p>Other information i.e [habit]</p>

<p>VALUABLE</p>

<p>&nbsp; &nbsp; &nbsp; &nbsp; &nbsp; &nbsp; &nbsp; &nbsp; &nbsp; &nbsp; &nbsp; &nbsp; &nbsp; &nbsp; &nbsp; &nbsp; &nbsp; &nbsp; &nbsp; &nbsp; &nbsp; &nbsp; &nbsp; &nbsp; &nbsp; &nbsp; &nbsp; &nbsp; &nbsp; &nbsp; &nbsp; &nbsp; &nbsp; <strong>EXAMINATION</strong></p>

<p>Tempreture;&nbsp; &nbsp; &nbsp; &nbsp; &nbsp; &nbsp; &nbsp; &nbsp; &nbsp; &nbsp; &nbsp; &nbsp; &nbsp; &nbsp; Pulse;&nbsp; &nbsp; &nbsp; &nbsp; &nbsp; &nbsp; &nbsp; &nbsp; &nbsp; &nbsp; &nbsp; &nbsp; &nbsp; &nbsp; &nbsp; &nbsp; &nbsp; &nbsp; Respiration;</p>

<p>Blood pressure;&nbsp; &nbsp; &nbsp; &nbsp; &nbsp; &nbsp; &nbsp; &nbsp; &nbsp; &nbsp; &nbsp; &nbsp; &nbsp; &nbsp; &nbsp; &nbsp;Apex beat;&nbsp; &nbsp; &nbsp; &nbsp; &nbsp; &nbsp; &nbsp; &nbsp; &nbsp; &nbsp; &nbsp; &nbsp; &nbsp; &nbsp; &nbsp; &nbsp; &nbsp; &nbsp;&nbsp;</p>

<p>Height;&nbsp; &nbsp; &nbsp; &nbsp; &nbsp; &nbsp; &nbsp; &nbsp; &nbsp; &nbsp; &nbsp; &nbsp; &nbsp; &nbsp; &nbsp; &nbsp; &nbsp; Weight;&nbsp; &nbsp; &nbsp; &nbsp; &nbsp; &nbsp; &nbsp; &nbsp; &nbsp; &nbsp; &nbsp; &nbsp; &nbsp; &nbsp; &nbsp; &nbsp; &nbsp; &nbsp; &nbsp; &nbsp; &nbsp; &nbsp; &nbsp; &nbsp;&nbsp;</p>

<p>URINALYSIS</p>

<p>General Inspection;[head -toe];</p>

<p>Palpation</p>

<p>Percussion;</p>

<p>Auscultation;</p>

<p>Laboratory result;</p>

<p>Nursuring diagnoses</p>

<p>&nbsp;</p>

<p>&nbsp; &nbsp; &nbsp; &nbsp; &nbsp; &nbsp; &nbsp; &nbsp; &nbsp; &nbsp; &nbsp; &nbsp; &nbsp; &nbsp; &nbsp; &nbsp; &nbsp; &nbsp; &nbsp; &nbsp; &nbsp; &nbsp; &nbsp; &nbsp; &nbsp; &nbsp; &nbsp; &nbsp; &nbsp; &nbsp; &nbsp; &nbsp; &nbsp; &nbsp; &nbsp; &nbsp; &nbsp; &nbsp; &nbsp; &nbsp; &nbsp; &nbsp; &nbsp; &nbsp; &nbsp; &nbsp; &nbsp; &nbsp; &nbsp; &nbsp; &nbsp; &nbsp; &nbsp; &nbsp; &nbsp; &nbsp; &nbsp; &nbsp; &nbsp; &nbsp; &nbsp; &nbsp; &nbsp; &nbsp; &nbsp; &nbsp; &nbsp; &nbsp; &nbsp; &nbsp; &nbsp; &nbsp; &nbsp; &nbsp; &nbsp; &nbsp; &nbsp; &nbsp; &nbsp; &nbsp; &nbsp; &nbsp; &nbsp; &nbsp; &nbsp;Name of nurse;</p>

<p>&nbsp; &nbsp; &nbsp; &nbsp; &nbsp; &nbsp; &nbsp; &nbsp; &nbsp; &nbsp; &nbsp; &nbsp; &nbsp; &nbsp; &nbsp; &nbsp; &nbsp; &nbsp; &nbsp; &nbsp; &nbsp; &nbsp; &nbsp; &nbsp; &nbsp; &nbsp; &nbsp; &nbsp; &nbsp; &nbsp; &nbsp; &nbsp; &nbsp; &nbsp; &nbsp; &nbsp; &nbsp; &nbsp; &nbsp; &nbsp; &nbsp; &nbsp; &nbsp; &nbsp; &nbsp; &nbsp; &nbsp; &nbsp; &nbsp; &nbsp; &nbsp; &nbsp; &nbsp; &nbsp; &nbsp; &nbsp; &nbsp; &nbsp; &nbsp; &nbsp; &nbsp; &nbsp; &nbsp; &nbsp; &nbsp; &nbsp; &nbsp; &nbsp; &nbsp; &nbsp; &nbsp; &nbsp; &nbsp; &nbsp; &nbsp; &nbsp; &nbsp; &nbsp; &nbsp; &nbsp; &nbsp; &nbsp; &nbsp; &nbsp; &nbsp;Date;</p>
",,
1726,"<p>Consultant&nbsp; &nbsp; &nbsp; &nbsp; &nbsp; &nbsp; &nbsp; &nbsp; &nbsp; &nbsp; &nbsp; &nbsp; &nbsp; &nbsp; &nbsp; &nbsp; &nbsp; &nbsp; &nbsp; &nbsp; &nbsp; &nbsp; &nbsp; &nbsp; &nbsp; &nbsp; &nbsp; &nbsp; &nbsp; &nbsp; &nbsp; &nbsp; &nbsp; &nbsp; &nbsp; &nbsp; &nbsp; &nbsp; &nbsp; Medical diagnosis;&nbsp; &nbsp; &nbsp; &nbsp; &nbsp; &nbsp;</p>

<p>Date of Admission;&nbsp; &nbsp; &nbsp; &nbsp; &nbsp; &nbsp; &nbsp; &nbsp; &nbsp; &nbsp; &nbsp; &nbsp; &nbsp; &nbsp; &nbsp; &nbsp; &nbsp; &nbsp; &nbsp; &nbsp; &nbsp; &nbsp; &nbsp; &nbsp; &nbsp; &nbsp; &nbsp; &nbsp; &nbsp; &nbsp; &nbsp; &nbsp;Allergies;&nbsp; &nbsp; &nbsp; &nbsp; &nbsp; &nbsp; &nbsp; &nbsp; &nbsp; &nbsp; &nbsp; &nbsp; &nbsp; &nbsp; &nbsp; &nbsp; &nbsp; &nbsp; &nbsp; &nbsp; &nbsp; &nbsp; &nbsp;&nbsp;</p>

<p>Immunisations; B.C.G&nbsp; &nbsp; &nbsp; &nbsp; &nbsp; &nbsp; &nbsp; &nbsp; &nbsp; &nbsp; &nbsp; &nbsp; &nbsp; &nbsp; &nbsp; &nbsp; &nbsp; &nbsp; &nbsp; &nbsp; &nbsp; &nbsp; &nbsp; &nbsp; &nbsp; &nbsp; &nbsp; &nbsp; &nbsp; Poliomyelitis&nbsp; &nbsp; &nbsp; &nbsp; &nbsp; &nbsp; &nbsp; &nbsp; &nbsp; &nbsp; &nbsp; &nbsp; &nbsp; &nbsp; &nbsp; &nbsp; &nbsp; &nbsp; &nbsp; &nbsp; &nbsp; &nbsp; &nbsp;Tetanus;</p>

<p>&nbsp; &nbsp; &nbsp; &nbsp; &nbsp; &nbsp; &nbsp; &nbsp; &nbsp; &nbsp; &nbsp; &nbsp; &nbsp; &nbsp; &nbsp; &nbsp; &nbsp; &nbsp;Diphtheria&nbsp; &nbsp; &nbsp; &nbsp; &nbsp; &nbsp; &nbsp; &nbsp; &nbsp; &nbsp; &nbsp; &nbsp; &nbsp; &nbsp; &nbsp; &nbsp; &nbsp; &nbsp; &nbsp; &nbsp; &nbsp; &nbsp; Meansis&nbsp; &nbsp; &nbsp; &nbsp; &nbsp; &nbsp; &nbsp; &nbsp; &nbsp; &nbsp; &nbsp; &nbsp; &nbsp; &nbsp; &nbsp; &nbsp; Others</p>

<p>L.M.P;&nbsp; &nbsp; &nbsp; &nbsp; &nbsp; &nbsp; &nbsp; &nbsp; &nbsp; &nbsp; &nbsp; &nbsp; &nbsp; &nbsp; &nbsp; &nbsp; &nbsp; &nbsp; &nbsp; &nbsp; &nbsp; &nbsp; &nbsp; &nbsp; &nbsp; &nbsp; &nbsp; &nbsp; &nbsp; &nbsp; &nbsp; &nbsp; &nbsp; &nbsp; &nbsp; &nbsp; &nbsp; &nbsp; &nbsp; &nbsp; &nbsp; &nbsp; &nbsp; E.E.D&nbsp; &nbsp; &nbsp; &nbsp; &nbsp; &nbsp; &nbsp; &nbsp; &nbsp; &nbsp; &nbsp; &nbsp; &nbsp; &nbsp; &nbsp; &nbsp; &nbsp; &nbsp; &nbsp;&nbsp;</p>

<p>Date of discharge;</p>

<p>&nbsp; &nbsp; &nbsp; &nbsp; &nbsp; &nbsp; &nbsp; &nbsp; &nbsp; &nbsp; &nbsp; &nbsp; &nbsp; &nbsp; &nbsp; &nbsp; &nbsp; &nbsp; &nbsp; &nbsp; &nbsp; &nbsp; &nbsp; &nbsp; &nbsp; &nbsp; &nbsp; &nbsp; &nbsp; &nbsp; NURSING HISTORY</p>

<p>State of Health&nbsp; &nbsp; &nbsp; &nbsp; &nbsp; &nbsp; &nbsp; &nbsp; &nbsp; &nbsp; &nbsp; &nbsp; &nbsp; &nbsp; &nbsp; &nbsp; &nbsp; &nbsp; &nbsp; &nbsp; &nbsp; &nbsp; &nbsp; &nbsp; &nbsp; &nbsp; &nbsp; &nbsp; &nbsp; &nbsp; &nbsp; &nbsp; &nbsp; &nbsp; &nbsp; &nbsp; &nbsp; &nbsp; &nbsp; &nbsp; Informant;&nbsp; &nbsp; &nbsp; &nbsp; &nbsp; &nbsp; &nbsp; &nbsp; &nbsp; &nbsp; &nbsp; &nbsp; &nbsp; &nbsp; &nbsp; &nbsp; &nbsp; &nbsp;&nbsp;</p>

<p>PRESENT;</p>

<p>PAST;</p>

<p>Nutrition;</p>

<p>Elimination;</p>

<p>Activity/Exercise;</p>

<p>Sleeping and Rest;</p>

<p>Communication/ Special sense;</p>

<p>Feeling about self/Image;</p>

<p>Family social/ Relationship;</p>

<p>Sexuality Reprodution;</p>

<p>Coping with Stress;;</p>

<p>Value and Belief;</p>

<p>Other Information i.e{HABIT}</p>

<p>VALUABLE</p>

<p>&nbsp; &nbsp; &nbsp; &nbsp; &nbsp; &nbsp; &nbsp; &nbsp; &nbsp; &nbsp; &nbsp; &nbsp; &nbsp; &nbsp; &nbsp; &nbsp; &nbsp; &nbsp; &nbsp; &nbsp; &nbsp; &nbsp; &nbsp; &nbsp; &nbsp; &nbsp; &nbsp; &nbsp; EXAMINATION</p>

<p>Physical Measurement;</p>

<p>Tempreture;&nbsp; &nbsp; &nbsp; &nbsp; &nbsp; &nbsp; &nbsp; &nbsp; &nbsp; &nbsp; &nbsp; &nbsp; &nbsp; &nbsp; &nbsp; &nbsp; &nbsp; &nbsp; &nbsp; &nbsp; &nbsp; &nbsp; &nbsp; &nbsp; &nbsp; &nbsp; &nbsp; &nbsp; &nbsp; &nbsp; &nbsp; &nbsp; &nbsp; &nbsp; &nbsp; &nbsp; &nbsp; &nbsp; &nbsp; &nbsp; Respiration;</p>

<p>Blood Presure;&nbsp; &nbsp; &nbsp; &nbsp; &nbsp; &nbsp; &nbsp; &nbsp; &nbsp; &nbsp; &nbsp; &nbsp; &nbsp; &nbsp; &nbsp; &nbsp; &nbsp; &nbsp; &nbsp; &nbsp; &nbsp; &nbsp; &nbsp; &nbsp; &nbsp; &nbsp; &nbsp; &nbsp; &nbsp; &nbsp; &nbsp; &nbsp;Apex Beat;&nbsp; &nbsp; &nbsp; &nbsp; &nbsp; &nbsp; &nbsp; &nbsp; &nbsp; &nbsp; &nbsp; &nbsp; &nbsp; &nbsp;&nbsp;</p>

<p>Weight;&nbsp; &nbsp; &nbsp; &nbsp; &nbsp; &nbsp; &nbsp; &nbsp; &nbsp; &nbsp; &nbsp; &nbsp; &nbsp; &nbsp; &nbsp; &nbsp; &nbsp; &nbsp; &nbsp; &nbsp; &nbsp; &nbsp; &nbsp; &nbsp; &nbsp; &nbsp; &nbsp; &nbsp; &nbsp; &nbsp; &nbsp; &nbsp; &nbsp; &nbsp; &nbsp; &nbsp; &nbsp; &nbsp; &nbsp; &nbsp; Height;&nbsp; &nbsp; &nbsp; &nbsp; &nbsp; &nbsp; &nbsp; &nbsp; &nbsp; &nbsp; &nbsp; &nbsp;&nbsp;</p>

<p>URINALYSIS;</p>

<p>General Inspection; {head -toe};</p>

<p>Palpation;</p>

<p>Percussion;</p>

<p>Auscultation;</p>

<p>Laboratory&nbsp; Result;</p>

<p>Nursing Diagnosis;</p>

<p>&nbsp;</p>

<p>&nbsp; &nbsp; &nbsp; &nbsp; &nbsp; &nbsp; &nbsp; &nbsp; &nbsp; &nbsp; &nbsp; &nbsp; &nbsp; &nbsp; &nbsp; &nbsp; &nbsp; &nbsp; &nbsp; &nbsp; &nbsp; &nbsp; &nbsp; &nbsp; &nbsp; &nbsp; &nbsp; &nbsp; &nbsp; &nbsp; &nbsp; &nbsp; &nbsp; &nbsp; &nbsp; &nbsp; &nbsp; &nbsp; &nbsp; &nbsp; &nbsp; &nbsp; &nbsp; &nbsp; &nbsp; &nbsp; &nbsp; &nbsp; &nbsp; &nbsp; &nbsp; &nbsp; &nbsp; &nbsp; &nbsp; &nbsp; &nbsp; &nbsp; &nbsp; &nbsp; &nbsp; &nbsp; &nbsp; &nbsp; &nbsp; &nbsp; &nbsp; &nbsp; &nbsp; &nbsp; &nbsp; &nbsp; &nbsp; &nbsp; &nbsp; &nbsp; &nbsp; &nbsp; &nbsp; &nbsp; &nbsp; &nbsp; &nbsp; &nbsp; &nbsp; &nbsp; &nbsp; &nbsp; &nbsp; &nbsp; &nbsp; &nbsp; &nbsp; &nbsp; &nbsp; &nbsp; &nbsp; &nbsp; &nbsp; &nbsp; &nbsp; &nbsp; &nbsp; Name of Nurse;</p>

<p>&nbsp; &nbsp; &nbsp; &nbsp; &nbsp; &nbsp; &nbsp; &nbsp; &nbsp; &nbsp; &nbsp; &nbsp; &nbsp; &nbsp; &nbsp; &nbsp; &nbsp; &nbsp; &nbsp; &nbsp; &nbsp; &nbsp; &nbsp; &nbsp; &nbsp; &nbsp; &nbsp; &nbsp; &nbsp; &nbsp; &nbsp; &nbsp; &nbsp; &nbsp; &nbsp; &nbsp; &nbsp; &nbsp; &nbsp; &nbsp; &nbsp; &nbsp; &nbsp; &nbsp; &nbsp; &nbsp; &nbsp; &nbsp; &nbsp; &nbsp; &nbsp; &nbsp; &nbsp; &nbsp; &nbsp; &nbsp; &nbsp; &nbsp; &nbsp; &nbsp; &nbsp; &nbsp; &nbsp; &nbsp; &nbsp; &nbsp; &nbsp; &nbsp; &nbsp; &nbsp; &nbsp; &nbsp; &nbsp; &nbsp; &nbsp; &nbsp; &nbsp; &nbsp; &nbsp; &nbsp; &nbsp; &nbsp; &nbsp; &nbsp; &nbsp; &nbsp; &nbsp; &nbsp; &nbsp; &nbsp; &nbsp; &nbsp; &nbsp; &nbsp; &nbsp; &nbsp; &nbsp; &nbsp; &nbsp; &nbsp; &nbsp; &nbsp; &nbsp; &nbsp;Date</p>
",NURSING PROCESS RECORD,
1727,"<p><strong>DRUG THERAPY</strong></p>

<p>&nbsp; &nbsp; &nbsp; &nbsp; &nbsp; &nbsp; &nbsp; &nbsp; &nbsp; &nbsp; &nbsp;&nbsp;</p>

<table border=""1"" cellpadding=""1"" cellspacing=""1"" style=""width:300px"">
	<tbody>
		<tr>
			<td><strong>HRS</strong></td>
			<td><strong>O&nbsp;</strong></td>
			<td><strong>1&nbsp;</strong></td>
			<td><strong>2&nbsp;</strong></td>
			<td><strong>3&nbsp;</strong></td>
			<td><strong>4&nbsp;</strong></td>
			<td><strong>5&nbsp;</strong></td>
			<td><strong>6&nbsp;</strong></td>
			<td><strong>7&nbsp;</strong></td>
			<td><strong>8&nbsp;</strong></td>
			<td><strong>9&nbsp;</strong></td>
			<td><strong>10</strong></td>
			<td><strong>11</strong></td>
			<td><strong>12</strong></td>
			<td><strong>13</strong></td>
			<td><strong>14</strong></td>
			<td><strong>15</strong></td>
			<td><strong>16</strong></td>
			<td><strong>17</strong></td>
			<td><strong>18</strong></td>
			<td><strong>19</strong></td>
			<td><strong>20</strong></td>
			<td><strong>21</strong></td>
			<td><strong>22</strong></td>
			<td><strong>23</strong></td>
			<td><strong>24</strong></td>
			<td><strong>&nbsp; TOTAT DOSE&nbsp; &nbsp;</strong></td>
		</tr>
		<tr>
			<td>&nbsp; &nbsp; &nbsp;&nbsp;&nbsp;</td>
			<td>&nbsp;</td>
			<td>&nbsp;</td>
			<td>&nbsp;</td>
			<td>&nbsp;</td>
			<td>&nbsp;</td>
			<td>&nbsp;</td>
			<td>&nbsp;</td>
			<td>&nbsp;</td>
			<td>&nbsp;</td>
			<td>&nbsp;</td>
			<td>&nbsp;</td>
			<td>&nbsp;</td>
			<td>&nbsp;</td>
			<td>&nbsp;</td>
			<td>&nbsp;</td>
			<td>&nbsp;</td>
			<td>&nbsp;</td>
			<td>&nbsp;</td>
			<td>&nbsp;</td>
			<td>&nbsp;</td>
			<td>&nbsp;</td>
			<td>&nbsp;</td>
			<td>&nbsp;</td>
			<td>&nbsp;</td>
			<td>&nbsp;</td>
			<td>&nbsp;</td>
		</tr>
		<tr>
			<td>&nbsp;</td>
			<td>&nbsp;</td>
			<td>&nbsp;</td>
			<td>&nbsp;</td>
			<td>&nbsp;</td>
			<td>&nbsp;</td>
			<td>&nbsp;</td>
			<td>&nbsp;</td>
			<td>&nbsp;</td>
			<td>&nbsp;</td>
			<td>&nbsp;</td>
			<td>&nbsp;</td>
			<td>&nbsp;</td>
			<td>&nbsp;</td>
			<td>&nbsp;</td>
			<td>&nbsp;</td>
			<td>&nbsp;</td>
			<td>&nbsp;</td>
			<td>&nbsp;</td>
			<td>&nbsp;</td>
			<td>&nbsp;</td>
			<td>&nbsp;</td>
			<td>&nbsp;</td>
			<td>&nbsp;</td>
			<td>&nbsp;</td>
			<td>&nbsp;</td>
			<td>&nbsp;</td>
		</tr>
		<tr>
			<td>&nbsp;</td>
			<td>&nbsp;</td>
			<td>&nbsp;</td>
			<td>&nbsp;</td>
			<td>&nbsp;</td>
			<td>&nbsp;</td>
			<td>&nbsp;</td>
			<td>&nbsp;</td>
			<td>&nbsp;</td>
			<td>&nbsp;</td>
			<td>&nbsp;</td>
			<td>&nbsp;</td>
			<td>&nbsp;</td>
			<td>&nbsp;</td>
			<td>&nbsp;</td>
			<td>&nbsp;</td>
			<td>&nbsp;</td>
			<td>&nbsp;</td>
			<td>&nbsp;</td>
			<td>&nbsp;</td>
			<td>&nbsp;</td>
			<td>&nbsp;</td>
			<td>&nbsp;</td>
			<td>&nbsp;</td>
			<td>&nbsp;</td>
			<td>&nbsp;</td>
			<td>&nbsp;</td>
		</tr>
		<tr>
			<td>&nbsp;</td>
			<td>&nbsp;</td>
			<td>&nbsp;</td>
			<td>&nbsp;</td>
			<td>&nbsp;</td>
			<td>&nbsp;</td>
			<td>&nbsp;</td>
			<td>&nbsp;</td>
			<td>&nbsp;</td>
			<td>&nbsp;</td>
			<td>&nbsp;</td>
			<td>&nbsp;</td>
			<td>&nbsp;</td>
			<td>&nbsp;</td>
			<td>&nbsp;</td>
			<td>&nbsp;</td>
			<td>&nbsp;</td>
			<td>&nbsp;</td>
			<td>&nbsp;</td>
			<td>&nbsp;</td>
			<td>&nbsp;</td>
			<td>&nbsp;</td>
			<td>&nbsp;</td>
			<td>&nbsp;</td>
			<td>&nbsp;</td>
			<td>&nbsp;</td>
			<td>&nbsp;</td>
		</tr>
		<tr>
			<td>&nbsp;</td>
			<td>&nbsp;</td>
			<td>&nbsp;</td>
			<td>&nbsp;</td>
			<td>&nbsp;</td>
			<td>&nbsp;</td>
			<td>&nbsp;</td>
			<td>&nbsp;</td>
			<td>&nbsp;</td>
			<td>&nbsp;</td>
			<td>&nbsp;</td>
			<td>&nbsp;</td>
			<td>&nbsp;</td>
			<td>&nbsp;</td>
			<td>&nbsp;</td>
			<td>&nbsp;</td>
			<td>&nbsp;</td>
			<td>&nbsp;</td>
			<td>&nbsp;</td>
			<td>&nbsp;</td>
			<td>&nbsp;</td>
			<td>&nbsp;</td>
			<td>&nbsp;</td>
			<td>&nbsp;</td>
			<td>&nbsp;</td>
			<td>&nbsp;</td>
			<td>&nbsp;</td>
		</tr>
		<tr>
			<td>&nbsp;</td>
			<td>&nbsp;</td>
			<td>&nbsp;</td>
			<td>&nbsp;</td>
			<td>&nbsp;</td>
			<td>&nbsp;</td>
			<td>&nbsp;</td>
			<td>&nbsp;</td>
			<td>&nbsp;</td>
			<td>&nbsp;</td>
			<td>&nbsp;</td>
			<td>&nbsp;</td>
			<td>&nbsp;</td>
			<td>&nbsp;</td>
			<td>&nbsp;</td>
			<td>&nbsp;</td>
			<td>&nbsp;</td>
			<td>&nbsp;</td>
			<td>&nbsp;</td>
			<td>&nbsp;</td>
			<td>&nbsp;</td>
			<td>&nbsp;</td>
			<td>&nbsp;</td>
			<td>&nbsp;</td>
			<td>&nbsp;</td>
			<td>&nbsp;</td>
			<td>&nbsp;</td>
		</tr>
		<tr>
			<td>&nbsp;</td>
			<td>&nbsp;</td>
			<td>&nbsp;</td>
			<td>&nbsp;</td>
			<td>&nbsp;</td>
			<td>&nbsp;</td>
			<td>&nbsp;</td>
			<td>&nbsp;</td>
			<td>&nbsp;</td>
			<td>&nbsp;</td>
			<td>&nbsp;</td>
			<td>&nbsp;</td>
			<td>&nbsp;</td>
			<td>&nbsp;</td>
			<td>&nbsp;</td>
			<td>&nbsp;</td>
			<td>&nbsp;</td>
			<td>&nbsp;</td>
			<td>&nbsp;</td>
			<td>&nbsp;</td>
			<td>&nbsp;</td>
			<td>&nbsp;</td>
			<td>&nbsp;</td>
			<td>&nbsp;</td>
			<td>&nbsp;</td>
			<td>&nbsp;</td>
			<td>&nbsp;</td>
		</tr>
		<tr>
			<td>&nbsp;</td>
			<td>&nbsp;</td>
			<td>&nbsp;</td>
			<td>&nbsp;</td>
			<td>&nbsp;</td>
			<td>&nbsp;</td>
			<td>&nbsp;</td>
			<td>&nbsp;</td>
			<td>&nbsp;</td>
			<td>&nbsp;</td>
			<td>&nbsp;</td>
			<td>&nbsp;</td>
			<td>&nbsp;</td>
			<td>&nbsp;</td>
			<td>&nbsp;</td>
			<td>&nbsp;</td>
			<td>&nbsp;</td>
			<td>&nbsp;</td>
			<td>&nbsp;</td>
			<td>&nbsp;</td>
			<td>&nbsp;</td>
			<td>&nbsp;</td>
			<td>&nbsp;</td>
			<td>&nbsp;</td>
			<td>&nbsp;</td>
			<td>&nbsp;</td>
			<td>&nbsp;</td>
		</tr>
		<tr>
			<td>&nbsp;</td>
			<td>&nbsp;</td>
			<td>&nbsp;</td>
			<td>&nbsp;</td>
			<td>&nbsp;</td>
			<td>&nbsp;</td>
			<td>&nbsp;</td>
			<td>&nbsp;</td>
			<td>&nbsp;</td>
			<td>&nbsp;</td>
			<td>&nbsp;</td>
			<td>&nbsp;</td>
			<td>&nbsp;</td>
			<td>&nbsp;</td>
			<td>&nbsp;</td>
			<td>&nbsp;</td>
			<td>&nbsp;</td>
			<td>&nbsp;</td>
			<td>&nbsp;</td>
			<td>&nbsp;</td>
			<td>&nbsp;</td>
			<td>&nbsp;</td>
			<td>&nbsp;</td>
			<td>&nbsp;</td>
			<td>&nbsp;</td>
			<td>&nbsp;</td>
			<td>&nbsp;</td>
		</tr>
		<tr>
			<td>&nbsp;</td>
			<td>&nbsp;</td>
			<td>&nbsp;</td>
			<td>&nbsp;</td>
			<td>&nbsp;</td>
			<td>&nbsp;</td>
			<td>&nbsp;</td>
			<td>&nbsp;</td>
			<td>&nbsp;</td>
			<td>&nbsp;</td>
			<td>&nbsp;</td>
			<td>&nbsp;</td>
			<td>&nbsp;</td>
			<td>&nbsp;</td>
			<td>&nbsp;</td>
			<td>&nbsp;</td>
			<td>&nbsp;</td>
			<td>&nbsp;</td>
			<td>&nbsp;</td>
			<td>&nbsp;</td>
			<td>&nbsp;</td>
			<td>&nbsp;</td>
			<td>&nbsp;</td>
			<td>&nbsp;</td>
			<td>&nbsp;</td>
			<td>&nbsp;</td>
			<td>&nbsp;</td>
		</tr>
		<tr>
			<td>&nbsp;</td>
			<td>&nbsp;</td>
			<td>&nbsp;</td>
			<td>&nbsp;</td>
			<td>&nbsp;</td>
			<td>&nbsp;</td>
			<td>&nbsp;</td>
			<td>&nbsp;</td>
			<td>&nbsp;</td>
			<td>&nbsp;</td>
			<td>&nbsp;</td>
			<td>&nbsp;</td>
			<td>&nbsp;</td>
			<td>&nbsp;</td>
			<td>&nbsp;</td>
			<td>&nbsp;</td>
			<td>&nbsp;</td>
			<td>&nbsp;</td>
			<td>&nbsp;</td>
			<td>&nbsp;</td>
			<td>&nbsp;</td>
			<td>&nbsp;</td>
			<td>&nbsp;</td>
			<td>&nbsp;</td>
			<td>&nbsp;</td>
			<td>&nbsp;</td>
			<td>&nbsp;</td>
		</tr>
		<tr>
			<td>&nbsp;</td>
			<td>&nbsp;</td>
			<td>&nbsp;</td>
			<td>&nbsp;</td>
			<td>&nbsp;</td>
			<td>&nbsp;</td>
			<td>&nbsp;</td>
			<td>&nbsp;</td>
			<td>&nbsp;</td>
			<td>&nbsp;</td>
			<td>&nbsp;</td>
			<td>&nbsp;</td>
			<td>&nbsp;</td>
			<td>&nbsp;</td>
			<td>&nbsp;</td>
			<td>&nbsp;</td>
			<td>&nbsp;</td>
			<td>&nbsp;</td>
			<td>&nbsp;</td>
			<td>&nbsp;</td>
			<td>&nbsp;</td>
			<td>&nbsp;</td>
			<td>&nbsp;</td>
			<td>&nbsp;</td>
			<td>&nbsp;</td>
			<td>&nbsp;</td>
			<td>&nbsp;</td>
		</tr>
		<tr>
			<td>&nbsp;</td>
			<td>&nbsp;</td>
			<td>&nbsp;</td>
			<td>&nbsp;</td>
			<td>&nbsp;</td>
			<td>&nbsp;</td>
			<td>&nbsp;</td>
			<td>&nbsp;</td>
			<td>&nbsp;</td>
			<td>&nbsp;</td>
			<td>&nbsp;</td>
			<td>&nbsp;</td>
			<td>&nbsp;</td>
			<td>&nbsp;</td>
			<td>&nbsp;</td>
			<td>&nbsp;</td>
			<td>&nbsp;</td>
			<td>&nbsp;</td>
			<td>&nbsp;</td>
			<td>&nbsp;</td>
			<td>&nbsp;</td>
			<td>&nbsp;</td>
			<td>&nbsp;</td>
			<td>&nbsp;</td>
			<td>&nbsp;</td>
			<td>&nbsp;</td>
			<td>&nbsp;</td>
		</tr>
	</tbody>
</table>

<p><strong>NURSING CARE</strong></p>

<table border=""1"" cellpadding=""1"" cellspacing=""1"" style=""width:300px"">
	<tbody>
		<tr>
			<td>&nbsp;</td>
			<td>0&nbsp;&nbsp;</td>
			<td>1&nbsp;</td>
			<td>2&nbsp;</td>
			<td>3&nbsp;</td>
			<td>4&nbsp;</td>
			<td>5&nbsp;</td>
			<td>6&nbsp;</td>
			<td>7&nbsp;</td>
			<td>8&nbsp;</td>
			<td>9&nbsp;</td>
			<td>10</td>
			<td>11</td>
			<td>12</td>
			<td>13</td>
			<td>14</td>
			<td>15</td>
			<td>16</td>
			<td>17</td>
			<td>18</td>
			<td>19</td>
			<td>20</td>
			<td>21</td>
			<td>22</td>
			<td>23</td>
			<td>24</td>
			<td>&nbsp;TOTAL DOSE&nbsp;&nbsp;</td>
		</tr>
		<tr>
			<td><strong>TEPID SPONGING</strong></td>
			<td>&nbsp;</td>
			<td>&nbsp;</td>
			<td>&nbsp;</td>
			<td>&nbsp;</td>
			<td>&nbsp;</td>
			<td>&nbsp;</td>
			<td>&nbsp;</td>
			<td>&nbsp;</td>
			<td>&nbsp;</td>
			<td>&nbsp;</td>
			<td>&nbsp;</td>
			<td>&nbsp;</td>
			<td>&nbsp;</td>
			<td>&nbsp;</td>
			<td>&nbsp;</td>
			<td>&nbsp;</td>
			<td>&nbsp;</td>
			<td>&nbsp;</td>
			<td>&nbsp;</td>
			<td>&nbsp;</td>
			<td>&nbsp;</td>
			<td>&nbsp;</td>
			<td>&nbsp;</td>
			<td>&nbsp;</td>
			<td>&nbsp;</td>
			<td>&nbsp;</td>
		</tr>
		<tr>
			<td><strong>HYPER INFALT</strong></td>
			<td>&nbsp;</td>
			<td>&nbsp;</td>
			<td>&nbsp;</td>
			<td>&nbsp;</td>
			<td>&nbsp;</td>
			<td>&nbsp;</td>
			<td>&nbsp;</td>
			<td>&nbsp;</td>
			<td>&nbsp;</td>
			<td>&nbsp;</td>
			<td>&nbsp;</td>
			<td>&nbsp;</td>
			<td>&nbsp;</td>
			<td>&nbsp;</td>
			<td>&nbsp;</td>
			<td>&nbsp;</td>
			<td>&nbsp;</td>
			<td>&nbsp;</td>
			<td>&nbsp;</td>
			<td>&nbsp;</td>
			<td>&nbsp;</td>
			<td>&nbsp;</td>
			<td>&nbsp;</td>
			<td>&nbsp;</td>
			<td>&nbsp;</td>
			<td>&nbsp;</td>
		</tr>
		<tr>
			<td><strong>TRACH SUCT</strong></td>
			<td>&nbsp;</td>
			<td>&nbsp;</td>
			<td>&nbsp;</td>
			<td>&nbsp;</td>
			<td>&nbsp;</td>
			<td>&nbsp;</td>
			<td>&nbsp;</td>
			<td>&nbsp;</td>
			<td>&nbsp;</td>
			<td>&nbsp;</td>
			<td>&nbsp;</td>
			<td>&nbsp;</td>
			<td>&nbsp;</td>
			<td>&nbsp;</td>
			<td>&nbsp;</td>
			<td>&nbsp;</td>
			<td>&nbsp;</td>
			<td>&nbsp;</td>
			<td>&nbsp;</td>
			<td>&nbsp;</td>
			<td>&nbsp;</td>
			<td>&nbsp;</td>
			<td>&nbsp;</td>
			<td>&nbsp;</td>
			<td>&nbsp;</td>
			<td>&nbsp;</td>
		</tr>
		<tr>
			<td><strong>TURNING</strong></td>
			<td>&nbsp;</td>
			<td>&nbsp;</td>
			<td>&nbsp;</td>
			<td>&nbsp;</td>
			<td>&nbsp;</td>
			<td>&nbsp;</td>
			<td>&nbsp;</td>
			<td>&nbsp;</td>
			<td>&nbsp;</td>
			<td>&nbsp;</td>
			<td>&nbsp;</td>
			<td>&nbsp;</td>
			<td>&nbsp;</td>
			<td>&nbsp;</td>
			<td>&nbsp;</td>
			<td>&nbsp;</td>
			<td>&nbsp;</td>
			<td>&nbsp;</td>
			<td>&nbsp;</td>
			<td>&nbsp;</td>
			<td>&nbsp;</td>
			<td>&nbsp;</td>
			<td>&nbsp;</td>
			<td>&nbsp;</td>
			<td>&nbsp;</td>
			<td>&nbsp;</td>
		</tr>
		<tr>
			<td><strong>LIMB MVTS</strong></td>
			<td>&nbsp;</td>
			<td>&nbsp;</td>
			<td>&nbsp;</td>
			<td>&nbsp;</td>
			<td>&nbsp;</td>
			<td>&nbsp;</td>
			<td>&nbsp;</td>
			<td>&nbsp;</td>
			<td>&nbsp;</td>
			<td>&nbsp;</td>
			<td>&nbsp;</td>
			<td>&nbsp;</td>
			<td>&nbsp;</td>
			<td>&nbsp;</td>
			<td>&nbsp;</td>
			<td>&nbsp;</td>
			<td>&nbsp;</td>
			<td>&nbsp;</td>
			<td>&nbsp;</td>
			<td>&nbsp;</td>
			<td>&nbsp;</td>
			<td>&nbsp;</td>
			<td>&nbsp;</td>
			<td>&nbsp;</td>
			<td>&nbsp;</td>
			<td>&nbsp;</td>
		</tr>
		<tr>
			<td><strong>PRESS AREAS</strong></td>
			<td>&nbsp;</td>
			<td>&nbsp;</td>
			<td>&nbsp;</td>
			<td>&nbsp;</td>
			<td>&nbsp;</td>
			<td>&nbsp;</td>
			<td>&nbsp;</td>
			<td>&nbsp;</td>
			<td>&nbsp;</td>
			<td>&nbsp;</td>
			<td>&nbsp;</td>
			<td>&nbsp;</td>
			<td>&nbsp;</td>
			<td>&nbsp;</td>
			<td>&nbsp;</td>
			<td>&nbsp;</td>
			<td>&nbsp;</td>
			<td>&nbsp;</td>
			<td>&nbsp;</td>
			<td>&nbsp;</td>
			<td>&nbsp;</td>
			<td>&nbsp;</td>
			<td>&nbsp;</td>
			<td>&nbsp;</td>
			<td>&nbsp;</td>
			<td>&nbsp;</td>
		</tr>
		<tr>
			<td><strong>ORAL TOILET</strong></td>
			<td>&nbsp;</td>
			<td>&nbsp;</td>
			<td>&nbsp;</td>
			<td>&nbsp;</td>
			<td>&nbsp;</td>
			<td>&nbsp;</td>
			<td>&nbsp;</td>
			<td>&nbsp;</td>
			<td>&nbsp;</td>
			<td>&nbsp;</td>
			<td>&nbsp;</td>
			<td>&nbsp;</td>
			<td>&nbsp;</td>
			<td>&nbsp;</td>
			<td>&nbsp;</td>
			<td>&nbsp;</td>
			<td>&nbsp;</td>
			<td>&nbsp;</td>
			<td>&nbsp;</td>
			<td>&nbsp;</td>
			<td>&nbsp;</td>
			<td>&nbsp;</td>
			<td>&nbsp;</td>
			<td>&nbsp;</td>
			<td>&nbsp;</td>
			<td>&nbsp;</td>
		</tr>
		<tr>
			<td><strong>EYE CARE</strong></td>
			<td>&nbsp;</td>
			<td>&nbsp;</td>
			<td>&nbsp;</td>
			<td>&nbsp;</td>
			<td>&nbsp;</td>
			<td>&nbsp;</td>
			<td>&nbsp;</td>
			<td>&nbsp;</td>
			<td>&nbsp;</td>
			<td>&nbsp;</td>
			<td>&nbsp;</td>
			<td>&nbsp;</td>
			<td>&nbsp;</td>
			<td>&nbsp;</td>
			<td>&nbsp;</td>
			<td>&nbsp;</td>
			<td>&nbsp;</td>
			<td>&nbsp;</td>
			<td>&nbsp;</td>
			<td>&nbsp;</td>
			<td>&nbsp;</td>
			<td>&nbsp;</td>
			<td>&nbsp;</td>
			<td>&nbsp;</td>
			<td>&nbsp;</td>
			<td>&nbsp;</td>
		</tr>
		<tr>
			<td><strong>DRESSING</strong></td>
			<td>&nbsp;</td>
			<td>&nbsp;</td>
			<td>&nbsp;</td>
			<td>&nbsp;</td>
			<td>&nbsp;</td>
			<td>&nbsp;</td>
			<td>&nbsp;</td>
			<td>&nbsp;</td>
			<td>&nbsp;</td>
			<td>&nbsp;</td>
			<td>&nbsp;</td>
			<td>&nbsp;</td>
			<td>&nbsp;</td>
			<td>&nbsp;</td>
			<td>&nbsp;</td>
			<td>&nbsp;</td>
			<td>&nbsp;</td>
			<td>&nbsp;</td>
			<td>&nbsp;</td>
			<td>&nbsp;</td>
			<td>&nbsp;</td>
			<td>&nbsp;</td>
			<td>&nbsp;</td>
			<td>&nbsp;</td>
			<td>&nbsp;</td>
			<td>&nbsp;</td>
		</tr>
		<tr>
			<td><strong>HUMIDIFIER CHECK</strong></td>
			<td>&nbsp;</td>
			<td>&nbsp;</td>
			<td>&nbsp;</td>
			<td>&nbsp;</td>
			<td>&nbsp;</td>
			<td>&nbsp;</td>
			<td>&nbsp;</td>
			<td>&nbsp;</td>
			<td>&nbsp;</td>
			<td>&nbsp;</td>
			<td>&nbsp;</td>
			<td>&nbsp;</td>
			<td>&nbsp;</td>
			<td>&nbsp;</td>
			<td>&nbsp;</td>
			<td>&nbsp;</td>
			<td>&nbsp;</td>
			<td>&nbsp;</td>
			<td>&nbsp;</td>
			<td>&nbsp;</td>
			<td>&nbsp;</td>
			<td>&nbsp;</td>
			<td>&nbsp;</td>
			<td>&nbsp;</td>
			<td>&nbsp;</td>
			<td>&nbsp;</td>
		</tr>
		<tr>
			<td><strong>BED BATH</strong></td>
			<td>&nbsp;</td>
			<td>&nbsp;</td>
			<td>&nbsp;</td>
			<td>&nbsp;</td>
			<td>&nbsp;</td>
			<td>&nbsp;</td>
			<td>&nbsp;</td>
			<td>&nbsp;</td>
			<td>&nbsp;</td>
			<td>&nbsp;</td>
			<td>&nbsp;</td>
			<td>&nbsp;</td>
			<td>&nbsp;</td>
			<td>&nbsp;</td>
			<td>&nbsp;</td>
			<td>&nbsp;</td>
			<td>&nbsp;</td>
			<td>&nbsp;</td>
			<td>&nbsp;</td>
			<td>&nbsp;</td>
			<td>&nbsp;</td>
			<td>&nbsp;</td>
			<td>&nbsp;</td>
			<td>&nbsp;</td>
			<td>&nbsp;</td>
			<td>&nbsp;</td>
		</tr>
	</tbody>
</table>

<p>&nbsp;</p>
",INTENSIVE CARE UNIT CHART,CLINICAL NOTE
1729,"<p>NEUROLOGICAL OBSERVATION&nbsp;</p>

<table border=""1"" cellpadding=""1"" cellspacing=""1"" style=""width:300px"">
	<tbody>
		<tr>
			<td colspan=""2"" rowspan=""1"" style=""text-align:right"">TIME</td>
			<td>0</td>
			<td>1</td>
			<td>2</td>
			<td>3</td>
			<td>4</td>
			<td>5</td>
			<td>6</td>
			<td>7</td>
			<td>8</td>
			<td>9</td>
			<td>10</td>
			<td>11</td>
			<td>12</td>
			<td>13</td>
			<td>14</td>
			<td>15</td>
			<td>16</td>
			<td>17</td>
			<td>18</td>
			<td>19</td>
			<td>20</td>
			<td>21</td>
			<td>22</td>
			<td>23</td>
			<td>24</td>
			<td>TOTAL SCORE</td>
		</tr>
		<tr>
			<td colspan=""1"" rowspan=""4"">EYE OPENING</td>
			<td>SPONTANEOUSLY</td>
			<td>&nbsp;</td>
			<td>&nbsp;</td>
			<td>&nbsp;</td>
			<td>&nbsp;</td>
			<td>&nbsp;</td>
			<td>&nbsp;</td>
			<td>&nbsp;</td>
			<td>&nbsp;</td>
			<td>&nbsp;</td>
			<td>&nbsp;</td>
			<td>&nbsp;</td>
			<td>&nbsp;</td>
			<td>&nbsp;</td>
			<td>&nbsp;</td>
			<td>&nbsp;</td>
			<td>&nbsp;</td>
			<td>&nbsp;</td>
			<td>&nbsp;</td>
			<td>&nbsp;</td>
			<td>&nbsp;</td>
			<td>&nbsp;</td>
			<td>&nbsp;</td>
			<td>&nbsp;</td>
			<td>&nbsp;</td>
			<td>&nbsp;</td>
			<td>&nbsp;</td>
		</tr>
		<tr>
			<td>TO PAIN</td>
			<td>&nbsp;</td>
			<td>&nbsp;</td>
			<td>&nbsp;</td>
			<td>&nbsp;</td>
			<td>&nbsp;</td>
			<td>&nbsp;</td>
			<td>&nbsp;</td>
			<td>&nbsp;</td>
			<td>&nbsp;</td>
			<td>&nbsp;</td>
			<td>&nbsp;</td>
			<td>&nbsp;</td>
			<td>&nbsp;</td>
			<td>&nbsp;</td>
			<td>&nbsp;</td>
			<td>&nbsp;</td>
			<td>&nbsp;</td>
			<td>&nbsp;</td>
			<td>&nbsp;</td>
			<td>&nbsp;</td>
			<td>&nbsp;</td>
			<td>&nbsp;</td>
			<td>&nbsp;</td>
			<td>&nbsp;</td>
			<td>&nbsp;</td>
			<td>&nbsp;</td>
		</tr>
		<tr>
			<td>NONE</td>
			<td>&nbsp;</td>
			<td>&nbsp;</td>
			<td>&nbsp;</td>
			<td>&nbsp;</td>
			<td>&nbsp;</td>
			<td>&nbsp;</td>
			<td>&nbsp;</td>
			<td>&nbsp;</td>
			<td>&nbsp;</td>
			<td>&nbsp;</td>
			<td>&nbsp;</td>
			<td>&nbsp;</td>
			<td>&nbsp;</td>
			<td>&nbsp;</td>
			<td>&nbsp;</td>
			<td>&nbsp;</td>
			<td>&nbsp;</td>
			<td>&nbsp;</td>
			<td>&nbsp;</td>
			<td>&nbsp;</td>
			<td>&nbsp;</td>
			<td>&nbsp;</td>
			<td>&nbsp;</td>
			<td>&nbsp;</td>
			<td>&nbsp;</td>
			<td>&nbsp;</td>
		</tr>
		<tr>
			<td>&nbsp;</td>
			<td>&nbsp;</td>
			<td>&nbsp;</td>
			<td>&nbsp;</td>
			<td>&nbsp;</td>
			<td>&nbsp;</td>
			<td>&nbsp;</td>
			<td>&nbsp;</td>
			<td>&nbsp;</td>
			<td>&nbsp;</td>
			<td>&nbsp;</td>
			<td>&nbsp;</td>
			<td>&nbsp;</td>
			<td>&nbsp;</td>
			<td>&nbsp;</td>
			<td>&nbsp;</td>
			<td>&nbsp;</td>
			<td>&nbsp;</td>
			<td>&nbsp;</td>
			<td>&nbsp;</td>
			<td>&nbsp;</td>
			<td>&nbsp;</td>
			<td>&nbsp;</td>
			<td>&nbsp;</td>
			<td>&nbsp;</td>
			<td>&nbsp;</td>
			<td>&nbsp;</td>
		</tr>
	</tbody>
</table>

<p>&nbsp;</p>

<table border=""1"" cellpadding=""1"" cellspacing=""1"" style=""width:300px"">
	<tbody>
		<tr>
			<td colspan=""2"" rowspan=""1"" style=""text-align:right"">TIME</td>
			<td>&nbsp;&nbsp;</td>
			<td>&nbsp;&nbsp;</td>
			<td>&nbsp;&nbsp;</td>
			<td>&nbsp;&nbsp;</td>
			<td>&nbsp;&nbsp;</td>
			<td>&nbsp;&nbsp;</td>
			<td>&nbsp;&nbsp;</td>
			<td>&nbsp;&nbsp;</td>
			<td>&nbsp;&nbsp;</td>
			<td>&nbsp;&nbsp;</td>
			<td>&nbsp;&nbsp;</td>
			<td>&nbsp;&nbsp;</td>
			<td>&nbsp;&nbsp;</td>
			<td>&nbsp;&nbsp;</td>
			<td>&nbsp;&nbsp;</td>
			<td>&nbsp;&nbsp;</td>
			<td>&nbsp;&nbsp;</td>
			<td>&nbsp;&nbsp;</td>
			<td>&nbsp;&nbsp;</td>
			<td>&nbsp;&nbsp;</td>
			<td>&nbsp;&nbsp;</td>
			<td>&nbsp;&nbsp;</td>
			<td>&nbsp;&nbsp;</td>
			<td>&nbsp;&nbsp;</td>
			<td>&nbsp;&nbsp;</td>
			<td>&nbsp;</td>
		</tr>
		<tr>
			<td colspan=""1"" rowspan=""5"">
			<p>VERBAL&nbsp;</p>

			<p>RESPONSE</p>
			</td>
			<td>ORIENTATED</td>
			<td>&nbsp;</td>
			<td>&nbsp;</td>
			<td>&nbsp;</td>
			<td>&nbsp;</td>
			<td>&nbsp;</td>
			<td>&nbsp;</td>
			<td>&nbsp;</td>
			<td>&nbsp;</td>
			<td>&nbsp;</td>
			<td>&nbsp;</td>
			<td>&nbsp;</td>
			<td>&nbsp;</td>
			<td>&nbsp;</td>
			<td>&nbsp;</td>
			<td>&nbsp;</td>
			<td>&nbsp;</td>
			<td>&nbsp;</td>
			<td>&nbsp;</td>
			<td>&nbsp;</td>
			<td>&nbsp;</td>
			<td>&nbsp;</td>
			<td>&nbsp;</td>
			<td>&nbsp;</td>
			<td>&nbsp;</td>
			<td>&nbsp;</td>
			<td>EYES CLOSED</td>
		</tr>
		<tr>
			<td>CONFUSED</td>
			<td>&nbsp;</td>
			<td>&nbsp;</td>
			<td>&nbsp;</td>
			<td>&nbsp;</td>
			<td>&nbsp;</td>
			<td>&nbsp;</td>
			<td>&nbsp;</td>
			<td>&nbsp;</td>
			<td>&nbsp;</td>
			<td>&nbsp;</td>
			<td>&nbsp;</td>
			<td>&nbsp;</td>
			<td>&nbsp;</td>
			<td>&nbsp;</td>
			<td>&nbsp;</td>
			<td>&nbsp;</td>
			<td>&nbsp;</td>
			<td>&nbsp;</td>
			<td>&nbsp;</td>
			<td>&nbsp;</td>
			<td>&nbsp;</td>
			<td>&nbsp;</td>
			<td>&nbsp;</td>
			<td>&nbsp;</td>
			<td>&nbsp;</td>
			<td>BY SWELLING</td>
		</tr>
		<tr>
			<td>INAPPRORIATE</td>
			<td>&nbsp;</td>
			<td>&nbsp;</td>
			<td>&nbsp;</td>
			<td>&nbsp;</td>
			<td>&nbsp;</td>
			<td>&nbsp;</td>
			<td>&nbsp;</td>
			<td>&nbsp;</td>
			<td>&nbsp;</td>
			<td>&nbsp;</td>
			<td>&nbsp;</td>
			<td>&nbsp;</td>
			<td>&nbsp;</td>
			<td>&nbsp;</td>
			<td>&nbsp;</td>
			<td>&nbsp;</td>
			<td>&nbsp;</td>
			<td>&nbsp;</td>
			<td>&nbsp;</td>
			<td>&nbsp;</td>
			<td>&nbsp;</td>
			<td>&nbsp;</td>
			<td>&nbsp;</td>
			<td>&nbsp;</td>
			<td>&nbsp;</td>
			<td>C</td>
		</tr>
		<tr>
			<td>INCOMPREHENSIBLE</td>
			<td>&nbsp;</td>
			<td>&nbsp;</td>
			<td>&nbsp;</td>
			<td>&nbsp;</td>
			<td>&nbsp;</td>
			<td>&nbsp;</td>
			<td>&nbsp;</td>
			<td>&nbsp;</td>
			<td>&nbsp;</td>
			<td>&nbsp;</td>
			<td>&nbsp;</td>
			<td>&nbsp;</td>
			<td>&nbsp;</td>
			<td>&nbsp;</td>
			<td>&nbsp;</td>
			<td>&nbsp;</td>
			<td>&nbsp;</td>
			<td>&nbsp;</td>
			<td>&nbsp;</td>
			<td>&nbsp;</td>
			<td>&nbsp;</td>
			<td>&nbsp;</td>
			<td>&nbsp;</td>
			<td>&nbsp;</td>
			<td>&nbsp;</td>
			<td>ENDOTRACHEAL TUBE</td>
		</tr>
		<tr>
			<td>NONE</td>
			<td>&nbsp;</td>
			<td>&nbsp;</td>
			<td>&nbsp;</td>
			<td>&nbsp;</td>
			<td>&nbsp;</td>
			<td>&nbsp;</td>
			<td>&nbsp;</td>
			<td>&nbsp;</td>
			<td>&nbsp;</td>
			<td>&nbsp;</td>
			<td>&nbsp;</td>
			<td>&nbsp;</td>
			<td>&nbsp;</td>
			<td>&nbsp;</td>
			<td>&nbsp;</td>
			<td>&nbsp;</td>
			<td>&nbsp;</td>
			<td>&nbsp;</td>
			<td>&nbsp;</td>
			<td>&nbsp;</td>
			<td>&nbsp;</td>
			<td>&nbsp;</td>
			<td>&nbsp;</td>
			<td>&nbsp;</td>
			<td>&nbsp;</td>
			<td>TRACHEOSTOMY TUBE</td>
		</tr>
	</tbody>
</table>

<p>&nbsp;</p>

<p>&nbsp;</p>

<table border=""1"" cellpadding=""1"" cellspacing=""1"" style=""width:300px"">
	<tbody>
		<tr>
			<td rowspan=""10"">MOTOR RESIDENCE</td>
			<td colspan=""1"" rowspan=""4"">LEFT</td>
			<td>OBEY COMMANS</td>
			<td>1</td>
			<td>2</td>
			<td>3</td>
			<td>4</td>
			<td>5</td>
			<td>6</td>
			<td>7</td>
			<td>8</td>
			<td>9</td>
			<td>10</td>
			<td>11</td>
			<td>12</td>
			<td>13</td>
			<td>14</td>
			<td>15</td>
			<td>16</td>
			<td>17</td>
			<td>18</td>
			<td>19</td>
			<td>20</td>
			<td>21</td>
			<td>22</td>
			<td>23</td>
			<td>24</td>
			<td>TOTAL SCORE</td>
		</tr>
		<tr>
			<td>LOCALISES PAIN</td>
			<td>&nbsp;</td>
			<td>&nbsp;</td>
			<td>&nbsp;</td>
			<td>&nbsp;</td>
			<td>&nbsp;</td>
			<td>&nbsp;</td>
			<td>&nbsp;</td>
			<td>&nbsp;</td>
			<td>&nbsp;</td>
			<td>&nbsp;</td>
			<td>&nbsp;</td>
			<td>&nbsp;</td>
			<td>&nbsp;</td>
			<td>&nbsp;</td>
			<td>&nbsp;</td>
			<td>&nbsp;</td>
			<td>&nbsp;</td>
			<td>&nbsp;</td>
			<td>&nbsp;</td>
			<td>&nbsp;</td>
			<td>&nbsp;</td>
			<td>&nbsp;</td>
			<td>&nbsp;</td>
			<td>&nbsp;</td>
			<td>&nbsp;</td>
		</tr>
		<tr>
			<td>FLEXES TO PAIN</td>
			<td>&nbsp;</td>
			<td>&nbsp;</td>
			<td>&nbsp;</td>
			<td>&nbsp;</td>
			<td>&nbsp;</td>
			<td>&nbsp;</td>
			<td>&nbsp;</td>
			<td>&nbsp;</td>
			<td>&nbsp;</td>
			<td>&nbsp;</td>
			<td>&nbsp;</td>
			<td>&nbsp;</td>
			<td>&nbsp;</td>
			<td>&nbsp;</td>
			<td>&nbsp;</td>
			<td>&nbsp;</td>
			<td>&nbsp;</td>
			<td>&nbsp;</td>
			<td>&nbsp;</td>
			<td>&nbsp;</td>
			<td>&nbsp;</td>
			<td>&nbsp;</td>
			<td>&nbsp;</td>
			<td>&nbsp;</td>
			<td>&nbsp;</td>
		</tr>
		<tr>
			<td>EXTENDS TO PAIN</td>
			<td>&nbsp;</td>
			<td>&nbsp;</td>
			<td>&nbsp;</td>
			<td>&nbsp;</td>
			<td>&nbsp;</td>
			<td>&nbsp;</td>
			<td>&nbsp;</td>
			<td>&nbsp;</td>
			<td>&nbsp;</td>
			<td>&nbsp;</td>
			<td>&nbsp;</td>
			<td>&nbsp;</td>
			<td>&nbsp;</td>
			<td>&nbsp;</td>
			<td>&nbsp;</td>
			<td>&nbsp;</td>
			<td>&nbsp;</td>
			<td>&nbsp;</td>
			<td>&nbsp;</td>
			<td>&nbsp;</td>
			<td>&nbsp;</td>
			<td>&nbsp;</td>
			<td>&nbsp;</td>
			<td>&nbsp;</td>
			<td>&nbsp;</td>
		</tr>
		<tr>
			<td>&nbsp;</td>
			<td>NONE</td>
			<td>&nbsp;</td>
			<td>&nbsp;</td>
			<td>&nbsp;</td>
			<td>&nbsp;</td>
			<td>&nbsp;</td>
			<td>&nbsp;</td>
			<td>&nbsp;</td>
			<td>&nbsp;</td>
			<td>&nbsp;</td>
			<td>&nbsp;</td>
			<td>&nbsp;</td>
			<td>&nbsp;</td>
			<td>&nbsp;</td>
			<td>&nbsp;</td>
			<td>&nbsp;</td>
			<td>&nbsp;</td>
			<td>&nbsp;</td>
			<td>&nbsp;</td>
			<td>&nbsp;</td>
			<td>&nbsp;</td>
			<td>&nbsp;</td>
			<td>&nbsp;</td>
			<td>&nbsp;</td>
			<td>&nbsp;</td>
			<td>&nbsp;</td>
		</tr>
		<tr>
			<td colspan=""1"" rowspan=""5"">RIGHT</td>
			<td>OBEY COMMANS</td>
			<td>&nbsp;</td>
			<td>&nbsp;</td>
			<td>&nbsp;</td>
			<td>&nbsp;</td>
			<td>&nbsp;</td>
			<td>&nbsp;</td>
			<td>&nbsp;</td>
			<td>&nbsp;</td>
			<td>&nbsp;</td>
			<td>&nbsp;</td>
			<td>&nbsp;</td>
			<td>&nbsp;</td>
			<td>&nbsp;</td>
			<td>&nbsp;</td>
			<td>&nbsp;</td>
			<td>&nbsp;</td>
			<td>&nbsp;</td>
			<td>&nbsp;</td>
			<td>&nbsp;</td>
			<td>&nbsp;</td>
			<td>&nbsp;</td>
			<td>&nbsp;</td>
			<td>&nbsp;</td>
			<td>&nbsp;</td>
			<td>&nbsp;</td>
		</tr>
		<tr>
			<td>LOCALISES PAIN</td>
			<td>&nbsp;</td>
			<td>&nbsp;</td>
			<td>&nbsp;</td>
			<td>&nbsp;</td>
			<td>&nbsp;</td>
			<td>&nbsp;</td>
			<td>&nbsp;</td>
			<td>&nbsp;</td>
			<td>&nbsp;</td>
			<td>&nbsp;</td>
			<td>&nbsp;</td>
			<td>&nbsp;</td>
			<td>&nbsp;</td>
			<td>&nbsp;</td>
			<td>&nbsp;</td>
			<td>&nbsp;</td>
			<td>&nbsp;</td>
			<td>&nbsp;</td>
			<td>&nbsp;</td>
			<td>&nbsp;</td>
			<td>&nbsp;</td>
			<td>&nbsp;</td>
			<td>&nbsp;</td>
			<td>&nbsp;</td>
			<td>&nbsp;</td>
		</tr>
		<tr>
			<td>FLEXES TO PAIN</td>
			<td>&nbsp;</td>
			<td>&nbsp;</td>
			<td>&nbsp;</td>
			<td>&nbsp;</td>
			<td>&nbsp;</td>
			<td>&nbsp;</td>
			<td>&nbsp;</td>
			<td>&nbsp;</td>
			<td>&nbsp;</td>
			<td>&nbsp;</td>
			<td>&nbsp;</td>
			<td>&nbsp;</td>
			<td>&nbsp;</td>
			<td>&nbsp;</td>
			<td>&nbsp;</td>
			<td>&nbsp;</td>
			<td>&nbsp;</td>
			<td>&nbsp;</td>
			<td>&nbsp;</td>
			<td>&nbsp;</td>
			<td>&nbsp;</td>
			<td>&nbsp;</td>
			<td>&nbsp;</td>
			<td>&nbsp;</td>
			<td>&nbsp;</td>
		</tr>
		<tr>
			<td>EXTENDS TO PAIN</td>
			<td>&nbsp;</td>
			<td>&nbsp;</td>
			<td>&nbsp;</td>
			<td>&nbsp;</td>
			<td>&nbsp;</td>
			<td>&nbsp;</td>
			<td>&nbsp;</td>
			<td>&nbsp;</td>
			<td>&nbsp;</td>
			<td>&nbsp;</td>
			<td>&nbsp;</td>
			<td>&nbsp;</td>
			<td>&nbsp;</td>
			<td>&nbsp;</td>
			<td>&nbsp;</td>
			<td>&nbsp;</td>
			<td>&nbsp;</td>
			<td>&nbsp;</td>
			<td>&nbsp;</td>
			<td>&nbsp;</td>
			<td>&nbsp;</td>
			<td>&nbsp;</td>
			<td>&nbsp;</td>
			<td>&nbsp;</td>
			<td>&nbsp;</td>
		</tr>
		<tr>
			<td>NONE</td>
			<td>&nbsp;</td>
			<td>&nbsp;</td>
			<td>&nbsp;</td>
			<td>&nbsp;</td>
			<td>&nbsp;</td>
			<td>&nbsp;</td>
			<td>&nbsp;</td>
			<td>&nbsp;</td>
			<td>&nbsp;</td>
			<td>&nbsp;</td>
			<td>&nbsp;</td>
			<td>&nbsp;</td>
			<td>&nbsp;</td>
			<td>&nbsp;</td>
			<td>&nbsp;</td>
			<td>&nbsp;</td>
			<td>&nbsp;</td>
			<td>&nbsp;</td>
			<td>&nbsp;</td>
			<td>&nbsp;</td>
			<td>&nbsp;</td>
			<td>&nbsp;</td>
			<td>&nbsp;</td>
			<td>&nbsp;</td>
			<td>&nbsp;</td>
		</tr>
	</tbody>
</table>

<p>&nbsp;</p>
",ICU- NEUROLOGICAL OBSERVATION,CLINICAL NOTE
1742,"<p>PATIENTS SURNAME;.......... OTHER NAMES...........AGE.............</p>

<p>SEX;...........MALE/FEMALE HOSPITAL...............HOSPITAL NO;.........PREVIOUS E.E.O, YES/NO</p>

<p>ADDRESS;............ WARD..............REFERRED BY................</p>

<p>STATE OF PATIENT; WALKING/CHAIR STRECTHER&nbsp; &nbsp;HANDEDNESS; RIGHT/LEFT&nbsp; BLOOD PRESSURE;</p>

<p><strong>HISTORY AND CLINICAL SIGN;</strong></p>

<p>&nbsp;</p>

<p>&nbsp;</p>

<p>&nbsp;</p>

<p>&nbsp;</p>

<p>&nbsp;</p>

<p><strong>PROVISIONAL DIAGNOSIS</strong></p>

<ol>
	<li><strong>PREVIOUS ELECTRODIAGNOSTICS EXAMINATION</strong></li>
	<li><strong>FAMILY HIST</strong>ORY OF FILE</li>
	<li>ANTION VULSANTSNAMEAND DOSAGE</li>
	<li>OTHER DRUG; NAME AND DOSAGE</li>
	<li>HISTORY OF HEAD I RECENT/REMOTE&nbsp;</li>
	<li>EVIDENCE OF GENERALISED VASCULAR DISEASE; YES/NO;</li>
	<li>E.C.T. INSULIN TREATMENT;DATE;</li>
</ol>

<p>SEVERE BIOCHEMICAL ABNORMALITY;YES /NO&nbsp; &nbsp; &nbsp; &nbsp; &nbsp; STATE TYPE..................</p>

<p>DATE......................&nbsp; &nbsp; &nbsp; &nbsp; &nbsp; &nbsp; &nbsp; &nbsp; &nbsp; &nbsp; &nbsp; &nbsp; &nbsp; &nbsp; &nbsp; &nbsp; &nbsp; &nbsp; &nbsp; &nbsp; &nbsp; &nbsp; &nbsp; &nbsp; &nbsp; &nbsp; &nbsp; &nbsp; &nbsp; &nbsp; &nbsp; &nbsp; &nbsp; &nbsp; &nbsp; &nbsp; &nbsp; &nbsp; &nbsp;SIGNED........................</p>

<p>&nbsp;</p>

<p>&nbsp;</p>

<p>&nbsp;</p>

<p>E.EG REPORT&nbsp; &nbsp; &nbsp; &nbsp; &nbsp; &nbsp; &nbsp; &nbsp; &nbsp; &nbsp; &nbsp; &nbsp; &nbsp; &nbsp; &nbsp; &nbsp; &nbsp; &nbsp; &nbsp; &nbsp; &nbsp; &nbsp; &nbsp; &nbsp; &nbsp; &nbsp; &nbsp; &nbsp; &nbsp; &nbsp; &nbsp; E.E.G NO</p>

<p>&nbsp;</p>

<p>&nbsp;</p>

<p>&nbsp;</p>
",EEG ECHOGRAM FORM,CLINICAL NOTE
