OLD_HISTORY_ID,DETAILS,PERSON_ID,CREATED_BY,CREATED_DATE
583,"<p style=""margin-left:40px""><span style=""font-size:18px""><u><strong>EXISTING CONDITION:</strong></u><strong>&nbsp;1</strong></span></p>

<p><strong><span style=""font-size:16px"">DURATION (FROM DIAGNOSIS TILL DATE):</span></strong></p>

<p><strong><span style=""font-size:16px"">LATEST INVESTIGATION RESULT:</span></strong></p>

<p><strong><span style=""font-size:16px"">CURRENT TREATMENT/MEDICATIONS:</span></strong></p>

<p><strong><span style=""font-size:16px"">PRESENCE OF COMPLICATION: </span></strong><span style=""font-size:16px"">YES/NO&nbsp;</span></p>

<p><strong><span style=""font-size:16px"">STATUS:</span></strong></p>

<p>&nbsp;</p>

<p style=""margin-left:40px""><span style=""font-size:18px""><u><strong>EXISTING CONDITION:</strong></u><strong>&nbsp;2</strong></span></p>

<p><strong><span style=""font-size:16px"">DURATION (FROM DIAGNOSIS TILL DATE):</span></strong></p>

<p><strong><span style=""font-size:16px"">LATEST INVESTIGATION RESULT:</span></strong></p>

<p><strong><span style=""font-size:16px"">CURRENT TREATMENT/MEDICATIONS:</span></strong></p>

<p><strong><span style=""font-size:16px"">PRESENCE OF COMPLICATION: </span></strong><span style=""font-size:16px"">YES/NO&nbsp;</span></p>

<p><strong><span style=""font-size:16px"">STATUS:</span></strong></p>

<p>&nbsp;</p>

<p style=""margin-left:40px""><span style=""font-size:18px""><u><strong>EXISTING CONDITION:</strong></u><strong>&nbsp;3</strong></span></p>

<p><strong><span style=""font-size:16px"">DURATION (FROM DIAGNOSIS TILL DATE):</span></strong></p>

<p><strong><span style=""font-size:16px"">LATEST INVESTIGATION RESULT:</span></strong></p>

<p><strong><span style=""font-size:16px"">CURRENT TREATMENT/MEDICATIONS:</span></strong></p>

<p><strong><span style=""font-size:16px"">PRESENCE OF COMPLICATION: </span></strong><span style=""font-size:16px"">YES/NO&nbsp;</span></p>

<p><strong><span style=""font-size:16px"">STATUS:</span></strong></p>

<p>&nbsp;</p>

<p style=""margin-left:40px""><span style=""font-size:18px""><u><strong>EXISTING CONDITION:</strong></u><strong>&nbsp;4</strong></span></p>

<p><strong><span style=""font-size:16px"">DURATION (FROM DIAGNOSIS TILL DATE):</span></strong></p>

<p><strong><span style=""font-size:16px"">LATEST INVESTIGATION RESULT:</span></strong></p>

<p><strong><span style=""font-size:16px"">CURRENT TREATMENT/MEDICATIONS:</span></strong></p>

<p><strong><span style=""font-size:16px"">PRESENCE OF COMPLICATION: </span></strong><span style=""font-size:16px"">YES/NO&nbsp;</span></p>

<p><strong><span style=""font-size:16px"">STATUS:</span></strong></p>
",74931,929,12-Nov-20
603,"<p style=""margin-left:40px""><span style=""font-size:18px""><u><strong>EXISTING CONDITION:</strong></u><strong>&nbsp;1</strong></span></p>

<p><strong><span style=""font-size:16px"">DURATION (FROM DIAGNOSIS TILL DATE): </span></strong><span style=""font-size:16px"">Had Malaria treatment few month back which was treated and complication</span></p>

<p><span style=""font-size:16px""><strong>LATEST INVESTIGATION RESULT:</strong>&nbsp; &nbsp; &nbsp;MP</span></p>

<p><strong><span style=""font-size:16px"">CURRENT TREATMENT/MEDICATIONS: </span></strong><span style=""font-size:16px"">PCM and Anti-malaria</span></p>

<p><strong><span style=""font-size:16px"">PRESENCE OF COMPLICATION: </span></strong><span style=""font-size:16px"">NO&nbsp;</span></p>

<p><strong><span style=""font-size:16px"">STATUS: Ok</span></strong></p>

<p>&nbsp;</p>

<p style=""margin-left:40px"">&nbsp;</p>
",74691,909,18-Dec-20
643,"<p style=""margin-left:40px""><span style=""font-size:18px""><u><strong>EXISTING CONDITION:</strong></u><strong>&nbsp;1 malaria</strong></span></p>

<p><strong><span style=""font-size:16px"">DURATION (FROM DIAGNOSIS TILL DATE): 12/10/2019</span></strong></p>

<p><strong><span style=""font-size:16px"">LATEST INVESTIGATION RESULT: pcv&nbsp;</span></strong></p>

<p><strong><span style=""font-size:16px"">CURRENT TREATMENT/MEDICATIONS: pcm&nbsp;</span></strong></p>

<p><strong><span style=""font-size:16px"">PRESENCE OF COMPLICATION: </span></strong><span style=""font-size:16px"">NO&nbsp;</span></p>

<p><strong><span style=""font-size:16px"">STATUS: stable</span></strong></p>

<p>&nbsp;</p>

<p style=""margin-left:40px"">&nbsp;</p>
",75151,1,9-Feb-21
685,"<p style=""margin-left:40px""><span style=""font-size:18px""><u><strong>EXISTING CONDITION:</strong></u><strong>&nbsp;1rrygyguguu</strong></span></p>

<p><strong><span style=""font-size:16px"">DURATION (FROM DIAGNOSIS TILL DATE):gcgcgcgcgc</span></strong></p>

<p><strong><span style=""font-size:16px"">LATEST INVESTIGATION RESULT:yvycyyuu</span></strong></p>

<p><strong><span style=""font-size:16px"">CURRENT TREATMENT/MEDICATIONS:tdtdtyfygugu</span></strong></p>

<p><strong><span style=""font-size:16px"">PRESENCE OF COMPLICATION: no</span></strong></p>

<p><strong><span style=""font-size:16px"">STATUS: stable</span></strong></p>

<p>&nbsp;</p>

<p style=""margin-left:40px"">&nbsp;</p>
",75071,1169,23-Feb-21
703,"<p style=""margin-left:40px""><span style=""font-size:18px""><u><strong>EXISTING CONDITION:</strong></u><strong>&nbsp;1 RYTUTR</strong></span></p>

<p><strong><span style=""font-size:16px"">DURATION (FROM DIAGNOSIS TILL DATE):GDFGF</span></strong></p>

<p><strong><span style=""font-size:16px"">LATEST INVESTIGATION RESULT:FGDFGFGD</span></strong></p>

<p><strong><span style=""font-size:16px"">CURRENT TREATMENT/MEDICATIONS:DGHYDRFUD</span></strong></p>

<p><strong><span style=""font-size:16px"">PRESENCE OF COMPLICATION: </span></strong><span style=""font-size:16px"">YES</span></p>

<p><strong><span style=""font-size:16px"">STATUS:DFRYUI</span></strong></p>

<p>&nbsp;</p>

<p style=""margin-left:40px"">&nbsp;</p>
",75331,1,20-Mar-21
863,"<p style=""margin-left:40px""><span style=""font-size:18px""><u><strong>EXISTING CONDITION:</strong></u><strong>&nbsp;1</strong></span></p>

<p><strong><span style=""font-size:16px"">DURATION (FROM DIAGNOSIS TILL DATE):</span></strong></p>

<p><strong><span style=""font-size:16px"">LATEST INVESTIGATION RESULT:</span></strong></p>

<p><strong><span style=""font-size:16px"">CURRENT TREATMENT/MEDICATIONS:</span></strong></p>

<p><strong><span style=""font-size:16px"">PRESENCE OF COMPLICATION: </span></strong><span style=""font-size:16px"">YES/NO&nbsp;</span></p>

<p><strong><span style=""font-size:16px"">STATUS:</span></strong></p>

<p>&nbsp;</p>

<p style=""margin-left:40px""><span style=""font-size:18px""><u><strong>EXISTING CONDITION:</strong></u><strong>&nbsp;2</strong></span></p>

<p><strong><span style=""font-size:16px"">DURATION (FROM DIAGNOSIS TILL DATE):</span></strong></p>

<p><strong><span style=""font-size:16px"">LATEST INVESTIGATION RESULT:</span></strong></p>

<p><strong><span style=""font-size:16px"">CURRENT TREATMENT/MEDICATIONS:</span></strong></p>

<p><strong><span style=""font-size:16px"">PRESENCE OF COMPLICATION: </span></strong><span style=""font-size:16px"">YES/NO&nbsp;</span></p>

<p><strong><span style=""font-size:16px"">STATUS:</span></strong></p>

<p>&nbsp;</p>

<p style=""margin-left:40px""><span style=""font-size:18px""><u><strong>EXISTING CONDITION:</strong></u><strong>&nbsp;3</strong></span></p>

<p><strong><span style=""font-size:16px"">DURATION (FROM DIAGNOSIS TILL DATE):</span></strong></p>

<p><strong><span style=""font-size:16px"">LATEST INVESTIGATION RESULT:</span></strong></p>

<p><strong><span style=""font-size:16px"">CURRENT TREATMENT/MEDICATIONS:</span></strong></p>

<p><strong><span style=""font-size:16px"">PRESENCE OF COMPLICATION: </span></strong><span style=""font-size:16px"">YES/NO&nbsp;</span></p>

<p><strong><span style=""font-size:16px"">STATUS:</span></strong></p>

<p>&nbsp;</p>

<p style=""margin-left:40px""><span style=""font-size:18px""><u><strong>EXISTING CONDITION:</strong></u><strong>&nbsp;4</strong></span></p>

<p><strong><span style=""font-size:16px"">DURATION (FROM DIAGNOSIS TILL DATE):</span></strong></p>

<p><strong><span style=""font-size:16px"">LATEST INVESTIGATION RESULT:</span></strong></p>

<p><strong><span style=""font-size:16px"">CURRENT TREATMENT/MEDICATIONS:</span></strong></p>

<p><strong><span style=""font-size:16px"">PRESENCE OF COMPLICATION: </span></strong><span style=""font-size:16px"">YES/NO&nbsp;</span></p>

<p><strong><span style=""font-size:16px"">STATUS:</span></strong></p>
",76754,1,11-Jan-22
864,"<p style=""margin-left:40px""><span style=""font-size:18px""><u><strong>EXISTING CONDITION:</strong></u><strong>&nbsp;1</strong></span></p>

<p><strong><span style=""font-size:16px"">DURATION (FROM DIAGNOSIS TILL DATE):</span></strong></p>

<p><strong><span style=""font-size:16px"">LATEST INVESTIGATION RESULT:</span></strong></p>

<p><strong><span style=""font-size:16px"">CURRENT TREATMENT/MEDICATIONS:</span></strong></p>

<p><strong><span style=""font-size:16px"">PRESENCE OF COMPLICATION: </span></strong><span style=""font-size:16px"">YES/NO&nbsp;</span></p>

<p><strong><span style=""font-size:16px"">STATUS:</span></strong></p>

<p>&nbsp;</p>

<p style=""margin-left:40px""><span style=""font-size:18px""><u><strong>EXISTING CONDITION:</strong></u><strong>&nbsp;2</strong></span></p>

<p><strong><span style=""font-size:16px"">DURATION (FROM DIAGNOSIS TILL DATE):</span></strong></p>

<p><strong><span style=""font-size:16px"">LATEST INVESTIGATION RESULT:</span></strong></p>

<p><strong><span style=""font-size:16px"">CURRENT TREATMENT/MEDICATIONS:</span></strong></p>

<p><strong><span style=""font-size:16px"">PRESENCE OF COMPLICATION: </span></strong><span style=""font-size:16px"">YES/NO&nbsp;</span></p>

<p><strong><span style=""font-size:16px"">STATUS:</span></strong></p>

<p>&nbsp;</p>

<p style=""margin-left:40px""><span style=""font-size:18px""><u><strong>EXISTING CONDITION:</strong></u><strong>&nbsp;3</strong></span></p>

<p><strong><span style=""font-size:16px"">DURATION (FROM DIAGNOSIS TILL DATE):</span></strong></p>

<p><strong><span style=""font-size:16px"">LATEST INVESTIGATION RESULT:</span></strong></p>

<p><strong><span style=""font-size:16px"">CURRENT TREATMENT/MEDICATIONS:</span></strong></p>

<p><strong><span style=""font-size:16px"">PRESENCE OF COMPLICATION: </span></strong><span style=""font-size:16px"">YES/NO&nbsp;</span></p>

<p><strong><span style=""font-size:16px"">STATUS:</span></strong></p>

<p>&nbsp;</p>

<p style=""margin-left:40px""><span style=""font-size:18px""><u><strong>EXISTING CONDITION:</strong></u><strong>&nbsp;4</strong></span></p>

<p><strong><span style=""font-size:16px"">DURATION (FROM DIAGNOSIS TILL DATE):</span></strong></p>

<p><strong><span style=""font-size:16px"">LATEST INVESTIGATION RESULT:</span></strong></p>

<p><strong><span style=""font-size:16px"">CURRENT TREATMENT/MEDICATIONS:</span></strong></p>

<p><strong><span style=""font-size:16px"">PRESENCE OF COMPLICATION: </span></strong><span style=""font-size:16px"">YES/NO&nbsp;</span></p>

<p><strong><span style=""font-size:16px"">STATUS:</span></strong></p>
",75772,1,11-Jan-22
865,"<p style=""margin-left:40px""><span style=""font-size:18px""><u><strong>EXISTING CONDITION:</strong></u><strong>&nbsp;1</strong></span></p>

<p><strong><span style=""font-size:16px"">DURATION (FROM DIAGNOSIS TILL DATE):</span></strong></p>

<p><strong><span style=""font-size:16px"">LATEST INVESTIGATION RESULT:</span></strong></p>

<p><strong><span style=""font-size:16px"">CURRENT TREATMENT/MEDICATIONS:</span></strong></p>

<p><strong><span style=""font-size:16px"">PRESENCE OF COMPLICATION: </span></strong><span style=""font-size:16px"">YES/NO&nbsp;</span></p>

<p><strong><span style=""font-size:16px"">STATUS:</span></strong></p>

<p>&nbsp;</p>

<p style=""margin-left:40px""><span style=""font-size:18px""><u><strong>EXISTING CONDITION:</strong></u><strong>&nbsp;2</strong></span></p>

<p><strong><span style=""font-size:16px"">DURATION (FROM DIAGNOSIS TILL DATE):</span></strong></p>

<p><strong><span style=""font-size:16px"">LATEST INVESTIGATION RESULT:</span></strong></p>

<p><strong><span style=""font-size:16px"">CURRENT TREATMENT/MEDICATIONS:</span></strong></p>

<p><strong><span style=""font-size:16px"">PRESENCE OF COMPLICATION: </span></strong><span style=""font-size:16px"">YES/NO&nbsp;</span></p>

<p><strong><span style=""font-size:16px"">STATUS:&nbsp;&nbsp;</span></strong></p>

<p>&nbsp;</p>

<p style=""margin-left:40px""><span style=""font-size:18px""><u><strong>EXISTING CONDITION:</strong></u><strong>&nbsp;3</strong></span></p>

<p><strong><span style=""font-size:16px"">DURATION (FROM DIAGNOSIS TILL DATE):</span></strong></p>

<p><strong><span style=""font-size:16px"">LATEST INVESTIGATION RESULT:</span></strong></p>

<p><strong><span style=""font-size:16px"">CURRENT TREATMENT/MEDICATIONS:</span></strong></p>

<p><strong><span style=""font-size:16px"">PRESENCE OF COMPLICATION: </span></strong><span style=""font-size:16px"">YES/NO&nbsp;</span></p>

<p><strong><span style=""font-size:16px"">STATUS:</span></strong></p>

<p>&nbsp;</p>

<p style=""margin-left:40px""><span style=""font-size:18px""><u><strong>EXISTING CONDITION:</strong></u><strong>&nbsp;4</strong></span></p>

<p><strong><span style=""font-size:16px"">DURATION (FROM DIAGNOSIS TILL DATE):</span></strong></p>

<p><strong><span style=""font-size:16px"">LATEST INVESTIGATION RESULT:</span></strong></p>

<p><strong><span style=""font-size:16px"">CURRENT TREATMENT/MEDICATIONS:</span></strong></p>

<p><strong><span style=""font-size:16px"">PRESENCE OF COMPLICATION: </span></strong><span style=""font-size:16px"">YES/NO&nbsp;</span></p>

<p><strong><span style=""font-size:16px"">STATUS:</span></strong></p>
",76731,1880,11-Jan-22
886,"<p style=""margin-left:40px""><span style=""font-size:18px""><u><strong>EXISTING CONDITION:</strong></u><strong>&nbsp;malaria</strong></span></p>

<p><strong><span style=""font-size:16px"">DURATION (FROM DIAGNOSIS TILL DATE): 5 weeks</span></strong></p>

<p><strong><span style=""font-size:16px"">LATEST INVESTIGATION RESULT: pcv; 29%</span></strong></p>

<p><strong><span style=""font-size:16px"">CURRENT TREATMENT/MEDICATIONS: coartem</span></strong></p>

<p><strong><span style=""font-size:16px"">PRESENCE OF COMPLICATION: no</span></strong></p>

<p><strong><span style=""font-size:16px"">STATUS: malaria</span></strong></p>

<p>&nbsp;</p>

<p style=""margin-left:40px""><span style=""font-size:18px""><u><strong>EXISTING CONDITION:</strong></u><strong>&nbsp;2</strong></span></p>

<p><strong><span style=""font-size:16px"">DURATION (FROM DIAGNOSIS TILL DATE):</span></strong></p>

<p><strong><span style=""font-size:16px"">LATEST INVESTIGATION RESULT:</span></strong></p>

<p><strong><span style=""font-size:16px"">CURRENT TREATMENT/MEDICATIONS:</span></strong></p>

<p><strong><span style=""font-size:16px"">PRESENCE OF COMPLICATION: </span></strong><span style=""font-size:16px"">YES/NO&nbsp;</span></p>

<p><strong><span style=""font-size:16px"">STATUS:</span></strong></p>

<p>&nbsp;</p>

<p style=""margin-left:40px""><span style=""font-size:18px""><u><strong>EXISTING CONDITION:</strong></u><strong>&nbsp;3</strong></span></p>

<p><strong><span style=""font-size:16px"">DURATION (FROM DIAGNOSIS TILL DATE):</span></strong></p>

<p><strong><span style=""font-size:16px"">LATEST INVESTIGATION RESULT:</span></strong></p>

<p><strong><span style=""font-size:16px"">CURRENT TREATMENT/MEDICATIONS:</span></strong></p>

<p><strong><span style=""font-size:16px"">PRESENCE OF COMPLICATION: </span></strong><span style=""font-size:16px"">YES/NO&nbsp;</span></p>

<p><strong><span style=""font-size:16px"">STATUS:</span></strong></p>

<p>&nbsp;</p>

<p style=""margin-left:40px""><span style=""font-size:18px""><u><strong>EXISTING CONDITION:</strong></u><strong>&nbsp;4</strong></span></p>

<p><strong><span style=""font-size:16px"">DURATION (FROM DIAGNOSIS TILL DATE):</span></strong></p>

<p><strong><span style=""font-size:16px"">LATEST INVESTIGATION RESULT:</span></strong></p>

<p><strong><span style=""font-size:16px"">CURRENT TREATMENT/MEDICATIONS:</span></strong></p>

<p><strong><span style=""font-size:16px"">PRESENCE OF COMPLICATION: </span></strong><span style=""font-size:16px"">YES/NO&nbsp;</span></p>

<p><strong><span style=""font-size:16px"">STATUS:</span></strong></p>
",76791,1952,12-Jan-22
887,"<p style=""margin-left:40px""><span style=""font-size:18px""><u><strong>EXISTING CONDITION:</strong></u><strong>&nbsp;diabetes</strong></span></p>

<p><strong><span style=""font-size:16px"">DURATION (FROM DIAGNOSIS TILL DATE): 3years</span></strong></p>

<p><strong><span style=""font-size:16px"">LATEST INVESTIGATION RESULT:</span></strong></p>

<p><strong><span style=""font-size:16px"">CURRENT TREATMENT/MEDICATIONS: none</span></strong></p>

<p><strong><span style=""font-size:16px"">PRESENCE OF COMPLICATION: </span></strong><span style=""font-size:16px"">YES</span></p>

<p>&nbsp;</p>

<p>&nbsp;</p>

<p style=""margin-left:40px""><span style=""font-size:18px""><u><strong>EXISTING CONDITION:</strong></u><strong>&nbsp;2</strong></span></p>

<p><strong><span style=""font-size:16px"">DURATION (FROM DIAGNOSIS TILL DATE):</span></strong></p>

<p><strong><span style=""font-size:16px"">LATEST INVESTIGATION RESULT:</span></strong></p>

<p><strong><span style=""font-size:16px"">CURRENT TREATMENT/MEDICATIONS:</span></strong></p>

<p><strong><span style=""font-size:16px"">PRESENCE OF COMPLICATION: </span></strong><span style=""font-size:16px"">YES/NO&nbsp;</span></p>

<p><strong><span style=""font-size:16px"">STATUS:</span></strong></p>

<p>&nbsp;</p>

<p style=""margin-left:40px""><span style=""font-size:18px""><u><strong>EXISTING CONDITION:</strong></u><strong>&nbsp;3</strong></span></p>

<p><strong><span style=""font-size:16px"">DURATION (FROM DIAGNOSIS TILL DATE):</span></strong></p>

<p><strong><span style=""font-size:16px"">LATEST INVESTIGATION RESULT:</span></strong></p>

<p><strong><span style=""font-size:16px"">CURRENT TREATMENT/MEDICATIONS:</span></strong></p>

<p><strong><span style=""font-size:16px"">PRESENCE OF COMPLICATION: </span></strong><span style=""font-size:16px"">YES/NO&nbsp;</span></p>

<p><strong><span style=""font-size:16px"">STATUS:</span></strong></p>

<p>&nbsp;</p>

<p style=""margin-left:40px""><span style=""font-size:18px""><u><strong>EXISTING CONDITION:</strong></u><strong>&nbsp;4</strong></span></p>

<p><strong><span style=""font-size:16px"">DURATION (FROM DIAGNOSIS TILL DATE):</span></strong></p>

<p><strong><span style=""font-size:16px"">LATEST INVESTIGATION RESULT:</span></strong></p>

<p><strong><span style=""font-size:16px"">CURRENT TREATMENT/MEDICATIONS:</span></strong></p>

<p><strong><span style=""font-size:16px"">PRESENCE OF COMPLICATION: </span></strong><span style=""font-size:16px"">YES/NO&nbsp;</span></p>

<p><strong><span style=""font-size:16px"">STATUS:</span></strong></p>
",75791,1949,12-Jan-22
1127,"<p style=""margin-left:40px""><span style=""font-size:18px""><u><strong>EXISTING CONDITION:</strong></u><strong>&nbsp;1</strong></span></p>

<p><strong><span style=""font-size:16px"">DURATION (FROM DIAGNOSIS TILL DATE):</span></strong></p>

<p><strong><span style=""font-size:16px"">LATEST INVESTIGATION RESULT:</span></strong></p>

<p><strong><span style=""font-size:16px"">CURRENT TREATMENT/MEDICATIONS:</span></strong></p>

<p><strong><span style=""font-size:16px"">PRESENCE OF COMPLICATION: </span></strong><span style=""font-size:16px"">YES/NO&nbsp;</span></p>

<p><strong><span style=""font-size:16px"">STATUS:</span></strong></p>

<p>&nbsp;</p>

<p style=""margin-left:40px""><span style=""font-size:18px""><u><strong>EXISTING CONDITION:</strong></u><strong>&nbsp;2</strong></span></p>

<p><strong><span style=""font-size:16px"">DURATION (FROM DIAGNOSIS TILL DATE):</span></strong></p>

<p><strong><span style=""font-size:16px"">LATEST INVESTIGATION RESULT:</span></strong></p>

<p><strong><span style=""font-size:16px"">CURRENT TREATMENT/MEDICATIONS:</span></strong></p>

<p><strong><span style=""font-size:16px"">PRESENCE OF COMPLICATION: </span></strong><span style=""font-size:16px"">YES/NO&nbsp;</span></p>

<p><strong><span style=""font-size:16px"">STATUS:</span></strong></p>

<p>&nbsp;</p>

<p style=""margin-left:40px""><span style=""font-size:18px""><u><strong>EXISTING CONDITION:</strong></u><strong>&nbsp;3</strong></span></p>

<p><strong><span style=""font-size:16px"">DURATION (FROM DIAGNOSIS TILL DATE):</span></strong></p>

<p><strong><span style=""font-size:16px"">LATEST INVESTIGATION RESULT:</span></strong></p>

<p><strong><span style=""font-size:16px"">CURRENT TREATMENT/MEDICATIONS:</span></strong></p>

<p><strong><span style=""font-size:16px"">PRESENCE OF COMPLICATION: </span></strong><span style=""font-size:16px"">YES/NO&nbsp;</span></p>

<p><strong><span style=""font-size:16px"">STATUS:</span></strong></p>

<p>&nbsp;</p>

<p style=""margin-left:40px""><span style=""font-size:18px""><u><strong>EXISTING CONDITION:</strong></u><strong>&nbsp;4</strong></span></p>

<p><strong><span style=""font-size:16px"">DURATION (FROM DIAGNOSIS TILL DATE):</span></strong></p>

<p><strong><span style=""font-size:16px"">LATEST INVESTIGATION RESULT:</span></strong></p>

<p><strong><span style=""font-size:16px"">CURRENT TREATMENT/MEDICATIONS:</span></strong></p>

<p><strong><span style=""font-size:16px"">PRESENCE OF COMPLICATION: </span></strong><span style=""font-size:16px"">YES/NO&nbsp;</span></p>

<p><strong><span style=""font-size:16px"">STATUS:</span></strong></p>
",79193,3609,25-Jan-23
623,"<p style=""margin-left:40px""><span style=""font-size:18px""><u><strong>EXISTING CONDITION:</strong></u><strong>&nbsp;1</strong></span></p>

<p><strong><span style=""font-size:16px"">DURATION (FROM DIAGNOSIS TILL DATE):</span></strong></p>

<p><strong><span style=""font-size:16px"">LATEST INVESTIGATION RESULT:</span></strong></p>

<p><strong><span style=""font-size:16px"">CURRENT TREATMENT/MEDICATIONS:</span></strong></p>

<p><strong><span style=""font-size:16px"">PRESENCE OF COMPLICATION: </span></strong><span style=""font-size:16px"">YES/NO&nbsp;</span></p>

<p><strong><span style=""font-size:16px"">STATUS:</span></strong></p>

<p>&nbsp;</p>

<p style=""margin-left:40px""><span style=""font-size:18px""><u><strong>EXISTING CONDITION:</strong></u><strong>&nbsp;2</strong></span></p>

<p><strong><span style=""font-size:16px"">DURATION (FROM DIAGNOSIS TILL DATE):</span></strong></p>

<p><strong><span style=""font-size:16px"">LATEST INVESTIGATION RESULT:</span></strong></p>

<p><strong><span style=""font-size:16px"">CURRENT TREATMENT/MEDICATIONS:</span></strong></p>

<p><strong><span style=""font-size:16px"">PRESENCE OF COMPLICATION: </span></strong><span style=""font-size:16px"">YES/NO&nbsp;</span></p>

<p><strong><span style=""font-size:16px"">STATUS:</span></strong></p>

<p>&nbsp;</p>

<p style=""margin-left:40px""><span style=""font-size:18px""><u><strong>EXISTING CONDITION:</strong></u><strong>&nbsp;3</strong></span></p>

<p><strong><span style=""font-size:16px"">DURATION (FROM DIAGNOSIS TILL DATE):</span></strong></p>

<p><strong><span style=""font-size:16px"">LATEST INVESTIGATION RESULT:</span></strong></p>

<p><strong><span style=""font-size:16px"">CURRENT TREATMENT/MEDICATIONS:</span></strong></p>

<p><strong><span style=""font-size:16px"">PRESENCE OF COMPLICATION: </span></strong><span style=""font-size:16px"">YES/NO&nbsp;</span></p>

<p><strong><span style=""font-size:16px"">STATUS:</span></strong></p>

<p>&nbsp;</p>

<p style=""margin-left:40px""><span style=""font-size:18px""><u><strong>EXISTING CONDITION:</strong></u><strong>&nbsp;4</strong></span></p>

<p><strong><span style=""font-size:16px"">DURATION (FROM DIAGNOSIS TILL DATE):</span></strong></p>

<p><strong><span style=""font-size:16px"">LATEST INVESTIGATION RESULT:</span></strong></p>

<p><strong><span style=""font-size:16px"">CURRENT TREATMENT/MEDICATIONS:</span></strong></p>

<p><strong><span style=""font-size:16px"">PRESENCE OF COMPLICATION: </span></strong><span style=""font-size:16px"">YES/NO&nbsp;</span></p>

<p><strong><span style=""font-size:16px"">STATUS:</span></strong></p>
",74031,909,19-Jan-21
803,"<p style=""margin-left:40px""><span style=""font-size:18px""><u><strong>EXISTING CONDITION:</strong></u><strong>&nbsp;1 Malaria</strong></span></p>

<p><strong><span style=""font-size:16px"">DURATION (FROM DIAGNOSIS TILL DATE): 3/11/2021</span></strong></p>

<p><strong><span style=""font-size:16px"">LATEST INVESTIGATION RESULT:&nbsp; MP Positive&nbsp;</span></strong></p>

<p><strong><span style=""font-size:16px"">CURRENT TREATMENT/MEDICATIONS: PCM,&nbsp;</span></strong></p>

<p><strong><span style=""font-size:16px"">PRESENCE OF COMPLICATION: </span></strong><span style=""font-size:16px"">YES</span></p>

<p><strong><span style=""font-size:16px"">STATUS: Stable</span></strong></p>

<p>&nbsp;</p>

<p style=""margin-left:40px"">&nbsp;</p>
",76674,1,8-Dec-21
866,"<p style=""margin-left:40px""><span style=""font-size:18px""><u><strong>EXISTING CONDITION:</strong></u><strong>&nbsp;1</strong></span></p>

<p><strong><span style=""font-size:16px"">DURATION (FROM DIAGNOSIS TILL DATE): 10 years</span></strong></p>

<p><strong><span style=""font-size:16px"">LATEST INVESTIGATION RESULT: good</span></strong></p>

<p><strong><span style=""font-size:16px"">CURRENT TREATMENT/MEDICATIONS: none</span></strong></p>

<p><strong><span style=""font-size:16px"">PRESENCE OF COMPLICATION: </span></strong><span style=""font-size:16px"">YES/NO&nbsp;</span></p>

<p><strong><span style=""font-size:16px"">STATUS: patient okay</span></strong></p>

<p>&nbsp;</p>

<p style=""margin-left:40px""><span style=""font-size:18px""><u><strong>EXISTING CONDITION:</strong></u><strong>&nbsp;2</strong></span></p>

<p><strong><span style=""font-size:16px"">DURATION (FROM DIAGNOSIS TILL DATE):</span></strong></p>

<p><strong><span style=""font-size:16px"">LATEST INVESTIGATION RESULT:</span></strong></p>

<p><strong><span style=""font-size:16px"">CURRENT TREATMENT/MEDICATIONS:</span></strong></p>

<p><strong><span style=""font-size:16px"">PRESENCE OF COMPLICATION: </span></strong><span style=""font-size:16px"">YES/NO&nbsp;</span></p>

<p><strong><span style=""font-size:16px"">STATUS:</span></strong></p>

<p>&nbsp;</p>

<p style=""margin-left:40px""><span style=""font-size:18px""><u><strong>EXISTING CONDITION:</strong></u><strong>&nbsp;3</strong></span></p>

<p><strong><span style=""font-size:16px"">DURATION (FROM DIAGNOSIS TILL DATE):</span></strong></p>

<p><strong><span style=""font-size:16px"">LATEST INVESTIGATION RESULT:</span></strong></p>

<p><strong><span style=""font-size:16px"">CURRENT TREATMENT/MEDICATIONS:</span></strong></p>

<p><strong><span style=""font-size:16px"">PRESENCE OF COMPLICATION: </span></strong><span style=""font-size:16px"">YES/NO&nbsp;</span></p>

<p><strong><span style=""font-size:16px"">STATUS:</span></strong></p>

<p>&nbsp;</p>

<p style=""margin-left:40px""><span style=""font-size:18px""><u><strong>EXISTING CONDITION:</strong></u><strong>&nbsp;4</strong></span></p>

<p><strong><span style=""font-size:16px"">DURATION (FROM DIAGNOSIS TILL DATE):</span></strong></p>

<p><strong><span style=""font-size:16px"">LATEST INVESTIGATION RESULT:</span></strong></p>

<p><strong><span style=""font-size:16px"">CURRENT TREATMENT/MEDICATIONS:</span></strong></p>

<p><strong><span style=""font-size:16px"">PRESENCE OF COMPLICATION: </span></strong><span style=""font-size:16px"">YES/NO&nbsp;</span></p>

<p><strong><span style=""font-size:16px"">STATUS:</span></strong></p>
",76754,1,11-Jan-22
867,"<p style=""margin-left:40px""><span style=""font-size:18px""><u><strong>EXISTING CONDITION:</strong></u><strong>&nbsp;HYPERTENSIVE DISEASE</strong></span></p>

<p><strong><span style=""font-size:16px"">DURATION (FROM DIAGNOSIS TILL DATE): 2001 (20YRS)</span></strong></p>

<p><strong><span style=""font-size:16px"">LATEST INVESTIGATION RESULT: N/A</span></strong></p>

<p><strong><span style=""font-size:16px"">CURRENT TREATMENT/MEDICATIONS: AMLODIPINE 10MG DLY</span></strong></p>

<p><strong><span style=""font-size:16px"">PRESENCE OF COMPLICATION: </span></strong><span style=""font-size:16px"">NO&nbsp;</span></p>

<p><strong><span style=""font-size:16px"">STATUS: GOOD CONTROL&nbsp;</span></strong></p>

<p>&nbsp;</p>

<p style=""margin-left:40px"">&nbsp;</p>
",76753,1875,11-Jan-22
868,"<p style=""margin-left:40px""><span style=""font-size:18px""><u><strong>EXISTING CONDITION:</strong></u><strong>&nbsp;1</strong></span></p>

<p><strong><span style=""font-size:16px"">DURATION (FROM DIAGNOSIS TILL DATE):</span></strong></p>

<p><strong><span style=""font-size:16px"">LATEST INVESTIGATION RESULT:</span></strong></p>

<p><strong><span style=""font-size:16px"">CURRENT TREATMENT/MEDICATIONS:</span></strong></p>

<p><strong><span style=""font-size:16px"">PRESENCE OF COMPLICATION: </span></strong><span style=""font-size:16px"">YES/NO&nbsp;</span></p>

<p><strong><span style=""font-size:16px"">STATUS:</span></strong></p>

<p>&nbsp;</p>

<p style=""margin-left:40px""><span style=""font-size:18px""><u><strong>EXISTING CONDITION:</strong></u><strong>&nbsp;2</strong></span></p>

<p><strong><span style=""font-size:16px"">DURATION (FROM DIAGNOSIS TILL DATE):</span></strong></p>

<p><strong><span style=""font-size:16px"">LATEST INVESTIGATION RESULT:</span></strong></p>

<p><strong><span style=""font-size:16px"">CURRENT TREATMENT/MEDICATIONS:</span></strong></p>

<p><strong><span style=""font-size:16px"">PRESENCE OF COMPLICATION: </span></strong><span style=""font-size:16px"">YES/NO&nbsp;</span></p>

<p><strong><span style=""font-size:16px"">STATUS:</span></strong></p>

<p>&nbsp;</p>

<p style=""margin-left:40px""><span style=""font-size:18px""><u><strong>EXISTING CONDITION:</strong></u><strong>&nbsp;3</strong></span></p>

<p><strong><span style=""font-size:16px"">DURATION (FROM DIAGNOSIS TILL DATE):</span></strong></p>

<p><strong><span style=""font-size:16px"">LATEST INVESTIGATION RESULT:</span></strong></p>

<p><strong><span style=""font-size:16px"">CURRENT TREATMENT/MEDICATIONS:</span></strong></p>

<p><strong><span style=""font-size:16px"">PRESENCE OF COMPLICATION: </span></strong><span style=""font-size:16px"">YES/NO&nbsp;</span></p>

<p><strong><span style=""font-size:16px"">STATUS:</span></strong></p>

<p>&nbsp;</p>

<p style=""margin-left:40px""><span style=""font-size:18px""><u><strong>EXISTING CONDITION:</strong></u><strong>&nbsp;4</strong></span></p>

<p><strong><span style=""font-size:16px"">DURATION (FROM DIAGNOSIS TILL DATE):</span></strong></p>

<p><strong><span style=""font-size:16px"">LATEST INVESTIGATION RESULT:</span></strong></p>

<p><strong><span style=""font-size:16px"">CURRENT TREATMENT/MEDICATIONS:</span></strong></p>

<p><strong><span style=""font-size:16px"">PRESENCE OF COMPLICATION: </span></strong><span style=""font-size:16px"">YES/NO&nbsp;</span></p>

<p><strong><span style=""font-size:16px"">STATUS:</span></strong></p>
",76731,1880,11-Jan-22
869,"<p style=""margin-left:40px""><span style=""font-size:18px""><u><strong>EXISTING CONDITION:</strong></u><strong>&nbsp;1</strong></span></p>

<p><strong><span style=""font-size:16px"">DURATION (FROM DIAGNOSIS TILL DATE): five weeks</span></strong></p>

<p><strong><span style=""font-size:16px"">LATEST INVESTIGATION RESULT:</span></strong></p>

<p><strong><span style=""font-size:16px"">CURRENT TREATMENT/MEDICATIONS:</span></strong></p>

<p><strong><span style=""font-size:16px"">PRESENCE OF COMPLICATION: </span></strong><span style=""font-size:16px"">YES/NO&nbsp;</span></p>

<p><strong><span style=""font-size:16px"">STATUS:</span></strong></p>

<p>&nbsp;</p>

<p style=""margin-left:40px""><span style=""font-size:18px""><u><strong>EXISTING CONDITION:</strong></u><strong>&nbsp;2</strong></span></p>

<p><strong><span style=""font-size:16px"">DURATION (FROM DIAGNOSIS TILL DATE):</span></strong></p>

<p><strong><span style=""font-size:16px"">LATEST INVESTIGATION RESULT:</span></strong></p>

<p><strong><span style=""font-size:16px"">CURRENT TREATMENT/MEDICATIONS:</span></strong></p>

<p><strong><span style=""font-size:16px"">PRESENCE OF COMPLICATION: </span></strong><span style=""font-size:16px"">YES/NO&nbsp;</span></p>

<p><strong><span style=""font-size:16px"">STATUS:</span></strong></p>

<p>&nbsp;</p>

<p style=""margin-left:40px""><span style=""font-size:18px""><u><strong>EXISTING CONDITION:</strong></u><strong>&nbsp;3</strong></span></p>

<p><strong><span style=""font-size:16px"">DURATION (FROM DIAGNOSIS TILL DATE):</span></strong></p>

<p><strong><span style=""font-size:16px"">LATEST INVESTIGATION RESULT:</span></strong></p>

<p><strong><span style=""font-size:16px"">CURRENT TREATMENT/MEDICATIONS:</span></strong></p>

<p><strong><span style=""font-size:16px"">PRESENCE OF COMPLICATION: </span></strong><span style=""font-size:16px"">YES/NO&nbsp;</span></p>

<p><strong><span style=""font-size:16px"">STATUS:</span></strong></p>

<p>&nbsp;</p>

<p style=""margin-left:40px""><span style=""font-size:18px""><u><strong>EXISTING CONDITION:</strong></u><strong>&nbsp;4</strong></span></p>

<p><strong><span style=""font-size:16px"">DURATION (FROM DIAGNOSIS TILL DATE):</span></strong></p>

<p><strong><span style=""font-size:16px"">LATEST INVESTIGATION RESULT:</span></strong></p>

<p><strong><span style=""font-size:16px"">CURRENT TREATMENT/MEDICATIONS:</span></strong></p>

<p><strong><span style=""font-size:16px"">PRESENCE OF COMPLICATION: </span></strong><span style=""font-size:16px"">YES/NO&nbsp;</span></p>

<p><strong><span style=""font-size:16px"">STATUS:</span></strong></p>
",75931,1876,11-Jan-22
870,"<p style=""margin-left:40px""><span style=""font-size:18px""><u><strong>EXISTING CONDITION:</strong></u><strong>&nbsp;Hypertension</strong></span></p>

<p><strong><span style=""font-size:16px"">DURATION (FROM DIAGNOSIS TILL DATE): 10 years</span></strong></p>

<p><strong><span style=""font-size:16px"">LATEST INVESTIGATION RESULT: None</span></strong></p>

<p><strong><span style=""font-size:16px"">CURRENT TREATMENT/MEDICATIONS: Lisinopril 10mg</span></strong></p>

<p><strong><span style=""font-size:16px"">PRESENCE OF COMPLICATION: </span></strong><span style=""font-size:16px"">YES Renal failure</span></p>

<p><strong><span style=""font-size:16px"">STATUS: Bad</span></strong></p>

<p>&nbsp;</p>

<p style=""margin-left:40px""><span style=""font-size:18px""><u><strong>EXISTING CONDITION:</strong></u><strong>&nbsp;2</strong></span></p>

<p><strong><span style=""font-size:16px"">DURATION (FROM DIAGNOSIS TILL DATE):</span></strong></p>

<p><strong><span style=""font-size:16px"">LATEST INVESTIGATION RESULT:</span></strong></p>

<p><strong><span style=""font-size:16px"">CURRENT TREATMENT/MEDICATIONS:</span></strong></p>

<p><strong><span style=""font-size:16px"">PRESENCE OF COMPLICATION: </span></strong><span style=""font-size:16px"">YES/NO&nbsp;</span></p>

<p><strong><span style=""font-size:16px"">STATUS:</span></strong></p>

<p>&nbsp;</p>

<p style=""margin-left:40px""><span style=""font-size:18px""><u><strong>EXISTING CONDITION:</strong></u><strong>&nbsp;3</strong></span></p>

<p><strong><span style=""font-size:16px"">DURATION (FROM DIAGNOSIS TILL DATE):</span></strong></p>

<p><strong><span style=""font-size:16px"">LATEST INVESTIGATION RESULT:</span></strong></p>

<p><strong><span style=""font-size:16px"">CURRENT TREATMENT/MEDICATIONS:</span></strong></p>

<p><strong><span style=""font-size:16px"">PRESENCE OF COMPLICATION: </span></strong><span style=""font-size:16px"">YES/NO&nbsp;</span></p>

<p><strong><span style=""font-size:16px"">STATUS:</span></strong></p>

<p>&nbsp;</p>

<p style=""margin-left:40px""><span style=""font-size:18px""><u><strong>EXISTING CONDITION:</strong></u><strong>&nbsp;4</strong></span></p>

<p><strong><span style=""font-size:16px"">DURATION (FROM DIAGNOSIS TILL DATE):</span></strong></p>

<p><strong><span style=""font-size:16px"">LATEST INVESTIGATION RESULT:</span></strong></p>

<p><strong><span style=""font-size:16px"">CURRENT TREATMENT/MEDICATIONS:</span></strong></p>

<p><strong><span style=""font-size:16px"">PRESENCE OF COMPLICATION: </span></strong><span style=""font-size:16px"">YES/NO&nbsp;</span></p>

<p><strong><span style=""font-size:16px"">STATUS:</span></strong></p>
",76713,1877,11-Jan-22
1063,"<p style=""margin-left:40px""><span style=""font-size:18px""><u><strong>EXISTING CONDITION:</strong></u><strong>&nbsp;1</strong></span></p>

<p><strong><span style=""font-size:16px"">DURATION (FROM DIAGNOSIS TILL DATE):</span></strong></p>

<p><strong><span style=""font-size:16px"">LATEST INVESTIGATION RESULT:</span></strong></p>

<p><strong><span style=""font-size:16px"">CURRENT TREATMENT/MEDICATIONS:</span></strong></p>

<p><strong><span style=""font-size:16px"">PRESENCE OF COMPLICATION: </span></strong><span style=""font-size:16px"">YES/NO&nbsp;</span></p>

<p><strong><span style=""font-size:16px"">STATUS:</span></strong></p>

<p>&nbsp;</p>

<p style=""margin-left:40px""><span style=""font-size:18px""><u><strong>EXISTING CONDITION:</strong></u><strong>&nbsp;2</strong></span></p>

<p><strong><span style=""font-size:16px"">DURATION (FROM DIAGNOSIS TILL DATE):</span></strong></p>

<p><strong><span style=""font-size:16px"">LATEST INVESTIGATION RESULT:</span></strong></p>

<p><strong><span style=""font-size:16px"">CURRENT TREATMENT/MEDICATIONS:</span></strong></p>

<p><strong><span style=""font-size:16px"">PRESENCE OF COMPLICATION: </span></strong><span style=""font-size:16px"">YES/NO&nbsp;</span></p>

<p><strong><span style=""font-size:16px"">STATUS:</span></strong></p>

<p>&nbsp;</p>

<p style=""margin-left:40px""><span style=""font-size:18px""><u><strong>EXISTING CONDITION:</strong></u><strong>&nbsp;3</strong></span></p>

<p><strong><span style=""font-size:16px"">DURATION (FROM DIAGNOSIS TILL DATE):</span></strong></p>

<p><strong><span style=""font-size:16px"">LATEST INVESTIGATION RESULT:</span></strong></p>

<p><strong><span style=""font-size:16px"">CURRENT TREATMENT/MEDICATIONS:</span></strong></p>

<p><strong><span style=""font-size:16px"">PRESENCE OF COMPLICATION: </span></strong><span style=""font-size:16px"">YES/NO&nbsp;</span></p>

<p><strong><span style=""font-size:16px"">STATUS:</span></strong></p>

<p>&nbsp;</p>

<p style=""margin-left:40px""><span style=""font-size:18px""><u><strong>EXISTING CONDITION:</strong></u><strong>&nbsp;4</strong></span></p>

<p><strong><span style=""font-size:16px"">DURATION (FROM DIAGNOSIS TILL DATE):</span></strong></p>

<p><strong><span style=""font-size:16px"">LATEST INVESTIGATION RESULT:</span></strong></p>

<p><strong><span style=""font-size:16px"">CURRENT TREATMENT/MEDICATIONS:</span></strong></p>

<p><strong><span style=""font-size:16px"">PRESENCE OF COMPLICATION: </span></strong><span style=""font-size:16px"">YES/NO&nbsp;</span></p>

<p><strong><span style=""font-size:16px"">STATUS:</span></strong></p>
",77531,3258,27-Nov-22
1083,"<p style=""margin-left:40px""><span style=""font-size:18px""><u><strong>EXISTING CONDITION:</strong></u><strong>&nbsp;1</strong></span></p>

<p><strong><span style=""font-size:16px"">DURATION (FROM DIAGNOSIS TILL DATE):</span></strong></p>

<p><strong><span style=""font-size:16px"">LATEST INVESTIGATION RESULT:</span></strong></p>

<p><strong><span style=""font-size:16px"">CURRENT TREATMENT/MEDICATIONS:</span></strong></p>

<p><strong><span style=""font-size:16px"">PRESENCE OF COMPLICATION: </span></strong><span style=""font-size:16px"">YES/NO&nbsp;</span></p>

<p><strong><span style=""font-size:16px"">STATUS:</span></strong></p>

<p>&nbsp;</p>

<p style=""margin-left:40px""><span style=""font-size:18px""><u><strong>EXISTING CONDITION:</strong></u><strong>&nbsp;2</strong></span></p>

<p><strong><span style=""font-size:16px"">DURATION (FROM DIAGNOSIS TILL DATE):</span></strong></p>

<p><strong><span style=""font-size:16px"">LATEST INVESTIGATION RESULT:</span></strong></p>

<p><strong><span style=""font-size:16px"">CURRENT TREATMENT/MEDICATIONS:</span></strong></p>

<p><strong><span style=""font-size:16px"">PRESENCE OF COMPLICATION: </span></strong><span style=""font-size:16px"">YES/NO&nbsp;</span></p>

<p><strong><span style=""font-size:16px"">STATUS:</span></strong></p>

<p>&nbsp;</p>

<p style=""margin-left:40px""><span style=""font-size:18px""><u><strong>EXISTING CONDITION:</strong></u><strong>&nbsp;3</strong></span></p>

<p><strong><span style=""font-size:16px"">DURATION (FROM DIAGNOSIS TILL DATE):</span></strong></p>

<p><strong><span style=""font-size:16px"">LATEST INVESTIGATION RESULT:</span></strong></p>

<p><strong><span style=""font-size:16px"">CURRENT TREATMENT/MEDICATIONS:</span></strong></p>

<p><strong><span style=""font-size:16px"">PRESENCE OF COMPLICATION: </span></strong><span style=""font-size:16px"">YES/NO&nbsp;</span></p>

<p><strong><span style=""font-size:16px"">STATUS:</span></strong></p>

<p>&nbsp;</p>

<p style=""margin-left:40px""><span style=""font-size:18px""><u><strong>EXISTING CONDITION:</strong></u><strong>&nbsp;4</strong></span></p>

<p><strong><span style=""font-size:16px"">DURATION (FROM DIAGNOSIS TILL DATE):</span></strong></p>

<p><strong><span style=""font-size:16px"">LATEST INVESTIGATION RESULT:</span></strong></p>

<p><strong><span style=""font-size:16px"">CURRENT TREATMENT/MEDICATIONS:</span></strong></p>

<p><strong><span style=""font-size:16px"">PRESENCE OF COMPLICATION: </span></strong><span style=""font-size:16px"">YES/NO&nbsp;</span></p>

<p><strong><span style=""font-size:16px"">STATUS:</span></strong></p>
",77912,1,30-Dec-22
1123,"<p style=""margin-left:40px""><span style=""font-size:18px""><u><strong>EXISTING CONDITION:</strong></u><strong>&nbsp;1 Malaria</strong></span></p>

<p><strong><span style=""font-size:16px"">DURATION (FROM DIAGNOSIS TILL DATE): 1 month ago</span></strong></p>

<p><strong><span style=""font-size:16px"">LATEST INVESTIGATION RESULT: MP Positive</span></strong></p>

<p><strong><span style=""font-size:16px"">CURRENT TREATMENT/MEDICATIONS:&nbsp; PCM 2tds 5</span></strong></p>

<p><strong><span style=""font-size:16px"">PRESENCE OF COMPLICATION: </span></strong><span style=""font-size:16px"">NO&nbsp;</span></p>

<p><strong><span style=""font-size:16px"">STATUS: stable</span></strong></p>

<p>&nbsp;</p>

<p style=""margin-left:40px"">&nbsp;</p>

<p>&nbsp;</p>

<p>&nbsp;</p>

<p>&nbsp;</p>
",79194,3609,25-Jan-23
1124,"<p style=""margin-left:40px""><span style=""font-size:18px""><u><strong>EXISTING CONDITION:</strong></u><strong>&nbsp;1</strong></span></p>

<p><strong><span style=""font-size:16px"">DURATION (FROM DIAGNOSIS TILL DATE):1 year</span></strong></p>

<p><strong><span style=""font-size:16px"">LATEST INVESTIGATION RESULT:</span></strong></p>

<p><strong><span style=""font-size:16px"">CURRENT TREATMENT/MEDICATIONS:</span></strong></p>

<p><strong><span style=""font-size:16px"">PRESENCE OF COMPLICATION: </span></strong><span style=""font-size:16px"">YES/NO&nbsp;</span></p>

<p><strong><span style=""font-size:16px"">STATUS:stable</span></strong></p>

<p>&nbsp;</p>

<p style=""margin-left:40px""><span style=""font-size:18px""><u><strong>EXISTING CONDITION:</strong></u><strong>&nbsp;2</strong></span></p>

<p><strong><span style=""font-size:16px"">DURATION (FROM DIAGNOSIS TILL DATE):</span></strong></p>

<p><strong><span style=""font-size:16px"">LATEST INVESTIGATION RESULT:</span></strong></p>

<p><strong><span style=""font-size:16px"">CURRENT TREATMENT/MEDICATIONS:</span></strong></p>

<p><strong><span style=""font-size:16px"">PRESENCE OF COMPLICATION: </span></strong><span style=""font-size:16px"">YES/NO&nbsp;</span></p>

<p><strong><span style=""font-size:16px"">STATUS:</span></strong></p>

<p>&nbsp;</p>

<p style=""margin-left:40px""><span style=""font-size:18px""><u><strong>EXISTING CONDITION:</strong></u><strong>&nbsp;3</strong></span></p>

<p><strong><span style=""font-size:16px"">DURATION (FROM DIAGNOSIS TILL DATE):</span></strong></p>

<p><strong><span style=""font-size:16px"">LATEST INVESTIGATION RESULT:</span></strong></p>

<p><strong><span style=""font-size:16px"">CURRENT TREATMENT/MEDICATIONS:</span></strong></p>

<p><strong><span style=""font-size:16px"">PRESENCE OF COMPLICATION: </span></strong><span style=""font-size:16px"">YES/NO&nbsp;</span></p>

<p><strong><span style=""font-size:16px"">STATUS:</span></strong></p>

<p>&nbsp;</p>

<p style=""margin-left:40px""><span style=""font-size:18px""><u><strong>EXISTING CONDITION:</strong></u><strong>&nbsp;4</strong></span></p>

<p><strong><span style=""font-size:16px"">DURATION (FROM DIAGNOSIS TILL DATE):</span></strong></p>

<p><strong><span style=""font-size:16px"">LATEST INVESTIGATION RESULT:</span></strong></p>

<p><strong><span style=""font-size:16px"">CURRENT TREATMENT/MEDICATIONS:</span></strong></p>

<p><strong><span style=""font-size:16px"">PRESENCE OF COMPLICATION: </span></strong><span style=""font-size:16px"">YES/NO&nbsp;</span></p>

<p><strong><span style=""font-size:16px"">STATUS:</span></strong></p>
",79231,3609,25-Jan-23
1125,"<p style=""margin-left:40px""><span style=""font-size:18px""><u><strong>EXISTING CONDITION:</strong></u><strong>&nbsp;1</strong></span></p>

<p><strong><span style=""font-size:16px"">DURATION (FROM DIAGNOSIS TILL DATE):</span></strong></p>

<p><strong><span style=""font-size:16px"">LATEST INVESTIGATION RESULT:</span></strong></p>

<p><strong><span style=""font-size:16px"">CURRENT TREATMENT/MEDICATIONS:</span></strong></p>

<p><strong><span style=""font-size:16px"">PRESENCE OF COMPLICATION: </span></strong><span style=""font-size:16px"">YES/NO&nbsp;</span></p>

<p><strong><span style=""font-size:16px"">STATUS:</span></strong></p>

<p>&nbsp;</p>

<p style=""margin-left:40px""><span style=""font-size:18px""><u><strong>EXISTING CONDITION:</strong></u><strong>&nbsp;2</strong></span></p>

<p><strong><span style=""font-size:16px"">DURATION (FROM DIAGNOSIS TILL DATE):</span></strong></p>

<p><strong><span style=""font-size:16px"">LATEST INVESTIGATION RESULT:</span></strong></p>

<p><strong><span style=""font-size:16px"">CURRENT TREATMENT/MEDICATIONS:</span></strong></p>

<p><strong><span style=""font-size:16px"">PRESENCE OF COMPLICATION: </span></strong><span style=""font-size:16px"">YES/NO&nbsp;</span></p>

<p><strong><span style=""font-size:16px"">STATUS:</span></strong></p>

<p>&nbsp;</p>

<p style=""margin-left:40px""><span style=""font-size:18px""><u><strong>EXISTING CONDITION:</strong></u><strong>&nbsp;3</strong></span></p>

<p><strong><span style=""font-size:16px"">DURATION (FROM DIAGNOSIS TILL DATE):</span></strong></p>

<p><strong><span style=""font-size:16px"">LATEST INVESTIGATION RESULT:</span></strong></p>

<p><strong><span style=""font-size:16px"">CURRENT TREATMENT/MEDICATIONS:</span></strong></p>

<p><strong><span style=""font-size:16px"">PRESENCE OF COMPLICATION: </span></strong><span style=""font-size:16px"">YES/NO&nbsp;</span></p>

<p><strong><span style=""font-size:16px"">STATUS:</span></strong></p>

<p>&nbsp;</p>

<p style=""margin-left:40px""><span style=""font-size:18px""><u><strong>EXISTING CONDITION:</strong></u><strong>&nbsp;4</strong></span></p>

<p><strong><span style=""font-size:16px"">DURATION (FROM DIAGNOSIS TILL DATE):</span></strong></p>

<p><strong><span style=""font-size:16px"">LATEST INVESTIGATION RESULT:</span></strong></p>

<p><strong><span style=""font-size:16px"">CURRENT TREATMENT/MEDICATIONS:</span></strong></p>

<p><strong><span style=""font-size:16px"">PRESENCE OF COMPLICATION: </span></strong><span style=""font-size:16px"">YES/NO&nbsp;</span></p>

<p><strong><span style=""font-size:16px"">STATUS:</span></strong></p>
",79198,3609,25-Jan-23
1126,"<p style=""margin-left:40px""><span style=""font-size:18px""><u><strong>EXISTING CONDITION:</strong></u><strong>&nbsp;1</strong></span></p>

<p><strong><span style=""font-size:16px"">DURATION (FROM DIAGNOSIS TILL DATE):</span></strong></p>

<p><strong><span style=""font-size:16px"">LATEST INVESTIGATION RESULT: MP Positive</span></strong></p>

<p><strong><span style=""font-size:16px"">CURRENT TREATMENT/MEDICATIONS: PCM 2 tds&nbsp;</span></strong></p>

<p><strong><span style=""font-size:16px"">PRESENCE OF COMPLICATION: </span></strong><span style=""font-size:16px"">YES</span></p>

<p><strong><span style=""font-size:16px"">STATUS: St</span></strong></p>

<p>&nbsp;</p>

<p style=""margin-left:40px""><span style=""font-size:18px""><u><strong>EXISTING CONDITION:</strong></u><strong>&nbsp;2</strong></span></p>

<p><strong><span style=""font-size:16px"">DURATION (FROM DIAGNOSIS TILL DATE):</span></strong></p>

<p><strong><span style=""font-size:16px"">LATEST INVESTIGATION RESULT:</span></strong></p>

<p><strong><span style=""font-size:16px"">CURRENT TREATMENT/MEDICATIONS:</span></strong></p>

<p><strong><span style=""font-size:16px"">PRESENCE OF COMPLICATION: </span></strong><span style=""font-size:16px"">YES/NO&nbsp;</span></p>

<p><strong><span style=""font-size:16px"">STATUS:</span></strong></p>

<p>&nbsp;</p>

<p style=""margin-left:40px""><span style=""font-size:18px""><u><strong>EXISTING CONDITION:</strong></u><strong>&nbsp;3</strong></span></p>

<p><strong><span style=""font-size:16px"">DURATION (FROM DIAGNOSIS TILL DATE):</span></strong></p>

<p><strong><span style=""font-size:16px"">LATEST INVESTIGATION RESULT:</span></strong></p>

<p><strong><span style=""font-size:16px"">CURRENT TREATMENT/MEDICATIONS:</span></strong></p>

<p><strong><span style=""font-size:16px"">PRESENCE OF COMPLICATION: </span></strong><span style=""font-size:16px"">YES/NO&nbsp;</span></p>

<p><strong><span style=""font-size:16px"">STATUS:</span></strong></p>

<p>&nbsp;</p>

<p style=""margin-left:40px""><span style=""font-size:18px""><u><strong>EXISTING CONDITION:</strong></u><strong>&nbsp;4</strong></span></p>

<p><strong><span style=""font-size:16px"">DURATION (FROM DIAGNOSIS TILL DATE):</span></strong></p>

<p><strong><span style=""font-size:16px"">LATEST INVESTIGATION RESULT:</span></strong></p>

<p><strong><span style=""font-size:16px"">CURRENT TREATMENT/MEDICATIONS:</span></strong></p>

<p><strong><span style=""font-size:16px"">PRESENCE OF COMPLICATION: </span></strong><span style=""font-size:16px"">YES/NO&nbsp;</span></p>

<p><strong><span style=""font-size:16px"">STATUS:</span></strong></p>
",79214,3609,25-Jan-23
1128,"<p style=""margin-left:40px""><span style=""font-size:18px""><u><strong>EXISTING CONDITION:</strong></u><strong>&nbsp;1</strong></span></p>

<p><strong><span style=""font-size:16px"">DURATION (FROM DIAGNOSIS TILL DATE):</span></strong></p>

<p><strong><span style=""font-size:16px"">LATEST INVESTIGATION RESULT:</span></strong></p>

<p><strong><span style=""font-size:16px"">CURRENT TREATMENT/MEDICATIONS:</span></strong></p>

<p><strong><span style=""font-size:16px"">PRESENCE OF COMPLICATION: </span></strong><span style=""font-size:16px"">YES/NO&nbsp;</span></p>

<p><strong><span style=""font-size:16px"">STATUS: chf</span></strong></p>

<p>&nbsp;</p>

<p>&nbsp;</p>

<p style=""margin-left:40px""><span style=""font-size:18px""><u><strong>EXISTING CONDITION:</strong></u><strong>&nbsp;2</strong></span></p>

<p><strong><span style=""font-size:16px"">DURATION (FROM DIAGNOSIS TILL DATE):</span></strong></p>

<p><strong><span style=""font-size:16px"">LATEST INVESTIGATION RESULT:</span></strong></p>

<p><strong><span style=""font-size:16px"">CURRENT TREATMENT/MEDICATIONS:</span></strong></p>

<p><strong><span style=""font-size:16px"">PRESENCE OF COMPLICATION: </span></strong><span style=""font-size:16px"">YES/NO&nbsp;</span></p>

<p><strong><span style=""font-size:16px"">STATUS:</span></strong></p>

<p>&nbsp;</p>

<p style=""margin-left:40px""><span style=""font-size:18px""><u><strong>EXISTING CONDITION:</strong></u><strong>&nbsp;3</strong></span></p>

<p><strong><span style=""font-size:16px"">DURATION (FROM DIAGNOSIS TILL DATE):</span></strong></p>

<p><strong><span style=""font-size:16px"">LATEST INVESTIGATION RESULT:</span></strong></p>

<p><strong><span style=""font-size:16px"">CURRENT TREATMENT/MEDICATIONS:</span></strong></p>

<p><strong><span style=""font-size:16px"">PRESENCE OF COMPLICATION: </span></strong><span style=""font-size:16px"">YES/NO&nbsp;</span></p>

<p><strong><span style=""font-size:16px"">STATUS:</span></strong></p>

<p>&nbsp;</p>

<p style=""margin-left:40px""><span style=""font-size:18px""><u><strong>EXISTING CONDITION:</strong></u><strong>&nbsp;4</strong></span></p>

<p><strong><span style=""font-size:16px"">DURATION (FROM DIAGNOSIS TILL DATE):</span></strong></p>

<p><strong><span style=""font-size:16px"">LATEST INVESTIGATION RESULT:</span></strong></p>

<p><strong><span style=""font-size:16px"">CURRENT TREATMENT/MEDICATIONS:</span></strong></p>

<p><strong><span style=""font-size:16px"">PRESENCE OF COMPLICATION: </span></strong><span style=""font-size:16px"">YES/NO&nbsp;</span></p>

<p><strong><span style=""font-size:16px"">STATUS:</span></strong></p>
",79231,3609,25-Jan-23
1143,"<p style=""margin-left:40px""><span style=""font-size:18px""><u><strong>EXISTING CONDITION:</strong></u><strong>&nbsp;1 Malaria</strong></span></p>

<p><strong><span style=""font-size:16px"">DURATION (FROM DIAGNOSIS TILL DATE): Feb 8 2023</span></strong></p>

<p><strong><span style=""font-size:16px"">LATEST INVESTIGATION RESULT: MP positive</span></strong></p>

<p><strong><span style=""font-size:16px"">CURRENT TREATMENT/MEDICATIONS: PCM&nbsp;</span></strong></p>

<p><strong><span style=""font-size:16px"">PRESENCE OF COMPLICATION: NO</span></strong></p>

<p><strong><span style=""font-size:16px"">STATUS: Stable</span></strong></p>

<p>&nbsp;</p>

<p style=""margin-left:40px"">&nbsp;</p>

<p>&nbsp;</p>

<p style=""margin-left:40px"">&nbsp;</p>

<p>&nbsp;</p>
",79871,4110,13-Mar-23
684,"<p style=""margin-left:40px""><span style=""font-size:18px""><u><strong>EXISTING CONDITION:</strong></u><strong>&nbsp;1rehtuiy</strong></span></p>

<p><strong><span style=""font-size:16px"">DURATION (FROM DIAGNOSIS TILL DATE):sdfterhytrh</span></strong></p>

<p><strong><span style=""font-size:16px"">LATEST INVESTIGATION RESULT:rereery</span></strong></p>

<p><strong><span style=""font-size:16px"">CURRENT TREATMENT/MEDICATIONS:regy54u</span></strong></p>

<p><strong><span style=""font-size:16px"">PRESENCE OF COMPLICATION: </span></strong><span style=""font-size:16px"">YES</span></p>

<p><strong><span style=""font-size:16px"">STATUS: stable</span></strong></p>

<p>&nbsp;</p>

<p style=""margin-left:40px"">&nbsp;</p>
",75071,1169,23-Feb-21
723,"<p style=""margin-left:40px""><span style=""font-size:18px""><u><strong>EXISTING CONDITION:</strong></u><strong>&nbsp;1</strong></span></p>

<p><strong><span style=""font-size:16px"">DURATION (FROM DIAGNOSIS TILL DATE):</span></strong></p>

<p><strong><span style=""font-size:16px"">LATEST INVESTIGATION RESULT:</span></strong></p>

<p><strong><span style=""font-size:16px"">CURRENT TREATMENT/MEDICATIONS:</span></strong></p>

<p><strong><span style=""font-size:16px"">PRESENCE OF COMPLICATION: </span></strong><span style=""font-size:16px"">YES</span></p>

<p><strong><span style=""font-size:16px"">STATUS:</span></strong></p>

<p>&nbsp;</p>

<p style=""margin-left:40px"">&nbsp;</p>
",75411,1,29-Mar-21
784,"<p style=""margin-left:40px""><span style=""font-size:18px""><u><strong>EXISTING CONDITION:</strong></u><strong>&nbsp;1</strong></span></p>

<p><strong><span style=""font-size:16px"">DURATION (FROM DIAGNOSIS TILL DATE):</span></strong></p>

<p><strong><span style=""font-size:16px"">LATEST INVESTIGATION RESULT:</span></strong></p>

<p><strong><span style=""font-size:16px"">CURRENT TREATMENT/MEDICATIONS:</span></strong></p>

<p><strong><span style=""font-size:16px"">PRESENCE OF COMPLICATION: </span></strong><span style=""font-size:16px"">YES/NO&nbsp;</span></p>

<p><strong><span style=""font-size:16px"">STATUS:</span></strong></p>

<p>&nbsp;</p>

<p style=""margin-left:40px""><span style=""font-size:18px""><u><strong>EXISTING CONDITION:</strong></u><strong>&nbsp;2</strong></span></p>

<p><strong><span style=""font-size:16px"">DURATION (FROM DIAGNOSIS TILL DATE):</span></strong></p>

<p><strong><span style=""font-size:16px"">LATEST INVESTIGATION RESULT:</span></strong></p>

<p><strong><span style=""font-size:16px"">CURRENT TREATMENT/MEDICATIONS:</span></strong></p>

<p><strong><span style=""font-size:16px"">PRESENCE OF COMPLICATION: </span></strong><span style=""font-size:16px"">YES/NO&nbsp;</span></p>

<p><strong><span style=""font-size:16px"">STATUS:</span></strong></p>

<p>&nbsp;</p>

<p style=""margin-left:40px""><span style=""font-size:18px""><u><strong>EXISTING CONDITION:</strong></u><strong>&nbsp;3</strong></span></p>

<p><strong><span style=""font-size:16px"">DURATION (FROM DIAGNOSIS TILL DATE):</span></strong></p>

<p><strong><span style=""font-size:16px"">LATEST INVESTIGATION RESULT:</span></strong></p>

<p><strong><span style=""font-size:16px"">CURRENT TREATMENT/MEDICATIONS:</span></strong></p>

<p><strong><span style=""font-size:16px"">PRESENCE OF COMPLICATION: </span></strong><span style=""font-size:16px"">YES/NO&nbsp;</span></p>

<p><strong><span style=""font-size:16px"">STATUS:</span></strong></p>

<p>&nbsp;</p>

<p style=""margin-left:40px""><span style=""font-size:18px""><u><strong>EXISTING CONDITION:</strong></u><strong>&nbsp;4</strong></span></p>

<p><strong><span style=""font-size:16px"">DURATION (FROM DIAGNOSIS TILL DATE):</span></strong></p>

<p><strong><span style=""font-size:16px"">LATEST INVESTIGATION RESULT:</span></strong></p>

<p><strong><span style=""font-size:16px"">CURRENT TREATMENT/MEDICATIONS:</span></strong></p>

<p><strong><span style=""font-size:16px"">PRESENCE OF COMPLICATION: </span></strong><span style=""font-size:16px"">YES/NO&nbsp;</span></p>

<p><strong><span style=""font-size:16px"">STATUS:</span></strong></p>
",76571,1,29-Nov-21
903,"<p style=""margin-left:40px""><span style=""font-size:18px""><u><strong>EXISTING CONDITION:</strong></u><strong>&nbsp;1 Malaria</strong></span></p>

<p><strong><span style=""font-size:16px"">DURATION (FROM DIAGNOSIS TILL DATE): 12/01/2021</span></strong></p>

<p><strong><span style=""font-size:16px"">LATEST INVESTIGATION RESULT: MP Positive&nbsp;</span></strong></p>

<p><strong><span style=""font-size:16px"">CURRENT TREATMENT/MEDICATIONS: PCM, Vit c</span></strong></p>

<p><strong><span style=""font-size:16px"">PRESENCE OF COMPLICATION: </span></strong><span style=""font-size:16px"">YES</span></p>

<p><strong><span style=""font-size:16px"">STATUS: Stable</span></strong></p>

<p>&nbsp;</p>

<p style=""margin-left:40px"">&nbsp;</p>
",76711,1,13-Jan-22
943,"<p style=""margin-left:40px""><span style=""font-size:18px""><u><strong>EXISTING CONDITION:</strong></u><strong>&nbsp;1</strong></span></p>

<p><strong><span style=""font-size:16px"">DURATION (FROM DIAGNOSIS TILL DATE): MALARIA&nbsp;</span></strong></p>

<p><strong><span style=""font-size:16px"">LATEST INVESTIGATION RESULT: MALARIA&nbsp;</span></strong></p>

<p><strong><span style=""font-size:16px"">CURRENT TREATMENT/MEDICATIONS:</span></strong></p>

<p><strong><span style=""font-size:16px"">PRESENCE OF COMPLICATION:&nbsp;</span></strong><span style=""font-size:16px"">NO&nbsp;</span></p>

<p><strong><span style=""font-size:16px"">STATUS:</span></strong></p>

<p>&nbsp;</p>

<p style=""margin-left:40px"">&nbsp;</p>

<p>&nbsp;</p>
",78011,1,16-Sep-22
563,"<p style=""margin-left:40px""><span style=""font-size:18px""><u><strong>EXISTING CONDITION:</strong></u><strong>&nbsp;1</strong></span></p>

<p><strong><span style=""font-size:16px"">DURATION (FROM DIAGNOSIS TILL DATE):</span></strong></p>

<p><strong><span style=""font-size:16px"">LATEST INVESTIGATION RESULT:</span></strong></p>

<p><strong><span style=""font-size:16px"">CURRENT TREATMENT/MEDICATIONS:</span></strong></p>

<p><strong><span style=""font-size:16px"">PRESENCE OF COMPLICATION: </span></strong><span style=""font-size:16px"">YES/NO&nbsp;</span></p>

<p><strong><span style=""font-size:16px"">STATUS:</span></strong></p>

<p>&nbsp;</p>

<p style=""margin-left:40px""><span style=""font-size:18px""><u><strong>EXISTING CONDITION:</strong></u><strong>&nbsp;2</strong></span></p>

<p><strong><span style=""font-size:16px"">DURATION (FROM DIAGNOSIS TILL DATE):</span></strong></p>

<p><strong><span style=""font-size:16px"">LATEST INVESTIGATION RESULT:</span></strong></p>

<p><strong><span style=""font-size:16px"">CURRENT TREATMENT/MEDICATIONS:</span></strong></p>

<p><strong><span style=""font-size:16px"">PRESENCE OF COMPLICATION: </span></strong><span style=""font-size:16px"">YES/NO&nbsp;</span></p>

<p><strong><span style=""font-size:16px"">STATUS:</span></strong></p>

<p>&nbsp;</p>

<p style=""margin-left:40px""><span style=""font-size:18px""><u><strong>EXISTING CONDITION:</strong></u><strong>&nbsp;3</strong></span></p>

<p><strong><span style=""font-size:16px"">DURATION (FROM DIAGNOSIS TILL DATE):</span></strong></p>

<p><strong><span style=""font-size:16px"">LATEST INVESTIGATION RESULT:</span></strong></p>

<p><strong><span style=""font-size:16px"">CURRENT TREATMENT/MEDICATIONS:</span></strong></p>

<p><strong><span style=""font-size:16px"">PRESENCE OF COMPLICATION: </span></strong><span style=""font-size:16px"">YES/NO&nbsp;</span></p>

<p><strong><span style=""font-size:16px"">STATUS:</span></strong></p>

<p>&nbsp;</p>

<p style=""margin-left:40px""><span style=""font-size:18px""><u><strong>EXISTING CONDITION:</strong></u><strong>&nbsp;4</strong></span></p>

<p><strong><span style=""font-size:16px"">DURATION (FROM DIAGNOSIS TILL DATE):</span></strong></p>

<p><strong><span style=""font-size:16px"">LATEST INVESTIGATION RESULT:</span></strong></p>

<p><strong><span style=""font-size:16px"">CURRENT TREATMENT/MEDICATIONS:</span></strong></p>

<p><strong><span style=""font-size:16px"">PRESENCE OF COMPLICATION: </span></strong><span style=""font-size:16px"">YES/NO&nbsp;</span></p>

<p><strong><span style=""font-size:16px"">STATUS:</span></strong></p>
",,1,28-Sep-20
564,"<p style=""margin-left:40px""><span style=""font-size:18px""><u><strong>EXISTING CONDITION:</strong></u><strong>&nbsp;1</strong></span></p>

<p><strong><span style=""font-size:16px"">DURATION (FROM DIAGNOSIS TILL DATE):</span></strong></p>

<p><strong><span style=""font-size:16px"">LATEST INVESTIGATION RESULT:</span></strong></p>

<p><strong><span style=""font-size:16px"">CURRENT TREATMENT/MEDICATIONS:</span></strong></p>

<p><strong><span style=""font-size:16px"">PRESENCE OF COMPLICATION: </span></strong><span style=""font-size:16px"">YES/NO&nbsp;</span></p>

<p><strong><span style=""font-size:16px"">STATUS:</span></strong></p>

<p>&nbsp;</p>

<p style=""margin-left:40px""><span style=""font-size:18px""><u><strong>EXISTING CONDITION:</strong></u><strong>&nbsp;2</strong></span></p>

<p><strong><span style=""font-size:16px"">DURATION (FROM DIAGNOSIS TILL DATE):</span></strong></p>

<p><strong><span style=""font-size:16px"">LATEST INVESTIGATION RESULT:</span></strong></p>

<p><strong><span style=""font-size:16px"">CURRENT TREATMENT/MEDICATIONS:</span></strong></p>

<p><strong><span style=""font-size:16px"">PRESENCE OF COMPLICATION: </span></strong><span style=""font-size:16px"">YES/NO&nbsp;</span></p>

<p><strong><span style=""font-size:16px"">STATUS:</span></strong></p>

<p>&nbsp;</p>

<p style=""margin-left:40px""><span style=""font-size:18px""><u><strong>EXISTING CONDITION:</strong></u><strong>&nbsp;3</strong></span></p>

<p><strong><span style=""font-size:16px"">DURATION (FROM DIAGNOSIS TILL DATE):</span></strong></p>

<p><strong><span style=""font-size:16px"">LATEST INVESTIGATION RESULT:</span></strong></p>

<p><strong><span style=""font-size:16px"">CURRENT TREATMENT/MEDICATIONS:</span></strong></p>

<p><strong><span style=""font-size:16px"">PRESENCE OF COMPLICATION: </span></strong><span style=""font-size:16px"">YES/NO&nbsp;</span></p>

<p><strong><span style=""font-size:16px"">STATUS:</span></strong></p>

<p>&nbsp;</p>

<p style=""margin-left:40px""><span style=""font-size:18px""><u><strong>EXISTING CONDITION:</strong></u><strong>&nbsp;4</strong></span></p>

<p><strong><span style=""font-size:16px"">DURATION (FROM DIAGNOSIS TILL DATE):</span></strong></p>

<p><strong><span style=""font-size:16px"">LATEST INVESTIGATION RESULT:</span></strong></p>

<p><strong><span style=""font-size:16px"">CURRENT TREATMENT/MEDICATIONS:</span></strong></p>

<p><strong><span style=""font-size:16px"">PRESENCE OF COMPLICATION: </span></strong><span style=""font-size:16px"">YES/NO&nbsp;</span></p>

<p><strong><span style=""font-size:16px"">STATUS:</span></strong></p>
",73910,1,28-Sep-20
663,"<p style=""margin-left:40px""><span style=""font-size:18px""><u><strong>EXISTING CONDITION:</strong></u><strong>&nbsp;1TYUJJ</strong></span></p>

<p><strong><span style=""font-size:16px"">DURATION (FROM DIAGNOSIS TILL DATE):IIUUJ</span></strong></p>

<p><strong><span style=""font-size:16px"">LATEST INVESTIGATION RESULT:JIOOO</span></strong></p>

<p><strong><span style=""font-size:16px"">CURRENT TREATMENT/MEDICATIONS:YYIOLOO</span></strong></p>

<p><strong><span style=""font-size:16px"">PRESENCE OF COMPLICATION: </span></strong><span style=""font-size:16px"">YES</span></p>

<p><strong><span style=""font-size:16px"">STATUS: ERRYY</span></strong></p>

<p>&nbsp;</p>

<p style=""margin-left:40px"">&nbsp;</p>
",75071,1,11-Feb-21
683,"<p style=""margin-left:40px""><span style=""font-size:18px""><u><strong>EXISTING CONDITION:</strong></u><strong>&nbsp;1 Malaria</strong></span></p>

<p><strong><span style=""font-size:16px"">DURATION (FROM DIAGNOSIS TILL DATE): &nbsp;4th/06/2020</span></strong></p>

<p><strong><span style=""font-size:16px"">LATEST INVESTIGATION RESULT: malaria parasite test----</span></strong></p>

<p><strong><span style=""font-size:16px"">CURRENT TREATMENT/MEDICATIONS: pcm 2/2/2,jh,,......</span></strong></p>

<p><strong><span style=""font-size:16px"">PRESENCE OF COMPLICATION: </span></strong><span style=""font-size:16px"">NO&nbsp;</span></p>

<p><strong><span style=""font-size:16px"">STATUS: stable</span></strong></p>

<p>&nbsp;</p>

<p style=""margin-left:40px"">&nbsp;</p>
",75071,1169,23-Feb-21
743,"<p style=""margin-left:40px""><span style=""font-size:18px""><u><strong>EXISTING CONDITION:</strong></u><strong>&nbsp;1</strong></span></p>

<p><strong><span style=""font-size:16px"">DURATION (FROM DIAGNOSIS TILL DATE):</span></strong></p>

<p><strong><span style=""font-size:16px"">LATEST INVESTIGATION RESULT:</span></strong></p>

<p><strong><span style=""font-size:16px"">CURRENT TREATMENT/MEDICATIONS:</span></strong></p>

<p><strong><span style=""font-size:16px"">PRESENCE OF COMPLICATION: </span></strong><span style=""font-size:16px"">YES/NO&nbsp;</span></p>

<p><strong><span style=""font-size:16px"">STATUS:</span></strong></p>

<p>&nbsp;</p>

<p style=""margin-left:40px""><span style=""font-size:18px""><u><strong>EXISTING CONDITION:</strong></u><strong>&nbsp;2</strong></span></p>

<p><strong><span style=""font-size:16px"">DURATION (FROM DIAGNOSIS TILL DATE):</span></strong></p>

<p><strong><span style=""font-size:16px"">LATEST INVESTIGATION RESULT:</span></strong></p>

<p><strong><span style=""font-size:16px"">CURRENT TREATMENT/MEDICATIONS:</span></strong></p>

<p><strong><span style=""font-size:16px"">PRESENCE OF COMPLICATION: </span></strong><span style=""font-size:16px"">YES/NO&nbsp;</span></p>

<p><strong><span style=""font-size:16px"">STATUS:</span></strong></p>

<p>&nbsp;</p>

<p style=""margin-left:40px""><span style=""font-size:18px""><u><strong>EXISTING CONDITION:</strong></u><strong>&nbsp;3</strong></span></p>

<p><strong><span style=""font-size:16px"">DURATION (FROM DIAGNOSIS TILL DATE):</span></strong></p>

<p><strong><span style=""font-size:16px"">LATEST INVESTIGATION RESULT:</span></strong></p>

<p><strong><span style=""font-size:16px"">CURRENT TREATMENT/MEDICATIONS:</span></strong></p>

<p><strong><span style=""font-size:16px"">PRESENCE OF COMPLICATION: </span></strong><span style=""font-size:16px"">YES/NO&nbsp;</span></p>

<p><strong><span style=""font-size:16px"">STATUS:</span></strong></p>

<p>&nbsp;</p>

<p style=""margin-left:40px""><span style=""font-size:18px""><u><strong>EXISTING CONDITION:</strong></u><strong>&nbsp;4</strong></span></p>

<p><strong><span style=""font-size:16px"">DURATION (FROM DIAGNOSIS TILL DATE):</span></strong></p>

<p><strong><span style=""font-size:16px"">LATEST INVESTIGATION RESULT:</span></strong></p>

<p><strong><span style=""font-size:16px"">CURRENT TREATMENT/MEDICATIONS:</span></strong></p>

<p><strong><span style=""font-size:16px"">PRESENCE OF COMPLICATION: </span></strong><span style=""font-size:16px"">YES/NO&nbsp;</span></p>

<p><strong><span style=""font-size:16px"">STATUS:</span></strong></p>
",75531,1,28-Apr-21
744,"<p style=""margin-left:40px""><span style=""font-size:18px""><u><strong>EXISTING CONDITION:</strong></u><strong>&nbsp;1</strong></span></p>

<p><strong><span style=""font-size:16px"">DURATION (FROM DIAGNOSIS TILL DATE):</span></strong></p>

<p><strong><span style=""font-size:16px"">LATEST INVESTIGATION RESULT:</span></strong></p>

<p><strong><span style=""font-size:16px"">CURRENT TREATMENT/MEDICATIONS:</span></strong></p>

<p><strong><span style=""font-size:16px"">PRESENCE OF COMPLICATION: </span></strong><span style=""font-size:16px"">YES/NO&nbsp;</span></p>

<p><strong><span style=""font-size:16px"">STATUS:</span></strong></p>

<p>&nbsp;</p>

<p style=""margin-left:40px""><span style=""font-size:18px""><u><strong>EXISTING CONDITION:</strong></u><strong>&nbsp;2</strong></span></p>

<p><strong><span style=""font-size:16px"">DURATION (FROM DIAGNOSIS TILL DATE):</span></strong></p>

<p><strong><span style=""font-size:16px"">LATEST INVESTIGATION RESULT:</span></strong></p>

<p><strong><span style=""font-size:16px"">CURRENT TREATMENT/MEDICATIONS:</span></strong></p>

<p><strong><span style=""font-size:16px"">PRESENCE OF COMPLICATION: </span></strong><span style=""font-size:16px"">YES/NO&nbsp;</span></p>

<p><strong><span style=""font-size:16px"">STATUS:</span></strong></p>

<p>&nbsp;</p>

<p style=""margin-left:40px""><span style=""font-size:18px""><u><strong>EXISTING CONDITION:</strong></u><strong>&nbsp;3</strong></span></p>

<p><strong><span style=""font-size:16px"">DURATION (FROM DIAGNOSIS TILL DATE):</span></strong></p>

<p><strong><span style=""font-size:16px"">LATEST INVESTIGATION RESULT:</span></strong></p>

<p><strong><span style=""font-size:16px"">CURRENT TREATMENT/MEDICATIONS:</span></strong></p>

<p><strong><span style=""font-size:16px"">PRESENCE OF COMPLICATION: </span></strong><span style=""font-size:16px"">YES/NO&nbsp;</span></p>

<p><strong><span style=""font-size:16px"">STATUS:</span></strong></p>

<p>&nbsp;</p>

<p style=""margin-left:40px""><span style=""font-size:18px""><u><strong>EXISTING CONDITION:</strong></u><strong>&nbsp;4</strong></span></p>

<p><strong><span style=""font-size:16px"">DURATION (FROM DIAGNOSIS TILL DATE):</span></strong></p>

<p><strong><span style=""font-size:16px"">LATEST INVESTIGATION RESULT:</span></strong></p>

<p><strong><span style=""font-size:16px"">CURRENT TREATMENT/MEDICATIONS:</span></strong></p>

<p><strong><span style=""font-size:16px"">PRESENCE OF COMPLICATION: </span></strong><span style=""font-size:16px"">YES/NO&nbsp;</span></p>

<p><strong><span style=""font-size:16px"">STATUS:</span></strong></p>
",75552,1,28-Apr-21
745,,75552,1,28-Apr-21
783,"<p style=""margin-left:40px""><span style=""font-size:18px""><u><strong>EXISTING CONDITION:</strong></u><strong>&nbsp;1</strong></span></p>

<p><strong><span style=""font-size:16px"">DURATION (FROM DIAGNOSIS TILL DATE):</span></strong></p>

<p><strong><span style=""font-size:16px"">LATEST INVESTIGATION RESULT:</span></strong></p>

<p><strong><span style=""font-size:16px"">CURRENT TREATMENT/MEDICATIONS:</span></strong></p>

<p><strong><span style=""font-size:16px"">PRESENCE OF COMPLICATION: </span></strong><span style=""font-size:16px"">YES/NO&nbsp;</span></p>

<p><strong><span style=""font-size:16px"">STATUS:</span></strong></p>

<p>&nbsp;</p>

<p style=""margin-left:40px""><span style=""font-size:18px""><u><strong>EXISTING CONDITION:</strong></u><strong>&nbsp;2</strong></span></p>

<p><strong><span style=""font-size:16px"">DURATION (FROM DIAGNOSIS TILL DATE):</span></strong></p>

<p><strong><span style=""font-size:16px"">LATEST INVESTIGATION RESULT:</span></strong></p>

<p><strong><span style=""font-size:16px"">CURRENT TREATMENT/MEDICATIONS:</span></strong></p>

<p><strong><span style=""font-size:16px"">PRESENCE OF COMPLICATION: </span></strong><span style=""font-size:16px"">YES/NO&nbsp;</span></p>

<p><strong><span style=""font-size:16px"">STATUS:</span></strong></p>

<p>&nbsp;</p>

<p style=""margin-left:40px""><span style=""font-size:18px""><u><strong>EXISTING CONDITION:</strong></u><strong>&nbsp;3</strong></span></p>

<p><strong><span style=""font-size:16px"">DURATION (FROM DIAGNOSIS TILL DATE):</span></strong></p>

<p><strong><span style=""font-size:16px"">LATEST INVESTIGATION RESULT:</span></strong></p>

<p><strong><span style=""font-size:16px"">CURRENT TREATMENT/MEDICATIONS:</span></strong></p>

<p><strong><span style=""font-size:16px"">PRESENCE OF COMPLICATION: </span></strong><span style=""font-size:16px"">YES/NO&nbsp;</span></p>

<p><strong><span style=""font-size:16px"">STATUS:</span></strong></p>

<p>&nbsp;</p>

<p style=""margin-left:40px""><span style=""font-size:18px""><u><strong>EXISTING CONDITION:</strong></u><strong>&nbsp;4</strong></span></p>

<p><strong><span style=""font-size:16px"">DURATION (FROM DIAGNOSIS TILL DATE):</span></strong></p>

<p><strong><span style=""font-size:16px"">LATEST INVESTIGATION RESULT:</span></strong></p>

<p><strong><span style=""font-size:16px"">CURRENT TREATMENT/MEDICATIONS:</span></strong></p>

<p><strong><span style=""font-size:16px"">PRESENCE OF COMPLICATION: </span></strong><span style=""font-size:16px"">YES/NO&nbsp;</span></p>

<p><strong><span style=""font-size:16px"">STATUS:</span></strong></p>
",76571,1,29-Nov-21
763,"<p style=""margin-left:40px""><span style=""font-size:18px""><u><strong>EXISTING CONDITION:</strong></u><strong>&nbsp;1</strong></span></p>

<p><strong><span style=""font-size:16px"">DURATION (FROM DIAGNOSIS TILL DATE):</span></strong></p>

<p><strong><span style=""font-size:16px"">LATEST INVESTIGATION RESULT:</span></strong></p>

<p><strong><span style=""font-size:16px"">CURRENT TREATMENT/MEDICATIONS:</span></strong></p>

<p><strong><span style=""font-size:16px"">PRESENCE OF COMPLICATION: </span></strong><span style=""font-size:16px"">YES/NO&nbsp;</span></p>

<p><strong><span style=""font-size:16px"">STATUS:</span></strong></p>

<p>&nbsp;</p>

<p style=""margin-left:40px""><span style=""font-size:18px""><u><strong>EXISTING CONDITION:</strong></u><strong>&nbsp;2</strong></span></p>

<p><strong><span style=""font-size:16px"">DURATION (FROM DIAGNOSIS TILL DATE):</span></strong></p>

<p><strong><span style=""font-size:16px"">LATEST INVESTIGATION RESULT:</span></strong></p>

<p><strong><span style=""font-size:16px"">CURRENT TREATMENT/MEDICATIONS:</span></strong></p>

<p><strong><span style=""font-size:16px"">PRESENCE OF COMPLICATION: </span></strong><span style=""font-size:16px"">YES/NO&nbsp;</span></p>

<p><strong><span style=""font-size:16px"">STATUS:</span></strong></p>

<p>&nbsp;</p>

<p style=""margin-left:40px""><span style=""font-size:18px""><u><strong>EXISTING CONDITION:</strong></u><strong>&nbsp;3</strong></span></p>

<p><strong><span style=""font-size:16px"">DURATION (FROM DIAGNOSIS TILL DATE):</span></strong></p>

<p><strong><span style=""font-size:16px"">LATEST INVESTIGATION RESULT:</span></strong></p>

<p><strong><span style=""font-size:16px"">CURRENT TREATMENT/MEDICATIONS:</span></strong></p>

<p><strong><span style=""font-size:16px"">PRESENCE OF COMPLICATION: </span></strong><span style=""font-size:16px"">YES/NO&nbsp;</span></p>

<p><strong><span style=""font-size:16px"">STATUS:</span></strong></p>

<p>&nbsp;</p>

<p style=""margin-left:40px""><span style=""font-size:18px""><u><strong>EXISTING CONDITION:</strong></u><strong>&nbsp;4</strong></span></p>

<p><strong><span style=""font-size:16px"">DURATION (FROM DIAGNOSIS TILL DATE):</span></strong></p>

<p><strong><span style=""font-size:16px"">LATEST INVESTIGATION RESULT:</span></strong></p>

<p><strong><span style=""font-size:16px"">CURRENT TREATMENT/MEDICATIONS:</span></strong></p>

<p><strong><span style=""font-size:16px"">PRESENCE OF COMPLICATION: </span></strong><span style=""font-size:16px"">YES/NO&nbsp;</span></p>

<p><strong><span style=""font-size:16px"">STATUS:</span></strong></p>
",75612,656,11-Jun-21
764,"<p style=""margin-left:40px""><span style=""font-size:18px""><u><strong>EXISTING CONDITION:</strong></u><strong>&nbsp;1</strong></span></p>

<p><strong><span style=""font-size:16px"">DURATION (FROM DIAGNOSIS TILL DATE):</span></strong></p>

<p><strong><span style=""font-size:16px"">LATEST INVESTIGATION RESULT:</span></strong></p>

<p><strong><span style=""font-size:16px"">CURRENT TREATMENT/MEDICATIONS:</span></strong></p>

<p><strong><span style=""font-size:16px"">PRESENCE OF COMPLICATION: </span></strong><span style=""font-size:16px"">YES/NO&nbsp;</span></p>

<p><strong><span style=""font-size:16px"">STATUS:</span></strong></p>

<p>&nbsp;</p>

<p style=""margin-left:40px""><span style=""font-size:18px""><u><strong>EXISTING CONDITION:</strong></u><strong>&nbsp;2</strong></span></p>

<p><strong><span style=""font-size:16px"">DURATION (FROM DIAGNOSIS TILL DATE):</span></strong></p>

<p><strong><span style=""font-size:16px"">LATEST INVESTIGATION RESULT:</span></strong></p>

<p><strong><span style=""font-size:16px"">CURRENT TREATMENT/MEDICATIONS:</span></strong></p>

<p><strong><span style=""font-size:16px"">PRESENCE OF COMPLICATION: </span></strong><span style=""font-size:16px"">YES/NO&nbsp;</span></p>

<p><strong><span style=""font-size:16px"">STATUS:</span></strong></p>

<p>&nbsp;</p>

<p style=""margin-left:40px""><span style=""font-size:18px""><u><strong>EXISTING CONDITION:</strong></u><strong>&nbsp;3</strong></span></p>

<p><strong><span style=""font-size:16px"">DURATION (FROM DIAGNOSIS TILL DATE):</span></strong></p>

<p><strong><span style=""font-size:16px"">LATEST INVESTIGATION RESULT:</span></strong></p>

<p><strong><span style=""font-size:16px"">CURRENT TREATMENT/MEDICATIONS:</span></strong></p>

<p><strong><span style=""font-size:16px"">PRESENCE OF COMPLICATION: </span></strong><span style=""font-size:16px"">YES/NO&nbsp;</span></p>

<p><strong><span style=""font-size:16px"">STATUS:</span></strong></p>

<p>&nbsp;</p>

<p style=""margin-left:40px""><span style=""font-size:18px""><u><strong>EXISTING CONDITION:</strong></u><strong>&nbsp;4</strong></span></p>

<p><strong><span style=""font-size:16px"">DURATION (FROM DIAGNOSIS TILL DATE):</span></strong></p>

<p><strong><span style=""font-size:16px"">LATEST INVESTIGATION RESULT:</span></strong></p>

<p><strong><span style=""font-size:16px"">CURRENT TREATMENT/MEDICATIONS:</span></strong></p>

<p><strong><span style=""font-size:16px"">PRESENCE OF COMPLICATION: </span></strong><span style=""font-size:16px"">YES/NO&nbsp;</span></p>

<p><strong><span style=""font-size:16px"">STATUS:</span></strong></p>
",75612,656,11-Jun-21
843,"<p style=""margin-left:40px""><span style=""font-size:18px""><u><strong>EXISTING CONDITION:</strong></u><strong>&nbsp;1</strong></span></p>

<p><strong><span style=""font-size:16px"">DURATION (FROM DIAGNOSIS TILL DATE):</span></strong></p>

<p><strong><span style=""font-size:16px"">LATEST INVESTIGATION RESULT:</span></strong></p>

<p><strong><span style=""font-size:16px"">CURRENT TREATMENT/MEDICATIONS:</span></strong></p>

<p><strong><span style=""font-size:16px"">PRESENCE OF COMPLICATION: </span></strong><span style=""font-size:16px"">YES/NO&nbsp;</span></p>

<p><strong><span style=""font-size:16px"">STATUS:</span></strong></p>

<p>&nbsp;</p>

<p style=""margin-left:40px""><span style=""font-size:18px""><u><strong>EXISTING CONDITION:</strong></u><strong>&nbsp;2</strong></span></p>

<p><strong><span style=""font-size:16px"">DURATION (FROM DIAGNOSIS TILL DATE):</span></strong></p>

<p><strong><span style=""font-size:16px"">LATEST INVESTIGATION RESULT:</span></strong></p>

<p><strong><span style=""font-size:16px"">CURRENT TREATMENT/MEDICATIONS:</span></strong></p>

<p><strong><span style=""font-size:16px"">PRESENCE OF COMPLICATION: </span></strong><span style=""font-size:16px"">YES/NO&nbsp;</span></p>

<p><strong><span style=""font-size:16px"">STATUS:</span></strong></p>

<p>&nbsp;</p>

<p style=""margin-left:40px""><span style=""font-size:18px""><u><strong>EXISTING CONDITION:</strong></u><strong>&nbsp;3</strong></span></p>

<p><strong><span style=""font-size:16px"">DURATION (FROM DIAGNOSIS TILL DATE):</span></strong></p>

<p><strong><span style=""font-size:16px"">LATEST INVESTIGATION RESULT:</span></strong></p>

<p><strong><span style=""font-size:16px"">CURRENT TREATMENT/MEDICATIONS:</span></strong></p>

<p><strong><span style=""font-size:16px"">PRESENCE OF COMPLICATION: </span></strong><span style=""font-size:16px"">YES/NO&nbsp;</span></p>

<p><strong><span style=""font-size:16px"">STATUS:</span></strong></p>

<p>&nbsp;</p>

<p style=""margin-left:40px""><span style=""font-size:18px""><u><strong>EXISTING CONDITION:</strong></u><strong>&nbsp;4</strong></span></p>

<p><strong><span style=""font-size:16px"">DURATION (FROM DIAGNOSIS TILL DATE):</span></strong></p>

<p><strong><span style=""font-size:16px"">LATEST INVESTIGATION RESULT:</span></strong></p>

<p><strong><span style=""font-size:16px"">CURRENT TREATMENT/MEDICATIONS:</span></strong></p>

<p><strong><span style=""font-size:16px"">PRESENCE OF COMPLICATION: </span></strong><span style=""font-size:16px"">YES/NO&nbsp;</span></p>

<p><strong><span style=""font-size:16px"">STATUS:</span></strong></p>
",76731,1,10-Jan-22
883,"<p style=""margin-left:40px""><span style=""font-size:18px""><u><strong>EXISTING CONDITION:</strong></u><strong>&nbsp;hypertension</strong></span></p>

<p><strong><span style=""font-size:16px"">DURATION (FROM DIAGNOSIS TILL DATE): 4 weeks</span></strong></p>

<p><strong><span style=""font-size:16px"">LATEST INVESTIGATION RESULT: hypercholesterolenemia total cholesterol 7.8</span></strong></p>

<p><strong><span style=""font-size:16px"">CURRENT TREATMENT/MEDICATIONS: atorvastatin</span></strong></p>

<p><strong><span style=""font-size:16px"">PRESENCE OF COMPLICATION: </span></strong><span style=""font-size:16px"">NO&nbsp;</span></p>

<p><strong><span style=""font-size:16px"">STATUS: Malaria</span></strong></p>

<p>&nbsp;</p>

<p style=""margin-left:40px""><span style=""font-size:18px""><u><strong>EXISTING CONDITION:</strong></u><strong>&nbsp;2</strong></span></p>

<p><strong><span style=""font-size:16px"">DURATION (FROM DIAGNOSIS TILL DATE):</span></strong></p>

<p><strong><span style=""font-size:16px"">LATEST INVESTIGATION RESULT:</span></strong></p>

<p><strong><span style=""font-size:16px"">CURRENT TREATMENT/MEDICATIONS:</span></strong></p>

<p><strong><span style=""font-size:16px"">PRESENCE OF COMPLICATION: </span></strong><span style=""font-size:16px"">YES/NO&nbsp;</span></p>

<p><strong><span style=""font-size:16px"">STATUS:</span></strong></p>

<p>&nbsp;</p>

<p style=""margin-left:40px""><span style=""font-size:18px""><u><strong>EXISTING CONDITION:</strong></u><strong>&nbsp;3</strong></span></p>

<p><strong><span style=""font-size:16px"">DURATION (FROM DIAGNOSIS TILL DATE):</span></strong></p>

<p><strong><span style=""font-size:16px"">LATEST INVESTIGATION RESULT:</span></strong></p>

<p><strong><span style=""font-size:16px"">CURRENT TREATMENT/MEDICATIONS:</span></strong></p>

<p><strong><span style=""font-size:16px"">PRESENCE OF COMPLICATION: </span></strong><span style=""font-size:16px"">YES/NO&nbsp;</span></p>

<p><strong><span style=""font-size:16px"">STATUS:</span></strong></p>

<p>&nbsp;</p>

<p style=""margin-left:40px""><span style=""font-size:18px""><u><strong>EXISTING CONDITION:</strong></u><strong>&nbsp;4</strong></span></p>

<p><strong><span style=""font-size:16px"">DURATION (FROM DIAGNOSIS TILL DATE):</span></strong></p>

<p><strong><span style=""font-size:16px"">LATEST INVESTIGATION RESULT:</span></strong></p>

<p><strong><span style=""font-size:16px"">CURRENT TREATMENT/MEDICATIONS:</span></strong></p>

<p><strong><span style=""font-size:16px"">PRESENCE OF COMPLICATION: </span></strong><span style=""font-size:16px"">YES/NO&nbsp;</span></p>

<p><strong><span style=""font-size:16px"">STATUS:</span></strong></p>
",75931,1953,12-Jan-22
1003,"<p style=""margin-left:40px""><span style=""font-size:18px""><u><strong>EXISTING CONDITION:</strong></u><strong>&nbsp;1 maleria</strong></span></p>

<p><strong><span style=""font-size:16px"">DURATION (FROM DIAGNOSIS TILL DATE): 14/09/2022</span></strong></p>

<p><strong><span style=""font-size:16px"">LATEST INVESTIGATION RESULT: MP positive</span></strong></p>

<p><strong><span style=""font-size:16px"">CURRENT TREATMENT/MEDICATIONS: PCM</span></strong></p>

<p><strong><span style=""font-size:16px"">PRESENCE OF COMPLICATION: </span></strong><span style=""font-size:16px"">NO&nbsp;</span></p>

<p><strong><span style=""font-size:16px"">STATUS: Stable</span></strong></p>

<p>&nbsp;</p>

<p style=""margin-left:40px"">&nbsp;</p>

<p>&nbsp;</p>
",78771,1,16-Nov-22
1023,"<p style=""margin-left:40px""><span style=""font-size:18px""><u><strong>EXISTING CONDITION:</strong></u><strong>&nbsp;1 Malaria</strong></span></p>

<p><strong><span style=""font-size:16px"">DURATION (FROM DIAGNOSIS TILL DATE): 12/09/2022</span></strong></p>

<p><strong><span style=""font-size:16px"">LATEST INVESTIGATION RESULT: MP positive</span></strong></p>

<p><strong><span style=""font-size:16px"">CURRENT TREATMENT/MEDICATIONS:&nbsp;</span></strong></p>

<p><strong><span style=""font-size:16px"">PRESENCE OF COMPLICATION: </span></strong><span style=""font-size:16px"">NO&nbsp;</span></p>

<p><strong><span style=""font-size:16px"">STATUS: stable</span></strong></p>

<p>&nbsp;</p>

<p style=""margin-left:40px"">&nbsp;</p>

<p>&nbsp;</p>

<p>&nbsp;</p>

<p style=""margin-left:40px"">&nbsp;</p>
",78771,1,17-Nov-22
823,"<p style=""margin-left:40px""><span style=""font-size:18px""><u><strong>EXISTING CONDITION:</strong></u><strong>&nbsp;1 Malaria</strong></span></p>

<p><strong><span style=""font-size:16px"">DURATION (FROM DIAGNOSIS TILL DATE): 12/11/2021</span></strong></p>

<p><strong><span style=""font-size:16px"">LATEST INVESTIGATION RESULT: Malaria Parasite Test Positive</span></strong></p>

<p><strong><span style=""font-size:16px"">CURRENT TREATMENT/MEDICATIONS: PCM</span></strong></p>

<p><strong><span style=""font-size:16px"">PRESENCE OF COMPLICATION: </span></strong><span style=""font-size:16px"">NO&nbsp;</span></p>

<p><strong><span style=""font-size:16px"">STATUS: Stable</span></strong></p>

<p>&nbsp;</p>

<p style=""margin-left:40px"">&nbsp;</p>
",75931,1,21-Dec-21
884,"<p style=""margin-left:40px""><span style=""font-size:18px""><u><strong>EXISTING CONDITION:</strong></u><strong>&nbsp;diabetes</strong></span></p>

<p><strong><span style=""font-size:16px"">DURATION (FROM DIAGNOSIS TILL DATE):2yrs</span></strong></p>

<p><strong><span style=""font-size:16px"">LATEST INVESTIGATION RESULT:hba1c-10</span></strong></p>

<p><strong><span style=""font-size:16px"">CURRENT TREATMENT/MEDICATIONS: glucophage</span></strong></p>

<p><strong><span style=""font-size:16px"">PRESENCE OF COMPLICATION: </span></strong><span style=""font-size:16px"">YES</span></p>

<p><strong><span style=""font-size:16px"">STATUS:complicated dm</span></strong></p>

<p>&nbsp;</p>

<p style=""margin-left:40px""><span style=""font-size:18px""><u><strong>EXISTING CONDITION:</strong></u><strong>&nbsp;hypertensionm</strong></span></p>

<p><strong><span style=""font-size:16px"">DURATION (FROM DIAGNOSIS TILL DATE):</span></strong></p>

<p><strong><span style=""font-size:16px"">LATEST INVESTIGATION RESULT:</span></strong></p>

<p><strong><span style=""font-size:16px"">CURRENT TREATMENT/MEDICATIONS:</span></strong></p>

<p><strong><span style=""font-size:16px"">PRESENCE OF COMPLICATION: </span></strong><span style=""font-size:16px"">YES/NO&nbsp;</span></p>

<p><strong><span style=""font-size:16px"">STATUS:</span></strong></p>

<p>&nbsp;</p>

<p style=""margin-left:40px""><span style=""font-size:18px""><u><strong>EXISTING CONDITION:</strong></u><strong>&nbsp;3</strong></span></p>

<p><strong><span style=""font-size:16px"">DURATION (FROM DIAGNOSIS TILL DATE):</span></strong></p>

<p><strong><span style=""font-size:16px"">LATEST INVESTIGATION RESULT:</span></strong></p>

<p><strong><span style=""font-size:16px"">CURRENT TREATMENT/MEDICATIONS:</span></strong></p>

<p><strong><span style=""font-size:16px"">PRESENCE OF COMPLICATION: </span></strong><span style=""font-size:16px"">YES/NO&nbsp;</span></p>

<p><strong><span style=""font-size:16px"">STATUS:</span></strong></p>

<p>&nbsp;</p>

<p style=""margin-left:40px""><span style=""font-size:18px""><u><strong>EXISTING CONDITION:</strong></u><strong>&nbsp;4</strong></span></p>

<p><strong><span style=""font-size:16px"">DURATION (FROM DIAGNOSIS TILL DATE):</span></strong></p>

<p><strong><span style=""font-size:16px"">LATEST INVESTIGATION RESULT:</span></strong></p>

<p><strong><span style=""font-size:16px"">CURRENT TREATMENT/MEDICATIONS:</span></strong></p>

<p><strong><span style=""font-size:16px"">PRESENCE OF COMPLICATION: </span></strong><span style=""font-size:16px"">YES/NO&nbsp;</span></p>

<p><strong><span style=""font-size:16px"">STATUS:</span></strong></p>
",75831,1950,12-Jan-22
885,"<p style=""margin-left:40px""><span style=""font-size:18px""><u><strong>EXISTING CONDITION:</strong></u><strong>&nbsp;hypertension</strong></span></p>

<p><strong><span style=""font-size:16px"">DURATION (FROM DIAGNOSIS TILL DATE): 10yrs</span></strong></p>

<p><strong><span style=""font-size:16px"">LATEST INVESTIGATION RESULT: ecg- showed features of ventricular hypertrophy</span></strong></p>

<p><strong><span style=""font-size:16px"">CURRENT TREATMENT/MEDICATIONS: exforge hct</span></strong></p>

<p><strong><span style=""font-size:16px"">PRESENCE OF COMPLICATION: HHDX</span></strong></p>

<p>&nbsp;</p>

<p>&nbsp;</p>

<p style=""margin-left:40px""><span style=""font-size:18px""><u><strong>EXISTING CONDITION:</strong></u><strong>&nbsp;2</strong></span></p>

<p><strong><span style=""font-size:16px"">DURATION (FROM DIAGNOSIS TILL DATE):</span></strong></p>

<p><strong><span style=""font-size:16px"">LATEST INVESTIGATION RESULT:</span></strong></p>

<p><strong><span style=""font-size:16px"">CURRENT TREATMENT/MEDICATIONS:</span></strong></p>

<p><strong><span style=""font-size:16px"">PRESENCE OF COMPLICATION: </span></strong><span style=""font-size:16px"">YES/NO&nbsp;</span></p>

<p><strong><span style=""font-size:16px"">STATUS:</span></strong></p>

<p>&nbsp;</p>

<p style=""margin-left:40px""><span style=""font-size:18px""><u><strong>EXISTING CONDITION:</strong></u><strong>&nbsp;3</strong></span></p>

<p><strong><span style=""font-size:16px"">DURATION (FROM DIAGNOSIS TILL DATE):</span></strong></p>

<p><strong><span style=""font-size:16px"">LATEST INVESTIGATION RESULT:</span></strong></p>

<p><strong><span style=""font-size:16px"">CURRENT TREATMENT/MEDICATIONS:</span></strong></p>

<p><strong><span style=""font-size:16px"">PRESENCE OF COMPLICATION: </span></strong><span style=""font-size:16px"">YES/NO&nbsp;</span></p>

<p><strong><span style=""font-size:16px"">STATUS:</span></strong></p>

<p>&nbsp;</p>

<p style=""margin-left:40px""><span style=""font-size:18px""><u><strong>EXISTING CONDITION:</strong></u><strong>&nbsp;4</strong></span></p>

<p><strong><span style=""font-size:16px"">DURATION (FROM DIAGNOSIS TILL DATE):</span></strong></p>

<p><strong><span style=""font-size:16px"">LATEST INVESTIGATION RESULT:</span></strong></p>

<p><strong><span style=""font-size:16px"">CURRENT TREATMENT/MEDICATIONS:</span></strong></p>

<p><strong><span style=""font-size:16px"">PRESENCE OF COMPLICATION: </span></strong><span style=""font-size:16px"">YES/NO&nbsp;</span></p>

<p><strong><span style=""font-size:16px"">STATUS:</span></strong></p>
",75891,1954,12-Jan-22
923,"<p style=""margin-left:40px""><span style=""font-size:18px""><u><strong>EXISTING CONDITION:</strong></u><strong>&nbsp;1</strong></span></p>

<p><strong><span style=""font-size:16px"">DURATION (FROM DIAGNOSIS TILL DATE):vv</span></strong></p>

<p><strong><span style=""font-size:16px"">LATEST INVESTIGATION RESULT:vv</span></strong></p>

<p><strong><span style=""font-size:16px"">CURRENT TREATMENT/MEDICATIONS:v</span></strong></p>

<p><strong><span style=""font-size:16px"">PRESENCE OF COMPLICATION: </span></strong><span style=""font-size:16px"">NO&nbsp;</span></p>

<p><strong><span style=""font-size:16px"">STATUS:vv</span></strong></p>

<p>&nbsp;</p>

<p style=""margin-left:40px"">&nbsp;</p>
",76711,1789,28-Jan-22
983,"<p style=""margin-left:40px""><span style=""font-size:18px""><u><strong>EXISTING CONDITION:</strong></u><strong>&nbsp;1</strong></span></p>

<p><strong><span style=""font-size:16px"">DURATION (FROM DIAGNOSIS TILL DATE):</span></strong></p>

<p><strong><span style=""font-size:16px"">LATEST INVESTIGATION RESULT:</span></strong></p>

<p><strong><span style=""font-size:16px"">CURRENT TREATMENT/MEDICATIONS:</span></strong></p>

<p><strong><span style=""font-size:16px"">PRESENCE OF COMPLICATION: </span></strong><span style=""font-size:16px"">YES/NO&nbsp;</span></p>

<p><strong><span style=""font-size:16px"">STATUS:</span></strong></p>

<p>&nbsp;</p>

<p style=""margin-left:40px""><span style=""font-size:18px""><u><strong>EXISTING CONDITION:</strong></u><strong>&nbsp;2</strong></span></p>

<p><strong><span style=""font-size:16px"">DURATION (FROM DIAGNOSIS TILL DATE):</span></strong></p>

<p><strong><span style=""font-size:16px"">LATEST INVESTIGATION RESULT:</span></strong></p>

<p><strong><span style=""font-size:16px"">CURRENT TREATMENT/MEDICATIONS:</span></strong></p>

<p><strong><span style=""font-size:16px"">PRESENCE OF COMPLICATION: </span></strong><span style=""font-size:16px"">YES/NO&nbsp;</span></p>

<p><strong><span style=""font-size:16px"">STATUS:</span></strong></p>

<p>&nbsp;</p>

<p style=""margin-left:40px""><span style=""font-size:18px""><u><strong>EXISTING CONDITION:</strong></u><strong>&nbsp;3</strong></span></p>

<p><strong><span style=""font-size:16px"">DURATION (FROM DIAGNOSIS TILL DATE):</span></strong></p>

<p><strong><span style=""font-size:16px"">LATEST INVESTIGATION RESULT:</span></strong></p>

<p><strong><span style=""font-size:16px"">CURRENT TREATMENT/MEDICATIONS:</span></strong></p>

<p><strong><span style=""font-size:16px"">PRESENCE OF COMPLICATION: </span></strong><span style=""font-size:16px"">YES/NO&nbsp;</span></p>

<p><strong><span style=""font-size:16px"">STATUS:</span></strong></p>

<p>&nbsp;</p>

<p style=""margin-left:40px""><span style=""font-size:18px""><u><strong>EXISTING CONDITION:</strong></u><strong>&nbsp;4</strong></span></p>

<p><strong><span style=""font-size:16px"">DURATION (FROM DIAGNOSIS TILL DATE):</span></strong></p>

<p><strong><span style=""font-size:16px"">LATEST INVESTIGATION RESULT:</span></strong></p>

<p><strong><span style=""font-size:16px"">CURRENT TREATMENT/MEDICATIONS:</span></strong></p>

<p><strong><span style=""font-size:16px"">PRESENCE OF COMPLICATION: </span></strong><span style=""font-size:16px"">YES/NO&nbsp;</span></p>

<p><strong><span style=""font-size:16px"">STATUS:</span></strong></p>
",78757,1,14-Nov-22
1004,"<p style=""margin-left:40px""><span style=""font-size:18px""><u><strong>EXISTING CONDITION:</strong></u><strong>&nbsp;1</strong></span></p>

<p><strong><span style=""font-size:16px"">DURATION (FROM DIAGNOSIS TILL DATE): 14/09/2022</span></strong></p>

<p><strong><span style=""font-size:16px"">LATEST INVESTIGATION RESULT: MP positive</span></strong></p>

<p><strong><span style=""font-size:16px"">CURRENT TREATMENT/MEDICATIONS:&nbsp;</span></strong></p>

<p><strong><span style=""font-size:16px"">PRESENCE OF COMPLICATION: </span></strong><span style=""font-size:16px"">YES/NO&nbsp;</span></p>

<p><strong><span style=""font-size:16px"">STATUS:</span></strong></p>

<p>&nbsp;</p>

<p style=""margin-left:40px""><span style=""font-size:18px""><u><strong>EXISTING CONDITION:</strong></u><strong>&nbsp;2</strong></span></p>

<p><strong><span style=""font-size:16px"">DURATION (FROM DIAGNOSIS TILL DATE):</span></strong></p>

<p><strong><span style=""font-size:16px"">LATEST INVESTIGATION RESULT:</span></strong></p>

<p><strong><span style=""font-size:16px"">CURRENT TREATMENT/MEDICATIONS:</span></strong></p>

<p><strong><span style=""font-size:16px"">PRESENCE OF COMPLICATION: </span></strong><span style=""font-size:16px"">YES/NO&nbsp;</span></p>

<p><strong><span style=""font-size:16px"">STATUS:</span></strong></p>

<p>&nbsp;</p>

<p style=""margin-left:40px""><span style=""font-size:18px""><u><strong>EXISTING CONDITION:</strong></u><strong>&nbsp;3</strong></span></p>

<p><strong><span style=""font-size:16px"">DURATION (FROM DIAGNOSIS TILL DATE):</span></strong></p>

<p><strong><span style=""font-size:16px"">LATEST INVESTIGATION RESULT:</span></strong></p>

<p><strong><span style=""font-size:16px"">CURRENT TREATMENT/MEDICATIONS:</span></strong></p>

<p><strong><span style=""font-size:16px"">PRESENCE OF COMPLICATION: </span></strong><span style=""font-size:16px"">YES/NO&nbsp;</span></p>

<p><strong><span style=""font-size:16px"">STATUS:</span></strong></p>

<p>&nbsp;</p>

<p style=""margin-left:40px""><span style=""font-size:18px""><u><strong>EXISTING CONDITION:</strong></u><strong>&nbsp;4</strong></span></p>

<p><strong><span style=""font-size:16px"">DURATION (FROM DIAGNOSIS TILL DATE):</span></strong></p>

<p><strong><span style=""font-size:16px"">LATEST INVESTIGATION RESULT:</span></strong></p>

<p><strong><span style=""font-size:16px"">CURRENT TREATMENT/MEDICATIONS:</span></strong></p>

<p><strong><span style=""font-size:16px"">PRESENCE OF COMPLICATION: </span></strong><span style=""font-size:16px"">YES/NO&nbsp;</span></p>

<p><strong><span style=""font-size:16px"">STATUS:</span></strong></p>
",78771,3258,16-Nov-22
1043,"<p style=""margin-left:40px""><span style=""font-size:18px""><u><strong>EXISTING CONDITION:</strong></u><strong>&nbsp;1 Malaria</strong></span></p>

<p><strong><span style=""font-size:16px"">DURATION (FROM DIAGNOSIS TILL DATE): 12/Nov/2022</span></strong></p>

<p><strong><span style=""font-size:16px"">LATEST INVESTIGATION RESULT: MP Positive&nbsp;</span></strong></p>

<p><strong><span style=""font-size:16px"">CURRENT TREATMENT/MEDICATIONS: PCM&nbsp;</span></strong></p>

<p><strong><span style=""font-size:16px"">PRESENCE OF COMPLICATION: </span></strong><span style=""font-size:16px"">NO&nbsp;</span></p>

<p><strong><span style=""font-size:16px"">STATUS: Stable</span></strong></p>

<p>&nbsp;</p>

<p style=""margin-left:40px"">&nbsp;</p>

<p>&nbsp;</p>

<p style=""margin-left:40px"">&nbsp;</p>

<p>&nbsp;</p>
",78854,3258,25-Nov-22
1103,"<p style=""margin-left:40px""><span style=""font-size:18px""><u><strong>EXISTING CONDITION:</strong></u><strong>&nbsp;1 MALARIA</strong></span></p>

<p><strong><span style=""font-size:16px"">DURATION (FROM DIAGNOSIS TILL DATE): LAST</span></strong></p>

<p><strong><span style=""font-size:16px"">LATEST INVESTIGATION RESULT: MP POSITIVE</span></strong></p>

<p><strong><span style=""font-size:16px"">CURRENT TREATMENT/MEDICATIONS: PCM 2TDS 5</span></strong></p>

<p><strong><span style=""font-size:16px"">PRESENCE OF COMPLICATION: NO</span></strong></p>

<p><strong><span style=""font-size:16px"">STATUS: STABLE</span></strong></p>

<p>&nbsp;</p>

<p style=""margin-left:40px"">&nbsp;</p>

<p>&nbsp;</p>

<p>&nbsp;</p>

<p style=""margin-left:40px"">&nbsp;</p>
",79214,3609,25-Jan-23
1104,"<p style=""margin-left:40px""><span style=""font-size:18px""><u><strong>EXISTING CONDITION:</strong></u><strong>&nbsp;1</strong></span></p>

<p><strong><span style=""font-size:16px"">DURATION (FROM DIAGNOSIS TILL DATE):</span></strong></p>

<p><strong><span style=""font-size:16px"">LATEST INVESTIGATION RESULT:</span></strong></p>

<p><strong><span style=""font-size:16px"">CURRENT TREATMENT/MEDICATIONS:</span></strong></p>

<p><strong><span style=""font-size:16px"">PRESENCE OF COMPLICATION: </span></strong><span style=""font-size:16px"">YES/NO&nbsp;</span></p>

<p><strong><span style=""font-size:16px"">STATUS:</span></strong></p>

<p>&nbsp;</p>

<p style=""margin-left:40px""><span style=""font-size:18px""><u><strong>EXISTING CONDITION:</strong></u><strong>&nbsp;2</strong></span></p>

<p><strong><span style=""font-size:16px"">DURATION (FROM DIAGNOSIS TILL DATE):</span></strong></p>

<p><strong><span style=""font-size:16px"">LATEST INVESTIGATION RESULT:</span></strong></p>

<p><strong><span style=""font-size:16px"">CURRENT TREATMENT/MEDICATIONS:</span></strong></p>

<p><strong><span style=""font-size:16px"">PRESENCE OF COMPLICATION: </span></strong><span style=""font-size:16px"">YES/NO&nbsp;</span></p>

<p><strong><span style=""font-size:16px"">STATUS:</span></strong></p>

<p>&nbsp;</p>

<p style=""margin-left:40px""><span style=""font-size:18px""><u><strong>EXISTING CONDITION:</strong></u><strong>&nbsp;3</strong></span></p>

<p><strong><span style=""font-size:16px"">DURATION (FROM DIAGNOSIS TILL DATE):</span></strong></p>

<p><strong><span style=""font-size:16px"">LATEST INVESTIGATION RESULT:</span></strong></p>

<p><strong><span style=""font-size:16px"">CURRENT TREATMENT/MEDICATIONS:</span></strong></p>

<p><strong><span style=""font-size:16px"">PRESENCE OF COMPLICATION: </span></strong><span style=""font-size:16px"">YES/NO&nbsp;</span></p>

<p><strong><span style=""font-size:16px"">STATUS:</span></strong></p>

<p>&nbsp;</p>

<p style=""margin-left:40px""><span style=""font-size:18px""><u><strong>EXISTING CONDITION:</strong></u><strong>&nbsp;4</strong></span></p>

<p><strong><span style=""font-size:16px"">DURATION (FROM DIAGNOSIS TILL DATE):</span></strong></p>

<p><strong><span style=""font-size:16px"">LATEST INVESTIGATION RESULT:</span></strong></p>

<p><strong><span style=""font-size:16px"">CURRENT TREATMENT/MEDICATIONS:</span></strong></p>

<p><strong><span style=""font-size:16px"">PRESENCE OF COMPLICATION: </span></strong><span style=""font-size:16px"">YES/NO&nbsp;</span></p>

<p><strong><span style=""font-size:16px"">STATUS:</span></strong></p>
",79173,3609,25-Jan-23
1105,"<p style=""margin-left:40px""><span style=""font-size:18px""><u><strong>EXISTING CONDITION:</strong></u><strong>&nbsp;1</strong></span></p>

<p><strong><span style=""font-size:16px"">DURATION (FROM DIAGNOSIS TILL DATE):</span></strong></p>

<p><strong><span style=""font-size:16px"">LATEST INVESTIGATION RESULT:</span></strong></p>

<p><strong><span style=""font-size:16px"">CURRENT TREATMENT/MEDICATIONS:</span></strong></p>

<p><strong><span style=""font-size:16px"">PRESENCE OF COMPLICATION: </span></strong><span style=""font-size:16px"">YES/NO&nbsp;</span></p>

<p><strong><span style=""font-size:16px"">STATUS:</span></strong></p>

<p>&nbsp;</p>

<p style=""margin-left:40px""><span style=""font-size:18px""><u><strong>EXISTING CONDITION:</strong></u><strong>&nbsp;2</strong></span></p>

<p><strong><span style=""font-size:16px"">DURATION (FROM DIAGNOSIS TILL DATE):</span></strong></p>

<p><strong><span style=""font-size:16px"">LATEST INVESTIGATION RESULT:</span></strong></p>

<p><strong><span style=""font-size:16px"">CURRENT TREATMENT/MEDICATIONS:</span></strong></p>

<p><strong><span style=""font-size:16px"">PRESENCE OF COMPLICATION: </span></strong><span style=""font-size:16px"">YES/NO&nbsp;</span></p>

<p><strong><span style=""font-size:16px"">STATUS:</span></strong></p>

<p>&nbsp;</p>

<p style=""margin-left:40px""><span style=""font-size:18px""><u><strong>EXISTING CONDITION:</strong></u><strong>&nbsp;3</strong></span></p>

<p><strong><span style=""font-size:16px"">DURATION (FROM DIAGNOSIS TILL DATE):</span></strong></p>

<p><strong><span style=""font-size:16px"">LATEST INVESTIGATION RESULT:</span></strong></p>

<p><strong><span style=""font-size:16px"">CURRENT TREATMENT/MEDICATIONS:</span></strong></p>

<p><strong><span style=""font-size:16px"">PRESENCE OF COMPLICATION: </span></strong><span style=""font-size:16px"">YES/NO&nbsp;</span></p>

<p><strong><span style=""font-size:16px"">STATUS:</span></strong></p>

<p>&nbsp;</p>

<p style=""margin-left:40px""><span style=""font-size:18px""><u><strong>EXISTING CONDITION:</strong></u><strong>&nbsp;4</strong></span></p>

<p><strong><span style=""font-size:16px"">DURATION (FROM DIAGNOSIS TILL DATE):</span></strong></p>

<p><strong><span style=""font-size:16px"">LATEST INVESTIGATION RESULT:</span></strong></p>

<p><strong><span style=""font-size:16px"">CURRENT TREATMENT/MEDICATIONS:</span></strong></p>

<p><strong><span style=""font-size:16px"">PRESENCE OF COMPLICATION: </span></strong><span style=""font-size:16px"">YES/NO&nbsp;</span></p>

<p><strong><span style=""font-size:16px"">STATUS:</span></strong></p>
",79183,3609,25-Jan-23
1106,"<p style=""margin-left:40px""><span style=""font-size:18px""><u><strong>EXISTING CONDITION:</strong></u><strong>&nbsp;1</strong></span></p>

<p><strong><span style=""font-size:16px"">DURATION (FROM DIAGNOSIS TILL DATE):</span></strong></p>

<p><strong><span style=""font-size:16px"">LATEST INVESTIGATION RESULT:</span></strong></p>

<p><strong><span style=""font-size:16px"">CURRENT TREATMENT/MEDICATIONS:</span></strong></p>

<p><strong><span style=""font-size:16px"">PRESENCE OF COMPLICATION: </span></strong><span style=""font-size:16px"">YES/NO&nbsp;</span></p>

<p><strong><span style=""font-size:16px"">STATUS:</span></strong></p>

<p>&nbsp;</p>

<p style=""margin-left:40px""><span style=""font-size:18px""><u><strong>EXISTING CONDITION:</strong></u><strong>&nbsp;2</strong></span></p>

<p><strong><span style=""font-size:16px"">DURATION (FROM DIAGNOSIS TILL DATE):</span></strong></p>

<p><strong><span style=""font-size:16px"">LATEST INVESTIGATION RESULT:</span></strong></p>

<p><strong><span style=""font-size:16px"">CURRENT TREATMENT/MEDICATIONS:</span></strong></p>

<p><strong><span style=""font-size:16px"">PRESENCE OF COMPLICATION: </span></strong><span style=""font-size:16px"">YES/NO&nbsp;</span></p>

<p><strong><span style=""font-size:16px"">STATUS:</span></strong></p>

<p>&nbsp;</p>

<p style=""margin-left:40px""><span style=""font-size:18px""><u><strong>EXISTING CONDITION:</strong></u><strong>&nbsp;3</strong></span></p>

<p><strong><span style=""font-size:16px"">DURATION (FROM DIAGNOSIS TILL DATE):</span></strong></p>

<p><strong><span style=""font-size:16px"">LATEST INVESTIGATION RESULT:</span></strong></p>

<p><strong><span style=""font-size:16px"">CURRENT TREATMENT/MEDICATIONS:</span></strong></p>

<p><strong><span style=""font-size:16px"">PRESENCE OF COMPLICATION: </span></strong><span style=""font-size:16px"">YES/NO&nbsp;</span></p>

<p><strong><span style=""font-size:16px"">STATUS:</span></strong></p>

<p>&nbsp;</p>

<p style=""margin-left:40px""><span style=""font-size:18px""><u><strong>EXISTING CONDITION:</strong></u><strong>&nbsp;4</strong></span></p>

<p><strong><span style=""font-size:16px"">DURATION (FROM DIAGNOSIS TILL DATE):</span></strong></p>

<p><strong><span style=""font-size:16px"">LATEST INVESTIGATION RESULT:</span></strong></p>

<p><strong><span style=""font-size:16px"">CURRENT TREATMENT/MEDICATIONS:</span></strong></p>

<p><strong><span style=""font-size:16px"">PRESENCE OF COMPLICATION: </span></strong><span style=""font-size:16px"">YES/NO&nbsp;</span></p>

<p><strong><span style=""font-size:16px"">STATUS:</span></strong></p>
",79176,3609,25-Jan-23
1107,"<p style=""margin-left:40px""><span style=""font-size:18px""><u><strong>EXISTING CONDITION:</strong></u><strong>&nbsp;1</strong></span></p>

<p><strong><span style=""font-size:16px"">DURATION (FROM DIAGNOSIS TILL DATE):</span></strong></p>

<p><strong><span style=""font-size:16px"">LATEST INVESTIGATION RESULT:</span></strong></p>

<p><strong><span style=""font-size:16px"">CURRENT TREATMENT/MEDICATIONS:</span></strong></p>

<p><strong><span style=""font-size:16px"">PRESENCE OF COMPLICATION: </span></strong><span style=""font-size:16px"">YES/NO&nbsp;</span></p>

<p><strong><span style=""font-size:16px"">STATUS:</span></strong></p>

<p>&nbsp;</p>

<p style=""margin-left:40px""><span style=""font-size:18px""><u><strong>EXISTING CONDITION:</strong></u><strong>&nbsp;2</strong></span></p>

<p><strong><span style=""font-size:16px"">DURATION (FROM DIAGNOSIS TILL DATE):</span></strong></p>

<p><strong><span style=""font-size:16px"">LATEST INVESTIGATION RESULT:</span></strong></p>

<p><strong><span style=""font-size:16px"">CURRENT TREATMENT/MEDICATIONS:</span></strong></p>

<p><strong><span style=""font-size:16px"">PRESENCE OF COMPLICATION: </span></strong><span style=""font-size:16px"">YES/NO&nbsp;</span></p>

<p><strong><span style=""font-size:16px"">STATUS:</span></strong></p>

<p>&nbsp;</p>

<p style=""margin-left:40px""><span style=""font-size:18px""><u><strong>EXISTING CONDITION:</strong></u><strong>&nbsp;3</strong></span></p>

<p><strong><span style=""font-size:16px"">DURATION (FROM DIAGNOSIS TILL DATE):</span></strong></p>

<p><strong><span style=""font-size:16px"">LATEST INVESTIGATION RESULT:</span></strong></p>

<p><strong><span style=""font-size:16px"">CURRENT TREATMENT/MEDICATIONS:</span></strong></p>

<p><strong><span style=""font-size:16px"">PRESENCE OF COMPLICATION: </span></strong><span style=""font-size:16px"">YES/NO&nbsp;</span></p>

<p><strong><span style=""font-size:16px"">STATUS:</span></strong></p>

<p>&nbsp;</p>

<p style=""margin-left:40px""><span style=""font-size:18px""><u><strong>EXISTING CONDITION:</strong></u><strong>&nbsp;4</strong></span></p>

<p><strong><span style=""font-size:16px"">DURATION (FROM DIAGNOSIS TILL DATE):</span></strong></p>

<p><strong><span style=""font-size:16px"">LATEST INVESTIGATION RESULT:</span></strong></p>

<p><strong><span style=""font-size:16px"">CURRENT TREATMENT/MEDICATIONS:</span></strong></p>

<p><strong><span style=""font-size:16px"">PRESENCE OF COMPLICATION: </span></strong><span style=""font-size:16px"">YES/NO&nbsp;</span></p>

<p><strong><span style=""font-size:16px"">STATUS:</span></strong></p>
",79193,3609,25-Jan-23
1108,"<p style=""margin-left:40px""><span style=""font-size:18px""><u><strong>EXISTING CONDITION:</strong></u><strong>&nbsp;1</strong></span></p>

<p><strong><span style=""font-size:16px"">DURATION (FROM DIAGNOSIS TILL DATE):</span></strong></p>

<p><strong><span style=""font-size:16px"">LATEST INVESTIGATION RESULT:</span></strong></p>

<p><strong><span style=""font-size:16px"">CURRENT TREATMENT/MEDICATIONS:</span></strong></p>

<p><strong><span style=""font-size:16px"">PRESENCE OF COMPLICATION: </span></strong><span style=""font-size:16px"">YES/NO&nbsp;</span></p>

<p><strong><span style=""font-size:16px"">STATUS:</span></strong></p>

<p>&nbsp;</p>

<p style=""margin-left:40px""><span style=""font-size:18px""><u><strong>EXISTING CONDITION:</strong></u><strong>&nbsp;2</strong></span></p>

<p><strong><span style=""font-size:16px"">DURATION (FROM DIAGNOSIS TILL DATE):</span></strong></p>

<p><strong><span style=""font-size:16px"">LATEST INVESTIGATION RESULT:</span></strong></p>

<p><strong><span style=""font-size:16px"">CURRENT TREATMENT/MEDICATIONS:</span></strong></p>

<p><strong><span style=""font-size:16px"">PRESENCE OF COMPLICATION: </span></strong><span style=""font-size:16px"">YES/NO&nbsp;</span></p>

<p><strong><span style=""font-size:16px"">STATUS:</span></strong></p>

<p>&nbsp;</p>

<p style=""margin-left:40px""><span style=""font-size:18px""><u><strong>EXISTING CONDITION:</strong></u><strong>&nbsp;3</strong></span></p>

<p><strong><span style=""font-size:16px"">DURATION (FROM DIAGNOSIS TILL DATE):</span></strong></p>

<p><strong><span style=""font-size:16px"">LATEST INVESTIGATION RESULT:</span></strong></p>

<p><strong><span style=""font-size:16px"">CURRENT TREATMENT/MEDICATIONS:</span></strong></p>

<p><strong><span style=""font-size:16px"">PRESENCE OF COMPLICATION: </span></strong><span style=""font-size:16px"">YES/NO&nbsp;</span></p>

<p><strong><span style=""font-size:16px"">STATUS:</span></strong></p>

<p>&nbsp;</p>

<p style=""margin-left:40px""><span style=""font-size:18px""><u><strong>EXISTING CONDITION:</strong></u><strong>&nbsp;4</strong></span></p>

<p><strong><span style=""font-size:16px"">DURATION (FROM DIAGNOSIS TILL DATE):</span></strong></p>

<p><strong><span style=""font-size:16px"">LATEST INVESTIGATION RESULT:</span></strong></p>

<p><strong><span style=""font-size:16px"">CURRENT TREATMENT/MEDICATIONS:</span></strong></p>

<p><strong><span style=""font-size:16px"">PRESENCE OF COMPLICATION: </span></strong><span style=""font-size:16px"">YES/NO&nbsp;</span></p>

<p><strong><span style=""font-size:16px"">STATUS:</span></strong></p>
",79173,3609,25-Jan-23
1109,"<p style=""margin-left:40px""><span style=""font-size:18px""><u><strong>EXISTING CONDITION:</strong></u><strong>&nbsp;1</strong></span></p>

<p><strong><span style=""font-size:16px"">DURATION (FROM DIAGNOSIS TILL DATE):</span></strong></p>

<p><strong><span style=""font-size:16px"">LATEST INVESTIGATION RESULT:</span></strong></p>

<p><strong><span style=""font-size:16px"">CURRENT TREATMENT/MEDICATIONS:</span></strong></p>

<p><strong><span style=""font-size:16px"">PRESENCE OF COMPLICATION: </span></strong><span style=""font-size:16px"">YES/NO&nbsp;</span></p>

<p><strong><span style=""font-size:16px"">STATUS:</span></strong></p>

<p>&nbsp;</p>

<p style=""margin-left:40px""><span style=""font-size:18px""><u><strong>EXISTING CONDITION:</strong></u><strong>&nbsp;2</strong></span></p>

<p><strong><span style=""font-size:16px"">DURATION (FROM DIAGNOSIS TILL DATE):</span></strong></p>

<p><strong><span style=""font-size:16px"">LATEST INVESTIGATION RESULT:</span></strong></p>

<p><strong><span style=""font-size:16px"">CURRENT TREATMENT/MEDICATIONS:</span></strong></p>

<p><strong><span style=""font-size:16px"">PRESENCE OF COMPLICATION: </span></strong><span style=""font-size:16px"">YES/NO&nbsp;</span></p>

<p><strong><span style=""font-size:16px"">STATUS:</span></strong></p>

<p>&nbsp;</p>

<p style=""margin-left:40px""><span style=""font-size:18px""><u><strong>EXISTING CONDITION:</strong></u><strong>&nbsp;3</strong></span></p>

<p><strong><span style=""font-size:16px"">DURATION (FROM DIAGNOSIS TILL DATE):</span></strong></p>

<p><strong><span style=""font-size:16px"">LATEST INVESTIGATION RESULT:</span></strong></p>

<p><strong><span style=""font-size:16px"">CURRENT TREATMENT/MEDICATIONS:</span></strong></p>

<p><strong><span style=""font-size:16px"">PRESENCE OF COMPLICATION: </span></strong><span style=""font-size:16px"">YES/NO&nbsp;</span></p>

<p><strong><span style=""font-size:16px"">STATUS:</span></strong></p>

<p>&nbsp;</p>

<p style=""margin-left:40px""><span style=""font-size:18px""><u><strong>EXISTING CONDITION:</strong></u><strong>&nbsp;4</strong></span></p>

<p><strong><span style=""font-size:16px"">DURATION (FROM DIAGNOSIS TILL DATE):</span></strong></p>

<p><strong><span style=""font-size:16px"">LATEST INVESTIGATION RESULT:</span></strong></p>

<p><strong><span style=""font-size:16px"">CURRENT TREATMENT/MEDICATIONS:</span></strong></p>

<p><strong><span style=""font-size:16px"">PRESENCE OF COMPLICATION: </span></strong><span style=""font-size:16px"">YES/NO&nbsp;</span></p>

<p><strong><span style=""font-size:16px"">STATUS:</span></strong></p>
",79173,3609,25-Jan-23
1129,"<p style=""margin-left:40px""><span style=""font-size:18px""><u><strong>EXISTING CONDITION:</strong></u><strong>&nbsp;1</strong></span></p>

<p><strong><span style=""font-size:16px"">DURATION (FROM DIAGNOSIS TILL DATE):</span></strong></p>

<p><strong><span style=""font-size:16px"">LATEST INVESTIGATION RESULT:</span></strong></p>

<p><strong><span style=""font-size:16px"">CURRENT TREATMENT/MEDICATIONS:</span></strong></p>

<p><strong><span style=""font-size:16px"">PRESENCE OF COMPLICATION: </span></strong><span style=""font-size:16px"">YES/NO&nbsp;</span></p>

<p><strong><span style=""font-size:16px"">STATUS:</span></strong></p>

<p>&nbsp;</p>

<p style=""margin-left:40px""><span style=""font-size:18px""><u><strong>EXISTING CONDITION:</strong></u><strong>&nbsp;2</strong></span></p>

<p><strong><span style=""font-size:16px"">DURATION (FROM DIAGNOSIS TILL DATE):</span></strong></p>

<p><strong><span style=""font-size:16px"">LATEST INVESTIGATION RESULT:</span></strong></p>

<p><strong><span style=""font-size:16px"">CURRENT TREATMENT/MEDICATIONS:</span></strong></p>

<p><strong><span style=""font-size:16px"">PRESENCE OF COMPLICATION: </span></strong><span style=""font-size:16px"">YES/NO&nbsp;</span></p>

<p><strong><span style=""font-size:16px"">STATUS:</span></strong></p>

<p>&nbsp;</p>

<p style=""margin-left:40px""><span style=""font-size:18px""><u><strong>EXISTING CONDITION:</strong></u><strong>&nbsp;3</strong></span></p>

<p><strong><span style=""font-size:16px"">DURATION (FROM DIAGNOSIS TILL DATE):</span></strong></p>

<p><strong><span style=""font-size:16px"">LATEST INVESTIGATION RESULT:</span></strong></p>

<p><strong><span style=""font-size:16px"">CURRENT TREATMENT/MEDICATIONS:</span></strong></p>

<p><strong><span style=""font-size:16px"">PRESENCE OF COMPLICATION: </span></strong><span style=""font-size:16px"">YES/NO&nbsp;</span></p>

<p><strong><span style=""font-size:16px"">STATUS:</span></strong></p>

<p>&nbsp;</p>

<p style=""margin-left:40px""><span style=""font-size:18px""><u><strong>EXISTING CONDITION:</strong></u><strong>&nbsp;4</strong></span></p>

<p><strong><span style=""font-size:16px"">DURATION (FROM DIAGNOSIS TILL DATE):</span></strong></p>

<p><strong><span style=""font-size:16px"">LATEST INVESTIGATION RESULT:</span></strong></p>

<p><strong><span style=""font-size:16px"">CURRENT TREATMENT/MEDICATIONS:</span></strong></p>

<p><strong><span style=""font-size:16px"">PRESENCE OF COMPLICATION: </span></strong><span style=""font-size:16px"">YES/NO&nbsp;</span></p>

<p><strong><span style=""font-size:16px"">STATUS:</span></strong></p>
",79203,3609,25-Jan-23
1183,"<p style=""margin-left:40px""><span style=""font-size:18px""><u><strong>EXISTING CONDITION:</strong></u><strong>&nbsp;1</strong></span></p>

<p><strong><span style=""font-size:16px"">DURATION (FROM DIAGNOSIS TILL DATE):</span></strong></p>

<p><strong><span style=""font-size:16px"">LATEST INVESTIGATION RESULT:</span></strong></p>

<p><strong><span style=""font-size:16px"">CURRENT TREATMENT/MEDICATIONS:</span></strong></p>

<p><strong><span style=""font-size:16px"">PRESENCE OF COMPLICATION: </span></strong><span style=""font-size:16px"">YES/NO&nbsp;</span></p>

<p><strong><span style=""font-size:16px"">STATUS:</span></strong></p>

<p>&nbsp;</p>

<p style=""margin-left:40px""><span style=""font-size:18px""><u><strong>EXISTING CONDITION:</strong></u><strong>&nbsp;2</strong></span></p>

<p><strong><span style=""font-size:16px"">DURATION (FROM DIAGNOSIS TILL DATE):</span></strong></p>

<p><strong><span style=""font-size:16px"">LATEST INVESTIGATION RESULT:</span></strong></p>

<p><strong><span style=""font-size:16px"">CURRENT TREATMENT/MEDICATIONS:</span></strong></p>

<p><strong><span style=""font-size:16px"">PRESENCE OF COMPLICATION: </span></strong><span style=""font-size:16px"">YES/NO&nbsp;</span></p>

<p><strong><span style=""font-size:16px"">STATUS:</span></strong></p>

<p>&nbsp;</p>

<p style=""margin-left:40px""><span style=""font-size:18px""><u><strong>EXISTING CONDITION:</strong></u><strong>&nbsp;3</strong></span></p>

<p><strong><span style=""font-size:16px"">DURATION (FROM DIAGNOSIS TILL DATE):</span></strong></p>

<p><strong><span style=""font-size:16px"">LATEST INVESTIGATION RESULT:</span></strong></p>

<p><strong><span style=""font-size:16px"">CURRENT TREATMENT/MEDICATIONS:</span></strong></p>

<p><strong><span style=""font-size:16px"">PRESENCE OF COMPLICATION: </span></strong><span style=""font-size:16px"">YES/NO&nbsp;</span></p>

<p><strong><span style=""font-size:16px"">STATUS:</span></strong></p>

<p>&nbsp;</p>

<p style=""margin-left:40px""><span style=""font-size:18px""><u><strong>EXISTING CONDITION:</strong></u><strong>&nbsp;4</strong></span></p>

<p><strong><span style=""font-size:16px"">DURATION (FROM DIAGNOSIS TILL DATE):</span></strong></p>

<p><strong><span style=""font-size:16px"">LATEST INVESTIGATION RESULT:</span></strong></p>

<p><strong><span style=""font-size:16px"">CURRENT TREATMENT/MEDICATIONS:</span></strong></p>

<p><strong><span style=""font-size:16px"">PRESENCE OF COMPLICATION: </span></strong><span style=""font-size:16px"">YES/NO&nbsp;</span></p>

<p><strong><span style=""font-size:16px"">STATUS:</span></strong></p>
",79874,4110,14-Mar-23
1144,"<p style=""margin-left:40px""><span style=""font-size:18px""><u><strong>EXISTING CONDITION:</strong></u><strong>&nbsp;1 Malaria</strong></span></p>

<p><strong><span style=""font-size:16px"">DURATION (FROM DIAGNOSIS TILL DATE): 22/11/2022</span></strong></p>

<p><strong><span style=""font-size:16px"">LATEST INVESTIGATION RESULT: MP positive</span></strong></p>

<p><strong><span style=""font-size:16px"">CURRENT TREATMENT/MEDICATIONS: PCM</span></strong></p>

<p><strong><span style=""font-size:16px"">PRESENCE OF COMPLICATION: </span></strong><span style=""font-size:16px"">NO&nbsp;</span></p>

<p><strong><span style=""font-size:16px"">STATUS: Stable</span></strong></p>

<p>&nbsp;</p>

<p style=""margin-left:40px"">&nbsp;</p>

<p>&nbsp;</p>
",79871,4110,13-Mar-23
1145,"<p style=""margin-left:40px""><span style=""font-size:18px""><u><strong>EXISTING CONDITION:</strong></u><strong>&nbsp;1 Malaria&nbsp;</strong></span></p>

<p><strong><span style=""font-size:16px"">DURATION (FROM DIAGNOSIS TILL DATE): 12/12/2022</span></strong></p>

<p><strong><span style=""font-size:16px"">LATEST INVESTIGATION RESULT: MP positive</span></strong></p>

<p><strong><span style=""font-size:16px"">CURRENT TREATMENT/MEDICATIONS: PCM&nbsp;</span></strong></p>

<p><strong><span style=""font-size:16px"">PRESENCE OF COMPLICATION: </span></strong><span style=""font-size:16px"">NO&nbsp;</span></p>

<p><strong><span style=""font-size:16px"">STATUS: stable</span></strong></p>

<p>&nbsp;</p>

<p style=""margin-left:40px"">&nbsp;</p>

<p>&nbsp;</p>
",79913,4110,13-Mar-23
1164,"<p style=""margin-left:40px""><span style=""font-size:18px""><u><strong>EXISTING CONDITION:</strong></u><strong>&nbsp;1</strong></span></p>

<p><strong><span style=""font-size:16px"">DURATION (FROM DIAGNOSIS TILL DATE): GLAUCOMA</span></strong></p>

<p><strong><span style=""font-size:16px"">LATEST INVESTIGATION RESULT: CATARACT POSITIVE</span></strong></p>

<p><strong><span style=""font-size:16px"">CURRENT TREATMENT/MEDICATIONS: INJECTIONS</span></strong></p>

<p><strong><span style=""font-size:16px"">PRESENCE OF COMPLICATION: </span></strong><span style=""font-size:16px"">NO&nbsp;</span></p>

<p><strong><span style=""font-size:16px"">STATUS: EMERGENCY</span></strong></p>

<p>&nbsp;</p>

<p style=""margin-left:40px"">&nbsp;</p>
",79875,4110,14-Mar-23
1163,"<p style=""margin-left:40px""><span style=""font-size:18px""><u><strong>EXISTING CONDITION:</strong></u><strong>&nbsp;1 Malaria</strong></span></p>

<p><strong><span style=""font-size:16px"">DURATION (FROM DIAGNOSIS TILL DATE): 12/11/2022</span></strong></p>

<p><strong><span style=""font-size:16px"">LATEST INVESTIGATION RESULT: MP Positive</span></strong></p>

<p><strong><span style=""font-size:16px"">CURRENT TREATMENT/MEDICATIONS: PCM</span></strong></p>

<p><strong><span style=""font-size:16px"">PRESENCE OF COMPLICATION: </span></strong><span style=""font-size:16px"">NO&nbsp;</span></p>

<p><strong><span style=""font-size:16px"">STATUS: Stable</span></strong></p>

<p>&nbsp;</p>

<p style=""margin-left:40px"">&nbsp;</p>

<p>&nbsp;</p>
",79872,4110,14-Mar-23
1203,"<p style=""margin-left:40px""><span style=""font-size:18px""><u><strong>EXISTING CONDITION:</strong></u><strong>&nbsp;1</strong></span></p>

<p><strong><span style=""font-size:16px"">DURATION (FROM DIAGNOSIS TILL DATE):</span></strong></p>

<p><strong><span style=""font-size:16px"">LATEST INVESTIGATION RESULT:</span></strong></p>

<p><strong><span style=""font-size:16px"">CURRENT TREATMENT/MEDICATIONS:</span></strong></p>

<p><strong><span style=""font-size:16px"">PRESENCE OF COMPLICATION: </span></strong><span style=""font-size:16px"">YES/NO&nbsp;</span></p>

<p><strong><span style=""font-size:16px"">STATUS:</span></strong></p>

<p>&nbsp;</p>

<p style=""margin-left:40px""><span style=""font-size:18px""><u><strong>EXISTING CONDITION:</strong></u><strong>&nbsp;2</strong></span></p>

<p><strong><span style=""font-size:16px"">DURATION (FROM DIAGNOSIS TILL DATE):</span></strong></p>

<p><strong><span style=""font-size:16px"">LATEST INVESTIGATION RESULT:</span></strong></p>

<p><strong><span style=""font-size:16px"">CURRENT TREATMENT/MEDICATIONS:</span></strong></p>

<p><strong><span style=""font-size:16px"">PRESENCE OF COMPLICATION: </span></strong><span style=""font-size:16px"">YES/NO&nbsp;</span></p>

<p><strong><span style=""font-size:16px"">STATUS:</span></strong></p>

<p>&nbsp;</p>

<p style=""margin-left:40px""><span style=""font-size:18px""><u><strong>EXISTING CONDITION:</strong></u><strong>&nbsp;3</strong></span></p>

<p><strong><span style=""font-size:16px"">DURATION (FROM DIAGNOSIS TILL DATE):</span></strong></p>

<p><strong><span style=""font-size:16px"">LATEST INVESTIGATION RESULT:</span></strong></p>

<p><strong><span style=""font-size:16px"">CURRENT TREATMENT/MEDICATIONS:</span></strong></p>

<p><strong><span style=""font-size:16px"">PRESENCE OF COMPLICATION: </span></strong><span style=""font-size:16px"">YES/NO&nbsp;</span></p>

<p><strong><span style=""font-size:16px"">STATUS:</span></strong></p>

<p>&nbsp;</p>

<p style=""margin-left:40px""><span style=""font-size:18px""><u><strong>EXISTING CONDITION:</strong></u><strong>&nbsp;4</strong></span></p>

<p><strong><span style=""font-size:16px"">DURATION (FROM DIAGNOSIS TILL DATE):</span></strong></p>

<p><strong><span style=""font-size:16px"">LATEST INVESTIGATION RESULT:</span></strong></p>

<p><strong><span style=""font-size:16px"">CURRENT TREATMENT/MEDICATIONS:</span></strong></p>

<p><strong><span style=""font-size:16px"">PRESENCE OF COMPLICATION: </span></strong><span style=""font-size:16px"">YES/NO&nbsp;</span></p>

<p><strong><span style=""font-size:16px"">STATUS:</span></strong></p>
",79913,4110,15-Mar-23
